
bin/fasttext_sg/fasttext_sg_vector:     file format elf64-littleriscv


Disassembly of section .text:

0000000000010120 <exit>:
   10120:	1141                	addi	sp,sp,-16
   10122:	4581                	li	a1,0
   10124:	e022                	sd	s0,0(sp)
   10126:	e406                	sd	ra,8(sp)
   10128:	842a                	mv	s0,a0
   1012a:	216020ef          	jal	12340 <__call_exitprocs>
   1012e:	a481b783          	ld	a5,-1464(gp) # 1cd58 <__stdio_exit_handler>
   10132:	c391                	beqz	a5,10136 <exit+0x16>
   10134:	9782                	jalr	a5
   10136:	8522                	mv	a0,s0
   10138:	16e090ef          	jal	192a6 <_exit>

000000000001013c <main>:
   1013c:	714d                	addi	sp,sp,-336
   1013e:	e686                	sd	ra,328(sp)
   10140:	47a1                	li	a5,8
   10142:	64f51563          	bne	a0,a5,1078c <main+0x650>
   10146:	6588                	ld	a0,8(a1)
   10148:	e2a2                	sd	s0,320(sp)
   1014a:	fe26                	sd	s1,312(sp)
   1014c:	fa4a                	sd	s2,304(sp)
   1014e:	f64e                	sd	s3,296(sp)
   10150:	f252                	sd	s4,288(sp)
   10152:	89ae                	mv	s3,a1
   10154:	ee56                	sd	s5,280(sp)
   10156:	ea5a                	sd	s6,272(sp)
   10158:	575000ef          	jal	10ecc <atoi>
   1015c:	f42a                	sd	a0,40(sp)
   1015e:	8aaa                	mv	s5,a0
   10160:	0109b503          	ld	a0,16(s3)
   10164:	569000ef          	jal	10ecc <atoi>
   10168:	f82a                	sd	a0,48(sp)
   1016a:	8b2a                	mv	s6,a0
   1016c:	0189b503          	ld	a0,24(s3)
   10170:	55d000ef          	jal	10ecc <atoi>
   10174:	842a                	mv	s0,a0
   10176:	0209b503          	ld	a0,32(s3)
   1017a:	553000ef          	jal	10ecc <atoi>
   1017e:	892a                	mv	s2,a0
   10180:	0289b503          	ld	a0,40(s3)
   10184:	549000ef          	jal	10ecc <atoi>
   10188:	84aa                	mv	s1,a0
   1018a:	0309b503          	ld	a0,48(s3)
   1018e:	53f000ef          	jal	10ecc <atoi>
   10192:	8a2a                	mv	s4,a0
   10194:	0389b503          	ld	a0,56(s3)
   10198:	4601                	li	a2,0
   1019a:	4581                	li	a1,0
   1019c:	0bb010ef          	jal	11a56 <strtoull>
   101a0:	fd2a                	sd	a0,184(sp)
   101a2:	5a805e63          	blez	s0,1075e <main+0x622>
   101a6:	fff4079b          	addiw	a5,s0,-1
   101aa:	8fe1                	and	a5,a5,s0
   101ac:	2781                	sext.w	a5,a5
   101ae:	fc3e                	sd	a5,56(sp)
   101b0:	5a079763          	bnez	a5,1075e <main+0x622>
   101b4:	f5ee                	sd	s11,232(sp)
   101b6:	001a079b          	addiw	a5,s4,1
   101ba:	8dbe                	mv	s11,a5
   101bc:	5b54d063          	bge	s1,s5,1075c <main+0x620>
   101c0:	5967de63          	bge	a5,s6,1075c <main+0x620>
   101c4:	59205c63          	blez	s2,1075c <main+0x620>
   101c8:	58905a63          	blez	s1,1075c <main+0x620>
   101cc:	fffa079b          	addiw	a5,s4,-1
   101d0:	1fe00713          	li	a4,510
   101d4:	58f76463          	bltu	a4,a5,1075c <main+0x620>
   101d8:	ada2                	fsd	fs0,216(sp)
   101da:	a9a6                	fsd	fs1,208(sp)
   101dc:	a5ca                	fsd	fs2,200(sp)
   101de:	0000d797          	auipc	a5,0xd
   101e2:	b0a7a487          	flw	fs1,-1270(a5) # 1cce8 <mask+0x18>
   101e6:	0000d797          	auipc	a5,0xd
   101ea:	b0e7a907          	flw	fs2,-1266(a5) # 1ccf4 <mask+0x24>
   101ee:	0000d797          	auipc	a5,0xd
   101f2:	af27a407          	flw	fs0,-1294(a5) # 1cce0 <mask+0x10>
   101f6:	0000d997          	auipc	s3,0xd
   101fa:	bc298993          	addi	s3,s3,-1086 # 1cdb8 <sigmoid_table>
   101fe:	e65e                	sd	s7,264(sp)
   10200:	e262                	sd	s8,256(sp)
   10202:	fde6                	sd	s9,248(sp)
   10204:	f9ea                	sd	s10,240(sp)
   10206:	8bce                	mv	s7,s3
   10208:	4a81                	li	s5,0
   1020a:	20100b13          	li	s6,513
   1020e:	8c2a                	mv	s8,a0
   10210:	d00af7d3          	fcvt.s.w	fa5,s5
   10214:	2a85                	addiw	s5,s5,1
   10216:	0b91                	addi	s7,s7,4
   10218:	00f7f553          	fadd.s	fa0,fa5,fa5
   1021c:	10957553          	fmul.s	fa0,fa0,fs1
   10220:	11257553          	fmul.s	fa0,fa0,fs2
   10224:	08957553          	fsub.s	fa0,fa0,fs1
   10228:	20a51553          	fneg.s	fa0,fa0
   1022c:	28d000ef          	jal	10cb8 <expf>
   10230:	00857553          	fadd.s	fa0,fa0,fs0
   10234:	18a47553          	fdiv.s	fa0,fs0,fa0
   10238:	feabae27          	fsw	fa0,-4(s7)
   1023c:	fd6a9ae3          	bne	s5,s6,10210 <main+0xd4>
   10240:	77a2                	ld	a5,40(sp)
   10242:	ed62                	sd	s8,152(sp)
   10244:	002d9b93          	slli	s7,s11,0x2
   10248:	028782b3          	mul	t0,a5,s0
   1024c:	00229a93          	slli	s5,t0,0x2
   10250:	8556                	mv	a0,s5
   10252:	e916                	sd	t0,144(sp)
   10254:	e0d6                	sd	s5,64(sp)
   10256:	549000ef          	jal	10f9e <malloc>
   1025a:	77c2                	ld	a5,48(sp)
   1025c:	4585                	li	a1,1
   1025e:	ec2a                	sd	a0,24(sp)
   10260:	028787b3          	mul	a5,a5,s0
   10264:	8c2a                	mv	s8,a0
   10266:	00279b13          	slli	s6,a5,0x2
   1026a:	855a                	mv	a0,s6
   1026c:	e8be                	sd	a5,80(sp)
   1026e:	e4da                	sd	s6,72(sp)
   10270:	485000ef          	jal	10ef4 <calloc>
   10274:	f02a                	sd	a0,32(sp)
   10276:	8caa                	mv	s9,a0
   10278:	8556                	mv	a0,s5
   1027a:	525000ef          	jal	10f9e <malloc>
   1027e:	e52a                	sd	a0,136(sp)
   10280:	855a                	mv	a0,s6
   10282:	51d000ef          	jal	10f9e <malloc>
   10286:	e12a                	sd	a0,128(sp)
   10288:	02990533          	mul	a0,s2,s1
   1028c:	050a                	slli	a0,a0,0x2
   1028e:	511000ef          	jal	10f9e <malloc>
   10292:	ecaa                	sd	a0,88(sp)
   10294:	8b2a                	mv	s6,a0
   10296:	03b90533          	mul	a0,s2,s11
   1029a:	050a                	slli	a0,a0,0x2
   1029c:	503000ef          	jal	10f9e <malloc>
   102a0:	00241e93          	slli	t4,s0,0x2
   102a4:	f0aa                	sd	a0,96(sp)
   102a6:	8d2a                	mv	s10,a0
   102a8:	8576                	mv	a0,t4
   102aa:	f4f6                	sd	t4,104(sp)
   102ac:	4f3000ef          	jal	10f9e <malloc>
   102b0:	fcaa                	sd	a0,120(sp)
   102b2:	855e                	mv	a0,s7
   102b4:	4eb000ef          	jal	10f9e <malloc>
   102b8:	f8aa                	sd	a0,112(sp)
   102ba:	7526                	ld	a0,104(sp)
   102bc:	4e3000ef          	jal	10f9e <malloc>
   102c0:	83aa                	mv	t2,a0
   102c2:	500c0763          	beqz	s8,107d0 <main+0x694>
   102c6:	500c8563          	beqz	s9,107d0 <main+0x694>
   102ca:	67aa                	ld	a5,136(sp)
   102cc:	50078263          	beqz	a5,107d0 <main+0x694>
   102d0:	668a                	ld	a3,128(sp)
   102d2:	4e068f63          	beqz	a3,107d0 <main+0x694>
   102d6:	4e0b0d63          	beqz	s6,107d0 <main+0x694>
   102da:	4e0d0b63          	beqz	s10,107d0 <main+0x694>
   102de:	78e6                	ld	a7,120(sp)
   102e0:	7e46                	ld	t3,112(sp)
   102e2:	0018b713          	seqz	a4,a7
   102e6:	001e3613          	seqz	a2,t3
   102ea:	8f51                	or	a4,a4,a2
   102ec:	4e071263          	bnez	a4,107d0 <main+0x694>
   102f0:	4e050063          	beqz	a0,107d0 <main+0x694>
   102f4:	62ca                	ld	t0,144(sp)
   102f6:	7ea6                	ld	t4,104(sp)
   102f8:	636a                	ld	t1,152(sp)
   102fa:	0a028163          	beqz	t0,1039c <main+0x260>
   102fe:	9e378737          	lui	a4,0x9e378
   10302:	0000d817          	auipc	a6,0xd
   10306:	9f682687          	flw	fa3,-1546(a6) # 1ccf8 <mask+0x28>
   1030a:	9b970713          	addi	a4,a4,-1607 # ffffffff9e3779b9 <__BSS_END__+0xffffffff9e359ea9>
   1030e:	7f4a8637          	lui	a2,0x7f4a8
   10312:	1702                	slli	a4,a4,0x20
   10314:	c1560613          	addi	a2,a2,-1003 # 7f4a7c15 <__BSS_END__+0x7f48a105>
   10318:	00c70f33          	add	t5,a4,a2
   1031c:	94d05837          	lui	a6,0x94d05
   10320:	bf584637          	lui	a2,0xbf584
   10324:	9bb80813          	addi	a6,a6,-1605 # ffffffff94d049bb <__BSS_END__+0xffffffff94ce6eab>
   10328:	133115b7          	lui	a1,0x13311
   1032c:	76d60613          	addi	a2,a2,1901 # ffffffffbf58476d <__BSS_END__+0xffffffffbf566c5d>
   10330:	1ce4e737          	lui	a4,0x1ce4e
   10334:	d0047753          	fcvt.s.w	fa4,s0
   10338:	6c62                	ld	s8,24(sp)
   1033a:	1eb58593          	addi	a1,a1,491 # 133111eb <__BSS_END__+0x132f36db>
   1033e:	1802                	slli	a6,a6,0x20
   10340:	1602                	slli	a2,a2,0x20
   10342:	5b970713          	addi	a4,a4,1465 # 1ce4e5b9 <__BSS_END__+0x1ce30aa9>
   10346:	00b80b33          	add	s6,a6,a1
   1034a:	01e30533          	add	a0,t1,t5
   1034e:	00e60ab3          	add	s5,a2,a4
   10352:	4581                	li	a1,0
   10354:	ff800fb7          	lui	t6,0xff800
   10358:	01e55713          	srli	a4,a0,0x1e
   1035c:	8f29                	xor	a4,a4,a0
   1035e:	03570733          	mul	a4,a4,s5
   10362:	00259813          	slli	a6,a1,0x2
   10366:	9862                	add	a6,a6,s8
   10368:	0585                	addi	a1,a1,1
   1036a:	957a                	add	a0,a0,t5
   1036c:	01b75613          	srli	a2,a4,0x1b
   10370:	8e39                	xor	a2,a2,a4
   10372:	03660633          	mul	a2,a2,s6
   10376:	01f65713          	srli	a4,a2,0x1f
   1037a:	8f31                	xor	a4,a4,a2
   1037c:	9321                	srli	a4,a4,0x28
   1037e:	977e                	add	a4,a4,t6
   10380:	d02777d3          	fcvt.s.l	fa5,a4
   10384:	10d7f7d3          	fmul.s	fa5,fa5,fa3
   10388:	18e7f7d3          	fdiv.s	fa5,fa5,fa4
   1038c:	00f82027          	fsw	fa5,0(a6)
   10390:	fcb294e3          	bne	t0,a1,10358 <main+0x21c>
   10394:	03e28733          	mul	a4,t0,t5
   10398:	971a                	add	a4,a4,t1
   1039a:	fd3a                	sd	a4,184(sp)
   1039c:	6766                	ld	a4,88(sp)
   1039e:	7c06                	ld	s8,96(sp)
   103a0:	7d22                	ld	s10,40(sp)
   103a2:	00249b13          	slli	s6,s1,0x2
   103a6:	f422                	sd	s0,40(sp)
   103a8:	f4f6                	sd	t4,104(sp)
   103aa:	7442                	ld	s0,48(sp)
   103ac:	f8e2                	sd	s8,112(sp)
   103ae:	f852                	sd	s4,48(sp)
   103b0:	fcba                	sd	a4,120(sp)
   103b2:	e116                	sd	t0,128(sp)
   103b4:	4a01                	li	s4,0
   103b6:	8aba                	mv	s5,a4
   103b8:	e53e                	sd	a5,136(sp)
   103ba:	e936                	sd	a3,144(sp)
   103bc:	ed46                	sd	a7,152(sp)
   103be:	f172                	sd	t3,160(sp)
   103c0:	f51e                	sd	t2,168(sp)
   103c2:	85d6                	mv	a1,s5
   103c4:	86ea                	mv	a3,s10
   103c6:	8626                	mv	a2,s1
   103c8:	1928                	addi	a0,sp,184
   103ca:	4dc000ef          	jal	108a6 <draw_distinct>
   103ce:	85e2                	mv	a1,s8
   103d0:	86a2                	mv	a3,s0
   103d2:	866e                	mv	a2,s11
   103d4:	1928                	addi	a0,sp,184
   103d6:	2a05                	addiw	s4,s4,1
   103d8:	4ce000ef          	jal	108a6 <draw_distinct>
   103dc:	9ada                	add	s5,s5,s6
   103de:	9c5e                	add	s8,s8,s7
   103e0:	ff2a41e3          	blt	s4,s2,103c2 <main+0x286>
   103e4:	67aa                	ld	a5,136(sp)
   103e6:	7ea6                	ld	t4,104(sp)
   103e8:	7346                	ld	t1,112(sp)
   103ea:	7866                	ld	a6,120(sp)
   103ec:	628a                	ld	t0,128(sp)
   103ee:	7422                	ld	s0,40(sp)
   103f0:	7a42                	ld	s4,48(sp)
   103f2:	66ca                	ld	a3,144(sp)
   103f4:	68ea                	ld	a7,152(sp)
   103f6:	7e0a                	ld	t3,160(sp)
   103f8:	73aa                	ld	t2,168(sp)
   103fa:	6562                	ld	a0,24(sp)
   103fc:	6606                	ld	a2,64(sp)
   103fe:	85be                	mv	a1,a5
   10400:	0c067757          	vsetvli	a4,a2,e8,m1,ta,ma
   10404:	02050087          	vle8.v	v1,(a0)
   10408:	8e19                	sub	a2,a2,a4
   1040a:	953a                	add	a0,a0,a4
   1040c:	020580a7          	vse8.v	v1,(a1)
   10410:	95ba                	add	a1,a1,a4
   10412:	f67d                	bnez	a2,10400 <main+0x2c4>
   10414:	7502                	ld	a0,32(sp)
   10416:	6626                	ld	a2,72(sp)
   10418:	85b6                	mv	a1,a3
   1041a:	0c067757          	vsetvli	a4,a2,e8,m1,ta,ma
   1041e:	02050087          	vle8.v	v1,(a0)
   10422:	8e19                	sub	a2,a2,a4
   10424:	953a                	add	a0,a0,a4
   10426:	020580a7          	vse8.v	v1,(a1)
   1042a:	95ba                	add	a1,a1,a4
   1042c:	f67d                	bnez	a2,1041a <main+0x2de>
   1042e:	4581                	li	a1,0
   10430:	4501                	li	a0,0
   10432:	f876                	sd	t4,48(sp)
   10434:	f89a                	sd	t1,112(sp)
   10436:	f4c2                	sd	a6,104(sp)
   10438:	f416                	sd	t0,40(sp)
   1043a:	fcbe                	sd	a5,120(sp)
   1043c:	e136                	sd	a3,128(sp)
   1043e:	ed46                	sd	a7,152(sp)
   10440:	e972                	sd	t3,144(sp)
   10442:	e51e                	sd	t2,136(sp)
   10444:	201000ef          	jal	10e44 <m5_reset_stats>
   10448:	c0002773          	rdcycle	a4
   1044c:	a2e1b423          	sd	a4,-1496(gp) # 1cd38 <roi_start_cycles_>
   10450:	6666                	ld	a2,88(sp)
   10452:	7346                	ld	t1,112(sp)
   10454:	7826                	ld	a6,104(sp)
   10456:	72a2                	ld	t0,40(sp)
   10458:	6c6a                	ld	s8,152(sp)
   1045a:	6cca                	ld	s9,144(sp)
   1045c:	6d2a                	ld	s10,136(sp)
   1045e:	7a86                	ld	s5,96(sp)
   10460:	f422                	sd	s0,40(sp)
   10462:	f8d2                	sd	s4,112(sp)
   10464:	ec9a                	sd	t1,88(sp)
   10466:	f0c2                	sd	a6,96(sp)
   10468:	f496                	sd	t0,104(sp)
   1046a:	8432                	mv	s0,a2
   1046c:	4a01                	li	s4,0
   1046e:	7822                	ld	a6,40(sp)
   10470:	7582                	ld	a1,32(sp)
   10472:	6562                	ld	a0,24(sp)
   10474:	8756                	mv	a4,s5
   10476:	8622                	mv	a2,s0
   10478:	e46a                	sd	s10,8(sp)
   1047a:	e066                	sd	s9,0(sp)
   1047c:	88e2                	mv	a7,s8
   1047e:	87ee                	mv	a5,s11
   10480:	86a6                	mv	a3,s1
   10482:	2a05                	addiw	s4,s4,1
   10484:	534000ef          	jal	109b8 <step_rvv.constprop.0>
   10488:	945a                	add	s0,s0,s6
   1048a:	9ade                	add	s5,s5,s7
   1048c:	ff2a41e3          	blt	s4,s2,1046e <main+0x332>
   10490:	7ec2                	ld	t4,48(sp)
   10492:	6366                	ld	t1,88(sp)
   10494:	7806                	ld	a6,96(sp)
   10496:	72a6                	ld	t0,104(sp)
   10498:	77e6                	ld	a5,120(sp)
   1049a:	668a                	ld	a3,128(sp)
   1049c:	7422                	ld	s0,40(sp)
   1049e:	f176                	sd	t4,160(sp)
   104a0:	ed1a                	sd	t1,152(sp)
   104a2:	e942                	sd	a6,144(sp)
   104a4:	e516                	sd	t0,136(sp)
   104a6:	7a46                	ld	s4,112(sp)
   104a8:	f4be                	sd	a5,104(sp)
   104aa:	f0b6                	sd	a3,96(sp)
   104ac:	ece2                	sd	s8,88(sp)
   104ae:	f866                	sd	s9,48(sp)
   104b0:	f46a                	sd	s10,40(sp)
   104b2:	c0002af3          	rdcycle	s5
   104b6:	4581                	li	a1,0
   104b8:	4501                	li	a0,0
   104ba:	197000ef          	jal	10e50 <m5_dump_reset_stats>
   104be:	a281b583          	ld	a1,-1496(gp) # 1cd38 <roi_start_cycles_>
   104c2:	0000a517          	auipc	a0,0xa
   104c6:	2e650513          	addi	a0,a0,742 # 1a7a8 <__clzdi2+0x108>
   104ca:	40ba85b3          	sub	a1,s5,a1
   104ce:	271010ef          	jal	11f3e <printf>
   104d2:	d004f6d3          	fcvt.s.w	fa3,s1
   104d6:	0000d797          	auipc	a5,0xd
   104da:	80e7a507          	flw	fa0,-2034(a5) # 1cce4 <mask+0x14>
   104de:	0000c797          	auipc	a5,0xc
   104e2:	7fa7a007          	flw	ft0,2042(a5) # 1ccd8 <mask+0x8>
   104e6:	18d476d3          	fdiv.s	fa3,fs0,fa3
   104ea:	0000d797          	auipc	a5,0xd
   104ee:	8027a107          	flw	ft2,-2046(a5) # 1ccec <mask+0x1c>
   104f2:	0000c797          	auipc	a5,0xc
   104f6:	7fe7a087          	flw	ft1,2046(a5) # 1ccf0 <mask+0x20>
   104fa:	0000c797          	auipc	a5,0xc
   104fe:	7e27a187          	flw	ft3,2018(a5) # 1ccdc <mask+0xc>
   10502:	f0000253          	fmv.w.x	ft4,zero
   10506:	7e8a                	ld	t4,160(sp)
   10508:	636a                	ld	t1,152(sp)
   1050a:	684a                	ld	a6,144(sp)
   1050c:	62aa                	ld	t0,136(sp)
   1050e:	77a6                	ld	a5,104(sp)
   10510:	7686                	ld	a3,96(sp)
   10512:	68e6                	ld	a7,88(sp)
   10514:	7e42                	ld	t3,48(sp)
   10516:	73a2                	ld	t2,40(sp)
   10518:	002a1f13          	slli	t5,s4,0x2
   1051c:	0f11                	addi	t5,t5,4
   1051e:	4601                	li	a2,0
   10520:	8d46                	mv	s10,a7
   10522:	8ac6                	mv	s5,a7
   10524:	4f81                	li	t6,0
   10526:	f00007d3          	fmv.w.x	fa5,zero
   1052a:	8542                	mv	a0,a6
   1052c:	4581                	li	a1,0
   1052e:	4118                	lw	a4,0(a0)
   10530:	2585                	addiw	a1,a1,1
   10532:	0511                	addi	a0,a0,4
   10534:	02870733          	mul	a4,a4,s0
   10538:	977e                	add	a4,a4,t6
   1053a:	070a                	slli	a4,a4,0x2
   1053c:	973e                	add	a4,a4,a5
   1053e:	00072707          	flw	fa4,0(a4)
   10542:	00e7f7d3          	fadd.s	fa5,fa5,fa4
   10546:	fe95c4e3          	blt	a1,s1,1052e <main+0x3f2>
   1054a:	10f6f7d3          	fmul.s	fa5,fa3,fa5
   1054e:	0f85                	addi	t6,t6,1 # ffffffffff800001 <__BSS_END__+0xffffffffff7e24f1>
   10550:	000f871b          	sext.w	a4,t6
   10554:	0a91                	addi	s5,s5,4
   10556:	fefaae27          	fsw	fa5,-4(s5)
   1055a:	fc8746e3          	blt	a4,s0,10526 <main+0x3ea>
   1055e:	00032703          	lw	a4,0(t1)
   10562:	f0000753          	fmv.w.x	fa4,zero
   10566:	8546                	mv	a0,a7
   10568:	03d70733          	mul	a4,a4,t4
   1056c:	4581                	li	a1,0
   1056e:	9736                	add	a4,a4,a3
   10570:	00052787          	flw	fa5,0(a0)
   10574:	00072607          	flw	fa2,0(a4)
   10578:	2585                	addiw	a1,a1,1
   1057a:	0511                	addi	a0,a0,4
   1057c:	10c7f7d3          	fmul.s	fa5,fa5,fa2
   10580:	0711                	addi	a4,a4,4
   10582:	00f77753          	fadd.s	fa4,fa4,fa5
   10586:	fe85c5e3          	blt	a1,s0,10570 <main+0x434>
   1058a:	a0a71753          	flt.s	a4,fa4,fa0
   1058e:	200007d3          	fmv.s	fa5,ft0
   10592:	e715                	bnez	a4,105be <main+0x482>
   10594:	a0e49753          	flt.s	a4,fs1,fa4
   10598:	f00007d3          	fmv.w.x	fa5,zero
   1059c:	e30d                	bnez	a4,105be <main+0x482>
   1059e:	009777d3          	fadd.s	fa5,fa4,fs1
   105a2:	1027f7d3          	fmul.s	fa5,fa5,ft2
   105a6:	1017f7d3          	fmul.s	fa5,fa5,ft1
   105aa:	c0079753          	fcvt.w.s	a4,fa5,rtz
   105ae:	070a                	slli	a4,a4,0x2
   105b0:	974e                	add	a4,a4,s3
   105b2:	00072787          	flw	fa5,0(a4)
   105b6:	08f477d3          	fsub.s	fa5,fs0,fa5
   105ba:	1007f7d3          	fmul.s	fa5,fa5,ft0
   105be:	00fe2027          	fsw	fa5,0(t3)
   105c2:	00430c13          	addi	s8,t1,4
   105c6:	004e0a93          	addi	s5,t3,4
   105ca:	4f81                	li	t6,0
   105cc:	000c2703          	lw	a4,0(s8)
   105d0:	f0000753          	fmv.w.x	fa4,zero
   105d4:	8546                	mv	a0,a7
   105d6:	03d70733          	mul	a4,a4,t4
   105da:	4581                	li	a1,0
   105dc:	9736                	add	a4,a4,a3
   105de:	00072787          	flw	fa5,0(a4)
   105e2:	00052607          	flw	fa2,0(a0)
   105e6:	2585                	addiw	a1,a1,1
   105e8:	0711                	addi	a4,a4,4
   105ea:	10c7f7d3          	fmul.s	fa5,fa5,fa2
   105ee:	0511                	addi	a0,a0,4
   105f0:	00f77753          	fadd.s	fa4,fa4,fa5
   105f4:	fe85c5e3          	blt	a1,s0,105de <main+0x4a2>
   105f8:	a0a71753          	flt.s	a4,fa4,fa0
   105fc:	f00007d3          	fmv.w.x	fa5,zero
   10600:	e715                	bnez	a4,1062c <main+0x4f0>
   10602:	a0e49753          	flt.s	a4,fs1,fa4
   10606:	203187d3          	fmv.s	fa5,ft3
   1060a:	e30d                	bnez	a4,1062c <main+0x4f0>
   1060c:	009777d3          	fadd.s	fa5,fa4,fs1
   10610:	1027f7d3          	fmul.s	fa5,fa5,ft2
   10614:	1017f7d3          	fmul.s	fa5,fa5,ft1
   10618:	c0079753          	fcvt.w.s	a4,fa5,rtz
   1061c:	070a                	slli	a4,a4,0x2
   1061e:	974e                	add	a4,a4,s3
   10620:	00072787          	flw	fa5,0(a4)
   10624:	08f277d3          	fsub.s	fa5,ft4,fa5
   10628:	1007f7d3          	fmul.s	fa5,fa5,ft0
   1062c:	00faa027          	fsw	fa5,0(s5)
   10630:	2f85                	addiw	t6,t6,1
   10632:	0c11                	addi	s8,s8,4
   10634:	0a91                	addi	s5,s5,4
   10636:	f94fcbe3          	blt	t6,s4,105cc <main+0x490>
   1063a:	851e                	mv	a0,t2
   1063c:	006f0c33          	add	s8,t5,t1
   10640:	8c9e                	mv	s9,t2
   10642:	4a81                	li	s5,0
   10644:	000d2587          	flw	fa1,0(s10)
   10648:	f0000653          	fmv.w.x	fa2,zero
   1064c:	8ff2                	mv	t6,t3
   1064e:	859a                	mv	a1,t1
   10650:	4198                	lw	a4,0(a1)
   10652:	000fa287          	flw	ft5,0(t6)
   10656:	0591                	addi	a1,a1,4
   10658:	02870733          	mul	a4,a4,s0
   1065c:	10b2f753          	fmul.s	fa4,ft5,fa1
   10660:	0f91                	addi	t6,t6,4
   10662:	9756                	add	a4,a4,s5
   10664:	070a                	slli	a4,a4,0x2
   10666:	9736                	add	a4,a4,a3
   10668:	00072787          	flw	fa5,0(a4)
   1066c:	00f77753          	fadd.s	fa4,fa4,fa5
   10670:	1057f7d3          	fmul.s	fa5,fa5,ft5
   10674:	00e72027          	fsw	fa4,0(a4)
   10678:	00f67653          	fadd.s	fa2,fa2,fa5
   1067c:	fcbc1ae3          	bne	s8,a1,10650 <main+0x514>
   10680:	0a85                	addi	s5,s5,1
   10682:	00cca027          	fsw	fa2,0(s9)
   10686:	000a871b          	sext.w	a4,s5
   1068a:	0c91                	addi	s9,s9,4
   1068c:	0d11                	addi	s10,s10,4
   1068e:	fa874be3          	blt	a4,s0,10644 <main+0x508>
   10692:	4a81                	li	s5,0
   10694:	00052707          	flw	fa4,0(a0)
   10698:	8fc2                	mv	t6,a6
   1069a:	4581                	li	a1,0
   1069c:	10e6f753          	fmul.s	fa4,fa3,fa4
   106a0:	000fa703          	lw	a4,0(t6)
   106a4:	2585                	addiw	a1,a1,1
   106a6:	0f91                	addi	t6,t6,4
   106a8:	02870733          	mul	a4,a4,s0
   106ac:	9756                	add	a4,a4,s5
   106ae:	070a                	slli	a4,a4,0x2
   106b0:	973e                	add	a4,a4,a5
   106b2:	00072787          	flw	fa5,0(a4)
   106b6:	00e7f7d3          	fadd.s	fa5,fa5,fa4
   106ba:	00f72027          	fsw	fa5,0(a4)
   106be:	fe95c1e3          	blt	a1,s1,106a0 <main+0x564>
   106c2:	0a85                	addi	s5,s5,1
   106c4:	000a871b          	sext.w	a4,s5
   106c8:	0511                	addi	a0,a0,4
   106ca:	fc8745e3          	blt	a4,s0,10694 <main+0x558>
   106ce:	2605                	addiw	a2,a2,1
   106d0:	985a                	add	a6,a6,s6
   106d2:	935e                	add	t1,t1,s7
   106d4:	e52646e3          	blt	a2,s2,10520 <main+0x3e4>
   106d8:	6962                	ld	s2,24(sp)
   106da:	6606                	ld	a2,64(sp)
   106dc:	85be                	mv	a1,a5
   106de:	854a                	mv	a0,s2
   106e0:	f816                	sd	t0,48(sp)
   106e2:	f436                	sd	a3,40(sp)
   106e4:	15d010ef          	jal	12040 <memcmp>
   106e8:	72c2                	ld	t0,48(sp)
   106ea:	ed55                	bnez	a0,107a6 <main+0x66a>
   106ec:	7482                	ld	s1,32(sp)
   106ee:	6626                	ld	a2,72(sp)
   106f0:	75a2                	ld	a1,40(sp)
   106f2:	8526                	mv	a0,s1
   106f4:	ec16                	sd	t0,24(sp)
   106f6:	14b010ef          	jal	12040 <memcmp>
   106fa:	6662                	ld	a2,24(sp)
   106fc:	842a                	mv	s0,a0
   106fe:	85ca                	mv	a1,s2
   10700:	0000a517          	auipc	a0,0xa
   10704:	0c050513          	addi	a0,a0,192 # 1a7c0 <__clzdi2+0x120>
   10708:	27c000ef          	jal	10984 <print_checksum>
   1070c:	6646                	ld	a2,80(sp)
   1070e:	85a6                	mv	a1,s1
   10710:	0000a517          	auipc	a0,0xa
   10714:	0c050513          	addi	a0,a0,192 # 1a7d0 <__clzdi2+0x130>
   10718:	26c000ef          	jal	10984 <print_checksum>
   1071c:	e44d                	bnez	s0,107c6 <main+0x68a>
   1071e:	4785                	li	a5,1
   10720:	fc3e                	sd	a5,56(sp)
   10722:	0000a597          	auipc	a1,0xa
   10726:	fce58593          	addi	a1,a1,-50 # 1a6f0 <__clzdi2+0x50>
   1072a:	0000a517          	auipc	a0,0xa
   1072e:	0b650513          	addi	a0,a0,182 # 1a7e0 <__clzdi2+0x140>
   10732:	00d010ef          	jal	11f3e <printf>
   10736:	77e2                	ld	a5,56(sp)
   10738:	6416                	ld	s0,320(sp)
   1073a:	74f2                	ld	s1,312(sp)
   1073c:	7952                	ld	s2,304(sp)
   1073e:	79b2                	ld	s3,296(sp)
   10740:	7a12                	ld	s4,288(sp)
   10742:	6af2                	ld	s5,280(sp)
   10744:	6b52                	ld	s6,272(sp)
   10746:	6bb2                	ld	s7,264(sp)
   10748:	6c12                	ld	s8,256(sp)
   1074a:	7cee                	ld	s9,248(sp)
   1074c:	7d4e                	ld	s10,240(sp)
   1074e:	7dae                	ld	s11,232(sp)
   10750:	246e                	fld	fs0,216(sp)
   10752:	24ce                	fld	fs1,208(sp)
   10754:	292e                	fld	fs2,200(sp)
   10756:	0017c513          	xori	a0,a5,1
   1075a:	a035                	j	10786 <main+0x64a>
   1075c:	7dae                	ld	s11,232(sp)
   1075e:	a201b783          	ld	a5,-1504(gp) # 1cd30 <_impure_ptr>
   10762:	04700613          	li	a2,71
   10766:	4585                	li	a1,1
   10768:	6f94                	ld	a3,24(a5)
   1076a:	0000a517          	auipc	a0,0xa
   1076e:	fee50513          	addi	a0,a0,-18 # 1a758 <__clzdi2+0xb8>
   10772:	708010ef          	jal	11e7a <fwrite>
   10776:	6416                	ld	s0,320(sp)
   10778:	74f2                	ld	s1,312(sp)
   1077a:	7952                	ld	s2,304(sp)
   1077c:	79b2                	ld	s3,296(sp)
   1077e:	7a12                	ld	s4,288(sp)
   10780:	6af2                	ld	s5,280(sp)
   10782:	6b52                	ld	s6,272(sp)
   10784:	4509                	li	a0,2
   10786:	60b6                	ld	ra,328(sp)
   10788:	6171                	addi	sp,sp,336
   1078a:	8082                	ret
   1078c:	a201b783          	ld	a5,-1504(gp) # 1cd30 <_impure_ptr>
   10790:	05400613          	li	a2,84
   10794:	4585                	li	a1,1
   10796:	6f94                	ld	a3,24(a5)
   10798:	0000a517          	auipc	a0,0xa
   1079c:	f6850513          	addi	a0,a0,-152 # 1a700 <__clzdi2+0x60>
   107a0:	6da010ef          	jal	11e7a <fwrite>
   107a4:	b7c5                	j	10784 <main+0x648>
   107a6:	65e2                	ld	a1,24(sp)
   107a8:	8616                	mv	a2,t0
   107aa:	0000a517          	auipc	a0,0xa
   107ae:	01650513          	addi	a0,a0,22 # 1a7c0 <__clzdi2+0x120>
   107b2:	1d2000ef          	jal	10984 <print_checksum>
   107b6:	6646                	ld	a2,80(sp)
   107b8:	7582                	ld	a1,32(sp)
   107ba:	0000a517          	auipc	a0,0xa
   107be:	01650513          	addi	a0,a0,22 # 1a7d0 <__clzdi2+0x130>
   107c2:	1c2000ef          	jal	10984 <print_checksum>
   107c6:	0000a597          	auipc	a1,0xa
   107ca:	f3258593          	addi	a1,a1,-206 # 1a6f8 <__clzdi2+0x58>
   107ce:	bfb1                	j	1072a <main+0x5ee>
   107d0:	a201b783          	ld	a5,-1504(gp) # 1cd30 <_impure_ptr>
   107d4:	4611                	li	a2,4
   107d6:	4585                	li	a1,1
   107d8:	6f94                	ld	a3,24(a5)
   107da:	0000a517          	auipc	a0,0xa
   107de:	fc650513          	addi	a0,a0,-58 # 1a7a0 <__clzdi2+0x100>
   107e2:	698010ef          	jal	11e7a <fwrite>
   107e6:	6416                	ld	s0,320(sp)
   107e8:	74f2                	ld	s1,312(sp)
   107ea:	7952                	ld	s2,304(sp)
   107ec:	79b2                	ld	s3,296(sp)
   107ee:	7a12                	ld	s4,288(sp)
   107f0:	6af2                	ld	s5,280(sp)
   107f2:	6b52                	ld	s6,272(sp)
   107f4:	6bb2                	ld	s7,264(sp)
   107f6:	6c12                	ld	s8,256(sp)
   107f8:	7cee                	ld	s9,248(sp)
   107fa:	7d4e                	ld	s10,240(sp)
   107fc:	7dae                	ld	s11,232(sp)
   107fe:	246e                	fld	fs0,216(sp)
   10800:	24ce                	fld	fs1,208(sp)
   10802:	292e                	fld	fs2,200(sp)
   10804:	b741                	j	10784 <main+0x648>

0000000000010806 <register_fini>:
   10806:	00000793          	li	a5,0
   1080a:	c791                	beqz	a5,10816 <register_fini+0x10>
   1080c:	6555                	lui	a0,0x15
   1080e:	12a50513          	addi	a0,a0,298 # 1512a <__libc_fini_array>
   10812:	4010106f          	j	12412 <atexit>
   10816:	8082                	ret

0000000000010818 <_start>:
   10818:	0000d197          	auipc	gp,0xd
   1081c:	af818193          	addi	gp,gp,-1288 # 1d310 <__global_pointer$>
   10820:	0000c517          	auipc	a0,0xc
   10824:	51850513          	addi	a0,a0,1304 # 1cd38 <roi_start_cycles_>
   10828:	0000d617          	auipc	a2,0xd
   1082c:	2e860613          	addi	a2,a2,744 # 1db10 <__BSS_END__>
   10830:	8e09                	sub	a2,a2,a0
   10832:	4581                	li	a1,0
   10834:	263010ef          	jal	12296 <memset>
   10838:	00002517          	auipc	a0,0x2
   1083c:	bda50513          	addi	a0,a0,-1062 # 12412 <atexit>
   10840:	c519                	beqz	a0,1084e <_start+0x36>
   10842:	00005517          	auipc	a0,0x5
   10846:	8e850513          	addi	a0,a0,-1816 # 1512a <__libc_fini_array>
   1084a:	3c9010ef          	jal	12412 <atexit>
   1084e:	1e7010ef          	jal	12234 <__libc_init_array>
   10852:	4502                	lw	a0,0(sp)
   10854:	002c                	addi	a1,sp,8
   10856:	4601                	li	a2,0
   10858:	8e5ff0ef          	jal	1013c <main>
   1085c:	b0d1                	j	10120 <exit>

000000000001085e <__do_global_dtors_aux>:
   1085e:	1141                	addi	sp,sp,-16
   10860:	e022                	sd	s0,0(sp)
   10862:	a701c783          	lbu	a5,-1424(gp) # 1cd80 <completed.1>
   10866:	e406                	sd	ra,8(sp)
   10868:	ef91                	bnez	a5,10884 <__do_global_dtors_aux+0x26>
   1086a:	00000793          	li	a5,0
   1086e:	cb81                	beqz	a5,1087e <__do_global_dtors_aux+0x20>
   10870:	656d                	lui	a0,0x1b
   10872:	12050513          	addi	a0,a0,288 # 1b120 <__EH_FRAME_BEGIN__>
   10876:	00000097          	auipc	ra,0x0
   1087a:	000000e7          	jalr	zero # 0 <exit-0x10120>
   1087e:	4785                	li	a5,1
   10880:	a6f18823          	sb	a5,-1424(gp) # 1cd80 <completed.1>
   10884:	60a2                	ld	ra,8(sp)
   10886:	6402                	ld	s0,0(sp)
   10888:	0141                	addi	sp,sp,16
   1088a:	8082                	ret

000000000001088c <frame_dummy>:
   1088c:	00000793          	li	a5,0
   10890:	cb91                	beqz	a5,108a4 <frame_dummy+0x18>
   10892:	656d                	lui	a0,0x1b
   10894:	a7818593          	addi	a1,gp,-1416 # 1cd88 <object.0>
   10898:	12050513          	addi	a0,a0,288 # 1b120 <__EH_FRAME_BEGIN__>
   1089c:	00000317          	auipc	t1,0x0
   108a0:	00000067          	jr	zero # 0 <exit-0x10120>
   108a4:	8082                	ret

00000000000108a6 <draw_distinct>:
   108a6:	8eae                	mv	t4,a1
   108a8:	0cc05d63          	blez	a2,10982 <draw_distinct+0xdc>
   108ac:	9e378e37          	lui	t3,0x9e378
   108b0:	00053883          	ld	a7,0(a0)
   108b4:	9b9e0e13          	addi	t3,t3,-1607 # ffffffff9e3779b9 <__BSS_END__+0xffffffff9e359ea9>
   108b8:	7f4a87b7          	lui	a5,0x7f4a8
   108bc:	c1578793          	addi	a5,a5,-1003 # 7f4a7c15 <__BSS_END__+0x7f48a105>
   108c0:	1e02                	slli	t3,t3,0x20
   108c2:	9e3e                	add	t3,t3,a5
   108c4:	bf584f37          	lui	t5,0xbf584
   108c8:	98f2                	add	a7,a7,t3
   108ca:	76df0f13          	addi	t5,t5,1901 # ffffffffbf58476d <__BSS_END__+0xffffffffbf566c5d>
   108ce:	1ce4e7b7          	lui	a5,0x1ce4e
   108d2:	5b978793          	addi	a5,a5,1465 # 1ce4e5b9 <__BSS_END__+0x1ce30aa9>
   108d6:	01e8d713          	srli	a4,a7,0x1e
   108da:	1f02                	slli	t5,t5,0x20
   108dc:	9f3e                	add	t5,t5,a5
   108de:	01174733          	xor	a4,a4,a7
   108e2:	03e70733          	mul	a4,a4,t5
   108e6:	94d05337          	lui	t1,0x94d05
   108ea:	9bb30313          	addi	t1,t1,-1605 # ffffffff94d049bb <__BSS_END__+0xffffffff94ce6eab>
   108ee:	133117b7          	lui	a5,0x13311
   108f2:	1eb78793          	addi	a5,a5,491 # 133111eb <__BSS_END__+0x132f36db>
   108f6:	1302                	slli	t1,t1,0x20
   108f8:	933e                	add	t1,t1,a5
   108fa:	02069f93          	slli	t6,a3,0x20
   108fe:	020fdf93          	srli	t6,t6,0x20
   10902:	4805                	li	a6,1
   10904:	01b75793          	srli	a5,a4,0x1b
   10908:	8fb9                	xor	a5,a5,a4
   1090a:	026787b3          	mul	a5,a5,t1
   1090e:	01f7d593          	srli	a1,a5,0x1f
   10912:	8dbd                	xor	a1,a1,a5
   10914:	03f5f5b3          	remu	a1,a1,t6
   10918:	2581                	sext.w	a1,a1
   1091a:	00bea023          	sw	a1,0(t4)
   1091e:	05060e63          	beq	a2,a6,1097a <draw_distinct+0xd4>
   10922:	004e8393          	addi	t2,t4,4
   10926:	829e                	mv	t0,t2
   10928:	98f2                	add	a7,a7,t3
   1092a:	01e8d593          	srli	a1,a7,0x1e
   1092e:	0115c5b3          	xor	a1,a1,a7
   10932:	03e585b3          	mul	a1,a1,t5
   10936:	87f6                	mv	a5,t4
   10938:	4701                	li	a4,0
   1093a:	01b5d693          	srli	a3,a1,0x1b
   1093e:	8ead                	xor	a3,a3,a1
   10940:	026686b3          	mul	a3,a3,t1
   10944:	01f6d593          	srli	a1,a3,0x1f
   10948:	8db5                	xor	a1,a1,a3
   1094a:	03f5f5b3          	remu	a1,a1,t6
   1094e:	2581                	sext.w	a1,a1
   10950:	4394                	lw	a3,0(a5)
   10952:	2705                	addiw	a4,a4,1
   10954:	0791                	addi	a5,a5,4
   10956:	fcb689e3          	beq	a3,a1,10928 <draw_distinct+0x82>
   1095a:	ff074be3          	blt	a4,a6,10950 <draw_distinct+0xaa>
   1095e:	00b2a023          	sw	a1,0(t0)
   10962:	2805                	addiw	a6,a6,1
   10964:	0291                	addi	t0,t0,4
   10966:	fcc841e3          	blt	a6,a2,10928 <draw_distinct+0x82>
   1096a:	ffe6079b          	addiw	a5,a2,-2
   1096e:	02079713          	slli	a4,a5,0x20
   10972:	01e75793          	srli	a5,a4,0x1e
   10976:	00f38eb3          	add	t4,t2,a5
   1097a:	01153023          	sd	a7,0(a0)
   1097e:	00bea023          	sw	a1,0(t4)
   10982:	8082                	ret

0000000000010984 <print_checksum>:
   10984:	f2000753          	fmv.d.x	fa4,zero
   10988:	00c05d63          	blez	a2,109a2 <print_checksum+0x1e>
   1098c:	060a                	slli	a2,a2,0x2
   1098e:	962e                	add	a2,a2,a1
   10990:	0005a787          	flw	fa5,0(a1)
   10994:	0591                	addi	a1,a1,4
   10996:	420787d3          	fcvt.d.s	fa5,fa5
   1099a:	02f77753          	fadd.d	fa4,fa4,fa5
   1099e:	feb619e3          	bne	a2,a1,10990 <print_checksum+0xc>
   109a2:	e20706d3          	fmv.x.d	a3,fa4
   109a6:	e2070653          	fmv.x.d	a2,fa4
   109aa:	85aa                	mv	a1,a0
   109ac:	0000a517          	auipc	a0,0xa
   109b0:	d2450513          	addi	a0,a0,-732 # 1a6d0 <__clzdi2+0x30>
   109b4:	58a0106f          	j	11f3e <printf>

00000000000109b8 <step_rvv.constprop.0>:
   109b8:	7159                	addi	sp,sp,-112
   109ba:	f0a2                	sd	s0,96(sp)
   109bc:	eca6                	sd	s1,88(sp)
   109be:	e8ca                	sd	s2,80(sp)
   109c0:	f486                	sd	ra,104(sp)
   109c2:	81010113          	addi	sp,sp,-2032
   109c6:	e83e                	sd	a5,16(sp)
   109c8:	7ff10793          	addi	a5,sp,2047
   109cc:	06178793          	addi	a5,a5,97
   109d0:	842a                	mv	s0,a0
   109d2:	0007b903          	ld	s2,0(a5)
   109d6:	02081513          	slli	a0,a6,0x20
   109da:	7ff10793          	addi	a5,sp,2047
   109de:	06978793          	addi	a5,a5,105
   109e2:	9101                	srli	a0,a0,0x20
   109e4:	6384                	ld	s1,0(a5)
   109e6:	fc42                	sd	a6,56(sp)
   109e8:	f82e                	sd	a1,48(sp)
   109ea:	f432                	sd	a2,40(sp)
   109ec:	f036                	sd	a3,32(sp)
   109ee:	ec3a                	sd	a4,24(sp)
   109f0:	e446                	sd	a7,8(sp)
   109f2:	4ac000ef          	jal	10e9e <__ctzdi2>
   109f6:	7682                	ld	a3,32(sp)
   109f8:	0000c797          	auipc	a5,0xc
   109fc:	2e87a587          	flw	fa1,744(a5) # 1cce0 <mask+0x10>
   10a00:	7862                	ld	a6,56(sp)
   10a02:	d006f753          	fcvt.s.w	fa4,a3
   10a06:	68a2                	ld	a7,8(sp)
   10a08:	cd00f057          	vsetivli	zero,1,e32,m1,ta,ma
   10a0c:	18e5f753          	fdiv.s	fa4,fa1,fa4
   10a10:	75c2                	ld	a1,48(sp)
   10a12:	7622                	ld	a2,40(sp)
   10a14:	6762                	ld	a4,24(sp)
   10a16:	67c2                	ld	a5,16(sp)
   10a18:	00281e93          	slli	t4,a6,0x2
   10a1c:	420062d7          	vmv.s.x	v5,zero
   10a20:	00250e1b          	addiw	t3,a0,2
   10a24:	01d882b3          	add	t0,a7,t4
   10a28:	8f22                	mv	t5,s0
   10a2a:	8fc6                	mv	t6,a7
   10a2c:	9e503157          	vmv1r.v	v2,v5
   10a30:	4801                	li	a6,0
   10a32:	4106853b          	subw	a0,a3,a6
   10a36:	00281313          	slli	t1,a6,0x2
   10a3a:	0d057557          	vsetvli	a0,a0,e32,m1,ta,ma
   10a3e:	9332                	add	t1,t1,a2
   10a40:	02036087          	vle32.v	v1,(t1)
   10a44:	0105083b          	addw	a6,a0,a6
   10a48:	961e40d7          	vsll.vx	v1,v1,t3
   10a4c:	061f6087          	vluxei32.v	v1,(t5),v1
   10a50:	0e111157          	vfredosum.vs	v2,v1,v2
   10a54:	fcd84fe3          	blt	a6,a3,10a32 <step_rvv.constprop.0+0x7a>
   10a58:	422017d7          	vfmv.f.s	fa5,v2
   10a5c:	0f91                	addi	t6,t6,4
   10a5e:	10f777d3          	fmul.s	fa5,fa4,fa5
   10a62:	0f11                	addi	t5,t5,4
   10a64:	feffae27          	fsw	fa5,-4(t6)
   10a68:	fc5f92e3          	bne	t6,t0,10a2c <step_rvv.constprop.0+0x74>
   10a6c:	01d58f33          	add	t5,a1,t4
   10a70:	4281                	li	t0,0
   10a72:	04010393          	addi	t2,sp,64
   10a76:	1af05163          	blez	a5,10c18 <step_rvv.constprop.0+0x260>
   10a7a:	4057853b          	subw	a0,a5,t0
   10a7e:	00229f93          	slli	t6,t0,0x2
   10a82:	0d057557          	vsetvli	a0,a0,e32,m1,ta,ma
   10a86:	01f70833          	add	a6,a4,t6
   10a8a:	02086187          	vle32.v	v3,(a6)
   10a8e:	5e003157          	vmv.v.i	v2,0
   10a92:	8346                	mv	t1,a7
   10a94:	882e                	mv	a6,a1
   10a96:	963e41d7          	vsll.vx	v3,v3,t3
   10a9a:	06386087          	vluxei32.v	v1,(a6),v3
   10a9e:	00032787          	flw	fa5,0(t1)
   10aa2:	0811                	addi	a6,a6,4
   10aa4:	0311                	addi	t1,t1,4
   10aa6:	9217d0d7          	vfmul.vf	v1,v1,fa5
   10aaa:	02209157          	vfadd.vv	v2,v2,v1
   10aae:	ffe816e3          	bne	a6,t5,10a9a <step_rvv.constprop.0+0xe2>
   10ab2:	01f38833          	add	a6,t2,t6
   10ab6:	02086127          	vse32.v	v2,(a6)
   10aba:	005502bb          	addw	t0,a0,t0
   10abe:	faf2cee3          	blt	t0,a5,10a7a <step_rvv.constprop.0+0xc2>
   10ac2:	04012787          	flw	fa5,64(sp)
   10ac6:	0000c517          	auipc	a0,0xc
   10aca:	21e52607          	flw	fa2,542(a0) # 1cce4 <mask+0x14>
   10ace:	a0c79553          	flt.s	a0,fa5,fa2
   10ad2:	1c051e63          	bnez	a0,10cae <step_rvv.constprop.0+0x2f6>
   10ad6:	0000c517          	auipc	a0,0xc
   10ada:	21252507          	flw	fa0,530(a0) # 1cce8 <mask+0x18>
   10ade:	f00006d3          	fmv.w.x	fa3,zero
   10ae2:	a0f51553          	flt.s	a0,fa0,fa5
   10ae6:	e129                	bnez	a0,10b28 <step_rvv.constprop.0+0x170>
   10ae8:	00a7f7d3          	fadd.s	fa5,fa5,fa0
   10aec:	0000c517          	auipc	a0,0xc
   10af0:	20052007          	flw	ft0,512(a0) # 1ccec <mask+0x1c>
   10af4:	0000c517          	auipc	a0,0xc
   10af8:	1fc52507          	flw	fa0,508(a0) # 1ccf0 <mask+0x20>
   10afc:	0000c817          	auipc	a6,0xc
   10b00:	1dc82687          	flw	fa3,476(a6) # 1ccd8 <mask+0x8>
   10b04:	0000c517          	auipc	a0,0xc
   10b08:	2b450513          	addi	a0,a0,692 # 1cdb8 <sigmoid_table>
   10b0c:	1007f7d3          	fmul.s	fa5,fa5,ft0
   10b10:	10a7f7d3          	fmul.s	fa5,fa5,fa0
   10b14:	c0079853          	fcvt.w.s	a6,fa5,rtz
   10b18:	080a                	slli	a6,a6,0x2
   10b1a:	9542                	add	a0,a0,a6
   10b1c:	00052787          	flw	fa5,0(a0)
   10b20:	08f5f5d3          	fsub.s	fa1,fa1,fa5
   10b24:	10d5f6d3          	fmul.s	fa3,fa1,fa3
   10b28:	00d92027          	fsw	fa3,0(s2)
   10b2c:	4505                	li	a0,1
   10b2e:	08a78563          	beq	a5,a0,10bb8 <step_rvv.constprop.0+0x200>
   10b32:	0000c817          	auipc	a6,0xc
   10b36:	1b682587          	flw	fa1,438(a6) # 1cce8 <mask+0x18>
   10b3a:	0000c817          	auipc	a6,0xc
   10b3e:	1a282507          	flw	fa0,418(a6) # 1ccdc <mask+0xc>
   10b42:	0000c817          	auipc	a6,0xc
   10b46:	1aa82107          	flw	ft2,426(a6) # 1ccec <mask+0x1c>
   10b4a:	0000c817          	auipc	a6,0xc
   10b4e:	1a682087          	flw	ft1,422(a6) # 1ccf0 <mask+0x20>
   10b52:	0000c817          	auipc	a6,0xc
   10b56:	18682007          	flw	ft0,390(a6) # 1ccd8 <mask+0x8>
   10b5a:	f00001d3          	fmv.w.x	ft3,zero
   10b5e:	04410313          	addi	t1,sp,68
   10b62:	00490813          	addi	a6,s2,4
   10b66:	0000c297          	auipc	t0,0xc
   10b6a:	25228293          	addi	t0,t0,594 # 1cdb8 <sigmoid_table>
   10b6e:	00032787          	flw	fa5,0(t1)
   10b72:	f00006d3          	fmv.w.x	fa3,zero
   10b76:	2505                	addiw	a0,a0,1
   10b78:	a0c79fd3          	flt.s	t6,fa5,fa2
   10b7c:	020f9863          	bnez	t6,10bac <step_rvv.constprop.0+0x1f4>
   10b80:	a0f59fd3          	flt.s	t6,fa1,fa5
   10b84:	20a506d3          	fmv.s	fa3,fa0
   10b88:	020f9263          	bnez	t6,10bac <step_rvv.constprop.0+0x1f4>
   10b8c:	00b7f7d3          	fadd.s	fa5,fa5,fa1
   10b90:	1027f7d3          	fmul.s	fa5,fa5,ft2
   10b94:	1017f7d3          	fmul.s	fa5,fa5,ft1
   10b98:	c0079fd3          	fcvt.w.s	t6,fa5,rtz
   10b9c:	0f8a                	slli	t6,t6,0x2
   10b9e:	9f96                	add	t6,t6,t0
   10ba0:	000fa687          	flw	fa3,0(t6)
   10ba4:	08d1f6d3          	fsub.s	fa3,ft3,fa3
   10ba8:	1006f6d3          	fmul.s	fa3,fa3,ft0
   10bac:	00d82027          	fsw	fa3,0(a6)
   10bb0:	0311                	addi	t1,t1,4
   10bb2:	0811                	addi	a6,a6,4
   10bb4:	faf54de3          	blt	a0,a5,10b6e <step_rvv.constprop.0+0x1b6>
   10bb8:	4281                	li	t0,0
   10bba:	00229813          	slli	a6,t0,0x2
   10bbe:	4057853b          	subw	a0,a5,t0
   10bc2:	0d057557          	vsetvli	a0,a0,e32,m1,ta,ma
   10bc6:	01070333          	add	t1,a4,a6
   10bca:	02036107          	vle32.v	v2,(t1)
   10bce:	984a                	add	a6,a6,s2
   10bd0:	02086187          	vle32.v	v3,(a6)
   10bd4:	962e4157          	vsll.vx	v2,v2,t3
   10bd8:	08029863          	bnez	t0,10c68 <step_rvv.constprop.0+0x2b0>
   10bdc:	8fa6                	mv	t6,s1
   10bde:	8346                	mv	t1,a7
   10be0:	882e                	mv	a6,a1
   10be2:	06286087          	vluxei32.v	v1,(a6),v2
   10be6:	0f91                	addi	t6,t6,4
   10be8:	0311                	addi	t1,t1,4
   10bea:	92309257          	vfmul.vv	v4,v3,v1
   10bee:	0e429257          	vfredosum.vs	v4,v4,v5
   10bf2:	424017d7          	vfmv.f.s	fa5,v4
   10bf6:	feffae27          	fsw	fa5,-4(t6)
   10bfa:	ffc32787          	flw	fa5,-4(t1)
   10bfe:	9237d257          	vfmul.vf	v4,v3,fa5
   10c02:	021210d7          	vfadd.vv	v1,v1,v4
   10c06:	062860a7          	vsuxei32.v	v1,(a6),v2
   10c0a:	0811                	addi	a6,a6,4
   10c0c:	fd0f1be3          	bne	t5,a6,10be2 <step_rvv.constprop.0+0x22a>
   10c10:	005502bb          	addw	t0,a0,t0
   10c14:	faf2c3e3          	blt	t0,a5,10bba <step_rvv.constprop.0+0x202>
   10c18:	9ea2                	add	t4,t4,s0
   10c1a:	4501                	li	a0,0
   10c1c:	40a6873b          	subw	a4,a3,a0
   10c20:	00251793          	slli	a5,a0,0x2
   10c24:	0d077757          	vsetvli	a4,a4,e32,m1,ta,ma
   10c28:	97b2                	add	a5,a5,a2
   10c2a:	0207e107          	vle32.v	v2,(a5)
   10c2e:	85a6                	mv	a1,s1
   10c30:	87a2                	mv	a5,s0
   10c32:	962e4157          	vsll.vx	v2,v2,t3
   10c36:	0005a787          	flw	fa5,0(a1)
   10c3a:	0627e087          	vluxei32.v	v1,(a5),v2
   10c3e:	0591                	addi	a1,a1,4
   10c40:	10f777d3          	fmul.s	fa5,fa4,fa5
   10c44:	0217d0d7          	vfadd.vf	v1,v1,fa5
   10c48:	0627e0a7          	vsuxei32.v	v1,(a5),v2
   10c4c:	0791                	addi	a5,a5,4
   10c4e:	fefe94e3          	bne	t4,a5,10c36 <step_rvv.constprop.0+0x27e>
   10c52:	9d39                	addw	a0,a0,a4
   10c54:	fcd544e3          	blt	a0,a3,10c1c <step_rvv.constprop.0+0x264>
   10c58:	7f010113          	addi	sp,sp,2032
   10c5c:	70a6                	ld	ra,104(sp)
   10c5e:	7406                	ld	s0,96(sp)
   10c60:	64e6                	ld	s1,88(sp)
   10c62:	6946                	ld	s2,80(sp)
   10c64:	6165                	addi	sp,sp,112
   10c66:	8082                	ret
   10c68:	8326                	mv	t1,s1
   10c6a:	8fc6                	mv	t6,a7
   10c6c:	882e                	mv	a6,a1
   10c6e:	06286087          	vluxei32.v	v1,(a6),v2
   10c72:	00032787          	flw	fa5,0(t1)
   10c76:	0f91                	addi	t6,t6,4
   10c78:	0311                	addi	t1,t1,4
   10c7a:	92309257          	vfmul.vv	v4,v3,v1
   10c7e:	0e429257          	vfredosum.vs	v4,v4,v5
   10c82:	424016d7          	vfmv.f.s	fa3,v4
   10c86:	00d7f7d3          	fadd.s	fa5,fa5,fa3
   10c8a:	fef32e27          	fsw	fa5,-4(t1)
   10c8e:	ffcfa787          	flw	fa5,-4(t6)
   10c92:	9237d257          	vfmul.vf	v4,v3,fa5
   10c96:	021210d7          	vfadd.vv	v1,v1,v4
   10c9a:	062860a7          	vsuxei32.v	v1,(a6),v2
   10c9e:	0811                	addi	a6,a6,4
   10ca0:	fd0f17e3          	bne	t5,a6,10c6e <step_rvv.constprop.0+0x2b6>
   10ca4:	005502bb          	addw	t0,a0,t0
   10ca8:	f0f2c9e3          	blt	t0,a5,10bba <step_rvv.constprop.0+0x202>
   10cac:	b7b5                	j	10c18 <step_rvv.constprop.0+0x260>
   10cae:	0000c517          	auipc	a0,0xc
   10cb2:	02a52687          	flw	fa3,42(a0) # 1ccd8 <mask+0x8>
   10cb6:	bd8d                	j	10b28 <step_rvv.constprop.0+0x170>

0000000000010cb8 <expf>:
   10cb8:	e00507d3          	fmv.x.w	a5,fa0
   10cbc:	42a00693          	li	a3,1066
   10cc0:	0147d71b          	srliw	a4,a5,0x14
   10cc4:	7ff77713          	andi	a4,a4,2047
   10cc8:	0007861b          	sext.w	a2,a5
   10ccc:	06e6e563          	bltu	a3,a4,10d36 <expf+0x7e>
   10cd0:	f00787d3          	fmv.w.x	fa5,a5
   10cd4:	67ed                	lui	a5,0x1b
   10cd6:	96878793          	addi	a5,a5,-1688 # 1a968 <__exp2f_data>
   10cda:	42078753          	fcvt.d.s	fa4,fa5
   10cde:	1207b687          	fld	fa3,288(a5)
   10ce2:	1287b787          	fld	fa5,296(a5)
   10ce6:	1307b507          	fld	fa0,304(a5)
   10cea:	6ae7f643          	fmadd.d	fa2,fa5,fa4,fa3
   10cee:	1387b007          	fld	ft0,312(a5)
   10cf2:	9581b587          	fld	fa1,-1704(gp) # 1cc68 <__SDATA_BEGIN__>
   10cf6:	e2060753          	fmv.x.d	a4,fa2
   10cfa:	1407b607          	fld	fa2,320(a5)
   10cfe:	f20700d3          	fmv.d.x	ft1,a4
   10d02:	01f77693          	andi	a3,a4,31
   10d06:	068e                	slli	a3,a3,0x3
   10d08:	0ad0f6d3          	fsub.d	fa3,ft1,fa3
   10d0c:	97b6                	add	a5,a5,a3
   10d0e:	639c                	ld	a5,0(a5)
   10d10:	173e                	slli	a4,a4,0x2f
   10d12:	973e                	add	a4,a4,a5
   10d14:	6ae7f7c7          	fmsub.d	fa5,fa5,fa4,fa3
   10d18:	02f57543          	fmadd.d	fa0,fa0,fa5,ft0
   10d1c:	5af67743          	fmadd.d	fa4,fa2,fa5,fa1
   10d20:	12f7f7d3          	fmul.d	fa5,fa5,fa5
   10d24:	72f57543          	fmadd.d	fa0,fa0,fa5,fa4
   10d28:	f20707d3          	fmv.d.x	fa5,a4
   10d2c:	12f57553          	fmul.d	fa0,fa0,fa5
   10d30:	40157553          	fcvt.s.d	fa0,fa0
   10d34:	8082                	ret
   10d36:	ff8006b7          	lui	a3,0xff800
   10d3a:	02d60c63          	beq	a2,a3,10d72 <expf+0xba>
   10d3e:	7f700693          	li	a3,2039
   10d42:	02e6e563          	bltu	a3,a4,10d6c <expf+0xb4>
   10d46:	9ec1a787          	flw	fa5,-1556(gp) # 1ccfc <mask+0x2c>
   10d4a:	a0a79753          	flt.s	a4,fa5,fa0
   10d4e:	ef09                	bnez	a4,10d68 <expf+0xb0>
   10d50:	9f01a787          	flw	fa5,-1552(gp) # 1cd00 <mask+0x30>
   10d54:	a0f51753          	flt.s	a4,fa0,fa5
   10d58:	e305                	bnez	a4,10d78 <expf+0xc0>
   10d5a:	9f41a787          	flw	fa5,-1548(gp) # 1cd04 <mask+0x34>
   10d5e:	a0f51753          	flt.s	a4,fa0,fa5
   10d62:	d73d                	beqz	a4,10cd0 <expf+0x18>
   10d64:	4501                	li	a0,0
   10d66:	a0b9                	j	10db4 <__math_may_uflowf>
   10d68:	4501                	li	a0,0
   10d6a:	a881                	j	10dba <__math_oflowf>
   10d6c:	00a57553          	fadd.s	fa0,fa0,fa0
   10d70:	8082                	ret
   10d72:	f0000553          	fmv.w.x	fa0,zero
   10d76:	8082                	ret
   10d78:	4501                	li	a0,0
   10d7a:	a815                	j	10dae <__math_uflowf>

0000000000010d7c <with_errnof>:
   10d7c:	1101                	addi	sp,sp,-32
   10d7e:	e822                	sd	s0,16(sp)
   10d80:	ec06                	sd	ra,24(sp)
   10d82:	842a                	mv	s0,a0
   10d84:	00a12627          	fsw	fa0,12(sp)
   10d88:	4a6010ef          	jal	1222e <__errno>
   10d8c:	60e2                	ld	ra,24(sp)
   10d8e:	c100                	sw	s0,0(a0)
   10d90:	6442                	ld	s0,16(sp)
   10d92:	00c12507          	flw	fa0,12(sp)
   10d96:	6105                	addi	sp,sp,32
   10d98:	8082                	ret

0000000000010d9a <xflowf>:
   10d9a:	20a507d3          	fmv.s	fa5,fa0
   10d9e:	c119                	beqz	a0,10da4 <xflowf+0xa>
   10da0:	20a517d3          	fneg.s	fa5,fa0
   10da4:	10a7f553          	fmul.s	fa0,fa5,fa0
   10da8:	02200513          	li	a0,34
   10dac:	bfc1                	j	10d7c <with_errnof>

0000000000010dae <__math_uflowf>:
   10dae:	9f81a507          	flw	fa0,-1544(gp) # 1cd08 <mask+0x38>
   10db2:	b7e5                	j	10d9a <xflowf>

0000000000010db4 <__math_may_uflowf>:
   10db4:	9fc1a507          	flw	fa0,-1540(gp) # 1cd0c <mask+0x3c>
   10db8:	b7cd                	j	10d9a <xflowf>

0000000000010dba <__math_oflowf>:
   10dba:	a001a507          	flw	fa0,-1536(gp) # 1cd10 <mask+0x40>
   10dbe:	bff1                	j	10d9a <xflowf>

0000000000010dc0 <__math_divzerof>:
   10dc0:	c911                	beqz	a0,10dd4 <__math_divzerof+0x14>
   10dc2:	a041a507          	flw	fa0,-1532(gp) # 1cd14 <mask+0x44>
   10dc6:	f00007d3          	fmv.w.x	fa5,zero
   10dca:	02200513          	li	a0,34
   10dce:	18f57553          	fdiv.s	fa0,fa0,fa5
   10dd2:	b76d                	j	10d7c <with_errnof>
   10dd4:	9d01a507          	flw	fa0,-1584(gp) # 1cce0 <mask+0x10>
   10dd8:	f00007d3          	fmv.w.x	fa5,zero
   10ddc:	02200513          	li	a0,34
   10de0:	18f57553          	fdiv.s	fa0,fa0,fa5
   10de4:	bf61                	j	10d7c <with_errnof>

0000000000010de6 <__math_invalidf>:
   10de6:	08a577d3          	fsub.s	fa5,fa0,fa0
   10dea:	a0a527d3          	feq.s	a5,fa0,fa0
   10dee:	18f7f553          	fdiv.s	fa0,fa5,fa5
   10df2:	c781                	beqz	a5,10dfa <__math_invalidf+0x14>
   10df4:	02100513          	li	a0,33
   10df8:	b751                	j	10d7c <with_errnof>
   10dfa:	8082                	ret

0000000000010dfc <m5_arm>:
   10dfc:	0000007b          	.word	0x0000007b
   10e00:	8082                	ret

0000000000010e02 <m5_quiesce>:
   10e02:	0200007b          	.word	0x0200007b
   10e06:	8082                	ret

0000000000010e08 <m5_quiesce_ns>:
   10e08:	0400007b          	.word	0x0400007b
   10e0c:	8082                	ret

0000000000010e0e <m5_quiesce_cycle>:
   10e0e:	0600007b          	.word	0x0600007b
   10e12:	8082                	ret

0000000000010e14 <m5_quiesce_time>:
   10e14:	0800007b          	.word	0x0800007b
   10e18:	8082                	ret

0000000000010e1a <m5_rpns>:
   10e1a:	0e00007b          	.word	0x0e00007b
   10e1e:	8082                	ret

0000000000010e20 <m5_wake_cpu>:
   10e20:	1200007b          	.word	0x1200007b
   10e24:	8082                	ret

0000000000010e26 <m5_exit>:
   10e26:	4200007b          	.word	0x4200007b
   10e2a:	8082                	ret

0000000000010e2c <m5_fail>:
   10e2c:	4400007b          	.word	0x4400007b
   10e30:	8082                	ret

0000000000010e32 <m5_sum>:
   10e32:	4600007b          	.word	0x4600007b
   10e36:	8082                	ret

0000000000010e38 <m5_init_param>:
   10e38:	6000007b          	.word	0x6000007b
   10e3c:	8082                	ret

0000000000010e3e <m5_load_symbol>:
   10e3e:	6200007b          	.word	0x6200007b
   10e42:	8082                	ret

0000000000010e44 <m5_reset_stats>:
   10e44:	8000007b          	.word	0x8000007b
   10e48:	8082                	ret

0000000000010e4a <m5_dump_stats>:
   10e4a:	8200007b          	.word	0x8200007b
   10e4e:	8082                	ret

0000000000010e50 <m5_dump_reset_stats>:
   10e50:	8400007b          	.word	0x8400007b
   10e54:	8082                	ret

0000000000010e56 <m5_checkpoint>:
   10e56:	8600007b          	.word	0x8600007b
   10e5a:	8082                	ret

0000000000010e5c <m5_write_file>:
   10e5c:	9e00007b          	.word	0x9e00007b
   10e60:	8082                	ret

0000000000010e62 <m5_read_file>:
   10e62:	a000007b          	.word	0xa000007b
   10e66:	8082                	ret

0000000000010e68 <m5_debug_break>:
   10e68:	a200007b          	.word	0xa200007b
   10e6c:	8082                	ret

0000000000010e6e <m5_switch_cpu>:
   10e6e:	a400007b          	.word	0xa400007b
   10e72:	8082                	ret

0000000000010e74 <m5_add_symbol>:
   10e74:	a600007b          	.word	0xa600007b
   10e78:	8082                	ret

0000000000010e7a <m5_panic>:
   10e7a:	a800007b          	.word	0xa800007b
   10e7e:	8082                	ret

0000000000010e80 <m5_work_begin>:
   10e80:	b400007b          	.word	0xb400007b
   10e84:	8082                	ret

0000000000010e86 <m5_work_end>:
   10e86:	b600007b          	.word	0xb600007b
   10e8a:	8082                	ret

0000000000010e8c <m5_dist_toggle_sync>:
   10e8c:	c400007b          	.word	0xc400007b
   10e90:	8082                	ret

0000000000010e92 <m5_workload>:
   10e92:	e000007b          	.word	0xe000007b
   10e96:	8082                	ret

0000000000010e98 <m5_hypercall>:
   10e98:	e200007b          	.word	0xe200007b
   10e9c:	8082                	ret

0000000000010e9e <__ctzdi2>:
   10e9e:	40a00733          	neg	a4,a0
   10ea2:	8f69                	and	a4,a4,a0
   10ea4:	03800793          	li	a5,56
   10ea8:	00f756b3          	srl	a3,a4,a5
   10eac:	0ff6f613          	zext.b	a2,a3
   10eb0:	ee01                	bnez	a2,10ec8 <__ctzdi2+0x2a>
   10eb2:	17e1                	addi	a5,a5,-8
   10eb4:	fbf5                	bnez	a5,10ea8 <__ctzdi2+0xa>
   10eb6:	656d                	lui	a0,0x1b
   10eb8:	ab050513          	addi	a0,a0,-1360 # 1aab0 <__clz_tab>
   10ebc:	953a                	add	a0,a0,a4
   10ebe:	00054503          	lbu	a0,0(a0)
   10ec2:	17fd                	addi	a5,a5,-1
   10ec4:	9d3d                	addw	a0,a0,a5
   10ec6:	8082                	ret
   10ec8:	8736                	mv	a4,a3
   10eca:	b7f5                	j	10eb6 <__ctzdi2+0x18>

0000000000010ecc <atoi>:
   10ecc:	1141                	addi	sp,sp,-16
   10ece:	4629                	li	a2,10
   10ed0:	4581                	li	a1,0
   10ed2:	e406                	sd	ra,8(sp)
   10ed4:	1e5000ef          	jal	118b8 <strtol>
   10ed8:	60a2                	ld	ra,8(sp)
   10eda:	2501                	sext.w	a0,a0
   10edc:	0141                	addi	sp,sp,16
   10ede:	8082                	ret

0000000000010ee0 <_atoi_r>:
   10ee0:	1141                	addi	sp,sp,-16
   10ee2:	46a9                	li	a3,10
   10ee4:	4601                	li	a2,0
   10ee6:	e406                	sd	ra,8(sp)
   10ee8:	17d000ef          	jal	11864 <_strtol_r>
   10eec:	60a2                	ld	ra,8(sp)
   10eee:	2501                	sext.w	a0,a0
   10ef0:	0141                	addi	sp,sp,16
   10ef2:	8082                	ret

0000000000010ef4 <calloc>:
   10ef4:	87aa                	mv	a5,a0
   10ef6:	a201b503          	ld	a0,-1504(gp) # 1cd30 <_impure_ptr>
   10efa:	862e                	mv	a2,a1
   10efc:	85be                	mv	a1,a5
   10efe:	a009                	j	10f00 <_calloc_r>

0000000000010f00 <_calloc_r>:
   10f00:	02c5b7b3          	mulhu	a5,a1,a2
   10f04:	1101                	addi	sp,sp,-32
   10f06:	ec06                	sd	ra,24(sp)
   10f08:	02c585b3          	mul	a1,a1,a2
   10f0c:	ebad                	bnez	a5,10f7e <_calloc_r+0x7e>
   10f0e:	0a2000ef          	jal	10fb0 <_malloc_r>
   10f12:	87aa                	mv	a5,a0
   10f14:	c92d                	beqz	a0,10f86 <_calloc_r+0x86>
   10f16:	ff853603          	ld	a2,-8(a0)
   10f1a:	04800713          	li	a4,72
   10f1e:	9a71                	andi	a2,a2,-4
   10f20:	1661                	addi	a2,a2,-8
   10f22:	02c76963          	bltu	a4,a2,10f54 <_calloc_r+0x54>
   10f26:	cd817057          	vsetivli	zero,2,e64,m1,ta,ma
   10f2a:	02700693          	li	a3,39
   10f2e:	5e0030d7          	vmv.v.i	v1,0
   10f32:	02c6fa63          	bgeu	a3,a2,10f66 <_calloc_r+0x66>
   10f36:	020570a7          	vse64.v	v1,(a0)
   10f3a:	03700693          	li	a3,55
   10f3e:	02c6fd63          	bgeu	a3,a2,10f78 <_calloc_r+0x78>
   10f42:	01050693          	addi	a3,a0,16
   10f46:	0206f0a7          	vse64.v	v1,(a3)
   10f4a:	04e60363          	beq	a2,a4,10f90 <_calloc_r+0x90>
   10f4e:	02050713          	addi	a4,a0,32
   10f52:	a819                	j	10f68 <_calloc_r+0x68>
   10f54:	4581                	li	a1,0
   10f56:	e42a                	sd	a0,8(sp)
   10f58:	33e010ef          	jal	12296 <memset>
   10f5c:	67a2                	ld	a5,8(sp)
   10f5e:	60e2                	ld	ra,24(sp)
   10f60:	853e                	mv	a0,a5
   10f62:	6105                	addi	sp,sp,32
   10f64:	8082                	ret
   10f66:	872a                	mv	a4,a0
   10f68:	020770a7          	vse64.v	v1,(a4)
   10f6c:	60e2                	ld	ra,24(sp)
   10f6e:	00073823          	sd	zero,16(a4)
   10f72:	853e                	mv	a0,a5
   10f74:	6105                	addi	sp,sp,32
   10f76:	8082                	ret
   10f78:	01050713          	addi	a4,a0,16
   10f7c:	b7f5                	j	10f68 <_calloc_r+0x68>
   10f7e:	2b0010ef          	jal	1222e <__errno>
   10f82:	47b1                	li	a5,12
   10f84:	c11c                	sw	a5,0(a0)
   10f86:	60e2                	ld	ra,24(sp)
   10f88:	4781                	li	a5,0
   10f8a:	853e                	mv	a0,a5
   10f8c:	6105                	addi	sp,sp,32
   10f8e:	8082                	ret
   10f90:	02050713          	addi	a4,a0,32
   10f94:	020770a7          	vse64.v	v1,(a4)
   10f98:	03050713          	addi	a4,a0,48
   10f9c:	b7f1                	j	10f68 <_calloc_r+0x68>

0000000000010f9e <malloc>:
   10f9e:	85aa                	mv	a1,a0
   10fa0:	a201b503          	ld	a0,-1504(gp) # 1cd30 <_impure_ptr>
   10fa4:	a031                	j	10fb0 <_malloc_r>

0000000000010fa6 <free>:
   10fa6:	85aa                	mv	a1,a0
   10fa8:	a201b503          	ld	a0,-1504(gp) # 1cd30 <_impure_ptr>
   10fac:	5380106f          	j	124e4 <_free_r>

0000000000010fb0 <_malloc_r>:
   10fb0:	711d                	addi	sp,sp,-96
   10fb2:	e8a2                	sd	s0,80(sp)
   10fb4:	ec86                	sd	ra,88(sp)
   10fb6:	01758713          	addi	a4,a1,23
   10fba:	02e00793          	li	a5,46
   10fbe:	842a                	mv	s0,a0
   10fc0:	06e7e363          	bltu	a5,a4,11026 <_malloc_r+0x76>
   10fc4:	02000713          	li	a4,32
   10fc8:	04b76863          	bltu	a4,a1,11018 <_malloc_r+0x68>
   10fcc:	660000ef          	jal	1162c <__malloc_lock>
   10fd0:	02000713          	li	a4,32
   10fd4:	05000693          	li	a3,80
   10fd8:	4891                	li	a7,4
   10fda:	6871                	lui	a6,0x1c
   10fdc:	14080813          	addi	a6,a6,320 # 1c140 <__malloc_av_>
   10fe0:	96c2                	add	a3,a3,a6
   10fe2:	669c                	ld	a5,8(a3)
   10fe4:	ff068613          	addi	a2,a3,-16 # ffffffffff7ffff0 <__BSS_END__+0xffffffffff7e24e0>
   10fe8:	32c78963          	beq	a5,a2,1131a <_malloc_r+0x36a>
   10fec:	6798                	ld	a4,8(a5)
   10fee:	6f90                	ld	a2,24(a5)
   10ff0:	6b8c                	ld	a1,16(a5)
   10ff2:	9b71                	andi	a4,a4,-4
   10ff4:	973e                	add	a4,a4,a5
   10ff6:	6714                	ld	a3,8(a4)
   10ff8:	ed90                	sd	a2,24(a1)
   10ffa:	ea0c                	sd	a1,16(a2)
   10ffc:	0016e693          	ori	a3,a3,1
   11000:	8522                	mv	a0,s0
   11002:	e714                	sd	a3,8(a4)
   11004:	e43e                	sd	a5,8(sp)
   11006:	628000ef          	jal	1162e <__malloc_unlock>
   1100a:	67a2                	ld	a5,8(sp)
   1100c:	60e6                	ld	ra,88(sp)
   1100e:	6446                	ld	s0,80(sp)
   11010:	01078513          	addi	a0,a5,16
   11014:	6125                	addi	sp,sp,96
   11016:	8082                	ret
   11018:	47b1                	li	a5,12
   1101a:	c01c                	sw	a5,0(s0)
   1101c:	4501                	li	a0,0
   1101e:	60e6                	ld	ra,88(sp)
   11020:	6446                	ld	s0,80(sp)
   11022:	6125                	addi	sp,sp,96
   11024:	8082                	ret
   11026:	4785                	li	a5,1
   11028:	9b41                	andi	a4,a4,-16
   1102a:	07fe                	slli	a5,a5,0x1f
   1102c:	fef776e3          	bgeu	a4,a5,11018 <_malloc_r+0x68>
   11030:	feb764e3          	bltu	a4,a1,11018 <_malloc_r+0x68>
   11034:	e43a                	sd	a4,8(sp)
   11036:	5f6000ef          	jal	1162c <__malloc_lock>
   1103a:	6722                	ld	a4,8(sp)
   1103c:	1f700793          	li	a5,503
   11040:	38e7fb63          	bgeu	a5,a4,113d6 <_malloc_r+0x426>
   11044:	00975793          	srli	a5,a4,0x9
   11048:	12078463          	beqz	a5,11170 <_malloc_r+0x1c0>
   1104c:	4691                	li	a3,4
   1104e:	30f6ed63          	bltu	a3,a5,11368 <_malloc_r+0x3b8>
   11052:	00675793          	srli	a5,a4,0x6
   11056:	0397889b          	addiw	a7,a5,57
   1105a:	0018951b          	slliw	a0,a7,0x1
   1105e:	03878e1b          	addiw	t3,a5,56
   11062:	050e                	slli	a0,a0,0x3
   11064:	6871                	lui	a6,0x1c
   11066:	14080813          	addi	a6,a6,320 # 1c140 <__malloc_av_>
   1106a:	9542                	add	a0,a0,a6
   1106c:	651c                	ld	a5,8(a0)
   1106e:	1541                	addi	a0,a0,-16
   11070:	02f50163          	beq	a0,a5,11092 <_malloc_r+0xe2>
   11074:	437d                	li	t1,31
   11076:	a039                	j	11084 <_malloc_r+0xd4>
   11078:	6f8c                	ld	a1,24(a5)
   1107a:	26065d63          	bgez	a2,112f4 <_malloc_r+0x344>
   1107e:	00b50a63          	beq	a0,a1,11092 <_malloc_r+0xe2>
   11082:	87ae                	mv	a5,a1
   11084:	6794                	ld	a3,8(a5)
   11086:	9af1                	andi	a3,a3,-4
   11088:	40e68633          	sub	a2,a3,a4
   1108c:	fec356e3          	bge	t1,a2,11078 <_malloc_r+0xc8>
   11090:	88f2                	mv	a7,t3
   11092:	02083783          	ld	a5,32(a6)
   11096:	6e71                	lui	t3,0x1c
   11098:	150e0e13          	addi	t3,t3,336 # 1c150 <__malloc_av_+0x10>
   1109c:	23c78563          	beq	a5,t3,112c6 <_malloc_r+0x316>
   110a0:	0087b303          	ld	t1,8(a5)
   110a4:	467d                	li	a2,31
   110a6:	ffc37313          	andi	t1,t1,-4
   110aa:	40e306b3          	sub	a3,t1,a4
   110ae:	34d64b63          	blt	a2,a3,11404 <_malloc_r+0x454>
   110b2:	03c83423          	sd	t3,40(a6)
   110b6:	03c83023          	sd	t3,32(a6)
   110ba:	3206d663          	bgez	a3,113e6 <_malloc_r+0x436>
   110be:	1ff00693          	li	a3,511
   110c2:	00883583          	ld	a1,8(a6)
   110c6:	2466ef63          	bltu	a3,t1,11324 <_malloc_r+0x374>
   110ca:	00335313          	srli	t1,t1,0x3
   110ce:	00131693          	slli	a3,t1,0x1
   110d2:	2689                	addiw	a3,a3,2
   110d4:	068e                	slli	a3,a3,0x3
   110d6:	96c2                	add	a3,a3,a6
   110d8:	6288                	ld	a0,0(a3)
   110da:	4023531b          	sraiw	t1,t1,0x2
   110de:	4605                	li	a2,1
   110e0:	00661633          	sll	a2,a2,t1
   110e4:	8dd1                	or	a1,a1,a2
   110e6:	ff068613          	addi	a2,a3,-16
   110ea:	eb88                	sd	a0,16(a5)
   110ec:	ef90                	sd	a2,24(a5)
   110ee:	00b83423          	sd	a1,8(a6)
   110f2:	e29c                	sd	a5,0(a3)
   110f4:	ed1c                	sd	a5,24(a0)
   110f6:	4028d79b          	sraiw	a5,a7,0x2
   110fa:	4505                	li	a0,1
   110fc:	00f51533          	sll	a0,a0,a5
   11100:	06a5ef63          	bltu	a1,a0,1117e <_malloc_r+0x1ce>
   11104:	00b577b3          	and	a5,a0,a1
   11108:	ef89                	bnez	a5,11122 <_malloc_r+0x172>
   1110a:	0506                	slli	a0,a0,0x1
   1110c:	ffc8f893          	andi	a7,a7,-4
   11110:	00b577b3          	and	a5,a0,a1
   11114:	2891                	addiw	a7,a7,4
   11116:	e791                	bnez	a5,11122 <_malloc_r+0x172>
   11118:	0506                	slli	a0,a0,0x1
   1111a:	00b577b3          	and	a5,a0,a1
   1111e:	2891                	addiw	a7,a7,4
   11120:	dfe5                	beqz	a5,11118 <_malloc_r+0x168>
   11122:	4efd                	li	t4,31
   11124:	00189f13          	slli	t5,a7,0x1
   11128:	2f09                	addiw	t5,t5,2
   1112a:	0f0e                	slli	t5,t5,0x3
   1112c:	1f41                	addi	t5,t5,-16
   1112e:	9f42                	add	t5,t5,a6
   11130:	837a                	mv	t1,t5
   11132:	01833683          	ld	a3,24(t1)
   11136:	8fc6                	mv	t6,a7
   11138:	24d30963          	beq	t1,a3,1138a <_malloc_r+0x3da>
   1113c:	6690                	ld	a2,8(a3)
   1113e:	87b6                	mv	a5,a3
   11140:	6e94                	ld	a3,24(a3)
   11142:	9a71                	andi	a2,a2,-4
   11144:	40e605b3          	sub	a1,a2,a4
   11148:	24beca63          	blt	t4,a1,1139c <_malloc_r+0x3ec>
   1114c:	fe05c6e3          	bltz	a1,11138 <_malloc_r+0x188>
   11150:	963e                	add	a2,a2,a5
   11152:	6618                	ld	a4,8(a2)
   11154:	6b8c                	ld	a1,16(a5)
   11156:	8522                	mv	a0,s0
   11158:	00176713          	ori	a4,a4,1
   1115c:	e618                	sd	a4,8(a2)
   1115e:	ed94                	sd	a3,24(a1)
   11160:	ea8c                	sd	a1,16(a3)
   11162:	e43e                	sd	a5,8(sp)
   11164:	4ca000ef          	jal	1162e <__malloc_unlock>
   11168:	67a2                	ld	a5,8(sp)
   1116a:	01078513          	addi	a0,a5,16
   1116e:	bd45                	j	1101e <_malloc_r+0x6e>
   11170:	40000513          	li	a0,1024
   11174:	04000893          	li	a7,64
   11178:	03f00e13          	li	t3,63
   1117c:	b5e5                	j	11064 <_malloc_r+0xb4>
   1117e:	01083783          	ld	a5,16(a6)
   11182:	6794                	ld	a3,8(a5)
   11184:	ffc6f893          	andi	a7,a3,-4
   11188:	40e88633          	sub	a2,a7,a4
   1118c:	00e8e663          	bltu	a7,a4,11198 <_malloc_r+0x1e8>
   11190:	02062693          	slti	a3,a2,32
   11194:	12068c63          	beqz	a3,112cc <_malloc_r+0x31c>
   11198:	a401b583          	ld	a1,-1472(gp) # 1cd50 <__malloc_top_pad>
   1119c:	a101b603          	ld	a2,-1520(gp) # 1cd20 <__malloc_sbrk_base>
   111a0:	56fd                	li	a3,-1
   111a2:	95ba                	add	a1,a1,a4
   111a4:	30d60d63          	beq	a2,a3,114be <_malloc_r+0x50e>
   111a8:	6685                	lui	a3,0x1
   111aa:	06fd                	addi	a3,a3,31 # 101f <exit-0xf101>
   111ac:	95b6                	add	a1,a1,a3
   111ae:	76fd                	lui	a3,0xfffff
   111b0:	8df5                	and	a1,a1,a3
   111b2:	8522                	mv	a0,s0
   111b4:	f442                	sd	a6,40(sp)
   111b6:	f03e                	sd	a5,32(sp)
   111b8:	ec3a                	sd	a4,24(sp)
   111ba:	e846                	sd	a7,16(sp)
   111bc:	e42e                	sd	a1,8(sp)
   111be:	7ff000ef          	jal	121bc <_sbrk_r>
   111c2:	56fd                	li	a3,-1
   111c4:	65a2                	ld	a1,8(sp)
   111c6:	68c2                	ld	a7,16(sp)
   111c8:	6762                	ld	a4,24(sp)
   111ca:	7782                	ld	a5,32(sp)
   111cc:	7822                	ld	a6,40(sp)
   111ce:	832a                	mv	t1,a0
   111d0:	28d50063          	beq	a0,a3,11450 <_malloc_r+0x4a0>
   111d4:	011786b3          	add	a3,a5,a7
   111d8:	26d56a63          	bltu	a0,a3,1144c <_malloc_r+0x49c>
   111dc:	2b018e13          	addi	t3,gp,688 # 1d5c0 <__malloc_current_mallinfo>
   111e0:	000e2603          	lw	a2,0(t3)
   111e4:	9e2d                	addw	a2,a2,a1
   111e6:	00ce2023          	sw	a2,0(t3)
   111ea:	8532                	mv	a0,a2
   111ec:	36668863          	beq	a3,t1,1155c <_malloc_r+0x5ac>
   111f0:	a101bf03          	ld	t5,-1520(gp) # 1cd20 <__malloc_sbrk_base>
   111f4:	567d                	li	a2,-1
   111f6:	36cf0f63          	beq	t5,a2,11574 <_malloc_r+0x5c4>
   111fa:	40d306b3          	sub	a3,t1,a3
   111fe:	9ea9                	addw	a3,a3,a0
   11200:	00de2023          	sw	a3,0(t3)
   11204:	00f37e93          	andi	t4,t1,15
   11208:	2c0e8763          	beqz	t4,114d6 <_malloc_r+0x526>
   1120c:	ff037313          	andi	t1,t1,-16
   11210:	6685                	lui	a3,0x1
   11212:	0341                	addi	t1,t1,16
   11214:	06c1                	addi	a3,a3,16 # 1010 <exit-0xf110>
   11216:	00b30633          	add	a2,t1,a1
   1121a:	41d685b3          	sub	a1,a3,t4
   1121e:	8d91                	sub	a1,a1,a2
   11220:	15d2                	slli	a1,a1,0x34
   11222:	91d1                	srli	a1,a1,0x34
   11224:	8522                	mv	a0,s0
   11226:	e0c2                	sd	a6,64(sp)
   11228:	fc72                	sd	t3,56(sp)
   1122a:	f83e                	sd	a5,48(sp)
   1122c:	f43a                	sd	a4,40(sp)
   1122e:	f046                	sd	a7,32(sp)
   11230:	ec1a                	sd	t1,24(sp)
   11232:	e876                	sd	t4,16(sp)
   11234:	e432                	sd	a2,8(sp)
   11236:	e4ae                	sd	a1,72(sp)
   11238:	785000ef          	jal	121bc <_sbrk_r>
   1123c:	86aa                	mv	a3,a0
   1123e:	557d                	li	a0,-1
   11240:	6622                	ld	a2,8(sp)
   11242:	6ec2                	ld	t4,16(sp)
   11244:	6362                	ld	t1,24(sp)
   11246:	7882                	ld	a7,32(sp)
   11248:	7722                	ld	a4,40(sp)
   1124a:	77c2                	ld	a5,48(sp)
   1124c:	7e62                	ld	t3,56(sp)
   1124e:	6806                	ld	a6,64(sp)
   11250:	36a68563          	beq	a3,a0,115ba <_malloc_r+0x60a>
   11254:	65a6                	ld	a1,72(sp)
   11256:	0005851b          	sext.w	a0,a1
   1125a:	000e2603          	lw	a2,0(t3)
   1125e:	406686b3          	sub	a3,a3,t1
   11262:	96ae                	add	a3,a3,a1
   11264:	0016e693          	ori	a3,a3,1
   11268:	00683823          	sd	t1,16(a6)
   1126c:	9e29                	addw	a2,a2,a0
   1126e:	00d33423          	sd	a3,8(t1)
   11272:	00ce2023          	sw	a2,0(t3)
   11276:	03078a63          	beq	a5,a6,112aa <_malloc_r+0x2fa>
   1127a:	457d                	li	a0,31
   1127c:	2f157f63          	bgeu	a0,a7,1157a <_malloc_r+0x5ca>
   11280:	678c                	ld	a1,8(a5)
   11282:	fe888693          	addi	a3,a7,-24
   11286:	cd817057          	vsetivli	zero,2,e64,m1,ta,ma
   1128a:	9ac1                	andi	a3,a3,-16
   1128c:	5e04b0d7          	vmv.v.i	v1,9
   11290:	8985                	andi	a1,a1,1
   11292:	8dd5                	or	a1,a1,a3
   11294:	00d788b3          	add	a7,a5,a3
   11298:	e78c                	sd	a1,8(a5)
   1129a:	00888593          	addi	a1,a7,8
   1129e:	0205f0a7          	vse64.v	v1,(a1)
   112a2:	32d56663          	bltu	a0,a3,115ce <_malloc_r+0x61e>
   112a6:	00833683          	ld	a3,8(t1)
   112aa:	a381b583          	ld	a1,-1480(gp) # 1cd48 <__malloc_max_sbrked_mem>
   112ae:	00c5f463          	bgeu	a1,a2,112b6 <_malloc_r+0x306>
   112b2:	a2c1bc23          	sd	a2,-1480(gp) # 1cd48 <__malloc_max_sbrked_mem>
   112b6:	a301b583          	ld	a1,-1488(gp) # 1cd40 <__malloc_max_total_mem>
   112ba:	00c5f463          	bgeu	a1,a2,112c2 <_malloc_r+0x312>
   112be:	a2c1b823          	sd	a2,-1488(gp) # 1cd40 <__malloc_max_total_mem>
   112c2:	879a                	mv	a5,t1
   112c4:	aa49                	j	11456 <_malloc_r+0x4a6>
   112c6:	00883583          	ld	a1,8(a6)
   112ca:	b535                	j	110f6 <_malloc_r+0x146>
   112cc:	00176693          	ori	a3,a4,1
   112d0:	e794                	sd	a3,8(a5)
   112d2:	973e                	add	a4,a4,a5
   112d4:	00166613          	ori	a2,a2,1
   112d8:	00e83823          	sd	a4,16(a6)
   112dc:	8522                	mv	a0,s0
   112de:	e710                	sd	a2,8(a4)
   112e0:	e43e                	sd	a5,8(sp)
   112e2:	34c000ef          	jal	1162e <__malloc_unlock>
   112e6:	67a2                	ld	a5,8(sp)
   112e8:	60e6                	ld	ra,88(sp)
   112ea:	6446                	ld	s0,80(sp)
   112ec:	01078513          	addi	a0,a5,16
   112f0:	6125                	addi	sp,sp,96
   112f2:	8082                	ret
   112f4:	6b90                	ld	a2,16(a5)
   112f6:	96be                	add	a3,a3,a5
   112f8:	6698                	ld	a4,8(a3)
   112fa:	ee0c                	sd	a1,24(a2)
   112fc:	e990                	sd	a2,16(a1)
   112fe:	00176713          	ori	a4,a4,1
   11302:	8522                	mv	a0,s0
   11304:	e698                	sd	a4,8(a3)
   11306:	e43e                	sd	a5,8(sp)
   11308:	326000ef          	jal	1162e <__malloc_unlock>
   1130c:	67a2                	ld	a5,8(sp)
   1130e:	60e6                	ld	ra,88(sp)
   11310:	6446                	ld	s0,80(sp)
   11312:	01078513          	addi	a0,a5,16
   11316:	6125                	addi	sp,sp,96
   11318:	8082                	ret
   1131a:	6e9c                	ld	a5,24(a3)
   1131c:	2889                	addiw	a7,a7,2
   1131e:	d6f68ae3          	beq	a3,a5,11092 <_malloc_r+0xe2>
   11322:	b1e9                	j	10fec <_malloc_r+0x3c>
   11324:	00935693          	srli	a3,t1,0x9
   11328:	4611                	li	a2,4
   1132a:	10d67763          	bgeu	a2,a3,11438 <_malloc_r+0x488>
   1132e:	4651                	li	a2,20
   11330:	1ed66263          	bltu	a2,a3,11514 <_malloc_r+0x564>
   11334:	00169513          	slli	a0,a3,0x1
   11338:	0b85051b          	addiw	a0,a0,184
   1133c:	050e                	slli	a0,a0,0x3
   1133e:	05b6861b          	addiw	a2,a3,91
   11342:	9542                	add	a0,a0,a6
   11344:	6114                	ld	a3,0(a0)
   11346:	1541                	addi	a0,a0,-16
   11348:	00d51663          	bne	a0,a3,11354 <_malloc_r+0x3a4>
   1134c:	aaa5                	j	114c4 <_malloc_r+0x514>
   1134e:	6a94                	ld	a3,16(a3)
   11350:	00d50663          	beq	a0,a3,1135c <_malloc_r+0x3ac>
   11354:	6690                	ld	a2,8(a3)
   11356:	9a71                	andi	a2,a2,-4
   11358:	fec36be3          	bltu	t1,a2,1134e <_malloc_r+0x39e>
   1135c:	6e88                	ld	a0,24(a3)
   1135e:	ef88                	sd	a0,24(a5)
   11360:	eb94                	sd	a3,16(a5)
   11362:	e91c                	sd	a5,16(a0)
   11364:	ee9c                	sd	a5,24(a3)
   11366:	bb41                	j	110f6 <_malloc_r+0x146>
   11368:	46d1                	li	a3,20
   1136a:	10f6f363          	bgeu	a3,a5,11470 <_malloc_r+0x4c0>
   1136e:	05400693          	li	a3,84
   11372:	1af6ef63          	bltu	a3,a5,11530 <_malloc_r+0x580>
   11376:	00c75793          	srli	a5,a4,0xc
   1137a:	06f7889b          	addiw	a7,a5,111
   1137e:	0018951b          	slliw	a0,a7,0x1
   11382:	06e78e1b          	addiw	t3,a5,110
   11386:	050e                	slli	a0,a0,0x3
   11388:	b9f1                	j	11064 <_malloc_r+0xb4>
   1138a:	2f85                	addiw	t6,t6,1
   1138c:	003ff793          	andi	a5,t6,3
   11390:	0341                	addi	t1,t1,16
   11392:	0e078c63          	beqz	a5,1148a <_malloc_r+0x4da>
   11396:	01833683          	ld	a3,24(t1)
   1139a:	bb79                	j	11138 <_malloc_r+0x188>
   1139c:	6b88                	ld	a0,16(a5)
   1139e:	00176893          	ori	a7,a4,1
   113a2:	0117b423          	sd	a7,8(a5)
   113a6:	ed14                	sd	a3,24(a0)
   113a8:	ea88                	sd	a0,16(a3)
   113aa:	973e                	add	a4,a4,a5
   113ac:	02e83423          	sd	a4,40(a6)
   113b0:	02e83023          	sd	a4,32(a6)
   113b4:	0015e693          	ori	a3,a1,1
   113b8:	963e                	add	a2,a2,a5
   113ba:	01c73c23          	sd	t3,24(a4)
   113be:	01c73823          	sd	t3,16(a4)
   113c2:	e714                	sd	a3,8(a4)
   113c4:	8522                	mv	a0,s0
   113c6:	e20c                	sd	a1,0(a2)
   113c8:	e43e                	sd	a5,8(sp)
   113ca:	264000ef          	jal	1162e <__malloc_unlock>
   113ce:	67a2                	ld	a5,8(sp)
   113d0:	01078513          	addi	a0,a5,16
   113d4:	b1a9                	j	1101e <_malloc_r+0x6e>
   113d6:	00375893          	srli	a7,a4,0x3
   113da:	00189693          	slli	a3,a7,0x1
   113de:	2689                	addiw	a3,a3,2
   113e0:	068e                	slli	a3,a3,0x3
   113e2:	2881                	sext.w	a7,a7
   113e4:	bedd                	j	10fda <_malloc_r+0x2a>
   113e6:	933e                	add	t1,t1,a5
   113e8:	00833703          	ld	a4,8(t1)
   113ec:	8522                	mv	a0,s0
   113ee:	e43e                	sd	a5,8(sp)
   113f0:	00176713          	ori	a4,a4,1
   113f4:	00e33423          	sd	a4,8(t1)
   113f8:	236000ef          	jal	1162e <__malloc_unlock>
   113fc:	67a2                	ld	a5,8(sp)
   113fe:	01078513          	addi	a0,a5,16
   11402:	b931                	j	1101e <_malloc_r+0x6e>
   11404:	00176613          	ori	a2,a4,1
   11408:	e790                	sd	a2,8(a5)
   1140a:	973e                	add	a4,a4,a5
   1140c:	02e83423          	sd	a4,40(a6)
   11410:	02e83023          	sd	a4,32(a6)
   11414:	0016e613          	ori	a2,a3,1
   11418:	933e                	add	t1,t1,a5
   1141a:	01c73c23          	sd	t3,24(a4)
   1141e:	01c73823          	sd	t3,16(a4)
   11422:	e710                	sd	a2,8(a4)
   11424:	8522                	mv	a0,s0
   11426:	00d33023          	sd	a3,0(t1)
   1142a:	e43e                	sd	a5,8(sp)
   1142c:	202000ef          	jal	1162e <__malloc_unlock>
   11430:	67a2                	ld	a5,8(sp)
   11432:	01078513          	addi	a0,a5,16
   11436:	b6e5                	j	1101e <_malloc_r+0x6e>
   11438:	00635693          	srli	a3,t1,0x6
   1143c:	00169513          	slli	a0,a3,0x1
   11440:	0725051b          	addiw	a0,a0,114
   11444:	050e                	slli	a0,a0,0x3
   11446:	0386861b          	addiw	a2,a3,56
   1144a:	bde5                	j	11342 <_malloc_r+0x392>
   1144c:	11078063          	beq	a5,a6,1154c <_malloc_r+0x59c>
   11450:	01083783          	ld	a5,16(a6)
   11454:	6794                	ld	a3,8(a5)
   11456:	9af1                	andi	a3,a3,-4
   11458:	40e68633          	sub	a2,a3,a4
   1145c:	00e6e663          	bltu	a3,a4,11468 <_malloc_r+0x4b8>
   11460:	02062693          	slti	a3,a2,32
   11464:	e60684e3          	beqz	a3,112cc <_malloc_r+0x31c>
   11468:	8522                	mv	a0,s0
   1146a:	1c4000ef          	jal	1162e <__malloc_unlock>
   1146e:	b67d                	j	1101c <_malloc_r+0x6c>
   11470:	05c7889b          	addiw	a7,a5,92
   11474:	0018951b          	slliw	a0,a7,0x1
   11478:	05b78e1b          	addiw	t3,a5,91
   1147c:	050e                	slli	a0,a0,0x3
   1147e:	b6dd                	j	11064 <_malloc_r+0xb4>
   11480:	010f3783          	ld	a5,16(t5)
   11484:	38fd                	addiw	a7,a7,-1
   11486:	1be79063          	bne	a5,t5,11626 <_malloc_r+0x676>
   1148a:	0038f793          	andi	a5,a7,3
   1148e:	1f41                	addi	t5,t5,-16
   11490:	fbe5                	bnez	a5,11480 <_malloc_r+0x4d0>
   11492:	00883683          	ld	a3,8(a6)
   11496:	fff54793          	not	a5,a0
   1149a:	8ff5                	and	a5,a5,a3
   1149c:	00f83423          	sd	a5,8(a6)
   114a0:	0506                	slli	a0,a0,0x1
   114a2:	fff50693          	addi	a3,a0,-1
   114a6:	ccf6fce3          	bgeu	a3,a5,1117e <_malloc_r+0x1ce>
   114aa:	00f576b3          	and	a3,a0,a5
   114ae:	e691                	bnez	a3,114ba <_malloc_r+0x50a>
   114b0:	0506                	slli	a0,a0,0x1
   114b2:	00f576b3          	and	a3,a0,a5
   114b6:	2f91                	addiw	t6,t6,4
   114b8:	dee5                	beqz	a3,114b0 <_malloc_r+0x500>
   114ba:	88fe                	mv	a7,t6
   114bc:	b1a5                	j	11124 <_malloc_r+0x174>
   114be:	02058593          	addi	a1,a1,32
   114c2:	b9c5                	j	111b2 <_malloc_r+0x202>
   114c4:	4026561b          	sraiw	a2,a2,0x2
   114c8:	4305                	li	t1,1
   114ca:	00c31633          	sll	a2,t1,a2
   114ce:	8dd1                	or	a1,a1,a2
   114d0:	00b83423          	sd	a1,8(a6)
   114d4:	b569                	j	1135e <_malloc_r+0x3ae>
   114d6:	00b30633          	add	a2,t1,a1
   114da:	40c005b3          	neg	a1,a2
   114de:	15d2                	slli	a1,a1,0x34
   114e0:	91d1                	srli	a1,a1,0x34
   114e2:	8522                	mv	a0,s0
   114e4:	fc42                	sd	a6,56(sp)
   114e6:	f872                	sd	t3,48(sp)
   114e8:	f43e                	sd	a5,40(sp)
   114ea:	f03a                	sd	a4,32(sp)
   114ec:	ec46                	sd	a7,24(sp)
   114ee:	e81a                	sd	t1,16(sp)
   114f0:	e432                	sd	a2,8(sp)
   114f2:	e0ae                	sd	a1,64(sp)
   114f4:	4c9000ef          	jal	121bc <_sbrk_r>
   114f8:	86aa                	mv	a3,a0
   114fa:	557d                	li	a0,-1
   114fc:	6342                	ld	t1,16(sp)
   114fe:	68e2                	ld	a7,24(sp)
   11500:	7702                	ld	a4,32(sp)
   11502:	77a2                	ld	a5,40(sp)
   11504:	7e42                	ld	t3,48(sp)
   11506:	7862                	ld	a6,56(sp)
   11508:	0aa68f63          	beq	a3,a0,115c6 <_malloc_r+0x616>
   1150c:	6586                	ld	a1,64(sp)
   1150e:	0005851b          	sext.w	a0,a1
   11512:	b3a1                	j	1125a <_malloc_r+0x2aa>
   11514:	05400613          	li	a2,84
   11518:	06d66563          	bltu	a2,a3,11582 <_malloc_r+0x5d2>
   1151c:	00c35693          	srli	a3,t1,0xc
   11520:	00169513          	slli	a0,a3,0x1
   11524:	0de5051b          	addiw	a0,a0,222
   11528:	050e                	slli	a0,a0,0x3
   1152a:	06e6861b          	addiw	a2,a3,110
   1152e:	bd11                	j	11342 <_malloc_r+0x392>
   11530:	15400693          	li	a3,340
   11534:	06f6e563          	bltu	a3,a5,1159e <_malloc_r+0x5ee>
   11538:	00f75793          	srli	a5,a4,0xf
   1153c:	0787889b          	addiw	a7,a5,120
   11540:	0018951b          	slliw	a0,a7,0x1
   11544:	07778e1b          	addiw	t3,a5,119
   11548:	050e                	slli	a0,a0,0x3
   1154a:	be29                	j	11064 <_malloc_r+0xb4>
   1154c:	2b018e13          	addi	t3,gp,688 # 1d5c0 <__malloc_current_mallinfo>
   11550:	000e2503          	lw	a0,0(t3)
   11554:	9d2d                	addw	a0,a0,a1
   11556:	00ae2023          	sw	a0,0(t3)
   1155a:	b959                	j	111f0 <_malloc_r+0x240>
   1155c:	03431f13          	slli	t5,t1,0x34
   11560:	c80f18e3          	bnez	t5,111f0 <_malloc_r+0x240>
   11564:	01083303          	ld	t1,16(a6)
   11568:	95c6                	add	a1,a1,a7
   1156a:	0015e693          	ori	a3,a1,1
   1156e:	00d33423          	sd	a3,8(t1)
   11572:	bb25                	j	112aa <_malloc_r+0x2fa>
   11574:	a061b823          	sd	t1,-1520(gp) # 1cd20 <__malloc_sbrk_base>
   11578:	b171                	j	11204 <_malloc_r+0x254>
   1157a:	4785                	li	a5,1
   1157c:	00f33423          	sd	a5,8(t1)
   11580:	b5e5                	j	11468 <_malloc_r+0x4b8>
   11582:	15400613          	li	a2,340
   11586:	06d66663          	bltu	a2,a3,115f2 <_malloc_r+0x642>
   1158a:	00f35693          	srli	a3,t1,0xf
   1158e:	00169513          	slli	a0,a3,0x1
   11592:	0f05051b          	addiw	a0,a0,240
   11596:	050e                	slli	a0,a0,0x3
   11598:	0776861b          	addiw	a2,a3,119
   1159c:	b35d                	j	11342 <_malloc_r+0x392>
   1159e:	55400693          	li	a3,1364
   115a2:	06f6e663          	bltu	a3,a5,1160e <_malloc_r+0x65e>
   115a6:	01275793          	srli	a5,a4,0x12
   115aa:	07d7889b          	addiw	a7,a5,125
   115ae:	0018951b          	slliw	a0,a7,0x1
   115b2:	07c78e1b          	addiw	t3,a5,124
   115b6:	050e                	slli	a0,a0,0x3
   115b8:	b475                	j	11064 <_malloc_r+0xb4>
   115ba:	1ec1                	addi	t4,t4,-16
   115bc:	01d606b3          	add	a3,a2,t4
   115c0:	4501                	li	a0,0
   115c2:	4581                	li	a1,0
   115c4:	b959                	j	1125a <_malloc_r+0x2aa>
   115c6:	66a2                	ld	a3,8(sp)
   115c8:	4581                	li	a1,0
   115ca:	4501                	li	a0,0
   115cc:	b179                	j	1125a <_malloc_r+0x2aa>
   115ce:	01078593          	addi	a1,a5,16
   115d2:	8522                	mv	a0,s0
   115d4:	ec42                	sd	a6,24(sp)
   115d6:	e872                	sd	t3,16(sp)
   115d8:	e43a                	sd	a4,8(sp)
   115da:	70b000ef          	jal	124e4 <_free_r>
   115de:	6862                	ld	a6,24(sp)
   115e0:	6e42                	ld	t3,16(sp)
   115e2:	6722                	ld	a4,8(sp)
   115e4:	01083303          	ld	t1,16(a6)
   115e8:	000e2603          	lw	a2,0(t3)
   115ec:	00833683          	ld	a3,8(t1)
   115f0:	b96d                	j	112aa <_malloc_r+0x2fa>
   115f2:	55400613          	li	a2,1364
   115f6:	02d66363          	bltu	a2,a3,1161c <_malloc_r+0x66c>
   115fa:	01235693          	srli	a3,t1,0x12
   115fe:	00169513          	slli	a0,a3,0x1
   11602:	0fa5051b          	addiw	a0,a0,250
   11606:	050e                	slli	a0,a0,0x3
   11608:	07c6861b          	addiw	a2,a3,124
   1160c:	bb1d                	j	11342 <_malloc_r+0x392>
   1160e:	7f000513          	li	a0,2032
   11612:	07f00893          	li	a7,127
   11616:	07e00e13          	li	t3,126
   1161a:	b4a9                	j	11064 <_malloc_r+0xb4>
   1161c:	7f000513          	li	a0,2032
   11620:	07e00613          	li	a2,126
   11624:	bb39                	j	11342 <_malloc_r+0x392>
   11626:	00883783          	ld	a5,8(a6)
   1162a:	bd9d                	j	114a0 <_malloc_r+0x4f0>

000000000001162c <__malloc_lock>:
   1162c:	8082                	ret

000000000001162e <__malloc_unlock>:
   1162e:	8082                	ret

0000000000011630 <_strtol_l.part.0>:
   11630:	1141                	addi	sp,sp,-16
   11632:	68ed                	lui	a7,0x1b
   11634:	e422                	sd	s0,8(sp)
   11636:	87ae                	mv	a5,a1
   11638:	842a                	mv	s0,a0
   1163a:	bb188893          	addi	a7,a7,-1103 # 1abb1 <_ctype_+0x1>
   1163e:	833e                	mv	t1,a5
   11640:	0007c803          	lbu	a6,0(a5)
   11644:	0785                	addi	a5,a5,1
   11646:	01088733          	add	a4,a7,a6
   1164a:	00074703          	lbu	a4,0(a4)
   1164e:	8b21                	andi	a4,a4,8
   11650:	f77d                	bnez	a4,1163e <_strtol_l.part.0+0xe>
   11652:	02d00713          	li	a4,45
   11656:	0008089b          	sext.w	a7,a6
   1165a:	fef6ff93          	andi	t6,a3,-17
   1165e:	0ee80063          	beq	a6,a4,1173e <_strtol_l.part.0+0x10e>
   11662:	02b00713          	li	a4,43
   11666:	02e88563          	beq	a7,a4,11690 <_strtol_l.part.0+0x60>
   1166a:	020f9963          	bnez	t6,1169c <_strtol_l.part.0+0x6c>
   1166e:	03000713          	li	a4,48
   11672:	16e88d63          	beq	a7,a4,117ec <_strtol_l.part.0+0x1bc>
   11676:	14068c63          	beqz	a3,117ce <_strtol_l.part.0+0x19e>
   1167a:	537d                	li	t1,-1
   1167c:	46c1                	li	a3,16
   1167e:	00535313          	srli	t1,t1,0x5
   11682:	82b6                	mv	t0,a3
   11684:	4fbd                	li	t6,15
   11686:	577d                	li	a4,-1
   11688:	00175393          	srli	t2,a4,0x1
   1168c:	4f01                	li	t5,0
   1168e:	a01d                	j	116b4 <_strtol_l.part.0+0x84>
   11690:	0007c883          	lbu	a7,0(a5)
   11694:	00230793          	addi	a5,t1,2
   11698:	0e0f8f63          	beqz	t6,11796 <_strtol_l.part.0+0x166>
   1169c:	537d                	li	t1,-1
   1169e:	00135313          	srli	t1,t1,0x1
   116a2:	02d37533          	remu	a0,t1,a3
   116a6:	839a                	mv	t2,t1
   116a8:	82b6                	mv	t0,a3
   116aa:	4f01                	li	t5,0
   116ac:	02d35333          	divu	t1,t1,a3
   116b0:	00050f9b          	sext.w	t6,a0
   116b4:	4801                	li	a6,0
   116b6:	4501                	li	a0,0
   116b8:	4e25                	li	t3,9
   116ba:	4ee5                	li	t4,25
   116bc:	fd08871b          	addiw	a4,a7,-48
   116c0:	00ee7863          	bgeu	t3,a4,116d0 <_strtol_l.part.0+0xa0>
   116c4:	fbf8871b          	addiw	a4,a7,-65
   116c8:	02eee663          	bltu	t4,a4,116f4 <_strtol_l.part.0+0xc4>
   116cc:	fc98871b          	addiw	a4,a7,-55
   116d0:	02d75a63          	bge	a4,a3,11704 <_strtol_l.part.0+0xd4>
   116d4:	0805                	addi	a6,a6,1
   116d6:	00080d63          	beqz	a6,116f0 <_strtol_l.part.0+0xc0>
   116da:	00a36b63          	bltu	t1,a0,116f0 <_strtol_l.part.0+0xc0>
   116de:	04651163          	bne	a0,t1,11720 <_strtol_l.part.0+0xf0>
   116e2:	587d                	li	a6,-1
   116e4:	02efde63          	bge	t6,a4,11720 <_strtol_l.part.0+0xf0>
   116e8:	0785                	addi	a5,a5,1
   116ea:	fff7c883          	lbu	a7,-1(a5)
   116ee:	b7f9                	j	116bc <_strtol_l.part.0+0x8c>
   116f0:	587d                	li	a6,-1
   116f2:	bfdd                	j	116e8 <_strtol_l.part.0+0xb8>
   116f4:	f9f8871b          	addiw	a4,a7,-97
   116f8:	00eee663          	bltu	t4,a4,11704 <_strtol_l.part.0+0xd4>
   116fc:	fa98871b          	addiw	a4,a7,-87
   11700:	fcd74ae3          	blt	a4,a3,116d4 <_strtol_l.part.0+0xa4>
   11704:	577d                	li	a4,-1
   11706:	02e80363          	beq	a6,a4,1172c <_strtol_l.part.0+0xfc>
   1170a:	000f0463          	beqz	t5,11712 <_strtol_l.part.0+0xe2>
   1170e:	40a00533          	neg	a0,a0
   11712:	c601                	beqz	a2,1171a <_strtol_l.part.0+0xea>
   11714:	06081f63          	bnez	a6,11792 <_strtol_l.part.0+0x162>
   11718:	e20c                	sd	a1,0(a2)
   1171a:	6422                	ld	s0,8(sp)
   1171c:	0141                	addi	sp,sp,16
   1171e:	8082                	ret
   11720:	025508b3          	mul	a7,a0,t0
   11724:	4805                	li	a6,1
   11726:	01170533          	add	a0,a4,a7
   1172a:	bf7d                	j	116e8 <_strtol_l.part.0+0xb8>
   1172c:	02200693          	li	a3,34
   11730:	c014                	sw	a3,0(s0)
   11732:	851e                	mv	a0,t2
   11734:	d27d                	beqz	a2,1171a <_strtol_l.part.0+0xea>
   11736:	fff78593          	addi	a1,a5,-1
   1173a:	851e                	mv	a0,t2
   1173c:	bff1                	j	11718 <_strtol_l.part.0+0xe8>
   1173e:	0007c883          	lbu	a7,0(a5)
   11742:	00230793          	addi	a5,t1,2
   11746:	020f9a63          	bnez	t6,1177a <_strtol_l.part.0+0x14a>
   1174a:	03000713          	li	a4,48
   1174e:	0ce88263          	beq	a7,a4,11812 <_strtol_l.part.0+0x1e2>
   11752:	e2f5                	bnez	a3,11836 <_strtol_l.part.0+0x206>
   11754:	33333737          	lui	a4,0x33333
   11758:	03333337          	lui	t1,0x3333
   1175c:	33370713          	addi	a4,a4,819 # 33333333 <__BSS_END__+0x33315823>
   11760:	33330313          	addi	t1,t1,819 # 3333333 <__BSS_END__+0x3315823>
   11764:	070a                	slli	a4,a4,0x2
   11766:	130a                	slli	t1,t1,0x22
   11768:	933a                	add	t1,t1,a4
   1176a:	46a9                	li	a3,10
   1176c:	577d                	li	a4,-1
   1176e:	82b6                	mv	t0,a3
   11770:	03f71393          	slli	t2,a4,0x3f
   11774:	4fa1                	li	t6,8
   11776:	4f05                	li	t5,1
   11778:	bf35                	j	116b4 <_strtol_l.part.0+0x84>
   1177a:	537d                	li	t1,-1
   1177c:	137e                	slli	t1,t1,0x3f
   1177e:	02d37533          	remu	a0,t1,a3
   11782:	839a                	mv	t2,t1
   11784:	82b6                	mv	t0,a3
   11786:	4f05                	li	t5,1
   11788:	02d35333          	divu	t1,t1,a3
   1178c:	00050f9b          	sext.w	t6,a0
   11790:	b715                	j	116b4 <_strtol_l.part.0+0x84>
   11792:	83aa                	mv	t2,a0
   11794:	b74d                	j	11736 <_strtol_l.part.0+0x106>
   11796:	03000713          	li	a4,48
   1179a:	ece89ee3          	bne	a7,a4,11676 <_strtol_l.part.0+0x46>
   1179e:	00234703          	lbu	a4,2(t1)
   117a2:	05800513          	li	a0,88
   117a6:	0df77713          	andi	a4,a4,223
   117aa:	06a71063          	bne	a4,a0,1180a <_strtol_l.part.0+0x1da>
   117ae:	00334883          	lbu	a7,3(t1)
   117b2:	46c1                	li	a3,16
   117b4:	82b6                	mv	t0,a3
   117b6:	00430793          	addi	a5,t1,4
   117ba:	537d                	li	t1,-1
   117bc:	00135313          	srli	t1,t1,0x1
   117c0:	02537533          	remu	a0,t1,t0
   117c4:	02535333          	divu	t1,t1,t0
   117c8:	00050f9b          	sext.w	t6,a0
   117cc:	bd6d                	j	11686 <_strtol_l.part.0+0x56>
   117ce:	33333737          	lui	a4,0x33333
   117d2:	03333337          	lui	t1,0x3333
   117d6:	33370713          	addi	a4,a4,819 # 33333333 <__BSS_END__+0x33315823>
   117da:	33330313          	addi	t1,t1,819 # 3333333 <__BSS_END__+0x3315823>
   117de:	070a                	slli	a4,a4,0x2
   117e0:	130a                	slli	t1,t1,0x22
   117e2:	46a9                	li	a3,10
   117e4:	933a                	add	t1,t1,a4
   117e6:	82b6                	mv	t0,a3
   117e8:	4f9d                	li	t6,7
   117ea:	bd71                	j	11686 <_strtol_l.part.0+0x56>
   117ec:	0007c703          	lbu	a4,0(a5)
   117f0:	05800513          	li	a0,88
   117f4:	0df77713          	andi	a4,a4,223
   117f8:	00a71963          	bne	a4,a0,1180a <_strtol_l.part.0+0x1da>
   117fc:	46c1                	li	a3,16
   117fe:	0017c883          	lbu	a7,1(a5)
   11802:	82b6                	mv	t0,a3
   11804:	00330793          	addi	a5,t1,3
   11808:	bf4d                	j	117ba <_strtol_l.part.0+0x18a>
   1180a:	e6b9                	bnez	a3,11858 <_strtol_l.part.0+0x228>
   1180c:	46a1                	li	a3,8
   1180e:	82b6                	mv	t0,a3
   11810:	b76d                	j	117ba <_strtol_l.part.0+0x18a>
   11812:	00234703          	lbu	a4,2(t1)
   11816:	05800513          	li	a0,88
   1181a:	0df77713          	andi	a4,a4,223
   1181e:	02a70663          	beq	a4,a0,1184a <_strtol_l.part.0+0x21a>
   11822:	ce95                	beqz	a3,1185e <_strtol_l.part.0+0x22e>
   11824:	46c1                	li	a3,16
   11826:	82b6                	mv	t0,a3
   11828:	577d                	li	a4,-1
   1182a:	177e                	slli	a4,a4,0x3f
   1182c:	02575333          	divu	t1,a4,t0
   11830:	83ba                	mv	t2,a4
   11832:	4f05                	li	t5,1
   11834:	b541                	j	116b4 <_strtol_l.part.0+0x84>
   11836:	4505                	li	a0,1
   11838:	46c1                	li	a3,16
   1183a:	577d                	li	a4,-1
   1183c:	03b51313          	slli	t1,a0,0x3b
   11840:	8f2a                	mv	t5,a0
   11842:	82b6                	mv	t0,a3
   11844:	03f71393          	slli	t2,a4,0x3f
   11848:	b5b5                	j	116b4 <_strtol_l.part.0+0x84>
   1184a:	46c1                	li	a3,16
   1184c:	00334883          	lbu	a7,3(t1)
   11850:	82b6                	mv	t0,a3
   11852:	00430793          	addi	a5,t1,4
   11856:	bfc9                	j	11828 <_strtol_l.part.0+0x1f8>
   11858:	46c1                	li	a3,16
   1185a:	82b6                	mv	t0,a3
   1185c:	bfb9                	j	117ba <_strtol_l.part.0+0x18a>
   1185e:	46a1                	li	a3,8
   11860:	82b6                	mv	t0,a3
   11862:	b7d9                	j	11828 <_strtol_l.part.0+0x1f8>

0000000000011864 <_strtol_r>:
   11864:	02400713          	li	a4,36
   11868:	00d76663          	bltu	a4,a3,11874 <_strtol_r+0x10>
   1186c:	fff68793          	addi	a5,a3,-1
   11870:	c391                	beqz	a5,11874 <_strtol_r+0x10>
   11872:	bb7d                	j	11630 <_strtol_l.part.0>
   11874:	1141                	addi	sp,sp,-16
   11876:	e406                	sd	ra,8(sp)
   11878:	1b7000ef          	jal	1222e <__errno>
   1187c:	60a2                	ld	ra,8(sp)
   1187e:	47d9                	li	a5,22
   11880:	c11c                	sw	a5,0(a0)
   11882:	4501                	li	a0,0
   11884:	0141                	addi	sp,sp,16
   11886:	8082                	ret

0000000000011888 <strtol_l>:
   11888:	02400793          	li	a5,36
   1188c:	00c7ec63          	bltu	a5,a2,118a4 <strtol_l+0x1c>
   11890:	fff60793          	addi	a5,a2,-1
   11894:	cb81                	beqz	a5,118a4 <strtol_l+0x1c>
   11896:	872a                	mv	a4,a0
   11898:	a201b503          	ld	a0,-1504(gp) # 1cd30 <_impure_ptr>
   1189c:	86b2                	mv	a3,a2
   1189e:	862e                	mv	a2,a1
   118a0:	85ba                	mv	a1,a4
   118a2:	b379                	j	11630 <_strtol_l.part.0>
   118a4:	1141                	addi	sp,sp,-16
   118a6:	e406                	sd	ra,8(sp)
   118a8:	187000ef          	jal	1222e <__errno>
   118ac:	60a2                	ld	ra,8(sp)
   118ae:	47d9                	li	a5,22
   118b0:	c11c                	sw	a5,0(a0)
   118b2:	4501                	li	a0,0
   118b4:	0141                	addi	sp,sp,16
   118b6:	8082                	ret

00000000000118b8 <strtol>:
   118b8:	02400793          	li	a5,36
   118bc:	00c7ec63          	bltu	a5,a2,118d4 <strtol+0x1c>
   118c0:	fff60793          	addi	a5,a2,-1
   118c4:	cb81                	beqz	a5,118d4 <strtol+0x1c>
   118c6:	872a                	mv	a4,a0
   118c8:	a201b503          	ld	a0,-1504(gp) # 1cd30 <_impure_ptr>
   118cc:	86b2                	mv	a3,a2
   118ce:	862e                	mv	a2,a1
   118d0:	85ba                	mv	a1,a4
   118d2:	bbb9                	j	11630 <_strtol_l.part.0>
   118d4:	1141                	addi	sp,sp,-16
   118d6:	e406                	sd	ra,8(sp)
   118d8:	157000ef          	jal	1222e <__errno>
   118dc:	60a2                	ld	ra,8(sp)
   118de:	47d9                	li	a5,22
   118e0:	c11c                	sw	a5,0(a0)
   118e2:	4501                	li	a0,0
   118e4:	0141                	addi	sp,sp,16
   118e6:	8082                	ret

00000000000118e8 <_strtoull_l.isra.0>:
   118e8:	676d                	lui	a4,0x1b
   118ea:	8eaa                	mv	t4,a0
   118ec:	87ae                	mv	a5,a1
   118ee:	bb170513          	addi	a0,a4,-1103 # 1abb1 <_ctype_+0x1>
   118f2:	833e                	mv	t1,a5
   118f4:	0007c803          	lbu	a6,0(a5)
   118f8:	0785                	addi	a5,a5,1
   118fa:	01050733          	add	a4,a0,a6
   118fe:	00074703          	lbu	a4,0(a4)
   11902:	8b21                	andi	a4,a4,8
   11904:	f77d                	bnez	a4,118f2 <_strtoull_l.isra.0+0xa>
   11906:	02d00713          	li	a4,45
   1190a:	0008089b          	sext.w	a7,a6
   1190e:	0ce80f63          	beq	a6,a4,119ec <_strtoull_l.isra.0+0x104>
   11912:	02b00713          	li	a4,43
   11916:	4f81                	li	t6,0
   11918:	0ae88b63          	beq	a7,a4,119ce <_strtoull_l.isra.0+0xe6>
   1191c:	fef6f713          	andi	a4,a3,-17
   11920:	c341                	beqz	a4,119a0 <_strtoull_l.isra.0+0xb8>
   11922:	537d                	li	t1,-1
   11924:	02d372b3          	remu	t0,t1,a3
   11928:	83b6                	mv	t2,a3
   1192a:	02d35333          	divu	t1,t1,a3
   1192e:	2281                	sext.w	t0,t0
   11930:	4801                	li	a6,0
   11932:	4501                	li	a0,0
   11934:	4e25                	li	t3,9
   11936:	4f65                	li	t5,25
   11938:	fd08871b          	addiw	a4,a7,-48
   1193c:	00ee7863          	bgeu	t3,a4,1194c <_strtoull_l.isra.0+0x64>
   11940:	fbf8871b          	addiw	a4,a7,-65
   11944:	02ef6663          	bltu	t5,a4,11970 <_strtoull_l.isra.0+0x88>
   11948:	fc98871b          	addiw	a4,a7,-55
   1194c:	02d75a63          	bge	a4,a3,11980 <_strtoull_l.isra.0+0x98>
   11950:	0805                	addi	a6,a6,1
   11952:	00080d63          	beqz	a6,1196c <_strtoull_l.isra.0+0x84>
   11956:	00a36b63          	bltu	t1,a0,1196c <_strtoull_l.isra.0+0x84>
   1195a:	02651d63          	bne	a0,t1,11994 <_strtoull_l.isra.0+0xac>
   1195e:	587d                	li	a6,-1
   11960:	02e2da63          	bge	t0,a4,11994 <_strtoull_l.isra.0+0xac>
   11964:	0785                	addi	a5,a5,1
   11966:	fff7c883          	lbu	a7,-1(a5)
   1196a:	b7f9                	j	11938 <_strtoull_l.isra.0+0x50>
   1196c:	587d                	li	a6,-1
   1196e:	bfdd                	j	11964 <_strtoull_l.isra.0+0x7c>
   11970:	f9f8871b          	addiw	a4,a7,-97
   11974:	00ef6663          	bltu	t5,a4,11980 <_strtoull_l.isra.0+0x98>
   11978:	fa98871b          	addiw	a4,a7,-87
   1197c:	fcd74ae3          	blt	a4,a3,11950 <_strtoull_l.isra.0+0x68>
   11980:	577d                	li	a4,-1
   11982:	04e80b63          	beq	a6,a4,119d8 <_strtoull_l.isra.0+0xf0>
   11986:	040f9163          	bnez	t6,119c8 <_strtoull_l.isra.0+0xe0>
   1198a:	c601                	beqz	a2,11992 <_strtoull_l.isra.0+0xaa>
   1198c:	04081c63          	bnez	a6,119e4 <_strtoull_l.isra.0+0xfc>
   11990:	e20c                	sd	a1,0(a2)
   11992:	8082                	ret
   11994:	027508b3          	mul	a7,a0,t2
   11998:	4805                	li	a6,1
   1199a:	01170533          	add	a0,a4,a7
   1199e:	b7d9                	j	11964 <_strtoull_l.isra.0+0x7c>
   119a0:	03000713          	li	a4,48
   119a4:	04e88a63          	beq	a7,a4,119f8 <_strtoull_l.isra.0+0x110>
   119a8:	eab5                	bnez	a3,11a1c <_strtoull_l.isra.0+0x134>
   119aa:	4cccd737          	lui	a4,0x4cccd
   119ae:	1999a337          	lui	t1,0x1999a
   119b2:	0706                	slli	a4,a4,0x1
   119b4:	99930313          	addi	t1,t1,-1639 # 19999999 <__BSS_END__+0x1997be89>
   119b8:	99970713          	addi	a4,a4,-1639 # 4cccc999 <__BSS_END__+0x4ccaee89>
   119bc:	1302                	slli	t1,t1,0x20
   119be:	46a9                	li	a3,10
   119c0:	933a                	add	t1,t1,a4
   119c2:	83b6                	mv	t2,a3
   119c4:	4295                	li	t0,5
   119c6:	b7ad                	j	11930 <_strtoull_l.isra.0+0x48>
   119c8:	40a00533          	neg	a0,a0
   119cc:	bf7d                	j	1198a <_strtoull_l.isra.0+0xa2>
   119ce:	0007c883          	lbu	a7,0(a5)
   119d2:	00230793          	addi	a5,t1,2
   119d6:	b799                	j	1191c <_strtoull_l.isra.0+0x34>
   119d8:	02200713          	li	a4,34
   119dc:	00eea023          	sw	a4,0(t4)
   119e0:	8542                	mv	a0,a6
   119e2:	c621                	beqz	a2,11a2a <_strtoull_l.isra.0+0x142>
   119e4:	fff78593          	addi	a1,a5,-1
   119e8:	e20c                	sd	a1,0(a2)
   119ea:	8082                	ret
   119ec:	0007c883          	lbu	a7,0(a5)
   119f0:	4f85                	li	t6,1
   119f2:	00230793          	addi	a5,t1,2
   119f6:	b71d                	j	1191c <_strtoull_l.isra.0+0x34>
   119f8:	0007c703          	lbu	a4,0(a5)
   119fc:	05800513          	li	a0,88
   11a00:	537d                	li	t1,-1
   11a02:	0df77713          	andi	a4,a4,223
   11a06:	02a71363          	bne	a4,a0,11a2c <_strtoull_l.isra.0+0x144>
   11a0a:	46c1                	li	a3,16
   11a0c:	0017c883          	lbu	a7,1(a5)
   11a10:	00435313          	srli	t1,t1,0x4
   11a14:	83b6                	mv	t2,a3
   11a16:	42bd                	li	t0,15
   11a18:	0789                	addi	a5,a5,2
   11a1a:	bf19                	j	11930 <_strtoull_l.isra.0+0x48>
   11a1c:	537d                	li	t1,-1
   11a1e:	46c1                	li	a3,16
   11a20:	00435313          	srli	t1,t1,0x4
   11a24:	83b6                	mv	t2,a3
   11a26:	42bd                	li	t0,15
   11a28:	b721                	j	11930 <_strtoull_l.isra.0+0x48>
   11a2a:	8082                	ret
   11a2c:	e699                	bnez	a3,11a3a <_strtoull_l.isra.0+0x152>
   11a2e:	46a1                	li	a3,8
   11a30:	00335313          	srli	t1,t1,0x3
   11a34:	83b6                	mv	t2,a3
   11a36:	429d                	li	t0,7
   11a38:	bde5                	j	11930 <_strtoull_l.isra.0+0x48>
   11a3a:	46c1                	li	a3,16
   11a3c:	00435313          	srli	t1,t1,0x4
   11a40:	83b6                	mv	t2,a3
   11a42:	42bd                	li	t0,15
   11a44:	b5f5                	j	11930 <_strtoull_l.isra.0+0x48>

0000000000011a46 <_strtoull_r>:
   11a46:	b54d                	j	118e8 <_strtoull_l.isra.0>

0000000000011a48 <strtoull_l>:
   11a48:	872a                	mv	a4,a0
   11a4a:	a201b503          	ld	a0,-1504(gp) # 1cd30 <_impure_ptr>
   11a4e:	86b2                	mv	a3,a2
   11a50:	862e                	mv	a2,a1
   11a52:	85ba                	mv	a1,a4
   11a54:	bd51                	j	118e8 <_strtoull_l.isra.0>

0000000000011a56 <strtoull>:
   11a56:	872a                	mv	a4,a0
   11a58:	a201b503          	ld	a0,-1504(gp) # 1cd30 <_impure_ptr>
   11a5c:	86b2                	mv	a3,a2
   11a5e:	862e                	mv	a2,a1
   11a60:	85ba                	mv	a1,a4
   11a62:	b559                	j	118e8 <_strtoull_l.isra.0>

0000000000011a64 <__fp_lock>:
   11a64:	4501                	li	a0,0
   11a66:	8082                	ret

0000000000011a68 <stdio_exit_handler>:
   11a68:	6675                	lui	a2,0x1d
   11a6a:	65d5                	lui	a1,0x15
   11a6c:	6575                	lui	a0,0x1d
   11a6e:	95060613          	addi	a2,a2,-1712 # 1c950 <__sglue>
   11a72:	8d658593          	addi	a1,a1,-1834 # 148d6 <_fclose_r>
   11a76:	96850513          	addi	a0,a0,-1688 # 1c968 <_impure_data>
   11a7a:	a4dd                	j	11d60 <_fwalk_sglue>

0000000000011a7c <cleanup_stdio>:
   11a7c:	650c                	ld	a1,8(a0)
   11a7e:	1141                	addi	sp,sp,-16
   11a80:	e022                	sd	s0,0(sp)
   11a82:	e406                	sd	ra,8(sp)
   11a84:	2d818793          	addi	a5,gp,728 # 1d5e8 <__sf>
   11a88:	842a                	mv	s0,a0
   11a8a:	00f58463          	beq	a1,a5,11a92 <cleanup_stdio+0x16>
   11a8e:	649020ef          	jal	148d6 <_fclose_r>
   11a92:	680c                	ld	a1,16(s0)
   11a94:	38818793          	addi	a5,gp,904 # 1d698 <__sf+0xb0>
   11a98:	00f58563          	beq	a1,a5,11aa2 <cleanup_stdio+0x26>
   11a9c:	8522                	mv	a0,s0
   11a9e:	639020ef          	jal	148d6 <_fclose_r>
   11aa2:	6c0c                	ld	a1,24(s0)
   11aa4:	43818793          	addi	a5,gp,1080 # 1d748 <__sf+0x160>
   11aa8:	00f58863          	beq	a1,a5,11ab8 <cleanup_stdio+0x3c>
   11aac:	8522                	mv	a0,s0
   11aae:	6402                	ld	s0,0(sp)
   11ab0:	60a2                	ld	ra,8(sp)
   11ab2:	0141                	addi	sp,sp,16
   11ab4:	6230206f          	j	148d6 <_fclose_r>
   11ab8:	60a2                	ld	ra,8(sp)
   11aba:	6402                	ld	s0,0(sp)
   11abc:	0141                	addi	sp,sp,16
   11abe:	8082                	ret

0000000000011ac0 <__fp_unlock>:
   11ac0:	4501                	li	a0,0
   11ac2:	8082                	ret

0000000000011ac4 <global_stdio_init.part.0>:
   11ac4:	cce17057          	vsetivli	zero,2,e16,mf4,ta,ma
   11ac8:	5208a0d7          	vid.v	v1
   11acc:	57f1                	li	a5,-4
   11ace:	9617e0d7          	vmul.vx	v1,v1,a5
   11ad2:	0d707057          	vsetvli	zero,zero,e32,mf2,ta,ma
   11ad6:	7179                	addi	sp,sp,-48
   11ad8:	5e003157          	vmv.v.i	v2,0
   11adc:	0ce07057          	vsetvli	zero,zero,e16,mf4,ta,ma
   11ae0:	f022                	sd	s0,32(sp)
   11ae2:	021230d7          	vadd.vi	v1,v1,4
   11ae6:	2d818413          	addi	s0,gp,728 # 1d5e8 <__sf>
   11aea:	f406                	sd	ra,40(sp)
   11aec:	ec26                	sd	s1,24(sp)
   11aee:	e84a                	sd	s2,16(sp)
   11af0:	e44e                	sd	s3,8(sp)
   11af2:	e052                	sd	s4,0(sp)
   11af4:	01040713          	addi	a4,s0,16
   11af8:	020750a7          	vse16.v	v1,(a4)
   11afc:	67c9                	lui	a5,0x12
   11afe:	00840713          	addi	a4,s0,8
   11b02:	02076127          	vse32.v	v2,(a4)
   11b06:	a6878793          	addi	a5,a5,-1432 # 11a68 <stdio_exit_handler>
   11b0a:	4621                	li	a2,8
   11b0c:	4581                	li	a1,0
   11b0e:	37c18513          	addi	a0,gp,892 # 1d68c <__sf+0xa4>
   11b12:	a4f1b423          	sd	a5,-1464(gp) # 1cd58 <__stdio_exit_handler>
   11b16:	00043023          	sd	zero,0(s0)
   11b1a:	0a042623          	sw	zero,172(s0)
   11b1e:	00043c23          	sd	zero,24(s0)
   11b22:	02042023          	sw	zero,32(s0)
   11b26:	02042423          	sw	zero,40(s0)
   11b2a:	76c000ef          	jal	12296 <memset>
   11b2e:	cce17057          	vsetivli	zero,2,e16,mf4,ta,ma
   11b32:	5208a0d7          	vid.v	v1
   11b36:	57e1                	li	a5,-8
   11b38:	9617e0d7          	vmul.vx	v1,v1,a5
   11b3c:	0d707057          	vsetvli	zero,zero,e32,mf2,ta,ma
   11b40:	5e003157          	vmv.v.i	v2,0
   11b44:	0ce07057          	vsetvli	zero,zero,e16,mf4,ta,ma
   11b48:	0214b0d7          	vadd.vi	v1,v1,9
   11b4c:	0c040793          	addi	a5,s0,192
   11b50:	6a49                	lui	s4,0x12
   11b52:	69c9                	lui	s3,0x12
   11b54:	6949                	lui	s2,0x12
   11b56:	64c9                	lui	s1,0x12
   11b58:	0207d0a7          	vse16.v	v1,(a5)
   11b5c:	f6aa0a13          	addi	s4,s4,-150 # 11f6a <__sread>
   11b60:	0b840793          	addi	a5,s0,184
   11b64:	fa698993          	addi	s3,s3,-90 # 11fa6 <__swrite>
   11b68:	ff890913          	addi	s2,s2,-8 # 11ff8 <__sseek>
   11b6c:	03a48493          	addi	s1,s1,58 # 1203a <__sclose>
   11b70:	4621                	li	a2,8
   11b72:	4581                	li	a1,0
   11b74:	42c18513          	addi	a0,gp,1068 # 1d73c <__sf+0x154>
   11b78:	0207e127          	vse32.v	v2,(a5)
   11b7c:	03443c23          	sd	s4,56(s0)
   11b80:	05343023          	sd	s3,64(s0)
   11b84:	05243423          	sd	s2,72(s0)
   11b88:	e824                	sd	s1,80(s0)
   11b8a:	f800                	sd	s0,48(s0)
   11b8c:	0a043823          	sd	zero,176(s0)
   11b90:	14042e23          	sw	zero,348(s0)
   11b94:	0c043423          	sd	zero,200(s0)
   11b98:	0c042823          	sw	zero,208(s0)
   11b9c:	0c042c23          	sw	zero,216(s0)
   11ba0:	6f6000ef          	jal	12296 <memset>
   11ba4:	cce17057          	vsetivli	zero,2,e16,mf4,ta,ma
   11ba8:	5208a0d7          	vid.v	v1
   11bac:	57c1                	li	a5,-16
   11bae:	9617e0d7          	vmul.vx	v1,v1,a5
   11bb2:	0d707057          	vsetvli	zero,zero,e32,mf2,ta,ma
   11bb6:	5e003157          	vmv.v.i	v2,0
   11bba:	4749                	li	a4,18
   11bbc:	0ce07057          	vsetvli	zero,zero,e16,mf4,ta,ma
   11bc0:	021740d7          	vadd.vx	v1,v1,a4
   11bc4:	17040693          	addi	a3,s0,368
   11bc8:	38818793          	addi	a5,gp,904 # 1d698 <__sf+0xb0>
   11bcc:	16840713          	addi	a4,s0,360
   11bd0:	4dc18513          	addi	a0,gp,1244 # 1d7ec <__sf+0x204>
   11bd4:	4621                	li	a2,8
   11bd6:	4581                	li	a1,0
   11bd8:	0f443423          	sd	s4,232(s0)
   11bdc:	0f343823          	sd	s3,240(s0)
   11be0:	0f243c23          	sd	s2,248(s0)
   11be4:	10943023          	sd	s1,256(s0)
   11be8:	f07c                	sd	a5,224(s0)
   11bea:	16043023          	sd	zero,352(s0)
   11bee:	20042623          	sw	zero,524(s0)
   11bf2:	16043c23          	sd	zero,376(s0)
   11bf6:	18042023          	sw	zero,384(s0)
   11bfa:	18042423          	sw	zero,392(s0)
   11bfe:	0206d0a7          	vse16.v	v1,(a3)
   11c02:	02076127          	vse32.v	v2,(a4)
   11c06:	690000ef          	jal	12296 <memset>
   11c0a:	43818793          	addi	a5,gp,1080 # 1d748 <__sf+0x160>
   11c0e:	19443c23          	sd	s4,408(s0)
   11c12:	1b343023          	sd	s3,416(s0)
   11c16:	1b243423          	sd	s2,424(s0)
   11c1a:	1a943823          	sd	s1,432(s0)
   11c1e:	70a2                	ld	ra,40(sp)
   11c20:	18f43823          	sd	a5,400(s0)
   11c24:	7402                	ld	s0,32(sp)
   11c26:	64e2                	ld	s1,24(sp)
   11c28:	6942                	ld	s2,16(sp)
   11c2a:	69a2                	ld	s3,8(sp)
   11c2c:	6a02                	ld	s4,0(sp)
   11c2e:	6145                	addi	sp,sp,48
   11c30:	8082                	ret

0000000000011c32 <__sfp>:
   11c32:	a481b783          	ld	a5,-1464(gp) # 1cd58 <__stdio_exit_handler>
   11c36:	7179                	addi	sp,sp,-48
   11c38:	ec26                	sd	s1,24(sp)
   11c3a:	f406                	sd	ra,40(sp)
   11c3c:	f022                	sd	s0,32(sp)
   11c3e:	84aa                	mv	s1,a0
   11c40:	cbf9                	beqz	a5,11d16 <__sfp+0xe4>
   11c42:	66f5                	lui	a3,0x1d
   11c44:	95068693          	addi	a3,a3,-1712 # 1c950 <__sglue>
   11c48:	0b000813          	li	a6,176
   11c4c:	4698                	lw	a4,8(a3)
   11c4e:	08e05563          	blez	a4,11cd8 <__sfp+0xa6>
   11c52:	1702                	slli	a4,a4,0x20
   11c54:	9301                	srli	a4,a4,0x20
   11c56:	03070733          	mul	a4,a4,a6
   11c5a:	6a80                	ld	s0,16(a3)
   11c5c:	9722                	add	a4,a4,s0
   11c5e:	a029                	j	11c68 <__sfp+0x36>
   11c60:	0b040413          	addi	s0,s0,176
   11c64:	06e40a63          	beq	s0,a4,11cd8 <__sfp+0xa6>
   11c68:	01041783          	lh	a5,16(s0)
   11c6c:	fbf5                	bnez	a5,11c60 <__sfp+0x2e>
   11c6e:	cce17057          	vsetivli	zero,2,e16,mf4,ta,ma
   11c72:	5208a0d7          	vid.v	v1
   11c76:	57f9                	li	a5,-2
   11c78:	9617e0d7          	vmul.vx	v1,v1,a5
   11c7c:	0d707057          	vsetvli	zero,zero,e32,mf2,ta,ma
   11c80:	5e003157          	vmv.v.i	v2,0
   11c84:	0ce07057          	vsetvli	zero,zero,e16,mf4,ta,ma
   11c88:	0210b0d7          	vadd.vi	v1,v1,1
   11c8c:	01040713          	addi	a4,s0,16
   11c90:	00840793          	addi	a5,s0,8
   11c94:	020750a7          	vse16.v	v1,(a4)
   11c98:	4621                	li	a2,8
   11c9a:	4581                	li	a1,0
   11c9c:	0a440513          	addi	a0,s0,164
   11ca0:	0a042623          	sw	zero,172(s0)
   11ca4:	00043023          	sd	zero,0(s0)
   11ca8:	0207e127          	vse32.v	v2,(a5)
   11cac:	00043c23          	sd	zero,24(s0)
   11cb0:	02042023          	sw	zero,32(s0)
   11cb4:	02042423          	sw	zero,40(s0)
   11cb8:	5de000ef          	jal	12296 <memset>
   11cbc:	04043c23          	sd	zero,88(s0)
   11cc0:	06042023          	sw	zero,96(s0)
   11cc4:	06043c23          	sd	zero,120(s0)
   11cc8:	08042023          	sw	zero,128(s0)
   11ccc:	70a2                	ld	ra,40(sp)
   11cce:	8522                	mv	a0,s0
   11cd0:	7402                	ld	s0,32(sp)
   11cd2:	64e2                	ld	s1,24(sp)
   11cd4:	6145                	addi	sp,sp,48
   11cd6:	8082                	ret
   11cd8:	6280                	ld	s0,0(a3)
   11cda:	c019                	beqz	s0,11ce0 <__sfp+0xae>
   11cdc:	86a2                	mv	a3,s0
   11cde:	b7bd                	j	11c4c <__sfp+0x1a>
   11ce0:	2d800593          	li	a1,728
   11ce4:	8526                	mv	a0,s1
   11ce6:	e436                	sd	a3,8(sp)
   11ce8:	ac8ff0ef          	jal	10fb0 <_malloc_r>
   11cec:	66a2                	ld	a3,8(sp)
   11cee:	842a                	mv	s0,a0
   11cf0:	c515                	beqz	a0,11d1c <__sfp+0xea>
   11cf2:	4791                	li	a5,4
   11cf4:	c51c                	sw	a5,8(a0)
   11cf6:	0561                	addi	a0,a0,24
   11cf8:	00043023          	sd	zero,0(s0)
   11cfc:	e808                	sd	a0,16(s0)
   11cfe:	2c000613          	li	a2,704
   11d02:	4581                	li	a1,0
   11d04:	e436                	sd	a3,8(sp)
   11d06:	590000ef          	jal	12296 <memset>
   11d0a:	66a2                	ld	a3,8(sp)
   11d0c:	0b000813          	li	a6,176
   11d10:	e280                	sd	s0,0(a3)
   11d12:	86a2                	mv	a3,s0
   11d14:	bf25                	j	11c4c <__sfp+0x1a>
   11d16:	dafff0ef          	jal	11ac4 <global_stdio_init.part.0>
   11d1a:	b725                	j	11c42 <__sfp+0x10>
   11d1c:	0006b023          	sd	zero,0(a3)
   11d20:	47b1                	li	a5,12
   11d22:	c09c                	sw	a5,0(s1)
   11d24:	b765                	j	11ccc <__sfp+0x9a>

0000000000011d26 <__sinit>:
   11d26:	653c                	ld	a5,72(a0)
   11d28:	c391                	beqz	a5,11d2c <__sinit+0x6>
   11d2a:	8082                	ret
   11d2c:	67c9                	lui	a5,0x12
   11d2e:	a481b703          	ld	a4,-1464(gp) # 1cd58 <__stdio_exit_handler>
   11d32:	a7c78793          	addi	a5,a5,-1412 # 11a7c <cleanup_stdio>
   11d36:	e53c                	sd	a5,72(a0)
   11d38:	fb6d                	bnez	a4,11d2a <__sinit+0x4>
   11d3a:	b369                	j	11ac4 <global_stdio_init.part.0>

0000000000011d3c <__sfp_lock_acquire>:
   11d3c:	8082                	ret

0000000000011d3e <__sfp_lock_release>:
   11d3e:	8082                	ret

0000000000011d40 <__fp_lock_all>:
   11d40:	6675                	lui	a2,0x1d
   11d42:	65c9                	lui	a1,0x12
   11d44:	95060613          	addi	a2,a2,-1712 # 1c950 <__sglue>
   11d48:	a6458593          	addi	a1,a1,-1436 # 11a64 <__fp_lock>
   11d4c:	4501                	li	a0,0
   11d4e:	a809                	j	11d60 <_fwalk_sglue>

0000000000011d50 <__fp_unlock_all>:
   11d50:	6675                	lui	a2,0x1d
   11d52:	65c9                	lui	a1,0x12
   11d54:	95060613          	addi	a2,a2,-1712 # 1c950 <__sglue>
   11d58:	ac058593          	addi	a1,a1,-1344 # 11ac0 <__fp_unlock>
   11d5c:	4501                	li	a0,0
   11d5e:	a009                	j	11d60 <_fwalk_sglue>

0000000000011d60 <_fwalk_sglue>:
   11d60:	715d                	addi	sp,sp,-80
   11d62:	f84a                	sd	s2,48(sp)
   11d64:	f44e                	sd	s3,40(sp)
   11d66:	f052                	sd	s4,32(sp)
   11d68:	ec56                	sd	s5,24(sp)
   11d6a:	e85a                	sd	s6,16(sp)
   11d6c:	e45e                	sd	s7,8(sp)
   11d6e:	e062                	sd	s8,0(sp)
   11d70:	e486                	sd	ra,72(sp)
   11d72:	e0a2                	sd	s0,64(sp)
   11d74:	fc26                	sd	s1,56(sp)
   11d76:	89b2                	mv	s3,a2
   11d78:	8aaa                	mv	s5,a0
   11d7a:	8b2e                	mv	s6,a1
   11d7c:	4901                	li	s2,0
   11d7e:	0b000b93          	li	s7,176
   11d82:	4c05                	li	s8,1
   11d84:	5a7d                	li	s4,-1
   11d86:	0089a483          	lw	s1,8(s3)
   11d8a:	02905b63          	blez	s1,11dc0 <_fwalk_sglue+0x60>
   11d8e:	1482                	slli	s1,s1,0x20
   11d90:	9081                	srli	s1,s1,0x20
   11d92:	037484b3          	mul	s1,s1,s7
   11d96:	0109b403          	ld	s0,16(s3)
   11d9a:	94a2                	add	s1,s1,s0
   11d9c:	01045783          	lhu	a5,16(s0)
   11da0:	00fc7c63          	bgeu	s8,a5,11db8 <_fwalk_sglue+0x58>
   11da4:	01241783          	lh	a5,18(s0)
   11da8:	85a2                	mv	a1,s0
   11daa:	8556                	mv	a0,s5
   11dac:	01478663          	beq	a5,s4,11db8 <_fwalk_sglue+0x58>
   11db0:	9b02                	jalr	s6
   11db2:	01256933          	or	s2,a0,s2
   11db6:	2901                	sext.w	s2,s2
   11db8:	0b040413          	addi	s0,s0,176
   11dbc:	fe9410e3          	bne	s0,s1,11d9c <_fwalk_sglue+0x3c>
   11dc0:	0009b983          	ld	s3,0(s3)
   11dc4:	fc0991e3          	bnez	s3,11d86 <_fwalk_sglue+0x26>
   11dc8:	60a6                	ld	ra,72(sp)
   11dca:	6406                	ld	s0,64(sp)
   11dcc:	74e2                	ld	s1,56(sp)
   11dce:	79a2                	ld	s3,40(sp)
   11dd0:	7a02                	ld	s4,32(sp)
   11dd2:	6ae2                	ld	s5,24(sp)
   11dd4:	6b42                	ld	s6,16(sp)
   11dd6:	6ba2                	ld	s7,8(sp)
   11dd8:	6c02                	ld	s8,0(sp)
   11dda:	854a                	mv	a0,s2
   11ddc:	7942                	ld	s2,48(sp)
   11dde:	6161                	addi	sp,sp,80
   11de0:	8082                	ret

0000000000011de2 <_fwrite_r>:
   11de2:	02c687b3          	mul	a5,a3,a2
   11de6:	7159                	addi	sp,sp,-112
   11de8:	03810813          	addi	a6,sp,56
   11dec:	88b2                	mv	a7,a2
   11dee:	4605                	li	a2,1
   11df0:	e4c2                	sd	a6,72(sp)
   11df2:	f486                	sd	ra,104(sp)
   11df4:	fc2e                	sd	a1,56(sp)
   11df6:	c8b2                	sw	a2,80(sp)
   11df8:	882a                	mv	a6,a0
   11dfa:	e0be                	sd	a5,64(sp)
   11dfc:	ecbe                	sd	a5,88(sp)
   11dfe:	c119                	beqz	a0,11e04 <_fwrite_r+0x22>
   11e00:	6530                	ld	a2,72(a0)
   11e02:	ce39                	beqz	a2,11e60 <_fwrite_r+0x7e>
   11e04:	01071603          	lh	a2,16(a4)
   11e08:	0ac72583          	lw	a1,172(a4)
   11e0c:	6309                	lui	t1,0x2
   11e0e:	03261513          	slli	a0,a2,0x32
   11e12:	02054f63          	bltz	a0,11e50 <_fwrite_r+0x6e>
   11e16:	7579                	lui	a0,0xffffe
   11e18:	157d                	addi	a0,a0,-1 # ffffffffffffdfff <__BSS_END__+0xfffffffffffe04ef>
   11e1a:	00666633          	or	a2,a2,t1
   11e1e:	8de9                	and	a1,a1,a0
   11e20:	00c71823          	sh	a2,16(a4)
   11e24:	0ab72623          	sw	a1,172(a4)
   11e28:	85ba                	mv	a1,a4
   11e2a:	8542                	mv	a0,a6
   11e2c:	00b0                	addi	a2,sp,72
   11e2e:	e436                	sd	a3,8(sp)
   11e30:	ec46                	sd	a7,24(sp)
   11e32:	e83e                	sd	a5,16(sp)
   11e34:	57d020ef          	jal	14bb0 <__sfvwrite_r>
   11e38:	872a                	mv	a4,a0
   11e3a:	6522                	ld	a0,8(sp)
   11e3c:	c719                	beqz	a4,11e4a <_fwrite_r+0x68>
   11e3e:	6766                	ld	a4,88(sp)
   11e40:	67c2                	ld	a5,16(sp)
   11e42:	68e2                	ld	a7,24(sp)
   11e44:	8f99                	sub	a5,a5,a4
   11e46:	0317d533          	divu	a0,a5,a7
   11e4a:	70a6                	ld	ra,104(sp)
   11e4c:	6165                	addi	sp,sp,112
   11e4e:	8082                	ret
   11e50:	03259613          	slli	a2,a1,0x32
   11e54:	4501                	li	a0,0
   11e56:	fc0659e3          	bgez	a2,11e28 <_fwrite_r+0x46>
   11e5a:	70a6                	ld	ra,104(sp)
   11e5c:	6165                	addi	sp,sp,112
   11e5e:	8082                	ret
   11e60:	f43a                	sd	a4,40(sp)
   11e62:	f036                	sd	a3,32(sp)
   11e64:	ec46                	sd	a7,24(sp)
   11e66:	e43e                	sd	a5,8(sp)
   11e68:	e82a                	sd	a0,16(sp)
   11e6a:	ebdff0ef          	jal	11d26 <__sinit>
   11e6e:	7722                	ld	a4,40(sp)
   11e70:	7682                	ld	a3,32(sp)
   11e72:	68e2                	ld	a7,24(sp)
   11e74:	6842                	ld	a6,16(sp)
   11e76:	67a2                	ld	a5,8(sp)
   11e78:	b771                	j	11e04 <_fwrite_r+0x22>

0000000000011e7a <fwrite>:
   11e7a:	02c587b3          	mul	a5,a1,a2
   11e7e:	7159                	addi	sp,sp,-112
   11e80:	8832                	mv	a6,a2
   11e82:	a201b603          	ld	a2,-1504(gp) # 1cd30 <_impure_ptr>
   11e86:	88ae                	mv	a7,a1
   11e88:	4705                	li	a4,1
   11e8a:	182c                	addi	a1,sp,56
   11e8c:	f486                	sd	ra,104(sp)
   11e8e:	fc2a                	sd	a0,56(sp)
   11e90:	e4ae                	sd	a1,72(sp)
   11e92:	c8ba                	sw	a4,80(sp)
   11e94:	e0be                	sd	a5,64(sp)
   11e96:	ecbe                	sd	a5,88(sp)
   11e98:	c219                	beqz	a2,11e9e <fwrite+0x24>
   11e9a:	6638                	ld	a4,72(a2)
   11e9c:	cf39                	beqz	a4,11efa <fwrite+0x80>
   11e9e:	01069703          	lh	a4,16(a3)
   11ea2:	0ac6a583          	lw	a1,172(a3)
   11ea6:	6309                	lui	t1,0x2
   11ea8:	03271513          	slli	a0,a4,0x32
   11eac:	02054f63          	bltz	a0,11eea <fwrite+0x70>
   11eb0:	7579                	lui	a0,0xffffe
   11eb2:	157d                	addi	a0,a0,-1 # ffffffffffffdfff <__BSS_END__+0xfffffffffffe04ef>
   11eb4:	00676733          	or	a4,a4,t1
   11eb8:	8de9                	and	a1,a1,a0
   11eba:	00e69823          	sh	a4,16(a3)
   11ebe:	0ab6a623          	sw	a1,172(a3)
   11ec2:	8532                	mv	a0,a2
   11ec4:	85b6                	mv	a1,a3
   11ec6:	00b0                	addi	a2,sp,72
   11ec8:	e442                	sd	a6,8(sp)
   11eca:	ec46                	sd	a7,24(sp)
   11ecc:	e83e                	sd	a5,16(sp)
   11ece:	4e3020ef          	jal	14bb0 <__sfvwrite_r>
   11ed2:	872a                	mv	a4,a0
   11ed4:	6522                	ld	a0,8(sp)
   11ed6:	c719                	beqz	a4,11ee4 <fwrite+0x6a>
   11ed8:	6766                	ld	a4,88(sp)
   11eda:	67c2                	ld	a5,16(sp)
   11edc:	68e2                	ld	a7,24(sp)
   11ede:	8f99                	sub	a5,a5,a4
   11ee0:	0317d533          	divu	a0,a5,a7
   11ee4:	70a6                	ld	ra,104(sp)
   11ee6:	6165                	addi	sp,sp,112
   11ee8:	8082                	ret
   11eea:	03259713          	slli	a4,a1,0x32
   11eee:	4501                	li	a0,0
   11ef0:	fc0759e3          	bgez	a4,11ec2 <fwrite+0x48>
   11ef4:	70a6                	ld	ra,104(sp)
   11ef6:	6165                	addi	sp,sp,112
   11ef8:	8082                	ret
   11efa:	8532                	mv	a0,a2
   11efc:	f436                	sd	a3,40(sp)
   11efe:	f042                	sd	a6,32(sp)
   11f00:	ec46                	sd	a7,24(sp)
   11f02:	e83e                	sd	a5,16(sp)
   11f04:	e432                	sd	a2,8(sp)
   11f06:	e21ff0ef          	jal	11d26 <__sinit>
   11f0a:	76a2                	ld	a3,40(sp)
   11f0c:	7802                	ld	a6,32(sp)
   11f0e:	68e2                	ld	a7,24(sp)
   11f10:	67c2                	ld	a5,16(sp)
   11f12:	6622                	ld	a2,8(sp)
   11f14:	b769                	j	11e9e <fwrite+0x24>

0000000000011f16 <_printf_r>:
   11f16:	715d                	addi	sp,sp,-80
   11f18:	8e2e                	mv	t3,a1
   11f1a:	690c                	ld	a1,16(a0)
   11f1c:	02010313          	addi	t1,sp,32
   11f20:	f032                	sd	a2,32(sp)
   11f22:	f436                	sd	a3,40(sp)
   11f24:	8672                	mv	a2,t3
   11f26:	869a                	mv	a3,t1
   11f28:	ec06                	sd	ra,24(sp)
   11f2a:	f83a                	sd	a4,48(sp)
   11f2c:	fc3e                	sd	a5,56(sp)
   11f2e:	e0c2                	sd	a6,64(sp)
   11f30:	e4c6                	sd	a7,72(sp)
   11f32:	e41a                	sd	t1,8(sp)
   11f34:	7ec000ef          	jal	12720 <_vfprintf_r>
   11f38:	60e2                	ld	ra,24(sp)
   11f3a:	6161                	addi	sp,sp,80
   11f3c:	8082                	ret

0000000000011f3e <printf>:
   11f3e:	a201b303          	ld	t1,-1504(gp) # 1cd30 <_impure_ptr>
   11f42:	711d                	addi	sp,sp,-96
   11f44:	f832                	sd	a2,48(sp)
   11f46:	fc36                	sd	a3,56(sp)
   11f48:	f42e                	sd	a1,40(sp)
   11f4a:	e0ba                	sd	a4,64(sp)
   11f4c:	e4be                	sd	a5,72(sp)
   11f4e:	e8c2                	sd	a6,80(sp)
   11f50:	ecc6                	sd	a7,88(sp)
   11f52:	01033583          	ld	a1,16(t1) # 2010 <exit-0xe110>
   11f56:	1034                	addi	a3,sp,40
   11f58:	862a                	mv	a2,a0
   11f5a:	851a                	mv	a0,t1
   11f5c:	ec06                	sd	ra,24(sp)
   11f5e:	e436                	sd	a3,8(sp)
   11f60:	7c0000ef          	jal	12720 <_vfprintf_r>
   11f64:	60e2                	ld	ra,24(sp)
   11f66:	6125                	addi	sp,sp,96
   11f68:	8082                	ret

0000000000011f6a <__sread>:
   11f6a:	1141                	addi	sp,sp,-16
   11f6c:	e022                	sd	s0,0(sp)
   11f6e:	842e                	mv	s0,a1
   11f70:	01259583          	lh	a1,18(a1)
   11f74:	e406                	sd	ra,8(sp)
   11f76:	20a000ef          	jal	12180 <_read_r>
   11f7a:	00054963          	bltz	a0,11f8c <__sread+0x22>
   11f7e:	685c                	ld	a5,144(s0)
   11f80:	60a2                	ld	ra,8(sp)
   11f82:	97aa                	add	a5,a5,a0
   11f84:	e85c                	sd	a5,144(s0)
   11f86:	6402                	ld	s0,0(sp)
   11f88:	0141                	addi	sp,sp,16
   11f8a:	8082                	ret
   11f8c:	01045783          	lhu	a5,16(s0)
   11f90:	777d                	lui	a4,0xfffff
   11f92:	177d                	addi	a4,a4,-1 # ffffffffffffefff <__BSS_END__+0xfffffffffffe14ef>
   11f94:	8ff9                	and	a5,a5,a4
   11f96:	60a2                	ld	ra,8(sp)
   11f98:	00f41823          	sh	a5,16(s0)
   11f9c:	6402                	ld	s0,0(sp)
   11f9e:	0141                	addi	sp,sp,16
   11fa0:	8082                	ret

0000000000011fa2 <__seofread>:
   11fa2:	4501                	li	a0,0
   11fa4:	8082                	ret

0000000000011fa6 <__swrite>:
   11fa6:	01059783          	lh	a5,16(a1)
   11faa:	7179                	addi	sp,sp,-48
   11fac:	8336                	mv	t1,a3
   11fae:	f406                	sd	ra,40(sp)
   11fb0:	1007f693          	andi	a3,a5,256
   11fb4:	872e                	mv	a4,a1
   11fb6:	88b2                	mv	a7,a2
   11fb8:	882a                	mv	a6,a0
   11fba:	ee91                	bnez	a3,11fd6 <__swrite+0x30>
   11fbc:	76fd                	lui	a3,0xfffff
   11fbe:	16fd                	addi	a3,a3,-1 # ffffffffffffefff <__BSS_END__+0xfffffffffffe14ef>
   11fc0:	70a2                	ld	ra,40(sp)
   11fc2:	8ff5                	and	a5,a5,a3
   11fc4:	01271583          	lh	a1,18(a4)
   11fc8:	00f71823          	sh	a5,16(a4)
   11fcc:	869a                	mv	a3,t1
   11fce:	8646                	mv	a2,a7
   11fd0:	8542                	mv	a0,a6
   11fd2:	6145                	addi	sp,sp,48
   11fd4:	ac39                	j	121f2 <_write_r>
   11fd6:	01259583          	lh	a1,18(a1)
   11fda:	e832                	sd	a2,16(sp)
   11fdc:	4689                	li	a3,2
   11fde:	4601                	li	a2,0
   11fe0:	ec1a                	sd	t1,24(sp)
   11fe2:	e03a                	sd	a4,0(sp)
   11fe4:	e42a                	sd	a0,8(sp)
   11fe6:	15e000ef          	jal	12144 <_lseek_r>
   11fea:	6702                	ld	a4,0(sp)
   11fec:	6362                	ld	t1,24(sp)
   11fee:	68c2                	ld	a7,16(sp)
   11ff0:	01071783          	lh	a5,16(a4)
   11ff4:	6822                	ld	a6,8(sp)
   11ff6:	b7d9                	j	11fbc <__swrite+0x16>

0000000000011ff8 <__sseek>:
   11ff8:	1141                	addi	sp,sp,-16
   11ffa:	e022                	sd	s0,0(sp)
   11ffc:	842e                	mv	s0,a1
   11ffe:	01259583          	lh	a1,18(a1)
   12002:	e406                	sd	ra,8(sp)
   12004:	140000ef          	jal	12144 <_lseek_r>
   12008:	577d                	li	a4,-1
   1200a:	01041783          	lh	a5,16(s0)
   1200e:	00e50b63          	beq	a0,a4,12024 <__sseek+0x2c>
   12012:	6705                	lui	a4,0x1
   12014:	8fd9                	or	a5,a5,a4
   12016:	60a2                	ld	ra,8(sp)
   12018:	e848                	sd	a0,144(s0)
   1201a:	00f41823          	sh	a5,16(s0)
   1201e:	6402                	ld	s0,0(sp)
   12020:	0141                	addi	sp,sp,16
   12022:	8082                	ret
   12024:	80050713          	addi	a4,a0,-2048
   12028:	80070713          	addi	a4,a4,-2048 # 800 <exit-0xf920>
   1202c:	8ff9                	and	a5,a5,a4
   1202e:	60a2                	ld	ra,8(sp)
   12030:	00f41823          	sh	a5,16(s0)
   12034:	6402                	ld	s0,0(sp)
   12036:	0141                	addi	sp,sp,16
   12038:	8082                	ret

000000000001203a <__sclose>:
   1203a:	01259583          	lh	a1,18(a1)
   1203e:	a0a9                	j	12088 <_close_r>

0000000000012040 <memcmp>:
   12040:	469d                	li	a3,7
   12042:	04c6f063          	bgeu	a3,a2,12082 <memcmp+0x42>
   12046:	00a5e7b3          	or	a5,a1,a0
   1204a:	8b9d                	andi	a5,a5,7
   1204c:	c395                	beqz	a5,12070 <memcmp+0x30>
   1204e:	167d                	addi	a2,a2,-1
   12050:	0605                	addi	a2,a2,1
   12052:	962a                	add	a2,a2,a0
   12054:	a019                	j	1205a <memcmp+0x1a>
   12056:	02c50763          	beq	a0,a2,12084 <memcmp+0x44>
   1205a:	00054783          	lbu	a5,0(a0)
   1205e:	0005c703          	lbu	a4,0(a1)
   12062:	0505                	addi	a0,a0,1
   12064:	0585                	addi	a1,a1,1
   12066:	fee788e3          	beq	a5,a4,12056 <memcmp+0x16>
   1206a:	40e7853b          	subw	a0,a5,a4
   1206e:	8082                	ret
   12070:	6118                	ld	a4,0(a0)
   12072:	619c                	ld	a5,0(a1)
   12074:	fcf71de3          	bne	a4,a5,1204e <memcmp+0xe>
   12078:	1661                	addi	a2,a2,-8
   1207a:	0521                	addi	a0,a0,8
   1207c:	05a1                	addi	a1,a1,8
   1207e:	fec6e9e3          	bltu	a3,a2,12070 <memcmp+0x30>
   12082:	f671                	bnez	a2,1204e <memcmp+0xe>
   12084:	4501                	li	a0,0
   12086:	8082                	ret

0000000000012088 <_close_r>:
   12088:	1101                	addi	sp,sp,-32
   1208a:	e822                	sd	s0,16(sp)
   1208c:	e426                	sd	s1,8(sp)
   1208e:	84aa                	mv	s1,a0
   12090:	852e                	mv	a0,a1
   12092:	ec06                	sd	ra,24(sp)
   12094:	a401a823          	sw	zero,-1456(gp) # 1cd60 <errno>
   12098:	1e4070ef          	jal	1927c <_close>
   1209c:	57fd                	li	a5,-1
   1209e:	00f50763          	beq	a0,a5,120ac <_close_r+0x24>
   120a2:	60e2                	ld	ra,24(sp)
   120a4:	6442                	ld	s0,16(sp)
   120a6:	64a2                	ld	s1,8(sp)
   120a8:	6105                	addi	sp,sp,32
   120aa:	8082                	ret
   120ac:	a501a783          	lw	a5,-1456(gp) # 1cd60 <errno>
   120b0:	dbed                	beqz	a5,120a2 <_close_r+0x1a>
   120b2:	60e2                	ld	ra,24(sp)
   120b4:	6442                	ld	s0,16(sp)
   120b6:	c09c                	sw	a5,0(s1)
   120b8:	64a2                	ld	s1,8(sp)
   120ba:	6105                	addi	sp,sp,32
   120bc:	8082                	ret

00000000000120be <_reclaim_reent>:
   120be:	a201b783          	ld	a5,-1504(gp) # 1cd30 <_impure_ptr>
   120c2:	08a78063          	beq	a5,a0,12142 <_reclaim_reent+0x84>
   120c6:	752c                	ld	a1,104(a0)
   120c8:	7179                	addi	sp,sp,-48
   120ca:	ec26                	sd	s1,24(sp)
   120cc:	f406                	sd	ra,40(sp)
   120ce:	f022                	sd	s0,32(sp)
   120d0:	84aa                	mv	s1,a0
   120d2:	c98d                	beqz	a1,12104 <_reclaim_reent+0x46>
   120d4:	e84a                	sd	s2,16(sp)
   120d6:	e44e                	sd	s3,8(sp)
   120d8:	4901                	li	s2,0
   120da:	20000993          	li	s3,512
   120de:	012587b3          	add	a5,a1,s2
   120e2:	6380                	ld	s0,0(a5)
   120e4:	c801                	beqz	s0,120f4 <_reclaim_reent+0x36>
   120e6:	85a2                	mv	a1,s0
   120e8:	6000                	ld	s0,0(s0)
   120ea:	8526                	mv	a0,s1
   120ec:	3f8000ef          	jal	124e4 <_free_r>
   120f0:	f87d                	bnez	s0,120e6 <_reclaim_reent+0x28>
   120f2:	74ac                	ld	a1,104(s1)
   120f4:	0921                	addi	s2,s2,8
   120f6:	ff3914e3          	bne	s2,s3,120de <_reclaim_reent+0x20>
   120fa:	8526                	mv	a0,s1
   120fc:	3e8000ef          	jal	124e4 <_free_r>
   12100:	6942                	ld	s2,16(sp)
   12102:	69a2                	ld	s3,8(sp)
   12104:	68ac                	ld	a1,80(s1)
   12106:	c581                	beqz	a1,1210e <_reclaim_reent+0x50>
   12108:	8526                	mv	a0,s1
   1210a:	3da000ef          	jal	124e4 <_free_r>
   1210e:	70a0                	ld	s0,96(s1)
   12110:	c419                	beqz	s0,1211e <_reclaim_reent+0x60>
   12112:	85a2                	mv	a1,s0
   12114:	6000                	ld	s0,0(s0)
   12116:	8526                	mv	a0,s1
   12118:	3cc000ef          	jal	124e4 <_free_r>
   1211c:	f87d                	bnez	s0,12112 <_reclaim_reent+0x54>
   1211e:	7cac                	ld	a1,120(s1)
   12120:	c581                	beqz	a1,12128 <_reclaim_reent+0x6a>
   12122:	8526                	mv	a0,s1
   12124:	3c0000ef          	jal	124e4 <_free_r>
   12128:	64bc                	ld	a5,72(s1)
   1212a:	c799                	beqz	a5,12138 <_reclaim_reent+0x7a>
   1212c:	7402                	ld	s0,32(sp)
   1212e:	70a2                	ld	ra,40(sp)
   12130:	8526                	mv	a0,s1
   12132:	64e2                	ld	s1,24(sp)
   12134:	6145                	addi	sp,sp,48
   12136:	8782                	jr	a5
   12138:	70a2                	ld	ra,40(sp)
   1213a:	7402                	ld	s0,32(sp)
   1213c:	64e2                	ld	s1,24(sp)
   1213e:	6145                	addi	sp,sp,48
   12140:	8082                	ret
   12142:	8082                	ret

0000000000012144 <_lseek_r>:
   12144:	1101                	addi	sp,sp,-32
   12146:	87ae                	mv	a5,a1
   12148:	e822                	sd	s0,16(sp)
   1214a:	e426                	sd	s1,8(sp)
   1214c:	85b2                	mv	a1,a2
   1214e:	84aa                	mv	s1,a0
   12150:	8636                	mv	a2,a3
   12152:	853e                	mv	a0,a5
   12154:	ec06                	sd	ra,24(sp)
   12156:	a401a823          	sw	zero,-1456(gp) # 1cd60 <errno>
   1215a:	1ee070ef          	jal	19348 <_lseek>
   1215e:	57fd                	li	a5,-1
   12160:	00f50763          	beq	a0,a5,1216e <_lseek_r+0x2a>
   12164:	60e2                	ld	ra,24(sp)
   12166:	6442                	ld	s0,16(sp)
   12168:	64a2                	ld	s1,8(sp)
   1216a:	6105                	addi	sp,sp,32
   1216c:	8082                	ret
   1216e:	a501a783          	lw	a5,-1456(gp) # 1cd60 <errno>
   12172:	dbed                	beqz	a5,12164 <_lseek_r+0x20>
   12174:	60e2                	ld	ra,24(sp)
   12176:	6442                	ld	s0,16(sp)
   12178:	c09c                	sw	a5,0(s1)
   1217a:	64a2                	ld	s1,8(sp)
   1217c:	6105                	addi	sp,sp,32
   1217e:	8082                	ret

0000000000012180 <_read_r>:
   12180:	1101                	addi	sp,sp,-32
   12182:	87ae                	mv	a5,a1
   12184:	e822                	sd	s0,16(sp)
   12186:	e426                	sd	s1,8(sp)
   12188:	85b2                	mv	a1,a2
   1218a:	84aa                	mv	s1,a0
   1218c:	8636                	mv	a2,a3
   1218e:	853e                	mv	a0,a5
   12190:	ec06                	sd	ra,24(sp)
   12192:	a401a823          	sw	zero,-1456(gp) # 1cd60 <errno>
   12196:	1dc070ef          	jal	19372 <_read>
   1219a:	57fd                	li	a5,-1
   1219c:	00f50763          	beq	a0,a5,121aa <_read_r+0x2a>
   121a0:	60e2                	ld	ra,24(sp)
   121a2:	6442                	ld	s0,16(sp)
   121a4:	64a2                	ld	s1,8(sp)
   121a6:	6105                	addi	sp,sp,32
   121a8:	8082                	ret
   121aa:	a501a783          	lw	a5,-1456(gp) # 1cd60 <errno>
   121ae:	dbed                	beqz	a5,121a0 <_read_r+0x20>
   121b0:	60e2                	ld	ra,24(sp)
   121b2:	6442                	ld	s0,16(sp)
   121b4:	c09c                	sw	a5,0(s1)
   121b6:	64a2                	ld	s1,8(sp)
   121b8:	6105                	addi	sp,sp,32
   121ba:	8082                	ret

00000000000121bc <_sbrk_r>:
   121bc:	1101                	addi	sp,sp,-32
   121be:	e822                	sd	s0,16(sp)
   121c0:	e426                	sd	s1,8(sp)
   121c2:	84aa                	mv	s1,a0
   121c4:	852e                	mv	a0,a1
   121c6:	ec06                	sd	ra,24(sp)
   121c8:	a401a823          	sw	zero,-1456(gp) # 1cd60 <errno>
   121cc:	1d0070ef          	jal	1939c <_sbrk>
   121d0:	57fd                	li	a5,-1
   121d2:	00f50763          	beq	a0,a5,121e0 <_sbrk_r+0x24>
   121d6:	60e2                	ld	ra,24(sp)
   121d8:	6442                	ld	s0,16(sp)
   121da:	64a2                	ld	s1,8(sp)
   121dc:	6105                	addi	sp,sp,32
   121de:	8082                	ret
   121e0:	a501a783          	lw	a5,-1456(gp) # 1cd60 <errno>
   121e4:	dbed                	beqz	a5,121d6 <_sbrk_r+0x1a>
   121e6:	60e2                	ld	ra,24(sp)
   121e8:	6442                	ld	s0,16(sp)
   121ea:	c09c                	sw	a5,0(s1)
   121ec:	64a2                	ld	s1,8(sp)
   121ee:	6105                	addi	sp,sp,32
   121f0:	8082                	ret

00000000000121f2 <_write_r>:
   121f2:	1101                	addi	sp,sp,-32
   121f4:	87ae                	mv	a5,a1
   121f6:	e822                	sd	s0,16(sp)
   121f8:	e426                	sd	s1,8(sp)
   121fa:	85b2                	mv	a1,a2
   121fc:	84aa                	mv	s1,a0
   121fe:	8636                	mv	a2,a3
   12200:	853e                	mv	a0,a5
   12202:	ec06                	sd	ra,24(sp)
   12204:	a401a823          	sw	zero,-1456(gp) # 1cd60 <errno>
   12208:	1e8070ef          	jal	193f0 <_write>
   1220c:	57fd                	li	a5,-1
   1220e:	00f50763          	beq	a0,a5,1221c <_write_r+0x2a>
   12212:	60e2                	ld	ra,24(sp)
   12214:	6442                	ld	s0,16(sp)
   12216:	64a2                	ld	s1,8(sp)
   12218:	6105                	addi	sp,sp,32
   1221a:	8082                	ret
   1221c:	a501a783          	lw	a5,-1456(gp) # 1cd60 <errno>
   12220:	dbed                	beqz	a5,12212 <_write_r+0x20>
   12222:	60e2                	ld	ra,24(sp)
   12224:	6442                	ld	s0,16(sp)
   12226:	c09c                	sw	a5,0(s1)
   12228:	64a2                	ld	s1,8(sp)
   1222a:	6105                	addi	sp,sp,32
   1222c:	8082                	ret

000000000001222e <__errno>:
   1222e:	a201b503          	ld	a0,-1504(gp) # 1cd30 <_impure_ptr>
   12232:	8082                	ret

0000000000012234 <__libc_init_array>:
   12234:	1101                	addi	sp,sp,-32
   12236:	e822                	sd	s0,16(sp)
   12238:	e04a                	sd	s2,0(sp)
   1223a:	6471                	lui	s0,0x1c
   1223c:	6971                	lui	s2,0x1c
   1223e:	ec06                	sd	ra,24(sp)
   12240:	e426                	sd	s1,8(sp)
   12242:	12490913          	addi	s2,s2,292 # 1c124 <__preinit_array_end>
   12246:	12440413          	addi	s0,s0,292 # 1c124 <__preinit_array_end>
   1224a:	00890d63          	beq	s2,s0,12264 <__libc_init_array+0x30>
   1224e:	40890933          	sub	s2,s2,s0
   12252:	40395913          	srai	s2,s2,0x3
   12256:	4481                	li	s1,0
   12258:	601c                	ld	a5,0(s0)
   1225a:	0485                	addi	s1,s1,1
   1225c:	0421                	addi	s0,s0,8
   1225e:	9782                	jalr	a5
   12260:	ff24ece3          	bltu	s1,s2,12258 <__libc_init_array+0x24>
   12264:	6971                	lui	s2,0x1c
   12266:	6471                	lui	s0,0x1c
   12268:	13890913          	addi	s2,s2,312 # 1c138 <__do_global_dtors_aux_fini_array_entry>
   1226c:	12840413          	addi	s0,s0,296 # 1c128 <__init_array_start>
   12270:	00890d63          	beq	s2,s0,1228a <__libc_init_array+0x56>
   12274:	40890933          	sub	s2,s2,s0
   12278:	40395913          	srai	s2,s2,0x3
   1227c:	4481                	li	s1,0
   1227e:	601c                	ld	a5,0(s0)
   12280:	0485                	addi	s1,s1,1
   12282:	0421                	addi	s0,s0,8
   12284:	9782                	jalr	a5
   12286:	ff24ece3          	bltu	s1,s2,1227e <__libc_init_array+0x4a>
   1228a:	60e2                	ld	ra,24(sp)
   1228c:	6442                	ld	s0,16(sp)
   1228e:	64a2                	ld	s1,8(sp)
   12290:	6902                	ld	s2,0(sp)
   12292:	6105                	addi	sp,sp,32
   12294:	8082                	ret

0000000000012296 <memset>:
   12296:	433d                	li	t1,15
   12298:	872a                	mv	a4,a0
   1229a:	02c37163          	bgeu	t1,a2,122bc <memset+0x26>
   1229e:	00f77793          	andi	a5,a4,15
   122a2:	e3c1                	bnez	a5,12322 <memset+0x8c>
   122a4:	e1bd                	bnez	a1,1230a <memset+0x74>
   122a6:	ff067693          	andi	a3,a2,-16
   122aa:	8a3d                	andi	a2,a2,15
   122ac:	96ba                	add	a3,a3,a4
   122ae:	e30c                	sd	a1,0(a4)
   122b0:	e70c                	sd	a1,8(a4)
   122b2:	0741                	addi	a4,a4,16
   122b4:	fed76de3          	bltu	a4,a3,122ae <memset+0x18>
   122b8:	e211                	bnez	a2,122bc <memset+0x26>
   122ba:	8082                	ret
   122bc:	40c306b3          	sub	a3,t1,a2
   122c0:	068a                	slli	a3,a3,0x2
   122c2:	00000297          	auipc	t0,0x0
   122c6:	9696                	add	a3,a3,t0
   122c8:	00a68067          	jr	10(a3)
   122cc:	00b70723          	sb	a1,14(a4)
   122d0:	00b706a3          	sb	a1,13(a4)
   122d4:	00b70623          	sb	a1,12(a4)
   122d8:	00b705a3          	sb	a1,11(a4)
   122dc:	00b70523          	sb	a1,10(a4)
   122e0:	00b704a3          	sb	a1,9(a4)
   122e4:	00b70423          	sb	a1,8(a4)
   122e8:	00b703a3          	sb	a1,7(a4)
   122ec:	00b70323          	sb	a1,6(a4)
   122f0:	00b702a3          	sb	a1,5(a4)
   122f4:	00b70223          	sb	a1,4(a4)
   122f8:	00b701a3          	sb	a1,3(a4)
   122fc:	00b70123          	sb	a1,2(a4)
   12300:	00b700a3          	sb	a1,1(a4)
   12304:	00b70023          	sb	a1,0(a4)
   12308:	8082                	ret
   1230a:	0ff5f593          	zext.b	a1,a1
   1230e:	00859693          	slli	a3,a1,0x8
   12312:	8dd5                	or	a1,a1,a3
   12314:	01059693          	slli	a3,a1,0x10
   12318:	8dd5                	or	a1,a1,a3
   1231a:	02059693          	slli	a3,a1,0x20
   1231e:	8dd5                	or	a1,a1,a3
   12320:	b759                	j	122a6 <memset+0x10>
   12322:	00279693          	slli	a3,a5,0x2
   12326:	00000297          	auipc	t0,0x0
   1232a:	9696                	add	a3,a3,t0
   1232c:	8286                	mv	t0,ra
   1232e:	fa2680e7          	jalr	-94(a3)
   12332:	8096                	mv	ra,t0
   12334:	17c1                	addi	a5,a5,-16
   12336:	8f1d                	sub	a4,a4,a5
   12338:	963e                	add	a2,a2,a5
   1233a:	f8c371e3          	bgeu	t1,a2,122bc <memset+0x26>
   1233e:	b79d                	j	122a4 <memset+0xe>

0000000000012340 <__call_exitprocs>:
   12340:	715d                	addi	sp,sp,-80
   12342:	f052                	sd	s4,32(sp)
   12344:	f84a                	sd	s2,48(sp)
   12346:	a581b903          	ld	s2,-1448(gp) # 1cd68 <__atexit>
   1234a:	e486                	sd	ra,72(sp)
   1234c:	04090863          	beqz	s2,1239c <__call_exitprocs+0x5c>
   12350:	f44e                	sd	s3,40(sp)
   12352:	ec56                	sd	s5,24(sp)
   12354:	e85a                	sd	s6,16(sp)
   12356:	e45e                	sd	s7,8(sp)
   12358:	e0a2                	sd	s0,64(sp)
   1235a:	fc26                	sd	s1,56(sp)
   1235c:	e062                	sd	s8,0(sp)
   1235e:	8b2a                	mv	s6,a0
   12360:	8bae                	mv	s7,a1
   12362:	59fd                	li	s3,-1
   12364:	4a85                	li	s5,1
   12366:	00892403          	lw	s0,8(s2)
   1236a:	347d                	addiw	s0,s0,-1
   1236c:	02044163          	bltz	s0,1238e <__call_exitprocs+0x4e>
   12370:	01090493          	addi	s1,s2,16
   12374:	00341793          	slli	a5,s0,0x3
   12378:	94be                	add	s1,s1,a5
   1237a:	020b8663          	beqz	s7,123a6 <__call_exitprocs+0x66>
   1237e:	2004b783          	ld	a5,512(s1)
   12382:	03778263          	beq	a5,s7,123a6 <__call_exitprocs+0x66>
   12386:	347d                	addiw	s0,s0,-1
   12388:	14e1                	addi	s1,s1,-8
   1238a:	ff341ae3          	bne	s0,s3,1237e <__call_exitprocs+0x3e>
   1238e:	6406                	ld	s0,64(sp)
   12390:	74e2                	ld	s1,56(sp)
   12392:	79a2                	ld	s3,40(sp)
   12394:	6ae2                	ld	s5,24(sp)
   12396:	6b42                	ld	s6,16(sp)
   12398:	6ba2                	ld	s7,8(sp)
   1239a:	6c02                	ld	s8,0(sp)
   1239c:	60a6                	ld	ra,72(sp)
   1239e:	7942                	ld	s2,48(sp)
   123a0:	7a02                	ld	s4,32(sp)
   123a2:	6161                	addi	sp,sp,80
   123a4:	8082                	ret
   123a6:	00892783          	lw	a5,8(s2)
   123aa:	6094                	ld	a3,0(s1)
   123ac:	37fd                	addiw	a5,a5,-1
   123ae:	04878c63          	beq	a5,s0,12406 <__call_exitprocs+0xc6>
   123b2:	0004b023          	sd	zero,0(s1)
   123b6:	c295                	beqz	a3,123da <__call_exitprocs+0x9a>
   123b8:	31092783          	lw	a5,784(s2)
   123bc:	008a973b          	sllw	a4,s5,s0
   123c0:	00892c03          	lw	s8,8(s2)
   123c4:	8ff9                	and	a5,a5,a4
   123c6:	ef99                	bnez	a5,123e4 <__call_exitprocs+0xa4>
   123c8:	9682                	jalr	a3
   123ca:	00892703          	lw	a4,8(s2)
   123ce:	a581b783          	ld	a5,-1448(gp) # 1cd68 <__atexit>
   123d2:	03871763          	bne	a4,s8,12400 <__call_exitprocs+0xc0>
   123d6:	03279563          	bne	a5,s2,12400 <__call_exitprocs+0xc0>
   123da:	347d                	addiw	s0,s0,-1
   123dc:	14e1                	addi	s1,s1,-8
   123de:	f9341ee3          	bne	s0,s3,1237a <__call_exitprocs+0x3a>
   123e2:	b775                	j	1238e <__call_exitprocs+0x4e>
   123e4:	31492783          	lw	a5,788(s2)
   123e8:	1004b583          	ld	a1,256(s1)
   123ec:	8f7d                	and	a4,a4,a5
   123ee:	ef19                	bnez	a4,1240c <__call_exitprocs+0xcc>
   123f0:	855a                	mv	a0,s6
   123f2:	9682                	jalr	a3
   123f4:	00892703          	lw	a4,8(s2)
   123f8:	a581b783          	ld	a5,-1448(gp) # 1cd68 <__atexit>
   123fc:	fd870de3          	beq	a4,s8,123d6 <__call_exitprocs+0x96>
   12400:	d7d9                	beqz	a5,1238e <__call_exitprocs+0x4e>
   12402:	893e                	mv	s2,a5
   12404:	b78d                	j	12366 <__call_exitprocs+0x26>
   12406:	00892423          	sw	s0,8(s2)
   1240a:	b775                	j	123b6 <__call_exitprocs+0x76>
   1240c:	852e                	mv	a0,a1
   1240e:	9682                	jalr	a3
   12410:	bf6d                	j	123ca <__call_exitprocs+0x8a>

0000000000012412 <atexit>:
   12412:	85aa                	mv	a1,a0
   12414:	4681                	li	a3,0
   12416:	4601                	li	a2,0
   12418:	4501                	li	a0,0
   1241a:	0640306f          	j	1547e <__register_exitproc>

000000000001241e <_malloc_trim_r>:
   1241e:	7179                	addi	sp,sp,-48
   12420:	e84a                	sd	s2,16(sp)
   12422:	6971                	lui	s2,0x1c
   12424:	f022                	sd	s0,32(sp)
   12426:	ec26                	sd	s1,24(sp)
   12428:	e44e                	sd	s3,8(sp)
   1242a:	842e                	mv	s0,a1
   1242c:	f406                	sd	ra,40(sp)
   1242e:	89aa                	mv	s3,a0
   12430:	14090913          	addi	s2,s2,320 # 1c140 <__malloc_av_>
   12434:	9f8ff0ef          	jal	1162c <__malloc_lock>
   12438:	01093783          	ld	a5,16(s2)
   1243c:	6705                	lui	a4,0x1
   1243e:	6784                	ld	s1,8(a5)
   12440:	98f1                	andi	s1,s1,-4
   12442:	7ff48793          	addi	a5,s1,2047
   12446:	7e078793          	addi	a5,a5,2016
   1244a:	40878433          	sub	s0,a5,s0
   1244e:	8031                	srli	s0,s0,0xc
   12450:	147d                	addi	s0,s0,-1
   12452:	0432                	slli	s0,s0,0xc
   12454:	00e44b63          	blt	s0,a4,1246a <_malloc_trim_r+0x4c>
   12458:	4581                	li	a1,0
   1245a:	854e                	mv	a0,s3
   1245c:	d61ff0ef          	jal	121bc <_sbrk_r>
   12460:	01093783          	ld	a5,16(s2)
   12464:	97a6                	add	a5,a5,s1
   12466:	00f50d63          	beq	a0,a5,12480 <_malloc_trim_r+0x62>
   1246a:	854e                	mv	a0,s3
   1246c:	9c2ff0ef          	jal	1162e <__malloc_unlock>
   12470:	70a2                	ld	ra,40(sp)
   12472:	7402                	ld	s0,32(sp)
   12474:	64e2                	ld	s1,24(sp)
   12476:	6942                	ld	s2,16(sp)
   12478:	69a2                	ld	s3,8(sp)
   1247a:	4501                	li	a0,0
   1247c:	6145                	addi	sp,sp,48
   1247e:	8082                	ret
   12480:	408005b3          	neg	a1,s0
   12484:	854e                	mv	a0,s3
   12486:	d37ff0ef          	jal	121bc <_sbrk_r>
   1248a:	57fd                	li	a5,-1
   1248c:	02f50863          	beq	a0,a5,124bc <_malloc_trim_r+0x9e>
   12490:	01093683          	ld	a3,16(s2)
   12494:	2b01a783          	lw	a5,688(gp) # 1d5c0 <__malloc_current_mallinfo>
   12498:	8c81                	sub	s1,s1,s0
   1249a:	0014e493          	ori	s1,s1,1
   1249e:	854e                	mv	a0,s3
   124a0:	9f81                	subw	a5,a5,s0
   124a2:	e684                	sd	s1,8(a3)
   124a4:	2af1a823          	sw	a5,688(gp) # 1d5c0 <__malloc_current_mallinfo>
   124a8:	986ff0ef          	jal	1162e <__malloc_unlock>
   124ac:	70a2                	ld	ra,40(sp)
   124ae:	7402                	ld	s0,32(sp)
   124b0:	64e2                	ld	s1,24(sp)
   124b2:	6942                	ld	s2,16(sp)
   124b4:	69a2                	ld	s3,8(sp)
   124b6:	4505                	li	a0,1
   124b8:	6145                	addi	sp,sp,48
   124ba:	8082                	ret
   124bc:	4581                	li	a1,0
   124be:	854e                	mv	a0,s3
   124c0:	cfdff0ef          	jal	121bc <_sbrk_r>
   124c4:	01093703          	ld	a4,16(s2)
   124c8:	46fd                	li	a3,31
   124ca:	40e507b3          	sub	a5,a0,a4
   124ce:	f8f6dee3          	bge	a3,a5,1246a <_malloc_trim_r+0x4c>
   124d2:	a101b603          	ld	a2,-1520(gp) # 1cd20 <__malloc_sbrk_base>
   124d6:	0017e793          	ori	a5,a5,1
   124da:	8d11                	sub	a0,a0,a2
   124dc:	e71c                	sd	a5,8(a4)
   124de:	2aa1a823          	sw	a0,688(gp) # 1d5c0 <__malloc_current_mallinfo>
   124e2:	b761                	j	1246a <_malloc_trim_r+0x4c>

00000000000124e4 <_free_r>:
   124e4:	c1ed                	beqz	a1,125c6 <_free_r+0xe2>
   124e6:	1101                	addi	sp,sp,-32
   124e8:	e822                	sd	s0,16(sp)
   124ea:	e42e                	sd	a1,8(sp)
   124ec:	842a                	mv	s0,a0
   124ee:	ec06                	sd	ra,24(sp)
   124f0:	93cff0ef          	jal	1162c <__malloc_lock>
   124f4:	65a2                	ld	a1,8(sp)
   124f6:	6871                	lui	a6,0x1c
   124f8:	14080813          	addi	a6,a6,320 # 1c140 <__malloc_av_>
   124fc:	ff85b503          	ld	a0,-8(a1)
   12500:	ff058713          	addi	a4,a1,-16
   12504:	01083883          	ld	a7,16(a6)
   12508:	ffe57793          	andi	a5,a0,-2
   1250c:	00f70633          	add	a2,a4,a5
   12510:	6614                	ld	a3,8(a2)
   12512:	00157313          	andi	t1,a0,1
   12516:	9af1                	andi	a3,a3,-4
   12518:	12c88463          	beq	a7,a2,12640 <_free_r+0x15c>
   1251c:	e614                	sd	a3,8(a2)
   1251e:	00d608b3          	add	a7,a2,a3
   12522:	0088b883          	ld	a7,8(a7)
   12526:	0018f893          	andi	a7,a7,1
   1252a:	06031a63          	bnez	t1,1259e <_free_r+0xba>
   1252e:	ff05b303          	ld	t1,-16(a1)
   12532:	65f1                	lui	a1,0x1c
   12534:	15058593          	addi	a1,a1,336 # 1c150 <__malloc_av_+0x10>
   12538:	40670733          	sub	a4,a4,t1
   1253c:	6b08                	ld	a0,16(a4)
   1253e:	979a                	add	a5,a5,t1
   12540:	0eb50363          	beq	a0,a1,12626 <_free_r+0x142>
   12544:	01873303          	ld	t1,24(a4) # 1018 <exit-0xf108>
   12548:	00653c23          	sd	t1,24(a0)
   1254c:	00a33823          	sd	a0,16(t1)
   12550:	12088263          	beqz	a7,12674 <_free_r+0x190>
   12554:	0017e693          	ori	a3,a5,1
   12558:	e714                	sd	a3,8(a4)
   1255a:	e21c                	sd	a5,0(a2)
   1255c:	1ff00693          	li	a3,511
   12560:	06f6ed63          	bltu	a3,a5,125da <_free_r+0xf6>
   12564:	838d                	srli	a5,a5,0x3
   12566:	00179693          	slli	a3,a5,0x1
   1256a:	2689                	addiw	a3,a3,2
   1256c:	068e                	slli	a3,a3,0x3
   1256e:	00883503          	ld	a0,8(a6)
   12572:	96c2                	add	a3,a3,a6
   12574:	628c                	ld	a1,0(a3)
   12576:	4027d61b          	sraiw	a2,a5,0x2
   1257a:	4785                	li	a5,1
   1257c:	00c797b3          	sll	a5,a5,a2
   12580:	8fc9                	or	a5,a5,a0
   12582:	ff068613          	addi	a2,a3,-16
   12586:	eb0c                	sd	a1,16(a4)
   12588:	ef10                	sd	a2,24(a4)
   1258a:	00f83423          	sd	a5,8(a6)
   1258e:	e298                	sd	a4,0(a3)
   12590:	ed98                	sd	a4,24(a1)
   12592:	8522                	mv	a0,s0
   12594:	6442                	ld	s0,16(sp)
   12596:	60e2                	ld	ra,24(sp)
   12598:	6105                	addi	sp,sp,32
   1259a:	894ff06f          	j	1162e <__malloc_unlock>
   1259e:	02089563          	bnez	a7,125c8 <_free_r+0xe4>
   125a2:	65f1                	lui	a1,0x1c
   125a4:	97b6                	add	a5,a5,a3
   125a6:	15058593          	addi	a1,a1,336 # 1c150 <__malloc_av_+0x10>
   125aa:	6a14                	ld	a3,16(a2)
   125ac:	0017e893          	ori	a7,a5,1
   125b0:	00f70533          	add	a0,a4,a5
   125b4:	10b68063          	beq	a3,a1,126b4 <_free_r+0x1d0>
   125b8:	6e10                	ld	a2,24(a2)
   125ba:	ee90                	sd	a2,24(a3)
   125bc:	ea14                	sd	a3,16(a2)
   125be:	01173423          	sd	a7,8(a4)
   125c2:	e11c                	sd	a5,0(a0)
   125c4:	bf61                	j	1255c <_free_r+0x78>
   125c6:	8082                	ret
   125c8:	00156513          	ori	a0,a0,1
   125cc:	fea5bc23          	sd	a0,-8(a1)
   125d0:	e21c                	sd	a5,0(a2)
   125d2:	1ff00693          	li	a3,511
   125d6:	f8f6f7e3          	bgeu	a3,a5,12564 <_free_r+0x80>
   125da:	0097d693          	srli	a3,a5,0x9
   125de:	4611                	li	a2,4
   125e0:	08d66c63          	bltu	a2,a3,12678 <_free_r+0x194>
   125e4:	0067d693          	srli	a3,a5,0x6
   125e8:	00169593          	slli	a1,a3,0x1
   125ec:	0725859b          	addiw	a1,a1,114
   125f0:	058e                	slli	a1,a1,0x3
   125f2:	0386861b          	addiw	a2,a3,56
   125f6:	95c2                	add	a1,a1,a6
   125f8:	6194                	ld	a3,0(a1)
   125fa:	15c1                	addi	a1,a1,-16
   125fc:	00d59663          	bne	a1,a3,12608 <_free_r+0x124>
   12600:	a0e1                	j	126c8 <_free_r+0x1e4>
   12602:	6a94                	ld	a3,16(a3)
   12604:	00d58663          	beq	a1,a3,12610 <_free_r+0x12c>
   12608:	6690                	ld	a2,8(a3)
   1260a:	9a71                	andi	a2,a2,-4
   1260c:	fec7ebe3          	bltu	a5,a2,12602 <_free_r+0x11e>
   12610:	6e8c                	ld	a1,24(a3)
   12612:	ef0c                	sd	a1,24(a4)
   12614:	eb14                	sd	a3,16(a4)
   12616:	8522                	mv	a0,s0
   12618:	6442                	ld	s0,16(sp)
   1261a:	60e2                	ld	ra,24(sp)
   1261c:	e998                	sd	a4,16(a1)
   1261e:	ee98                	sd	a4,24(a3)
   12620:	6105                	addi	sp,sp,32
   12622:	80cff06f          	j	1162e <__malloc_unlock>
   12626:	06089a63          	bnez	a7,1269a <_free_r+0x1b6>
   1262a:	6e0c                	ld	a1,24(a2)
   1262c:	6a10                	ld	a2,16(a2)
   1262e:	96be                	add	a3,a3,a5
   12630:	0016e793          	ori	a5,a3,1
   12634:	ee0c                	sd	a1,24(a2)
   12636:	e990                	sd	a2,16(a1)
   12638:	e71c                	sd	a5,8(a4)
   1263a:	9736                	add	a4,a4,a3
   1263c:	e314                	sd	a3,0(a4)
   1263e:	bf91                	j	12592 <_free_r+0xae>
   12640:	96be                	add	a3,a3,a5
   12642:	00031a63          	bnez	t1,12656 <_free_r+0x172>
   12646:	ff05b783          	ld	a5,-16(a1)
   1264a:	8f1d                	sub	a4,a4,a5
   1264c:	6b10                	ld	a2,16(a4)
   1264e:	96be                	add	a3,a3,a5
   12650:	6f1c                	ld	a5,24(a4)
   12652:	ee1c                	sd	a5,24(a2)
   12654:	eb90                	sd	a2,16(a5)
   12656:	0016e613          	ori	a2,a3,1
   1265a:	a181b783          	ld	a5,-1512(gp) # 1cd28 <__malloc_trim_threshold>
   1265e:	e710                	sd	a2,8(a4)
   12660:	00e83823          	sd	a4,16(a6)
   12664:	f2f6e7e3          	bltu	a3,a5,12592 <_free_r+0xae>
   12668:	a401b583          	ld	a1,-1472(gp) # 1cd50 <__malloc_top_pad>
   1266c:	8522                	mv	a0,s0
   1266e:	db1ff0ef          	jal	1241e <_malloc_trim_r>
   12672:	b705                	j	12592 <_free_r+0xae>
   12674:	97b6                	add	a5,a5,a3
   12676:	bf15                	j	125aa <_free_r+0xc6>
   12678:	4651                	li	a2,20
   1267a:	02d67563          	bgeu	a2,a3,126a4 <_free_r+0x1c0>
   1267e:	05400613          	li	a2,84
   12682:	04d66e63          	bltu	a2,a3,126de <_free_r+0x1fa>
   12686:	00c7d693          	srli	a3,a5,0xc
   1268a:	00169593          	slli	a1,a3,0x1
   1268e:	0de5859b          	addiw	a1,a1,222
   12692:	058e                	slli	a1,a1,0x3
   12694:	06e6861b          	addiw	a2,a3,110
   12698:	bfb9                	j	125f6 <_free_r+0x112>
   1269a:	0017e693          	ori	a3,a5,1
   1269e:	e714                	sd	a3,8(a4)
   126a0:	e21c                	sd	a5,0(a2)
   126a2:	bdc5                	j	12592 <_free_r+0xae>
   126a4:	00169593          	slli	a1,a3,0x1
   126a8:	0b85859b          	addiw	a1,a1,184
   126ac:	058e                	slli	a1,a1,0x3
   126ae:	05b6861b          	addiw	a2,a3,91
   126b2:	b791                	j	125f6 <_free_r+0x112>
   126b4:	02e83423          	sd	a4,40(a6)
   126b8:	02e83023          	sd	a4,32(a6)
   126bc:	ef0c                	sd	a1,24(a4)
   126be:	eb0c                	sd	a1,16(a4)
   126c0:	01173423          	sd	a7,8(a4)
   126c4:	e11c                	sd	a5,0(a0)
   126c6:	b5f1                	j	12592 <_free_r+0xae>
   126c8:	00883503          	ld	a0,8(a6)
   126cc:	4026561b          	sraiw	a2,a2,0x2
   126d0:	4785                	li	a5,1
   126d2:	00c797b3          	sll	a5,a5,a2
   126d6:	8fc9                	or	a5,a5,a0
   126d8:	00f83423          	sd	a5,8(a6)
   126dc:	bf1d                	j	12612 <_free_r+0x12e>
   126de:	15400613          	li	a2,340
   126e2:	00d66c63          	bltu	a2,a3,126fa <_free_r+0x216>
   126e6:	00f7d693          	srli	a3,a5,0xf
   126ea:	00169593          	slli	a1,a3,0x1
   126ee:	0f05859b          	addiw	a1,a1,240
   126f2:	058e                	slli	a1,a1,0x3
   126f4:	0776861b          	addiw	a2,a3,119
   126f8:	bdfd                	j	125f6 <_free_r+0x112>
   126fa:	55400613          	li	a2,1364
   126fe:	00d66c63          	bltu	a2,a3,12716 <_free_r+0x232>
   12702:	0127d693          	srli	a3,a5,0x12
   12706:	00169593          	slli	a1,a3,0x1
   1270a:	0fa5859b          	addiw	a1,a1,250
   1270e:	058e                	slli	a1,a1,0x3
   12710:	07c6861b          	addiw	a2,a3,124
   12714:	b5cd                	j	125f6 <_free_r+0x112>
   12716:	7f000593          	li	a1,2032
   1271a:	07e00613          	li	a2,126
   1271e:	bde1                	j	125f6 <_free_r+0x112>

0000000000012720 <_vfprintf_r>:
   12720:	db010113          	addi	sp,sp,-592
   12724:	24113423          	sd	ra,584(sp)
   12728:	24813023          	sd	s0,576(sp)
   1272c:	22913c23          	sd	s1,568(sp)
   12730:	21613823          	sd	s6,528(sp)
   12734:	ec36                	sd	a3,24(sp)
   12736:	8b32                	mv	s6,a2
   12738:	84ae                	mv	s1,a1
   1273a:	842a                	mv	s0,a0
   1273c:	e02a                	sd	a0,0(sp)
   1273e:	1e1020ef          	jal	1511e <_localeconv_r>
   12742:	611c                	ld	a5,0(a0)
   12744:	853e                	mv	a0,a5
   12746:	e8be                	sd	a5,80(sp)
   12748:	405020ef          	jal	1534c <strlen>
   1274c:	e4aa                	sd	a0,72(sp)
   1274e:	e982                	sd	zero,208(sp)
   12750:	ed82                	sd	zero,216(sp)
   12752:	c409                	beqz	s0,1275c <_vfprintf_r+0x3c>
   12754:	643c                	ld	a5,72(s0)
   12756:	e399                	bnez	a5,1275c <_vfprintf_r+0x3c>
   12758:	3c20106f          	j	13b1a <_vfprintf_r+0x13fa>
   1275c:	01049783          	lh	a5,16(s1)
   12760:	0ac4a703          	lw	a4,172(s1)
   12764:	6609                	lui	a2,0x2
   12766:	03279693          	slli	a3,a5,0x32
   1276a:	2606cb63          	bltz	a3,129e0 <_vfprintf_r+0x2c0>
   1276e:	76f9                	lui	a3,0xffffe
   12770:	8fd1                	or	a5,a5,a2
   12772:	16fd                	addi	a3,a3,-1 # ffffffffffffdfff <__BSS_END__+0xfffffffffffe04ef>
   12774:	8f75                	and	a4,a4,a3
   12776:	00f49823          	sh	a5,16(s1)
   1277a:	0107979b          	slliw	a5,a5,0x10
   1277e:	4107d79b          	sraiw	a5,a5,0x10
   12782:	0ae4a623          	sw	a4,172(s1)
   12786:	0087f713          	andi	a4,a5,8
   1278a:	20070763          	beqz	a4,12998 <_vfprintf_r+0x278>
   1278e:	6c98                	ld	a4,24(s1)
   12790:	20070463          	beqz	a4,12998 <_vfprintf_r+0x278>
   12794:	8be9                	andi	a5,a5,26
   12796:	4729                	li	a4,10
   12798:	20e78b63          	beq	a5,a4,129ae <_vfprintf_r+0x28e>
   1279c:	67ed                	lui	a5,0x1b
   1279e:	23313423          	sd	s3,552(sp)
   127a2:	23413023          	sd	s4,544(sp)
   127a6:	16010993          	addi	s3,sp,352
   127aa:	6a6d                	lui	s4,0x1b
   127ac:	cb478793          	addi	a5,a5,-844 # 1acb4 <_ctype_+0x104>
   127b0:	21713423          	sd	s7,520(sp)
   127b4:	ffe6                	sd	s9,504(sp)
   127b6:	23213823          	sd	s2,560(sp)
   127ba:	21513c23          	sd	s5,536(sp)
   127be:	21813023          	sd	s8,512(sp)
   127c2:	fbea                	sd	s10,496(sp)
   127c4:	f7ee                	sd	s11,488(sp)
   127c6:	f982                	sd	zero,240(sp)
   127c8:	d582                	sw	zero,232(sp)
   127ca:	f1ce                	sd	s3,224(sp)
   127cc:	8bce                	mv	s7,s3
   127ce:	f43e                	sd	a5,40(sp)
   127d0:	e20a0a13          	addi	s4,s4,-480 # 1ae20 <zeroes.0>
   127d4:	f802                	sd	zero,48(sp)
   127d6:	f482                	sd	zero,104(sp)
   127d8:	fc82                	sd	zero,120(sp)
   127da:	e502                	sd	zero,136(sp)
   127dc:	f882                	sd	zero,112(sp)
   127de:	e802                	sd	zero,16(sp)
   127e0:	4441                	li	s0,16
   127e2:	8cda                	mv	s9,s6
   127e4:	e426                	sd	s1,8(sp)
   127e6:	cc517057          	vsetivli	zero,2,e8,mf8,ta,ma
   127ea:	000cc703          	lbu	a4,0(s9)
   127ee:	8966                	mv	s2,s9
   127f0:	fdb70793          	addi	a5,a4,-37
   127f4:	0007069b          	sext.w	a3,a4
   127f8:	c7a1                	beqz	a5,12840 <_vfprintf_r+0x120>
   127fa:	c2b9                	beqz	a3,12840 <_vfprintf_r+0x120>
   127fc:	8aca                	mv	s5,s2
   127fe:	00194703          	lbu	a4,1(s2)
   12802:	0905                	addi	s2,s2,1
   12804:	0007079b          	sext.w	a5,a4
   12808:	c701                	beqz	a4,12810 <_vfprintf_r+0xf0>
   1280a:	fdb78793          	addi	a5,a5,-37
   1280e:	f7fd                	bnez	a5,127fc <_vfprintf_r+0xdc>
   12810:	41990b3b          	subw	s6,s2,s9
   12814:	020b0663          	beqz	s6,12840 <_vfprintf_r+0x120>
   12818:	774e                	ld	a4,240(sp)
   1281a:	57ae                	lw	a5,232(sp)
   1281c:	019bb023          	sd	s9,0(s7)
   12820:	975a                	add	a4,a4,s6
   12822:	2785                	addiw	a5,a5,1
   12824:	016bb423          	sd	s6,8(s7)
   12828:	f9ba                	sd	a4,240(sp)
   1282a:	d5be                	sw	a5,232(sp)
   1282c:	471d                	li	a4,7
   1282e:	0bc1                	addi	s7,s7,16
   12830:	18f74c63          	blt	a4,a5,129c8 <_vfprintf_r+0x2a8>
   12834:	67c2                	ld	a5,16(sp)
   12836:	001ac703          	lbu	a4,1(s5)
   1283a:	016787bb          	addw	a5,a5,s6
   1283e:	e83e                	sd	a5,16(sp)
   12840:	e319                	bnez	a4,12846 <_vfprintf_r+0x126>
   12842:	36a0106f          	j	13bac <_vfprintf_r+0x148c>
   12846:	00194303          	lbu	t1,1(s2)
   1284a:	00190c93          	addi	s9,s2,1
   1284e:	0a0103a3          	sb	zero,167(sp)
   12852:	5afd                	li	s5,-1
   12854:	4d01                	li	s10,0
   12856:	05a00913          	li	s2,90
   1285a:	4481                	li	s1,0
   1285c:	0c85                	addi	s9,s9,1
   1285e:	00030d9b          	sext.w	s11,t1
   12862:	fe0d879b          	addiw	a5,s11,-32
   12866:	04f96363          	bltu	s2,a5,128ac <_vfprintf_r+0x18c>
   1286a:	02079713          	slli	a4,a5,0x20
   1286e:	01e75793          	srli	a5,a4,0x1e
   12872:	7722                	ld	a4,40(sp)
   12874:	97ba                	add	a5,a5,a4
   12876:	439c                	lw	a5,0(a5)
   12878:	8782                	jr	a5
   1287a:	4d01                	li	s10,0
   1287c:	46a5                	li	a3,9
   1287e:	002d179b          	slliw	a5,s10,0x2
   12882:	0c85                	addi	s9,s9,1
   12884:	01a78d3b          	addw	s10,a5,s10
   12888:	fffcc783          	lbu	a5,-1(s9)
   1288c:	fd0d8d9b          	addiw	s11,s11,-48
   12890:	001d1d1b          	slliw	s10,s10,0x1
   12894:	fd07871b          	addiw	a4,a5,-48
   12898:	01ad8d3b          	addw	s10,s11,s10
   1289c:	00078d9b          	sext.w	s11,a5
   128a0:	fce6ffe3          	bgeu	a3,a4,1287e <_vfprintf_r+0x15e>
   128a4:	fe0d879b          	addiw	a5,s11,-32
   128a8:	fcf971e3          	bgeu	s2,a5,1286a <_vfprintf_r+0x14a>
   128ac:	8e26                	mv	t3,s1
   128ae:	000d9463          	bnez	s11,128b6 <_vfprintf_r+0x196>
   128b2:	2fa0106f          	j	13bac <_vfprintf_r+0x148c>
   128b6:	4885                	li	a7,1
   128b8:	0fb10c23          	sb	s11,248(sp)
   128bc:	0a0103a3          	sb	zero,167(sp)
   128c0:	8846                	mv	a6,a7
   128c2:	f002                	sd	zero,32(sp)
   128c4:	4a81                	li	s5,0
   128c6:	e082                	sd	zero,64(sp)
   128c8:	fc02                	sd	zero,56(sp)
   128ca:	4481                	li	s1,0
   128cc:	19bc                	addi	a5,sp,248
   128ce:	794e                	ld	s2,240(sp)
   128d0:	084e7b13          	andi	s6,t3,132
   128d4:	85ca                	mv	a1,s2
   128d6:	6e0b0563          	beqz	s6,12fc0 <_vfprintf_r+0x8a0>
   128da:	0a714703          	lbu	a4,167(sp)
   128de:	c339                	beqz	a4,12924 <_vfprintf_r+0x204>
   128e0:	562e                	lw	a2,232(sp)
   128e2:	4381                	li	t2,0
   128e4:	0a710713          	addi	a4,sp,167
   128e8:	00ebb023          	sd	a4,0(s7)
   128ec:	0905                	addi	s2,s2,1
   128ee:	4705                	li	a4,1
   128f0:	2605                	addiw	a2,a2,1 # 2001 <exit-0xe11f>
   128f2:	00ebb423          	sd	a4,8(s7)
   128f6:	f9ca                	sd	s2,240(sp)
   128f8:	d5b2                	sw	a2,232(sp)
   128fa:	471d                	li	a4,7
   128fc:	0bc1                	addi	s7,s7,16
   128fe:	2ec74363          	blt	a4,a2,12be4 <_vfprintf_r+0x4c4>
   12902:	02038163          	beqz	t2,12924 <_vfprintf_r+0x204>
   12906:	562e                	lw	a2,232(sp)
   12908:	1138                	addi	a4,sp,168
   1290a:	00ebb023          	sd	a4,0(s7)
   1290e:	0909                	addi	s2,s2,2
   12910:	4709                	li	a4,2
   12912:	2605                	addiw	a2,a2,1
   12914:	00ebb423          	sd	a4,8(s7)
   12918:	f9ca                	sd	s2,240(sp)
   1291a:	d5b2                	sw	a2,232(sp)
   1291c:	471d                	li	a4,7
   1291e:	0bc1                	addi	s7,s7,16
   12920:	32c744e3          	blt	a4,a2,13448 <_vfprintf_r+0xd28>
   12924:	08000713          	li	a4,128
   12928:	12eb02e3          	beq	s6,a4,1324c <_vfprintf_r+0xb2c>
   1292c:	411a8abb          	subw	s5,s5,a7
   12930:	6b504463          	bgtz	s5,12fd8 <_vfprintf_r+0x8b8>
   12934:	100e7713          	andi	a4,t3,256
   12938:	74071b63          	bnez	a4,1308e <_vfprintf_r+0x96e>
   1293c:	00fbb023          	sd	a5,0(s7)
   12940:	57ae                	lw	a5,232(sp)
   12942:	9946                	add	s2,s2,a7
   12944:	f9ca                	sd	s2,240(sp)
   12946:	2785                	addiw	a5,a5,1
   12948:	011bb423          	sd	a7,8(s7)
   1294c:	471d                	li	a4,7
   1294e:	d5be                	sw	a5,232(sp)
   12950:	2ef74063          	blt	a4,a5,12c30 <_vfprintf_r+0x510>
   12954:	0bc1                	addi	s7,s7,16
   12956:	004e7f13          	andi	t5,t3,4
   1295a:	000f0663          	beqz	t5,12966 <_vfprintf_r+0x246>
   1295e:	410d0abb          	subw	s5,s10,a6
   12962:	315047e3          	bgtz	s5,13470 <_vfprintf_r+0xd50>
   12966:	87ea                	mv	a5,s10
   12968:	010d5363          	bge	s10,a6,1296e <_vfprintf_r+0x24e>
   1296c:	87c2                	mv	a5,a6
   1296e:	6742                	ld	a4,16(sp)
   12970:	9fb9                	addw	a5,a5,a4
   12972:	e83e                	sd	a5,16(sp)
   12974:	18091ce3          	bnez	s2,1330c <_vfprintf_r+0xbec>
   12978:	7782                	ld	a5,32(sp)
   1297a:	d582                	sw	zero,232(sp)
   1297c:	c799                	beqz	a5,1298a <_vfprintf_r+0x26a>
   1297e:	7582                	ld	a1,32(sp)
   12980:	6502                	ld	a0,0(sp)
   12982:	b63ff0ef          	jal	124e4 <_free_r>
   12986:	cc517057          	vsetivli	zero,2,e8,mf8,ta,ma
   1298a:	8bce                	mv	s7,s3
   1298c:	bdb9                	j	127ea <_vfprintf_r+0xca>
   1298e:	000cc303          	lbu	t1,0(s9)
   12992:	0104e493          	ori	s1,s1,16
   12996:	b5d9                	j	1285c <_vfprintf_r+0x13c>
   12998:	6502                	ld	a0,0(sp)
   1299a:	85a6                	mv	a1,s1
   1299c:	572020ef          	jal	14f0e <__swsetup_r>
   129a0:	e521                	bnez	a0,129e8 <_vfprintf_r+0x2c8>
   129a2:	01049783          	lh	a5,16(s1)
   129a6:	4729                	li	a4,10
   129a8:	8be9                	andi	a5,a5,26
   129aa:	dee799e3          	bne	a5,a4,1279c <_vfprintf_r+0x7c>
   129ae:	01249783          	lh	a5,18(s1)
   129b2:	de07c5e3          	bltz	a5,1279c <_vfprintf_r+0x7c>
   129b6:	66e2                	ld	a3,24(sp)
   129b8:	6502                	ld	a0,0(sp)
   129ba:	865a                	mv	a2,s6
   129bc:	85a6                	mv	a1,s1
   129be:	661010ef          	jal	1481e <__sbprintf>
   129c2:	e82a                	sd	a0,16(sp)
   129c4:	26d0006f          	j	13430 <_vfprintf_r+0xd10>
   129c8:	65a2                	ld	a1,8(sp)
   129ca:	6502                	ld	a0,0(sp)
   129cc:	1190                	addi	a2,sp,224
   129ce:	6e3010ef          	jal	148b0 <__sprint_r>
   129d2:	c119                	beqz	a0,129d8 <_vfprintf_r+0x2b8>
   129d4:	4310106f          	j	14604 <_vfprintf_r+0x1ee4>
   129d8:	8bce                	mv	s7,s3
   129da:	cc517057          	vsetivli	zero,2,e8,mf8,ta,ma
   129de:	bd99                	j	12834 <_vfprintf_r+0x114>
   129e0:	03271693          	slli	a3,a4,0x32
   129e4:	da06d1e3          	bgez	a3,12786 <_vfprintf_r+0x66>
   129e8:	57fd                	li	a5,-1
   129ea:	e83e                	sd	a5,16(sp)
   129ec:	2450006f          	j	13430 <_vfprintf_r+0xd10>
   129f0:	0084f793          	andi	a5,s1,8
   129f4:	8e26                	mv	t3,s1
   129f6:	580793e3          	bnez	a5,1377c <_vfprintf_r+0x105c>
   129fa:	f026                	sd	s1,32(sp)
   129fc:	64e2                	ld	s1,24(sp)
   129fe:	2088                	fld	fa0,0(s1)
   12a00:	3dd070ef          	jal	1a5dc <__extenddftf2>
   12a04:	7e02                	ld	t3,32(sp)
   12a06:	00848793          	addi	a5,s1,8
   12a0a:	ec3e                	sd	a5,24(sp)
   12a0c:	e9aa                	sd	a0,208(sp)
   12a0e:	0988                	addi	a0,sp,208
   12a10:	f072                	sd	t3,32(sp)
   12a12:	edae                	sd	a1,216(sp)
   12a14:	449020ef          	jal	1565c <_ldcheck>
   12a18:	d92a                	sw	a0,176(sp)
   12a1a:	4789                	li	a5,2
   12a1c:	7e02                	ld	t3,32(sp)
   12a1e:	00f51463          	bne	a0,a5,12a26 <_vfprintf_r+0x306>
   12a22:	1460106f          	j	13b68 <_vfprintf_r+0x1448>
   12a26:	4785                	li	a5,1
   12a28:	00f51463          	bne	a0,a5,12a30 <_vfprintf_r+0x310>
   12a2c:	2300106f          	j	13c5c <_vfprintf_r+0x153c>
   12a30:	fdfdf913          	andi	s2,s11,-33
   12a34:	04100793          	li	a5,65
   12a38:	00f90463          	beq	s2,a5,12a40 <_vfprintf_r+0x320>
   12a3c:	25a0106f          	j	13c96 <_vfprintf_r+0x1576>
   12a40:	03000793          	li	a5,48
   12a44:	0af10423          	sb	a5,168(sp)
   12a48:	06100713          	li	a4,97
   12a4c:	05800793          	li	a5,88
   12a50:	00ed9463          	bne	s11,a4,12a58 <_vfprintf_r+0x338>
   12a54:	5ce0106f          	j	14022 <_vfprintf_r+0x1902>
   12a58:	0af104a3          	sb	a5,169(sp)
   12a5c:	06300793          	li	a5,99
   12a60:	0157d463          	bge	a5,s5,12a68 <_vfprintf_r+0x348>
   12a64:	58a0106f          	j	13fee <_vfprintf_r+0x18ce>
   12a68:	65ee                	ld	a1,216(sp)
   12a6a:	654e                	ld	a0,208(sp)
   12a6c:	0005d463          	bgez	a1,12a74 <_vfprintf_r+0x354>
   12a70:	2c70106f          	j	14536 <_vfprintf_r+0x1e16>
   12a74:	ec82                	sd	zero,88(sp)
   12a76:	f002                	sd	zero,32(sp)
   12a78:	19bc                	addi	a5,sp,248
   12a7a:	f83e                	sd	a5,48(sp)
   12a7c:	1910                	addi	a2,sp,176
   12a7e:	002e6793          	ori	a5,t3,2
   12a82:	fc3e                	sd	a5,56(sp)
   12a84:	163020ef          	jal	153e6 <frexpl>
   12a88:	00fff6b7          	lui	a3,0xfff
   12a8c:	169a                	slli	a3,a3,0x26
   12a8e:	4601                	li	a2,0
   12a90:	3f9060ef          	jal	19688 <__multf3>
   12a94:	4601                	li	a2,0
   12a96:	4681                	li	a3,0
   12a98:	84aa                	mv	s1,a0
   12a9a:	892e                	mv	s2,a1
   12a9c:	1d9060ef          	jal	19474 <__eqtf2>
   12aa0:	77c2                	ld	a5,48(sp)
   12aa2:	e119                	bnez	a0,12aa8 <_vfprintf_r+0x388>
   12aa4:	4705                	li	a4,1
   12aa6:	d93a                	sw	a4,176(sp)
   12aa8:	06100713          	li	a4,97
   12aac:	00ed9463          	bne	s11,a4,12ab4 <_vfprintf_r+0x394>
   12ab0:	4470106f          	j	146f6 <_vfprintf_r+0x1fd6>
   12ab4:	676d                	lui	a4,0x1b
   12ab6:	82870713          	addi	a4,a4,-2008 # 1a828 <__clzdi2+0x188>
   12aba:	f83a                	sd	a4,48(sp)
   12abc:	e0de                	sd	s7,64(sp)
   12abe:	f0e6                	sd	s9,96(sp)
   12ac0:	7bc2                	ld	s7,48(sp)
   12ac2:	8b3e                	mv	s6,a5
   12ac4:	8cbe                	mv	s9,a5
   12ac6:	a809                	j	12ad8 <_vfprintf_r+0x3b8>
   12ac8:	4601                	li	a2,0
   12aca:	4681                	li	a3,0
   12acc:	1a9060ef          	jal	19474 <__eqtf2>
   12ad0:	e119                	bnez	a0,12ad6 <_vfprintf_r+0x3b6>
   12ad2:	3430106f          	j	14614 <_vfprintf_r+0x1ef4>
   12ad6:	3afd                	addiw	s5,s5,-1
   12ad8:	040036b7          	lui	a3,0x4003
   12adc:	1692                	slli	a3,a3,0x24
   12ade:	4601                	li	a2,0
   12ae0:	8526                	mv	a0,s1
   12ae2:	85ca                	mv	a1,s2
   12ae4:	3a5060ef          	jal	19688 <__multf3>
   12ae8:	84ae                	mv	s1,a1
   12aea:	892a                	mv	s2,a0
   12aec:	211070ef          	jal	1a4fc <__fixtfsi>
   12af0:	00050c1b          	sext.w	s8,a0
   12af4:	8562                	mv	a0,s8
   12af6:	295070ef          	jal	1a58a <__floatsitf>
   12afa:	862a                	mv	a2,a0
   12afc:	86ae                	mv	a3,a1
   12afe:	854a                	mv	a0,s2
   12b00:	85a6                	mv	a1,s1
   12b02:	19a070ef          	jal	19c9c <__subtf3>
   12b06:	018b86b3          	add	a3,s7,s8
   12b0a:	0006c683          	lbu	a3,0(a3) # 4003000 <__BSS_END__+0x3fe54f0>
   12b0e:	865a                	mv	a2,s6
   12b10:	84aa                	mv	s1,a0
   12b12:	00db0023          	sb	a3,0(s6)
   12b16:	0b05                	addi	s6,s6,1
   12b18:	892e                	mv	s2,a1
   12b1a:	fa0a97e3          	bnez	s5,12ac8 <_vfprintf_r+0x3a8>
   12b1e:	01fff6b7          	lui	a3,0x1fff
   12b22:	875a                	mv	a4,s6
   12b24:	84b2                	mv	s1,a2
   12b26:	1696                	slli	a3,a3,0x25
   12b28:	4601                	li	a2,0
   12b2a:	6b86                	ld	s7,64(sp)
   12b2c:	8b62                	mv	s6,s8
   12b2e:	e0e6                	sd	s9,64(sp)
   12b30:	8aaa                	mv	s5,a0
   12b32:	8c3a                	mv	s8,a4
   12b34:	1e9060ef          	jal	1951c <__getf2>
   12b38:	7c86                	ld	s9,96(sp)
   12b3a:	6786                	ld	a5,64(sp)
   12b3c:	00a04f63          	bgtz	a0,12b5a <_vfprintf_r+0x43a>
   12b40:	01fff6b7          	lui	a3,0x1fff
   12b44:	8556                	mv	a0,s5
   12b46:	85ca                	mv	a1,s2
   12b48:	1696                	slli	a3,a3,0x25
   12b4a:	4601                	li	a2,0
   12b4c:	129060ef          	jal	19474 <__eqtf2>
   12b50:	6786                	ld	a5,64(sp)
   12b52:	e521                	bnez	a0,12b9a <_vfprintf_r+0x47a>
   12b54:	001b7713          	andi	a4,s6,1
   12b58:	c329                	beqz	a4,12b9a <_vfprintf_r+0x47a>
   12b5a:	7742                	ld	a4,48(sp)
   12b5c:	e5a6                	sd	s1,200(sp)
   12b5e:	fffc4683          	lbu	a3,-1(s8)
   12b62:	00f74603          	lbu	a2,15(a4)
   12b66:	8762                	mv	a4,s8
   12b68:	00d61e63          	bne	a2,a3,12b84 <_vfprintf_r+0x464>
   12b6c:	03000593          	li	a1,48
   12b70:	feb70fa3          	sb	a1,-1(a4)
   12b74:	672e                	ld	a4,200(sp)
   12b76:	fff70693          	addi	a3,a4,-1
   12b7a:	e5b6                	sd	a3,200(sp)
   12b7c:	fff74683          	lbu	a3,-1(a4)
   12b80:	fec688e3          	beq	a3,a2,12b70 <_vfprintf_r+0x450>
   12b84:	03900613          	li	a2,57
   12b88:	00c69463          	bne	a3,a2,12b90 <_vfprintf_r+0x470>
   12b8c:	4170106f          	j	147a2 <_vfprintf_r+0x2082>
   12b90:	2685                	addiw	a3,a3,1 # 1fff001 <__BSS_END__+0x1fe14f1>
   12b92:	0ff6f693          	zext.b	a3,a3
   12b96:	fed70fa3          	sb	a3,-1(a4)
   12b9a:	56ca                	lw	a3,176(sp)
   12b9c:	00fd871b          	addiw	a4,s11,15
   12ba0:	0ae10c23          	sb	a4,184(sp)
   12ba4:	40fc063b          	subw	a2,s8,a5
   12ba8:	fff6871b          	addiw	a4,a3,-1
   12bac:	d93a                	sw	a4,176(sp)
   12bae:	f832                	sd	a2,48(sp)
   12bb0:	00075463          	bgez	a4,12bb8 <_vfprintf_r+0x498>
   12bb4:	37f0106f          	j	14732 <_vfprintf_r+0x2012>
   12bb8:	02b00693          	li	a3,43
   12bbc:	0ad10ca3          	sb	a3,185(sp)
   12bc0:	46a5                	li	a3,9
   12bc2:	00e6d463          	bge	a3,a4,12bca <_vfprintf_r+0x4aa>
   12bc6:	5b60106f          	j	1417c <_vfprintf_r+0x1a5c>
   12bca:	0ba10693          	addi	a3,sp,186
   12bce:	0307071b          	addiw	a4,a4,48
   12bd2:	00e68023          	sb	a4,0(a3)
   12bd6:	1398                	addi	a4,sp,480
   12bd8:	8e99                	sub	a3,a3,a4
   12bda:	1296871b          	addiw	a4,a3,297
   12bde:	f4ba                	sd	a4,104(sp)
   12be0:	6180106f          	j	141f8 <_vfprintf_r+0x1ad8>
   12be4:	65a2                	ld	a1,8(sp)
   12be6:	6502                	ld	a0,0(sp)
   12be8:	1190                	addi	a2,sp,224
   12bea:	ed46                	sd	a7,152(sp)
   12bec:	e942                	sd	a6,144(sp)
   12bee:	e172                	sd	t3,128(sp)
   12bf0:	f0be                	sd	a5,96(sp)
   12bf2:	ec9e                	sd	t2,88(sp)
   12bf4:	4bd010ef          	jal	148b0 <__sprint_r>
   12bf8:	000511e3          	bnez	a0,133fa <_vfprintf_r+0xcda>
   12bfc:	794e                	ld	s2,240(sp)
   12bfe:	68ea                	ld	a7,152(sp)
   12c00:	684a                	ld	a6,144(sp)
   12c02:	6e0a                	ld	t3,128(sp)
   12c04:	7786                	ld	a5,96(sp)
   12c06:	63e6                	ld	t2,88(sp)
   12c08:	8bce                	mv	s7,s3
   12c0a:	cc517057          	vsetivli	zero,2,e8,mf8,ta,ma
   12c0e:	b9d5                	j	12902 <_vfprintf_r+0x1e2>
   12c10:	8e4a                	mv	t3,s2
   12c12:	8856                	mv	a6,s5
   12c14:	893a                	mv	s2,a4
   12c16:	8aa6                	mv	s5,s1
   12c18:	86e2                	mv	a3,s8
   12c1a:	9956                	add	s2,s2,s5
   12c1c:	2785                	addiw	a5,a5,1
   12c1e:	f9ca                	sd	s2,240(sp)
   12c20:	d5be                	sw	a5,232(sp)
   12c22:	00dbb023          	sd	a3,0(s7)
   12c26:	015bb423          	sd	s5,8(s7)
   12c2a:	471d                	li	a4,7
   12c2c:	d2f754e3          	bge	a4,a5,12954 <_vfprintf_r+0x234>
   12c30:	65a2                	ld	a1,8(sp)
   12c32:	6502                	ld	a0,0(sp)
   12c34:	1190                	addi	a2,sp,224
   12c36:	e0c2                	sd	a6,64(sp)
   12c38:	fc72                	sd	t3,56(sp)
   12c3a:	477010ef          	jal	148b0 <__sprint_r>
   12c3e:	7a051e63          	bnez	a0,133fa <_vfprintf_r+0xcda>
   12c42:	794e                	ld	s2,240(sp)
   12c44:	7e62                	ld	t3,56(sp)
   12c46:	6806                	ld	a6,64(sp)
   12c48:	8bce                	mv	s7,s3
   12c4a:	cc517057          	vsetivli	zero,2,e8,mf8,ta,ma
   12c4e:	b321                	j	12956 <_vfprintf_r+0x236>
   12c50:	6762                	ld	a4,24(sp)
   12c52:	8e26                	mv	t3,s1
   12c54:	4885                	li	a7,1
   12c56:	431c                	lw	a5,0(a4)
   12c58:	0a0103a3          	sb	zero,167(sp)
   12c5c:	0ef10c23          	sb	a5,248(sp)
   12c60:	00870793          	addi	a5,a4,8
   12c64:	ec3e                	sd	a5,24(sp)
   12c66:	b9a9                	j	128c0 <_vfprintf_r+0x1a0>
   12c68:	6762                	ld	a4,24(sp)
   12c6a:	0a0103a3          	sb	zero,167(sp)
   12c6e:	8e26                	mv	t3,s1
   12c70:	631c                	ld	a5,0(a4)
   12c72:	00870493          	addi	s1,a4,8
   12c76:	4c0784e3          	beqz	a5,1393e <_vfprintf_r+0x121e>
   12c7a:	740ac4e3          	bltz	s5,13bc2 <_vfprintf_r+0x14a2>
   12c7e:	853e                	mv	a0,a5
   12c80:	8656                	mv	a2,s5
   12c82:	4581                	li	a1,0
   12c84:	fc72                	sd	t3,56(sp)
   12c86:	ec3e                	sd	a5,24(sp)
   12c88:	376020ef          	jal	14ffe <memchr>
   12c8c:	f02a                	sd	a0,32(sp)
   12c8e:	0a714703          	lbu	a4,167(sp)
   12c92:	67e2                	ld	a5,24(sp)
   12c94:	7e62                	ld	t3,56(sp)
   12c96:	e119                	bnez	a0,12c9c <_vfprintf_r+0x57c>
   12c98:	71a0106f          	j	143b2 <_vfprintf_r+0x1c92>
   12c9c:	40f508bb          	subw	a7,a0,a5
   12ca0:	86c6                	mv	a3,a7
   12ca2:	0008d463          	bgez	a7,12caa <_vfprintf_r+0x58a>
   12ca6:	3100106f          	j	13fb6 <_vfprintf_r+0x1896>
   12caa:	0006881b          	sext.w	a6,a3
   12cae:	c319                	beqz	a4,12cb4 <_vfprintf_r+0x594>
   12cb0:	0016881b          	addiw	a6,a3,1
   12cb4:	ec26                	sd	s1,24(sp)
   12cb6:	cc517057          	vsetivli	zero,2,e8,mf8,ta,ma
   12cba:	4990006f          	j	13952 <_vfprintf_r+0x1232>
   12cbe:	6762                	ld	a4,24(sp)
   12cc0:	0204f793          	andi	a5,s1,32
   12cc4:	8e26                	mv	t3,s1
   12cc6:	0721                	addi	a4,a4,8
   12cc8:	e7c9                	bnez	a5,12d52 <_vfprintf_r+0x632>
   12cca:	0104f793          	andi	a5,s1,16
   12cce:	c399                	beqz	a5,12cd4 <_vfprintf_r+0x5b4>
   12cd0:	7a80106f          	j	14478 <_vfprintf_r+0x1d58>
   12cd4:	66e2                	ld	a3,24(sp)
   12cd6:	0404f793          	andi	a5,s1,64
   12cda:	0006a903          	lw	s2,0(a3)
   12cde:	74078ae3          	beqz	a5,13c32 <_vfprintf_r+0x1512>
   12ce2:	0109191b          	slliw	s2,s2,0x10
   12ce6:	4109591b          	sraiw	s2,s2,0x10
   12cea:	ec3a                	sd	a4,24(sp)
   12cec:	87ca                	mv	a5,s2
   12cee:	0607c863          	bltz	a5,12d5e <_vfprintf_r+0x63e>
   12cf2:	080ac063          	bltz	s5,12d72 <_vfprintf_r+0x652>
   12cf6:	f7fe7e13          	andi	t3,t3,-129
   12cfa:	06091c63          	bnez	s2,12d72 <_vfprintf_r+0x652>
   12cfe:	060a9a63          	bnez	s5,12d72 <_vfprintf_r+0x652>
   12d02:	0a714503          	lbu	a0,167(sp)
   12d06:	740502e3          	beqz	a0,13c4a <_vfprintf_r+0x152a>
   12d0a:	4801                	li	a6,0
   12d0c:	4481                	li	s1,0
   12d0e:	f002                	sd	zero,32(sp)
   12d10:	4881                	li	a7,0
   12d12:	4a81                	li	s5,0
   12d14:	0afc                	addi	a5,sp,348
   12d16:	2805                	addiw	a6,a6,1
   12d18:	e099                	bnez	s1,12d1e <_vfprintf_r+0x5fe>
   12d1a:	2d70106f          	j	147f0 <_vfprintf_r+0x20d0>
   12d1e:	794e                	ld	s2,240(sp)
   12d20:	562e                	lw	a2,232(sp)
   12d22:	084e7b13          	andi	s6,t3,132
   12d26:	2809                	addiw	a6,a6,2
   12d28:	85ca                	mv	a1,s2
   12d2a:	86b2                	mv	a3,a2
   12d2c:	5e0b0a63          	beqz	s6,13320 <_vfprintf_r+0xc00>
   12d30:	e082                	sd	zero,64(sp)
   12d32:	fc02                	sd	zero,56(sp)
   12d34:	4481                	li	s1,0
   12d36:	bc0509e3          	beqz	a0,12908 <_vfprintf_r+0x1e8>
   12d3a:	4389                	li	t2,2
   12d3c:	b665                	j	128e4 <_vfprintf_r+0x1c4>
   12d3e:	0204f793          	andi	a5,s1,32
   12d42:	0104ef13          	ori	t5,s1,16
   12d46:	260787e3          	beqz	a5,137b4 <_vfprintf_r+0x1094>
   12d4a:	67e2                	ld	a5,24(sp)
   12d4c:	8e7a                	mv	t3,t5
   12d4e:	00878713          	addi	a4,a5,8
   12d52:	67e2                	ld	a5,24(sp)
   12d54:	ec3a                	sd	a4,24(sp)
   12d56:	639c                	ld	a5,0(a5)
   12d58:	893e                	mv	s2,a5
   12d5a:	f807dce3          	bgez	a5,12cf2 <_vfprintf_r+0x5d2>
   12d5e:	02d00793          	li	a5,45
   12d62:	0af103a3          	sb	a5,167(sp)
   12d66:	41200933          	neg	s2,s2
   12d6a:	000ac463          	bltz	s5,12d72 <_vfprintf_r+0x652>
   12d6e:	f7fe7e13          	andi	t3,t3,-129
   12d72:	4c25                	li	s8,9
   12d74:	112c6463          	bltu	s8,s2,12e7c <_vfprintf_r+0x75c>
   12d78:	0309091b          	addiw	s2,s2,48
   12d7c:	15210da3          	sb	s2,347(sp)
   12d80:	000a881b          	sext.w	a6,s5
   12d84:	255052e3          	blez	s5,137c8 <_vfprintf_r+0x10a8>
   12d88:	0a714503          	lbu	a0,167(sp)
   12d8c:	4481                	li	s1,0
   12d8e:	4885                	li	a7,1
   12d90:	15b10793          	addi	a5,sp,347
   12d94:	f002                	sd	zero,32(sp)
   12d96:	d149                	beqz	a0,12d18 <_vfprintf_r+0x5f8>
   12d98:	2805                	addiw	a6,a6,1
   12d9a:	bfbd                	j	12d18 <_vfprintf_r+0x5f8>
   12d9c:	67e2                	ld	a5,24(sp)
   12d9e:	0007ad03          	lw	s10,0(a5)
   12da2:	160d57e3          	bgez	s10,13710 <_vfprintf_r+0xff0>
   12da6:	67e2                	ld	a5,24(sp)
   12da8:	41a00d3b          	negw	s10,s10
   12dac:	07a1                	addi	a5,a5,8
   12dae:	ec3e                	sd	a5,24(sp)
   12db0:	000cc303          	lbu	t1,0(s9)
   12db4:	0044e493          	ori	s1,s1,4
   12db8:	b455                	j	1285c <_vfprintf_r+0x13c>
   12dba:	02b00793          	li	a5,43
   12dbe:	000cc303          	lbu	t1,0(s9)
   12dc2:	0af103a3          	sb	a5,167(sp)
   12dc6:	bc59                	j	1285c <_vfprintf_r+0x13c>
   12dc8:	000cc303          	lbu	t1,0(s9)
   12dcc:	0804e493          	ori	s1,s1,128
   12dd0:	b471                	j	1285c <_vfprintf_r+0x13c>
   12dd2:	000ccd83          	lbu	s11,0(s9)
   12dd6:	02a00793          	li	a5,42
   12dda:	001c8613          	addi	a2,s9,1
   12dde:	00fd9463          	bne	s11,a5,12de6 <_vfprintf_r+0x6c6>
   12de2:	1670106f          	j	14748 <_vfprintf_r+0x2028>
   12de6:	fd0d871b          	addiw	a4,s11,-48
   12dea:	45a5                	li	a1,9
   12dec:	4681                	li	a3,0
   12dee:	8cb2                	mv	s9,a2
   12df0:	4a81                	li	s5,0
   12df2:	a6e5e8e3          	bltu	a1,a4,12862 <_vfprintf_r+0x142>
   12df6:	0026979b          	slliw	a5,a3,0x2
   12dfa:	00064d83          	lbu	s11,0(a2)
   12dfe:	9fb5                	addw	a5,a5,a3
   12e00:	0017979b          	slliw	a5,a5,0x1
   12e04:	00e786bb          	addw	a3,a5,a4
   12e08:	fd0d871b          	addiw	a4,s11,-48
   12e0c:	0605                	addi	a2,a2,1
   12e0e:	fee5f4e3          	bgeu	a1,a4,12df6 <_vfprintf_r+0x6d6>
   12e12:	00068a9b          	sext.w	s5,a3
   12e16:	2a06cce3          	bltz	a3,138ce <_vfprintf_r+0x11ae>
   12e1a:	8cb2                	mv	s9,a2
   12e1c:	b499                	j	12862 <_vfprintf_r+0x142>
   12e1e:	0204f793          	andi	a5,s1,32
   12e22:	0104ef13          	ori	t5,s1,16
   12e26:	eb8d                	bnez	a5,12e58 <_vfprintf_r+0x738>
   12e28:	6762                	ld	a4,24(sp)
   12e2a:	0a0103a3          	sb	zero,167(sp)
   12e2e:	00073903          	ld	s2,0(a4)
   12e32:	00870793          	addi	a5,a4,8
   12e36:	1a0ac2e3          	bltz	s5,137da <_vfprintf_r+0x10ba>
   12e3a:	ec3e                	sd	a5,24(sp)
   12e3c:	f7ff7e13          	andi	t3,t5,-129
   12e40:	f20919e3          	bnez	s2,12d72 <_vfprintf_r+0x652>
   12e44:	f20a97e3          	bnez	s5,12d72 <_vfprintf_r+0x652>
   12e48:	4481                	li	s1,0
   12e4a:	aeb5                	j	131c6 <_vfprintf_r+0xaa6>
   12e4c:	0204f793          	andi	a5,s1,32
   12e50:	8e26                	mv	t3,s1
   12e52:	0e0787e3          	beqz	a5,13740 <_vfprintf_r+0x1020>
   12e56:	8f26                	mv	t5,s1
   12e58:	6762                	ld	a4,24(sp)
   12e5a:	0a0103a3          	sb	zero,167(sp)
   12e5e:	00073903          	ld	s2,0(a4)
   12e62:	00870793          	addi	a5,a4,8
   12e66:	160acae3          	bltz	s5,137da <_vfprintf_r+0x10ba>
   12e6a:	ec3e                	sd	a5,24(sp)
   12e6c:	f7ff7e13          	andi	t3,t5,-129
   12e70:	f00a91e3          	bnez	s5,12d72 <_vfprintf_r+0x652>
   12e74:	ee091fe3          	bnez	s2,12d72 <_vfprintf_r+0x652>
   12e78:	4481                	li	s1,0
   12e7a:	a6b1                	j	131c6 <_vfprintf_r+0xaa6>
   12e7c:	ccccd7b7          	lui	a5,0xccccd
   12e80:	ccd78793          	addi	a5,a5,-819 # ffffffffcccccccd <__BSS_END__+0xffffffffcccaf1bd>
   12e84:	02079b13          	slli	s6,a5,0x20
   12e88:	15c10893          	addi	a7,sp,348
   12e8c:	74e6                	ld	s1,120(sp)
   12e8e:	9b3e                	add	s6,s6,a5
   12e90:	8646                	mv	a2,a7
   12e92:	4581                	li	a1,0
   12e94:	400e7813          	andi	a6,t3,1024
   12e98:	a809                	j	12eaa <_vfprintf_r+0x78a>
   12e9a:	874a                	mv	a4,s2
   12e9c:	03693933          	mulhu	s2,s2,s6
   12ea0:	863e                	mv	a2,a5
   12ea2:	00395913          	srli	s2,s2,0x3
   12ea6:	02ec7f63          	bgeu	s8,a4,12ee4 <_vfprintf_r+0x7c4>
   12eaa:	036936b3          	mulhu	a3,s2,s6
   12eae:	2585                	addiw	a1,a1,1
   12eb0:	fff60793          	addi	a5,a2,-1
   12eb4:	828d                	srli	a3,a3,0x3
   12eb6:	00269713          	slli	a4,a3,0x2
   12eba:	9736                	add	a4,a4,a3
   12ebc:	0706                	slli	a4,a4,0x1
   12ebe:	40e90733          	sub	a4,s2,a4
   12ec2:	0307071b          	addiw	a4,a4,48
   12ec6:	fee60fa3          	sb	a4,-1(a2)
   12eca:	fc0808e3          	beqz	a6,12e9a <_vfprintf_r+0x77a>
   12ece:	0004c703          	lbu	a4,0(s1)
   12ed2:	f0170693          	addi	a3,a4,-255
   12ed6:	d2f1                	beqz	a3,12e9a <_vfprintf_r+0x77a>
   12ed8:	fcb711e3          	bne	a4,a1,12e9a <_vfprintf_r+0x77a>
   12edc:	012c7463          	bgeu	s8,s2,12ee4 <_vfprintf_r+0x7c4>
   12ee0:	4ee0106f          	j	143ce <_vfprintf_r+0x1cae>
   12ee4:	fca6                	sd	s1,120(sp)
   12ee6:	f82e                	sd	a1,48(sp)
   12ee8:	40f888bb          	subw	a7,a7,a5
   12eec:	000a881b          	sext.w	a6,s5
   12ef0:	011ad463          	bge	s5,a7,12ef8 <_vfprintf_r+0x7d8>
   12ef4:	0008881b          	sext.w	a6,a7
   12ef8:	0a714503          	lbu	a0,167(sp)
   12efc:	4481                	li	s1,0
   12efe:	f002                	sd	zero,32(sp)
   12f00:	bd59                	j	12d96 <_vfprintf_r+0x676>
   12f02:	6b02                	ld	s6,0(sp)
   12f04:	855a                	mv	a0,s6
   12f06:	218020ef          	jal	1511e <_localeconv_r>
   12f0a:	651c                	ld	a5,8(a0)
   12f0c:	853e                	mv	a0,a5
   12f0e:	f8be                	sd	a5,112(sp)
   12f10:	43c020ef          	jal	1534c <strlen>
   12f14:	87aa                	mv	a5,a0
   12f16:	855a                	mv	a0,s6
   12f18:	e53e                	sd	a5,136(sp)
   12f1a:	8b3e                	mv	s6,a5
   12f1c:	202020ef          	jal	1511e <_localeconv_r>
   12f20:	6918                	ld	a4,16(a0)
   12f22:	000cc303          	lbu	t1,0(s9)
   12f26:	fcba                	sd	a4,120(sp)
   12f28:	280b07e3          	beqz	s6,139b6 <_vfprintf_r+0x1296>
   12f2c:	4e070fe3          	beqz	a4,13c2a <_vfprintf_r+0x150a>
   12f30:	00074783          	lbu	a5,0(a4)
   12f34:	4e0787e3          	beqz	a5,13c22 <_vfprintf_r+0x1502>
   12f38:	4004e493          	ori	s1,s1,1024
   12f3c:	cc517057          	vsetivli	zero,2,e8,mf8,ta,ma
   12f40:	ba31                	j	1285c <_vfprintf_r+0x13c>
   12f42:	000cc303          	lbu	t1,0(s9)
   12f46:	0014e493          	ori	s1,s1,1
   12f4a:	ba09                	j	1285c <_vfprintf_r+0x13c>
   12f4c:	0a714783          	lbu	a5,167(sp)
   12f50:	000cc303          	lbu	t1,0(s9)
   12f54:	900794e3          	bnez	a5,1285c <_vfprintf_r+0x13c>
   12f58:	02000793          	li	a5,32
   12f5c:	0af103a3          	sb	a5,167(sp)
   12f60:	b8f5                	j	1285c <_vfprintf_r+0x13c>
   12f62:	000cc303          	lbu	t1,0(s9)
   12f66:	0084e493          	ori	s1,s1,8
   12f6a:	b8cd                	j	1285c <_vfprintf_r+0x13c>
   12f6c:	67e2                	ld	a5,24(sp)
   12f6e:	0104e813          	ori	a6,s1,16
   12f72:	00878713          	addi	a4,a5,8
   12f76:	67e2                	ld	a5,24(sp)
   12f78:	6394                	ld	a3,0(a5)
   12f7a:	ec3a                	sd	a4,24(sp)
   12f7c:	0a0103a3          	sb	zero,167(sp)
   12f80:	bff87e13          	andi	t3,a6,-1025
   12f84:	560acd63          	bltz	s5,134fe <_vfprintf_r+0xdde>
   12f88:	b7f87e13          	andi	t3,a6,-1153
   12f8c:	560a9963          	bnez	s5,134fe <_vfprintf_r+0xdde>
   12f90:	56069763          	bnez	a3,134fe <_vfprintf_r+0xdde>
   12f94:	00187813          	andi	a6,a6,1
   12f98:	70080b63          	beqz	a6,136ae <_vfprintf_r+0xf8e>
   12f9c:	794e                	ld	s2,240(sp)
   12f9e:	03000793          	li	a5,48
   12fa2:	14f10da3          	sb	a5,347(sp)
   12fa6:	f002                	sd	zero,32(sp)
   12fa8:	e082                	sd	zero,64(sp)
   12faa:	fc02                	sd	zero,56(sp)
   12fac:	084e7b13          	andi	s6,t3,132
   12fb0:	88c2                	mv	a7,a6
   12fb2:	4a81                	li	s5,0
   12fb4:	4481                	li	s1,0
   12fb6:	15b10793          	addi	a5,sp,347
   12fba:	85ca                	mv	a1,s2
   12fbc:	900b1fe3          	bnez	s6,128da <_vfprintf_r+0x1ba>
   12fc0:	410d073b          	subw	a4,s10,a6
   12fc4:	6ee04163          	bgtz	a4,136a6 <_vfprintf_r+0xf86>
   12fc8:	0a714703          	lbu	a4,167(sp)
   12fcc:	90071ae3          	bnez	a4,128e0 <_vfprintf_r+0x1c0>
   12fd0:	411a8abb          	subw	s5,s5,a7
   12fd4:	975050e3          	blez	s5,12934 <_vfprintf_r+0x214>
   12fd8:	66ed                	lui	a3,0x1b
   12fda:	562e                	lw	a2,232(sp)
   12fdc:	e2068693          	addi	a3,a3,-480 # 1ae20 <zeroes.0>
   12fe0:	07545463          	bge	s0,s5,13048 <_vfprintf_r+0x928>
   12fe4:	85a6                	mv	a1,s1
   12fe6:	ecbe                	sd	a5,88(sp)
   12fe8:	84d6                	mv	s1,s5
   12fea:	87de                	mv	a5,s7
   12fec:	874a                	mv	a4,s2
   12fee:	4b1d                	li	s6,7
   12ff0:	8c72                	mv	s8,t3
   12ff2:	f0c2                	sd	a6,96(sp)
   12ff4:	8946                	mv	s2,a7
   12ff6:	8bd2                	mv	s7,s4
   12ff8:	8aae                	mv	s5,a1
   12ffa:	a021                	j	13002 <_vfprintf_r+0x8e2>
   12ffc:	34c1                	addiw	s1,s1,-16
   12ffe:	02945b63          	bge	s0,s1,13034 <_vfprintf_r+0x914>
   13002:	0741                	addi	a4,a4,16
   13004:	2605                	addiw	a2,a2,1
   13006:	0147b023          	sd	s4,0(a5)
   1300a:	e780                	sd	s0,8(a5)
   1300c:	f9ba                	sd	a4,240(sp)
   1300e:	d5b2                	sw	a2,232(sp)
   13010:	07c1                	addi	a5,a5,16
   13012:	fecb55e3          	bge	s6,a2,12ffc <_vfprintf_r+0x8dc>
   13016:	65a2                	ld	a1,8(sp)
   13018:	6502                	ld	a0,0(sp)
   1301a:	1190                	addi	a2,sp,224
   1301c:	095010ef          	jal	148b0 <__sprint_r>
   13020:	3c051d63          	bnez	a0,133fa <_vfprintf_r+0xcda>
   13024:	34c1                	addiw	s1,s1,-16
   13026:	774e                	ld	a4,240(sp)
   13028:	562e                	lw	a2,232(sp)
   1302a:	87ce                	mv	a5,s3
   1302c:	cc517057          	vsetivli	zero,2,e8,mf8,ta,ma
   13030:	fc9449e3          	blt	s0,s1,13002 <_vfprintf_r+0x8e2>
   13034:	86de                	mv	a3,s7
   13036:	7806                	ld	a6,96(sp)
   13038:	8bbe                	mv	s7,a5
   1303a:	67e6                	ld	a5,88(sp)
   1303c:	85d6                	mv	a1,s5
   1303e:	88ca                	mv	a7,s2
   13040:	8aa6                	mv	s5,s1
   13042:	8e62                	mv	t3,s8
   13044:	893a                	mv	s2,a4
   13046:	84ae                	mv	s1,a1
   13048:	9956                	add	s2,s2,s5
   1304a:	2605                	addiw	a2,a2,1
   1304c:	00dbb023          	sd	a3,0(s7)
   13050:	015bb423          	sd	s5,8(s7)
   13054:	f9ca                	sd	s2,240(sp)
   13056:	d5b2                	sw	a2,232(sp)
   13058:	471d                	li	a4,7
   1305a:	0bc1                	addi	s7,s7,16
   1305c:	8cc75ce3          	bge	a4,a2,12934 <_vfprintf_r+0x214>
   13060:	65a2                	ld	a1,8(sp)
   13062:	6502                	ld	a0,0(sp)
   13064:	1190                	addi	a2,sp,224
   13066:	e946                	sd	a7,144(sp)
   13068:	e142                	sd	a6,128(sp)
   1306a:	f0f2                	sd	t3,96(sp)
   1306c:	ecbe                	sd	a5,88(sp)
   1306e:	043010ef          	jal	148b0 <__sprint_r>
   13072:	38051463          	bnez	a0,133fa <_vfprintf_r+0xcda>
   13076:	7e06                	ld	t3,96(sp)
   13078:	794e                	ld	s2,240(sp)
   1307a:	68ca                	ld	a7,144(sp)
   1307c:	100e7713          	andi	a4,t3,256
   13080:	680a                	ld	a6,128(sp)
   13082:	67e6                	ld	a5,88(sp)
   13084:	8bce                	mv	s7,s3
   13086:	cc517057          	vsetivli	zero,2,e8,mf8,ta,ma
   1308a:	8a0709e3          	beqz	a4,1293c <_vfprintf_r+0x21c>
   1308e:	06500713          	li	a4,101
   13092:	2bb75363          	bge	a4,s11,13338 <_vfprintf_r+0xc18>
   13096:	654e                	ld	a0,208(sp)
   13098:	65ee                	ld	a1,216(sp)
   1309a:	4601                	li	a2,0
   1309c:	4681                	li	a3,0
   1309e:	e142                	sd	a6,128(sp)
   130a0:	f0f2                	sd	t3,96(sp)
   130a2:	ecbe                	sd	a5,88(sp)
   130a4:	3d0060ef          	jal	19474 <__eqtf2>
   130a8:	67e6                	ld	a5,88(sp)
   130aa:	7e06                	ld	t3,96(sp)
   130ac:	680a                	ld	a6,128(sp)
   130ae:	48051a63          	bnez	a0,13542 <_vfprintf_r+0xe22>
   130b2:	57ae                	lw	a5,232(sp)
   130b4:	676d                	lui	a4,0x1b
   130b6:	84870713          	addi	a4,a4,-1976 # 1a848 <__clzdi2+0x1a8>
   130ba:	00ebb023          	sd	a4,0(s7)
   130be:	0905                	addi	s2,s2,1
   130c0:	4705                	li	a4,1
   130c2:	2785                	addiw	a5,a5,1
   130c4:	00ebb423          	sd	a4,8(s7)
   130c8:	f9ca                	sd	s2,240(sp)
   130ca:	d5be                	sw	a5,232(sp)
   130cc:	471d                	li	a4,7
   130ce:	0bc1                	addi	s7,s7,16
   130d0:	24f74ae3          	blt	a4,a5,13b24 <_vfprintf_r+0x1404>
   130d4:	57ca                	lw	a5,176(sp)
   130d6:	7742                	ld	a4,48(sp)
   130d8:	62e7c963          	blt	a5,a4,1370a <_vfprintf_r+0xfea>
   130dc:	001e7793          	andi	a5,t3,1
   130e0:	cc517057          	vsetivli	zero,2,e8,mf8,ta,ma
   130e4:	860789e3          	beqz	a5,12956 <_vfprintf_r+0x236>
   130e8:	6726                	ld	a4,72(sp)
   130ea:	57ae                	lw	a5,232(sp)
   130ec:	66c6                	ld	a3,80(sp)
   130ee:	993a                	add	s2,s2,a4
   130f0:	2785                	addiw	a5,a5,1
   130f2:	00ebb423          	sd	a4,8(s7)
   130f6:	00dbb023          	sd	a3,0(s7)
   130fa:	f9ca                	sd	s2,240(sp)
   130fc:	d5be                	sw	a5,232(sp)
   130fe:	471d                	li	a4,7
   13100:	0bc1                	addi	s7,s7,16
   13102:	24f742e3          	blt	a4,a5,13b46 <_vfprintf_r+0x1426>
   13106:	77c2                	ld	a5,48(sp)
   13108:	fff78a9b          	addiw	s5,a5,-1
   1310c:	855055e3          	blez	s5,12956 <_vfprintf_r+0x236>
   13110:	4b41                	li	s6,16
   13112:	57ae                	lw	a5,232(sp)
   13114:	66ed                	lui	a3,0x1b
   13116:	015b4463          	blt	s6,s5,1311e <_vfprintf_r+0x9fe>
   1311a:	1960106f          	j	142b0 <_vfprintf_r+0x1b90>
   1311e:	84d6                	mv	s1,s5
   13120:	874a                	mv	a4,s2
   13122:	4d9d                	li	s11,7
   13124:	8ac2                	mv	s5,a6
   13126:	8972                	mv	s2,t3
   13128:	e2068c13          	addi	s8,a3,-480 # 1ae20 <zeroes.0>
   1312c:	a021                	j	13134 <_vfprintf_r+0xa14>
   1312e:	34c1                	addiw	s1,s1,-16
   13130:	ae9b50e3          	bge	s6,s1,12c10 <_vfprintf_r+0x4f0>
   13134:	0741                	addi	a4,a4,16
   13136:	2785                	addiw	a5,a5,1
   13138:	018bb023          	sd	s8,0(s7)
   1313c:	016bb423          	sd	s6,8(s7)
   13140:	f9ba                	sd	a4,240(sp)
   13142:	d5be                	sw	a5,232(sp)
   13144:	0bc1                	addi	s7,s7,16
   13146:	fefdd4e3          	bge	s11,a5,1312e <_vfprintf_r+0xa0e>
   1314a:	65a2                	ld	a1,8(sp)
   1314c:	6502                	ld	a0,0(sp)
   1314e:	1190                	addi	a2,sp,224
   13150:	760010ef          	jal	148b0 <__sprint_r>
   13154:	2a051363          	bnez	a0,133fa <_vfprintf_r+0xcda>
   13158:	774e                	ld	a4,240(sp)
   1315a:	57ae                	lw	a5,232(sp)
   1315c:	8bce                	mv	s7,s3
   1315e:	cc517057          	vsetivli	zero,2,e8,mf8,ta,ma
   13162:	b7f1                	j	1312e <_vfprintf_r+0xa0e>
   13164:	000cc303          	lbu	t1,0(s9)
   13168:	06800793          	li	a5,104
   1316c:	76f30563          	beq	t1,a5,138d6 <_vfprintf_r+0x11b6>
   13170:	0404e493          	ori	s1,s1,64
   13174:	ee8ff06f          	j	1285c <_vfprintf_r+0x13c>
   13178:	000cc303          	lbu	t1,0(s9)
   1317c:	0204e493          	ori	s1,s1,32
   13180:	edcff06f          	j	1285c <_vfprintf_r+0x13c>
   13184:	5208a0d7          	vid.v	v1
   13188:	04800793          	li	a5,72
   1318c:	9617e0d7          	vmul.vx	v1,v1,a5
   13190:	03000713          	li	a4,48
   13194:	113c                	addi	a5,sp,168
   13196:	0a0103a3          	sb	zero,167(sp)
   1319a:	021740d7          	vadd.vx	v1,v1,a4
   1319e:	6762                	ld	a4,24(sp)
   131a0:	020780a7          	vse8.v	v1,(a5)
   131a4:	00870593          	addi	a1,a4,8
   131a8:	6318                	ld	a4,0(a4)
   131aa:	620acc63          	bltz	s5,137e2 <_vfprintf_r+0x10c2>
   131ae:	f7f4ff13          	andi	t5,s1,-129
   131b2:	002f6e13          	ori	t3,t5,2
   131b6:	1e0a94e3          	bnez	s5,13b9e <_vfprintf_r+0x147e>
   131ba:	1e0712e3          	bnez	a4,13b9e <_vfprintf_r+0x147e>
   131be:	ec2e                	sd	a1,24(sp)
   131c0:	4489                	li	s1,2
   131c2:	07800d93          	li	s11,120
   131c6:	0a714503          	lbu	a0,167(sp)
   131ca:	4a81                	li	s5,0
   131cc:	4801                	li	a6,0
   131ce:	4881                	li	a7,0
   131d0:	0afc                	addi	a5,sp,348
   131d2:	f002                	sd	zero,32(sp)
   131d4:	b6c9                	j	12d96 <_vfprintf_r+0x676>
   131d6:	6762                	ld	a4,24(sp)
   131d8:	0204f793          	andi	a5,s1,32
   131dc:	8e26                	mv	t3,s1
   131de:	0721                	addi	a4,a4,8
   131e0:	54079d63          	bnez	a5,1373a <_vfprintf_r+0x101a>
   131e4:	0104f793          	andi	a5,s1,16
   131e8:	54079963          	bnez	a5,1373a <_vfprintf_r+0x101a>
   131ec:	66e2                	ld	a3,24(sp)
   131ee:	0404f793          	andi	a5,s1,64
   131f2:	4294                	lw	a3,0(a3)
   131f4:	20078de3          	beqz	a5,13c0e <_vfprintf_r+0x14ee>
   131f8:	16c2                	slli	a3,a3,0x30
   131fa:	92c1                	srli	a3,a3,0x30
   131fc:	ec3a                	sd	a4,24(sp)
   131fe:	8826                	mv	a6,s1
   13200:	bbb5                	j	12f7c <_vfprintf_r+0x85c>
   13202:	66e2                	ld	a3,24(sp)
   13204:	0204f793          	andi	a5,s1,32
   13208:	6298                	ld	a4,0(a3)
   1320a:	06a1                	addi	a3,a3,8
   1320c:	ec36                	sd	a3,24(sp)
   1320e:	52079263          	bnez	a5,13732 <_vfprintf_r+0x1012>
   13212:	0104f793          	andi	a5,s1,16
   13216:	50079e63          	bnez	a5,13732 <_vfprintf_r+0x1012>
   1321a:	0404f793          	andi	a5,s1,64
   1321e:	580795e3          	bnez	a5,13fa8 <_vfprintf_r+0x1888>
   13222:	2004ff13          	andi	t5,s1,512
   13226:	67c2                	ld	a5,16(sp)
   13228:	000f1463          	bnez	t5,13230 <_vfprintf_r+0xb10>
   1322c:	2fa0106f          	j	14526 <_vfprintf_r+0x1e06>
   13230:	00f70023          	sb	a5,0(a4)
   13234:	db6ff06f          	j	127ea <_vfprintf_r+0xca>
   13238:	000cc303          	lbu	t1,0(s9)
   1323c:	06c00793          	li	a5,108
   13240:	6af30263          	beq	t1,a5,138e4 <_vfprintf_r+0x11c4>
   13244:	0104e493          	ori	s1,s1,16
   13248:	e14ff06f          	j	1285c <_vfprintf_r+0x13c>
   1324c:	410d0b3b          	subw	s6,s10,a6
   13250:	ed605e63          	blez	s6,1292c <_vfprintf_r+0x20c>
   13254:	42c1                	li	t0,16
   13256:	562e                	lw	a2,232(sp)
   13258:	66ed                	lui	a3,0x1b
   1325a:	0162c463          	blt	t0,s6,13262 <_vfprintf_r+0xb42>
   1325e:	2c00106f          	j	1451e <_vfprintf_r+0x1dfe>
   13262:	8c3e                	mv	s8,a5
   13264:	874a                	mv	a4,s2
   13266:	87de                	mv	a5,s7
   13268:	439d                	li	t2,7
   1326a:	8ba6                	mv	s7,s1
   1326c:	ecf2                	sd	t3,88(sp)
   1326e:	84da                	mv	s1,s6
   13270:	f0c2                	sd	a6,96(sp)
   13272:	8b46                	mv	s6,a7
   13274:	e2068913          	addi	s2,a3,-480 # 1ae20 <zeroes.0>
   13278:	a021                	j	13280 <_vfprintf_r+0xb60>
   1327a:	34c1                	addiw	s1,s1,-16
   1327c:	0292de63          	bge	t0,s1,132b8 <_vfprintf_r+0xb98>
   13280:	0741                	addi	a4,a4,16
   13282:	2605                	addiw	a2,a2,1
   13284:	0127b023          	sd	s2,0(a5)
   13288:	0057b423          	sd	t0,8(a5)
   1328c:	f9ba                	sd	a4,240(sp)
   1328e:	d5b2                	sw	a2,232(sp)
   13290:	07c1                	addi	a5,a5,16
   13292:	fec3d4e3          	bge	t2,a2,1327a <_vfprintf_r+0xb5a>
   13296:	65a2                	ld	a1,8(sp)
   13298:	6502                	ld	a0,0(sp)
   1329a:	1190                	addi	a2,sp,224
   1329c:	614010ef          	jal	148b0 <__sprint_r>
   132a0:	14051d63          	bnez	a0,133fa <_vfprintf_r+0xcda>
   132a4:	42c1                	li	t0,16
   132a6:	34c1                	addiw	s1,s1,-16
   132a8:	774e                	ld	a4,240(sp)
   132aa:	562e                	lw	a2,232(sp)
   132ac:	87ce                	mv	a5,s3
   132ae:	439d                	li	t2,7
   132b0:	cc517057          	vsetivli	zero,2,e8,mf8,ta,ma
   132b4:	fc92c6e3          	blt	t0,s1,13280 <_vfprintf_r+0xb60>
   132b8:	6e66                	ld	t3,88(sp)
   132ba:	7806                	ld	a6,96(sp)
   132bc:	88da                	mv	a7,s6
   132be:	86ca                	mv	a3,s2
   132c0:	8b26                	mv	s6,s1
   132c2:	893a                	mv	s2,a4
   132c4:	84de                	mv	s1,s7
   132c6:	8bbe                	mv	s7,a5
   132c8:	87e2                	mv	a5,s8
   132ca:	995a                	add	s2,s2,s6
   132cc:	2605                	addiw	a2,a2,1
   132ce:	00dbb023          	sd	a3,0(s7)
   132d2:	016bb423          	sd	s6,8(s7)
   132d6:	f9ca                	sd	s2,240(sp)
   132d8:	d5b2                	sw	a2,232(sp)
   132da:	471d                	li	a4,7
   132dc:	0bc1                	addi	s7,s7,16
   132de:	e4c75763          	bge	a4,a2,1292c <_vfprintf_r+0x20c>
   132e2:	65a2                	ld	a1,8(sp)
   132e4:	6502                	ld	a0,0(sp)
   132e6:	1190                	addi	a2,sp,224
   132e8:	e946                	sd	a7,144(sp)
   132ea:	e142                	sd	a6,128(sp)
   132ec:	f0f2                	sd	t3,96(sp)
   132ee:	ecbe                	sd	a5,88(sp)
   132f0:	5c0010ef          	jal	148b0 <__sprint_r>
   132f4:	10051363          	bnez	a0,133fa <_vfprintf_r+0xcda>
   132f8:	794e                	ld	s2,240(sp)
   132fa:	67e6                	ld	a5,88(sp)
   132fc:	7e06                	ld	t3,96(sp)
   132fe:	680a                	ld	a6,128(sp)
   13300:	68ca                	ld	a7,144(sp)
   13302:	8bce                	mv	s7,s3
   13304:	cc517057          	vsetivli	zero,2,e8,mf8,ta,ma
   13308:	e24ff06f          	j	1292c <_vfprintf_r+0x20c>
   1330c:	65a2                	ld	a1,8(sp)
   1330e:	6502                	ld	a0,0(sp)
   13310:	1190                	addi	a2,sp,224
   13312:	59e010ef          	jal	148b0 <__sprint_r>
   13316:	e175                	bnez	a0,133fa <_vfprintf_r+0xcda>
   13318:	cc517057          	vsetivli	zero,2,e8,mf8,ta,ma
   1331c:	e5cff06f          	j	12978 <_vfprintf_r+0x258>
   13320:	410d073b          	subw	a4,s10,a6
   13324:	e082                	sd	zero,64(sp)
   13326:	fc02                	sd	zero,56(sp)
   13328:	2ee04063          	bgtz	a4,13608 <_vfprintf_r+0xee8>
   1332c:	4481                	li	s1,0
   1332e:	dc050d63          	beqz	a0,12908 <_vfprintf_r+0x1e8>
   13332:	4389                	li	t2,2
   13334:	db0ff06f          	j	128e4 <_vfprintf_r+0x1c4>
   13338:	5aae                	lw	s5,232(sp)
   1333a:	7642                	ld	a2,48(sp)
   1333c:	4685                	li	a3,1
   1333e:	2a85                	addiw	s5,s5,1
   13340:	9936                	add	s2,s2,a3
   13342:	8756                	mv	a4,s5
   13344:	010b8b13          	addi	s6,s7,16
   13348:	36c6dc63          	bge	a3,a2,136c0 <_vfprintf_r+0xfa0>
   1334c:	4685                	li	a3,1
   1334e:	00dbb423          	sd	a3,8(s7)
   13352:	00fbb023          	sd	a5,0(s7)
   13356:	f9ca                	sd	s2,240(sp)
   13358:	d5ba                	sw	a4,232(sp)
   1335a:	469d                	li	a3,7
   1335c:	6ae6c663          	blt	a3,a4,13a08 <_vfprintf_r+0x12e8>
   13360:	6726                	ld	a4,72(sp)
   13362:	66c6                	ld	a3,80(sp)
   13364:	2a85                	addiw	s5,s5,1
   13366:	993a                	add	s2,s2,a4
   13368:	00eb3423          	sd	a4,8(s6)
   1336c:	00db3023          	sd	a3,0(s6)
   13370:	f9ca                	sd	s2,240(sp)
   13372:	d5d6                	sw	s5,232(sp)
   13374:	471d                	li	a4,7
   13376:	0b41                	addi	s6,s6,16
   13378:	67574763          	blt	a4,s5,139e6 <_vfprintf_r+0x12c6>
   1337c:	ecbe                	sd	a5,88(sp)
   1337e:	654e                	ld	a0,208(sp)
   13380:	77c2                	ld	a5,48(sp)
   13382:	65ee                	ld	a1,216(sp)
   13384:	4601                	li	a2,0
   13386:	4681                	li	a3,0
   13388:	e0c2                	sd	a6,64(sp)
   1338a:	fc72                	sd	t3,56(sp)
   1338c:	fff78b9b          	addiw	s7,a5,-1
   13390:	0e4060ef          	jal	19474 <__eqtf2>
   13394:	7e62                	ld	t3,56(sp)
   13396:	6806                	ld	a6,64(sp)
   13398:	36050263          	beqz	a0,136fc <_vfprintf_r+0xfdc>
   1339c:	67e6                	ld	a5,88(sp)
   1339e:	2a85                	addiw	s5,s5,1
   133a0:	995e                	add	s2,s2,s7
   133a2:	0785                	addi	a5,a5,1
   133a4:	d5d6                	sw	s5,232(sp)
   133a6:	f9ca                	sd	s2,240(sp)
   133a8:	00fb3023          	sd	a5,0(s6)
   133ac:	017b3423          	sd	s7,8(s6)
   133b0:	479d                	li	a5,7
   133b2:	4f57cd63          	blt	a5,s5,138ac <_vfprintf_r+0x118c>
   133b6:	cc517057          	vsetivli	zero,2,e8,mf8,ta,ma
   133ba:	0b41                	addi	s6,s6,16
   133bc:	7726                	ld	a4,104(sp)
   133be:	193c                	addi	a5,sp,184
   133c0:	2a85                	addiw	s5,s5,1
   133c2:	993a                	add	s2,s2,a4
   133c4:	00fb3023          	sd	a5,0(s6)
   133c8:	f9ca                	sd	s2,240(sp)
   133ca:	d5d6                	sw	s5,232(sp)
   133cc:	00eb3423          	sd	a4,8(s6)
   133d0:	479d                	li	a5,7
   133d2:	010b0b93          	addi	s7,s6,16
   133d6:	d957d063          	bge	a5,s5,12956 <_vfprintf_r+0x236>
   133da:	65a2                	ld	a1,8(sp)
   133dc:	6502                	ld	a0,0(sp)
   133de:	1190                	addi	a2,sp,224
   133e0:	e0c2                	sd	a6,64(sp)
   133e2:	fc72                	sd	t3,56(sp)
   133e4:	4cc010ef          	jal	148b0 <__sprint_r>
   133e8:	e909                	bnez	a0,133fa <_vfprintf_r+0xcda>
   133ea:	794e                	ld	s2,240(sp)
   133ec:	6806                	ld	a6,64(sp)
   133ee:	7e62                	ld	t3,56(sp)
   133f0:	8bce                	mv	s7,s3
   133f2:	cc517057          	vsetivli	zero,2,e8,mf8,ta,ma
   133f6:	d60ff06f          	j	12956 <_vfprintf_r+0x236>
   133fa:	64a2                	ld	s1,8(sp)
   133fc:	7582                	ld	a1,32(sp)
   133fe:	c581                	beqz	a1,13406 <_vfprintf_r+0xce6>
   13400:	6502                	ld	a0,0(sp)
   13402:	8e2ff0ef          	jal	124e4 <_free_r>
   13406:	0104d783          	lhu	a5,16(s1)
   1340a:	23013903          	ld	s2,560(sp)
   1340e:	22813983          	ld	s3,552(sp)
   13412:	0407f793          	andi	a5,a5,64
   13416:	22013a03          	ld	s4,544(sp)
   1341a:	21813a83          	ld	s5,536(sp)
   1341e:	20813b83          	ld	s7,520(sp)
   13422:	20013c03          	ld	s8,512(sp)
   13426:	7cfe                	ld	s9,504(sp)
   13428:	7d5e                	ld	s10,496(sp)
   1342a:	7dbe                	ld	s11,488(sp)
   1342c:	da079e63          	bnez	a5,129e8 <_vfprintf_r+0x2c8>
   13430:	24813083          	ld	ra,584(sp)
   13434:	24013403          	ld	s0,576(sp)
   13438:	6542                	ld	a0,16(sp)
   1343a:	23813483          	ld	s1,568(sp)
   1343e:	21013b03          	ld	s6,528(sp)
   13442:	25010113          	addi	sp,sp,592
   13446:	8082                	ret
   13448:	65a2                	ld	a1,8(sp)
   1344a:	6502                	ld	a0,0(sp)
   1344c:	1190                	addi	a2,sp,224
   1344e:	e946                	sd	a7,144(sp)
   13450:	e142                	sd	a6,128(sp)
   13452:	f0f2                	sd	t3,96(sp)
   13454:	ecbe                	sd	a5,88(sp)
   13456:	45a010ef          	jal	148b0 <__sprint_r>
   1345a:	f145                	bnez	a0,133fa <_vfprintf_r+0xcda>
   1345c:	794e                	ld	s2,240(sp)
   1345e:	68ca                	ld	a7,144(sp)
   13460:	680a                	ld	a6,128(sp)
   13462:	7e06                	ld	t3,96(sp)
   13464:	67e6                	ld	a5,88(sp)
   13466:	8bce                	mv	s7,s3
   13468:	cc517057          	vsetivli	zero,2,e8,mf8,ta,ma
   1346c:	cb8ff06f          	j	12924 <_vfprintf_r+0x204>
   13470:	4b41                	li	s6,16
   13472:	57ae                	lw	a5,232(sp)
   13474:	66ed                	lui	a3,0x1b
   13476:	015b4463          	blt	s6,s5,1347e <_vfprintf_r+0xd5e>
   1347a:	0560106f          	j	144d0 <_vfprintf_r+0x1db0>
   1347e:	874a                	mv	a4,s2
   13480:	6c22                	ld	s8,8(sp)
   13482:	4d9d                	li	s11,7
   13484:	8942                	mv	s2,a6
   13486:	e3068493          	addi	s1,a3,-464 # 1ae30 <blanks.1>
   1348a:	a021                	j	13492 <_vfprintf_r+0xd72>
   1348c:	3ac1                	addiw	s5,s5,-16
   1348e:	035b5c63          	bge	s6,s5,134c6 <_vfprintf_r+0xda6>
   13492:	0741                	addi	a4,a4,16
   13494:	2785                	addiw	a5,a5,1
   13496:	009bb023          	sd	s1,0(s7)
   1349a:	016bb423          	sd	s6,8(s7)
   1349e:	f9ba                	sd	a4,240(sp)
   134a0:	d5be                	sw	a5,232(sp)
   134a2:	0bc1                	addi	s7,s7,16
   134a4:	fefdd4e3          	bge	s11,a5,1348c <_vfprintf_r+0xd6c>
   134a8:	6502                	ld	a0,0(sp)
   134aa:	1190                	addi	a2,sp,224
   134ac:	85e2                	mv	a1,s8
   134ae:	402010ef          	jal	148b0 <__sprint_r>
   134b2:	68051863          	bnez	a0,13b42 <_vfprintf_r+0x1422>
   134b6:	3ac1                	addiw	s5,s5,-16
   134b8:	774e                	ld	a4,240(sp)
   134ba:	57ae                	lw	a5,232(sp)
   134bc:	8bce                	mv	s7,s3
   134be:	cc517057          	vsetivli	zero,2,e8,mf8,ta,ma
   134c2:	fd5b48e3          	blt	s6,s5,13492 <_vfprintf_r+0xd72>
   134c6:	884a                	mv	a6,s2
   134c8:	86a6                	mv	a3,s1
   134ca:	893a                	mv	s2,a4
   134cc:	9956                	add	s2,s2,s5
   134ce:	2785                	addiw	a5,a5,1
   134d0:	f9ca                	sd	s2,240(sp)
   134d2:	d5be                	sw	a5,232(sp)
   134d4:	00dbb023          	sd	a3,0(s7)
   134d8:	015bb423          	sd	s5,8(s7)
   134dc:	471d                	li	a4,7
   134de:	c8f75463          	bge	a4,a5,12966 <_vfprintf_r+0x246>
   134e2:	65a2                	ld	a1,8(sp)
   134e4:	6502                	ld	a0,0(sp)
   134e6:	1190                	addi	a2,sp,224
   134e8:	fc42                	sd	a6,56(sp)
   134ea:	3c6010ef          	jal	148b0 <__sprint_r>
   134ee:	f00516e3          	bnez	a0,133fa <_vfprintf_r+0xcda>
   134f2:	794e                	ld	s2,240(sp)
   134f4:	7862                	ld	a6,56(sp)
   134f6:	cc517057          	vsetivli	zero,2,e8,mf8,ta,ma
   134fa:	c6cff06f          	j	12966 <_vfprintf_r+0x246>
   134fe:	15c10893          	addi	a7,sp,348
   13502:	87c6                	mv	a5,a7
   13504:	0076f713          	andi	a4,a3,7
   13508:	863e                	mv	a2,a5
   1350a:	03070713          	addi	a4,a4,48
   1350e:	828d                	srli	a3,a3,0x3
   13510:	fee78fa3          	sb	a4,-1(a5)
   13514:	17fd                	addi	a5,a5,-1
   13516:	f6fd                	bnez	a3,13504 <_vfprintf_r+0xde4>
   13518:	fd070713          	addi	a4,a4,-48
   1351c:	03000693          	li	a3,48
   13520:	c709                	beqz	a4,1352a <_vfprintf_r+0xe0a>
   13522:	001e7713          	andi	a4,t3,1
   13526:	26071563          	bnez	a4,13790 <_vfprintf_r+0x1070>
   1352a:	40f888bb          	subw	a7,a7,a5
   1352e:	000a881b          	sext.w	a6,s5
   13532:	1f1ac863          	blt	s5,a7,13722 <_vfprintf_r+0x1002>
   13536:	f002                	sd	zero,32(sp)
   13538:	e082                	sd	zero,64(sp)
   1353a:	fc02                	sd	zero,56(sp)
   1353c:	4481                	li	s1,0
   1353e:	b90ff06f          	j	128ce <_vfprintf_r+0x1ae>
   13542:	564a                	lw	a2,176(sp)
   13544:	52c05763          	blez	a2,13a72 <_vfprintf_r+0x1352>
   13548:	76c2                	ld	a3,48(sp)
   1354a:	8726                	mv	a4,s1
   1354c:	2c96cd63          	blt	a3,s1,13826 <_vfprintf_r+0x1106>
   13550:	00070d9b          	sext.w	s11,a4
   13554:	01b05f63          	blez	s11,13572 <_vfprintf_r+0xe52>
   13558:	572e                	lw	a4,232(sp)
   1355a:	996e                	add	s2,s2,s11
   1355c:	00fbb023          	sd	a5,0(s7)
   13560:	2705                	addiw	a4,a4,1
   13562:	01bbb423          	sd	s11,8(s7)
   13566:	f9ca                	sd	s2,240(sp)
   13568:	d5ba                	sw	a4,232(sp)
   1356a:	469d                	li	a3,7
   1356c:	0bc1                	addi	s7,s7,16
   1356e:	16e6cce3          	blt	a3,a4,13ee6 <_vfprintf_r+0x17c6>
   13572:	8aee                	mv	s5,s11
   13574:	3a0dce63          	bltz	s11,13930 <_vfprintf_r+0x1210>
   13578:	41548abb          	subw	s5,s1,s5
   1357c:	3f504263          	bgtz	s5,13960 <_vfprintf_r+0x1240>
   13580:	400e7713          	andi	a4,t3,1024
   13584:	00978db3          	add	s11,a5,s1
   13588:	7a071463          	bnez	a4,13d30 <_vfprintf_r+0x1610>
   1358c:	5aca                	lw	s5,176(sp)
   1358e:	76c2                	ld	a3,48(sp)
   13590:	00dac663          	blt	s5,a3,1359c <_vfprintf_r+0xe7c>
   13594:	001e7713          	andi	a4,t3,1
   13598:	1a070de3          	beqz	a4,13f52 <_vfprintf_r+0x1832>
   1359c:	66a6                	ld	a3,72(sp)
   1359e:	572e                	lw	a4,232(sp)
   135a0:	6646                	ld	a2,80(sp)
   135a2:	9936                	add	s2,s2,a3
   135a4:	2705                	addiw	a4,a4,1
   135a6:	00dbb423          	sd	a3,8(s7)
   135aa:	00cbb023          	sd	a2,0(s7)
   135ae:	f9ca                	sd	s2,240(sp)
   135b0:	d5ba                	sw	a4,232(sp)
   135b2:	469d                	li	a3,7
   135b4:	0bc1                	addi	s7,s7,16
   135b6:	56e6c3e3          	blt	a3,a4,1431c <_vfprintf_r+0x1bfc>
   135ba:	7742                	ld	a4,48(sp)
   135bc:	97ba                	add	a5,a5,a4
   135be:	41b78b33          	sub	s6,a5,s11
   135c2:	41570abb          	subw	s5,a4,s5
   135c6:	000b079b          	sext.w	a5,s6
   135ca:	00fad363          	bge	s5,a5,135d0 <_vfprintf_r+0xeb0>
   135ce:	8b56                	mv	s6,s5
   135d0:	2b01                	sext.w	s6,s6
   135d2:	01605f63          	blez	s6,135f0 <_vfprintf_r+0xed0>
   135d6:	57ae                	lw	a5,232(sp)
   135d8:	995a                	add	s2,s2,s6
   135da:	01bbb023          	sd	s11,0(s7)
   135de:	2785                	addiw	a5,a5,1
   135e0:	016bb423          	sd	s6,8(s7)
   135e4:	f9ca                	sd	s2,240(sp)
   135e6:	d5be                	sw	a5,232(sp)
   135e8:	471d                	li	a4,7
   135ea:	0bc1                	addi	s7,s7,16
   135ec:	64f74fe3          	blt	a4,a5,1444a <_vfprintf_r+0x1d2a>
   135f0:	87da                	mv	a5,s6
   135f2:	000b5363          	bgez	s6,135f8 <_vfprintf_r+0xed8>
   135f6:	4781                	li	a5,0
   135f8:	40fa8abb          	subw	s5,s5,a5
   135fc:	6d504e63          	bgtz	s5,13cd8 <_vfprintf_r+0x15b8>
   13600:	cc517057          	vsetivli	zero,2,e8,mf8,ta,ma
   13604:	b52ff06f          	j	12956 <_vfprintf_r+0x236>
   13608:	4389                	li	t2,2
   1360a:	4941                	li	s2,16
   1360c:	8636                	mv	a2,a3
   1360e:	66ed                	lui	a3,0x1b
   13610:	62e953e3          	bge	s2,a4,14436 <_vfprintf_r+0x1d16>
   13614:	f0be                	sd	a5,96(sp)
   13616:	e956                	sd	s5,144(sp)
   13618:	87de                	mv	a5,s7
   1361a:	4f9d                	li	t6,7
   1361c:	84ba                	mv	s1,a4
   1361e:	ec9e                	sd	t2,88(sp)
   13620:	e172                	sd	t3,128(sp)
   13622:	8c42                	mv	s8,a6
   13624:	8bc6                	mv	s7,a7
   13626:	e3068a93          	addi	s5,a3,-464 # 1ae30 <blanks.1>
   1362a:	a021                	j	13632 <_vfprintf_r+0xf12>
   1362c:	34c1                	addiw	s1,s1,-16
   1362e:	02995d63          	bge	s2,s1,13668 <_vfprintf_r+0xf48>
   13632:	05c1                	addi	a1,a1,16
   13634:	2605                	addiw	a2,a2,1
   13636:	0157b023          	sd	s5,0(a5)
   1363a:	0127b423          	sd	s2,8(a5)
   1363e:	f9ae                	sd	a1,240(sp)
   13640:	d5b2                	sw	a2,232(sp)
   13642:	07c1                	addi	a5,a5,16
   13644:	fecfd4e3          	bge	t6,a2,1362c <_vfprintf_r+0xf0c>
   13648:	65a2                	ld	a1,8(sp)
   1364a:	6502                	ld	a0,0(sp)
   1364c:	1190                	addi	a2,sp,224
   1364e:	262010ef          	jal	148b0 <__sprint_r>
   13652:	da0514e3          	bnez	a0,133fa <_vfprintf_r+0xcda>
   13656:	34c1                	addiw	s1,s1,-16
   13658:	75ce                	ld	a1,240(sp)
   1365a:	562e                	lw	a2,232(sp)
   1365c:	87ce                	mv	a5,s3
   1365e:	4f9d                	li	t6,7
   13660:	cc517057          	vsetivli	zero,2,e8,mf8,ta,ma
   13664:	fc9947e3          	blt	s2,s1,13632 <_vfprintf_r+0xf12>
   13668:	88de                	mv	a7,s7
   1366a:	86d6                	mv	a3,s5
   1366c:	8bbe                	mv	s7,a5
   1366e:	63e6                	ld	t2,88(sp)
   13670:	6e0a                	ld	t3,128(sp)
   13672:	7786                	ld	a5,96(sp)
   13674:	6aca                	ld	s5,144(sp)
   13676:	8726                	mv	a4,s1
   13678:	8862                	mv	a6,s8
   1367a:	00b70933          	add	s2,a4,a1
   1367e:	2605                	addiw	a2,a2,1
   13680:	00ebb423          	sd	a4,8(s7)
   13684:	f9ca                	sd	s2,240(sp)
   13686:	d5b2                	sw	a2,232(sp)
   13688:	00dbb023          	sd	a3,0(s7)
   1368c:	471d                	li	a4,7
   1368e:	3ac74463          	blt	a4,a2,13a36 <_vfprintf_r+0x1316>
   13692:	0a714703          	lbu	a4,167(sp)
   13696:	0bc1                	addi	s7,s7,16
   13698:	84da                	mv	s1,s6
   1369a:	e349                	bnez	a4,1371c <_vfprintf_r+0xffc>
   1369c:	a8038863          	beqz	t2,1292c <_vfprintf_r+0x20c>
   136a0:	4b01                	li	s6,0
   136a2:	a66ff06f          	j	12908 <_vfprintf_r+0x1e8>
   136a6:	56ae                	lw	a3,232(sp)
   136a8:	8b26                	mv	s6,s1
   136aa:	4381                	li	t2,0
   136ac:	bfb9                	j	1360a <_vfprintf_r+0xeea>
   136ae:	4881                	li	a7,0
   136b0:	4a81                	li	s5,0
   136b2:	e082                	sd	zero,64(sp)
   136b4:	fc02                	sd	zero,56(sp)
   136b6:	4481                	li	s1,0
   136b8:	f002                	sd	zero,32(sp)
   136ba:	0afc                	addi	a5,sp,348
   136bc:	a12ff06f          	j	128ce <_vfprintf_r+0x1ae>
   136c0:	00de7633          	and	a2,t3,a3
   136c4:	c80614e3          	bnez	a2,1334c <_vfprintf_r+0xc2c>
   136c8:	00fbb023          	sd	a5,0(s7)
   136cc:	00dbb423          	sd	a3,8(s7)
   136d0:	f9ca                	sd	s2,240(sp)
   136d2:	d5d6                	sw	s5,232(sp)
   136d4:	479d                	li	a5,7
   136d6:	cf57d3e3          	bge	a5,s5,133bc <_vfprintf_r+0xc9c>
   136da:	65a2                	ld	a1,8(sp)
   136dc:	6502                	ld	a0,0(sp)
   136de:	1190                	addi	a2,sp,224
   136e0:	e0c2                	sd	a6,64(sp)
   136e2:	fc72                	sd	t3,56(sp)
   136e4:	1cc010ef          	jal	148b0 <__sprint_r>
   136e8:	d00519e3          	bnez	a0,133fa <_vfprintf_r+0xcda>
   136ec:	794e                	ld	s2,240(sp)
   136ee:	5aae                	lw	s5,232(sp)
   136f0:	6806                	ld	a6,64(sp)
   136f2:	7e62                	ld	t3,56(sp)
   136f4:	8b4e                	mv	s6,s3
   136f6:	cc517057          	vsetivli	zero,2,e8,mf8,ta,ma
   136fa:	b1c9                	j	133bc <_vfprintf_r+0xc9c>
   136fc:	7742                	ld	a4,48(sp)
   136fe:	4785                	li	a5,1
   13700:	12e7c963          	blt	a5,a4,13832 <_vfprintf_r+0x1112>
   13704:	cc517057          	vsetivli	zero,2,e8,mf8,ta,ma
   13708:	b955                	j	133bc <_vfprintf_r+0xc9c>
   1370a:	cc517057          	vsetivli	zero,2,e8,mf8,ta,ma
   1370e:	bae9                	j	130e8 <_vfprintf_r+0x9c8>
   13710:	07a1                	addi	a5,a5,8
   13712:	000cc303          	lbu	t1,0(s9)
   13716:	ec3e                	sd	a5,24(sp)
   13718:	944ff06f          	j	1285c <_vfprintf_r+0x13c>
   1371c:	4b01                	li	s6,0
   1371e:	9c6ff06f          	j	128e4 <_vfprintf_r+0x1c4>
   13722:	0008881b          	sext.w	a6,a7
   13726:	f002                	sd	zero,32(sp)
   13728:	e082                	sd	zero,64(sp)
   1372a:	fc02                	sd	zero,56(sp)
   1372c:	4481                	li	s1,0
   1372e:	9a0ff06f          	j	128ce <_vfprintf_r+0x1ae>
   13732:	67c2                	ld	a5,16(sp)
   13734:	e31c                	sd	a5,0(a4)
   13736:	8b4ff06f          	j	127ea <_vfprintf_r+0xca>
   1373a:	8872                	mv	a6,t3
   1373c:	83bff06f          	j	12f76 <_vfprintf_r+0x856>
   13740:	0104f793          	andi	a5,s1,16
   13744:	520797e3          	bnez	a5,14472 <_vfprintf_r+0x1d52>
   13748:	66e2                	ld	a3,24(sp)
   1374a:	0404f793          	andi	a5,s1,64
   1374e:	0006a903          	lw	s2,0(a3)
   13752:	00868713          	addi	a4,a3,8
   13756:	26078463          	beqz	a5,139be <_vfprintf_r+0x129e>
   1375a:	1942                	slli	s2,s2,0x30
   1375c:	0a0103a3          	sb	zero,167(sp)
   13760:	03095913          	srli	s2,s2,0x30
   13764:	260ac763          	bltz	s5,139d2 <_vfprintf_r+0x12b2>
   13768:	012aefb3          	or	t6,s5,s2
   1376c:	000f849b          	sext.w	s1,t6
   13770:	ec3a                	sd	a4,24(sp)
   13772:	f7fe7e13          	andi	t3,t3,-129
   13776:	de049e63          	bnez	s1,12d72 <_vfprintf_r+0x652>
   1377a:	b4b1                	j	131c6 <_vfprintf_r+0xaa6>
   1377c:	67e2                	ld	a5,24(sp)
   1377e:	07bd                	addi	a5,a5,15
   13780:	9bc1                	andi	a5,a5,-16
   13782:	01078713          	addi	a4,a5,16
   13786:	6388                	ld	a0,0(a5)
   13788:	678c                	ld	a1,8(a5)
   1378a:	ec3a                	sd	a4,24(sp)
   1378c:	a80ff06f          	j	12a0c <_vfprintf_r+0x2ec>
   13790:	1679                	addi	a2,a2,-2
   13792:	40c888bb          	subw	a7,a7,a2
   13796:	fed78fa3          	sb	a3,-1(a5)
   1379a:	000a881b          	sext.w	a6,s5
   1379e:	011ad463          	bge	s5,a7,137a6 <_vfprintf_r+0x1086>
   137a2:	0008881b          	sext.w	a6,a7
   137a6:	87b2                	mv	a5,a2
   137a8:	f002                	sd	zero,32(sp)
   137aa:	e082                	sd	zero,64(sp)
   137ac:	fc02                	sd	zero,56(sp)
   137ae:	4481                	li	s1,0
   137b0:	91eff06f          	j	128ce <_vfprintf_r+0x1ae>
   137b4:	67e2                	ld	a5,24(sp)
   137b6:	00878713          	addi	a4,a5,8
   137ba:	67e2                	ld	a5,24(sp)
   137bc:	8e7a                	mv	t3,t5
   137be:	ec3a                	sd	a4,24(sp)
   137c0:	639c                	ld	a5,0(a5)
   137c2:	893e                	mv	s2,a5
   137c4:	d2aff06f          	j	12cee <_vfprintf_r+0x5ce>
   137c8:	0a714503          	lbu	a0,167(sp)
   137cc:	4805                	li	a6,1
   137ce:	4481                	li	s1,0
   137d0:	4885                	li	a7,1
   137d2:	15b10793          	addi	a5,sp,347
   137d6:	dbeff06f          	j	12d94 <_vfprintf_r+0x674>
   137da:	ec3e                	sd	a5,24(sp)
   137dc:	8e7a                	mv	t3,t5
   137de:	d94ff06f          	j	12d72 <_vfprintf_r+0x652>
   137e2:	666d                	lui	a2,0x1b
   137e4:	0024ee13          	ori	t3,s1,2
   137e8:	ec2e                	sd	a1,24(sp)
   137ea:	81060613          	addi	a2,a2,-2032 # 1a810 <__clzdi2+0x170>
   137ee:	4489                	li	s1,2
   137f0:	4501                	li	a0,0
   137f2:	07800d93          	li	s11,120
   137f6:	15c10893          	addi	a7,sp,348
   137fa:	87c6                	mv	a5,a7
   137fc:	00f77693          	andi	a3,a4,15
   13800:	96b2                	add	a3,a3,a2
   13802:	0006c683          	lbu	a3,0(a3)
   13806:	8311                	srli	a4,a4,0x4
   13808:	17fd                	addi	a5,a5,-1
   1380a:	00d78023          	sb	a3,0(a5)
   1380e:	f77d                	bnez	a4,137fc <_vfprintf_r+0x10dc>
   13810:	40f888bb          	subw	a7,a7,a5
   13814:	000a881b          	sext.w	a6,s5
   13818:	d71ade63          	bge	s5,a7,12d94 <_vfprintf_r+0x674>
   1381c:	0008881b          	sext.w	a6,a7
   13820:	f002                	sd	zero,32(sp)
   13822:	d74ff06f          	j	12d96 <_vfprintf_r+0x676>
   13826:	8736                	mv	a4,a3
   13828:	00070d9b          	sext.w	s11,a4
   1382c:	d3b046e3          	bgtz	s11,13558 <_vfprintf_r+0xe38>
   13830:	b389                	j	13572 <_vfprintf_r+0xe52>
   13832:	47c5                	li	a5,17
   13834:	cc517057          	vsetivli	zero,2,e8,mf8,ta,ma
   13838:	66ed                	lui	a3,0x1b
   1383a:	00e7c463          	blt	a5,a4,13842 <_vfprintf_r+0x1122>
   1383e:	74f0006f          	j	1478c <_vfprintf_r+0x206c>
   13842:	874a                	mv	a4,s2
   13844:	84de                	mv	s1,s7
   13846:	4dc1                	li	s11,16
   13848:	479d                	li	a5,7
   1384a:	8972                	mv	s2,t3
   1384c:	8bc2                	mv	s7,a6
   1384e:	e2068c13          	addi	s8,a3,-480 # 1ae20 <zeroes.0>
   13852:	a021                	j	1385a <_vfprintf_r+0x113a>
   13854:	34c1                	addiw	s1,s1,-16
   13856:	029ddb63          	bge	s11,s1,1388c <_vfprintf_r+0x116c>
   1385a:	0741                	addi	a4,a4,16
   1385c:	2a85                	addiw	s5,s5,1
   1385e:	018b3023          	sd	s8,0(s6)
   13862:	01bb3423          	sd	s11,8(s6)
   13866:	f9ba                	sd	a4,240(sp)
   13868:	d5d6                	sw	s5,232(sp)
   1386a:	0b41                	addi	s6,s6,16
   1386c:	ff57d4e3          	bge	a5,s5,13854 <_vfprintf_r+0x1134>
   13870:	65a2                	ld	a1,8(sp)
   13872:	6502                	ld	a0,0(sp)
   13874:	1190                	addi	a2,sp,224
   13876:	03a010ef          	jal	148b0 <__sprint_r>
   1387a:	b80510e3          	bnez	a0,133fa <_vfprintf_r+0xcda>
   1387e:	774e                	ld	a4,240(sp)
   13880:	5aae                	lw	s5,232(sp)
   13882:	8b4e                	mv	s6,s3
   13884:	479d                	li	a5,7
   13886:	cc517057          	vsetivli	zero,2,e8,mf8,ta,ma
   1388a:	b7e9                	j	13854 <_vfprintf_r+0x1134>
   1388c:	8e4a                	mv	t3,s2
   1388e:	885e                	mv	a6,s7
   13890:	893a                	mv	s2,a4
   13892:	8ba6                	mv	s7,s1
   13894:	86e2                	mv	a3,s8
   13896:	995e                	add	s2,s2,s7
   13898:	2a85                	addiw	s5,s5,1
   1389a:	f9ca                	sd	s2,240(sp)
   1389c:	d5d6                	sw	s5,232(sp)
   1389e:	00db3023          	sd	a3,0(s6)
   138a2:	017b3423          	sd	s7,8(s6)
   138a6:	479d                	li	a5,7
   138a8:	b157d9e3          	bge	a5,s5,133ba <_vfprintf_r+0xc9a>
   138ac:	65a2                	ld	a1,8(sp)
   138ae:	6502                	ld	a0,0(sp)
   138b0:	1190                	addi	a2,sp,224
   138b2:	e0c2                	sd	a6,64(sp)
   138b4:	fc72                	sd	t3,56(sp)
   138b6:	7fb000ef          	jal	148b0 <__sprint_r>
   138ba:	b40510e3          	bnez	a0,133fa <_vfprintf_r+0xcda>
   138be:	794e                	ld	s2,240(sp)
   138c0:	5aae                	lw	s5,232(sp)
   138c2:	7e62                	ld	t3,56(sp)
   138c4:	6806                	ld	a6,64(sp)
   138c6:	8b4e                	mv	s6,s3
   138c8:	cc517057          	vsetivli	zero,2,e8,mf8,ta,ma
   138cc:	bcc5                	j	133bc <_vfprintf_r+0xc9c>
   138ce:	5afd                	li	s5,-1
   138d0:	8cb2                	mv	s9,a2
   138d2:	f91fe06f          	j	12862 <_vfprintf_r+0x142>
   138d6:	001cc303          	lbu	t1,1(s9)
   138da:	2004e493          	ori	s1,s1,512
   138de:	0c85                	addi	s9,s9,1
   138e0:	f7dfe06f          	j	1285c <_vfprintf_r+0x13c>
   138e4:	001cc303          	lbu	t1,1(s9)
   138e8:	0204e493          	ori	s1,s1,32
   138ec:	0c85                	addi	s9,s9,1
   138ee:	f6ffe06f          	j	1285c <_vfprintf_r+0x13c>
   138f2:	666d                	lui	a2,0x1b
   138f4:	8e26                	mv	t3,s1
   138f6:	82860613          	addi	a2,a2,-2008 # 1a828 <__clzdi2+0x188>
   138fa:	6762                	ld	a4,24(sp)
   138fc:	020e7793          	andi	a5,t3,32
   13900:	00870593          	addi	a1,a4,8
   13904:	cbf1                	beqz	a5,139d8 <_vfprintf_r+0x12b8>
   13906:	6318                	ld	a4,0(a4)
   13908:	001e7793          	andi	a5,t3,1
   1390c:	00e036b3          	snez	a3,a4
   13910:	c399                	beqz	a5,13916 <_vfprintf_r+0x11f6>
   13912:	1c069663          	bnez	a3,13ade <_vfprintf_r+0x13be>
   13916:	0a0103a3          	sb	zero,167(sp)
   1391a:	100ac863          	bltz	s5,13a2a <_vfprintf_r+0x130a>
   1391e:	b7fe7e13          	andi	t3,t3,-1153
   13922:	1e0a9a63          	bnez	s5,13b16 <_vfprintf_r+0x13f6>
   13926:	1e069863          	bnez	a3,13b16 <_vfprintf_r+0x13f6>
   1392a:	ec2e                	sd	a1,24(sp)
   1392c:	4481                	li	s1,0
   1392e:	b861                	j	131c6 <_vfprintf_r+0xaa6>
   13930:	4a81                	li	s5,0
   13932:	b199                	j	13578 <_vfprintf_r+0xe58>
   13934:	666d                	lui	a2,0x1b
   13936:	8e26                	mv	t3,s1
   13938:	81060613          	addi	a2,a2,-2032 # 1a810 <__clzdi2+0x170>
   1393c:	bf7d                	j	138fa <_vfprintf_r+0x11da>
   1393e:	4799                	li	a5,6
   13940:	000a881b          	sext.w	a6,s5
   13944:	5957ee63          	bltu	a5,s5,13ee0 <_vfprintf_r+0x17c0>
   13948:	67ed                	lui	a5,0x1b
   1394a:	ec26                	sd	s1,24(sp)
   1394c:	88c2                	mv	a7,a6
   1394e:	84078793          	addi	a5,a5,-1984 # 1a840 <__clzdi2+0x1a0>
   13952:	f002                	sd	zero,32(sp)
   13954:	4a81                	li	s5,0
   13956:	e082                	sd	zero,64(sp)
   13958:	fc02                	sd	zero,56(sp)
   1395a:	4481                	li	s1,0
   1395c:	f73fe06f          	j	128ce <_vfprintf_r+0x1ae>
   13960:	48c1                	li	a7,16
   13962:	572e                	lw	a4,232(sp)
   13964:	66ed                	lui	a3,0x1b
   13966:	6358d7e3          	bge	a7,s5,14794 <_vfprintf_r+0x2074>
   1396a:	85a6                	mv	a1,s1
   1396c:	8b56                	mv	s6,s5
   1396e:	84be                	mv	s1,a5
   13970:	864a                	mv	a2,s2
   13972:	87de                	mv	a5,s7
   13974:	4d9d                	li	s11,7
   13976:	8ac2                	mv	s5,a6
   13978:	8972                	mv	s2,t3
   1397a:	e2068c13          	addi	s8,a3,-480 # 1ae20 <zeroes.0>
   1397e:	8bae                	mv	s7,a1
   13980:	a021                	j	13988 <_vfprintf_r+0x1268>
   13982:	3b41                	addiw	s6,s6,-16
   13984:	5168d863          	bge	a7,s6,13e94 <_vfprintf_r+0x1774>
   13988:	0641                	addi	a2,a2,16
   1398a:	2705                	addiw	a4,a4,1
   1398c:	0187b023          	sd	s8,0(a5)
   13990:	0117b423          	sd	a7,8(a5)
   13994:	f9b2                	sd	a2,240(sp)
   13996:	d5ba                	sw	a4,232(sp)
   13998:	07c1                	addi	a5,a5,16
   1399a:	feedd4e3          	bge	s11,a4,13982 <_vfprintf_r+0x1262>
   1399e:	65a2                	ld	a1,8(sp)
   139a0:	6502                	ld	a0,0(sp)
   139a2:	1190                	addi	a2,sp,224
   139a4:	70d000ef          	jal	148b0 <__sprint_r>
   139a8:	a40519e3          	bnez	a0,133fa <_vfprintf_r+0xcda>
   139ac:	764e                	ld	a2,240(sp)
   139ae:	572e                	lw	a4,232(sp)
   139b0:	87ce                	mv	a5,s3
   139b2:	48c1                	li	a7,16
   139b4:	b7f9                	j	13982 <_vfprintf_r+0x1262>
   139b6:	cc517057          	vsetivli	zero,2,e8,mf8,ta,ma
   139ba:	ea3fe06f          	j	1285c <_vfprintf_r+0x13c>
   139be:	2004f493          	andi	s1,s1,512
   139c2:	0a0103a3          	sb	zero,167(sp)
   139c6:	5a048763          	beqz	s1,13f74 <_vfprintf_r+0x1854>
   139ca:	0ff97913          	zext.b	s2,s2
   139ce:	d80adde3          	bgez	s5,13768 <_vfprintf_r+0x1048>
   139d2:	ec3a                	sd	a4,24(sp)
   139d4:	b9eff06f          	j	12d72 <_vfprintf_r+0x652>
   139d8:	010e7793          	andi	a5,t3,16
   139dc:	12078463          	beqz	a5,13b04 <_vfprintf_r+0x13e4>
   139e0:	67e2                	ld	a5,24(sp)
   139e2:	6398                	ld	a4,0(a5)
   139e4:	b715                	j	13908 <_vfprintf_r+0x11e8>
   139e6:	65a2                	ld	a1,8(sp)
   139e8:	6502                	ld	a0,0(sp)
   139ea:	1190                	addi	a2,sp,224
   139ec:	ecc2                	sd	a6,88(sp)
   139ee:	e0f2                	sd	t3,64(sp)
   139f0:	fc3e                	sd	a5,56(sp)
   139f2:	6bf000ef          	jal	148b0 <__sprint_r>
   139f6:	a00512e3          	bnez	a0,133fa <_vfprintf_r+0xcda>
   139fa:	794e                	ld	s2,240(sp)
   139fc:	5aae                	lw	s5,232(sp)
   139fe:	6866                	ld	a6,88(sp)
   13a00:	6e06                	ld	t3,64(sp)
   13a02:	77e2                	ld	a5,56(sp)
   13a04:	8b4e                	mv	s6,s3
   13a06:	ba9d                	j	1337c <_vfprintf_r+0xc5c>
   13a08:	65a2                	ld	a1,8(sp)
   13a0a:	6502                	ld	a0,0(sp)
   13a0c:	1190                	addi	a2,sp,224
   13a0e:	ecc2                	sd	a6,88(sp)
   13a10:	e0f2                	sd	t3,64(sp)
   13a12:	fc3e                	sd	a5,56(sp)
   13a14:	69d000ef          	jal	148b0 <__sprint_r>
   13a18:	9e0511e3          	bnez	a0,133fa <_vfprintf_r+0xcda>
   13a1c:	794e                	ld	s2,240(sp)
   13a1e:	5aae                	lw	s5,232(sp)
   13a20:	6866                	ld	a6,88(sp)
   13a22:	6e06                	ld	t3,64(sp)
   13a24:	77e2                	ld	a5,56(sp)
   13a26:	8b4e                	mv	s6,s3
   13a28:	ba25                	j	13360 <_vfprintf_r+0xc40>
   13a2a:	bffe7e13          	andi	t3,t3,-1025
   13a2e:	ec2e                	sd	a1,24(sp)
   13a30:	4481                	li	s1,0
   13a32:	4501                	li	a0,0
   13a34:	b3c9                	j	137f6 <_vfprintf_r+0x10d6>
   13a36:	65a2                	ld	a1,8(sp)
   13a38:	6502                	ld	a0,0(sp)
   13a3a:	1190                	addi	a2,sp,224
   13a3c:	ed46                	sd	a7,152(sp)
   13a3e:	e942                	sd	a6,144(sp)
   13a40:	e172                	sd	t3,128(sp)
   13a42:	f0be                	sd	a5,96(sp)
   13a44:	ec9e                	sd	t2,88(sp)
   13a46:	66b000ef          	jal	148b0 <__sprint_r>
   13a4a:	9a0518e3          	bnez	a0,133fa <_vfprintf_r+0xcda>
   13a4e:	0a714703          	lbu	a4,167(sp)
   13a52:	794e                	ld	s2,240(sp)
   13a54:	63e6                	ld	t2,88(sp)
   13a56:	7786                	ld	a5,96(sp)
   13a58:	6e0a                	ld	t3,128(sp)
   13a5a:	684a                	ld	a6,144(sp)
   13a5c:	68ea                	ld	a7,152(sp)
   13a5e:	84da                	mv	s1,s6
   13a60:	18070763          	beqz	a4,13bee <_vfprintf_r+0x14ce>
   13a64:	562e                	lw	a2,232(sp)
   13a66:	4b01                	li	s6,0
   13a68:	8bce                	mv	s7,s3
   13a6a:	cc517057          	vsetivli	zero,2,e8,mf8,ta,ma
   13a6e:	e77fe06f          	j	128e4 <_vfprintf_r+0x1c4>
   13a72:	572e                	lw	a4,232(sp)
   13a74:	66ed                	lui	a3,0x1b
   13a76:	84868693          	addi	a3,a3,-1976 # 1a848 <__clzdi2+0x1a8>
   13a7a:	00dbb023          	sd	a3,0(s7)
   13a7e:	0905                	addi	s2,s2,1
   13a80:	4685                	li	a3,1
   13a82:	2705                	addiw	a4,a4,1
   13a84:	00dbb423          	sd	a3,8(s7)
   13a88:	f9ca                	sd	s2,240(sp)
   13a8a:	d5ba                	sw	a4,232(sp)
   13a8c:	469d                	li	a3,7
   13a8e:	0bc1                	addi	s7,s7,16
   13a90:	02e6c4e3          	blt	a3,a4,142b8 <_vfprintf_r+0x1b98>
   13a94:	7742                	ld	a4,48(sp)
   13a96:	8f51                	or	a4,a4,a2
   13a98:	100705e3          	beqz	a4,143a2 <_vfprintf_r+0x1c82>
   13a9c:	66a6                	ld	a3,72(sp)
   13a9e:	572e                	lw	a4,232(sp)
   13aa0:	65c6                	ld	a1,80(sp)
   13aa2:	9936                	add	s2,s2,a3
   13aa4:	2705                	addiw	a4,a4,1
   13aa6:	00dbb423          	sd	a3,8(s7)
   13aaa:	00bbb023          	sd	a1,0(s7)
   13aae:	f9ca                	sd	s2,240(sp)
   13ab0:	d5ba                	sw	a4,232(sp)
   13ab2:	469d                	li	a3,7
   13ab4:	0bc1                	addi	s7,s7,16
   13ab6:	46e6c763          	blt	a3,a4,13f24 <_vfprintf_r+0x1804>
   13aba:	1c0642e3          	bltz	a2,1447e <_vfprintf_r+0x1d5e>
   13abe:	76c2                	ld	a3,48(sp)
   13ac0:	2705                	addiw	a4,a4,1
   13ac2:	00fbb023          	sd	a5,0(s7)
   13ac6:	9936                	add	s2,s2,a3
   13ac8:	f9ca                	sd	s2,240(sp)
   13aca:	d5ba                	sw	a4,232(sp)
   13acc:	00dbb423          	sd	a3,8(s7)
   13ad0:	479d                	li	a5,7
   13ad2:	94e7cf63          	blt	a5,a4,12c30 <_vfprintf_r+0x510>
   13ad6:	cc517057          	vsetivli	zero,2,e8,mf8,ta,ma
   13ada:	e7bfe06f          	j	12954 <_vfprintf_r+0x234>
   13ade:	03000793          	li	a5,48
   13ae2:	0bb104a3          	sb	s11,169(sp)
   13ae6:	0a0103a3          	sb	zero,167(sp)
   13aea:	0af10423          	sb	a5,168(sp)
   13aee:	1c0acd63          	bltz	s5,13cc8 <_vfprintf_r+0x15a8>
   13af2:	b7fe7f13          	andi	t5,t3,-1153
   13af6:	002f6e13          	ori	t3,t5,2
   13afa:	4489                	li	s1,2
   13afc:	0a714503          	lbu	a0,167(sp)
   13b00:	ec2e                	sd	a1,24(sp)
   13b02:	b9d5                	j	137f6 <_vfprintf_r+0x10d6>
   13b04:	6762                	ld	a4,24(sp)
   13b06:	040e7793          	andi	a5,t3,64
   13b0a:	4318                	lw	a4,0(a4)
   13b0c:	0e078a63          	beqz	a5,13c00 <_vfprintf_r+0x14e0>
   13b10:	1742                	slli	a4,a4,0x30
   13b12:	9341                	srli	a4,a4,0x30
   13b14:	bbd5                	j	13908 <_vfprintf_r+0x11e8>
   13b16:	4481                	li	s1,0
   13b18:	b7d5                	j	13afc <_vfprintf_r+0x13dc>
   13b1a:	6502                	ld	a0,0(sp)
   13b1c:	a0afe0ef          	jal	11d26 <__sinit>
   13b20:	c3dfe06f          	j	1275c <_vfprintf_r+0x3c>
   13b24:	65a2                	ld	a1,8(sp)
   13b26:	6502                	ld	a0,0(sp)
   13b28:	1190                	addi	a2,sp,224
   13b2a:	e0c2                	sd	a6,64(sp)
   13b2c:	fc72                	sd	t3,56(sp)
   13b2e:	583000ef          	jal	148b0 <__sprint_r>
   13b32:	8c0514e3          	bnez	a0,133fa <_vfprintf_r+0xcda>
   13b36:	794e                	ld	s2,240(sp)
   13b38:	6806                	ld	a6,64(sp)
   13b3a:	7e62                	ld	t3,56(sp)
   13b3c:	8bce                	mv	s7,s3
   13b3e:	d96ff06f          	j	130d4 <_vfprintf_r+0x9b4>
   13b42:	84e2                	mv	s1,s8
   13b44:	b865                	j	133fc <_vfprintf_r+0xcdc>
   13b46:	65a2                	ld	a1,8(sp)
   13b48:	6502                	ld	a0,0(sp)
   13b4a:	1190                	addi	a2,sp,224
   13b4c:	e0c2                	sd	a6,64(sp)
   13b4e:	fc72                	sd	t3,56(sp)
   13b50:	561000ef          	jal	148b0 <__sprint_r>
   13b54:	8a0513e3          	bnez	a0,133fa <_vfprintf_r+0xcda>
   13b58:	794e                	ld	s2,240(sp)
   13b5a:	6806                	ld	a6,64(sp)
   13b5c:	7e62                	ld	t3,56(sp)
   13b5e:	8bce                	mv	s7,s3
   13b60:	cc517057          	vsetivli	zero,2,e8,mf8,ta,ma
   13b64:	da2ff06f          	j	13106 <_vfprintf_r+0x9e6>
   13b68:	654e                	ld	a0,208(sp)
   13b6a:	65ee                	ld	a1,216(sp)
   13b6c:	f7fe7e13          	andi	t3,t3,-129
   13b70:	4601                	li	a2,0
   13b72:	4681                	li	a3,0
   13b74:	f072                	sd	t3,32(sp)
   13b76:	25d050ef          	jal	195d2 <__letf2>
   13b7a:	7e02                	ld	t3,32(sp)
   13b7c:	76054363          	bltz	a0,142e2 <_vfprintf_r+0x1bc2>
   13b80:	04700793          	li	a5,71
   13b84:	0a714703          	lbu	a4,167(sp)
   13b88:	45b7cf63          	blt	a5,s11,13fe6 <_vfprintf_r+0x18c6>
   13b8c:	67e9                	lui	a5,0x1a
   13b8e:	7f078793          	addi	a5,a5,2032 # 1a7f0 <__clzdi2+0x150>
   13b92:	e77d                	bnez	a4,13c80 <_vfprintf_r+0x1560>
   13b94:	488d                	li	a7,3
   13b96:	8846                	mv	a6,a7
   13b98:	cc517057          	vsetivli	zero,2,e8,mf8,ta,ma
   13b9c:	bb5d                	j	13952 <_vfprintf_r+0x1232>
   13b9e:	666d                	lui	a2,0x1b
   13ba0:	81060613          	addi	a2,a2,-2032 # 1a810 <__clzdi2+0x170>
   13ba4:	4489                	li	s1,2
   13ba6:	07800d93          	li	s11,120
   13baa:	bf89                	j	13afc <_vfprintf_r+0x13dc>
   13bac:	77ce                	ld	a5,240(sp)
   13bae:	64a2                	ld	s1,8(sp)
   13bb0:	84078be3          	beqz	a5,13406 <_vfprintf_r+0xce6>
   13bb4:	6502                	ld	a0,0(sp)
   13bb6:	1190                	addi	a2,sp,224
   13bb8:	85a6                	mv	a1,s1
   13bba:	4f7000ef          	jal	148b0 <__sprint_r>
   13bbe:	849ff06f          	j	13406 <_vfprintf_r+0xce6>
   13bc2:	853e                	mv	a0,a5
   13bc4:	f072                	sd	t3,32(sp)
   13bc6:	ec3e                	sd	a5,24(sp)
   13bc8:	784010ef          	jal	1534c <strlen>
   13bcc:	0005089b          	sext.w	a7,a0
   13bd0:	67e2                	ld	a5,24(sp)
   13bd2:	7e02                	ld	t3,32(sp)
   13bd4:	8746                	mv	a4,a7
   13bd6:	3c08ce63          	bltz	a7,13fb2 <_vfprintf_r+0x1892>
   13bda:	0a714683          	lbu	a3,167(sp)
   13bde:	0007081b          	sext.w	a6,a4
   13be2:	8c068963          	beqz	a3,12cb4 <_vfprintf_r+0x594>
   13be6:	0017081b          	addiw	a6,a4,1
   13bea:	8caff06f          	j	12cb4 <_vfprintf_r+0x594>
   13bee:	34038d63          	beqz	t2,13f48 <_vfprintf_r+0x1828>
   13bf2:	562e                	lw	a2,232(sp)
   13bf4:	4b01                	li	s6,0
   13bf6:	8bce                	mv	s7,s3
   13bf8:	cc517057          	vsetivli	zero,2,e8,mf8,ta,ma
   13bfc:	d0dfe06f          	j	12908 <_vfprintf_r+0x1e8>
   13c00:	200e7793          	andi	a5,t3,512
   13c04:	36078563          	beqz	a5,13f6e <_vfprintf_r+0x184e>
   13c08:	0ff77713          	zext.b	a4,a4
   13c0c:	b9f5                	j	13908 <_vfprintf_r+0x11e8>
   13c0e:	2004f793          	andi	a5,s1,512
   13c12:	38078563          	beqz	a5,13f9c <_vfprintf_r+0x187c>
   13c16:	0ff6f693          	zext.b	a3,a3
   13c1a:	ec3a                	sd	a4,24(sp)
   13c1c:	8826                	mv	a6,s1
   13c1e:	b5eff06f          	j	12f7c <_vfprintf_r+0x85c>
   13c22:	cc517057          	vsetivli	zero,2,e8,mf8,ta,ma
   13c26:	c37fe06f          	j	1285c <_vfprintf_r+0x13c>
   13c2a:	cc517057          	vsetivli	zero,2,e8,mf8,ta,ma
   13c2e:	c2ffe06f          	j	1285c <_vfprintf_r+0x13c>
   13c32:	2004f793          	andi	a5,s1,512
   13c36:	34078f63          	beqz	a5,13f94 <_vfprintf_r+0x1874>
   13c3a:	0189191b          	slliw	s2,s2,0x18
   13c3e:	4189591b          	sraiw	s2,s2,0x18
   13c42:	ec3a                	sd	a4,24(sp)
   13c44:	87ca                	mv	a5,s2
   13c46:	8a8ff06f          	j	12cee <_vfprintf_r+0x5ce>
   13c4a:	f002                	sd	zero,32(sp)
   13c4c:	4881                	li	a7,0
   13c4e:	e082                	sd	zero,64(sp)
   13c50:	fc02                	sd	zero,56(sp)
   13c52:	4481                	li	s1,0
   13c54:	0afc                	addi	a5,sp,348
   13c56:	4801                	li	a6,0
   13c58:	c77fe06f          	j	128ce <_vfprintf_r+0x1ae>
   13c5c:	67ee                	ld	a5,216(sp)
   13c5e:	f7fe7e13          	andi	t3,t3,-129
   13c62:	03f7d493          	srli	s1,a5,0x3f
   13c66:	3407db63          	bgez	a5,13fbc <_vfprintf_r+0x189c>
   13c6a:	02d00793          	li	a5,45
   13c6e:	0af103a3          	sb	a5,167(sp)
   13c72:	04700793          	li	a5,71
   13c76:	19b7dae3          	bge	a5,s11,1460a <_vfprintf_r+0x1eea>
   13c7a:	67ed                	lui	a5,0x1b
   13c7c:	80878793          	addi	a5,a5,-2040 # 1a808 <__clzdi2+0x168>
   13c80:	f002                	sd	zero,32(sp)
   13c82:	488d                	li	a7,3
   13c84:	4a81                	li	s5,0
   13c86:	e082                	sd	zero,64(sp)
   13c88:	fc02                	sd	zero,56(sp)
   13c8a:	4481                	li	s1,0
   13c8c:	4811                	li	a6,4
   13c8e:	cc517057          	vsetivli	zero,2,e8,mf8,ta,ma
   13c92:	c3dfe06f          	j	128ce <_vfprintf_r+0x1ae>
   13c96:	100e6713          	ori	a4,t3,256
   13c9a:	57fd                	li	a5,-1
   13c9c:	f03a                	sd	a4,32(sp)
   13c9e:	64ce                	ld	s1,208(sp)
   13ca0:	6b6e                	ld	s6,216(sp)
   13ca2:	38fa8463          	beq	s5,a5,1402a <_vfprintf_r+0x190a>
   13ca6:	ec82                	sd	zero,88(sp)
   13ca8:	000a9663          	bnez	s5,13cb4 <_vfprintf_r+0x1594>
   13cac:	fb990713          	addi	a4,s2,-71
   13cb0:	44070c63          	beqz	a4,14108 <_vfprintf_r+0x19e8>
   13cb4:	360b5f63          	bgez	s6,14032 <_vfprintf_r+0x1912>
   13cb8:	57fd                	li	a5,-1
   13cba:	17fe                	slli	a5,a5,0x3f
   13cbc:	00fb4b33          	xor	s6,s6,a5
   13cc0:	02d00793          	li	a5,45
   13cc4:	ecbe                	sd	a5,88(sp)
   13cc6:	a6b5                	j	14032 <_vfprintf_r+0x1912>
   13cc8:	bffe7f13          	andi	t5,t3,-1025
   13ccc:	002f6e13          	ori	t3,t5,2
   13cd0:	ec2e                	sd	a1,24(sp)
   13cd2:	4489                	li	s1,2
   13cd4:	4501                	li	a0,0
   13cd6:	b605                	j	137f6 <_vfprintf_r+0x10d6>
   13cd8:	4b41                	li	s6,16
   13cda:	57ae                	lw	a5,232(sp)
   13cdc:	cc517057          	vsetivli	zero,2,e8,mf8,ta,ma
   13ce0:	66ed                	lui	a3,0x1b
   13ce2:	5d5b5763          	bge	s6,s5,142b0 <_vfprintf_r+0x1b90>
   13ce6:	84d6                	mv	s1,s5
   13ce8:	874a                	mv	a4,s2
   13cea:	4d9d                	li	s11,7
   13cec:	8ac2                	mv	s5,a6
   13cee:	8972                	mv	s2,t3
   13cf0:	e2068c13          	addi	s8,a3,-480 # 1ae20 <zeroes.0>
   13cf4:	a031                	j	13d00 <_vfprintf_r+0x15e0>
   13cf6:	34c1                	addiw	s1,s1,-16
   13cf8:	009b4463          	blt	s6,s1,13d00 <_vfprintf_r+0x15e0>
   13cfc:	f15fe06f          	j	12c10 <_vfprintf_r+0x4f0>
   13d00:	0741                	addi	a4,a4,16
   13d02:	2785                	addiw	a5,a5,1
   13d04:	018bb023          	sd	s8,0(s7)
   13d08:	016bb423          	sd	s6,8(s7)
   13d0c:	f9ba                	sd	a4,240(sp)
   13d0e:	d5be                	sw	a5,232(sp)
   13d10:	0bc1                	addi	s7,s7,16
   13d12:	fefdd2e3          	bge	s11,a5,13cf6 <_vfprintf_r+0x15d6>
   13d16:	65a2                	ld	a1,8(sp)
   13d18:	6502                	ld	a0,0(sp)
   13d1a:	1190                	addi	a2,sp,224
   13d1c:	395000ef          	jal	148b0 <__sprint_r>
   13d20:	ec051d63          	bnez	a0,133fa <_vfprintf_r+0xcda>
   13d24:	774e                	ld	a4,240(sp)
   13d26:	57ae                	lw	a5,232(sp)
   13d28:	8bce                	mv	s7,s3
   13d2a:	cc517057          	vsetivli	zero,2,e8,mf8,ta,ma
   13d2e:	b7e1                	j	13cf6 <_vfprintf_r+0x15d6>
   13d30:	7662                	ld	a2,56(sp)
   13d32:	6586                	ld	a1,64(sp)
   13d34:	00b66733          	or	a4,a2,a1
   13d38:	2a0708e3          	beqz	a4,147e8 <_vfprintf_r+0x20c8>
   13d3c:	7742                	ld	a4,48(sp)
   13d3e:	ecea                	sd	s10,88(sp)
   13d40:	ed66                	sd	s9,152(sp)
   13d42:	7d66                	ld	s10,120(sp)
   13d44:	6caa                	ld	s9,136(sp)
   13d46:	6aa2                	ld	s5,8(sp)
   13d48:	00e78333          	add	t1,a5,a4
   13d4c:	68ed                	lui	a7,0x1b
   13d4e:	8c6e                	mv	s8,s11
   13d50:	f0be                	sd	a5,96(sp)
   13d52:	874a                	mv	a4,s2
   13d54:	87de                	mv	a5,s7
   13d56:	e2088893          	addi	a7,a7,-480 # 1ae20 <zeroes.0>
   13d5a:	469d                	li	a3,7
   13d5c:	4b41                	li	s6,16
   13d5e:	e172                	sd	t3,128(sp)
   13d60:	8dae                	mv	s11,a1
   13d62:	e942                	sd	a6,144(sp)
   13d64:	8932                	mv	s2,a2
   13d66:	8b9a                	mv	s7,t1
   13d68:	07b04c63          	bgtz	s11,13de0 <_vfprintf_r+0x16c0>
   13d6c:	1d7d                	addi	s10,s10,-1
   13d6e:	397d                	addiw	s2,s2,-1
   13d70:	562e                	lw	a2,232(sp)
   13d72:	75c6                	ld	a1,112(sp)
   13d74:	9766                	add	a4,a4,s9
   13d76:	2605                	addiw	a2,a2,1
   13d78:	e38c                	sd	a1,0(a5)
   13d7a:	0197b423          	sd	s9,8(a5)
   13d7e:	f9ba                	sd	a4,240(sp)
   13d80:	d5b2                	sw	a2,232(sp)
   13d82:	07c1                	addi	a5,a5,16
   13d84:	0cc6c663          	blt	a3,a2,13e50 <_vfprintf_r+0x1730>
   13d88:	000d4603          	lbu	a2,0(s10)
   13d8c:	418b83b3          	sub	t2,s7,s8
   13d90:	0003859b          	sext.w	a1,t2
   13d94:	0006081b          	sext.w	a6,a2
   13d98:	82de                	mv	t0,s7
   13d9a:	00b65363          	bge	a2,a1,13da0 <_vfprintf_r+0x1680>
   13d9e:	83c2                	mv	t2,a6
   13da0:	0003849b          	sext.w	s1,t2
   13da4:	02905163          	blez	s1,13dc6 <_vfprintf_r+0x16a6>
   13da8:	562e                	lw	a2,232(sp)
   13daa:	9726                	add	a4,a4,s1
   13dac:	f9ba                	sd	a4,240(sp)
   13dae:	2605                	addiw	a2,a2,1
   13db0:	0187b023          	sd	s8,0(a5)
   13db4:	e784                	sd	s1,8(a5)
   13db6:	d5b2                	sw	a2,232(sp)
   13db8:	0ac6ca63          	blt	a3,a2,13e6c <_vfprintf_r+0x174c>
   13dbc:	000d4603          	lbu	a2,0(s10)
   13dc0:	07c1                	addi	a5,a5,16
   13dc2:	0006081b          	sext.w	a6,a2
   13dc6:	85a6                	mv	a1,s1
   13dc8:	0004d363          	bgez	s1,13dce <_vfprintf_r+0x16ae>
   13dcc:	4581                	li	a1,0
   13dce:	40b804bb          	subw	s1,a6,a1
   13dd2:	00904963          	bgtz	s1,13de4 <_vfprintf_r+0x16c4>
   13dd6:	9c32                	add	s8,s8,a2
   13dd8:	f92048e3          	bgtz	s2,13d68 <_vfprintf_r+0x1648>
   13ddc:	4bb05b63          	blez	s11,14292 <_vfprintf_r+0x1b72>
   13de0:	3dfd                	addiw	s11,s11,-1
   13de2:	b779                	j	13d70 <_vfprintf_r+0x1650>
   13de4:	65ed                	lui	a1,0x1b
   13de6:	562e                	lw	a2,232(sp)
   13de8:	e2058593          	addi	a1,a1,-480 # 1ae20 <zeroes.0>
   13dec:	049b5663          	bge	s6,s1,13e38 <_vfprintf_r+0x1718>
   13df0:	fc16                	sd	t0,56(sp)
   13df2:	e0c6                	sd	a7,64(sp)
   13df4:	a021                	j	13dfc <_vfprintf_r+0x16dc>
   13df6:	34c1                	addiw	s1,s1,-16
   13df8:	029b5e63          	bge	s6,s1,13e34 <_vfprintf_r+0x1714>
   13dfc:	0741                	addi	a4,a4,16
   13dfe:	2605                	addiw	a2,a2,1
   13e00:	0117b023          	sd	a7,0(a5)
   13e04:	0167b423          	sd	s6,8(a5)
   13e08:	f9ba                	sd	a4,240(sp)
   13e0a:	d5b2                	sw	a2,232(sp)
   13e0c:	07c1                	addi	a5,a5,16
   13e0e:	fec6d4e3          	bge	a3,a2,13df6 <_vfprintf_r+0x16d6>
   13e12:	6502                	ld	a0,0(sp)
   13e14:	1190                	addi	a2,sp,224
   13e16:	85d6                	mv	a1,s5
   13e18:	299000ef          	jal	148b0 <__sprint_r>
   13e1c:	4c051063          	bnez	a0,142dc <_vfprintf_r+0x1bbc>
   13e20:	66ed                	lui	a3,0x1b
   13e22:	34c1                	addiw	s1,s1,-16
   13e24:	e2068893          	addi	a7,a3,-480 # 1ae20 <zeroes.0>
   13e28:	774e                	ld	a4,240(sp)
   13e2a:	562e                	lw	a2,232(sp)
   13e2c:	87ce                	mv	a5,s3
   13e2e:	469d                	li	a3,7
   13e30:	fc9b46e3          	blt	s6,s1,13dfc <_vfprintf_r+0x16dc>
   13e34:	72e2                	ld	t0,56(sp)
   13e36:	6586                	ld	a1,64(sp)
   13e38:	9726                	add	a4,a4,s1
   13e3a:	2605                	addiw	a2,a2,1
   13e3c:	f9ba                	sd	a4,240(sp)
   13e3e:	d5b2                	sw	a2,232(sp)
   13e40:	e38c                	sd	a1,0(a5)
   13e42:	e784                	sd	s1,8(a5)
   13e44:	4ac6cb63          	blt	a3,a2,142fa <_vfprintf_r+0x1bda>
   13e48:	000d4603          	lbu	a2,0(s10)
   13e4c:	07c1                	addi	a5,a5,16
   13e4e:	b761                	j	13dd6 <_vfprintf_r+0x16b6>
   13e50:	6502                	ld	a0,0(sp)
   13e52:	1190                	addi	a2,sp,224
   13e54:	85d6                	mv	a1,s5
   13e56:	25b000ef          	jal	148b0 <__sprint_r>
   13e5a:	48051163          	bnez	a0,142dc <_vfprintf_r+0x1bbc>
   13e5e:	66ed                	lui	a3,0x1b
   13e60:	e2068893          	addi	a7,a3,-480 # 1ae20 <zeroes.0>
   13e64:	774e                	ld	a4,240(sp)
   13e66:	87ce                	mv	a5,s3
   13e68:	469d                	li	a3,7
   13e6a:	bf39                	j	13d88 <_vfprintf_r+0x1668>
   13e6c:	6502                	ld	a0,0(sp)
   13e6e:	1190                	addi	a2,sp,224
   13e70:	85d6                	mv	a1,s5
   13e72:	fc16                	sd	t0,56(sp)
   13e74:	23d000ef          	jal	148b0 <__sprint_r>
   13e78:	46051263          	bnez	a0,142dc <_vfprintf_r+0x1bbc>
   13e7c:	000d4603          	lbu	a2,0(s10)
   13e80:	66ed                	lui	a3,0x1b
   13e82:	e2068893          	addi	a7,a3,-480 # 1ae20 <zeroes.0>
   13e86:	774e                	ld	a4,240(sp)
   13e88:	72e2                	ld	t0,56(sp)
   13e8a:	87ce                	mv	a5,s3
   13e8c:	0006081b          	sext.w	a6,a2
   13e90:	469d                	li	a3,7
   13e92:	bf15                	j	13dc6 <_vfprintf_r+0x16a6>
   13e94:	85de                	mv	a1,s7
   13e96:	8e4a                	mv	t3,s2
   13e98:	8856                	mv	a6,s5
   13e9a:	8bbe                	mv	s7,a5
   13e9c:	8ada                	mv	s5,s6
   13e9e:	87a6                	mv	a5,s1
   13ea0:	8932                	mv	s2,a2
   13ea2:	86e2                	mv	a3,s8
   13ea4:	84ae                	mv	s1,a1
   13ea6:	9956                	add	s2,s2,s5
   13ea8:	2705                	addiw	a4,a4,1
   13eaa:	00dbb023          	sd	a3,0(s7)
   13eae:	015bb423          	sd	s5,8(s7)
   13eb2:	f9ca                	sd	s2,240(sp)
   13eb4:	d5ba                	sw	a4,232(sp)
   13eb6:	469d                	li	a3,7
   13eb8:	0bc1                	addi	s7,s7,16
   13eba:	ece6d363          	bge	a3,a4,13580 <_vfprintf_r+0xe60>
   13ebe:	65a2                	ld	a1,8(sp)
   13ec0:	6502                	ld	a0,0(sp)
   13ec2:	1190                	addi	a2,sp,224
   13ec4:	e142                	sd	a6,128(sp)
   13ec6:	f0f2                	sd	t3,96(sp)
   13ec8:	ecbe                	sd	a5,88(sp)
   13eca:	1e7000ef          	jal	148b0 <__sprint_r>
   13ece:	d2051663          	bnez	a0,133fa <_vfprintf_r+0xcda>
   13ed2:	794e                	ld	s2,240(sp)
   13ed4:	680a                	ld	a6,128(sp)
   13ed6:	7e06                	ld	t3,96(sp)
   13ed8:	67e6                	ld	a5,88(sp)
   13eda:	8bce                	mv	s7,s3
   13edc:	ea4ff06f          	j	13580 <_vfprintf_r+0xe60>
   13ee0:	0007881b          	sext.w	a6,a5
   13ee4:	b495                	j	13948 <_vfprintf_r+0x1228>
   13ee6:	65a2                	ld	a1,8(sp)
   13ee8:	6502                	ld	a0,0(sp)
   13eea:	1190                	addi	a2,sp,224
   13eec:	e142                	sd	a6,128(sp)
   13eee:	f0f2                	sd	t3,96(sp)
   13ef0:	ecbe                	sd	a5,88(sp)
   13ef2:	1bf000ef          	jal	148b0 <__sprint_r>
   13ef6:	d0051263          	bnez	a0,133fa <_vfprintf_r+0xcda>
   13efa:	794e                	ld	s2,240(sp)
   13efc:	680a                	ld	a6,128(sp)
   13efe:	7e06                	ld	t3,96(sp)
   13f00:	67e6                	ld	a5,88(sp)
   13f02:	8bce                	mv	s7,s3
   13f04:	e6eff06f          	j	13572 <_vfprintf_r+0xe52>
   13f08:	66a6                	ld	a3,72(sp)
   13f0a:	572e                	lw	a4,232(sp)
   13f0c:	6646                	ld	a2,80(sp)
   13f0e:	9936                	add	s2,s2,a3
   13f10:	2705                	addiw	a4,a4,1
   13f12:	00dbb423          	sd	a3,8(s7)
   13f16:	f9ca                	sd	s2,240(sp)
   13f18:	00cbb023          	sd	a2,0(s7)
   13f1c:	d5ba                	sw	a4,232(sp)
   13f1e:	469d                	li	a3,7
   13f20:	62e6d563          	bge	a3,a4,1454a <_vfprintf_r+0x1e2a>
   13f24:	65a2                	ld	a1,8(sp)
   13f26:	6502                	ld	a0,0(sp)
   13f28:	1190                	addi	a2,sp,224
   13f2a:	ecc2                	sd	a6,88(sp)
   13f2c:	e0f2                	sd	t3,64(sp)
   13f2e:	fc3e                	sd	a5,56(sp)
   13f30:	181000ef          	jal	148b0 <__sprint_r>
   13f34:	cc051363          	bnez	a0,133fa <_vfprintf_r+0xcda>
   13f38:	564a                	lw	a2,176(sp)
   13f3a:	794e                	ld	s2,240(sp)
   13f3c:	572e                	lw	a4,232(sp)
   13f3e:	6866                	ld	a6,88(sp)
   13f40:	6e06                	ld	t3,64(sp)
   13f42:	77e2                	ld	a5,56(sp)
   13f44:	8bce                	mv	s7,s3
   13f46:	be95                	j	13aba <_vfprintf_r+0x139a>
   13f48:	8bce                	mv	s7,s3
   13f4a:	cc517057          	vsetivli	zero,2,e8,mf8,ta,ma
   13f4e:	9dffe06f          	j	1292c <_vfprintf_r+0x20c>
   13f52:	00d78b33          	add	s6,a5,a3
   13f56:	41bb0b33          	sub	s6,s6,s11
   13f5a:	41568abb          	subw	s5,a3,s5
   13f5e:	000b079b          	sext.w	a5,s6
   13f62:	00fad363          	bge	s5,a5,13f68 <_vfprintf_r+0x1848>
   13f66:	8b56                	mv	s6,s5
   13f68:	2b01                	sext.w	s6,s6
   13f6a:	e86ff06f          	j	135f0 <_vfprintf_r+0xed0>
   13f6e:	1702                	slli	a4,a4,0x20
   13f70:	9301                	srli	a4,a4,0x20
   13f72:	ba59                	j	13908 <_vfprintf_r+0x11e8>
   13f74:	1902                	slli	s2,s2,0x20
   13f76:	02095913          	srli	s2,s2,0x20
   13f7a:	a40acce3          	bltz	s5,139d2 <_vfprintf_r+0x12b2>
   13f7e:	ec3a                	sd	a4,24(sp)
   13f80:	f7fe7e13          	andi	t3,t3,-129
   13f84:	000a8463          	beqz	s5,13f8c <_vfprintf_r+0x186c>
   13f88:	debfe06f          	j	12d72 <_vfprintf_r+0x652>
   13f8c:	a2090d63          	beqz	s2,131c6 <_vfprintf_r+0xaa6>
   13f90:	de3fe06f          	j	12d72 <_vfprintf_r+0x652>
   13f94:	ec3a                	sd	a4,24(sp)
   13f96:	87ca                	mv	a5,s2
   13f98:	d57fe06f          	j	12cee <_vfprintf_r+0x5ce>
   13f9c:	1682                	slli	a3,a3,0x20
   13f9e:	9281                	srli	a3,a3,0x20
   13fa0:	ec3a                	sd	a4,24(sp)
   13fa2:	8826                	mv	a6,s1
   13fa4:	fd9fe06f          	j	12f7c <_vfprintf_r+0x85c>
   13fa8:	67c2                	ld	a5,16(sp)
   13faa:	00f71023          	sh	a5,0(a4)
   13fae:	83dfe06f          	j	127ea <_vfprintf_r+0xca>
   13fb2:	4701                	li	a4,0
   13fb4:	b11d                	j	13bda <_vfprintf_r+0x14ba>
   13fb6:	4681                	li	a3,0
   13fb8:	cf3fe06f          	j	12caa <_vfprintf_r+0x58a>
   13fbc:	04700793          	li	a5,71
   13fc0:	0a714703          	lbu	a4,167(sp)
   13fc4:	5fb7d863          	bge	a5,s11,145b4 <_vfprintf_r+0x1e94>
   13fc8:	67ed                	lui	a5,0x1b
   13fca:	80878793          	addi	a5,a5,-2040 # 1a808 <__clzdi2+0x168>
   13fce:	7e071f63          	bnez	a4,147cc <_vfprintf_r+0x20ac>
   13fd2:	488d                	li	a7,3
   13fd4:	8846                	mv	a6,a7
   13fd6:	4a81                	li	s5,0
   13fd8:	e082                	sd	zero,64(sp)
   13fda:	fc02                	sd	zero,56(sp)
   13fdc:	f002                	sd	zero,32(sp)
   13fde:	cc517057          	vsetivli	zero,2,e8,mf8,ta,ma
   13fe2:	8edfe06f          	j	128ce <_vfprintf_r+0x1ae>
   13fe6:	67e9                	lui	a5,0x1a
   13fe8:	7f878793          	addi	a5,a5,2040 # 1a7f8 <__clzdi2+0x158>
   13fec:	b65d                	j	13b92 <_vfprintf_r+0x1472>
   13fee:	6502                	ld	a0,0(sp)
   13ff0:	001a859b          	addiw	a1,s5,1
   13ff4:	f072                	sd	t3,32(sp)
   13ff6:	fbbfc0ef          	jal	10fb0 <_malloc_r>
   13ffa:	7e02                	ld	t3,32(sp)
   13ffc:	87aa                	mv	a5,a0
   13ffe:	7e050d63          	beqz	a0,147f8 <_vfprintf_r+0x20d8>
   14002:	65ee                	ld	a1,216(sp)
   14004:	f03e                	sd	a5,32(sp)
   14006:	ec82                	sd	zero,88(sp)
   14008:	654e                	ld	a0,208(sp)
   1400a:	0005c463          	bltz	a1,14012 <_vfprintf_r+0x18f2>
   1400e:	a6dfe06f          	j	12a7a <_vfprintf_r+0x35a>
   14012:	577d                	li	a4,-1
   14014:	177e                	slli	a4,a4,0x3f
   14016:	8db9                	xor	a1,a1,a4
   14018:	02d00713          	li	a4,45
   1401c:	ecba                	sd	a4,88(sp)
   1401e:	a5dfe06f          	j	12a7a <_vfprintf_r+0x35a>
   14022:	07800793          	li	a5,120
   14026:	a33fe06f          	j	12a58 <_vfprintf_r+0x338>
   1402a:	740b4963          	bltz	s6,1477c <_vfprintf_r+0x205c>
   1402e:	ec82                	sd	zero,88(sp)
   14030:	4a99                	li	s5,6
   14032:	04600793          	li	a5,70
   14036:	30f91563          	bne	s2,a5,14340 <_vfprintf_r+0x1c20>
   1403a:	6502                	ld	a0,0(sp)
   1403c:	191c                	addi	a5,sp,176
   1403e:	8756                	mv	a4,s5
   14040:	468d                	li	a3,3
   14042:	865a                	mv	a2,s6
   14044:	0c810893          	addi	a7,sp,200
   14048:	0b410813          	addi	a6,sp,180
   1404c:	85a6                	mv	a1,s1
   1404e:	f872                	sd	t3,48(sp)
   14050:	49e010ef          	jal	154ee <_ldtoa_r>
   14054:	00054603          	lbu	a2,0(a0)
   14058:	03000693          	li	a3,48
   1405c:	7e42                	ld	t3,48(sp)
   1405e:	87aa                	mv	a5,a0
   14060:	01550733          	add	a4,a0,s5
   14064:	66d60763          	beq	a2,a3,146d2 <_vfprintf_r+0x1fb2>
   14068:	56ca                	lw	a3,176(sp)
   1406a:	00d70c33          	add	s8,a4,a3
   1406e:	8526                	mv	a0,s1
   14070:	85da                	mv	a1,s6
   14072:	4601                	li	a2,0
   14074:	4681                	li	a3,0
   14076:	fc72                	sd	t3,56(sp)
   14078:	f83e                	sd	a5,48(sp)
   1407a:	3fa050ef          	jal	19474 <__eqtf2>
   1407e:	77c2                	ld	a5,48(sp)
   14080:	7e62                	ld	t3,56(sp)
   14082:	56050c63          	beqz	a0,145fa <_vfprintf_r+0x1eda>
   14086:	68ae                	ld	a7,200(sp)
   14088:	7388f963          	bgeu	a7,s8,147ba <_vfprintf_r+0x209a>
   1408c:	03000693          	li	a3,48
   14090:	00188713          	addi	a4,a7,1
   14094:	e5ba                	sd	a4,200(sp)
   14096:	00d88023          	sb	a3,0(a7)
   1409a:	68ae                	ld	a7,200(sp)
   1409c:	ff88eae3          	bltu	a7,s8,14090 <_vfprintf_r+0x1970>
   140a0:	40f888b3          	sub	a7,a7,a5
   140a4:	0008869b          	sext.w	a3,a7
   140a8:	04700713          	li	a4,71
   140ac:	f836                	sd	a3,48(sp)
   140ae:	54ca                	lw	s1,176(sp)
   140b0:	0ae90063          	beq	s2,a4,14150 <_vfprintf_r+0x1a30>
   140b4:	04600713          	li	a4,70
   140b8:	0ae91263          	bne	s2,a4,1415c <_vfprintf_r+0x1a3c>
   140bc:	001e7713          	andi	a4,t3,1
   140c0:	00eae733          	or	a4,s5,a4
   140c4:	2701                	sext.w	a4,a4
   140c6:	62905e63          	blez	s1,14702 <_vfprintf_r+0x1fe2>
   140ca:	5e071963          	bnez	a4,146bc <_vfprintf_r+0x1f9c>
   140ce:	88a6                	mv	a7,s1
   140d0:	06600d93          	li	s11,102
   140d4:	400e7f13          	andi	t5,t3,1024
   140d8:	4e0f1463          	bnez	t5,145c0 <_vfprintf_r+0x1ea0>
   140dc:	0008881b          	sext.w	a6,a7
   140e0:	0008d363          	bgez	a7,140e6 <_vfprintf_r+0x19c6>
   140e4:	4801                	li	a6,0
   140e6:	6766                	ld	a4,88(sp)
   140e8:	34070b63          	beqz	a4,1443e <_vfprintf_r+0x1d1e>
   140ec:	02d00713          	li	a4,45
   140f0:	0ae103a3          	sb	a4,167(sp)
   140f4:	2805                	addiw	a6,a6,1
   140f6:	7e02                	ld	t3,32(sp)
   140f8:	4a81                	li	s5,0
   140fa:	f002                	sd	zero,32(sp)
   140fc:	e082                	sd	zero,64(sp)
   140fe:	fc02                	sd	zero,56(sp)
   14100:	cc517057          	vsetivli	zero,2,e8,mf8,ta,ma
   14104:	fcafe06f          	j	128ce <_vfprintf_r+0x1ae>
   14108:	000b5863          	bgez	s6,14118 <_vfprintf_r+0x19f8>
   1410c:	17fe                	slli	a5,a5,0x3f
   1410e:	00fb4b33          	xor	s6,s6,a5
   14112:	02d00793          	li	a5,45
   14116:	ecbe                	sd	a5,88(sp)
   14118:	6502                	ld	a0,0(sp)
   1411a:	191c                	addi	a5,sp,176
   1411c:	0c810893          	addi	a7,sp,200
   14120:	0b410813          	addi	a6,sp,180
   14124:	4705                	li	a4,1
   14126:	4689                	li	a3,2
   14128:	85a6                	mv	a1,s1
   1412a:	865a                	mv	a2,s6
   1412c:	fc72                	sd	t3,56(sp)
   1412e:	3c0010ef          	jal	154ee <_ldtoa_r>
   14132:	7e62                	ld	t3,56(sp)
   14134:	4a85                	li	s5,1
   14136:	87aa                	mv	a5,a0
   14138:	f856                	sd	s5,48(sp)
   1413a:	001e7713          	andi	a4,t3,1
   1413e:	38071d63          	bnez	a4,144d8 <_vfprintf_r+0x1db8>
   14142:	68ae                	ld	a7,200(sp)
   14144:	54ca                	lw	s1,176(sp)
   14146:	40f888b3          	sub	a7,a7,a5
   1414a:	0008871b          	sext.w	a4,a7
   1414e:	f83a                	sd	a4,48(sp)
   14150:	ffd4a713          	slti	a4,s1,-3
   14154:	e319                	bnez	a4,1415a <_vfprintf_r+0x1a3a>
   14156:	0e9ad563          	bge	s5,s1,14240 <_vfprintf_r+0x1b20>
   1415a:	3df9                	addiw	s11,s11,-2
   1415c:	fff4871b          	addiw	a4,s1,-1
   14160:	0bb10c23          	sb	s11,184(sp)
   14164:	d93a                	sw	a4,176(sp)
   14166:	4e074a63          	bltz	a4,1465a <_vfprintf_r+0x1f3a>
   1416a:	02b00693          	li	a3,43
   1416e:	0ad10ca3          	sb	a3,185(sp)
   14172:	46a5                	li	a3,9
   14174:	4ee6dc63          	bge	a3,a4,1466c <_vfprintf_r+0x1f4c>
   14178:	fc72                	sd	t3,56(sp)
   1417a:	f002                	sd	zero,32(sp)
   1417c:	0c710f93          	addi	t6,sp,199
   14180:	666668b7          	lui	a7,0x66666
   14184:	857e                	mv	a0,t6
   14186:	66788893          	addi	a7,a7,1639 # 66666667 <__BSS_END__+0x66648b57>
   1418a:	06300f13          	li	t5,99
   1418e:	031706b3          	mul	a3,a4,a7
   14192:	41f7561b          	sraiw	a2,a4,0x1f
   14196:	883a                	mv	a6,a4
   14198:	85aa                	mv	a1,a0
   1419a:	157d                	addi	a0,a0,-1
   1419c:	9689                	srai	a3,a3,0x22
   1419e:	9e91                	subw	a3,a3,a2
   141a0:	0026961b          	slliw	a2,a3,0x2
   141a4:	9e35                	addw	a2,a2,a3
   141a6:	0016161b          	slliw	a2,a2,0x1
   141aa:	9f11                	subw	a4,a4,a2
   141ac:	0307071b          	addiw	a4,a4,48
   141b0:	fee58fa3          	sb	a4,-1(a1)
   141b4:	8736                	mv	a4,a3
   141b6:	fd0f4ce3          	blt	t5,a6,1418e <_vfprintf_r+0x1a6e>
   141ba:	0306871b          	addiw	a4,a3,48
   141be:	fee50fa3          	sb	a4,-1(a0)
   141c2:	ffe58513          	addi	a0,a1,-2
   141c6:	5df57b63          	bgeu	a0,t6,1479c <_vfprintf_r+0x207c>
   141ca:	0c910693          	addi	a3,sp,201
   141ce:	8e8d                	sub	a3,a3,a1
   141d0:	0ba10613          	addi	a2,sp,186
   141d4:	0c06f757          	vsetvli	a4,a3,e8,m1,ta,ma
   141d8:	02050087          	vle8.v	v1,(a0)
   141dc:	8e99                	sub	a3,a3,a4
   141de:	953a                	add	a0,a0,a4
   141e0:	020600a7          	vse8.v	v1,(a2)
   141e4:	963a                	add	a2,a2,a4
   141e6:	f6fd                	bnez	a3,141d4 <_vfprintf_r+0x1ab4>
   141e8:	0ba10713          	addi	a4,sp,186
   141ec:	977e                	add	a4,a4,t6
   141ee:	0709                	addi	a4,a4,2
   141f0:	8f0d                	sub	a4,a4,a1
   141f2:	1934                	addi	a3,sp,184
   141f4:	9f15                	subw	a4,a4,a3
   141f6:	f4ba                	sd	a4,104(sp)
   141f8:	7642                	ld	a2,48(sp)
   141fa:	7726                	ld	a4,104(sp)
   141fc:	4685                	li	a3,1
   141fe:	9f31                	addw	a4,a4,a2
   14200:	88ba                	mv	a7,a4
   14202:	3ac6d463          	bge	a3,a2,145aa <_vfprintf_r+0x1e8a>
   14206:	66a6                	ld	a3,72(sp)
   14208:	00e688bb          	addw	a7,a3,a4
   1420c:	7762                	ld	a4,56(sp)
   1420e:	0008881b          	sext.w	a6,a7
   14212:	bff77f13          	andi	t5,a4,-1025
   14216:	100f6e13          	ori	t3,t5,256
   1421a:	0008d363          	bgez	a7,14220 <_vfprintf_r+0x1b00>
   1421e:	4801                	li	a6,0
   14220:	7762                	ld	a4,56(sp)
   14222:	00277493          	andi	s1,a4,2
   14226:	6766                	ld	a4,88(sp)
   14228:	2e070163          	beqz	a4,1450a <_vfprintf_r+0x1dea>
   1422c:	02d00513          	li	a0,45
   14230:	0aa103a3          	sb	a0,167(sp)
   14234:	4a81                	li	s5,0
   14236:	cc517057          	vsetivli	zero,2,e8,mf8,ta,ma
   1423a:	2805                	addiw	a6,a6,1
   1423c:	addfe06f          	j	12d18 <_vfprintf_r+0x5f8>
   14240:	7742                	ld	a4,48(sp)
   14242:	02e4c663          	blt	s1,a4,1426e <_vfprintf_r+0x1b4e>
   14246:	001e7713          	andi	a4,t3,1
   1424a:	88a6                	mv	a7,s1
   1424c:	c701                	beqz	a4,14254 <_vfprintf_r+0x1b34>
   1424e:	6726                	ld	a4,72(sp)
   14250:	009708bb          	addw	a7,a4,s1
   14254:	400e7f13          	andi	t5,t3,1024
   14258:	000f0463          	beqz	t5,14260 <_vfprintf_r+0x1b40>
   1425c:	36904063          	bgtz	s1,145bc <_vfprintf_r+0x1e9c>
   14260:	0008881b          	sext.w	a6,a7
   14264:	0208c363          	bltz	a7,1428a <_vfprintf_r+0x1b6a>
   14268:	06700d93          	li	s11,103
   1426c:	bdad                	j	140e6 <_vfprintf_r+0x19c6>
   1426e:	6726                	ld	a4,72(sp)
   14270:	06700d93          	li	s11,103
   14274:	011708bb          	addw	a7,a4,a7
   14278:	e4904ee3          	bgtz	s1,140d4 <_vfprintf_r+0x19b4>
   1427c:	409888bb          	subw	a7,a7,s1
   14280:	2885                	addiw	a7,a7,1
   14282:	0008881b          	sext.w	a6,a7
   14286:	fe08d1e3          	bgez	a7,14268 <_vfprintf_r+0x1b48>
   1428a:	4801                	li	a6,0
   1428c:	06700d93          	li	s11,103
   14290:	bd99                	j	140e6 <_vfprintf_r+0x19c6>
   14292:	8bbe                	mv	s7,a5
   14294:	fcea                	sd	s10,120(sp)
   14296:	7786                	ld	a5,96(sp)
   14298:	6e0a                	ld	t3,128(sp)
   1429a:	6d66                	ld	s10,88(sp)
   1429c:	684a                	ld	a6,144(sp)
   1429e:	6cea                	ld	s9,152(sp)
   142a0:	8de2                	mv	s11,s8
   142a2:	893a                	mv	s2,a4
   142a4:	8c16                	mv	s8,t0
   142a6:	afbc7363          	bgeu	s8,s11,1358c <_vfprintf_r+0xe6c>
   142aa:	8de2                	mv	s11,s8
   142ac:	ae0ff06f          	j	1358c <_vfprintf_r+0xe6c>
   142b0:	e2068693          	addi	a3,a3,-480
   142b4:	967fe06f          	j	12c1a <_vfprintf_r+0x4fa>
   142b8:	65a2                	ld	a1,8(sp)
   142ba:	6502                	ld	a0,0(sp)
   142bc:	1190                	addi	a2,sp,224
   142be:	ecc2                	sd	a6,88(sp)
   142c0:	e0f2                	sd	t3,64(sp)
   142c2:	fc3e                	sd	a5,56(sp)
   142c4:	5ec000ef          	jal	148b0 <__sprint_r>
   142c8:	92051963          	bnez	a0,133fa <_vfprintf_r+0xcda>
   142cc:	564a                	lw	a2,176(sp)
   142ce:	794e                	ld	s2,240(sp)
   142d0:	6866                	ld	a6,88(sp)
   142d2:	6e06                	ld	t3,64(sp)
   142d4:	77e2                	ld	a5,56(sp)
   142d6:	8bce                	mv	s7,s3
   142d8:	fbcff06f          	j	13a94 <_vfprintf_r+0x1374>
   142dc:	84d6                	mv	s1,s5
   142de:	91eff06f          	j	133fc <_vfprintf_r+0xcdc>
   142e2:	02d00793          	li	a5,45
   142e6:	0af103a3          	sb	a5,167(sp)
   142ea:	04700793          	li	a5,71
   142ee:	23b7df63          	bge	a5,s11,1452c <_vfprintf_r+0x1e0c>
   142f2:	67e9                	lui	a5,0x1a
   142f4:	7f878793          	addi	a5,a5,2040 # 1a7f8 <__clzdi2+0x158>
   142f8:	b261                	j	13c80 <_vfprintf_r+0x1560>
   142fa:	6502                	ld	a0,0(sp)
   142fc:	1190                	addi	a2,sp,224
   142fe:	85d6                	mv	a1,s5
   14300:	fc16                	sd	t0,56(sp)
   14302:	5ae000ef          	jal	148b0 <__sprint_r>
   14306:	f979                	bnez	a0,142dc <_vfprintf_r+0x1bbc>
   14308:	66ed                	lui	a3,0x1b
   1430a:	e2068893          	addi	a7,a3,-480 # 1ae20 <zeroes.0>
   1430e:	000d4603          	lbu	a2,0(s10)
   14312:	774e                	ld	a4,240(sp)
   14314:	72e2                	ld	t0,56(sp)
   14316:	87ce                	mv	a5,s3
   14318:	469d                	li	a3,7
   1431a:	bc75                	j	13dd6 <_vfprintf_r+0x16b6>
   1431c:	65a2                	ld	a1,8(sp)
   1431e:	6502                	ld	a0,0(sp)
   14320:	1190                	addi	a2,sp,224
   14322:	ecc2                	sd	a6,88(sp)
   14324:	e0f2                	sd	t3,64(sp)
   14326:	fc3e                	sd	a5,56(sp)
   14328:	588000ef          	jal	148b0 <__sprint_r>
   1432c:	8c051763          	bnez	a0,133fa <_vfprintf_r+0xcda>
   14330:	5aca                	lw	s5,176(sp)
   14332:	794e                	ld	s2,240(sp)
   14334:	6866                	ld	a6,88(sp)
   14336:	6e06                	ld	t3,64(sp)
   14338:	77e2                	ld	a5,56(sp)
   1433a:	8bce                	mv	s7,s3
   1433c:	a7eff06f          	j	135ba <_vfprintf_r+0xe9a>
   14340:	fbb90793          	addi	a5,s2,-69
   14344:	6502                	ld	a0,0(sp)
   14346:	0017b793          	seqz	a5,a5
   1434a:	015787bb          	addw	a5,a5,s5
   1434e:	873e                	mv	a4,a5
   14350:	f83e                	sd	a5,48(sp)
   14352:	0c810893          	addi	a7,sp,200
   14356:	191c                	addi	a5,sp,176
   14358:	0b410813          	addi	a6,sp,180
   1435c:	4689                	li	a3,2
   1435e:	85a6                	mv	a1,s1
   14360:	865a                	mv	a2,s6
   14362:	fc72                	sd	t3,56(sp)
   14364:	18a010ef          	jal	154ee <_ldtoa_r>
   14368:	04700713          	li	a4,71
   1436c:	7e62                	ld	t3,56(sp)
   1436e:	87aa                	mv	a5,a0
   14370:	dce905e3          	beq	s2,a4,1413a <_vfprintf_r+0x1a1a>
   14374:	fc2a                	sd	a0,56(sp)
   14376:	85da                	mv	a1,s6
   14378:	8526                	mv	a0,s1
   1437a:	4601                	li	a2,0
   1437c:	4681                	li	a3,0
   1437e:	e0f2                	sd	t3,64(sp)
   14380:	0f4050ef          	jal	19474 <__eqtf2>
   14384:	77e2                	ld	a5,56(sp)
   14386:	6e06                	ld	t3,64(sp)
   14388:	48050163          	beqz	a0,1480a <_vfprintf_r+0x20ea>
   1438c:	7742                	ld	a4,48(sp)
   1438e:	68ae                	ld	a7,200(sp)
   14390:	00e78c33          	add	s8,a5,a4
   14394:	cf88ece3          	bltu	a7,s8,1408c <_vfprintf_r+0x196c>
   14398:	40f8873b          	subw	a4,a7,a5
   1439c:	54ca                	lw	s1,176(sp)
   1439e:	f83a                	sd	a4,48(sp)
   143a0:	bb75                	j	1415c <_vfprintf_r+0x1a3c>
   143a2:	001e7713          	andi	a4,t3,1
   143a6:	b60711e3          	bnez	a4,13f08 <_vfprintf_r+0x17e8>
   143aa:	cc517057          	vsetivli	zero,2,e8,mf8,ta,ma
   143ae:	da8fe06f          	j	12956 <_vfprintf_r+0x236>
   143b2:	ec26                	sd	s1,24(sp)
   143b4:	18070e63          	beqz	a4,14550 <_vfprintf_r+0x1e30>
   143b8:	001a881b          	addiw	a6,s5,1
   143bc:	88d6                	mv	a7,s5
   143be:	e082                	sd	zero,64(sp)
   143c0:	4a81                	li	s5,0
   143c2:	fc02                	sd	zero,56(sp)
   143c4:	4481                	li	s1,0
   143c6:	cc517057          	vsetivli	zero,2,e8,mf8,ta,ma
   143ca:	d04fe06f          	j	128ce <_vfprintf_r+0x1ae>
   143ce:	662a                	ld	a2,136(sp)
   143d0:	75c6                	ld	a1,112(sp)
   143d2:	e0c6                	sd	a7,64(sp)
   143d4:	40c78333          	sub	t1,a5,a2
   143d8:	851a                	mv	a0,t1
   143da:	fc42                	sd	a6,56(sp)
   143dc:	f872                	sd	t3,48(sp)
   143de:	f01a                	sd	t1,32(sp)
   143e0:	4ad000ef          	jal	1508c <strncpy>
   143e4:	ccccd7b7          	lui	a5,0xccccd
   143e8:	ccd78793          	addi	a5,a5,-819 # ffffffffcccccccd <__BSS_END__+0xffffffffcccaf1bd>
   143ec:	02079713          	slli	a4,a5,0x20
   143f0:	973e                	add	a4,a4,a5
   143f2:	02e93933          	mulhu	s2,s2,a4
   143f6:	0014c683          	lbu	a3,1(s1)
   143fa:	7302                	ld	t1,32(sp)
   143fc:	7e42                	ld	t3,48(sp)
   143fe:	00d036b3          	snez	a3,a3
   14402:	94b6                	add	s1,s1,a3
   14404:	7862                	ld	a6,56(sp)
   14406:	6886                	ld	a7,64(sp)
   14408:	fff30793          	addi	a5,t1,-1
   1440c:	4585                	li	a1,1
   1440e:	00395913          	srli	s2,s2,0x3
   14412:	02e93733          	mulhu	a4,s2,a4
   14416:	cc517057          	vsetivli	zero,2,e8,mf8,ta,ma
   1441a:	00375693          	srli	a3,a4,0x3
   1441e:	00269713          	slli	a4,a3,0x2
   14422:	9736                	add	a4,a4,a3
   14424:	0706                	slli	a4,a4,0x1
   14426:	40e90733          	sub	a4,s2,a4
   1442a:	0307071b          	addiw	a4,a4,48
   1442e:	fee30fa3          	sb	a4,-1(t1)
   14432:	a9dfe06f          	j	12ece <_vfprintf_r+0x7ae>
   14436:	e3068693          	addi	a3,a3,-464
   1443a:	a40ff06f          	j	1367a <_vfprintf_r+0xf5a>
   1443e:	0a714703          	lbu	a4,167(sp)
   14442:	ca070ae3          	beqz	a4,140f6 <_vfprintf_r+0x19d6>
   14446:	2805                	addiw	a6,a6,1
   14448:	b17d                	j	140f6 <_vfprintf_r+0x19d6>
   1444a:	65a2                	ld	a1,8(sp)
   1444c:	6502                	ld	a0,0(sp)
   1444e:	1190                	addi	a2,sp,224
   14450:	e0c2                	sd	a6,64(sp)
   14452:	fc72                	sd	t3,56(sp)
   14454:	45c000ef          	jal	148b0 <__sprint_r>
   14458:	c119                	beqz	a0,1445e <_vfprintf_r+0x1d3e>
   1445a:	fa1fe06f          	j	133fa <_vfprintf_r+0xcda>
   1445e:	5aca                	lw	s5,176(sp)
   14460:	77c2                	ld	a5,48(sp)
   14462:	794e                	ld	s2,240(sp)
   14464:	6806                	ld	a6,64(sp)
   14466:	7e62                	ld	t3,56(sp)
   14468:	8bce                	mv	s7,s3
   1446a:	41578abb          	subw	s5,a5,s5
   1446e:	982ff06f          	j	135f0 <_vfprintf_r+0xed0>
   14472:	8f26                	mv	t5,s1
   14474:	9b5fe06f          	j	12e28 <_vfprintf_r+0x708>
   14478:	8f26                	mv	t5,s1
   1447a:	b40ff06f          	j	137ba <_vfprintf_r+0x109a>
   1447e:	56c1                	li	a3,-16
   14480:	40c00abb          	negw	s5,a2
   14484:	34d65063          	bge	a2,a3,147c4 <_vfprintf_r+0x20a4>
   14488:	66ed                	lui	a3,0x1b
   1448a:	fc3e                	sd	a5,56(sp)
   1448c:	4b41                	li	s6,16
   1448e:	87ca                	mv	a5,s2
   14490:	4d9d                	li	s11,7
   14492:	8c72                	mv	s8,t3
   14494:	8942                	mv	s2,a6
   14496:	e2068493          	addi	s1,a3,-480 # 1ae20 <zeroes.0>
   1449a:	a021                	j	144a2 <_vfprintf_r+0x1d82>
   1449c:	3ac1                	addiw	s5,s5,-16
   1449e:	0d5b5363          	bge	s6,s5,14564 <_vfprintf_r+0x1e44>
   144a2:	07c1                	addi	a5,a5,16
   144a4:	2705                	addiw	a4,a4,1
   144a6:	009bb023          	sd	s1,0(s7)
   144aa:	016bb423          	sd	s6,8(s7)
   144ae:	f9be                	sd	a5,240(sp)
   144b0:	d5ba                	sw	a4,232(sp)
   144b2:	0bc1                	addi	s7,s7,16
   144b4:	feedd4e3          	bge	s11,a4,1449c <_vfprintf_r+0x1d7c>
   144b8:	65a2                	ld	a1,8(sp)
   144ba:	6502                	ld	a0,0(sp)
   144bc:	1190                	addi	a2,sp,224
   144be:	3f2000ef          	jal	148b0 <__sprint_r>
   144c2:	c119                	beqz	a0,144c8 <_vfprintf_r+0x1da8>
   144c4:	f37fe06f          	j	133fa <_vfprintf_r+0xcda>
   144c8:	77ce                	ld	a5,240(sp)
   144ca:	572e                	lw	a4,232(sp)
   144cc:	8bce                	mv	s7,s3
   144ce:	b7f9                	j	1449c <_vfprintf_r+0x1d7c>
   144d0:	e3068693          	addi	a3,a3,-464
   144d4:	ff9fe06f          	j	134cc <_vfprintf_r+0xdac>
   144d8:	8526                	mv	a0,s1
   144da:	85da                	mv	a1,s6
   144dc:	4601                	li	a2,0
   144de:	4681                	li	a3,0
   144e0:	e0f2                	sd	t3,64(sp)
   144e2:	fc3e                	sd	a5,56(sp)
   144e4:	791040ef          	jal	19474 <__eqtf2>
   144e8:	77e2                	ld	a5,56(sp)
   144ea:	6e06                	ld	t3,64(sp)
   144ec:	1e050063          	beqz	a0,146cc <_vfprintf_r+0x1fac>
   144f0:	7742                	ld	a4,48(sp)
   144f2:	68ae                	ld	a7,200(sp)
   144f4:	00e78c33          	add	s8,a5,a4
   144f8:	b988eae3          	bltu	a7,s8,1408c <_vfprintf_r+0x196c>
   144fc:	40f888b3          	sub	a7,a7,a5
   14500:	0008871b          	sext.w	a4,a7
   14504:	54ca                	lw	s1,176(sp)
   14506:	f83a                	sd	a4,48(sp)
   14508:	b1a1                	j	14150 <_vfprintf_r+0x1a30>
   1450a:	0a714503          	lbu	a0,167(sp)
   1450e:	4a81                	li	s5,0
   14510:	cc517057          	vsetivli	zero,2,e8,mf8,ta,ma
   14514:	c119                	beqz	a0,1451a <_vfprintf_r+0x1dfa>
   14516:	883fe06f          	j	12d98 <_vfprintf_r+0x678>
   1451a:	ffefe06f          	j	12d18 <_vfprintf_r+0x5f8>
   1451e:	e2068693          	addi	a3,a3,-480
   14522:	da9fe06f          	j	132ca <_vfprintf_r+0xbaa>
   14526:	c31c                	sw	a5,0(a4)
   14528:	ac2fe06f          	j	127ea <_vfprintf_r+0xca>
   1452c:	67e9                	lui	a5,0x1a
   1452e:	7f078793          	addi	a5,a5,2032 # 1a7f0 <__clzdi2+0x150>
   14532:	f4eff06f          	j	13c80 <_vfprintf_r+0x1560>
   14536:	57fd                	li	a5,-1
   14538:	17fe                	slli	a5,a5,0x3f
   1453a:	8dbd                	xor	a1,a1,a5
   1453c:	02d00793          	li	a5,45
   14540:	ecbe                	sd	a5,88(sp)
   14542:	f002                	sd	zero,32(sp)
   14544:	19bc                	addi	a5,sp,248
   14546:	d34fe06f          	j	12a7a <_vfprintf_r+0x35a>
   1454a:	0bc1                	addi	s7,s7,16
   1454c:	d72ff06f          	j	13abe <_vfprintf_r+0x139e>
   14550:	88d6                	mv	a7,s5
   14552:	8856                	mv	a6,s5
   14554:	e082                	sd	zero,64(sp)
   14556:	4a81                	li	s5,0
   14558:	fc02                	sd	zero,56(sp)
   1455a:	4481                	li	s1,0
   1455c:	cc517057          	vsetivli	zero,2,e8,mf8,ta,ma
   14560:	b6efe06f          	j	128ce <_vfprintf_r+0x1ae>
   14564:	884a                	mv	a6,s2
   14566:	893e                	mv	s2,a5
   14568:	77e2                	ld	a5,56(sp)
   1456a:	8e62                	mv	t3,s8
   1456c:	86a6                	mv	a3,s1
   1456e:	9956                	add	s2,s2,s5
   14570:	2705                	addiw	a4,a4,1
   14572:	00dbb023          	sd	a3,0(s7)
   14576:	f9ca                	sd	s2,240(sp)
   14578:	d5ba                	sw	a4,232(sp)
   1457a:	015bb423          	sd	s5,8(s7)
   1457e:	469d                	li	a3,7
   14580:	fce6d5e3          	bge	a3,a4,1454a <_vfprintf_r+0x1e2a>
   14584:	65a2                	ld	a1,8(sp)
   14586:	6502                	ld	a0,0(sp)
   14588:	1190                	addi	a2,sp,224
   1458a:	ecc2                	sd	a6,88(sp)
   1458c:	e0f2                	sd	t3,64(sp)
   1458e:	fc3e                	sd	a5,56(sp)
   14590:	320000ef          	jal	148b0 <__sprint_r>
   14594:	c119                	beqz	a0,1459a <_vfprintf_r+0x1e7a>
   14596:	e65fe06f          	j	133fa <_vfprintf_r+0xcda>
   1459a:	794e                	ld	s2,240(sp)
   1459c:	572e                	lw	a4,232(sp)
   1459e:	6866                	ld	a6,88(sp)
   145a0:	6e06                	ld	t3,64(sp)
   145a2:	77e2                	ld	a5,56(sp)
   145a4:	8bce                	mv	s7,s3
   145a6:	d18ff06f          	j	13abe <_vfprintf_r+0x139e>
   145aa:	76e2                	ld	a3,56(sp)
   145ac:	8a85                	andi	a3,a3,1
   145ae:	c4068fe3          	beqz	a3,1420c <_vfprintf_r+0x1aec>
   145b2:	b991                	j	14206 <_vfprintf_r+0x1ae6>
   145b4:	67ed                	lui	a5,0x1b
   145b6:	80078793          	addi	a5,a5,-2048 # 1a800 <__clzdi2+0x160>
   145ba:	bc11                	j	13fce <_vfprintf_r+0x18ae>
   145bc:	06700d93          	li	s11,103
   145c0:	7666                	ld	a2,120(sp)
   145c2:	00064703          	lbu	a4,0(a2)
   145c6:	f0170693          	addi	a3,a4,-255
   145ca:	20068b63          	beqz	a3,147e0 <_vfprintf_r+0x20c0>
   145ce:	20975963          	bge	a4,s1,147e0 <_vfprintf_r+0x20c0>
   145d2:	46aa                	lw	a3,136(sp)
   145d4:	4801                	li	a6,0
   145d6:	4501                	li	a0,0
   145d8:	a809                	j	145ea <_vfprintf_r+0x1eca>
   145da:	2505                	addiw	a0,a0,1
   145dc:	0605                	addi	a2,a2,1
   145de:	f0170593          	addi	a1,a4,-255
   145e2:	2701                	sext.w	a4,a4
   145e4:	cdd1                	beqz	a1,14680 <_vfprintf_r+0x1f60>
   145e6:	08975d63          	bge	a4,s1,14680 <_vfprintf_r+0x1f60>
   145ea:	9c99                	subw	s1,s1,a4
   145ec:	00164703          	lbu	a4,1(a2)
   145f0:	f76d                	bnez	a4,145da <_vfprintf_r+0x1eba>
   145f2:	00064703          	lbu	a4,0(a2)
   145f6:	2805                	addiw	a6,a6,1
   145f8:	b7dd                	j	145de <_vfprintf_r+0x1ebe>
   145fa:	40fc073b          	subw	a4,s8,a5
   145fe:	54ca                	lw	s1,176(sp)
   14600:	f83a                	sd	a4,48(sp)
   14602:	bc6d                	j	140bc <_vfprintf_r+0x199c>
   14604:	64a2                	ld	s1,8(sp)
   14606:	e01fe06f          	j	13406 <_vfprintf_r+0xce6>
   1460a:	67ed                	lui	a5,0x1b
   1460c:	80078793          	addi	a5,a5,-2048 # 1a800 <__clzdi2+0x160>
   14610:	e70ff06f          	j	13c80 <_vfprintf_r+0x1560>
   14614:	8c5a                	mv	s8,s6
   14616:	fffa8b1b          	addiw	s6,s5,-1
   1461a:	87e6                	mv	a5,s9
   1461c:	6b86                	ld	s7,64(sp)
   1461e:	7c86                	ld	s9,96(sp)
   14620:	000b5463          	bgez	s6,14628 <_vfprintf_r+0x1f08>
   14624:	d76fe06f          	j	12b9a <_vfprintf_r+0x47a>
   14628:	0c0076d7          	vsetvli	a3,zero,e8,m1,ta,ma
   1462c:	03000613          	li	a2,48
   14630:	5e0640d7          	vmv.v.x	v1,a2
   14634:	1a82                	slli	s5,s5,0x20
   14636:	020ada93          	srli	s5,s5,0x20
   1463a:	86e2                	mv	a3,s8
   1463c:	0c0af757          	vsetvli	a4,s5,e8,m1,ta,ma
   14640:	020680a7          	vse8.v	v1,(a3)
   14644:	40ea8ab3          	sub	s5,s5,a4
   14648:	96ba                	add	a3,a3,a4
   1464a:	fe0a99e3          	bnez	s5,1463c <_vfprintf_r+0x1f1c>
   1464e:	001c0813          	addi	a6,s8,1
   14652:	01680c33          	add	s8,a6,s6
   14656:	d44fe06f          	j	12b9a <_vfprintf_r+0x47a>
   1465a:	02d00713          	li	a4,45
   1465e:	0ae10ca3          	sb	a4,185(sp)
   14662:	56e1                	li	a3,-8
   14664:	4705                	li	a4,1
   14666:	9f05                	subw	a4,a4,s1
   14668:	b0d4c8e3          	blt	s1,a3,14178 <_vfprintf_r+0x1a58>
   1466c:	03000693          	li	a3,48
   14670:	0ad10d23          	sb	a3,186(sp)
   14674:	fc72                	sd	t3,56(sp)
   14676:	f002                	sd	zero,32(sp)
   14678:	0bb10693          	addi	a3,sp,187
   1467c:	d52fe06f          	j	12bce <_vfprintf_r+0x4ae>
   14680:	00a8073b          	addw	a4,a6,a0
   14684:	02d7073b          	mulw	a4,a4,a3
   14688:	fcb2                	sd	a2,120(sp)
   1468a:	fc2a                	sd	a0,56(sp)
   1468c:	e0c2                	sd	a6,64(sp)
   1468e:	00e888bb          	addw	a7,a7,a4
   14692:	8746                	mv	a4,a7
   14694:	0008d363          	bgez	a7,1469a <_vfprintf_r+0x1f7a>
   14698:	4701                	li	a4,0
   1469a:	66e6                	ld	a3,88(sp)
   1469c:	0007081b          	sext.w	a6,a4
   146a0:	c2f1                	beqz	a3,14764 <_vfprintf_r+0x2044>
   146a2:	02d00693          	li	a3,45
   146a6:	7e02                	ld	t3,32(sp)
   146a8:	0ad103a3          	sb	a3,167(sp)
   146ac:	0017081b          	addiw	a6,a4,1
   146b0:	f002                	sd	zero,32(sp)
   146b2:	4a81                	li	s5,0
   146b4:	cc517057          	vsetivli	zero,2,e8,mf8,ta,ma
   146b8:	a16fe06f          	j	128ce <_vfprintf_r+0x1ae>
   146bc:	6726                	ld	a4,72(sp)
   146be:	009a88bb          	addw	a7,s5,s1
   146c2:	06600d93          	li	s11,102
   146c6:	00e888bb          	addw	a7,a7,a4
   146ca:	b429                	j	140d4 <_vfprintf_r+0x19b4>
   146cc:	54ca                	lw	s1,176(sp)
   146ce:	78c2                	ld	a7,48(sp)
   146d0:	b441                	j	14150 <_vfprintf_r+0x1a30>
   146d2:	4601                	li	a2,0
   146d4:	4681                	li	a3,0
   146d6:	8526                	mv	a0,s1
   146d8:	85da                	mv	a1,s6
   146da:	e0f2                	sd	t3,64(sp)
   146dc:	fc3e                	sd	a5,56(sp)
   146de:	f83a                	sd	a4,48(sp)
   146e0:	595040ef          	jal	19474 <__eqtf2>
   146e4:	7742                	ld	a4,48(sp)
   146e6:	77e2                	ld	a5,56(sp)
   146e8:	6e06                	ld	t3,64(sp)
   146ea:	ed1d                	bnez	a0,14728 <_vfprintf_r+0x2008>
   146ec:	54ca                	lw	s1,176(sp)
   146ee:	9726                	add	a4,a4,s1
   146f0:	9f1d                	subw	a4,a4,a5
   146f2:	f83a                	sd	a4,48(sp)
   146f4:	b2c1                	j	140b4 <_vfprintf_r+0x1994>
   146f6:	676d                	lui	a4,0x1b
   146f8:	81070713          	addi	a4,a4,-2032 # 1a810 <__clzdi2+0x170>
   146fc:	f83a                	sd	a4,48(sp)
   146fe:	bbefe06f          	j	12abc <_vfprintf_r+0x39c>
   14702:	e711                	bnez	a4,1470e <_vfprintf_r+0x1fee>
   14704:	4805                	li	a6,1
   14706:	88c2                	mv	a7,a6
   14708:	06600d93          	li	s11,102
   1470c:	bae9                	j	140e6 <_vfprintf_r+0x19c6>
   1470e:	6726                	ld	a4,72(sp)
   14710:	0017089b          	addiw	a7,a4,1
   14714:	015888bb          	addw	a7,a7,s5
   14718:	0008881b          	sext.w	a6,a7
   1471c:	fe08d6e3          	bgez	a7,14708 <_vfprintf_r+0x1fe8>
   14720:	4801                	li	a6,0
   14722:	06600d93          	li	s11,102
   14726:	b2c1                	j	140e6 <_vfprintf_r+0x19c6>
   14728:	4685                	li	a3,1
   1472a:	415686bb          	subw	a3,a3,s5
   1472e:	d936                	sw	a3,176(sp)
   14730:	ba2d                	j	1406a <_vfprintf_r+0x194a>
   14732:	02d00713          	li	a4,45
   14736:	0ae10ca3          	sb	a4,185(sp)
   1473a:	5661                	li	a2,-8
   1473c:	4705                	li	a4,1
   1473e:	9f15                	subw	a4,a4,a3
   14740:	a2c6cee3          	blt	a3,a2,1417c <_vfprintf_r+0x1a5c>
   14744:	c86fe06f          	j	12bca <_vfprintf_r+0x4aa>
   14748:	6762                	ld	a4,24(sp)
   1474a:	431c                	lw	a5,0(a4)
   1474c:	0721                	addi	a4,a4,8
   1474e:	00078a9b          	sext.w	s5,a5
   14752:	0007d363          	bgez	a5,14758 <_vfprintf_r+0x2038>
   14756:	5afd                	li	s5,-1
   14758:	001cc303          	lbu	t1,1(s9)
   1475c:	ec3a                	sd	a4,24(sp)
   1475e:	8cb2                	mv	s9,a2
   14760:	8fcfe06f          	j	1285c <_vfprintf_r+0x13c>
   14764:	0a714683          	lbu	a3,167(sp)
   14768:	c2b1                	beqz	a3,147ac <_vfprintf_r+0x208c>
   1476a:	7e02                	ld	t3,32(sp)
   1476c:	0017081b          	addiw	a6,a4,1
   14770:	f002                	sd	zero,32(sp)
   14772:	4a81                	li	s5,0
   14774:	cc517057          	vsetivli	zero,2,e8,mf8,ta,ma
   14778:	956fe06f          	j	128ce <_vfprintf_r+0x1ae>
   1477c:	1afe                	slli	s5,s5,0x3f
   1477e:	02d00793          	li	a5,45
   14782:	015b4b33          	xor	s6,s6,s5
   14786:	ecbe                	sd	a5,88(sp)
   14788:	4a99                	li	s5,6
   1478a:	b065                	j	14032 <_vfprintf_r+0x1912>
   1478c:	e2068693          	addi	a3,a3,-480
   14790:	906ff06f          	j	13896 <_vfprintf_r+0x1176>
   14794:	e2068693          	addi	a3,a3,-480
   14798:	f0eff06f          	j	13ea6 <_vfprintf_r+0x1786>
   1479c:	4709                	li	a4,2
   1479e:	f4ba                	sd	a4,104(sp)
   147a0:	bca1                	j	141f8 <_vfprintf_r+0x1ad8>
   147a2:	76c2                	ld	a3,48(sp)
   147a4:	00a6c683          	lbu	a3,10(a3)
   147a8:	beefe06f          	j	12b96 <_vfprintf_r+0x476>
   147ac:	7e02                	ld	t3,32(sp)
   147ae:	4a81                	li	s5,0
   147b0:	f002                	sd	zero,32(sp)
   147b2:	cc517057          	vsetivli	zero,2,e8,mf8,ta,ma
   147b6:	918fe06f          	j	128ce <_vfprintf_r+0x1ae>
   147ba:	40f8873b          	subw	a4,a7,a5
   147be:	54ca                	lw	s1,176(sp)
   147c0:	f83a                	sd	a4,48(sp)
   147c2:	b8cd                	j	140b4 <_vfprintf_r+0x1994>
   147c4:	66ed                	lui	a3,0x1b
   147c6:	e2068693          	addi	a3,a3,-480 # 1ae20 <zeroes.0>
   147ca:	b355                	j	1456e <_vfprintf_r+0x1e4e>
   147cc:	4a81                	li	s5,0
   147ce:	e082                	sd	zero,64(sp)
   147d0:	fc02                	sd	zero,56(sp)
   147d2:	f002                	sd	zero,32(sp)
   147d4:	488d                	li	a7,3
   147d6:	4811                	li	a6,4
   147d8:	cc517057          	vsetivli	zero,2,e8,mf8,ta,ma
   147dc:	8f2fe06f          	j	128ce <_vfprintf_r+0x1ae>
   147e0:	4701                	li	a4,0
   147e2:	e082                	sd	zero,64(sp)
   147e4:	fc02                	sd	zero,56(sp)
   147e6:	b565                	j	1468e <_vfprintf_r+0x1f6e>
   147e8:	7742                	ld	a4,48(sp)
   147ea:	00e78c33          	add	s8,a5,a4
   147ee:	bc65                	j	142a6 <_vfprintf_r+0x1b86>
   147f0:	e082                	sd	zero,64(sp)
   147f2:	fc02                	sd	zero,56(sp)
   147f4:	8dafe06f          	j	128ce <_vfprintf_r+0x1ae>
   147f8:	64a2                	ld	s1,8(sp)
   147fa:	0104d783          	lhu	a5,16(s1)
   147fe:	0407e793          	ori	a5,a5,64
   14802:	00f49823          	sh	a5,16(s1)
   14806:	c01fe06f          	j	13406 <_vfprintf_r+0xce6>
   1480a:	54ca                	lw	s1,176(sp)
   1480c:	ba81                	j	1415c <_vfprintf_r+0x1a3c>

000000000001480e <vfprintf>:
   1480e:	872a                	mv	a4,a0
   14810:	a201b503          	ld	a0,-1504(gp) # 1cd30 <_impure_ptr>
   14814:	86b2                	mv	a3,a2
   14816:	862e                	mv	a2,a1
   14818:	85ba                	mv	a1,a4
   1481a:	f07fd06f          	j	12720 <_vfprintf_r>

000000000001481e <__sbprintf>:
   1481e:	0105d783          	lhu	a5,16(a1)
   14822:	0ac5ae83          	lw	t4,172(a1)
   14826:	0125de03          	lhu	t3,18(a1)
   1482a:	0305b303          	ld	t1,48(a1)
   1482e:	0405b883          	ld	a7,64(a1)
   14832:	b2010113          	addi	sp,sp,-1248
   14836:	9bf5                	andi	a5,a5,-3
   14838:	0c010813          	addi	a6,sp,192
   1483c:	40000713          	li	a4,1024
   14840:	4c813823          	sd	s0,1232(sp)
   14844:	842e                	mv	s0,a1
   14846:	080c                	addi	a1,sp,16
   14848:	4c913423          	sd	s1,1224(sp)
   1484c:	02f11023          	sh	a5,32(sp)
   14850:	4c113c23          	sd	ra,1240(sp)
   14854:	dc02                	sw	zero,56(sp)
   14856:	df76                	sw	t4,188(sp)
   14858:	03c11123          	sh	t3,34(sp)
   1485c:	e09a                	sd	t1,64(sp)
   1485e:	e8c6                	sd	a7,80(sp)
   14860:	e842                	sd	a6,16(sp)
   14862:	f442                	sd	a6,40(sp)
   14864:	ce3a                	sw	a4,28(sp)
   14866:	d83a                	sw	a4,48(sp)
   14868:	84aa                	mv	s1,a0
   1486a:	eb7fd0ef          	jal	12720 <_vfprintf_r>
   1486e:	87aa                	mv	a5,a0
   14870:	02055763          	bgez	a0,1489e <__sbprintf+0x80>
   14874:	02015703          	lhu	a4,32(sp)
   14878:	04077713          	andi	a4,a4,64
   1487c:	c719                	beqz	a4,1488a <__sbprintf+0x6c>
   1487e:	01045703          	lhu	a4,16(s0)
   14882:	04076713          	ori	a4,a4,64
   14886:	00e41823          	sh	a4,16(s0)
   1488a:	4d813083          	ld	ra,1240(sp)
   1488e:	4d013403          	ld	s0,1232(sp)
   14892:	4c813483          	ld	s1,1224(sp)
   14896:	853e                	mv	a0,a5
   14898:	4e010113          	addi	sp,sp,1248
   1489c:	8082                	ret
   1489e:	e42a                	sd	a0,8(sp)
   148a0:	080c                	addi	a1,sp,16
   148a2:	8526                	mv	a0,s1
   148a4:	27c000ef          	jal	14b20 <_fflush_r>
   148a8:	67a2                	ld	a5,8(sp)
   148aa:	d569                	beqz	a0,14874 <__sbprintf+0x56>
   148ac:	57fd                	li	a5,-1
   148ae:	b7d9                	j	14874 <__sbprintf+0x56>

00000000000148b0 <__sprint_r>:
   148b0:	6a18                	ld	a4,16(a2)
   148b2:	e709                	bnez	a4,148bc <__sprint_r+0xc>
   148b4:	4501                	li	a0,0
   148b6:	00062423          	sw	zero,8(a2)
   148ba:	8082                	ret
   148bc:	1101                	addi	sp,sp,-32
   148be:	ec06                	sd	ra,24(sp)
   148c0:	e432                	sd	a2,8(sp)
   148c2:	2ee000ef          	jal	14bb0 <__sfvwrite_r>
   148c6:	67a2                	ld	a5,8(sp)
   148c8:	60e2                	ld	ra,24(sp)
   148ca:	0007b823          	sd	zero,16(a5)
   148ce:	0007a423          	sw	zero,8(a5)
   148d2:	6105                	addi	sp,sp,32
   148d4:	8082                	ret

00000000000148d6 <_fclose_r>:
   148d6:	1101                	addi	sp,sp,-32
   148d8:	ec06                	sd	ra,24(sp)
   148da:	e04a                	sd	s2,0(sp)
   148dc:	cd89                	beqz	a1,148f6 <_fclose_r+0x20>
   148de:	e822                	sd	s0,16(sp)
   148e0:	e426                	sd	s1,8(sp)
   148e2:	842e                	mv	s0,a1
   148e4:	84aa                	mv	s1,a0
   148e6:	c119                	beqz	a0,148ec <_fclose_r+0x16>
   148e8:	653c                	ld	a5,72(a0)
   148ea:	c7d9                	beqz	a5,14978 <_fclose_r+0xa2>
   148ec:	01041783          	lh	a5,16(s0)
   148f0:	eb89                	bnez	a5,14902 <_fclose_r+0x2c>
   148f2:	6442                	ld	s0,16(sp)
   148f4:	64a2                	ld	s1,8(sp)
   148f6:	60e2                	ld	ra,24(sp)
   148f8:	4901                	li	s2,0
   148fa:	854a                	mv	a0,s2
   148fc:	6902                	ld	s2,0(sp)
   148fe:	6105                	addi	sp,sp,32
   14900:	8082                	ret
   14902:	85a2                	mv	a1,s0
   14904:	8526                	mv	a0,s1
   14906:	080000ef          	jal	14986 <__sflush_r>
   1490a:	683c                	ld	a5,80(s0)
   1490c:	892a                	mv	s2,a0
   1490e:	c791                	beqz	a5,1491a <_fclose_r+0x44>
   14910:	780c                	ld	a1,48(s0)
   14912:	8526                	mv	a0,s1
   14914:	9782                	jalr	a5
   14916:	04054663          	bltz	a0,14962 <_fclose_r+0x8c>
   1491a:	01045783          	lhu	a5,16(s0)
   1491e:	0807f793          	andi	a5,a5,128
   14922:	e7b1                	bnez	a5,1496e <_fclose_r+0x98>
   14924:	6c2c                	ld	a1,88(s0)
   14926:	c991                	beqz	a1,1493a <_fclose_r+0x64>
   14928:	07440793          	addi	a5,s0,116
   1492c:	00f58563          	beq	a1,a5,14936 <_fclose_r+0x60>
   14930:	8526                	mv	a0,s1
   14932:	bb3fd0ef          	jal	124e4 <_free_r>
   14936:	04043c23          	sd	zero,88(s0)
   1493a:	7c2c                	ld	a1,120(s0)
   1493c:	c591                	beqz	a1,14948 <_fclose_r+0x72>
   1493e:	8526                	mv	a0,s1
   14940:	ba5fd0ef          	jal	124e4 <_free_r>
   14944:	06043c23          	sd	zero,120(s0)
   14948:	bf4fd0ef          	jal	11d3c <__sfp_lock_acquire>
   1494c:	00041823          	sh	zero,16(s0)
   14950:	beefd0ef          	jal	11d3e <__sfp_lock_release>
   14954:	60e2                	ld	ra,24(sp)
   14956:	6442                	ld	s0,16(sp)
   14958:	64a2                	ld	s1,8(sp)
   1495a:	854a                	mv	a0,s2
   1495c:	6902                	ld	s2,0(sp)
   1495e:	6105                	addi	sp,sp,32
   14960:	8082                	ret
   14962:	01045783          	lhu	a5,16(s0)
   14966:	597d                	li	s2,-1
   14968:	0807f793          	andi	a5,a5,128
   1496c:	dfc5                	beqz	a5,14924 <_fclose_r+0x4e>
   1496e:	6c0c                	ld	a1,24(s0)
   14970:	8526                	mv	a0,s1
   14972:	b73fd0ef          	jal	124e4 <_free_r>
   14976:	b77d                	j	14924 <_fclose_r+0x4e>
   14978:	baefd0ef          	jal	11d26 <__sinit>
   1497c:	bf85                	j	148ec <_fclose_r+0x16>

000000000001497e <fclose>:
   1497e:	85aa                	mv	a1,a0
   14980:	a201b503          	ld	a0,-1504(gp) # 1cd30 <_impure_ptr>
   14984:	bf89                	j	148d6 <_fclose_r>

0000000000014986 <__sflush_r>:
   14986:	01059703          	lh	a4,16(a1)
   1498a:	7179                	addi	sp,sp,-48
   1498c:	f022                	sd	s0,32(sp)
   1498e:	e44e                	sd	s3,8(sp)
   14990:	f406                	sd	ra,40(sp)
   14992:	00877793          	andi	a5,a4,8
   14996:	842e                	mv	s0,a1
   14998:	89aa                	mv	s3,a0
   1499a:	e7f1                	bnez	a5,14a66 <__sflush_r+0xe0>
   1499c:	6785                	lui	a5,0x1
   1499e:	80078793          	addi	a5,a5,-2048 # 800 <exit-0xf920>
   149a2:	4594                	lw	a3,8(a1)
   149a4:	8fd9                	or	a5,a5,a4
   149a6:	00f59823          	sh	a5,16(a1)
   149aa:	10d05b63          	blez	a3,14ac0 <__sflush_r+0x13a>
   149ae:	04843803          	ld	a6,72(s0)
   149b2:	0a080463          	beqz	a6,14a5a <__sflush_r+0xd4>
   149b6:	ec26                	sd	s1,24(sp)
   149b8:	03371693          	slli	a3,a4,0x33
   149bc:	0009a483          	lw	s1,0(s3)
   149c0:	0009a023          	sw	zero,0(s3)
   149c4:	1006c563          	bltz	a3,14ace <__sflush_r+0x148>
   149c8:	780c                	ld	a1,48(s0)
   149ca:	4601                	li	a2,0
   149cc:	4685                	li	a3,1
   149ce:	854e                	mv	a0,s3
   149d0:	9802                	jalr	a6
   149d2:	57fd                	li	a5,-1
   149d4:	862a                	mv	a2,a0
   149d6:	12f50363          	beq	a0,a5,14afc <__sflush_r+0x176>
   149da:	01041783          	lh	a5,16(s0)
   149de:	04843803          	ld	a6,72(s0)
   149e2:	8b91                	andi	a5,a5,4
   149e4:	c799                	beqz	a5,149f2 <__sflush_r+0x6c>
   149e6:	4418                	lw	a4,8(s0)
   149e8:	6c3c                	ld	a5,88(s0)
   149ea:	8e19                	sub	a2,a2,a4
   149ec:	c399                	beqz	a5,149f2 <__sflush_r+0x6c>
   149ee:	583c                	lw	a5,112(s0)
   149f0:	8e1d                	sub	a2,a2,a5
   149f2:	780c                	ld	a1,48(s0)
   149f4:	4681                	li	a3,0
   149f6:	854e                	mv	a0,s3
   149f8:	9802                	jalr	a6
   149fa:	577d                	li	a4,-1
   149fc:	01041783          	lh	a5,16(s0)
   14a00:	0ce51963          	bne	a0,a4,14ad2 <__sflush_r+0x14c>
   14a04:	0009a683          	lw	a3,0(s3)
   14a08:	4775                	li	a4,29
   14a0a:	10d76463          	bltu	a4,a3,14b12 <__sflush_r+0x18c>
   14a0e:	20400737          	lui	a4,0x20400
   14a12:	0705                	addi	a4,a4,1 # 20400001 <__BSS_END__+0x203e24f1>
   14a14:	00d75733          	srl	a4,a4,a3
   14a18:	8b05                	andi	a4,a4,1
   14a1a:	cf65                	beqz	a4,14b12 <__sflush_r+0x18c>
   14a1c:	6c14                	ld	a3,24(s0)
   14a1e:	777d                	lui	a4,0xfffff
   14a20:	7ff70713          	addi	a4,a4,2047 # fffffffffffff7ff <__BSS_END__+0xfffffffffffe1cef>
   14a24:	8f7d                	and	a4,a4,a5
   14a26:	00e41823          	sh	a4,16(s0)
   14a2a:	00042423          	sw	zero,8(s0)
   14a2e:	e014                	sd	a3,0(s0)
   14a30:	03379713          	slli	a4,a5,0x33
   14a34:	00075563          	bgez	a4,14a3e <__sflush_r+0xb8>
   14a38:	0009a783          	lw	a5,0(s3)
   14a3c:	cbcd                	beqz	a5,14aee <__sflush_r+0x168>
   14a3e:	6c2c                	ld	a1,88(s0)
   14a40:	0099a023          	sw	s1,0(s3)
   14a44:	c9d5                	beqz	a1,14af8 <__sflush_r+0x172>
   14a46:	07440793          	addi	a5,s0,116
   14a4a:	00f58563          	beq	a1,a5,14a54 <__sflush_r+0xce>
   14a4e:	854e                	mv	a0,s3
   14a50:	a95fd0ef          	jal	124e4 <_free_r>
   14a54:	64e2                	ld	s1,24(sp)
   14a56:	04043c23          	sd	zero,88(s0)
   14a5a:	70a2                	ld	ra,40(sp)
   14a5c:	7402                	ld	s0,32(sp)
   14a5e:	69a2                	ld	s3,8(sp)
   14a60:	4501                	li	a0,0
   14a62:	6145                	addi	sp,sp,48
   14a64:	8082                	ret
   14a66:	e84a                	sd	s2,16(sp)
   14a68:	0185b903          	ld	s2,24(a1)
   14a6c:	04090f63          	beqz	s2,14aca <__sflush_r+0x144>
   14a70:	ec26                	sd	s1,24(sp)
   14a72:	6184                	ld	s1,0(a1)
   14a74:	8b0d                	andi	a4,a4,3
   14a76:	0125b023          	sd	s2,0(a1)
   14a7a:	412484bb          	subw	s1,s1,s2
   14a7e:	4781                	li	a5,0
   14a80:	e311                	bnez	a4,14a84 <__sflush_r+0xfe>
   14a82:	519c                	lw	a5,32(a1)
   14a84:	c45c                	sw	a5,12(s0)
   14a86:	00904663          	bgtz	s1,14a92 <__sflush_r+0x10c>
   14a8a:	a83d                	j	14ac8 <__sflush_r+0x142>
   14a8c:	992a                	add	s2,s2,a0
   14a8e:	02905d63          	blez	s1,14ac8 <__sflush_r+0x142>
   14a92:	603c                	ld	a5,64(s0)
   14a94:	780c                	ld	a1,48(s0)
   14a96:	86a6                	mv	a3,s1
   14a98:	864a                	mv	a2,s2
   14a9a:	854e                	mv	a0,s3
   14a9c:	9782                	jalr	a5
   14a9e:	9c89                	subw	s1,s1,a0
   14aa0:	fea046e3          	bgtz	a0,14a8c <__sflush_r+0x106>
   14aa4:	01045783          	lhu	a5,16(s0)
   14aa8:	6942                	ld	s2,16(sp)
   14aaa:	0407e793          	ori	a5,a5,64
   14aae:	70a2                	ld	ra,40(sp)
   14ab0:	00f41823          	sh	a5,16(s0)
   14ab4:	7402                	ld	s0,32(sp)
   14ab6:	64e2                	ld	s1,24(sp)
   14ab8:	69a2                	ld	s3,8(sp)
   14aba:	557d                	li	a0,-1
   14abc:	6145                	addi	sp,sp,48
   14abe:	8082                	ret
   14ac0:	59b4                	lw	a3,112(a1)
   14ac2:	eed046e3          	bgtz	a3,149ae <__sflush_r+0x28>
   14ac6:	bf51                	j	14a5a <__sflush_r+0xd4>
   14ac8:	64e2                	ld	s1,24(sp)
   14aca:	6942                	ld	s2,16(sp)
   14acc:	b779                	j	14a5a <__sflush_r+0xd4>
   14ace:	6850                	ld	a2,144(s0)
   14ad0:	bf09                	j	149e2 <__sflush_r+0x5c>
   14ad2:	6c14                	ld	a3,24(s0)
   14ad4:	777d                	lui	a4,0xfffff
   14ad6:	7ff70713          	addi	a4,a4,2047 # fffffffffffff7ff <__BSS_END__+0xfffffffffffe1cef>
   14ada:	8f7d                	and	a4,a4,a5
   14adc:	00e41823          	sh	a4,16(s0)
   14ae0:	00042423          	sw	zero,8(s0)
   14ae4:	e014                	sd	a3,0(s0)
   14ae6:	03379713          	slli	a4,a5,0x33
   14aea:	f4075ae3          	bgez	a4,14a3e <__sflush_r+0xb8>
   14aee:	6c2c                	ld	a1,88(s0)
   14af0:	e848                	sd	a0,144(s0)
   14af2:	0099a023          	sw	s1,0(s3)
   14af6:	f9a1                	bnez	a1,14a46 <__sflush_r+0xc0>
   14af8:	64e2                	ld	s1,24(sp)
   14afa:	b785                	j	14a5a <__sflush_r+0xd4>
   14afc:	0009a783          	lw	a5,0(s3)
   14b00:	ec078de3          	beqz	a5,149da <__sflush_r+0x54>
   14b04:	fe378713          	addi	a4,a5,-29
   14b08:	cb01                	beqz	a4,14b18 <__sflush_r+0x192>
   14b0a:	17a9                	addi	a5,a5,-22
   14b0c:	c791                	beqz	a5,14b18 <__sflush_r+0x192>
   14b0e:	01045783          	lhu	a5,16(s0)
   14b12:	0407e793          	ori	a5,a5,64
   14b16:	bf61                	j	14aae <__sflush_r+0x128>
   14b18:	0099a023          	sw	s1,0(s3)
   14b1c:	64e2                	ld	s1,24(sp)
   14b1e:	bf35                	j	14a5a <__sflush_r+0xd4>

0000000000014b20 <_fflush_r>:
   14b20:	87aa                	mv	a5,a0
   14b22:	c119                	beqz	a0,14b28 <_fflush_r+0x8>
   14b24:	6538                	ld	a4,72(a0)
   14b26:	cb01                	beqz	a4,14b36 <_fflush_r+0x16>
   14b28:	01059703          	lh	a4,16(a1)
   14b2c:	e319                	bnez	a4,14b32 <_fflush_r+0x12>
   14b2e:	4501                	li	a0,0
   14b30:	8082                	ret
   14b32:	853e                	mv	a0,a5
   14b34:	bd89                	j	14986 <__sflush_r>
   14b36:	1101                	addi	sp,sp,-32
   14b38:	e42e                	sd	a1,8(sp)
   14b3a:	ec06                	sd	ra,24(sp)
   14b3c:	e02a                	sd	a0,0(sp)
   14b3e:	9e8fd0ef          	jal	11d26 <__sinit>
   14b42:	65a2                	ld	a1,8(sp)
   14b44:	6782                	ld	a5,0(sp)
   14b46:	01059703          	lh	a4,16(a1)
   14b4a:	c709                	beqz	a4,14b54 <_fflush_r+0x34>
   14b4c:	60e2                	ld	ra,24(sp)
   14b4e:	853e                	mv	a0,a5
   14b50:	6105                	addi	sp,sp,32
   14b52:	bd15                	j	14986 <__sflush_r>
   14b54:	60e2                	ld	ra,24(sp)
   14b56:	4501                	li	a0,0
   14b58:	6105                	addi	sp,sp,32
   14b5a:	8082                	ret

0000000000014b5c <fflush>:
   14b5c:	cd05                	beqz	a0,14b94 <fflush+0x38>
   14b5e:	85aa                	mv	a1,a0
   14b60:	a201b503          	ld	a0,-1504(gp) # 1cd30 <_impure_ptr>
   14b64:	c119                	beqz	a0,14b6a <fflush+0xe>
   14b66:	653c                	ld	a5,72(a0)
   14b68:	c799                	beqz	a5,14b76 <fflush+0x1a>
   14b6a:	01059783          	lh	a5,16(a1)
   14b6e:	e399                	bnez	a5,14b74 <fflush+0x18>
   14b70:	4501                	li	a0,0
   14b72:	8082                	ret
   14b74:	bd09                	j	14986 <__sflush_r>
   14b76:	1101                	addi	sp,sp,-32
   14b78:	e42e                	sd	a1,8(sp)
   14b7a:	e02a                	sd	a0,0(sp)
   14b7c:	ec06                	sd	ra,24(sp)
   14b7e:	9a8fd0ef          	jal	11d26 <__sinit>
   14b82:	65a2                	ld	a1,8(sp)
   14b84:	6502                	ld	a0,0(sp)
   14b86:	01059783          	lh	a5,16(a1)
   14b8a:	e385                	bnez	a5,14baa <fflush+0x4e>
   14b8c:	60e2                	ld	ra,24(sp)
   14b8e:	4501                	li	a0,0
   14b90:	6105                	addi	sp,sp,32
   14b92:	8082                	ret
   14b94:	6675                	lui	a2,0x1d
   14b96:	65d5                	lui	a1,0x15
   14b98:	6575                	lui	a0,0x1d
   14b9a:	95060613          	addi	a2,a2,-1712 # 1c950 <__sglue>
   14b9e:	b2058593          	addi	a1,a1,-1248 # 14b20 <_fflush_r>
   14ba2:	96850513          	addi	a0,a0,-1688 # 1c968 <_impure_data>
   14ba6:	9bafd06f          	j	11d60 <_fwalk_sglue>
   14baa:	60e2                	ld	ra,24(sp)
   14bac:	6105                	addi	sp,sp,32
   14bae:	bbe1                	j	14986 <__sflush_r>

0000000000014bb0 <__sfvwrite_r>:
   14bb0:	6a1c                	ld	a5,16(a2)
   14bb2:	18078d63          	beqz	a5,14d4c <__sfvwrite_r+0x19c>
   14bb6:	01059683          	lh	a3,16(a1)
   14bba:	711d                	addi	sp,sp,-96
   14bbc:	e8a2                	sd	s0,80(sp)
   14bbe:	f852                	sd	s4,48(sp)
   14bc0:	f456                	sd	s5,40(sp)
   14bc2:	ec86                	sd	ra,88(sp)
   14bc4:	0086f793          	andi	a5,a3,8
   14bc8:	842e                	mv	s0,a1
   14bca:	8aaa                	mv	s5,a0
   14bcc:	8a32                	mv	s4,a2
   14bce:	c7bd                	beqz	a5,14c3c <__sfvwrite_r+0x8c>
   14bd0:	6d9c                	ld	a5,24(a1)
   14bd2:	c7ad                	beqz	a5,14c3c <__sfvwrite_r+0x8c>
   14bd4:	e4a6                	sd	s1,72(sp)
   14bd6:	e0ca                	sd	s2,64(sp)
   14bd8:	fc4e                	sd	s3,56(sp)
   14bda:	f05a                	sd	s6,32(sp)
   14bdc:	0026f793          	andi	a5,a3,2
   14be0:	000a3483          	ld	s1,0(s4)
   14be4:	cfad                	beqz	a5,14c5e <__sfvwrite_r+0xae>
   14be6:	80000b37          	lui	s6,0x80000
   14bea:	c00b4b13          	xori	s6,s6,-1024
   14bee:	4981                	li	s3,0
   14bf0:	4901                	li	s2,0
   14bf2:	864e                	mv	a2,s3
   14bf4:	8556                	mv	a0,s5
   14bf6:	14090563          	beqz	s2,14d40 <__sfvwrite_r+0x190>
   14bfa:	86ca                	mv	a3,s2
   14bfc:	012b7663          	bgeu	s6,s2,14c08 <__sfvwrite_r+0x58>
   14c00:	800006b7          	lui	a3,0x80000
   14c04:	c006c693          	xori	a3,a3,-1024
   14c08:	603c                	ld	a5,64(s0)
   14c0a:	780c                	ld	a1,48(s0)
   14c0c:	2681                	sext.w	a3,a3
   14c0e:	9782                	jalr	a5
   14c10:	2ea05363          	blez	a0,14ef6 <__sfvwrite_r+0x346>
   14c14:	010a3783          	ld	a5,16(s4)
   14c18:	99aa                	add	s3,s3,a0
   14c1a:	40a90933          	sub	s2,s2,a0
   14c1e:	8f89                	sub	a5,a5,a0
   14c20:	00fa3823          	sd	a5,16(s4)
   14c24:	f7f9                	bnez	a5,14bf2 <__sfvwrite_r+0x42>
   14c26:	64a6                	ld	s1,72(sp)
   14c28:	6906                	ld	s2,64(sp)
   14c2a:	79e2                	ld	s3,56(sp)
   14c2c:	7b02                	ld	s6,32(sp)
   14c2e:	4501                	li	a0,0
   14c30:	60e6                	ld	ra,88(sp)
   14c32:	6446                	ld	s0,80(sp)
   14c34:	7a42                	ld	s4,48(sp)
   14c36:	7aa2                	ld	s5,40(sp)
   14c38:	6125                	addi	sp,sp,96
   14c3a:	8082                	ret
   14c3c:	85a2                	mv	a1,s0
   14c3e:	8556                	mv	a0,s5
   14c40:	2ce000ef          	jal	14f0e <__swsetup_r>
   14c44:	1e051263          	bnez	a0,14e28 <__sfvwrite_r+0x278>
   14c48:	01041683          	lh	a3,16(s0)
   14c4c:	e4a6                	sd	s1,72(sp)
   14c4e:	e0ca                	sd	s2,64(sp)
   14c50:	fc4e                	sd	s3,56(sp)
   14c52:	f05a                	sd	s6,32(sp)
   14c54:	0026f793          	andi	a5,a3,2
   14c58:	000a3483          	ld	s1,0(s4)
   14c5c:	f7c9                	bnez	a5,14be6 <__sfvwrite_r+0x36>
   14c5e:	ec5e                	sd	s7,24(sp)
   14c60:	e862                	sd	s8,16(sp)
   14c62:	e466                	sd	s9,8(sp)
   14c64:	0016f793          	andi	a5,a3,1
   14c68:	e7e5                	bnez	a5,14d50 <__sfvwrite_r+0x1a0>
   14c6a:	601c                	ld	a5,0(s0)
   14c6c:	80000737          	lui	a4,0x80000
   14c70:	fff74c13          	not	s8,a4
   14c74:	4b01                	li	s6,0
   14c76:	4981                	li	s3,0
   14c78:	0a098e63          	beqz	s3,14d34 <__sfvwrite_r+0x184>
   14c7c:	2006f713          	andi	a4,a3,512
   14c80:	00c42903          	lw	s2,12(s0)
   14c84:	853e                	mv	a0,a5
   14c86:	1a070363          	beqz	a4,14e2c <__sfvwrite_r+0x27c>
   14c8a:	0729ee63          	bltu	s3,s2,14d06 <__sfvwrite_r+0x156>
   14c8e:	4806f713          	andi	a4,a3,1152
   14c92:	8bca                	mv	s7,s2
   14c94:	cb3d                	beqz	a4,14d0a <__sfvwrite_r+0x15a>
   14c96:	5010                	lw	a2,32(s0)
   14c98:	6c0c                	ld	a1,24(s0)
   14c9a:	0016171b          	slliw	a4,a2,0x1
   14c9e:	9f31                	addw	a4,a4,a2
   14ca0:	8f8d                	sub	a5,a5,a1
   14ca2:	01f7591b          	srliw	s2,a4,0x1f
   14ca6:	00078b9b          	sext.w	s7,a5
   14caa:	00e9093b          	addw	s2,s2,a4
   14cae:	001b8713          	addi	a4,s7,1
   14cb2:	4019591b          	sraiw	s2,s2,0x1
   14cb6:	974e                	add	a4,a4,s3
   14cb8:	00e97563          	bgeu	s2,a4,14cc2 <__sfvwrite_r+0x112>
   14cbc:	2785                	addiw	a5,a5,1
   14cbe:	0137893b          	addw	s2,a5,s3
   14cc2:	4006f693          	andi	a3,a3,1024
   14cc6:	1e068b63          	beqz	a3,14ebc <__sfvwrite_r+0x30c>
   14cca:	85ca                	mv	a1,s2
   14ccc:	8556                	mv	a0,s5
   14cce:	ae2fc0ef          	jal	10fb0 <_malloc_r>
   14cd2:	8caa                	mv	s9,a0
   14cd4:	22050463          	beqz	a0,14efc <__sfvwrite_r+0x34c>
   14cd8:	6c0c                	ld	a1,24(s0)
   14cda:	865e                	mv	a2,s7
   14cdc:	564000ef          	jal	15240 <memcpy>
   14ce0:	01045703          	lhu	a4,16(s0)
   14ce4:	b7f77713          	andi	a4,a4,-1153
   14ce8:	08076713          	ori	a4,a4,128
   14cec:	00e41823          	sh	a4,16(s0)
   14cf0:	017c8533          	add	a0,s9,s7
   14cf4:	41790bbb          	subw	s7,s2,s7
   14cf8:	01943c23          	sd	s9,24(s0)
   14cfc:	e008                	sd	a0,0(s0)
   14cfe:	01742623          	sw	s7,12(s0)
   14d02:	03242023          	sw	s2,32(s0)
   14d06:	8bce                	mv	s7,s3
   14d08:	894e                	mv	s2,s3
   14d0a:	85da                	mv	a1,s6
   14d0c:	864a                	mv	a2,s2
   14d0e:	450000ef          	jal	1515e <memmove>
   14d12:	4454                	lw	a3,12(s0)
   14d14:	601c                	ld	a5,0(s0)
   14d16:	010a3703          	ld	a4,16(s4)
   14d1a:	417686bb          	subw	a3,a3,s7
   14d1e:	97ca                	add	a5,a5,s2
   14d20:	c454                	sw	a3,12(s0)
   14d22:	e01c                	sd	a5,0(s0)
   14d24:	41370733          	sub	a4,a4,s3
   14d28:	00ea3823          	sd	a4,16(s4)
   14d2c:	1c070163          	beqz	a4,14eee <__sfvwrite_r+0x33e>
   14d30:	01041683          	lh	a3,16(s0)
   14d34:	0004bb03          	ld	s6,0(s1)
   14d38:	0084b983          	ld	s3,8(s1)
   14d3c:	04c1                	addi	s1,s1,16
   14d3e:	bf2d                	j	14c78 <__sfvwrite_r+0xc8>
   14d40:	0004b983          	ld	s3,0(s1)
   14d44:	0084b903          	ld	s2,8(s1)
   14d48:	04c1                	addi	s1,s1,16
   14d4a:	b565                	j	14bf2 <__sfvwrite_r+0x42>
   14d4c:	4501                	li	a0,0
   14d4e:	8082                	ret
   14d50:	4b81                	li	s7,0
   14d52:	4c01                	li	s8,0
   14d54:	4501                	li	a0,0
   14d56:	4c81                	li	s9,0
   14d58:	060b8063          	beqz	s7,14db8 <__sfvwrite_r+0x208>
   14d5c:	c535                	beqz	a0,14dc8 <__sfvwrite_r+0x218>
   14d5e:	8b62                	mv	s6,s8
   14d60:	018bf363          	bgeu	s7,s8,14d66 <__sfvwrite_r+0x1b6>
   14d64:	8b5e                	mv	s6,s7
   14d66:	5014                	lw	a3,32(s0)
   14d68:	445c                	lw	a5,12(s0)
   14d6a:	6008                	ld	a0,0(s0)
   14d6c:	6c18                	ld	a4,24(s0)
   14d6e:	00d789bb          	addw	s3,a5,a3
   14d72:	895a                	mv	s2,s6
   14d74:	00a77463          	bgeu	a4,a0,14d7c <__sfvwrite_r+0x1cc>
   14d78:	0769c363          	blt	s3,s6,14dde <__sfvwrite_r+0x22e>
   14d7c:	12db4263          	blt	s6,a3,14ea0 <__sfvwrite_r+0x2f0>
   14d80:	603c                	ld	a5,64(s0)
   14d82:	780c                	ld	a1,48(s0)
   14d84:	8666                	mv	a2,s9
   14d86:	8556                	mv	a0,s5
   14d88:	9782                	jalr	a5
   14d8a:	892a                	mv	s2,a0
   14d8c:	08a05163          	blez	a0,14e0e <__sfvwrite_r+0x25e>
   14d90:	0005079b          	sext.w	a5,a0
   14d94:	40fc0c3b          	subw	s8,s8,a5
   14d98:	4505                	li	a0,1
   14d9a:	060c0563          	beqz	s8,14e04 <__sfvwrite_r+0x254>
   14d9e:	010a3783          	ld	a5,16(s4)
   14da2:	412787b3          	sub	a5,a5,s2
   14da6:	00fa3823          	sd	a5,16(s4)
   14daa:	14078263          	beqz	a5,14eee <__sfvwrite_r+0x33e>
   14dae:	412b8bb3          	sub	s7,s7,s2
   14db2:	9cca                	add	s9,s9,s2
   14db4:	fa0b94e3          	bnez	s7,14d5c <__sfvwrite_r+0x1ac>
   14db8:	0084bb83          	ld	s7,8(s1)
   14dbc:	87a6                	mv	a5,s1
   14dbe:	04c1                	addi	s1,s1,16
   14dc0:	fe0b8ce3          	beqz	s7,14db8 <__sfvwrite_r+0x208>
   14dc4:	0007bc83          	ld	s9,0(a5)
   14dc8:	865e                	mv	a2,s7
   14dca:	45a9                	li	a1,10
   14dcc:	8566                	mv	a0,s9
   14dce:	230000ef          	jal	14ffe <memchr>
   14dd2:	10050b63          	beqz	a0,14ee8 <__sfvwrite_r+0x338>
   14dd6:	0505                	addi	a0,a0,1
   14dd8:	41950c3b          	subw	s8,a0,s9
   14ddc:	b749                	j	14d5e <__sfvwrite_r+0x1ae>
   14dde:	85e6                	mv	a1,s9
   14de0:	864e                	mv	a2,s3
   14de2:	37c000ef          	jal	1515e <memmove>
   14de6:	601c                	ld	a5,0(s0)
   14de8:	85a2                	mv	a1,s0
   14dea:	8556                	mv	a0,s5
   14dec:	97ce                	add	a5,a5,s3
   14dee:	e01c                	sd	a5,0(s0)
   14df0:	d31ff0ef          	jal	14b20 <_fflush_r>
   14df4:	ed09                	bnez	a0,14e0e <__sfvwrite_r+0x25e>
   14df6:	87ce                	mv	a5,s3
   14df8:	40fc0c3b          	subw	s8,s8,a5
   14dfc:	894e                	mv	s2,s3
   14dfe:	4505                	li	a0,1
   14e00:	f80c1fe3          	bnez	s8,14d9e <__sfvwrite_r+0x1ee>
   14e04:	85a2                	mv	a1,s0
   14e06:	8556                	mv	a0,s5
   14e08:	d19ff0ef          	jal	14b20 <_fflush_r>
   14e0c:	d949                	beqz	a0,14d9e <__sfvwrite_r+0x1ee>
   14e0e:	01041783          	lh	a5,16(s0)
   14e12:	6be2                	ld	s7,24(sp)
   14e14:	6c42                	ld	s8,16(sp)
   14e16:	6ca2                	ld	s9,8(sp)
   14e18:	64a6                	ld	s1,72(sp)
   14e1a:	6906                	ld	s2,64(sp)
   14e1c:	79e2                	ld	s3,56(sp)
   14e1e:	7b02                	ld	s6,32(sp)
   14e20:	0407e793          	ori	a5,a5,64
   14e24:	00f41823          	sh	a5,16(s0)
   14e28:	557d                	li	a0,-1
   14e2a:	b519                	j	14c30 <__sfvwrite_r+0x80>
   14e2c:	6c18                	ld	a4,24(s0)
   14e2e:	04f76363          	bltu	a4,a5,14e74 <__sfvwrite_r+0x2c4>
   14e32:	5018                	lw	a4,32(s0)
   14e34:	04e9e063          	bltu	s3,a4,14e74 <__sfvwrite_r+0x2c4>
   14e38:	86ce                	mv	a3,s3
   14e3a:	013c7363          	bgeu	s8,s3,14e40 <__sfvwrite_r+0x290>
   14e3e:	86e2                	mv	a3,s8
   14e40:	02e6c6bb          	divw	a3,a3,a4
   14e44:	603c                	ld	a5,64(s0)
   14e46:	780c                	ld	a1,48(s0)
   14e48:	865a                	mv	a2,s6
   14e4a:	8556                	mv	a0,s5
   14e4c:	02e686bb          	mulw	a3,a3,a4
   14e50:	9782                	jalr	a5
   14e52:	faa05ee3          	blez	a0,14e0e <__sfvwrite_r+0x25e>
   14e56:	892a                	mv	s2,a0
   14e58:	010a3783          	ld	a5,16(s4)
   14e5c:	412989b3          	sub	s3,s3,s2
   14e60:	412787b3          	sub	a5,a5,s2
   14e64:	00fa3823          	sd	a5,16(s4)
   14e68:	c3d9                	beqz	a5,14eee <__sfvwrite_r+0x33e>
   14e6a:	01041683          	lh	a3,16(s0)
   14e6e:	601c                	ld	a5,0(s0)
   14e70:	9b4a                	add	s6,s6,s2
   14e72:	b519                	j	14c78 <__sfvwrite_r+0xc8>
   14e74:	0129f363          	bgeu	s3,s2,14e7a <__sfvwrite_r+0x2ca>
   14e78:	894e                	mv	s2,s3
   14e7a:	853e                	mv	a0,a5
   14e7c:	864a                	mv	a2,s2
   14e7e:	85da                	mv	a1,s6
   14e80:	2de000ef          	jal	1515e <memmove>
   14e84:	601c                	ld	a5,0(s0)
   14e86:	4458                	lw	a4,12(s0)
   14e88:	97ca                	add	a5,a5,s2
   14e8a:	4127073b          	subw	a4,a4,s2
   14e8e:	e01c                	sd	a5,0(s0)
   14e90:	c458                	sw	a4,12(s0)
   14e92:	f379                	bnez	a4,14e58 <__sfvwrite_r+0x2a8>
   14e94:	85a2                	mv	a1,s0
   14e96:	8556                	mv	a0,s5
   14e98:	c89ff0ef          	jal	14b20 <_fflush_r>
   14e9c:	dd55                	beqz	a0,14e58 <__sfvwrite_r+0x2a8>
   14e9e:	bf85                	j	14e0e <__sfvwrite_r+0x25e>
   14ea0:	865a                	mv	a2,s6
   14ea2:	85e6                	mv	a1,s9
   14ea4:	2ba000ef          	jal	1515e <memmove>
   14ea8:	4454                	lw	a3,12(s0)
   14eaa:	6018                	ld	a4,0(s0)
   14eac:	000b079b          	sext.w	a5,s6
   14eb0:	416686bb          	subw	a3,a3,s6
   14eb4:	975a                	add	a4,a4,s6
   14eb6:	c454                	sw	a3,12(s0)
   14eb8:	e018                	sd	a4,0(s0)
   14eba:	bde9                	j	14d94 <__sfvwrite_r+0x1e4>
   14ebc:	864a                	mv	a2,s2
   14ebe:	8556                	mv	a0,s5
   14ec0:	187020ef          	jal	17846 <_realloc_r>
   14ec4:	8caa                	mv	s9,a0
   14ec6:	e20515e3          	bnez	a0,14cf0 <__sfvwrite_r+0x140>
   14eca:	6c0c                	ld	a1,24(s0)
   14ecc:	8556                	mv	a0,s5
   14ece:	e16fd0ef          	jal	124e4 <_free_r>
   14ed2:	01045783          	lhu	a5,16(s0)
   14ed6:	4731                	li	a4,12
   14ed8:	6be2                	ld	s7,24(sp)
   14eda:	6c42                	ld	s8,16(sp)
   14edc:	6ca2                	ld	s9,8(sp)
   14ede:	00eaa023          	sw	a4,0(s5)
   14ee2:	f7f7f793          	andi	a5,a5,-129
   14ee6:	bf0d                	j	14e18 <__sfvwrite_r+0x268>
   14ee8:	001b8c1b          	addiw	s8,s7,1
   14eec:	bd8d                	j	14d5e <__sfvwrite_r+0x1ae>
   14eee:	6be2                	ld	s7,24(sp)
   14ef0:	6c42                	ld	s8,16(sp)
   14ef2:	6ca2                	ld	s9,8(sp)
   14ef4:	bb0d                	j	14c26 <__sfvwrite_r+0x76>
   14ef6:	01041783          	lh	a5,16(s0)
   14efa:	bf39                	j	14e18 <__sfvwrite_r+0x268>
   14efc:	47b1                	li	a5,12
   14efe:	00faa023          	sw	a5,0(s5)
   14f02:	6be2                	ld	s7,24(sp)
   14f04:	01041783          	lh	a5,16(s0)
   14f08:	6c42                	ld	s8,16(sp)
   14f0a:	6ca2                	ld	s9,8(sp)
   14f0c:	b731                	j	14e18 <__sfvwrite_r+0x268>

0000000000014f0e <__swsetup_r>:
   14f0e:	a201b703          	ld	a4,-1504(gp) # 1cd30 <_impure_ptr>
   14f12:	1101                	addi	sp,sp,-32
   14f14:	ec06                	sd	ra,24(sp)
   14f16:	862a                	mv	a2,a0
   14f18:	87ae                	mv	a5,a1
   14f1a:	c319                	beqz	a4,14f20 <__swsetup_r+0x12>
   14f1c:	6734                	ld	a3,72(a4)
   14f1e:	c2e1                	beqz	a3,14fde <__swsetup_r+0xd0>
   14f20:	01079703          	lh	a4,16(a5)
   14f24:	00877693          	andi	a3,a4,8
   14f28:	c29d                	beqz	a3,14f4e <__swsetup_r+0x40>
   14f2a:	6f94                	ld	a3,24(a5)
   14f2c:	ce8d                	beqz	a3,14f66 <__swsetup_r+0x58>
   14f2e:	01079703          	lh	a4,16(a5)
   14f32:	00177613          	andi	a2,a4,1
   14f36:	ca39                	beqz	a2,14f8c <__swsetup_r+0x7e>
   14f38:	5390                	lw	a2,32(a5)
   14f3a:	0007a623          	sw	zero,12(a5)
   14f3e:	4501                	li	a0,0
   14f40:	40c0063b          	negw	a2,a2
   14f44:	d790                	sw	a2,40(a5)
   14f46:	cab9                	beqz	a3,14f9c <__swsetup_r+0x8e>
   14f48:	60e2                	ld	ra,24(sp)
   14f4a:	6105                	addi	sp,sp,32
   14f4c:	8082                	ret
   14f4e:	01077693          	andi	a3,a4,16
   14f52:	ced1                	beqz	a3,14fee <__swsetup_r+0xe0>
   14f54:	00477693          	andi	a3,a4,4
   14f58:	eab9                	bnez	a3,14fae <__swsetup_r+0xa0>
   14f5a:	6f94                	ld	a3,24(a5)
   14f5c:	00876713          	ori	a4,a4,8
   14f60:	00e79823          	sh	a4,16(a5)
   14f64:	f6e9                	bnez	a3,14f2e <__swsetup_r+0x20>
   14f66:	6b98                	ld	a4,16(a5)
   14f68:	20000593          	li	a1,512
   14f6c:	28077713          	andi	a4,a4,640
   14f70:	fab70fe3          	beq	a4,a1,14f2e <__swsetup_r+0x20>
   14f74:	8532                	mv	a0,a2
   14f76:	85be                	mv	a1,a5
   14f78:	e03e                	sd	a5,0(sp)
   14f7a:	547020ef          	jal	17cc0 <__smakebuf_r>
   14f7e:	6782                	ld	a5,0(sp)
   14f80:	01079703          	lh	a4,16(a5)
   14f84:	6f94                	ld	a3,24(a5)
   14f86:	00177613          	andi	a2,a4,1
   14f8a:	f65d                	bnez	a2,14f38 <__swsetup_r+0x2a>
   14f8c:	00277613          	andi	a2,a4,2
   14f90:	4581                	li	a1,0
   14f92:	e211                	bnez	a2,14f96 <__swsetup_r+0x88>
   14f94:	538c                	lw	a1,32(a5)
   14f96:	c7cc                	sw	a1,12(a5)
   14f98:	4501                	li	a0,0
   14f9a:	f6dd                	bnez	a3,14f48 <__swsetup_r+0x3a>
   14f9c:	08077693          	andi	a3,a4,128
   14fa0:	d6c5                	beqz	a3,14f48 <__swsetup_r+0x3a>
   14fa2:	04076713          	ori	a4,a4,64
   14fa6:	00e79823          	sh	a4,16(a5)
   14faa:	557d                	li	a0,-1
   14fac:	bf71                	j	14f48 <__swsetup_r+0x3a>
   14fae:	6fac                	ld	a1,88(a5)
   14fb0:	c185                	beqz	a1,14fd0 <__swsetup_r+0xc2>
   14fb2:	07478693          	addi	a3,a5,116
   14fb6:	00d58b63          	beq	a1,a3,14fcc <__swsetup_r+0xbe>
   14fba:	8532                	mv	a0,a2
   14fbc:	e43e                	sd	a5,8(sp)
   14fbe:	e032                	sd	a2,0(sp)
   14fc0:	d24fd0ef          	jal	124e4 <_free_r>
   14fc4:	67a2                	ld	a5,8(sp)
   14fc6:	6602                	ld	a2,0(sp)
   14fc8:	01079703          	lh	a4,16(a5)
   14fcc:	0407bc23          	sd	zero,88(a5)
   14fd0:	6f94                	ld	a3,24(a5)
   14fd2:	fdb77713          	andi	a4,a4,-37
   14fd6:	0007a423          	sw	zero,8(a5)
   14fda:	e394                	sd	a3,0(a5)
   14fdc:	b741                	j	14f5c <__swsetup_r+0x4e>
   14fde:	e02a                	sd	a0,0(sp)
   14fe0:	853a                	mv	a0,a4
   14fe2:	e42e                	sd	a1,8(sp)
   14fe4:	d43fc0ef          	jal	11d26 <__sinit>
   14fe8:	67a2                	ld	a5,8(sp)
   14fea:	6602                	ld	a2,0(sp)
   14fec:	bf15                	j	14f20 <__swsetup_r+0x12>
   14fee:	46a5                	li	a3,9
   14ff0:	04076713          	ori	a4,a4,64
   14ff4:	c214                	sw	a3,0(a2)
   14ff6:	00e79823          	sh	a4,16(a5)
   14ffa:	557d                	li	a0,-1
   14ffc:	b7b1                	j	14f48 <__swsetup_r+0x3a>

0000000000014ffe <memchr>:
   14ffe:	00757793          	andi	a5,a0,7
   15002:	0ff5f313          	zext.b	t1,a1
   15006:	cb99                	beqz	a5,1501c <memchr+0x1e>
   15008:	c241                	beqz	a2,15088 <memchr+0x8a>
   1500a:	00054783          	lbu	a5,0(a0)
   1500e:	167d                	addi	a2,a2,-1
   15010:	06678b63          	beq	a5,t1,15086 <memchr+0x88>
   15014:	0505                	addi	a0,a0,1
   15016:	00757793          	andi	a5,a0,7
   1501a:	f7fd                	bnez	a5,15008 <memchr+0xa>
   1501c:	481d                	li	a6,7
   1501e:	04c87a63          	bgeu	a6,a2,15072 <memchr+0x74>
   15022:	0ff5f593          	zext.b	a1,a1
   15026:	0085979b          	slliw	a5,a1,0x8
   1502a:	97ae                	add	a5,a5,a1
   1502c:	01079693          	slli	a3,a5,0x10
   15030:	7f7f8737          	lui	a4,0x7f7f8
   15034:	96be                	add	a3,a3,a5
   15036:	f7f70713          	addi	a4,a4,-129 # 7f7f7f7f <__BSS_END__+0x7f7da46f>
   1503a:	feff07b7          	lui	a5,0xfeff0
   1503e:	eff78793          	addi	a5,a5,-257 # fffffffffefefeff <__BSS_END__+0xfffffffffefd23ef>
   15042:	02071593          	slli	a1,a4,0x20
   15046:	02069e13          	slli	t3,a3,0x20
   1504a:	95ba                	add	a1,a1,a4
   1504c:	02079893          	slli	a7,a5,0x20
   15050:	96f2                	add	a3,a3,t3
   15052:	fff5c593          	not	a1,a1
   15056:	98be                	add	a7,a7,a5
   15058:	611c                	ld	a5,0(a0)
   1505a:	8fb5                	xor	a5,a5,a3
   1505c:	01178733          	add	a4,a5,a7
   15060:	fff7c793          	not	a5,a5
   15064:	8ff9                	and	a5,a5,a4
   15066:	8fed                	and	a5,a5,a1
   15068:	e791                	bnez	a5,15074 <memchr+0x76>
   1506a:	1661                	addi	a2,a2,-8
   1506c:	0521                	addi	a0,a0,8
   1506e:	fec865e3          	bltu	a6,a2,15058 <memchr+0x5a>
   15072:	ca19                	beqz	a2,15088 <memchr+0x8a>
   15074:	962a                	add	a2,a2,a0
   15076:	a021                	j	1507e <memchr+0x80>
   15078:	0505                	addi	a0,a0,1
   1507a:	00c50763          	beq	a0,a2,15088 <memchr+0x8a>
   1507e:	00054783          	lbu	a5,0(a0)
   15082:	fe679be3          	bne	a5,t1,15078 <memchr+0x7a>
   15086:	8082                	ret
   15088:	4501                	li	a0,0
   1508a:	8082                	ret

000000000001508c <strncpy>:
   1508c:	00a5e7b3          	or	a5,a1,a0
   15090:	8b9d                	andi	a5,a5,7
   15092:	e781                	bnez	a5,1509a <strncpy+0xe>
   15094:	00863793          	sltiu	a5,a2,8
   15098:	cf85                	beqz	a5,150d0 <strncpy+0x44>
   1509a:	87aa                	mv	a5,a0
   1509c:	a809                	j	150ae <strncpy+0x22>
   1509e:	fff5c683          	lbu	a3,-1(a1)
   150a2:	fff60713          	addi	a4,a2,-1
   150a6:	863a                	mv	a2,a4
   150a8:	fed78fa3          	sb	a3,-1(a5)
   150ac:	c689                	beqz	a3,150b6 <strncpy+0x2a>
   150ae:	0585                	addi	a1,a1,1
   150b0:	0785                	addi	a5,a5,1
   150b2:	f675                	bnez	a2,1509e <strncpy+0x12>
   150b4:	8082                	ret
   150b6:	c325                	beqz	a4,15116 <strncpy+0x8a>
   150b8:	0c0076d7          	vsetvli	a3,zero,e8,m1,ta,ma
   150bc:	5e0030d7          	vmv.v.i	v1,0
   150c0:	0c0776d7          	vsetvli	a3,a4,e8,m1,ta,ma
   150c4:	020780a7          	vse8.v	v1,(a5)
   150c8:	8f15                	sub	a4,a4,a3
   150ca:	97b6                	add	a5,a5,a3
   150cc:	fb75                	bnez	a4,150c0 <strncpy+0x34>
   150ce:	8082                	ret
   150d0:	7f7f8737          	lui	a4,0x7f7f8
   150d4:	f7f70713          	addi	a4,a4,-129 # 7f7f7f7f <__BSS_END__+0x7f7da46f>
   150d8:	feff07b7          	lui	a5,0xfeff0
   150dc:	eff78793          	addi	a5,a5,-257 # fffffffffefefeff <__BSS_END__+0xfffffffffefd23ef>
   150e0:	02071893          	slli	a7,a4,0x20
   150e4:	02079313          	slli	t1,a5,0x20
   150e8:	98ba                	add	a7,a7,a4
   150ea:	933e                	add	t1,t1,a5
   150ec:	fff8c893          	not	a7,a7
   150f0:	87aa                	mv	a5,a0
   150f2:	4e1d                	li	t3,7
   150f4:	6194                	ld	a3,0(a1)
   150f6:	00668733          	add	a4,a3,t1
   150fa:	fff6c813          	not	a6,a3
   150fe:	01077733          	and	a4,a4,a6
   15102:	01177733          	and	a4,a4,a7
   15106:	f745                	bnez	a4,150ae <strncpy+0x22>
   15108:	1661                	addi	a2,a2,-8
   1510a:	e394                	sd	a3,0(a5)
   1510c:	07a1                	addi	a5,a5,8
   1510e:	05a1                	addi	a1,a1,8
   15110:	fece62e3          	bltu	t3,a2,150f4 <strncpy+0x68>
   15114:	bf69                	j	150ae <strncpy+0x22>
   15116:	8082                	ret

0000000000015118 <__localeconv_l>:
   15118:	10050513          	addi	a0,a0,256
   1511c:	8082                	ret

000000000001511e <_localeconv_r>:
   1511e:	8b018513          	addi	a0,gp,-1872 # 1cbc0 <__global_locale+0x100>
   15122:	8082                	ret

0000000000015124 <localeconv>:
   15124:	8b018513          	addi	a0,gp,-1872 # 1cbc0 <__global_locale+0x100>
   15128:	8082                	ret

000000000001512a <__libc_fini_array>:
   1512a:	1101                	addi	sp,sp,-32
   1512c:	e822                	sd	s0,16(sp)
   1512e:	67f1                	lui	a5,0x1c
   15130:	6471                	lui	s0,0x1c
   15132:	14078793          	addi	a5,a5,320 # 1c140 <__malloc_av_>
   15136:	13840413          	addi	s0,s0,312 # 1c138 <__do_global_dtors_aux_fini_array_entry>
   1513a:	8f81                	sub	a5,a5,s0
   1513c:	e426                	sd	s1,8(sp)
   1513e:	ec06                	sd	ra,24(sp)
   15140:	4037d493          	srai	s1,a5,0x3
   15144:	c881                	beqz	s1,15154 <__libc_fini_array+0x2a>
   15146:	1461                	addi	s0,s0,-8
   15148:	943e                	add	s0,s0,a5
   1514a:	601c                	ld	a5,0(s0)
   1514c:	14fd                	addi	s1,s1,-1
   1514e:	1461                	addi	s0,s0,-8
   15150:	9782                	jalr	a5
   15152:	fce5                	bnez	s1,1514a <__libc_fini_array+0x20>
   15154:	60e2                	ld	ra,24(sp)
   15156:	6442                	ld	s0,16(sp)
   15158:	64a2                	ld	s1,8(sp)
   1515a:	6105                	addi	sp,sp,32
   1515c:	8082                	ret

000000000001515e <memmove>:
   1515e:	02a5f163          	bgeu	a1,a0,15180 <memmove+0x22>
   15162:	00c587b3          	add	a5,a1,a2
   15166:	00f57d63          	bgeu	a0,a5,15180 <memmove+0x22>
   1516a:	ce05                	beqz	a2,151a2 <memmove+0x44>
   1516c:	962a                	add	a2,a2,a0
   1516e:	fff7c703          	lbu	a4,-1(a5)
   15172:	167d                	addi	a2,a2,-1
   15174:	17fd                	addi	a5,a5,-1
   15176:	00e60023          	sb	a4,0(a2)
   1517a:	fec51ae3          	bne	a0,a2,1516e <memmove+0x10>
   1517e:	8082                	ret
   15180:	47fd                	li	a5,31
   15182:	02c7e163          	bltu	a5,a2,151a4 <memmove+0x46>
   15186:	87aa                	mv	a5,a0
   15188:	fff60693          	addi	a3,a2,-1
   1518c:	c65d                	beqz	a2,1523a <memmove+0xdc>
   1518e:	0685                	addi	a3,a3,1 # ffffffff80000001 <__BSS_END__+0xffffffff7ffe24f1>
   15190:	96be                	add	a3,a3,a5
   15192:	0005c703          	lbu	a4,0(a1)
   15196:	0785                	addi	a5,a5,1
   15198:	0585                	addi	a1,a1,1
   1519a:	fee78fa3          	sb	a4,-1(a5)
   1519e:	fed79ae3          	bne	a5,a3,15192 <memmove+0x34>
   151a2:	8082                	ret
   151a4:	00b567b3          	or	a5,a0,a1
   151a8:	8b9d                	andi	a5,a5,7
   151aa:	88ae                	mv	a7,a1
   151ac:	e3d9                	bnez	a5,15232 <memmove+0xd4>
   151ae:	00565793          	srli	a5,a2,0x5
   151b2:	00579813          	slli	a6,a5,0x5
   151b6:	982a                	add	a6,a6,a0
   151b8:	17fd                	addi	a5,a5,-1
   151ba:	872a                	mv	a4,a0
   151bc:	6194                	ld	a3,0(a1)
   151be:	02058593          	addi	a1,a1,32
   151c2:	02070713          	addi	a4,a4,32
   151c6:	fed73023          	sd	a3,-32(a4)
   151ca:	fe85b683          	ld	a3,-24(a1)
   151ce:	fed73423          	sd	a3,-24(a4)
   151d2:	ff05b683          	ld	a3,-16(a1)
   151d6:	fed73823          	sd	a3,-16(a4)
   151da:	ff85b683          	ld	a3,-8(a1)
   151de:	fed73c23          	sd	a3,-8(a4)
   151e2:	fd071de3          	bne	a4,a6,151bc <memmove+0x5e>
   151e6:	0796                	slli	a5,a5,0x5
   151e8:	01178733          	add	a4,a5,a7
   151ec:	02070593          	addi	a1,a4,32
   151f0:	97aa                	add	a5,a5,a0
   151f2:	01867813          	andi	a6,a2,24
   151f6:	02078793          	addi	a5,a5,32
   151fa:	8e2e                	mv	t3,a1
   151fc:	01f67693          	andi	a3,a2,31
   15200:	02080e63          	beqz	a6,1523c <memmove+0xde>
   15204:	16e1                	addi	a3,a3,-8
   15206:	9ae1                	andi	a3,a3,-8
   15208:	9736                	add	a4,a4,a3
   1520a:	02870713          	addi	a4,a4,40
   1520e:	41150833          	sub	a6,a0,a7
   15212:	0005b303          	ld	t1,0(a1)
   15216:	010588b3          	add	a7,a1,a6
   1521a:	05a1                	addi	a1,a1,8
   1521c:	0068b023          	sd	t1,0(a7)
   15220:	fee599e3          	bne	a1,a4,15212 <memmove+0xb4>
   15224:	00868713          	addi	a4,a3,8
   15228:	01c705b3          	add	a1,a4,t3
   1522c:	97ba                	add	a5,a5,a4
   1522e:	8a1d                	andi	a2,a2,7
   15230:	bfa1                	j	15188 <memmove+0x2a>
   15232:	fff60693          	addi	a3,a2,-1
   15236:	87aa                	mv	a5,a0
   15238:	bf99                	j	1518e <memmove+0x30>
   1523a:	8082                	ret
   1523c:	8636                	mv	a2,a3
   1523e:	b7a9                	j	15188 <memmove+0x2a>

0000000000015240 <memcpy>:
   15240:	00a5c7b3          	xor	a5,a1,a0
   15244:	8b9d                	andi	a5,a5,7
   15246:	00c508b3          	add	a7,a0,a2
   1524a:	e7c9                	bnez	a5,152d4 <memcpy+0x94>
   1524c:	00863613          	sltiu	a2,a2,8
   15250:	e251                	bnez	a2,152d4 <memcpy+0x94>
   15252:	00757713          	andi	a4,a0,7
   15256:	87aa                	mv	a5,a0
   15258:	eb39                	bnez	a4,152ae <memcpy+0x6e>
   1525a:	ff88f713          	andi	a4,a7,-8
   1525e:	40f70633          	sub	a2,a4,a5
   15262:	04000693          	li	a3,64
   15266:	08c6c763          	blt	a3,a2,152f4 <memcpy+0xb4>
   1526a:	02e7ff63          	bgeu	a5,a4,152a8 <memcpy+0x68>
   1526e:	fff70313          	addi	t1,a4,-1
   15272:	40f30333          	sub	t1,t1,a5
   15276:	00335313          	srli	t1,t1,0x3
   1527a:	00130693          	addi	a3,t1,1
   1527e:	8e3e                	mv	t3,a5
   15280:	862e                	mv	a2,a1
   15282:	0c56f757          	vsetvli	a4,a3,e8,mf8,ta,ma
   15286:	02067087          	vle64.v	v1,(a2)
   1528a:	00371813          	slli	a6,a4,0x3
   1528e:	8e99                	sub	a3,a3,a4
   15290:	9642                	add	a2,a2,a6
   15292:	0207f0a7          	vse64.v	v1,(a5)
   15296:	97c2                	add	a5,a5,a6
   15298:	f6ed                	bnez	a3,15282 <memcpy+0x42>
   1529a:	00331793          	slli	a5,t1,0x3
   1529e:	05a1                	addi	a1,a1,8
   152a0:	008e0713          	addi	a4,t3,8
   152a4:	95be                	add	a1,a1,a5
   152a6:	97ba                	add	a5,a5,a4
   152a8:	0317e963          	bltu	a5,a7,152da <memcpy+0x9a>
   152ac:	8082                	ret
   152ae:	0005c683          	lbu	a3,0(a1)
   152b2:	0785                	addi	a5,a5,1
   152b4:	0077f713          	andi	a4,a5,7
   152b8:	fed78fa3          	sb	a3,-1(a5)
   152bc:	0585                	addi	a1,a1,1
   152be:	df51                	beqz	a4,1525a <memcpy+0x1a>
   152c0:	0005c683          	lbu	a3,0(a1)
   152c4:	0785                	addi	a5,a5,1
   152c6:	0077f713          	andi	a4,a5,7
   152ca:	fed78fa3          	sb	a3,-1(a5)
   152ce:	0585                	addi	a1,a1,1
   152d0:	ff79                	bnez	a4,152ae <memcpy+0x6e>
   152d2:	b761                	j	1525a <memcpy+0x1a>
   152d4:	87aa                	mv	a5,a0
   152d6:	07157a63          	bgeu	a0,a7,1534a <memcpy+0x10a>
   152da:	40f886b3          	sub	a3,a7,a5
   152de:	0c06f757          	vsetvli	a4,a3,e8,m1,ta,ma
   152e2:	02058087          	vle8.v	v1,(a1)
   152e6:	8e99                	sub	a3,a3,a4
   152e8:	95ba                	add	a1,a1,a4
   152ea:	020780a7          	vse8.v	v1,(a5)
   152ee:	97ba                	add	a5,a5,a4
   152f0:	f6fd                	bnez	a3,152de <memcpy+0x9e>
   152f2:	8082                	ret
   152f4:	cd817057          	vsetivli	zero,2,e64,m1,ta,ma
   152f8:	01058613          	addi	a2,a1,16
   152fc:	0205f207          	vle64.v	v4,(a1)
   15300:	02067187          	vle64.v	v3,(a2)
   15304:	02058613          	addi	a2,a1,32
   15308:	02067107          	vle64.v	v2,(a2)
   1530c:	03058613          	addi	a2,a1,48
   15310:	02067087          	vle64.v	v1,(a2)
   15314:	0207f227          	vse64.v	v4,(a5)
   15318:	01078613          	addi	a2,a5,16
   1531c:	020671a7          	vse64.v	v3,(a2)
   15320:	02078613          	addi	a2,a5,32
   15324:	02067127          	vse64.v	v2,(a2)
   15328:	03078613          	addi	a2,a5,48
   1532c:	020670a7          	vse64.v	v1,(a2)
   15330:	0405b803          	ld	a6,64(a1)
   15334:	04878793          	addi	a5,a5,72
   15338:	40f70633          	sub	a2,a4,a5
   1533c:	04858593          	addi	a1,a1,72
   15340:	ff07bc23          	sd	a6,-8(a5)
   15344:	fac6cae3          	blt	a3,a2,152f8 <memcpy+0xb8>
   15348:	b70d                	j	1526a <memcpy+0x2a>
   1534a:	8082                	ret

000000000001534c <strlen>:
   1534c:	00757793          	andi	a5,a0,7
   15350:	872a                	mv	a4,a0
   15352:	efb1                	bnez	a5,153ae <strlen+0x62>
   15354:	7f7f87b7          	lui	a5,0x7f7f8
   15358:	f7f78793          	addi	a5,a5,-129 # 7f7f7f7f <__BSS_END__+0x7f7da46f>
   1535c:	02079693          	slli	a3,a5,0x20
   15360:	96be                	add	a3,a3,a5
   15362:	55fd                	li	a1,-1
   15364:	6310                	ld	a2,0(a4)
   15366:	0721                	addi	a4,a4,8
   15368:	00d677b3          	and	a5,a2,a3
   1536c:	97b6                	add	a5,a5,a3
   1536e:	8fd1                	or	a5,a5,a2
   15370:	8fd5                	or	a5,a5,a3
   15372:	feb789e3          	beq	a5,a1,15364 <strlen+0x18>
   15376:	ff874783          	lbu	a5,-8(a4)
   1537a:	40a706b3          	sub	a3,a4,a0
   1537e:	c7a9                	beqz	a5,153c8 <strlen+0x7c>
   15380:	ff974783          	lbu	a5,-7(a4)
   15384:	cf9d                	beqz	a5,153c2 <strlen+0x76>
   15386:	ffa74783          	lbu	a5,-6(a4)
   1538a:	c7a9                	beqz	a5,153d4 <strlen+0x88>
   1538c:	ffb74783          	lbu	a5,-5(a4)
   15390:	cf9d                	beqz	a5,153ce <strlen+0x82>
   15392:	ffc74783          	lbu	a5,-4(a4)
   15396:	c3b1                	beqz	a5,153da <strlen+0x8e>
   15398:	ffd74783          	lbu	a5,-3(a4)
   1539c:	c3b1                	beqz	a5,153e0 <strlen+0x94>
   1539e:	ffe74783          	lbu	a5,-2(a4)
   153a2:	00f03533          	snez	a0,a5
   153a6:	9536                	add	a0,a0,a3
   153a8:	1579                	addi	a0,a0,-2
   153aa:	8082                	ret
   153ac:	d6c5                	beqz	a3,15354 <strlen+0x8>
   153ae:	00074783          	lbu	a5,0(a4)
   153b2:	0705                	addi	a4,a4,1
   153b4:	00777693          	andi	a3,a4,7
   153b8:	fbf5                	bnez	a5,153ac <strlen+0x60>
   153ba:	8f09                	sub	a4,a4,a0
   153bc:	fff70513          	addi	a0,a4,-1
   153c0:	8082                	ret
   153c2:	ff968513          	addi	a0,a3,-7
   153c6:	8082                	ret
   153c8:	ff868513          	addi	a0,a3,-8
   153cc:	8082                	ret
   153ce:	ffb68513          	addi	a0,a3,-5
   153d2:	8082                	ret
   153d4:	ffa68513          	addi	a0,a3,-6
   153d8:	8082                	ret
   153da:	ffc68513          	addi	a0,a3,-4
   153de:	8082                	ret
   153e0:	ffd68513          	addi	a0,a3,-3
   153e4:	8082                	ret

00000000000153e6 <frexpl>:
   153e6:	715d                	addi	sp,sp,-80
   153e8:	fc26                	sd	s1,56(sp)
   153ea:	64a1                	lui	s1,0x8
   153ec:	e486                	sd	ra,72(sp)
   153ee:	0305d793          	srli	a5,a1,0x30
   153f2:	14fd                	addi	s1,s1,-1 # 7fff <exit-0x8121>
   153f4:	00062023          	sw	zero,0(a2)
   153f8:	8fe5                	and	a5,a5,s1
   153fa:	872e                	mv	a4,a1
   153fc:	832a                	mv	t1,a0
   153fe:	06978a63          	beq	a5,s1,15472 <frexpl+0x8c>
   15402:	e0a2                	sd	s0,64(sp)
   15404:	4681                	li	a3,0
   15406:	8432                	mv	s0,a2
   15408:	4601                	li	a2,0
   1540a:	e82e                	sd	a1,16(sp)
   1540c:	e42a                	sd	a0,8(sp)
   1540e:	ec3e                	sd	a5,24(sp)
   15410:	f02a                	sd	a0,32(sp)
   15412:	f42e                	sd	a1,40(sp)
   15414:	060040ef          	jal	19474 <__eqtf2>
   15418:	6322                	ld	t1,8(sp)
   1541a:	6742                	ld	a4,16(sp)
   1541c:	c931                	beqz	a0,15470 <frexpl+0x8a>
   1541e:	67e2                	ld	a5,24(sp)
   15420:	4601                	li	a2,0
   15422:	889a                	mv	a7,t1
   15424:	883a                	mv	a6,a4
   15426:	ef99                	bnez	a5,15444 <frexpl+0x5e>
   15428:	040716b7          	lui	a3,0x4071
   1542c:	851a                	mv	a0,t1
   1542e:	85ba                	mv	a1,a4
   15430:	1692                	slli	a3,a3,0x24
   15432:	256040ef          	jal	19688 <__multf3>
   15436:	0305d793          	srli	a5,a1,0x30
   1543a:	882e                	mv	a6,a1
   1543c:	88aa                	mv	a7,a0
   1543e:	8fe5                	and	a5,a5,s1
   15440:	f8e00613          	li	a2,-114
   15444:	7771                	lui	a4,0xffffc
   15446:	2709                	addiw	a4,a4,2 # ffffffffffffc002 <__BSS_END__+0xfffffffffffde4f2>
   15448:	9fb9                	addw	a5,a5,a4
   1544a:	f80016b7          	lui	a3,0xf8001
   1544e:	9fb1                	addw	a5,a5,a2
   15450:	60a6                	ld	ra,72(sp)
   15452:	c01c                	sw	a5,0(s0)
   15454:	1692                	slli	a3,a3,0x24
   15456:	6406                	ld	s0,64(sp)
   15458:	16fd                	addi	a3,a3,-1 # fffffffff8000fff <__BSS_END__+0xfffffffff7fe34ef>
   1545a:	01fff737          	lui	a4,0x1fff
   1545e:	00d87833          	and	a6,a6,a3
   15462:	1716                	slli	a4,a4,0x25
   15464:	74e2                	ld	s1,56(sp)
   15466:	8546                	mv	a0,a7
   15468:	00e865b3          	or	a1,a6,a4
   1546c:	6161                	addi	sp,sp,80
   1546e:	8082                	ret
   15470:	6406                	ld	s0,64(sp)
   15472:	60a6                	ld	ra,72(sp)
   15474:	74e2                	ld	s1,56(sp)
   15476:	851a                	mv	a0,t1
   15478:	85ba                	mv	a1,a4
   1547a:	6161                	addi	sp,sp,80
   1547c:	8082                	ret

000000000001547e <__register_exitproc>:
   1547e:	a581b783          	ld	a5,-1448(gp) # 1cd68 <__atexit>
   15482:	c3a9                	beqz	a5,154c4 <__register_exitproc+0x46>
   15484:	4798                	lw	a4,8(a5)
   15486:	487d                	li	a6,31
   15488:	06e84163          	blt	a6,a4,154ea <__register_exitproc+0x6c>
   1548c:	c505                	beqz	a0,154b4 <__register_exitproc+0x36>
   1548e:	00371813          	slli	a6,a4,0x3
   15492:	983e                	add	a6,a6,a5
   15494:	10c83823          	sd	a2,272(a6)
   15498:	3107a883          	lw	a7,784(a5)
   1549c:	4605                	li	a2,1
   1549e:	00e6163b          	sllw	a2,a2,a4
   154a2:	00c8e8b3          	or	a7,a7,a2
   154a6:	3117a823          	sw	a7,784(a5)
   154aa:	20d83823          	sd	a3,528(a6)
   154ae:	4689                	li	a3,2
   154b0:	02d50063          	beq	a0,a3,154d0 <__register_exitproc+0x52>
   154b4:	0017069b          	addiw	a3,a4,1 # 1fff001 <__BSS_END__+0x1fe14f1>
   154b8:	070e                	slli	a4,a4,0x3
   154ba:	c794                	sw	a3,8(a5)
   154bc:	97ba                	add	a5,a5,a4
   154be:	eb8c                	sd	a1,16(a5)
   154c0:	4501                	li	a0,0
   154c2:	8082                	ret
   154c4:	67f5                	lui	a5,0x1d
   154c6:	7f878793          	addi	a5,a5,2040 # 1d7f8 <__atexit0>
   154ca:	a4f1bc23          	sd	a5,-1448(gp) # 1cd68 <__atexit>
   154ce:	bf5d                	j	15484 <__register_exitproc+0x6>
   154d0:	3147a683          	lw	a3,788(a5)
   154d4:	4501                	li	a0,0
   154d6:	8e55                	or	a2,a2,a3
   154d8:	0017069b          	addiw	a3,a4,1
   154dc:	070e                	slli	a4,a4,0x3
   154de:	30c7aa23          	sw	a2,788(a5)
   154e2:	c794                	sw	a3,8(a5)
   154e4:	97ba                	add	a5,a5,a4
   154e6:	eb8c                	sd	a1,16(a5)
   154e8:	8082                	ret
   154ea:	557d                	li	a0,-1
   154ec:	8082                	ret

00000000000154ee <_ldtoa_r>:
   154ee:	7131                	addi	sp,sp,-192
   154f0:	ec2e                	sd	a1,24(sp)
   154f2:	65ed                	lui	a1,0x1b
   154f4:	e5058593          	addi	a1,a1,-432 # 1ae50 <blanks.1+0x20>
   154f8:	0005be83          	ld	t4,0(a1)
   154fc:	0085be03          	ld	t3,8(a1)
   15500:	0105a303          	lw	t1,16(a1)
   15504:	692c                	ld	a1,80(a0)
   15506:	f526                	sd	s1,168(sp)
   15508:	ed4e                	sd	s3,152(sp)
   1550a:	e952                	sd	s4,144(sp)
   1550c:	e556                	sd	s5,136(sp)
   1550e:	f4e6                	sd	s9,104(sp)
   15510:	f0ea                	sd	s10,96(sp)
   15512:	ecee                	sd	s11,88(sp)
   15514:	fd06                	sd	ra,184(sp)
   15516:	f922                	sd	s0,176(sp)
   15518:	f14a                	sd	s2,160(sp)
   1551a:	e15a                	sd	s6,128(sp)
   1551c:	fcde                	sd	s7,120(sp)
   1551e:	f8e2                	sd	s8,112(sp)
   15520:	fc76                	sd	t4,56(sp)
   15522:	e0f2                	sd	t3,64(sp)
   15524:	c49a                	sw	t1,72(sp)
   15526:	89aa                	mv	s3,a0
   15528:	84b2                	mv	s1,a2
   1552a:	8cb6                	mv	s9,a3
   1552c:	8d3a                	mv	s10,a4
   1552e:	8a3e                	mv	s4,a5
   15530:	8ac2                	mv	s5,a6
   15532:	8dc6                	mv	s11,a7
   15534:	c589                	beqz	a1,1553e <_ldtoa_r+0x50>
   15536:	350010ef          	jal	16886 <__freedtoa>
   1553a:	0409b823          	sd	zero,80(s3)
   1553e:	4716                	lw	a4,68(sp)
   15540:	0004a793          	slti	a5,s1,0
   15544:	cd717057          	vsetivli	zero,2,e32,mf2,ta,ma
   15548:	4017569b          	sraiw	a3,a4,0x1
   1554c:	8ff5                	and	a5,a5,a3
   1554e:	8f3d                	xor	a4,a4,a5
   15550:	c2ba                	sw	a4,68(sp)
   15552:	0004a713          	slti	a4,s1,0
   15556:	00eaa023          	sw	a4,0(s5)
   1555a:	77f1                	lui	a5,0xffffc
   1555c:	00149713          	slli	a4,s1,0x1
   15560:	f917879b          	addiw	a5,a5,-111 # ffffffffffffbf91 <__BSS_END__+0xfffffffffffde481>
   15564:	03175b93          	srli	s7,a4,0x31
   15568:	00fb8c3b          	addw	s8,s7,a5
   1556c:	083c                	addi	a5,sp,24
   1556e:	0207e087          	vle32.v	v1,(a5)
   15572:	02810a93          	addi	s5,sp,40
   15576:	6662                	ld	a2,24(sp)
   15578:	597d                	li	s2,-1
   1557a:	00195413          	srli	s0,s2,0x1
   1557e:	8c65                	and	s0,s0,s1
   15580:	020ae0a7          	vse32.v	v1,(s5)
   15584:	01049713          	slli	a4,s1,0x10
   15588:	03075b13          	srli	s6,a4,0x30
   1558c:	86a2                	mv	a3,s0
   1558e:	85a2                	mv	a1,s0
   15590:	8532                	mv	a0,a2
   15592:	d826                	sw	s1,48(sp)
   15594:	da5a                	sw	s6,52(sp)
   15596:	703040ef          	jal	1a498 <__unordtf2>
   1559a:	ed55                	bnez	a0,15656 <_ldtoa_r+0x168>
   1559c:	07fff6b7          	lui	a3,0x7fff
   155a0:	6562                	ld	a0,24(sp)
   155a2:	1692                	slli	a3,a3,0x24
   155a4:	96ca                	add	a3,a3,s2
   155a6:	864a                	mv	a2,s2
   155a8:	85a2                	mv	a1,s0
   155aa:	6ef040ef          	jal	1a498 <__unordtf2>
   155ae:	e135                	bnez	a0,15612 <_ldtoa_r+0x124>
   155b0:	07fff6b7          	lui	a3,0x7fff
   155b4:	6562                	ld	a0,24(sp)
   155b6:	1692                	slli	a3,a3,0x24
   155b8:	864a                	mv	a2,s2
   155ba:	96ca                	add	a3,a3,s2
   155bc:	85a2                	mv	a1,s0
   155be:	014040ef          	jal	195d2 <__letf2>
   155c2:	04a05863          	blez	a0,15612 <_ldtoa_r+0x124>
   155c6:	478d                	li	a5,3
   155c8:	d23e                	sw	a5,36(sp)
   155ca:	87e6                	mv	a5,s9
   155cc:	1058                	addi	a4,sp,36
   155ce:	e06e                	sd	s11,0(sp)
   155d0:	886a                	mv	a6,s10
   155d2:	86d6                	mv	a3,s5
   155d4:	8662                	mv	a2,s8
   155d6:	854e                	mv	a0,s3
   155d8:	88d2                	mv	a7,s4
   155da:	182c                	addi	a1,sp,56
   155dc:	102000ef          	jal	156de <__gdtoa>
   155e0:	000a2703          	lw	a4,0(s4)
   155e4:	77e1                	lui	a5,0xffff8
   155e6:	00f71763          	bne	a4,a5,155f4 <_ldtoa_r+0x106>
   155ea:	800007b7          	lui	a5,0x80000
   155ee:	17fd                	addi	a5,a5,-1 # ffffffff7fffffff <__BSS_END__+0xffffffff7ffe24ef>
   155f0:	00fa2023          	sw	a5,0(s4)
   155f4:	70ea                	ld	ra,184(sp)
   155f6:	744a                	ld	s0,176(sp)
   155f8:	74aa                	ld	s1,168(sp)
   155fa:	790a                	ld	s2,160(sp)
   155fc:	69ea                	ld	s3,152(sp)
   155fe:	6a4a                	ld	s4,144(sp)
   15600:	6aaa                	ld	s5,136(sp)
   15602:	6b0a                	ld	s6,128(sp)
   15604:	7be6                	ld	s7,120(sp)
   15606:	7c46                	ld	s8,112(sp)
   15608:	7ca6                	ld	s9,104(sp)
   1560a:	7d06                	ld	s10,96(sp)
   1560c:	6de6                	ld	s11,88(sp)
   1560e:	6129                	addi	sp,sp,192
   15610:	8082                	ret
   15612:	67ed                	lui	a5,0x1b
   15614:	e487b683          	ld	a3,-440(a5) # 1ae48 <blanks.1+0x18>
   15618:	6562                	ld	a0,24(sp)
   1561a:	85a2                	mv	a1,s0
   1561c:	4601                	li	a2,0
   1561e:	6ff030ef          	jal	1951c <__getf2>
   15622:	00054963          	bltz	a0,15634 <_ldtoa_r+0x146>
   15626:	67c1                	lui	a5,0x10
   15628:	0167e7b3          	or	a5,a5,s6
   1562c:	4705                	li	a4,1
   1562e:	da3e                	sw	a5,52(sp)
   15630:	d23a                	sw	a4,36(sp)
   15632:	bf61                	j	155ca <_ldtoa_r+0xdc>
   15634:	6562                	ld	a0,24(sp)
   15636:	85a6                	mv	a1,s1
   15638:	4601                	li	a2,0
   1563a:	4681                	li	a3,0
   1563c:	639030ef          	jal	19474 <__eqtf2>
   15640:	e119                	bnez	a0,15646 <_ldtoa_r+0x158>
   15642:	d202                	sw	zero,36(sp)
   15644:	b759                	j	155ca <_ldtoa_r+0xdc>
   15646:	77f1                	lui	a5,0xffffc
   15648:	f927879b          	addiw	a5,a5,-110 # ffffffffffffbf92 <__BSS_END__+0xfffffffffffde482>
   1564c:	4709                	li	a4,2
   1564e:	00fb8c3b          	addw	s8,s7,a5
   15652:	d23a                	sw	a4,36(sp)
   15654:	bf9d                	j	155ca <_ldtoa_r+0xdc>
   15656:	4791                	li	a5,4
   15658:	d23e                	sw	a5,36(sp)
   1565a:	bf85                	j	155ca <_ldtoa_r+0xdc>

000000000001565c <_ldcheck>:
   1565c:	7179                	addi	sp,sp,-48
   1565e:	ec26                	sd	s1,24(sp)
   15660:	6504                	ld	s1,8(a0)
   15662:	e84a                	sd	s2,16(sp)
   15664:	e44e                	sd	s3,8(sp)
   15666:	00053903          	ld	s2,0(a0)
   1566a:	59fd                	li	s3,-1
   1566c:	0019d793          	srli	a5,s3,0x1
   15670:	8cfd                	and	s1,s1,a5
   15672:	86a6                	mv	a3,s1
   15674:	85a6                	mv	a1,s1
   15676:	864a                	mv	a2,s2
   15678:	854a                	mv	a0,s2
   1567a:	f406                	sd	ra,40(sp)
   1567c:	61d040ef          	jal	1a498 <__unordtf2>
   15680:	e921                	bnez	a0,156d0 <_ldcheck+0x74>
   15682:	07fff6b7          	lui	a3,0x7fff
   15686:	1692                	slli	a3,a3,0x24
   15688:	96ce                	add	a3,a3,s3
   1568a:	864e                	mv	a2,s3
   1568c:	854a                	mv	a0,s2
   1568e:	85a6                	mv	a1,s1
   15690:	f022                	sd	s0,32(sp)
   15692:	4405                	li	s0,1
   15694:	605040ef          	jal	1a498 <__unordtf2>
   15698:	cd11                	beqz	a0,156b4 <_ldcheck+0x58>
   1569a:	70a2                	ld	ra,40(sp)
   1569c:	00144513          	xori	a0,s0,1
   156a0:	7402                	ld	s0,32(sp)
   156a2:	0ff57513          	zext.b	a0,a0
   156a6:	64e2                	ld	s1,24(sp)
   156a8:	6942                	ld	s2,16(sp)
   156aa:	69a2                	ld	s3,8(sp)
   156ac:	0015151b          	slliw	a0,a0,0x1
   156b0:	6145                	addi	sp,sp,48
   156b2:	8082                	ret
   156b4:	07fff7b7          	lui	a5,0x7fff
   156b8:	1792                	slli	a5,a5,0x24
   156ba:	864e                	mv	a2,s3
   156bc:	013786b3          	add	a3,a5,s3
   156c0:	854a                	mv	a0,s2
   156c2:	85a6                	mv	a1,s1
   156c4:	70f030ef          	jal	195d2 <__letf2>
   156c8:	fca059e3          	blez	a0,1569a <_ldcheck+0x3e>
   156cc:	4401                	li	s0,0
   156ce:	b7f1                	j	1569a <_ldcheck+0x3e>
   156d0:	70a2                	ld	ra,40(sp)
   156d2:	64e2                	ld	s1,24(sp)
   156d4:	6942                	ld	s2,16(sp)
   156d6:	69a2                	ld	s3,8(sp)
   156d8:	4505                	li	a0,1
   156da:	6145                	addi	sp,sp,48
   156dc:	8082                	ret

00000000000156de <__gdtoa>:
   156de:	00072303          	lw	t1,0(a4)
   156e2:	7111                	addi	sp,sp,-256
   156e4:	f9a2                	sd	s0,240(sp)
   156e6:	6412                	ld	s0,256(sp)
   156e8:	edce                	sd	s3,216(sp)
   156ea:	fcf37e13          	andi	t3,t1,-49
   156ee:	fd86                	sd	ra,248(sp)
   156f0:	01c72023          	sw	t3,0(a4)
   156f4:	4e8d                	li	t4,3
   156f6:	00f37e13          	andi	t3,t1,15
   156fa:	89a2                	mv	s3,s0
   156fc:	27de0763          	beq	t3,t4,1596a <__gdtoa+0x28c>
   15700:	fd5e                	sd	s7,184(sp)
   15702:	00c37413          	andi	s0,t1,12
   15706:	8ba2                	mv	s7,s0
   15708:	1c041163          	bnez	s0,158ca <__gdtoa+0x1ec>
   1570c:	e9d2                	sd	s4,208(sp)
   1570e:	f962                	sd	s8,176(sp)
   15710:	f566                	sd	s9,168(sp)
   15712:	f16a                	sd	s10,160(sp)
   15714:	ed6e                	sd	s11,152(sp)
   15716:	e03a                	sd	a4,0(sp)
   15718:	8a2a                	mv	s4,a0
   1571a:	8cc6                	mv	s9,a7
   1571c:	8c36                	mv	s8,a3
   1571e:	8d32                	mv	s10,a2
   15720:	8dae                	mv	s11,a1
   15722:	200e0d63          	beqz	t3,1593c <__gdtoa+0x25e>
   15726:	4194                	lw	a3,0(a1)
   15728:	e5d6                	sd	s5,200(sp)
   1572a:	e1da                	sd	s6,192(sp)
   1572c:	8abe                	mv	s5,a5
   1572e:	02000793          	li	a5,32
   15732:	8b42                	mv	s6,a6
   15734:	4581                	li	a1,0
   15736:	00d7d763          	bge	a5,a3,15744 <__gdtoa+0x66>
   1573a:	0017979b          	slliw	a5,a5,0x1
   1573e:	2585                	addiw	a1,a1,1
   15740:	fed7cde3          	blt	a5,a3,1573a <__gdtoa+0x5c>
   15744:	8552                	mv	a0,s4
   15746:	e836                	sd	a3,16(sp)
   15748:	e41a                	sd	t1,8(sp)
   1574a:	3aa010ef          	jal	16af4 <_Balloc>
   1574e:	6322                	ld	t1,8(sp)
   15750:	66c2                	ld	a3,16(sp)
   15752:	842a                	mv	s0,a0
   15754:	1a050f63          	beqz	a0,15912 <__gdtoa+0x234>
   15758:	fff6871b          	addiw	a4,a3,-1 # 7ffefff <__BSS_END__+0x7fe14ef>
   1575c:	4057571b          	sraiw	a4,a4,0x5
   15760:	070a                	slli	a4,a4,0x2
   15762:	87e2                	mv	a5,s8
   15764:	00ec0533          	add	a0,s8,a4
   15768:	01840613          	addi	a2,s0,24
   1576c:	438c                	lw	a1,0(a5)
   1576e:	0791                	addi	a5,a5,4 # 7fff004 <__BSS_END__+0x7fe14f4>
   15770:	0611                	addi	a2,a2,4
   15772:	feb62e23          	sw	a1,-4(a2)
   15776:	fef57be3          	bgeu	a0,a5,1576c <__gdtoa+0x8e>
   1577a:	001c0793          	addi	a5,s8,1
   1577e:	0505                	addi	a0,a0,1
   15780:	00f53533          	sltu	a0,a0,a5
   15784:	157d                	addi	a0,a0,-1
   15786:	8f69                	and	a4,a4,a0
   15788:	0711                	addi	a4,a4,4
   1578a:	40275793          	srai	a5,a4,0x2
   1578e:	9722                	add	a4,a4,s0
   15790:	a021                	j	15798 <__gdtoa+0xba>
   15792:	1771                	addi	a4,a4,-4
   15794:	1e078963          	beqz	a5,15986 <__gdtoa+0x2a8>
   15798:	4b50                	lw	a2,20(a4)
   1579a:	85be                	mv	a1,a5
   1579c:	37fd                	addiw	a5,a5,-1
   1579e:	da75                	beqz	a2,15792 <__gdtoa+0xb4>
   157a0:	078a                	slli	a5,a5,0x2
   157a2:	97a2                	add	a5,a5,s0
   157a4:	4f88                	lw	a0,24(a5)
   157a6:	c84c                	sw	a1,20(s0)
   157a8:	ec1a                	sd	t1,24(sp)
   157aa:	e836                	sd	a3,16(sp)
   157ac:	e42e                	sd	a1,8(sp)
   157ae:	5a4010ef          	jal	16d52 <__hi0bits>
   157b2:	65a2                	ld	a1,8(sp)
   157b4:	6362                	ld	t1,24(sp)
   157b6:	66c2                	ld	a3,16(sp)
   157b8:	0055959b          	slliw	a1,a1,0x5
   157bc:	40a587bb          	subw	a5,a1,a0
   157c0:	8522                	mv	a0,s0
   157c2:	ec3e                	sd	a5,24(sp)
   157c4:	e836                	sd	a3,16(sp)
   157c6:	e41a                	sd	t1,8(sp)
   157c8:	2ec010ef          	jal	16ab4 <__trailz_D2A>
   157cc:	c72a                	sw	a0,140(sp)
   157ce:	6322                	ld	t1,8(sp)
   157d0:	66c2                	ld	a3,16(sp)
   157d2:	67e2                	ld	a5,24(sp)
   157d4:	866a                	mv	a2,s10
   157d6:	3a051963          	bnez	a0,15b88 <__gdtoa+0x4aa>
   157da:	4858                	lw	a4,20(s0)
   157dc:	14070a63          	beqz	a4,15930 <__gdtoa+0x252>
   157e0:	016c                	addi	a1,sp,140
   157e2:	8522                	mv	a0,s0
   157e4:	f03e                	sd	a5,32(sp)
   157e6:	ec36                	sd	a3,24(sp)
   157e8:	e832                	sd	a2,16(sp)
   157ea:	e41a                	sd	t1,8(sp)
   157ec:	f5a6                	sd	s1,232(sp)
   157ee:	549010ef          	jal	17536 <__b2d>
   157f2:	e2050753          	fmv.x.d	a4,fa0
   157f6:	3ff00537          	lui	a0,0x3ff00
   157fa:	00c71593          	slli	a1,a4,0xc
   157fe:	02071f13          	slli	t5,a4,0x20
   15802:	02c5d713          	srli	a4,a1,0x2c
   15806:	00a765b3          	or	a1,a4,a0
   1580a:	02059713          	slli	a4,a1,0x20
   1580e:	020f5f13          	srli	t5,t5,0x20
   15812:	00ef6f33          	or	t5,t5,a4
   15816:	f20f07d3          	fmv.d.x	fa5,t5
   1581a:	9601b707          	fld	fa4,-1696(gp) # 1cc70 <__SDATA_BEGIN__+0x8>
   1581e:	9681b687          	fld	fa3,-1688(gp) # 1cc78 <__SDATA_BEGIN__+0x10>
   15822:	0ae7f753          	fsub.d	fa4,fa5,fa4
   15826:	9701b787          	fld	fa5,-1680(gp) # 1cc80 <__SDATA_BEGIN__+0x18>
   1582a:	6642                	ld	a2,16(sp)
   1582c:	7782                	ld	a5,32(sp)
   1582e:	852e                	mv	a0,a1
   15830:	7ad77743          	fmadd.d	fa4,fa4,fa3,fa5
   15834:	00f608bb          	addw	a7,a2,a5
   15838:	fff8859b          	addiw	a1,a7,-1
   1583c:	9781b687          	fld	fa3,-1672(gp) # 1cc88 <__SDATA_BEGIN__+0x20>
   15840:	d20587d3          	fcvt.d.w	fa5,a1
   15844:	6322                	ld	t1,8(sp)
   15846:	66e2                	ld	a3,24(sp)
   15848:	72d7f7c3          	fmadd.d	fa5,fa5,fa3,fa4
   1584c:	872e                	mv	a4,a1
   1584e:	0005d563          	bgez	a1,15858 <__gdtoa+0x17a>
   15852:	4705                	li	a4,1
   15854:	4117073b          	subw	a4,a4,a7
   15858:	bcb7071b          	addiw	a4,a4,-1077
   1585c:	00e05863          	blez	a4,1586c <__gdtoa+0x18e>
   15860:	9801b707          	fld	fa4,-1664(gp) # 1cc90 <__SDATA_BEGIN__+0x28>
   15864:	d20706d3          	fcvt.d.w	fa3,a4
   15868:	7ae6f7c3          	fmadd.d	fa5,fa3,fa4,fa5
   1586c:	f2000753          	fmv.d.x	fa4,zero
   15870:	c2079853          	fcvt.w.d	a6,fa5,rtz
   15874:	a2e79753          	flt.d	a4,fa5,fa4
   15878:	42071763          	bnez	a4,15ca6 <__gdtoa+0x5c8>
   1587c:	0145971b          	slliw	a4,a1,0x14
   15880:	1f02                	slli	t5,t5,0x20
   15882:	9f29                	addw	a4,a4,a0
   15884:	1702                	slli	a4,a4,0x20
   15886:	020f5f13          	srli	t5,t5,0x20
   1588a:	40b785bb          	subw	a1,a5,a1
   1588e:	00ef6f33          	or	t5,t5,a4
   15892:	fff58e9b          	addiw	t4,a1,-1
   15896:	4759                	li	a4,22
   15898:	8e76                	mv	t3,t4
   1589a:	0f076963          	bltu	a4,a6,1598c <__gdtoa+0x2ae>
   1589e:	656d                	lui	a0,0x1b
   158a0:	ec850513          	addi	a0,a0,-312 # 1aec8 <__mprec_tens>
   158a4:	00381713          	slli	a4,a6,0x3
   158a8:	972a                	add	a4,a4,a0
   158aa:	231c                	fld	fa5,0(a4)
   158ac:	f20f0753          	fmv.d.x	fa4,t5
   158b0:	a2f71753          	flt.d	a4,fa4,fa5
   158b4:	30071263          	bnez	a4,15bb8 <__gdtoa+0x4da>
   158b8:	0cb051e3          	blez	a1,1617a <__gdtoa+0xa9c>
   158bc:	01d80ebb          	addw	t4,a6,t4
   158c0:	f082                	sd	zero,96(sp)
   158c2:	e8c2                	sd	a6,80(sp)
   158c4:	e802                	sd	zero,16(sp)
   158c6:	e482                	sd	zero,72(sp)
   158c8:	a0cd                	j	159aa <__gdtoa+0x2cc>
   158ca:	4791                	li	a5,4
   158cc:	04fe1a63          	bne	t3,a5,15920 <__gdtoa+0x242>
   158d0:	744e                	ld	s0,240(sp)
   158d2:	7bea                	ld	s7,184(sp)
   158d4:	70ee                	ld	ra,248(sp)
   158d6:	77e1                	lui	a5,0xffff8
   158d8:	864e                	mv	a2,s3
   158da:	69ee                	ld	s3,216(sp)
   158dc:	65ed                	lui	a1,0x1b
   158de:	00f8a023          	sw	a5,0(a7)
   158e2:	86f6                	mv	a3,t4
   158e4:	86058593          	addi	a1,a1,-1952 # 1a860 <__clzdi2+0x1c0>
   158e8:	6111                	addi	sp,sp,256
   158ea:	72b0006f          	j	16814 <__nrv_alloc_D2A>
   158ee:	85fa                	mv	a1,t5
   158f0:	8552                	mv	a0,s4
   158f2:	fc3a                	sd	a4,56(sp)
   158f4:	f872                	sd	t3,48(sp)
   158f6:	f442                	sd	a6,40(sp)
   158f8:	f03e                	sd	a5,32(sp)
   158fa:	ec46                	sd	a7,24(sp)
   158fc:	0d7010ef          	jal	171d2 <__lshift>
   15900:	68e2                	ld	a7,24(sp)
   15902:	7782                	ld	a5,32(sp)
   15904:	7822                	ld	a6,40(sp)
   15906:	7e42                	ld	t3,48(sp)
   15908:	7762                	ld	a4,56(sp)
   1590a:	8f2a                	mv	t5,a0
   1590c:	4e051063          	bnez	a0,15dec <__gdtoa+0x70e>
   15910:	74ae                	ld	s1,232(sp)
   15912:	6a4e                	ld	s4,208(sp)
   15914:	6aae                	ld	s5,200(sp)
   15916:	6b0e                	ld	s6,192(sp)
   15918:	7c4a                	ld	s8,176(sp)
   1591a:	7caa                	ld	s9,168(sp)
   1591c:	7d0a                	ld	s10,160(sp)
   1591e:	6dea                	ld	s11,152(sp)
   15920:	4701                	li	a4,0
   15922:	70ee                	ld	ra,248(sp)
   15924:	744e                	ld	s0,240(sp)
   15926:	7bea                	ld	s7,184(sp)
   15928:	69ee                	ld	s3,216(sp)
   1592a:	853a                	mv	a0,a4
   1592c:	6111                	addi	sp,sp,256
   1592e:	8082                	ret
   15930:	85a2                	mv	a1,s0
   15932:	8552                	mv	a0,s4
   15934:	230010ef          	jal	16b64 <_Bfree>
   15938:	6aae                	ld	s5,200(sp)
   1593a:	6b0e                	ld	s6,192(sp)
   1593c:	4685                	li	a3,1
   1593e:	65ed                	lui	a1,0x1b
   15940:	864e                	mv	a2,s3
   15942:	8552                	mv	a0,s4
   15944:	00dca023          	sw	a3,0(s9)
   15948:	84858593          	addi	a1,a1,-1976 # 1a848 <__clzdi2+0x1a8>
   1594c:	6c9000ef          	jal	16814 <__nrv_alloc_D2A>
   15950:	70ee                	ld	ra,248(sp)
   15952:	744e                	ld	s0,240(sp)
   15954:	872a                	mv	a4,a0
   15956:	6a4e                	ld	s4,208(sp)
   15958:	7c4a                	ld	s8,176(sp)
   1595a:	7caa                	ld	s9,168(sp)
   1595c:	7d0a                	ld	s10,160(sp)
   1595e:	6dea                	ld	s11,152(sp)
   15960:	7bea                	ld	s7,184(sp)
   15962:	69ee                	ld	s3,216(sp)
   15964:	853a                	mv	a0,a4
   15966:	6111                	addi	sp,sp,256
   15968:	8082                	ret
   1596a:	8622                	mv	a2,s0
   1596c:	744e                	ld	s0,240(sp)
   1596e:	70ee                	ld	ra,248(sp)
   15970:	69ee                	ld	s3,216(sp)
   15972:	77e1                	lui	a5,0xffff8
   15974:	65ed                	lui	a1,0x1b
   15976:	00f8a023          	sw	a5,0(a7)
   1597a:	85058593          	addi	a1,a1,-1968 # 1a850 <__clzdi2+0x1b0>
   1597e:	46a1                	li	a3,8
   15980:	6111                	addi	sp,sp,256
   15982:	6930006f          	j	16814 <__nrv_alloc_D2A>
   15986:	00042a23          	sw	zero,20(s0)
   1598a:	bd1d                	j	157c0 <__gdtoa+0xe2>
   1598c:	4705                	li	a4,1
   1598e:	f0ba                	sd	a4,96(sp)
   15990:	e802                	sd	zero,16(sp)
   15992:	200e4c63          	bltz	t3,15baa <__gdtoa+0x4cc>
   15996:	20085563          	bgez	a6,15ba0 <__gdtoa+0x4c2>
   1599a:	6742                	ld	a4,16(sp)
   1599c:	e882                	sd	zero,80(sp)
   1599e:	4107073b          	subw	a4,a4,a6
   159a2:	e83a                	sd	a4,16(sp)
   159a4:	4100073b          	negw	a4,a6
   159a8:	e4ba                	sd	a4,72(sp)
   159aa:	4725                	li	a4,9
   159ac:	2d576763          	bltu	a4,s5,15c7a <__gdtoa+0x59c>
   159b0:	4715                	li	a4,5
   159b2:	55575063          	bge	a4,s5,15ef2 <__gdtoa+0x814>
   159b6:	ffca851b          	addiw	a0,s5,-4
   159ba:	4591                	li	a1,4
   159bc:	8aaa                	mv	s5,a0
   159be:	2eb50c63          	beq	a0,a1,15cb6 <__gdtoa+0x5d8>
   159c2:	6ee50163          	beq	a0,a4,160a4 <__gdtoa+0x9c6>
   159c6:	4709                	li	a4,2
   159c8:	f482                	sd	zero,104(sp)
   159ca:	4481                	li	s1,0
   159cc:	2ee50863          	beq	a0,a4,15cbc <__gdtoa+0x5de>
   159d0:	4a8d                	li	s5,3
   159d2:	010b073b          	addw	a4,s6,a6
   159d6:	f8ba                	sd	a4,112(sp)
   159d8:	0017089b          	addiw	a7,a4,1
   159dc:	6d105163          	blez	a7,1609e <__gdtoa+0x9c0>
   159e0:	8746                	mv	a4,a7
   159e2:	85c6                	mv	a1,a7
   159e4:	8552                	mv	a0,s4
   159e6:	c73a                	sw	a4,140(sp)
   159e8:	e0fa                	sd	t5,64(sp)
   159ea:	fc76                	sd	t4,56(sp)
   159ec:	f83e                	sd	a5,48(sp)
   159ee:	f436                	sd	a3,40(sp)
   159f0:	f042                	sd	a6,32(sp)
   159f2:	ec32                	sd	a2,24(sp)
   159f4:	e446                	sd	a7,8(sp)
   159f6:	ec9a                	sd	t1,88(sp)
   159f8:	5d9000ef          	jal	167d0 <__rv_alloc_D2A>
   159fc:	872a                	mv	a4,a0
   159fe:	f00509e3          	beqz	a0,15910 <__gdtoa+0x232>
   15a02:	00cdae03          	lw	t3,12(s11)
   15a06:	68a2                	ld	a7,8(sp)
   15a08:	6662                	ld	a2,24(sp)
   15a0a:	3e7d                	addiw	t3,t3,-1
   15a0c:	7802                	ld	a6,32(sp)
   15a0e:	76a2                	ld	a3,40(sp)
   15a10:	77c2                	ld	a5,48(sp)
   15a12:	7ee2                	ld	t4,56(sp)
   15a14:	6f06                	ld	t5,64(sp)
   15a16:	000e0d63          	beqz	t3,15a30 <__gdtoa+0x352>
   15a1a:	6366                	ld	t1,88(sp)
   15a1c:	000e5363          	bgez	t3,15a22 <__gdtoa+0x344>
   15a20:	4e09                	li	t3,2
   15a22:	10037313          	andi	t1,t1,256
   15a26:	1e030463          	beqz	t1,15c0e <__gdtoa+0x530>
   15a2a:	458d                	li	a1,3
   15a2c:	41c58e3b          	subw	t3,a1,t3
   15a30:	00f8b593          	sltiu	a1,a7,15
   15a34:	1c058d63          	beqz	a1,15c0e <__gdtoa+0x530>
   15a38:	1c048b63          	beqz	s1,15c0e <__gdtoa+0x530>
   15a3c:	010e65b3          	or	a1,t3,a6
   15a40:	1c059763          	bnez	a1,15c0e <__gdtoa+0x530>
   15a44:	7586                	ld	a1,96(sp)
   15a46:	c702                	sw	zero,140(sp)
   15a48:	f20f06d3          	fmv.d.x	fa3,t5
   15a4c:	c599                	beqz	a1,15a5a <__gdtoa+0x37c>
   15a4e:	9581b787          	fld	fa5,-1704(gp) # 1cc68 <__SDATA_BEGIN__>
   15a52:	a2f695d3          	flt.d	a1,fa3,fa5
   15a56:	16059463          	bnez	a1,15bbe <__gdtoa+0x4e0>
   15a5a:	9901b787          	fld	fa5,-1648(gp) # 1cca0 <__SDATA_BEGIN__+0x38>
   15a5e:	fcc00537          	lui	a0,0xfcc00
   15a62:	a43e                	fsd	fa5,8(sp)
   15a64:	2722                	fld	fa4,8(sp)
   15a66:	9981b787          	fld	fa5,-1640(gp) # 1cca8 <__SDATA_BEGIN__+0x40>
   15a6a:	7ae6f7c3          	fmadd.d	fa5,fa3,fa4,fa5
   15a6e:	e20785d3          	fmv.x.d	a1,fa5
   15a72:	02059e13          	slli	t3,a1,0x20
   15a76:	9181                	srli	a1,a1,0x20
   15a78:	9da9                	addw	a1,a1,a0
   15a7a:	020e5e13          	srli	t3,t3,0x20
   15a7e:	1582                	slli	a1,a1,0x20
   15a80:	00be6e33          	or	t3,t3,a1
   15a84:	16088463          	beqz	a7,15bec <__gdtoa+0x50e>
   15a88:	22d687d3          	fmv.d	fa5,fa3
   15a8c:	4581                	li	a1,0
   15a8e:	8fc6                	mv	t6,a7
   15a90:	656d                	lui	a0,0x1b
   15a92:	ffff831b          	addiw	t1,t6,-1
   15a96:	74a6                	ld	s1,104(sp)
   15a98:	ec850513          	addi	a0,a0,-312 # 1aec8 <__mprec_tens>
   15a9c:	030e                	slli	t1,t1,0x3
   15a9e:	932a                	add	t1,t1,a0
   15aa0:	00033607          	fld	fa2,0(t1)
   15aa4:	120486e3          	beqz	s1,163d0 <__gdtoa+0xcf2>
   15aa8:	9b81b707          	fld	fa4,-1608(gp) # 1ccc8 <__SDATA_BEGIN__+0x60>
   15aac:	c20792d3          	fcvt.w.d	t0,fa5,rtz
   15ab0:	00170313          	addi	t1,a4,1
   15ab4:	1ac77753          	fdiv.d	fa4,fa4,fa2
   15ab8:	d20286d3          	fcvt.d.w	fa3,t0
   15abc:	0302829b          	addiw	t0,t0,48 # 12356 <__call_exitprocs+0x16>
   15ac0:	00570023          	sb	t0,0(a4)
   15ac4:	0ad7f7d3          	fsub.d	fa5,fa5,fa3
   15ac8:	f20e06d3          	fmv.d.x	fa3,t3
   15acc:	0ad77753          	fsub.d	fa4,fa4,fa3
   15ad0:	a2e79e53          	flt.d	t3,fa5,fa4
   15ad4:	2c0e16e3          	bnez	t3,165a0 <__gdtoa+0xec2>
   15ad8:	9581b587          	fld	fa1,-1704(gp) # 1cc68 <__SDATA_BEGIN__>
   15adc:	9a01b607          	fld	fa2,-1632(gp) # 1ccb0 <__SDATA_BEGIN__+0x48>
   15ae0:	a80d                	j	15b12 <__gdtoa+0x434>
   15ae2:	4e3a                	lw	t3,140(sp)
   15ae4:	0305                	addi	t1,t1,1
   15ae6:	2e05                	addiw	t3,t3,1
   15ae8:	c772                	sw	t3,140(sp)
   15aea:	39fe59e3          	bge	t3,t6,1667c <__gdtoa+0xf9e>
   15aee:	12c7f7d3          	fmul.d	fa5,fa5,fa2
   15af2:	12c77753          	fmul.d	fa4,fa4,fa2
   15af6:	c2079e53          	fcvt.w.d	t3,fa5,rtz
   15afa:	d20e06d3          	fcvt.d.w	fa3,t3
   15afe:	030e0e1b          	addiw	t3,t3,48
   15b02:	ffc30fa3          	sb	t3,-1(t1)
   15b06:	0ad7f7d3          	fsub.d	fa5,fa5,fa3
   15b0a:	a2e79e53          	flt.d	t3,fa5,fa4
   15b0e:	280e19e3          	bnez	t3,165a0 <__gdtoa+0xec2>
   15b12:	0af5f6d3          	fsub.d	fa3,fa1,fa5
   15b16:	a2e69e53          	flt.d	t3,fa3,fa4
   15b1a:	fc0e04e3          	beqz	t3,15ae2 <__gdtoa+0x404>
   15b1e:	fff34683          	lbu	a3,-1(t1)
   15b22:	03900613          	li	a2,57
   15b26:	a031                	j	15b32 <__gdtoa+0x454>
   15b28:	18f70ae3          	beq	a4,a5,164bc <__gdtoa+0xdde>
   15b2c:	fff7c683          	lbu	a3,-1(a5) # ffffffffffff7fff <__BSS_END__+0xfffffffffffda4ef>
   15b30:	833e                	mv	t1,a5
   15b32:	fff30793          	addi	a5,t1,-1
   15b36:	fec689e3          	beq	a3,a2,15b28 <__gdtoa+0x44a>
   15b3a:	0685                	addi	a3,a3,1
   15b3c:	00d78023          	sb	a3,0(a5)
   15b40:	0015861b          	addiw	a2,a1,1
   15b44:	02000b93          	li	s7,32
   15b48:	85a2                	mv	a1,s0
   15b4a:	8552                	mv	a0,s4
   15b4c:	ec3a                	sd	a4,24(sp)
   15b4e:	e832                	sd	a2,16(sp)
   15b50:	e41a                	sd	t1,8(sp)
   15b52:	012010ef          	jal	16b64 <_Bfree>
   15b56:	6322                	ld	t1,8(sp)
   15b58:	6642                	ld	a2,16(sp)
   15b5a:	6762                	ld	a4,24(sp)
   15b5c:	00030023          	sb	zero,0(t1)
   15b60:	00cca023          	sw	a2,0(s9)
   15b64:	00098463          	beqz	s3,15b6c <__gdtoa+0x48e>
   15b68:	0069b023          	sd	t1,0(s3)
   15b6c:	6682                	ld	a3,0(sp)
   15b6e:	74ae                	ld	s1,232(sp)
   15b70:	6a4e                	ld	s4,208(sp)
   15b72:	429c                	lw	a5,0(a3)
   15b74:	6aae                	ld	s5,200(sp)
   15b76:	6b0e                	ld	s6,192(sp)
   15b78:	00fbe7b3          	or	a5,s7,a5
   15b7c:	7c4a                	ld	s8,176(sp)
   15b7e:	7caa                	ld	s9,168(sp)
   15b80:	7d0a                	ld	s10,160(sp)
   15b82:	6dea                	ld	s11,152(sp)
   15b84:	c29c                	sw	a5,0(a3)
   15b86:	bb71                	j	15922 <__gdtoa+0x244>
   15b88:	85aa                	mv	a1,a0
   15b8a:	8522                	mv	a0,s0
   15b8c:	685000ef          	jal	16a10 <__rshift_D2A>
   15b90:	463a                	lw	a2,140(sp)
   15b92:	67e2                	ld	a5,24(sp)
   15b94:	66c2                	ld	a3,16(sp)
   15b96:	6322                	ld	t1,8(sp)
   15b98:	9f91                	subw	a5,a5,a2
   15b9a:	01a6063b          	addw	a2,a2,s10
   15b9e:	b935                	j	157da <__gdtoa+0xfc>
   15ba0:	01d80ebb          	addw	t4,a6,t4
   15ba4:	e8c2                	sd	a6,80(sp)
   15ba6:	e482                	sd	zero,72(sp)
   15ba8:	b509                	j	159aa <__gdtoa+0x2cc>
   15baa:	4705                	li	a4,1
   15bac:	9f0d                	subw	a4,a4,a1
   15bae:	e83a                	sd	a4,16(sp)
   15bb0:	4e81                	li	t4,0
   15bb2:	de0844e3          	bltz	a6,1599a <__gdtoa+0x2bc>
   15bb6:	b7ed                	j	15ba0 <__gdtoa+0x4c2>
   15bb8:	387d                	addiw	a6,a6,-1
   15bba:	f082                	sd	zero,96(sp)
   15bbc:	bbd1                	j	15990 <__gdtoa+0x2b2>
   15bbe:	180896e3          	bnez	a7,1654a <__gdtoa+0xe6c>
   15bc2:	9901b787          	fld	fa5,-1648(gp) # 1cca0 <__SDATA_BEGIN__+0x38>
   15bc6:	fcc00537          	lui	a0,0xfcc00
   15bca:	a43e                	fsd	fa5,8(sp)
   15bcc:	2722                	fld	fa4,8(sp)
   15bce:	9981b787          	fld	fa5,-1640(gp) # 1cca8 <__SDATA_BEGIN__+0x40>
   15bd2:	7ad777c3          	fmadd.d	fa5,fa4,fa3,fa5
   15bd6:	e20785d3          	fmv.x.d	a1,fa5
   15bda:	02059e13          	slli	t3,a1,0x20
   15bde:	9181                	srli	a1,a1,0x20
   15be0:	9da9                	addw	a1,a1,a0
   15be2:	020e5e13          	srli	t3,t3,0x20
   15be6:	1582                	slli	a1,a1,0x20
   15be8:	00be6e33          	or	t3,t3,a1
   15bec:	9b01b787          	fld	fa5,-1616(gp) # 1ccc0 <__SDATA_BEGIN__+0x58>
   15bf0:	0af6f6d3          	fsub.d	fa3,fa3,fa5
   15bf4:	f20e07d3          	fmv.d.x	fa5,t3
   15bf8:	a2d795d3          	flt.d	a1,fa5,fa3
   15bfc:	08059de3          	bnez	a1,16496 <__gdtoa+0xdb8>
   15c00:	22f797d3          	fneg.d	fa5,fa5
   15c04:	a2f695d3          	flt.d	a1,fa3,fa5
   15c08:	48059063          	bnez	a1,16088 <__gdtoa+0x9aa>
   15c0c:	4e01                	li	t3,0
   15c0e:	fff64593          	not	a1,a2
   15c12:	01f5d59b          	srliw	a1,a1,0x1f
   15c16:	cdcd                	beqz	a1,15cd0 <__gdtoa+0x5f2>
   15c18:	00f82593          	slti	a1,a6,15
   15c1c:	c9d5                	beqz	a1,15cd0 <__gdtoa+0x5f2>
   15c1e:	656d                	lui	a0,0x1b
   15c20:	ec850513          	addi	a0,a0,-312 # 1aec8 <__mprec_tens>
   15c24:	00381693          	slli	a3,a6,0x3
   15c28:	96aa                	add	a3,a3,a0
   15c2a:	01fb579b          	srliw	a5,s6,0x1f
   15c2e:	2298                	fld	fa4,0(a3)
   15c30:	30078863          	beqz	a5,15f40 <__gdtoa+0x862>
   15c34:	31104663          	bgtz	a7,15f40 <__gdtoa+0x862>
   15c38:	44089863          	bnez	a7,16088 <__gdtoa+0x9aa>
   15c3c:	9b01b787          	fld	fa5,-1616(gp) # 1ccc0 <__SDATA_BEGIN__+0x58>
   15c40:	12f77753          	fmul.d	fa4,fa4,fa5
   15c44:	f20f07d3          	fmv.d.x	fa5,t5
   15c48:	a2e787d3          	fle.d	a5,fa5,fa4
   15c4c:	42079e63          	bnez	a5,16088 <__gdtoa+0x9aa>
   15c50:	03100793          	li	a5,49
   15c54:	00170313          	addi	t1,a4,1
   15c58:	00f70023          	sb	a5,0(a4)
   15c5c:	4581                	li	a1,0
   15c5e:	8552                	mv	a0,s4
   15c60:	ec42                	sd	a6,24(sp)
   15c62:	e83a                	sd	a4,16(sp)
   15c64:	e41a                	sd	t1,8(sp)
   15c66:	6ff000ef          	jal	16b64 <_Bfree>
   15c6a:	6862                	ld	a6,24(sp)
   15c6c:	6322                	ld	t1,8(sp)
   15c6e:	6742                	ld	a4,16(sp)
   15c70:	0028061b          	addiw	a2,a6,2
   15c74:	02000b93          	li	s7,32
   15c78:	bdc1                	j	15b48 <__gdtoa+0x46a>
   15c7a:	3fd8889b          	addiw	a7,a7,1021
   15c7e:	7f88b493          	sltiu	s1,a7,2040
   15c82:	4a81                	li	s5,0
   15c84:	9881b707          	fld	fa4,-1656(gp) # 1cc98 <__SDATA_BEGIN__+0x30>
   15c88:	d20687d3          	fcvt.d.w	fa5,a3
   15c8c:	577d                	li	a4,-1
   15c8e:	f8ba                	sd	a4,112(sp)
   15c90:	12e7f7d3          	fmul.d	fa5,fa5,fa4
   15c94:	88ba                	mv	a7,a4
   15c96:	4705                	li	a4,1
   15c98:	f4ba                	sd	a4,104(sp)
   15c9a:	4b01                	li	s6,0
   15c9c:	c20795d3          	fcvt.w.d	a1,fa5,rtz
   15ca0:	258d                	addiw	a1,a1,3
   15ca2:	872e                	mv	a4,a1
   15ca4:	b381                	j	159e4 <__gdtoa+0x306>
   15ca6:	d2080753          	fcvt.d.w	fa4,a6
   15caa:	a2f72753          	feq.d	a4,fa4,fa5
   15cae:	bc0717e3          	bnez	a4,1587c <__gdtoa+0x19e>
   15cb2:	387d                	addiw	a6,a6,-1
   15cb4:	b6e1                	j	1587c <__gdtoa+0x19e>
   15cb6:	4705                	li	a4,1
   15cb8:	4481                	li	s1,0
   15cba:	f4ba                	sd	a4,104(sp)
   15cbc:	000b059b          	sext.w	a1,s6
   15cc0:	01604363          	bgtz	s6,15cc6 <__gdtoa+0x5e8>
   15cc4:	4585                	li	a1,1
   15cc6:	872e                	mv	a4,a1
   15cc8:	f8ae                	sd	a1,112(sp)
   15cca:	88ae                	mv	a7,a1
   15ccc:	8b2e                	mv	s6,a1
   15cce:	bb19                	j	159e4 <__gdtoa+0x306>
   15cd0:	75a6                	ld	a1,104(sp)
   15cd2:	24058163          	beqz	a1,15f14 <__gdtoa+0x836>
   15cd6:	9e9d                	subw	a3,a3,a5
   15cd8:	004da503          	lw	a0,4(s11)
   15cdc:	0016859b          	addiw	a1,a3,1
   15ce0:	c72e                	sw	a1,140(sp)
   15ce2:	40d606bb          	subw	a3,a2,a3
   15ce6:	4ea6d063          	bge	a3,a0,161c6 <__gdtoa+0xae8>
   15cea:	ffda869b          	addiw	a3,s5,-3
   15cee:	9af5                	andi	a3,a3,-3
   15cf0:	3e068c63          	beqz	a3,160e8 <__gdtoa+0xa0a>
   15cf4:	40a606bb          	subw	a3,a2,a0
   15cf8:	4605                	li	a2,1
   15cfa:	2685                	addiw	a3,a3,1
   15cfc:	01562633          	slt	a2,a2,s5
   15d00:	011025b3          	sgtz	a1,a7
   15d04:	c736                	sw	a3,140(sp)
   15d06:	8e6d                	and	a2,a2,a1
   15d08:	c219                	beqz	a2,15d0e <__gdtoa+0x630>
   15d0a:	20d8cfe3          	blt	a7,a3,16728 <__gdtoa+0x104a>
   15d0e:	6642                	ld	a2,16(sp)
   15d10:	64a6                	ld	s1,72(sp)
   15d12:	01d68ebb          	addw	t4,a3,t4
   15d16:	9eb1                	addw	a3,a3,a2
   15d18:	ec36                	sd	a3,24(sp)
   15d1a:	4585                	li	a1,1
   15d1c:	8552                	mv	a0,s4
   15d1e:	ecba                	sd	a4,88(sp)
   15d20:	e0f6                	sd	t4,64(sp)
   15d22:	fc3e                	sd	a5,56(sp)
   15d24:	f872                	sd	t3,48(sp)
   15d26:	f442                	sd	a6,40(sp)
   15d28:	f046                	sd	a7,32(sp)
   15d2a:	14c010ef          	jal	16e76 <__i2b>
   15d2e:	e42a                	sd	a0,8(sp)
   15d30:	be0500e3          	beqz	a0,15910 <__gdtoa+0x232>
   15d34:	66c2                	ld	a3,16(sp)
   15d36:	7882                	ld	a7,32(sp)
   15d38:	7822                	ld	a6,40(sp)
   15d3a:	7e42                	ld	t3,48(sp)
   15d3c:	77e2                	ld	a5,56(sp)
   15d3e:	6e86                	ld	t4,64(sp)
   15d40:	6766                	ld	a4,88(sp)
   15d42:	c28d                	beqz	a3,15d64 <__gdtoa+0x686>
   15d44:	03d05063          	blez	t4,15d64 <__gdtoa+0x686>
   15d48:	6642                	ld	a2,16(sp)
   15d4a:	86b2                	mv	a3,a2
   15d4c:	00ced363          	bge	t4,a2,15d52 <__gdtoa+0x674>
   15d50:	86f6                	mv	a3,t4
   15d52:	6662                	ld	a2,24(sp)
   15d54:	c736                	sw	a3,140(sp)
   15d56:	40de8ebb          	subw	t4,t4,a3
   15d5a:	9e15                	subw	a2,a2,a3
   15d5c:	ec32                	sd	a2,24(sp)
   15d5e:	6642                	ld	a2,16(sp)
   15d60:	9e15                	subw	a2,a2,a3
   15d62:	e832                	sd	a2,16(sp)
   15d64:	66a6                	ld	a3,72(sp)
   15d66:	c69d                	beqz	a3,15d94 <__gdtoa+0x6b6>
   15d68:	60049a63          	bnez	s1,1637c <__gdtoa+0xc9e>
   15d6c:	6626                	ld	a2,72(sp)
   15d6e:	85a2                	mv	a1,s0
   15d70:	8552                	mv	a0,s4
   15d72:	ecba                	sd	a4,88(sp)
   15d74:	e0f6                	sd	t4,64(sp)
   15d76:	fc3e                	sd	a5,56(sp)
   15d78:	f872                	sd	t3,48(sp)
   15d7a:	f442                	sd	a6,40(sp)
   15d7c:	f046                	sd	a7,32(sp)
   15d7e:	36c010ef          	jal	170ea <__pow5mult>
   15d82:	7882                	ld	a7,32(sp)
   15d84:	7822                	ld	a6,40(sp)
   15d86:	7e42                	ld	t3,48(sp)
   15d88:	77e2                	ld	a5,56(sp)
   15d8a:	6e86                	ld	t4,64(sp)
   15d8c:	6766                	ld	a4,88(sp)
   15d8e:	842a                	mv	s0,a0
   15d90:	b80500e3          	beqz	a0,15910 <__gdtoa+0x232>
   15d94:	4585                	li	a1,1
   15d96:	8552                	mv	a0,s4
   15d98:	e4ba                	sd	a4,72(sp)
   15d9a:	e0f6                	sd	t4,64(sp)
   15d9c:	fc3e                	sd	a5,56(sp)
   15d9e:	f872                	sd	t3,48(sp)
   15da0:	f442                	sd	a6,40(sp)
   15da2:	f046                	sd	a7,32(sp)
   15da4:	0d2010ef          	jal	16e76 <__i2b>
   15da8:	8f2a                	mv	t5,a0
   15daa:	b60503e3          	beqz	a0,15910 <__gdtoa+0x232>
   15dae:	66c6                	ld	a3,80(sp)
   15db0:	7882                	ld	a7,32(sp)
   15db2:	7822                	ld	a6,40(sp)
   15db4:	7e42                	ld	t3,48(sp)
   15db6:	77e2                	ld	a5,56(sp)
   15db8:	6e86                	ld	t4,64(sp)
   15dba:	6726                	ld	a4,72(sp)
   15dbc:	34069763          	bnez	a3,1610a <__gdtoa+0xa2c>
   15dc0:	002aa693          	slti	a3,s5,2
   15dc4:	c681                	beqz	a3,15dcc <__gdtoa+0x6ee>
   15dc6:	17fd                	addi	a5,a5,-1
   15dc8:	10078963          	beqz	a5,15eda <__gdtoa+0x7fc>
   15dcc:	457d                	li	a0,31
   15dce:	66e2                	ld	a3,24(sp)
   15dd0:	41d507bb          	subw	a5,a0,t4
   15dd4:	37f1                	addiw	a5,a5,-4
   15dd6:	8bfd                	andi	a5,a5,31
   15dd8:	00d7863b          	addw	a2,a5,a3
   15ddc:	c73e                	sw	a5,140(sp)
   15dde:	86be                	mv	a3,a5
   15de0:	2cc04763          	bgtz	a2,160ae <__gdtoa+0x9d0>
   15de4:	00de863b          	addw	a2,t4,a3
   15de8:	b0c043e3          	bgtz	a2,158ee <__gdtoa+0x210>
   15dec:	7686                	ld	a3,96(sp)
   15dee:	e6d1                	bnez	a3,15e7a <__gdtoa+0x79c>
   15df0:	1d104863          	bgtz	a7,15fc0 <__gdtoa+0x8e2>
   15df4:	4689                	li	a3,2
   15df6:	1d56d563          	bge	a3,s5,15fc0 <__gdtoa+0x8e2>
   15dfa:	85fa                	mv	a1,t5
   15dfc:	4681                	li	a3,0
   15dfe:	4615                	li	a2,5
   15e00:	8552                	mv	a0,s4
   15e02:	f03a                	sd	a4,32(sp)
   15e04:	ec42                	sd	a6,24(sp)
   15e06:	e846                	sd	a7,16(sp)
   15e08:	56f000ef          	jal	16b76 <__multadd>
   15e0c:	85aa                	mv	a1,a0
   15e0e:	b00501e3          	beqz	a0,15910 <__gdtoa+0x232>
   15e12:	68c2                	ld	a7,16(sp)
   15e14:	6862                	ld	a6,24(sp)
   15e16:	7702                	ld	a4,32(sp)
   15e18:	52089863          	bnez	a7,16348 <__gdtoa+0xc6a>
   15e1c:	e82a                	sd	a0,16(sp)
   15e1e:	8522                	mv	a0,s0
   15e20:	f03a                	sd	a4,32(sp)
   15e22:	ec42                	sd	a6,24(sp)
   15e24:	4c8010ef          	jal	172ec <__mcmp>
   15e28:	65c2                	ld	a1,16(sp)
   15e2a:	6862                	ld	a6,24(sp)
   15e2c:	7702                	ld	a4,32(sp)
   15e2e:	50a05d63          	blez	a0,16348 <__gdtoa+0xc6a>
   15e32:	03100793          	li	a5,49
   15e36:	00f70023          	sb	a5,0(a4)
   15e3a:	2805                	addiw	a6,a6,1
   15e3c:	00170313          	addi	t1,a4,1
   15e40:	02000b93          	li	s7,32
   15e44:	8552                	mv	a0,s4
   15e46:	f03a                	sd	a4,32(sp)
   15e48:	ec1a                	sd	t1,24(sp)
   15e4a:	e842                	sd	a6,16(sp)
   15e4c:	519000ef          	jal	16b64 <_Bfree>
   15e50:	6842                	ld	a6,16(sp)
   15e52:	67a2                	ld	a5,8(sp)
   15e54:	6362                	ld	t1,24(sp)
   15e56:	7702                	ld	a4,32(sp)
   15e58:	0018061b          	addiw	a2,a6,1
   15e5c:	ce0786e3          	beqz	a5,15b48 <__gdtoa+0x46a>
   15e60:	65a2                	ld	a1,8(sp)
   15e62:	8552                	mv	a0,s4
   15e64:	f03a                	sd	a4,32(sp)
   15e66:	ec1a                	sd	t1,24(sp)
   15e68:	e842                	sd	a6,16(sp)
   15e6a:	4fb000ef          	jal	16b64 <_Bfree>
   15e6e:	6842                	ld	a6,16(sp)
   15e70:	6362                	ld	t1,24(sp)
   15e72:	7702                	ld	a4,32(sp)
   15e74:	0018061b          	addiw	a2,a6,1
   15e78:	b9c1                	j	15b48 <__gdtoa+0x46a>
   15e7a:	85fa                	mv	a1,t5
   15e7c:	8522                	mv	a0,s0
   15e7e:	e0ba                	sd	a4,64(sp)
   15e80:	fc72                	sd	t3,56(sp)
   15e82:	f842                	sd	a6,48(sp)
   15e84:	f43e                	sd	a5,40(sp)
   15e86:	f046                	sd	a7,32(sp)
   15e88:	ec7a                	sd	t5,24(sp)
   15e8a:	462010ef          	jal	172ec <__mcmp>
   15e8e:	6f62                	ld	t5,24(sp)
   15e90:	7882                	ld	a7,32(sp)
   15e92:	77a2                	ld	a5,40(sp)
   15e94:	7842                	ld	a6,48(sp)
   15e96:	7e62                	ld	t3,56(sp)
   15e98:	6706                	ld	a4,64(sp)
   15e9a:	f4055be3          	bgez	a0,15df0 <__gdtoa+0x712>
   15e9e:	85a2                	mv	a1,s0
   15ea0:	4681                	li	a3,0
   15ea2:	4629                	li	a2,10
   15ea4:	8552                	mv	a0,s4
   15ea6:	fc3a                	sd	a4,56(sp)
   15ea8:	f87a                	sd	t5,48(sp)
   15eaa:	f472                	sd	t3,40(sp)
   15eac:	f042                	sd	a6,32(sp)
   15eae:	ec3e                	sd	a5,24(sp)
   15eb0:	4c7000ef          	jal	16b76 <__multadd>
   15eb4:	842a                	mv	s0,a0
   15eb6:	a4050de3          	beqz	a0,15910 <__gdtoa+0x232>
   15eba:	7802                	ld	a6,32(sp)
   15ebc:	76a6                	ld	a3,104(sp)
   15ebe:	7e22                	ld	t3,40(sp)
   15ec0:	7f42                	ld	t5,48(sp)
   15ec2:	7762                	ld	a4,56(sp)
   15ec4:	387d                	addiw	a6,a6,-1
   15ec6:	30069a63          	bnez	a3,161da <__gdtoa+0xafc>
   15eca:	77c6                	ld	a5,112(sp)
   15ecc:	00f041e3          	bgtz	a5,166ce <__gdtoa+0xff0>
   15ed0:	4789                	li	a5,2
   15ed2:	7f57de63          	bge	a5,s5,166ce <__gdtoa+0xff0>
   15ed6:	78c6                	ld	a7,112(sp)
   15ed8:	b70d                	j	15dfa <__gdtoa+0x71c>
   15eda:	004da783          	lw	a5,4(s11)
   15ede:	2785                	addiw	a5,a5,1
   15ee0:	efa7d6e3          	bge	a5,s10,15dcc <__gdtoa+0x6ee>
   15ee4:	67e2                	ld	a5,24(sp)
   15ee6:	2e85                	addiw	t4,t4,1
   15ee8:	2785                	addiw	a5,a5,1
   15eea:	ec3e                	sd	a5,24(sp)
   15eec:	4785                	li	a5,1
   15eee:	e8be                	sd	a5,80(sp)
   15ef0:	bdf1                	j	15dcc <__gdtoa+0x6ee>
   15ef2:	3fd8889b          	addiw	a7,a7,1021
   15ef6:	4591                	li	a1,4
   15ef8:	7f88b493          	sltiu	s1,a7,2040
   15efc:	44ba8b63          	beq	s5,a1,16352 <__gdtoa+0xc74>
   15f00:	1aea8363          	beq	s5,a4,160a6 <__gdtoa+0x9c8>
   15f04:	4709                	li	a4,2
   15f06:	44ea8963          	beq	s5,a4,16358 <__gdtoa+0xc7a>
   15f0a:	470d                	li	a4,3
   15f0c:	f482                	sd	zero,104(sp)
   15f0e:	acea82e3          	beq	s5,a4,159d2 <__gdtoa+0x2f4>
   15f12:	bb8d                	j	15c84 <__gdtoa+0x5a6>
   15f14:	66c2                	ld	a3,16(sp)
   15f16:	26068b63          	beqz	a3,1618c <__gdtoa+0xaae>
   15f1a:	260e8963          	beqz	t4,1618c <__gdtoa+0xaae>
   15f1e:	6642                	ld	a2,16(sp)
   15f20:	86b2                	mv	a3,a2
   15f22:	00ced363          	bge	t4,a2,15f28 <__gdtoa+0x84a>
   15f26:	86f6                	mv	a3,t4
   15f28:	6642                	ld	a2,16(sp)
   15f2a:	c736                	sw	a3,140(sp)
   15f2c:	40de8ebb          	subw	t4,t4,a3
   15f30:	9e15                	subw	a2,a2,a3
   15f32:	66a6                	ld	a3,72(sp)
   15f34:	ec32                	sd	a2,24(sp)
   15f36:	26069063          	bnez	a3,16196 <__gdtoa+0xab8>
   15f3a:	e832                	sd	a2,16(sp)
   15f3c:	e402                	sd	zero,8(sp)
   15f3e:	bd99                	j	15d94 <__gdtoa+0x6b6>
   15f40:	f20f06d3          	fmv.d.x	fa3,t5
   15f44:	1ae6f7d3          	fdiv.d	fa5,fa3,fa4
   15f48:	4785                	li	a5,1
   15f4a:	c73e                	sw	a5,140(sp)
   15f4c:	00f70333          	add	t1,a4,a5
   15f50:	f2000653          	fmv.d.x	fa2,zero
   15f54:	0018061b          	addiw	a2,a6,1
   15f58:	c20797d3          	fcvt.w.d	a5,fa5,rtz
   15f5c:	d20787d3          	fcvt.d.w	fa5,a5
   15f60:	0307869b          	addiw	a3,a5,48
   15f64:	00d70023          	sb	a3,0(a4)
   15f68:	6ae7f7cb          	fnmsub.d	fa5,fa5,fa4,fa3
   15f6c:	a2c7a6d3          	feq.d	a3,fa5,fa2
   15f70:	bc069ce3          	bnez	a3,15b48 <__gdtoa+0x46a>
   15f74:	9a01b587          	fld	fa1,-1632(gp) # 1ccb0 <__SDATA_BEGIN__+0x48>
   15f78:	a02d                	j	15fa2 <__gdtoa+0x8c4>
   15f7a:	12b7f7d3          	fmul.d	fa5,fa5,fa1
   15f7e:	c72e                	sw	a1,140(sp)
   15f80:	0305                	addi	t1,t1,1
   15f82:	1ae7f6d3          	fdiv.d	fa3,fa5,fa4
   15f86:	c20697d3          	fcvt.w.d	a5,fa3,rtz
   15f8a:	d20786d3          	fcvt.d.w	fa3,a5
   15f8e:	0307869b          	addiw	a3,a5,48
   15f92:	fed30fa3          	sb	a3,-1(t1)
   15f96:	7ae6f7cb          	fnmsub.d	fa5,fa3,fa4,fa5
   15f9a:	a2c7a6d3          	feq.d	a3,fa5,fa2
   15f9e:	ba0695e3          	bnez	a3,15b48 <__gdtoa+0x46a>
   15fa2:	46ba                	lw	a3,140(sp)
   15fa4:	0016859b          	addiw	a1,a3,1
   15fa8:	fd1699e3          	bne	a3,a7,15f7a <__gdtoa+0x89c>
   15fac:	500e0d63          	beqz	t3,164c6 <__gdtoa+0xde8>
   15fb0:	4785                	li	a5,1
   15fb2:	4bc1                	li	s7,16
   15fb4:	b8fe1ae3          	bne	t3,a5,15b48 <__gdtoa+0x46a>
   15fb8:	fff34683          	lbu	a3,-1(t1)
   15fbc:	85c2                	mv	a1,a6
   15fbe:	b695                	j	15b22 <__gdtoa+0x444>
   15fc0:	76a6                	ld	a3,104(sp)
   15fc2:	24069263          	bnez	a3,16206 <__gdtoa+0xb28>
   15fc6:	f1ca                	sd	s2,224(sp)
   15fc8:	4685                	li	a3,1
   15fca:	8ac6                	mv	s5,a7
   15fcc:	8b42                	mv	s6,a6
   15fce:	8bf2                	mv	s7,t3
   15fd0:	84ba                	mv	s1,a4
   15fd2:	897a                	mv	s2,t5
   15fd4:	8c3a                	mv	s8,a4
   15fd6:	a811                	j	15fea <__gdtoa+0x90c>
   15fd8:	85a2                	mv	a1,s0
   15fda:	8552                	mv	a0,s4
   15fdc:	39b000ef          	jal	16b76 <__multadd>
   15fe0:	842a                	mv	s0,a0
   15fe2:	0e050f63          	beqz	a0,160e0 <__gdtoa+0xa02>
   15fe6:	46ba                	lw	a3,140(sp)
   15fe8:	2685                	addiw	a3,a3,1
   15fea:	85ca                	mv	a1,s2
   15fec:	8522                	mv	a0,s0
   15fee:	c736                	sw	a3,140(sp)
   15ff0:	0a5000ef          	jal	16894 <__quorem_D2A>
   15ff4:	00148793          	addi	a5,s1,1
   15ff8:	03050e9b          	addiw	t4,a0,48
   15ffc:	ffd78fa3          	sb	t4,-1(a5)
   16000:	84be                	mv	s1,a5
   16002:	47ba                	lw	a5,140(sp)
   16004:	4681                	li	a3,0
   16006:	4629                	li	a2,10
   16008:	fd57c8e3          	blt	a5,s5,15fd8 <__gdtoa+0x8fa>
   1600c:	885a                	mv	a6,s6
   1600e:	8e5e                	mv	t3,s7
   16010:	87a6                	mv	a5,s1
   16012:	8f4a                	mv	t5,s2
   16014:	8762                	mv	a4,s8
   16016:	4881                	li	a7,0
   16018:	5a0e0063          	beqz	t3,165b8 <__gdtoa+0xeda>
   1601c:	4689                	li	a3,2
   1601e:	5cde0b63          	beq	t3,a3,165f4 <__gdtoa+0xf16>
   16022:	4850                	lw	a2,20(s0)
   16024:	4685                	li	a3,1
   16026:	42c6c163          	blt	a3,a2,16448 <__gdtoa+0xd6a>
   1602a:	4c14                	lw	a3,24(s0)
   1602c:	40069e63          	bnez	a3,16448 <__gdtoa+0xd6a>
   16030:	00d036b3          	snez	a3,a3
   16034:	00469b9b          	slliw	s7,a3,0x4
   16038:	03000613          	li	a2,48
   1603c:	833e                	mv	t1,a5
   1603e:	fff7c683          	lbu	a3,-1(a5)
   16042:	17fd                	addi	a5,a5,-1
   16044:	fec68ce3          	beq	a3,a2,1603c <__gdtoa+0x95e>
   16048:	85fa                	mv	a1,t5
   1604a:	8552                	mv	a0,s4
   1604c:	f43a                	sd	a4,40(sp)
   1604e:	f01a                	sd	t1,32(sp)
   16050:	ec46                	sd	a7,24(sp)
   16052:	e842                	sd	a6,16(sp)
   16054:	311000ef          	jal	16b64 <_Bfree>
   16058:	67a2                	ld	a5,8(sp)
   1605a:	6842                	ld	a6,16(sp)
   1605c:	68e2                	ld	a7,24(sp)
   1605e:	7302                	ld	t1,32(sp)
   16060:	7722                	ld	a4,40(sp)
   16062:	72078a63          	beqz	a5,16796 <__gdtoa+0x10b8>
   16066:	06088b63          	beqz	a7,160dc <__gdtoa+0x9fe>
   1606a:	67a2                	ld	a5,8(sp)
   1606c:	06f88863          	beq	a7,a5,160dc <__gdtoa+0x9fe>
   16070:	85c6                	mv	a1,a7
   16072:	8552                	mv	a0,s4
   16074:	f03a                	sd	a4,32(sp)
   16076:	ec1a                	sd	t1,24(sp)
   16078:	e842                	sd	a6,16(sp)
   1607a:	2eb000ef          	jal	16b64 <_Bfree>
   1607e:	7702                	ld	a4,32(sp)
   16080:	6362                	ld	t1,24(sp)
   16082:	6842                	ld	a6,16(sp)
   16084:	790e                	ld	s2,224(sp)
   16086:	bbe9                	j	15e60 <__gdtoa+0x782>
   16088:	4581                	li	a1,0
   1608a:	8552                	mv	a0,s4
   1608c:	e43a                	sd	a4,8(sp)
   1608e:	2d7000ef          	jal	16b64 <_Bfree>
   16092:	6722                	ld	a4,8(sp)
   16094:	4160063b          	negw	a2,s6
   16098:	4bc1                	li	s7,16
   1609a:	833a                	mv	t1,a4
   1609c:	b475                	j	15b48 <__gdtoa+0x46a>
   1609e:	4705                	li	a4,1
   160a0:	85ba                	mv	a1,a4
   160a2:	b289                	j	159e4 <__gdtoa+0x306>
   160a4:	4481                	li	s1,0
   160a6:	4705                	li	a4,1
   160a8:	4a95                	li	s5,5
   160aa:	f4ba                	sd	a4,104(sp)
   160ac:	b21d                	j	159d2 <__gdtoa+0x2f4>
   160ae:	85a2                	mv	a1,s0
   160b0:	8552                	mv	a0,s4
   160b2:	e4ba                	sd	a4,72(sp)
   160b4:	e0f6                	sd	t4,64(sp)
   160b6:	fc7a                	sd	t5,56(sp)
   160b8:	f872                	sd	t3,48(sp)
   160ba:	f442                	sd	a6,40(sp)
   160bc:	f03e                	sd	a5,32(sp)
   160be:	ec46                	sd	a7,24(sp)
   160c0:	112010ef          	jal	171d2 <__lshift>
   160c4:	842a                	mv	s0,a0
   160c6:	840505e3          	beqz	a0,15910 <__gdtoa+0x232>
   160ca:	46ba                	lw	a3,140(sp)
   160cc:	6726                	ld	a4,72(sp)
   160ce:	6e86                	ld	t4,64(sp)
   160d0:	7f62                	ld	t5,56(sp)
   160d2:	7e42                	ld	t3,48(sp)
   160d4:	7822                	ld	a6,40(sp)
   160d6:	7782                	ld	a5,32(sp)
   160d8:	68e2                	ld	a7,24(sp)
   160da:	b329                	j	15de4 <__gdtoa+0x706>
   160dc:	790e                	ld	s2,224(sp)
   160de:	b349                	j	15e60 <__gdtoa+0x782>
   160e0:	74ae                	ld	s1,232(sp)
   160e2:	790e                	ld	s2,224(sp)
   160e4:	82fff06f          	j	15912 <__gdtoa+0x234>
   160e8:	65a6                	ld	a1,72(sp)
   160ea:	fff8869b          	addiw	a3,a7,-1
   160ee:	8636                	mv	a2,a3
   160f0:	26d5c663          	blt	a1,a3,1635c <__gdtoa+0xc7e>
   160f4:	40d584bb          	subw	s1,a1,a3
   160f8:	6408d963          	bgez	a7,1674a <__gdtoa+0x106c>
   160fc:	66c2                	ld	a3,16(sp)
   160fe:	c702                	sw	zero,140(sp)
   16100:	ec36                	sd	a3,24(sp)
   16102:	411686bb          	subw	a3,a3,a7
   16106:	e836                	sd	a3,16(sp)
   16108:	b909                	j	15d1a <__gdtoa+0x63c>
   1610a:	85aa                	mv	a1,a0
   1610c:	8636                	mv	a2,a3
   1610e:	8552                	mv	a0,s4
   16110:	e0ba                	sd	a4,64(sp)
   16112:	fc76                	sd	t4,56(sp)
   16114:	e4be                	sd	a5,72(sp)
   16116:	7d5000ef          	jal	170ea <__pow5mult>
   1611a:	8f2a                	mv	t5,a0
   1611c:	fe050a63          	beqz	a0,15910 <__gdtoa+0x232>
   16120:	002aa693          	slti	a3,s5,2
   16124:	7882                	ld	a7,32(sp)
   16126:	7822                	ld	a6,40(sp)
   16128:	7e42                	ld	t3,48(sp)
   1612a:	7ee2                	ld	t4,56(sp)
   1612c:	6706                	ld	a4,64(sp)
   1612e:	c681                	beqz	a3,16136 <__gdtoa+0xa58>
   16130:	67a6                	ld	a5,72(sp)
   16132:	17fd                	addi	a5,a5,-1
   16134:	c79d                	beqz	a5,16162 <__gdtoa+0xa84>
   16136:	e882                	sd	zero,80(sp)
   16138:	014f2783          	lw	a5,20(t5)
   1613c:	e4ba                	sd	a4,72(sp)
   1613e:	e0f6                	sd	t4,64(sp)
   16140:	37fd                	addiw	a5,a5,-1
   16142:	078a                	slli	a5,a5,0x2
   16144:	97fa                	add	a5,a5,t5
   16146:	4f88                	lw	a0,24(a5)
   16148:	fc72                	sd	t3,56(sp)
   1614a:	f842                	sd	a6,48(sp)
   1614c:	f446                	sd	a7,40(sp)
   1614e:	f07a                	sd	t5,32(sp)
   16150:	403000ef          	jal	16d52 <__hi0bits>
   16154:	6726                	ld	a4,72(sp)
   16156:	6e86                	ld	t4,64(sp)
   16158:	7e62                	ld	t3,56(sp)
   1615a:	7842                	ld	a6,48(sp)
   1615c:	78a2                	ld	a7,40(sp)
   1615e:	7f02                	ld	t5,32(sp)
   16160:	b1bd                	j	15dce <__gdtoa+0x6f0>
   16162:	004da783          	lw	a5,4(s11)
   16166:	2785                	addiw	a5,a5,1
   16168:	fda7d7e3          	bge	a5,s10,16136 <__gdtoa+0xa58>
   1616c:	67e2                	ld	a5,24(sp)
   1616e:	2e85                	addiw	t4,t4,1
   16170:	2785                	addiw	a5,a5,1
   16172:	ec3e                	sd	a5,24(sp)
   16174:	4785                	li	a5,1
   16176:	e8be                	sd	a5,80(sp)
   16178:	b7c1                	j	16138 <__gdtoa+0xa5a>
   1617a:	4705                	li	a4,1
   1617c:	9f0d                	subw	a4,a4,a1
   1617e:	e83a                	sd	a4,16(sp)
   16180:	8ec2                	mv	t4,a6
   16182:	f082                	sd	zero,96(sp)
   16184:	e8c2                	sd	a6,80(sp)
   16186:	e482                	sd	zero,72(sp)
   16188:	823ff06f          	j	159aa <__gdtoa+0x2cc>
   1618c:	66c2                	ld	a3,16(sp)
   1618e:	ec36                	sd	a3,24(sp)
   16190:	66a6                	ld	a3,72(sp)
   16192:	da0685e3          	beqz	a3,15f3c <__gdtoa+0x85e>
   16196:	6626                	ld	a2,72(sp)
   16198:	85a2                	mv	a1,s0
   1619a:	8552                	mv	a0,s4
   1619c:	ecba                	sd	a4,88(sp)
   1619e:	e0f6                	sd	t4,64(sp)
   161a0:	fc3e                	sd	a5,56(sp)
   161a2:	f872                	sd	t3,48(sp)
   161a4:	f442                	sd	a6,40(sp)
   161a6:	f046                	sd	a7,32(sp)
   161a8:	743000ef          	jal	170ea <__pow5mult>
   161ac:	842a                	mv	s0,a0
   161ae:	f6050163          	beqz	a0,15910 <__gdtoa+0x232>
   161b2:	67e2                	ld	a5,24(sp)
   161b4:	6766                	ld	a4,88(sp)
   161b6:	6e86                	ld	t4,64(sp)
   161b8:	e83e                	sd	a5,16(sp)
   161ba:	7e42                	ld	t3,48(sp)
   161bc:	77e2                	ld	a5,56(sp)
   161be:	7822                	ld	a6,40(sp)
   161c0:	7882                	ld	a7,32(sp)
   161c2:	e402                	sd	zero,8(sp)
   161c4:	bec1                	j	15d94 <__gdtoa+0x6b6>
   161c6:	4685                	li	a3,1
   161c8:	f356c0e3          	blt	a3,s5,160e8 <__gdtoa+0xa0a>
   161cc:	66c2                	ld	a3,16(sp)
   161ce:	64a6                	ld	s1,72(sp)
   161d0:	01d58ebb          	addw	t4,a1,t4
   161d4:	9ead                	addw	a3,a3,a1
   161d6:	ec36                	sd	a3,24(sp)
   161d8:	b689                	j	15d1a <__gdtoa+0x63c>
   161da:	65a2                	ld	a1,8(sp)
   161dc:	4681                	li	a3,0
   161de:	4629                	li	a2,10
   161e0:	8552                	mv	a0,s4
   161e2:	f042                	sd	a6,32(sp)
   161e4:	193000ef          	jal	16b76 <__multadd>
   161e8:	e42a                	sd	a0,8(sp)
   161ea:	f2050363          	beqz	a0,15910 <__gdtoa+0x232>
   161ee:	76c6                	ld	a3,112(sp)
   161f0:	67e2                	ld	a5,24(sp)
   161f2:	7802                	ld	a6,32(sp)
   161f4:	7e22                	ld	t3,40(sp)
   161f6:	7f42                	ld	t5,48(sp)
   161f8:	7762                	ld	a4,56(sp)
   161fa:	78c6                	ld	a7,112(sp)
   161fc:	00d04563          	bgtz	a3,16206 <__gdtoa+0xb28>
   16200:	4689                	li	a3,2
   16202:	bf56cce3          	blt	a3,s5,15dfa <__gdtoa+0x71c>
   16206:	66c2                	ld	a3,16(sp)
   16208:	00d7863b          	addw	a2,a5,a3
   1620c:	26c04163          	bgtz	a2,1646e <__gdtoa+0xd90>
   16210:	67c6                	ld	a5,80(sp)
   16212:	6b22                	ld	s6,8(sp)
   16214:	2e079463          	bnez	a5,164fc <__gdtoa+0xe1e>
   16218:	ffee0793          	addi	a5,t3,-2
   1621c:	e0be                	sd	a5,64(sp)
   1621e:	f1ca                	sd	s2,224(sp)
   16220:	4785                	li	a5,1
   16222:	f446                	sd	a7,40(sp)
   16224:	e4c2                	sd	a6,72(sp)
   16226:	f872                	sd	t3,48(sp)
   16228:	8d3a                	mv	s10,a4
   1622a:	f07a                	sd	t5,32(sp)
   1622c:	e8ba                	sd	a4,80(sp)
   1622e:	a051                	j	162b2 <__gdtoa+0xbd4>
   16230:	8552                	mv	a0,s4
   16232:	ec76                	sd	t4,24(sp)
   16234:	131000ef          	jal	16b64 <_Bfree>
   16238:	6ee2                	ld	t4,24(sp)
   1623a:	4685                	li	a3,1
   1623c:	67c2                	ld	a5,16(sp)
   1623e:	3c07c263          	bltz	a5,16602 <__gdtoa+0xf24>
   16242:	0157e7b3          	or	a5,a5,s5
   16246:	2781                	sext.w	a5,a5
   16248:	e791                	bnez	a5,16254 <__gdtoa+0xb76>
   1624a:	000c2783          	lw	a5,0(s8)
   1624e:	8b85                	andi	a5,a5,1
   16250:	3a078963          	beqz	a5,16602 <__gdtoa+0xf24>
   16254:	001d0793          	addi	a5,s10,1
   16258:	893e                	mv	s2,a5
   1625a:	00d05563          	blez	a3,16264 <__gdtoa+0xb86>
   1625e:	6706                	ld	a4,64(sp)
   16260:	42071d63          	bnez	a4,1669a <__gdtoa+0xfbc>
   16264:	ffb90fa3          	sb	s11,-1(s2)
   16268:	473a                	lw	a4,140(sp)
   1626a:	76a2                	ld	a3,40(sp)
   1626c:	44d70a63          	beq	a4,a3,166c0 <__gdtoa+0xfe2>
   16270:	85a2                	mv	a1,s0
   16272:	4681                	li	a3,0
   16274:	4629                	li	a2,10
   16276:	8552                	mv	a0,s4
   16278:	0ff000ef          	jal	16b76 <__multadd>
   1627c:	842a                	mv	s0,a0
   1627e:	e60501e3          	beqz	a0,160e0 <__gdtoa+0xa02>
   16282:	67a2                	ld	a5,8(sp)
   16284:	65a2                	ld	a1,8(sp)
   16286:	4681                	li	a3,0
   16288:	4629                	li	a2,10
   1628a:	8552                	mv	a0,s4
   1628c:	0b678763          	beq	a5,s6,1633a <__gdtoa+0xc5c>
   16290:	0e7000ef          	jal	16b76 <__multadd>
   16294:	e42a                	sd	a0,8(sp)
   16296:	e40505e3          	beqz	a0,160e0 <__gdtoa+0xa02>
   1629a:	85da                	mv	a1,s6
   1629c:	4681                	li	a3,0
   1629e:	4629                	li	a2,10
   162a0:	8552                	mv	a0,s4
   162a2:	0d5000ef          	jal	16b76 <__multadd>
   162a6:	8b2a                	mv	s6,a0
   162a8:	e2050ce3          	beqz	a0,160e0 <__gdtoa+0xa02>
   162ac:	47ba                	lw	a5,140(sp)
   162ae:	8d4a                	mv	s10,s2
   162b0:	2785                	addiw	a5,a5,1
   162b2:	7482                	ld	s1,32(sp)
   162b4:	8522                	mv	a0,s0
   162b6:	c73e                	sw	a5,140(sp)
   162b8:	85a6                	mv	a1,s1
   162ba:	5da000ef          	jal	16894 <__quorem_D2A>
   162be:	65a2                	ld	a1,8(sp)
   162c0:	892a                	mv	s2,a0
   162c2:	8522                	mv	a0,s0
   162c4:	028010ef          	jal	172ec <__mcmp>
   162c8:	e82a                	sd	a0,16(sp)
   162ca:	85a6                	mv	a1,s1
   162cc:	865a                	mv	a2,s6
   162ce:	8552                	mv	a0,s4
   162d0:	052010ef          	jal	17322 <__mdiff>
   162d4:	85aa                	mv	a1,a0
   162d6:	e00505e3          	beqz	a0,160e0 <__gdtoa+0xa02>
   162da:	491c                	lw	a5,16(a0)
   162dc:	03090e9b          	addiw	t4,s2,48
   162e0:	8df6                	mv	s11,t4
   162e2:	f7b9                	bnez	a5,16230 <__gdtoa+0xb52>
   162e4:	ec2a                	sd	a0,24(sp)
   162e6:	8522                	mv	a0,s0
   162e8:	fc76                	sd	t4,56(sp)
   162ea:	002010ef          	jal	172ec <__mcmp>
   162ee:	65e2                	ld	a1,24(sp)
   162f0:	84aa                	mv	s1,a0
   162f2:	8552                	mv	a0,s4
   162f4:	071000ef          	jal	16b64 <_Bfree>
   162f8:	0154e6b3          	or	a3,s1,s5
   162fc:	2681                	sext.w	a3,a3
   162fe:	7ee2                	ld	t4,56(sp)
   16300:	16069563          	bnez	a3,1646a <__gdtoa+0xd8c>
   16304:	000c2783          	lw	a5,0(s8)
   16308:	7742                	ld	a4,48(sp)
   1630a:	8b85                	andi	a5,a5,1
   1630c:	8fd9                	or	a5,a5,a4
   1630e:	f79d                	bnez	a5,1623c <__gdtoa+0xb5e>
   16310:	03900793          	li	a5,57
   16314:	6826                	ld	a6,72(sp)
   16316:	7f02                	ld	t5,32(sp)
   16318:	6746                	ld	a4,80(sp)
   1631a:	6542                	ld	a0,16(sp)
   1631c:	836a                	mv	t1,s10
   1631e:	10fe8c63          	beq	t4,a5,16436 <__gdtoa+0xd58>
   16322:	46a05f63          	blez	a0,167a0 <__gdtoa+0x10c2>
   16326:	03190e9b          	addiw	t4,s2,49
   1632a:	02000b93          	li	s7,32
   1632e:	68a2                	ld	a7,8(sp)
   16330:	01d30023          	sb	t4,0(t1)
   16334:	e45a                	sd	s6,8(sp)
   16336:	0305                	addi	t1,t1,1
   16338:	bb01                	j	16048 <__gdtoa+0x96a>
   1633a:	03d000ef          	jal	16b76 <__multadd>
   1633e:	e42a                	sd	a0,8(sp)
   16340:	da0500e3          	beqz	a0,160e0 <__gdtoa+0xa02>
   16344:	8b2a                	mv	s6,a0
   16346:	b79d                	j	162ac <__gdtoa+0xbce>
   16348:	fffb4813          	not	a6,s6
   1634c:	833a                	mv	t1,a4
   1634e:	4bc1                	li	s7,16
   16350:	bcd5                	j	15e44 <__gdtoa+0x766>
   16352:	4705                	li	a4,1
   16354:	f4ba                	sd	a4,104(sp)
   16356:	b29d                	j	15cbc <__gdtoa+0x5de>
   16358:	f482                	sd	zero,104(sp)
   1635a:	b28d                	j	15cbc <__gdtoa+0x5de>
   1635c:	66a6                	ld	a3,72(sp)
   1635e:	65c6                	ld	a1,80(sp)
   16360:	c746                	sw	a7,140(sp)
   16362:	40d606bb          	subw	a3,a2,a3
   16366:	9ead                	addw	a3,a3,a1
   16368:	e8b6                	sd	a3,80(sp)
   1636a:	66c2                	ld	a3,16(sp)
   1636c:	01d88ebb          	addw	t4,a7,t4
   16370:	e4b2                	sd	a2,72(sp)
   16372:	011686bb          	addw	a3,a3,a7
   16376:	ec36                	sd	a3,24(sp)
   16378:	4481                	li	s1,0
   1637a:	b245                	j	15d1a <__gdtoa+0x63c>
   1637c:	65a2                	ld	a1,8(sp)
   1637e:	8626                	mv	a2,s1
   16380:	8552                	mv	a0,s4
   16382:	f1ca                	sd	s2,224(sp)
   16384:	ecba                	sd	a4,88(sp)
   16386:	e0f6                	sd	t4,64(sp)
   16388:	fc3e                	sd	a5,56(sp)
   1638a:	f872                	sd	t3,48(sp)
   1638c:	f442                	sd	a6,40(sp)
   1638e:	f046                	sd	a7,32(sp)
   16390:	55b000ef          	jal	170ea <__pow5mult>
   16394:	e42a                	sd	a0,8(sp)
   16396:	d40505e3          	beqz	a0,160e0 <__gdtoa+0xa02>
   1639a:	85aa                	mv	a1,a0
   1639c:	8622                	mv	a2,s0
   1639e:	8552                	mv	a0,s4
   163a0:	367000ef          	jal	16f06 <__multiply>
   163a4:	d2050ee3          	beqz	a0,160e0 <__gdtoa+0xa02>
   163a8:	85a2                	mv	a1,s0
   163aa:	fcaa                	sd	a0,120(sp)
   163ac:	8552                	mv	a0,s4
   163ae:	7b6000ef          	jal	16b64 <_Bfree>
   163b2:	67a6                	ld	a5,72(sp)
   163b4:	7466                	ld	s0,120(sp)
   163b6:	7882                	ld	a7,32(sp)
   163b8:	9f85                	subw	a5,a5,s1
   163ba:	e4be                	sd	a5,72(sp)
   163bc:	86be                	mv	a3,a5
   163be:	7822                	ld	a6,40(sp)
   163c0:	7e42                	ld	t3,48(sp)
   163c2:	77e2                	ld	a5,56(sp)
   163c4:	6e86                	ld	t4,64(sp)
   163c6:	6766                	ld	a4,88(sp)
   163c8:	790e                	ld	s2,224(sp)
   163ca:	9c0685e3          	beqz	a3,15d94 <__gdtoa+0x6b6>
   163ce:	ba79                	j	15d6c <__gdtoa+0x68e>
   163d0:	f20e0753          	fmv.d.x	fa4,t3
   163d4:	833a                	mv	t1,a4
   163d6:	12e675d3          	fmul.d	fa1,fa2,fa4
   163da:	4e05                	li	t3,1
   163dc:	9a01b707          	fld	fa4,-1632(gp) # 1ccb0 <__SDATA_BEGIN__+0x48>
   163e0:	a021                	j	163e8 <__gdtoa+0xd0a>
   163e2:	12e7f7d3          	fmul.d	fa5,fa5,fa4
   163e6:	2e05                	addiw	t3,t3,1
   163e8:	c772                	sw	t3,140(sp)
   163ea:	c2079e53          	fcvt.w.d	t3,fa5,rtz
   163ee:	0305                	addi	t1,t1,1
   163f0:	030e069b          	addiw	a3,t3,48
   163f4:	0ff6f693          	zext.b	a3,a3
   163f8:	000e0663          	beqz	t3,16404 <__gdtoa+0xd26>
   163fc:	d20e0653          	fcvt.d.w	fa2,t3
   16400:	0ac7f7d3          	fsub.d	fa5,fa5,fa2
   16404:	fed30fa3          	sb	a3,-1(t1)
   16408:	4e3a                	lw	t3,140(sp)
   1640a:	fdfe1ce3          	bne	t3,t6,163e2 <__gdtoa+0xd04>
   1640e:	9b81b707          	fld	fa4,-1608(gp) # 1ccc8 <__SDATA_BEGIN__+0x60>
   16412:	02e5f653          	fadd.d	fa2,fa1,fa4
   16416:	a2f61e53          	flt.d	t3,fa2,fa5
   1641a:	f00e1463          	bnez	t3,15b22 <__gdtoa+0x444>
   1641e:	0ab77753          	fsub.d	fa4,fa4,fa1
   16422:	a2e796d3          	flt.d	a3,fa5,fa4
   16426:	26069063          	bnez	a3,16686 <__gdtoa+0xfa8>
   1642a:	4e01                	li	t3,0
   1642c:	ae0644e3          	bltz	a2,15f14 <__gdtoa+0x836>
   16430:	2118                	fld	fa4,0(a0)
   16432:	4e01                	li	t3,0
   16434:	be01                	j	15f44 <__gdtoa+0x866>
   16436:	00130613          	addi	a2,t1,1
   1643a:	03900693          	li	a3,57
   1643e:	68a2                	ld	a7,8(sp)
   16440:	87b2                	mv	a5,a2
   16442:	e45a                	sd	s6,8(sp)
   16444:	00d30023          	sb	a3,0(t1)
   16448:	03900613          	li	a2,57
   1644c:	a019                	j	16452 <__gdtoa+0xd74>
   1644e:	14f70163          	beq	a4,a5,16590 <__gdtoa+0xeb2>
   16452:	fff7c683          	lbu	a3,-1(a5)
   16456:	833e                	mv	t1,a5
   16458:	17fd                	addi	a5,a5,-1
   1645a:	fec68ae3          	beq	a3,a2,1644e <__gdtoa+0xd70>
   1645e:	2685                	addiw	a3,a3,1
   16460:	00d78023          	sb	a3,0(a5)
   16464:	02000b93          	li	s7,32
   16468:	b6c5                	j	16048 <__gdtoa+0x96a>
   1646a:	86a6                	mv	a3,s1
   1646c:	bbc1                	j	1623c <__gdtoa+0xb5e>
   1646e:	65a2                	ld	a1,8(sp)
   16470:	8552                	mv	a0,s4
   16472:	f83a                	sd	a4,48(sp)
   16474:	f47a                	sd	t5,40(sp)
   16476:	f072                	sd	t3,32(sp)
   16478:	ec42                	sd	a6,24(sp)
   1647a:	e846                	sd	a7,16(sp)
   1647c:	557000ef          	jal	171d2 <__lshift>
   16480:	e42a                	sd	a0,8(sp)
   16482:	68c2                	ld	a7,16(sp)
   16484:	6862                	ld	a6,24(sp)
   16486:	7e02                	ld	t3,32(sp)
   16488:	7f22                	ld	t5,40(sp)
   1648a:	7742                	ld	a4,48(sp)
   1648c:	d80512e3          	bnez	a0,16210 <__gdtoa+0xb32>
   16490:	74ae                	ld	s1,232(sp)
   16492:	c80ff06f          	j	15912 <__gdtoa+0x234>
   16496:	03100793          	li	a5,49
   1649a:	00170313          	addi	t1,a4,1
   1649e:	00f70023          	sb	a5,0(a4)
   164a2:	4581                	li	a1,0
   164a4:	8552                	mv	a0,s4
   164a6:	e83a                	sd	a4,16(sp)
   164a8:	e41a                	sd	t1,8(sp)
   164aa:	6ba000ef          	jal	16b64 <_Bfree>
   164ae:	6322                	ld	t1,8(sp)
   164b0:	6742                	ld	a4,16(sp)
   164b2:	4609                	li	a2,2
   164b4:	02000b93          	li	s7,32
   164b8:	e90ff06f          	j	15b48 <__gdtoa+0x46a>
   164bc:	2585                	addiw	a1,a1,1
   164be:	03100693          	li	a3,49
   164c2:	e7aff06f          	j	15b3c <__gdtoa+0x45e>
   164c6:	02f7f7d3          	fadd.d	fa5,fa5,fa5
   164ca:	fff34683          	lbu	a3,-1(t1)
   164ce:	a2f71653          	flt.d	a2,fa4,fa5
   164d2:	ee45                	bnez	a2,1658a <__gdtoa+0xeac>
   164d4:	a2e7a653          	feq.d	a2,fa5,fa4
   164d8:	c219                	beqz	a2,164de <__gdtoa+0xe00>
   164da:	8b85                	andi	a5,a5,1
   164dc:	e7dd                	bnez	a5,1658a <__gdtoa+0xeac>
   164de:	879a                	mv	a5,t1
   164e0:	85c2                	mv	a1,a6
   164e2:	4bc1                	li	s7,16
   164e4:	03000613          	li	a2,48
   164e8:	fff7c683          	lbu	a3,-1(a5)
   164ec:	833e                	mv	t1,a5
   164ee:	17fd                	addi	a5,a5,-1
   164f0:	fec68ce3          	beq	a3,a2,164e8 <__gdtoa+0xe0a>
   164f4:	0015861b          	addiw	a2,a1,1
   164f8:	e50ff06f          	j	15b48 <__gdtoa+0x46a>
   164fc:	008b2583          	lw	a1,8(s6) # ffffffff80000008 <__BSS_END__+0xffffffff7ffe24f8>
   16500:	8552                	mv	a0,s4
   16502:	fc3a                	sd	a4,56(sp)
   16504:	f87a                	sd	t5,48(sp)
   16506:	f472                	sd	t3,40(sp)
   16508:	f042                	sd	a6,32(sp)
   1650a:	ec46                	sd	a7,24(sp)
   1650c:	5e8000ef          	jal	16af4 <_Balloc>
   16510:	87aa                	mv	a5,a0
   16512:	be050f63          	beqz	a0,15910 <__gdtoa+0x232>
   16516:	014b2603          	lw	a2,20(s6)
   1651a:	010b0593          	addi	a1,s6,16
   1651e:	0541                	addi	a0,a0,16
   16520:	060a                	slli	a2,a2,0x2
   16522:	0621                	addi	a2,a2,8
   16524:	e83e                	sd	a5,16(sp)
   16526:	d1bfe0ef          	jal	15240 <memcpy>
   1652a:	65c2                	ld	a1,16(sp)
   1652c:	8552                	mv	a0,s4
   1652e:	4605                	li	a2,1
   16530:	4a3000ef          	jal	171d2 <__lshift>
   16534:	68e2                	ld	a7,24(sp)
   16536:	7802                	ld	a6,32(sp)
   16538:	7e22                	ld	t3,40(sp)
   1653a:	7f42                	ld	t5,48(sp)
   1653c:	7762                	ld	a4,56(sp)
   1653e:	8b2a                	mv	s6,a0
   16540:	cc051ce3          	bnez	a0,16218 <__gdtoa+0xb3a>
   16544:	74ae                	ld	s1,232(sp)
   16546:	bccff06f          	j	15912 <__gdtoa+0x234>
   1654a:	7fc6                	ld	t6,112(sp)
   1654c:	edf05063          	blez	t6,15c0c <__gdtoa+0x52e>
   16550:	9a01b787          	fld	fa5,-1632(gp) # 1ccb0 <__SDATA_BEGIN__+0x48>
   16554:	9a81b707          	fld	fa4,-1624(gp) # 1ccb8 <__SDATA_BEGIN__+0x50>
   16558:	12f6f7d3          	fmul.d	fa5,fa3,fa5
   1655c:	a43a                	fsd	fa4,8(sp)
   1655e:	2622                	fld	fa2,8(sp)
   16560:	9981b707          	fld	fa4,-1640(gp) # 1cca8 <__SDATA_BEGIN__+0x40>
   16564:	fcc00337          	lui	t1,0xfcc00
   16568:	55fd                	li	a1,-1
   1656a:	72c7f743          	fmadd.d	fa4,fa5,fa2,fa4
   1656e:	e2070553          	fmv.x.d	a0,fa4
   16572:	02051e13          	slli	t3,a0,0x20
   16576:	9101                	srli	a0,a0,0x20
   16578:	0065053b          	addw	a0,a0,t1
   1657c:	020e5e13          	srli	t3,t3,0x20
   16580:	1502                	slli	a0,a0,0x20
   16582:	00ae6e33          	or	t3,t3,a0
   16586:	d0aff06f          	j	15a90 <__gdtoa+0x3b2>
   1658a:	85c2                	mv	a1,a6
   1658c:	d96ff06f          	j	15b22 <__gdtoa+0x444>
   16590:	03100793          	li	a5,49
   16594:	2805                	addiw	a6,a6,1
   16596:	00f70023          	sb	a5,0(a4)
   1659a:	02000b93          	li	s7,32
   1659e:	b46d                	j	16048 <__gdtoa+0x96a>
   165a0:	f2000753          	fmv.d.x	fa4,zero
   165a4:	0015861b          	addiw	a2,a1,1
   165a8:	a2e7a7d3          	feq.d	a5,fa5,fa4
   165ac:	0017b793          	seqz	a5,a5
   165b0:	00479b9b          	slliw	s7,a5,0x4
   165b4:	d94ff06f          	j	15b48 <__gdtoa+0x46a>
   165b8:	85a2                	mv	a1,s0
   165ba:	4605                	li	a2,1
   165bc:	8552                	mv	a0,s4
   165be:	fc3a                	sd	a4,56(sp)
   165c0:	e87a                	sd	t5,16(sp)
   165c2:	f83e                	sd	a5,48(sp)
   165c4:	f446                	sd	a7,40(sp)
   165c6:	f042                	sd	a6,32(sp)
   165c8:	ec76                	sd	t4,24(sp)
   165ca:	409000ef          	jal	171d2 <__lshift>
   165ce:	842a                	mv	s0,a0
   165d0:	b00508e3          	beqz	a0,160e0 <__gdtoa+0xa02>
   165d4:	65c2                	ld	a1,16(sp)
   165d6:	517000ef          	jal	172ec <__mcmp>
   165da:	6f42                	ld	t5,16(sp)
   165dc:	7802                	ld	a6,32(sp)
   165de:	78a2                	ld	a7,40(sp)
   165e0:	77c2                	ld	a5,48(sp)
   165e2:	7762                	ld	a4,56(sp)
   165e4:	e6a042e3          	bgtz	a0,16448 <__gdtoa+0xd6a>
   165e8:	e511                	bnez	a0,165f4 <__gdtoa+0xf16>
   165ea:	6ee2                	ld	t4,24(sp)
   165ec:	001efe93          	andi	t4,t4,1
   165f0:	e40e9ce3          	bnez	t4,16448 <__gdtoa+0xd6a>
   165f4:	4850                	lw	a2,20(s0)
   165f6:	4685                	li	a3,1
   165f8:	4bc1                	li	s7,16
   165fa:	a2c6cfe3          	blt	a3,a2,16038 <__gdtoa+0x95a>
   165fe:	4c14                	lw	a3,24(s0)
   16600:	bc05                	j	16030 <__gdtoa+0x952>
   16602:	7e42                	ld	t3,48(sp)
   16604:	6826                	ld	a6,72(sp)
   16606:	7f02                	ld	t5,32(sp)
   16608:	6746                	ld	a4,80(sp)
   1660a:	836a                	mv	t1,s10
   1660c:	0c0e0463          	beqz	t3,166d4 <__gdtoa+0xff6>
   16610:	4850                	lw	a2,20(s0)
   16612:	4785                	li	a5,1
   16614:	14c7d463          	bge	a5,a2,1675c <__gdtoa+0x107e>
   16618:	4789                	li	a5,2
   1661a:	14fe0763          	beq	t3,a5,16768 <__gdtoa+0x108a>
   1661e:	8aa2                	mv	s5,s0
   16620:	8c42                	mv	s8,a6
   16622:	841a                	mv	s0,t1
   16624:	8bfa                	mv	s7,t5
   16626:	8d3a                	mv	s10,a4
   16628:	a821                	j	16640 <__gdtoa+0xf62>
   1662a:	54c000ef          	jal	16b76 <__multadd>
   1662e:	85de                	mv	a1,s7
   16630:	8aaa                	mv	s5,a0
   16632:	0405                	addi	s0,s0,1
   16634:	aa0506e3          	beqz	a0,160e0 <__gdtoa+0xa02>
   16638:	25c000ef          	jal	16894 <__quorem_D2A>
   1663c:	03050e9b          	addiw	t4,a0,48
   16640:	85da                	mv	a1,s6
   16642:	855e                	mv	a0,s7
   16644:	e876                	sd	t4,16(sp)
   16646:	4a7000ef          	jal	172ec <__mcmp>
   1664a:	6ec2                	ld	t4,16(sp)
   1664c:	4681                	li	a3,0
   1664e:	4629                	li	a2,10
   16650:	10a05e63          	blez	a0,1676c <__gdtoa+0x108e>
   16654:	85da                	mv	a1,s6
   16656:	01d40023          	sb	t4,0(s0)
   1665a:	8552                	mv	a0,s4
   1665c:	51a000ef          	jal	16b76 <__multadd>
   16660:	87aa                	mv	a5,a0
   16662:	84da                	mv	s1,s6
   16664:	4681                	li	a3,0
   16666:	8b2a                	mv	s6,a0
   16668:	4629                	li	a2,10
   1666a:	85d6                	mv	a1,s5
   1666c:	8552                	mv	a0,s4
   1666e:	a60789e3          	beqz	a5,160e0 <__gdtoa+0xa02>
   16672:	67a2                	ld	a5,8(sp)
   16674:	fa979be3          	bne	a5,s1,1662a <__gdtoa+0xf4c>
   16678:	e45a                	sd	s6,8(sp)
   1667a:	bf45                	j	1662a <__gdtoa+0xf4c>
   1667c:	4e01                	li	t3,0
   1667e:	da065363          	bgez	a2,15c24 <__gdtoa+0x546>
   16682:	e54ff06f          	j	15cd6 <__gdtoa+0x5f8>
   16686:	f2000753          	fmv.d.x	fa4,zero
   1668a:	879a                	mv	a5,t1
   1668c:	a2e7a6d3          	feq.d	a3,fa5,fa4
   16690:	0016b693          	seqz	a3,a3
   16694:	00469b9b          	slliw	s7,a3,0x4
   16698:	b5b1                	j	164e4 <__gdtoa+0xe06>
   1669a:	863e                	mv	a2,a5
   1669c:	03900793          	li	a5,57
   166a0:	6826                	ld	a6,72(sp)
   166a2:	7f02                	ld	t5,32(sp)
   166a4:	6746                	ld	a4,80(sp)
   166a6:	836a                	mv	t1,s10
   166a8:	d8fd89e3          	beq	s11,a5,1643a <__gdtoa+0xd5c>
   166ac:	001d879b          	addiw	a5,s11,1
   166b0:	68a2                	ld	a7,8(sp)
   166b2:	00fd0023          	sb	a5,0(s10)
   166b6:	834a                	mv	t1,s2
   166b8:	e45a                	sd	s6,8(sp)
   166ba:	02000b93          	li	s7,32
   166be:	b269                	j	16048 <__gdtoa+0x96a>
   166c0:	68a2                	ld	a7,8(sp)
   166c2:	6826                	ld	a6,72(sp)
   166c4:	7e42                	ld	t3,48(sp)
   166c6:	7f02                	ld	t5,32(sp)
   166c8:	6746                	ld	a4,80(sp)
   166ca:	e45a                	sd	s6,8(sp)
   166cc:	b2b1                	j	16018 <__gdtoa+0x93a>
   166ce:	78c6                	ld	a7,112(sp)
   166d0:	f1ca                	sd	s2,224(sp)
   166d2:	b8dd                	j	15fc8 <__gdtoa+0x8ea>
   166d4:	04d05063          	blez	a3,16714 <__gdtoa+0x1036>
   166d8:	85a2                	mv	a1,s0
   166da:	4605                	li	a2,1
   166dc:	8552                	mv	a0,s4
   166de:	f83a                	sd	a4,48(sp)
   166e0:	e87a                	sd	t5,16(sp)
   166e2:	f41a                	sd	t1,40(sp)
   166e4:	f042                	sd	a6,32(sp)
   166e6:	ec76                	sd	t4,24(sp)
   166e8:	2eb000ef          	jal	171d2 <__lshift>
   166ec:	842a                	mv	s0,a0
   166ee:	9e0509e3          	beqz	a0,160e0 <__gdtoa+0xa02>
   166f2:	65c2                	ld	a1,16(sp)
   166f4:	3f9000ef          	jal	172ec <__mcmp>
   166f8:	6f42                	ld	t5,16(sp)
   166fa:	7802                	ld	a6,32(sp)
   166fc:	7322                	ld	t1,40(sp)
   166fe:	7742                	ld	a4,48(sp)
   16700:	08a05363          	blez	a0,16786 <__gdtoa+0x10a8>
   16704:	03900793          	li	a5,57
   16708:	d2fd87e3          	beq	s11,a5,16436 <__gdtoa+0xd58>
   1670c:	03190e9b          	addiw	t4,s2,49
   16710:	02000e13          	li	t3,32
   16714:	4854                	lw	a3,20(s0)
   16716:	4785                	li	a5,1
   16718:	4bc1                	li	s7,16
   1671a:	c0d7cae3          	blt	a5,a3,1632e <__gdtoa+0xc50>
   1671e:	4c1c                	lw	a5,24(s0)
   16720:	c00797e3          	bnez	a5,1632e <__gdtoa+0xc50>
   16724:	8bf2                	mv	s7,t3
   16726:	b121                	j	1632e <__gdtoa+0xc50>
   16728:	65a6                	ld	a1,72(sp)
   1672a:	fff8869b          	addiw	a3,a7,-1
   1672e:	8636                	mv	a2,a3
   16730:	c2d5c6e3          	blt	a1,a3,1635c <__gdtoa+0xc7e>
   16734:	40d584bb          	subw	s1,a1,a3
   16738:	66c2                	ld	a3,16(sp)
   1673a:	01d88ebb          	addw	t4,a7,t4
   1673e:	c746                	sw	a7,140(sp)
   16740:	011686bb          	addw	a3,a3,a7
   16744:	ec36                	sd	a3,24(sp)
   16746:	dd4ff06f          	j	15d1a <__gdtoa+0x63c>
   1674a:	66c2                	ld	a3,16(sp)
   1674c:	c746                	sw	a7,140(sp)
   1674e:	01d88ebb          	addw	t4,a7,t4
   16752:	011686bb          	addw	a3,a3,a7
   16756:	ec36                	sd	a3,24(sp)
   16758:	dc2ff06f          	j	15d1a <__gdtoa+0x63c>
   1675c:	4c1c                	lw	a5,24(s0)
   1675e:	ea079de3          	bnez	a5,16618 <__gdtoa+0xf3a>
   16762:	f6d04be3          	bgtz	a3,166d8 <__gdtoa+0xffa>
   16766:	b6e1                	j	1632e <__gdtoa+0xc50>
   16768:	4bc1                	li	s7,16
   1676a:	b6d1                	j	1632e <__gdtoa+0xc50>
   1676c:	03900793          	li	a5,57
   16770:	8322                	mv	t1,s0
   16772:	8862                	mv	a6,s8
   16774:	8456                	mv	s0,s5
   16776:	8f5e                	mv	t5,s7
   16778:	876a                	mv	a4,s10
   1677a:	cafe8ee3          	beq	t4,a5,16436 <__gdtoa+0xd58>
   1677e:	2e85                	addiw	t4,t4,1
   16780:	02000b93          	li	s7,32
   16784:	b66d                	j	1632e <__gdtoa+0xc50>
   16786:	6ee2                	ld	t4,24(sp)
   16788:	e501                	bnez	a0,16790 <__gdtoa+0x10b2>
   1678a:	001df793          	andi	a5,s11,1
   1678e:	fbbd                	bnez	a5,16704 <__gdtoa+0x1026>
   16790:	02000e13          	li	t3,32
   16794:	b741                	j	16714 <__gdtoa+0x1036>
   16796:	790e                	ld	s2,224(sp)
   16798:	0018061b          	addiw	a2,a6,1
   1679c:	bacff06f          	j	15b48 <__gdtoa+0x46a>
   167a0:	4854                	lw	a3,20(s0)
   167a2:	4785                	li	a5,1
   167a4:	4bc1                	li	s7,16
   167a6:	b8d7c4e3          	blt	a5,a3,1632e <__gdtoa+0xc50>
   167aa:	4c1c                	lw	a5,24(s0)
   167ac:	00f037b3          	snez	a5,a5
   167b0:	00479b9b          	slliw	s7,a5,0x4
   167b4:	bead                	j	1632e <__gdtoa+0xc50>

00000000000167b6 <__rv_alloc_D2A.part.0>:
   167b6:	66ed                	lui	a3,0x1b
   167b8:	656d                	lui	a0,0x1b
   167ba:	1141                	addi	sp,sp,-16
   167bc:	86868693          	addi	a3,a3,-1944 # 1a868 <__clzdi2+0x1c8>
   167c0:	88050513          	addi	a0,a0,-1920 # 1a880 <__clzdi2+0x1e0>
   167c4:	4601                	li	a2,0
   167c6:	03900593          	li	a1,57
   167ca:	e406                	sd	ra,8(sp)
   167cc:	08f010ef          	jal	1805a <__assert_func>

00000000000167d0 <__rv_alloc_D2A>:
   167d0:	1141                	addi	sp,sp,-16
   167d2:	e022                	sd	s0,0(sp)
   167d4:	e406                	sd	ra,8(sp)
   167d6:	46fd                	li	a3,31
   167d8:	842a                	mv	s0,a0
   167da:	4705                	li	a4,1
   167dc:	4791                	li	a5,4
   167de:	02b6f563          	bgeu	a3,a1,16808 <__rv_alloc_D2A+0x38>
   167e2:	0017979b          	slliw	a5,a5,0x1
   167e6:	01c78693          	addi	a3,a5,28
   167ea:	863a                	mv	a2,a4
   167ec:	2705                	addiw	a4,a4,1
   167ee:	fed5fae3          	bgeu	a1,a3,167e2 <__rv_alloc_D2A+0x12>
   167f2:	85b2                	mv	a1,a2
   167f4:	cc30                	sw	a2,88(s0)
   167f6:	8522                	mv	a0,s0
   167f8:	2fc000ef          	jal	16af4 <_Balloc>
   167fc:	c911                	beqz	a0,16810 <__rv_alloc_D2A+0x40>
   167fe:	60a2                	ld	ra,8(sp)
   16800:	e828                	sd	a0,80(s0)
   16802:	6402                	ld	s0,0(sp)
   16804:	0141                	addi	sp,sp,16
   16806:	8082                	ret
   16808:	04052c23          	sw	zero,88(a0)
   1680c:	4581                	li	a1,0
   1680e:	b7e5                	j	167f6 <__rv_alloc_D2A+0x26>
   16810:	fa7ff0ef          	jal	167b6 <__rv_alloc_D2A.part.0>

0000000000016814 <__nrv_alloc_D2A>:
   16814:	7179                	addi	sp,sp,-48
   16816:	f022                	sd	s0,32(sp)
   16818:	ec26                	sd	s1,24(sp)
   1681a:	f406                	sd	ra,40(sp)
   1681c:	487d                	li	a6,31
   1681e:	84aa                	mv	s1,a0
   16820:	842e                	mv	s0,a1
   16822:	4705                	li	a4,1
   16824:	4791                	li	a5,4
   16826:	04d87863          	bgeu	a6,a3,16876 <__nrv_alloc_D2A+0x62>
   1682a:	0017979b          	slliw	a5,a5,0x1
   1682e:	01c78513          	addi	a0,a5,28
   16832:	85ba                	mv	a1,a4
   16834:	2705                	addiw	a4,a4,1
   16836:	fea6fae3          	bgeu	a3,a0,1682a <__nrv_alloc_D2A+0x16>
   1683a:	ccac                	sw	a1,88(s1)
   1683c:	8526                	mv	a0,s1
   1683e:	e432                	sd	a2,8(sp)
   16840:	2b4000ef          	jal	16af4 <_Balloc>
   16844:	6622                	ld	a2,8(sp)
   16846:	cd15                	beqz	a0,16882 <__nrv_alloc_D2A+0x6e>
   16848:	e8a8                	sd	a0,80(s1)
   1684a:	00044783          	lbu	a5,0(s0)
   1684e:	00f50023          	sb	a5,0(a0)
   16852:	c795                	beqz	a5,1687e <__nrv_alloc_D2A+0x6a>
   16854:	00140593          	addi	a1,s0,1
   16858:	87aa                	mv	a5,a0
   1685a:	0005c703          	lbu	a4,0(a1)
   1685e:	0585                	addi	a1,a1,1
   16860:	0785                	addi	a5,a5,1
   16862:	00e78023          	sb	a4,0(a5)
   16866:	fb75                	bnez	a4,1685a <__nrv_alloc_D2A+0x46>
   16868:	c211                	beqz	a2,1686c <__nrv_alloc_D2A+0x58>
   1686a:	e21c                	sd	a5,0(a2)
   1686c:	70a2                	ld	ra,40(sp)
   1686e:	7402                	ld	s0,32(sp)
   16870:	64e2                	ld	s1,24(sp)
   16872:	6145                	addi	sp,sp,48
   16874:	8082                	ret
   16876:	04052c23          	sw	zero,88(a0)
   1687a:	4581                	li	a1,0
   1687c:	b7c1                	j	1683c <__nrv_alloc_D2A+0x28>
   1687e:	87aa                	mv	a5,a0
   16880:	b7e5                	j	16868 <__nrv_alloc_D2A+0x54>
   16882:	f35ff0ef          	jal	167b6 <__rv_alloc_D2A.part.0>

0000000000016886 <__freedtoa>:
   16886:	4d38                	lw	a4,88(a0)
   16888:	4785                	li	a5,1
   1688a:	00e797bb          	sllw	a5,a5,a4
   1688e:	c5dc                	sw	a5,12(a1)
   16890:	c598                	sw	a4,8(a1)
   16892:	acc9                	j	16b64 <_Bfree>

0000000000016894 <__quorem_D2A>:
   16894:	0145a803          	lw	a6,20(a1)
   16898:	495c                	lw	a5,20(a0)
   1689a:	1707c763          	blt	a5,a6,16a08 <__quorem_D2A+0x174>
   1689e:	387d                	addiw	a6,a6,-1
   168a0:	00281393          	slli	t2,a6,0x2
   168a4:	01858613          	addi	a2,a1,24
   168a8:	007608b3          	add	a7,a2,t2
   168ac:	01850313          	addi	t1,a0,24
   168b0:	0008a783          	lw	a5,0(a7)
   168b4:	939a                	add	t2,t2,t1
   168b6:	0003a703          	lw	a4,0(t2)
   168ba:	2785                	addiw	a5,a5,1
   168bc:	715d                	addi	sp,sp,-80
   168be:	02f752bb          	divuw	t0,a4,a5
   168c2:	e486                	sd	ra,72(sp)
   168c4:	e0a2                	sd	s0,64(sp)
   168c6:	8e16                	mv	t3,t0
   168c8:	0af76063          	bltu	a4,a5,16968 <__quorem_D2A+0xd4>
   168cc:	fc26                	sd	s1,56(sp)
   168ce:	8fb2                	mv	t6,a2
   168d0:	8f1a                	mv	t5,t1
   168d2:	4481                	li	s1,0
   168d4:	4401                	li	s0,0
   168d6:	000fa703          	lw	a4,0(t6)
   168da:	000f2683          	lw	a3,0(t5)
   168de:	0f11                	addi	t5,t5,4
   168e0:	03071793          	slli	a5,a4,0x30
   168e4:	93c1                	srli	a5,a5,0x30
   168e6:	025787bb          	mulw	a5,a5,t0
   168ea:	0107571b          	srliw	a4,a4,0x10
   168ee:	0f91                	addi	t6,t6,4
   168f0:	02570ebb          	mulw	t4,a4,t0
   168f4:	9fa5                	addw	a5,a5,s1
   168f6:	03069713          	slli	a4,a3,0x30
   168fa:	03079493          	slli	s1,a5,0x30
   168fe:	90c1                	srli	s1,s1,0x30
   16900:	9341                	srli	a4,a4,0x30
   16902:	9f05                	subw	a4,a4,s1
   16904:	0107d79b          	srliw	a5,a5,0x10
   16908:	9f01                	subw	a4,a4,s0
   1690a:	02f71493          	slli	s1,a4,0x2f
   1690e:	01d787bb          	addw	a5,a5,t4
   16912:	03079413          	slli	s0,a5,0x30
   16916:	9041                	srli	s0,s0,0x30
   16918:	03f4de93          	srli	t4,s1,0x3f
   1691c:	9ea2                	add	t4,t4,s0
   1691e:	0106d69b          	srliw	a3,a3,0x10
   16922:	41d686bb          	subw	a3,a3,t4
   16926:	1742                	slli	a4,a4,0x30
   16928:	01069e9b          	slliw	t4,a3,0x10
   1692c:	9341                	srli	a4,a4,0x30
   1692e:	00eee733          	or	a4,t4,a4
   16932:	0106d69b          	srliw	a3,a3,0x10
   16936:	feef2e23          	sw	a4,-4(t5)
   1693a:	0107d49b          	srliw	s1,a5,0x10
   1693e:	0016f413          	andi	s0,a3,1
   16942:	f9f8fae3          	bgeu	a7,t6,168d6 <__quorem_D2A+0x42>
   16946:	0003a783          	lw	a5,0(t2)
   1694a:	e3e9                	bnez	a5,16a0c <__quorem_D2A+0x178>
   1694c:	13f1                	addi	t2,t2,-4
   1694e:	00736663          	bltu	t1,t2,1695a <__quorem_D2A+0xc6>
   16952:	a801                	j	16962 <__quorem_D2A+0xce>
   16954:	387d                	addiw	a6,a6,-1
   16956:	00737663          	bgeu	t1,t2,16962 <__quorem_D2A+0xce>
   1695a:	0003a783          	lw	a5,0(t2)
   1695e:	13f1                	addi	t2,t2,-4
   16960:	dbf5                	beqz	a5,16954 <__quorem_D2A+0xc0>
   16962:	74e2                	ld	s1,56(sp)
   16964:	01052a23          	sw	a6,20(a0)
   16968:	e072                	sd	t3,0(sp)
   1696a:	f416                	sd	t0,40(sp)
   1696c:	f01a                	sd	t1,32(sp)
   1696e:	ec46                	sd	a7,24(sp)
   16970:	e832                	sd	a2,16(sp)
   16972:	e442                	sd	a6,8(sp)
   16974:	842a                	mv	s0,a0
   16976:	177000ef          	jal	172ec <__mcmp>
   1697a:	6e02                	ld	t3,0(sp)
   1697c:	08054163          	bltz	a0,169fe <__quorem_D2A+0x16a>
   16980:	72a2                	ld	t0,40(sp)
   16982:	7302                	ld	t1,32(sp)
   16984:	68e2                	ld	a7,24(sp)
   16986:	6642                	ld	a2,16(sp)
   16988:	6822                	ld	a6,8(sp)
   1698a:	00128e1b          	addiw	t3,t0,1
   1698e:	859a                	mv	a1,t1
   16990:	4501                	li	a0,0
   16992:	419c                	lw	a5,0(a1)
   16994:	4214                	lw	a3,0(a2)
   16996:	0591                	addi	a1,a1,4
   16998:	03079713          	slli	a4,a5,0x30
   1699c:	03069e93          	slli	t4,a3,0x30
   169a0:	030ede93          	srli	t4,t4,0x30
   169a4:	9341                	srli	a4,a4,0x30
   169a6:	41d7073b          	subw	a4,a4,t4
   169aa:	9f09                	subw	a4,a4,a0
   169ac:	02f71e93          	slli	t4,a4,0x2f
   169b0:	03fed513          	srli	a0,t4,0x3f
   169b4:	0106d69b          	srliw	a3,a3,0x10
   169b8:	96aa                	add	a3,a3,a0
   169ba:	0107d79b          	srliw	a5,a5,0x10
   169be:	9f95                	subw	a5,a5,a3
   169c0:	1742                	slli	a4,a4,0x30
   169c2:	0107969b          	slliw	a3,a5,0x10
   169c6:	9341                	srli	a4,a4,0x30
   169c8:	8f55                	or	a4,a4,a3
   169ca:	0611                	addi	a2,a2,4
   169cc:	0107d79b          	srliw	a5,a5,0x10
   169d0:	fee5ae23          	sw	a4,-4(a1)
   169d4:	0017f513          	andi	a0,a5,1
   169d8:	fac8fde3          	bgeu	a7,a2,16992 <__quorem_D2A+0xfe>
   169dc:	00281793          	slli	a5,a6,0x2
   169e0:	979a                	add	a5,a5,t1
   169e2:	4398                	lw	a4,0(a5)
   169e4:	ef09                	bnez	a4,169fe <__quorem_D2A+0x16a>
   169e6:	17f1                	addi	a5,a5,-4
   169e8:	00f36663          	bltu	t1,a5,169f4 <__quorem_D2A+0x160>
   169ec:	a039                	j	169fa <__quorem_D2A+0x166>
   169ee:	387d                	addiw	a6,a6,-1
   169f0:	00f37563          	bgeu	t1,a5,169fa <__quorem_D2A+0x166>
   169f4:	4398                	lw	a4,0(a5)
   169f6:	17f1                	addi	a5,a5,-4
   169f8:	db7d                	beqz	a4,169ee <__quorem_D2A+0x15a>
   169fa:	01042a23          	sw	a6,20(s0)
   169fe:	60a6                	ld	ra,72(sp)
   16a00:	6406                	ld	s0,64(sp)
   16a02:	8572                	mv	a0,t3
   16a04:	6161                	addi	sp,sp,80
   16a06:	8082                	ret
   16a08:	4501                	li	a0,0
   16a0a:	8082                	ret
   16a0c:	74e2                	ld	s1,56(sp)
   16a0e:	bfa9                	j	16968 <__quorem_D2A+0xd4>

0000000000016a10 <__rshift_D2A>:
   16a10:	4954                	lw	a3,20(a0)
   16a12:	4055d31b          	sraiw	t1,a1,0x5
   16a16:	00d34763          	blt	t1,a3,16a24 <__rshift_D2A+0x14>
   16a1a:	00052a23          	sw	zero,20(a0)
   16a1e:	00052c23          	sw	zero,24(a0)
   16a22:	8082                	ret
   16a24:	01850e13          	addi	t3,a0,24
   16a28:	00269813          	slli	a6,a3,0x2
   16a2c:	00231793          	slli	a5,t1,0x2
   16a30:	89fd                	andi	a1,a1,31
   16a32:	9872                	add	a6,a6,t3
   16a34:	97f2                	add	a5,a5,t3
   16a36:	c5a9                	beqz	a1,16a80 <__rshift_D2A+0x70>
   16a38:	4390                	lw	a2,0(a5)
   16a3a:	0791                	addi	a5,a5,4
   16a3c:	00b6563b          	srlw	a2,a2,a1
   16a40:	0707f563          	bgeu	a5,a6,16aaa <__rshift_D2A+0x9a>
   16a44:	02000e93          	li	t4,32
   16a48:	40be8ebb          	subw	t4,t4,a1
   16a4c:	88f2                	mv	a7,t3
   16a4e:	4398                	lw	a4,0(a5)
   16a50:	0891                	addi	a7,a7,4
   16a52:	0791                	addi	a5,a5,4
   16a54:	01d7173b          	sllw	a4,a4,t4
   16a58:	8f51                	or	a4,a4,a2
   16a5a:	fee8ae23          	sw	a4,-4(a7)
   16a5e:	ffc7a603          	lw	a2,-4(a5)
   16a62:	00b6563b          	srlw	a2,a2,a1
   16a66:	ff07e4e3          	bltu	a5,a6,16a4e <__rshift_D2A+0x3e>
   16a6a:	406687b3          	sub	a5,a3,t1
   16a6e:	078a                	slli	a5,a5,0x2
   16a70:	17e1                	addi	a5,a5,-8
   16a72:	004e0713          	addi	a4,t3,4
   16a76:	97ba                	add	a5,a5,a4
   16a78:	c390                	sw	a2,0(a5)
   16a7a:	c20d                	beqz	a2,16a9c <__rshift_D2A+0x8c>
   16a7c:	0791                	addi	a5,a5,4
   16a7e:	a839                	j	16a9c <__rshift_D2A+0x8c>
   16a80:	8772                	mv	a4,t3
   16a82:	f907fce3          	bgeu	a5,a6,16a1a <__rshift_D2A+0xa>
   16a86:	4390                	lw	a2,0(a5)
   16a88:	0791                	addi	a5,a5,4
   16a8a:	0711                	addi	a4,a4,4
   16a8c:	fec72e23          	sw	a2,-4(a4)
   16a90:	ff07ebe3          	bltu	a5,a6,16a86 <__rshift_D2A+0x76>
   16a94:	406687b3          	sub	a5,a3,t1
   16a98:	078a                	slli	a5,a5,0x2
   16a9a:	97f2                	add	a5,a5,t3
   16a9c:	41c787b3          	sub	a5,a5,t3
   16aa0:	8789                	srai	a5,a5,0x2
   16aa2:	2781                	sext.w	a5,a5
   16aa4:	c95c                	sw	a5,20(a0)
   16aa6:	dfa5                	beqz	a5,16a1e <__rshift_D2A+0xe>
   16aa8:	8082                	ret
   16aaa:	cd10                	sw	a2,24(a0)
   16aac:	87f2                	mv	a5,t3
   16aae:	d635                	beqz	a2,16a1a <__rshift_D2A+0xa>
   16ab0:	0791                	addi	a5,a5,4
   16ab2:	b7ed                	j	16a9c <__rshift_D2A+0x8c>

0000000000016ab4 <__trailz_D2A>:
   16ab4:	4954                	lw	a3,20(a0)
   16ab6:	0561                	addi	a0,a0,24
   16ab8:	4781                	li	a5,0
   16aba:	068a                	slli	a3,a3,0x2
   16abc:	96aa                	add	a3,a3,a0
   16abe:	00d56863          	bltu	a0,a3,16ace <__trailz_D2A+0x1a>
   16ac2:	a03d                	j	16af0 <__trailz_D2A+0x3c>
   16ac4:	0511                	addi	a0,a0,4
   16ac6:	0207879b          	addiw	a5,a5,32
   16aca:	02d57363          	bgeu	a0,a3,16af0 <__trailz_D2A+0x3c>
   16ace:	4118                	lw	a4,0(a0)
   16ad0:	db75                	beqz	a4,16ac4 <__trailz_D2A+0x10>
   16ad2:	00d57f63          	bgeu	a0,a3,16af0 <__trailz_D2A+0x3c>
   16ad6:	7179                	addi	sp,sp,-48
   16ad8:	0868                	addi	a0,sp,28
   16ada:	f406                	sd	ra,40(sp)
   16adc:	e43e                	sd	a5,8(sp)
   16ade:	ce3a                	sw	a4,28(sp)
   16ae0:	2da000ef          	jal	16dba <__lo0bits>
   16ae4:	67a2                	ld	a5,8(sp)
   16ae6:	70a2                	ld	ra,40(sp)
   16ae8:	9fa9                	addw	a5,a5,a0
   16aea:	853e                	mv	a0,a5
   16aec:	6145                	addi	sp,sp,48
   16aee:	8082                	ret
   16af0:	853e                	mv	a0,a5
   16af2:	8082                	ret

0000000000016af4 <_Balloc>:
   16af4:	753c                	ld	a5,104(a0)
   16af6:	1101                	addi	sp,sp,-32
   16af8:	ec06                	sd	ra,24(sp)
   16afa:	872a                	mv	a4,a0
   16afc:	86ae                	mv	a3,a1
   16afe:	c39d                	beqz	a5,16b24 <_Balloc+0x30>
   16b00:	00369613          	slli	a2,a3,0x3
   16b04:	97b2                	add	a5,a5,a2
   16b06:	6388                	ld	a0,0(a5)
   16b08:	cd05                	beqz	a0,16b40 <_Balloc+0x4c>
   16b0a:	6118                	ld	a4,0(a0)
   16b0c:	e398                	sd	a4,0(a5)
   16b0e:	cd717057          	vsetivli	zero,2,e32,mf2,ta,ma
   16b12:	5e0030d7          	vmv.v.i	v1,0
   16b16:	01050793          	addi	a5,a0,16
   16b1a:	0207e0a7          	vse32.v	v1,(a5)
   16b1e:	60e2                	ld	ra,24(sp)
   16b20:	6105                	addi	sp,sp,32
   16b22:	8082                	ret
   16b24:	e42e                	sd	a1,8(sp)
   16b26:	04100613          	li	a2,65
   16b2a:	45a1                	li	a1,8
   16b2c:	e02a                	sd	a0,0(sp)
   16b2e:	bd2fa0ef          	jal	10f00 <_calloc_r>
   16b32:	6702                	ld	a4,0(sp)
   16b34:	66a2                	ld	a3,8(sp)
   16b36:	87aa                	mv	a5,a0
   16b38:	f728                	sd	a0,104(a4)
   16b3a:	f179                	bnez	a0,16b00 <_Balloc+0xc>
   16b3c:	4501                	li	a0,0
   16b3e:	b7c5                	j	16b1e <_Balloc+0x2a>
   16b40:	4785                	li	a5,1
   16b42:	00d797bb          	sllw	a5,a5,a3
   16b46:	00279613          	slli	a2,a5,0x2
   16b4a:	853a                	mv	a0,a4
   16b4c:	0671                	addi	a2,a2,28
   16b4e:	4585                	li	a1,1
   16b50:	e436                	sd	a3,8(sp)
   16b52:	e03e                	sd	a5,0(sp)
   16b54:	bacfa0ef          	jal	10f00 <_calloc_r>
   16b58:	d175                	beqz	a0,16b3c <_Balloc+0x48>
   16b5a:	66a2                	ld	a3,8(sp)
   16b5c:	6782                	ld	a5,0(sp)
   16b5e:	c514                	sw	a3,8(a0)
   16b60:	c55c                	sw	a5,12(a0)
   16b62:	b775                	j	16b0e <_Balloc+0x1a>

0000000000016b64 <_Bfree>:
   16b64:	c981                	beqz	a1,16b74 <_Bfree+0x10>
   16b66:	4598                	lw	a4,8(a1)
   16b68:	753c                	ld	a5,104(a0)
   16b6a:	070e                	slli	a4,a4,0x3
   16b6c:	97ba                	add	a5,a5,a4
   16b6e:	6398                	ld	a4,0(a5)
   16b70:	e198                	sd	a4,0(a1)
   16b72:	e38c                	sd	a1,0(a5)
   16b74:	8082                	ret

0000000000016b76 <__multadd>:
   16b76:	0145a303          	lw	t1,20(a1)
   16b7a:	8e2e                	mv	t3,a1
   16b7c:	8736                	mv	a4,a3
   16b7e:	01858813          	addi	a6,a1,24
   16b82:	4881                	li	a7,0
   16b84:	00082783          	lw	a5,0(a6)
   16b88:	0811                	addi	a6,a6,4
   16b8a:	2885                	addiw	a7,a7,1
   16b8c:	03079693          	slli	a3,a5,0x30
   16b90:	92c1                	srli	a3,a3,0x30
   16b92:	02c686bb          	mulw	a3,a3,a2
   16b96:	0107d79b          	srliw	a5,a5,0x10
   16b9a:	02c787bb          	mulw	a5,a5,a2
   16b9e:	9eb9                	addw	a3,a3,a4
   16ba0:	0106d71b          	srliw	a4,a3,0x10
   16ba4:	16c2                	slli	a3,a3,0x30
   16ba6:	92c1                	srli	a3,a3,0x30
   16ba8:	9fb9                	addw	a5,a5,a4
   16baa:	0107971b          	slliw	a4,a5,0x10
   16bae:	9f35                	addw	a4,a4,a3
   16bb0:	fee82e23          	sw	a4,-4(a6)
   16bb4:	0107d71b          	srliw	a4,a5,0x10
   16bb8:	fc68c6e3          	blt	a7,t1,16b84 <__multadd+0xe>
   16bbc:	cf09                	beqz	a4,16bd6 <__multadd+0x60>
   16bbe:	00ce2783          	lw	a5,12(t3)
   16bc2:	00f35c63          	bge	t1,a5,16bda <__multadd+0x64>
   16bc6:	00231693          	slli	a3,t1,0x2
   16bca:	96f2                	add	a3,a3,t3
   16bcc:	ce98                	sw	a4,24(a3)
   16bce:	0013079b          	addiw	a5,t1,1 # fffffffffcc00001 <__BSS_END__+0xfffffffffcbe24f1>
   16bd2:	00fe2a23          	sw	a5,20(t3)
   16bd6:	8572                	mv	a0,t3
   16bd8:	8082                	ret
   16bda:	008e2583          	lw	a1,8(t3)
   16bde:	7179                	addi	sp,sp,-48
   16be0:	f022                	sd	s0,32(sp)
   16be2:	2585                	addiw	a1,a1,1
   16be4:	e83a                	sd	a4,16(sp)
   16be6:	e41a                	sd	t1,8(sp)
   16be8:	e072                	sd	t3,0(sp)
   16bea:	f406                	sd	ra,40(sp)
   16bec:	842a                	mv	s0,a0
   16bee:	f07ff0ef          	jal	16af4 <_Balloc>
   16bf2:	6e02                	ld	t3,0(sp)
   16bf4:	6322                	ld	t1,8(sp)
   16bf6:	6742                	ld	a4,16(sp)
   16bf8:	86aa                	mv	a3,a0
   16bfa:	c929                	beqz	a0,16c4c <__multadd+0xd6>
   16bfc:	014e2603          	lw	a2,20(t3)
   16c00:	010e0593          	addi	a1,t3,16
   16c04:	0541                	addi	a0,a0,16
   16c06:	060a                	slli	a2,a2,0x2
   16c08:	0621                	addi	a2,a2,8
   16c0a:	ec3a                	sd	a4,24(sp)
   16c0c:	e81a                	sd	t1,16(sp)
   16c0e:	e472                	sd	t3,8(sp)
   16c10:	e036                	sd	a3,0(sp)
   16c12:	e2efe0ef          	jal	15240 <memcpy>
   16c16:	6e22                	ld	t3,8(sp)
   16c18:	743c                	ld	a5,104(s0)
   16c1a:	6342                	ld	t1,16(sp)
   16c1c:	008e2603          	lw	a2,8(t3)
   16c20:	6762                	ld	a4,24(sp)
   16c22:	00231693          	slli	a3,t1,0x2
   16c26:	060e                	slli	a2,a2,0x3
   16c28:	97b2                	add	a5,a5,a2
   16c2a:	6390                	ld	a2,0(a5)
   16c2c:	70a2                	ld	ra,40(sp)
   16c2e:	7402                	ld	s0,32(sp)
   16c30:	00ce3023          	sd	a2,0(t3)
   16c34:	01c7b023          	sd	t3,0(a5)
   16c38:	6e02                	ld	t3,0(sp)
   16c3a:	0013079b          	addiw	a5,t1,1
   16c3e:	96f2                	add	a3,a3,t3
   16c40:	ce98                	sw	a4,24(a3)
   16c42:	00fe2a23          	sw	a5,20(t3)
   16c46:	8572                	mv	a0,t3
   16c48:	6145                	addi	sp,sp,48
   16c4a:	8082                	ret
   16c4c:	66ed                	lui	a3,0x1b
   16c4e:	656d                	lui	a0,0x1b
   16c50:	86868693          	addi	a3,a3,-1944 # 1a868 <__clzdi2+0x1c8>
   16c54:	8c850513          	addi	a0,a0,-1848 # 1a8c8 <__clzdi2+0x228>
   16c58:	4601                	li	a2,0
   16c5a:	0ba00593          	li	a1,186
   16c5e:	3fc010ef          	jal	1805a <__assert_func>

0000000000016c62 <__s2b>:
   16c62:	7139                	addi	sp,sp,-64
   16c64:	f822                	sd	s0,48(sp)
   16c66:	f04a                	sd	s2,32(sp)
   16c68:	ec4e                	sd	s3,24(sp)
   16c6a:	e852                	sd	s4,16(sp)
   16c6c:	e456                	sd	s5,8(sp)
   16c6e:	fc06                	sd	ra,56(sp)
   16c70:	47a5                	li	a5,9
   16c72:	89b6                	mv	s3,a3
   16c74:	8a32                	mv	s4,a2
   16c76:	892a                	mv	s2,a0
   16c78:	8aae                	mv	s5,a1
   16c7a:	843a                	mv	s0,a4
   16c7c:	0ad7dd63          	bge	a5,a3,16d36 <__s2b+0xd4>
   16c80:	26a1                	addiw	a3,a3,8
   16c82:	1682                	slli	a3,a3,0x20
   16c84:	38e397b7          	lui	a5,0x38e39
   16c88:	e3978793          	addi	a5,a5,-455 # 38e38e39 <__BSS_END__+0x38e1b329>
   16c8c:	9281                	srli	a3,a3,0x20
   16c8e:	02f686b3          	mul	a3,a3,a5
   16c92:	4581                	li	a1,0
   16c94:	4785                	li	a5,1
   16c96:	9285                	srli	a3,a3,0x21
   16c98:	0017979b          	slliw	a5,a5,0x1
   16c9c:	2585                	addiw	a1,a1,1
   16c9e:	fed7cde3          	blt	a5,a3,16c98 <__s2b+0x36>
   16ca2:	854a                	mv	a0,s2
   16ca4:	e51ff0ef          	jal	16af4 <_Balloc>
   16ca8:	f426                	sd	s1,40(sp)
   16caa:	85aa                	mv	a1,a0
   16cac:	c559                	beqz	a0,16d3a <__s2b+0xd8>
   16cae:	4785                	li	a5,1
   16cb0:	c95c                	sw	a5,20(a0)
   16cb2:	cd00                	sw	s0,24(a0)
   16cb4:	47a5                	li	a5,9
   16cb6:	0747dc63          	bge	a5,s4,16d2e <__s2b+0xcc>
   16cba:	ff6a071b          	addiw	a4,s4,-10
   16cbe:	020a1793          	slli	a5,s4,0x20
   16cc2:	009a8413          	addi	s0,s5,9
   16cc6:	e05a                	sd	s6,0(sp)
   16cc8:	9381                	srli	a5,a5,0x20
   16cca:	02071b13          	slli	s6,a4,0x20
   16cce:	020b5b13          	srli	s6,s6,0x20
   16cd2:	9abe                	add	s5,s5,a5
   16cd4:	84a2                	mv	s1,s0
   16cd6:	0004c683          	lbu	a3,0(s1)
   16cda:	4629                	li	a2,10
   16cdc:	854a                	mv	a0,s2
   16cde:	fd06869b          	addiw	a3,a3,-48
   16ce2:	0485                	addi	s1,s1,1
   16ce4:	e93ff0ef          	jal	16b76 <__multadd>
   16ce8:	85aa                	mv	a1,a0
   16cea:	ff5496e3          	bne	s1,s5,16cd6 <__s2b+0x74>
   16cee:	945a                	add	s0,s0,s6
   16cf0:	6b02                	ld	s6,0(sp)
   16cf2:	0409                	addi	s0,s0,2
   16cf4:	033a5363          	bge	s4,s3,16d1a <__s2b+0xb8>
   16cf8:	414984bb          	subw	s1,s3,s4
   16cfc:	1482                	slli	s1,s1,0x20
   16cfe:	9081                	srli	s1,s1,0x20
   16d00:	94a2                	add	s1,s1,s0
   16d02:	00044683          	lbu	a3,0(s0)
   16d06:	4629                	li	a2,10
   16d08:	854a                	mv	a0,s2
   16d0a:	fd06869b          	addiw	a3,a3,-48
   16d0e:	0405                	addi	s0,s0,1
   16d10:	e67ff0ef          	jal	16b76 <__multadd>
   16d14:	85aa                	mv	a1,a0
   16d16:	fe9416e3          	bne	s0,s1,16d02 <__s2b+0xa0>
   16d1a:	70e2                	ld	ra,56(sp)
   16d1c:	7442                	ld	s0,48(sp)
   16d1e:	74a2                	ld	s1,40(sp)
   16d20:	7902                	ld	s2,32(sp)
   16d22:	69e2                	ld	s3,24(sp)
   16d24:	6a42                	ld	s4,16(sp)
   16d26:	6aa2                	ld	s5,8(sp)
   16d28:	852e                	mv	a0,a1
   16d2a:	6121                	addi	sp,sp,64
   16d2c:	8082                	ret
   16d2e:	00aa8413          	addi	s0,s5,10
   16d32:	8a3e                	mv	s4,a5
   16d34:	b7c1                	j	16cf4 <__s2b+0x92>
   16d36:	4581                	li	a1,0
   16d38:	b7ad                	j	16ca2 <__s2b+0x40>
   16d3a:	66ed                	lui	a3,0x1b
   16d3c:	656d                	lui	a0,0x1b
   16d3e:	86868693          	addi	a3,a3,-1944 # 1a868 <__clzdi2+0x1c8>
   16d42:	8c850513          	addi	a0,a0,-1848 # 1a8c8 <__clzdi2+0x228>
   16d46:	4601                	li	a2,0
   16d48:	0d300593          	li	a1,211
   16d4c:	e05a                	sd	s6,0(sp)
   16d4e:	30c010ef          	jal	1805a <__assert_func>

0000000000016d52 <__hi0bits>:
   16d52:	87aa                	mv	a5,a0
   16d54:	6741                	lui	a4,0x10
   16d56:	4501                	li	a0,0
   16d58:	00e7f563          	bgeu	a5,a4,16d62 <__hi0bits+0x10>
   16d5c:	0107979b          	slliw	a5,a5,0x10
   16d60:	4541                	li	a0,16
   16d62:	01000737          	lui	a4,0x1000
   16d66:	00e7f563          	bgeu	a5,a4,16d70 <__hi0bits+0x1e>
   16d6a:	2521                	addiw	a0,a0,8
   16d6c:	0087979b          	slliw	a5,a5,0x8
   16d70:	10000737          	lui	a4,0x10000
   16d74:	00e7ec63          	bltu	a5,a4,16d8c <__hi0bits+0x3a>
   16d78:	40000737          	lui	a4,0x40000
   16d7c:	02e7f863          	bgeu	a5,a4,16dac <__hi0bits+0x5a>
   16d80:	02279713          	slli	a4,a5,0x22
   16d84:	02074963          	bltz	a4,16db6 <__hi0bits+0x64>
   16d88:	250d                	addiw	a0,a0,3
   16d8a:	8082                	ret
   16d8c:	0047971b          	slliw	a4,a5,0x4
   16d90:	400006b7          	lui	a3,0x40000
   16d94:	2511                	addiw	a0,a0,4
   16d96:	00d77c63          	bgeu	a4,a3,16dae <__hi0bits+0x5c>
   16d9a:	0067979b          	slliw	a5,a5,0x6
   16d9e:	0007cc63          	bltz	a5,16db6 <__hi0bits+0x64>
   16da2:	8ff5                	and	a5,a5,a3
   16da4:	f3f5                	bnez	a5,16d88 <__hi0bits+0x36>
   16da6:	02000513          	li	a0,32
   16daa:	8082                	ret
   16dac:	873e                	mv	a4,a5
   16dae:	fe074ee3          	bltz	a4,16daa <__hi0bits+0x58>
   16db2:	2505                	addiw	a0,a0,1
   16db4:	8082                	ret
   16db6:	2509                	addiw	a0,a0,2
   16db8:	8082                	ret

0000000000016dba <__lo0bits>:
   16dba:	411c                	lw	a5,0(a0)
   16dbc:	0077f713          	andi	a4,a5,7
   16dc0:	86be                	mv	a3,a5
   16dc2:	cf11                	beqz	a4,16dde <__lo0bits+0x24>
   16dc4:	0017f693          	andi	a3,a5,1
   16dc8:	4701                	li	a4,0
   16dca:	ea81                	bnez	a3,16dda <__lo0bits+0x20>
   16dcc:	0027f713          	andi	a4,a5,2
   16dd0:	cf3d                	beqz	a4,16e4e <__lo0bits+0x94>
   16dd2:	0017d79b          	srliw	a5,a5,0x1
   16dd6:	c11c                	sw	a5,0(a0)
   16dd8:	4705                	li	a4,1
   16dda:	853a                	mv	a0,a4
   16ddc:	8082                	ret
   16dde:	03079713          	slli	a4,a5,0x30
   16de2:	9341                	srli	a4,a4,0x30
   16de4:	eb0d                	bnez	a4,16e16 <__lo0bits+0x5c>
   16de6:	0107d79b          	srliw	a5,a5,0x10
   16dea:	0ff7f693          	zext.b	a3,a5
   16dee:	4741                	li	a4,16
   16df0:	e681                	bnez	a3,16df8 <__lo0bits+0x3e>
   16df2:	4761                	li	a4,24
   16df4:	0087d79b          	srliw	a5,a5,0x8
   16df8:	00f7f693          	andi	a3,a5,15
   16dfc:	c2a9                	beqz	a3,16e3e <__lo0bits+0x84>
   16dfe:	0037f693          	andi	a3,a5,3
   16e02:	c68d                	beqz	a3,16e2c <__lo0bits+0x72>
   16e04:	0017f693          	andi	a3,a5,1
   16e08:	e681                	bnez	a3,16e10 <__lo0bits+0x56>
   16e0a:	2705                	addiw	a4,a4,1 # 40000001 <__BSS_END__+0x3ffe24f1>
   16e0c:	0017d79b          	srliw	a5,a5,0x1
   16e10:	c11c                	sw	a5,0(a0)
   16e12:	853a                	mv	a0,a4
   16e14:	8082                	ret
   16e16:	0ff7f713          	zext.b	a4,a5
   16e1a:	c715                	beqz	a4,16e46 <__lo0bits+0x8c>
   16e1c:	8abd                	andi	a3,a3,15
   16e1e:	e6a1                	bnez	a3,16e66 <__lo0bits+0xac>
   16e20:	4711                	li	a4,4
   16e22:	0047d79b          	srliw	a5,a5,0x4
   16e26:	0037f693          	andi	a3,a5,3
   16e2a:	fee9                	bnez	a3,16e04 <__lo0bits+0x4a>
   16e2c:	0027d69b          	srliw	a3,a5,0x2
   16e30:	0016f613          	andi	a2,a3,1
   16e34:	c21d                	beqz	a2,16e5a <__lo0bits+0xa0>
   16e36:	87b6                	mv	a5,a3
   16e38:	2709                	addiw	a4,a4,2
   16e3a:	c11c                	sw	a5,0(a0)
   16e3c:	bfd9                	j	16e12 <__lo0bits+0x58>
   16e3e:	2711                	addiw	a4,a4,4
   16e40:	0047d79b          	srliw	a5,a5,0x4
   16e44:	b7cd                	j	16e26 <__lo0bits+0x6c>
   16e46:	4721                	li	a4,8
   16e48:	0087d79b          	srliw	a5,a5,0x8
   16e4c:	b775                	j	16df8 <__lo0bits+0x3e>
   16e4e:	0027d79b          	srliw	a5,a5,0x2
   16e52:	4709                	li	a4,2
   16e54:	c11c                	sw	a5,0(a0)
   16e56:	853a                	mv	a0,a4
   16e58:	8082                	ret
   16e5a:	0037d79b          	srliw	a5,a5,0x3
   16e5e:	eb89                	bnez	a5,16e70 <__lo0bits+0xb6>
   16e60:	02000713          	li	a4,32
   16e64:	bf9d                	j	16dda <__lo0bits+0x20>
   16e66:	0037d79b          	srliw	a5,a5,0x3
   16e6a:	470d                	li	a4,3
   16e6c:	c11c                	sw	a5,0(a0)
   16e6e:	b755                	j	16e12 <__lo0bits+0x58>
   16e70:	270d                	addiw	a4,a4,3
   16e72:	c11c                	sw	a5,0(a0)
   16e74:	bf79                	j	16e12 <__lo0bits+0x58>

0000000000016e76 <__i2b>:
   16e76:	753c                	ld	a5,104(a0)
   16e78:	1101                	addi	sp,sp,-32
   16e7a:	ec06                	sd	ra,24(sp)
   16e7c:	872a                	mv	a4,a0
   16e7e:	86ae                	mv	a3,a1
   16e80:	c38d                	beqz	a5,16ea2 <__i2b+0x2c>
   16e82:	6788                	ld	a0,8(a5)
   16e84:	c531                	beqz	a0,16ed0 <__i2b+0x5a>
   16e86:	6118                	ld	a4,0(a0)
   16e88:	cd717057          	vsetivli	zero,2,e32,mf2,ta,ma
   16e8c:	5208a0d7          	vid.v	v1
   16e90:	e798                	sd	a4,8(a5)
   16e92:	cd14                	sw	a3,24(a0)
   16e94:	01050793          	addi	a5,a0,16
   16e98:	0207e0a7          	vse32.v	v1,(a5)
   16e9c:	60e2                	ld	ra,24(sp)
   16e9e:	6105                	addi	sp,sp,32
   16ea0:	8082                	ret
   16ea2:	e42e                	sd	a1,8(sp)
   16ea4:	04100613          	li	a2,65
   16ea8:	45a1                	li	a1,8
   16eaa:	e02a                	sd	a0,0(sp)
   16eac:	854fa0ef          	jal	10f00 <_calloc_r>
   16eb0:	6702                	ld	a4,0(sp)
   16eb2:	66a2                	ld	a3,8(sp)
   16eb4:	87aa                	mv	a5,a0
   16eb6:	f728                	sd	a0,104(a4)
   16eb8:	f569                	bnez	a0,16e82 <__i2b+0xc>
   16eba:	66ed                	lui	a3,0x1b
   16ebc:	656d                	lui	a0,0x1b
   16ebe:	86868693          	addi	a3,a3,-1944 # 1a868 <__clzdi2+0x1c8>
   16ec2:	8c850513          	addi	a0,a0,-1848 # 1a8c8 <__clzdi2+0x228>
   16ec6:	4601                	li	a2,0
   16ec8:	14500593          	li	a1,325
   16ecc:	18e010ef          	jal	1805a <__assert_func>
   16ed0:	853a                	mv	a0,a4
   16ed2:	02400613          	li	a2,36
   16ed6:	4585                	li	a1,1
   16ed8:	e036                	sd	a3,0(sp)
   16eda:	826fa0ef          	jal	10f00 <_calloc_r>
   16ede:	dd71                	beqz	a0,16eba <__i2b+0x44>
   16ee0:	cd717057          	vsetivli	zero,2,e32,mf2,ta,ma
   16ee4:	5208a0d7          	vid.v	v1
   16ee8:	00850793          	addi	a5,a0,8
   16eec:	0210b157          	vadd.vi	v2,v1,1
   16ef0:	6682                	ld	a3,0(sp)
   16ef2:	60e2                	ld	ra,24(sp)
   16ef4:	0207e127          	vse32.v	v2,(a5)
   16ef8:	01050793          	addi	a5,a0,16
   16efc:	cd14                	sw	a3,24(a0)
   16efe:	0207e0a7          	vse32.v	v1,(a5)
   16f02:	6105                	addi	sp,sp,32
   16f04:	8082                	ret

0000000000016f06 <__multiply>:
   16f06:	7139                	addi	sp,sp,-64
   16f08:	ec4e                	sd	s3,24(sp)
   16f0a:	e852                	sd	s4,16(sp)
   16f0c:	0145a983          	lw	s3,20(a1)
   16f10:	01462a03          	lw	s4,20(a2)
   16f14:	f04a                	sd	s2,32(sp)
   16f16:	e456                	sd	s5,8(sp)
   16f18:	fc06                	sd	ra,56(sp)
   16f1a:	f822                	sd	s0,48(sp)
   16f1c:	f426                	sd	s1,40(sp)
   16f1e:	8aae                	mv	s5,a1
   16f20:	8932                	mv	s2,a2
   16f22:	0149c763          	blt	s3,s4,16f30 <__multiply+0x2a>
   16f26:	8752                	mv	a4,s4
   16f28:	892e                	mv	s2,a1
   16f2a:	8a4e                	mv	s4,s3
   16f2c:	8ab2                	mv	s5,a2
   16f2e:	89ba                	mv	s3,a4
   16f30:	00c92783          	lw	a5,12(s2)
   16f34:	013a04bb          	addw	s1,s4,s3
   16f38:	00892583          	lw	a1,8(s2)
   16f3c:	8426                	mv	s0,s1
   16f3e:	0097d363          	bge	a5,s1,16f44 <__multiply+0x3e>
   16f42:	2585                	addiw	a1,a1,1
   16f44:	bb1ff0ef          	jal	16af4 <_Balloc>
   16f48:	18050663          	beqz	a0,170d4 <__multiply+0x1ce>
   16f4c:	01850893          	addi	a7,a0,24
   16f50:	00249813          	slli	a6,s1,0x2
   16f54:	9846                	add	a6,a6,a7
   16f56:	0308f463          	bgeu	a7,a6,16f7e <__multiply+0x78>
   16f5a:	40a80733          	sub	a4,a6,a0
   16f5e:	0d0077d7          	vsetvli	a5,zero,e32,m1,ta,ma
   16f62:	171d                	addi	a4,a4,-25
   16f64:	5e0030d7          	vmv.v.i	v1,0
   16f68:	8309                	srli	a4,a4,0x2
   16f6a:	0705                	addi	a4,a4,1
   16f6c:	8e46                	mv	t3,a7
   16f6e:	0c6777d7          	vsetvli	a5,a4,e8,mf4,ta,ma
   16f72:	020e60a7          	vse32.v	v1,(t3)
   16f76:	8f1d                	sub	a4,a4,a5
   16f78:	078a                	slli	a5,a5,0x2
   16f7a:	9e3e                	add	t3,t3,a5
   16f7c:	fb6d                	bnez	a4,16f6e <__multiply+0x68>
   16f7e:	018a8593          	addi	a1,s5,24
   16f82:	00299313          	slli	t1,s3,0x2
   16f86:	932e                	add	t1,t1,a1
   16f88:	1265f363          	bgeu	a1,t1,170ae <__multiply+0x1a8>
   16f8c:	002a1693          	slli	a3,s4,0x2
   16f90:	01890e93          	addi	t4,s2,24
   16f94:	96f6                	add	a3,a3,t4
   16f96:	01990e13          	addi	t3,s2,25
   16f9a:	01c6be33          	sltu	t3,a3,t3
   16f9e:	41268633          	sub	a2,a3,s2
   16fa2:	001e4e13          	xori	t3,t3,1
   16fa6:	161d                	addi	a2,a2,-25
   16fa8:	a809                	j	16fba <__multiply+0xb4>
   16faa:	0102d29b          	srliw	t0,t0,0x10
   16fae:	08029863          	bnez	t0,1703e <__multiply+0x138>
   16fb2:	0591                	addi	a1,a1,4
   16fb4:	0891                	addi	a7,a7,4
   16fb6:	0e65fc63          	bgeu	a1,t1,170ae <__multiply+0x1a8>
   16fba:	0005a283          	lw	t0,0(a1)
   16fbe:	03029913          	slli	s2,t0,0x30
   16fc2:	03095913          	srli	s2,s2,0x30
   16fc6:	fe0902e3          	beqz	s2,16faa <__multiply+0xa4>
   16fca:	83c6                	mv	t2,a7
   16fcc:	82f6                	mv	t0,t4
   16fce:	4701                	li	a4,0
   16fd0:	0002af83          	lw	t6,0(t0)
   16fd4:	0003af03          	lw	t5,0(t2)
   16fd8:	0391                	addi	t2,t2,4
   16fda:	030f9793          	slli	a5,t6,0x30
   16fde:	93c1                	srli	a5,a5,0x30
   16fe0:	032787bb          	mulw	a5,a5,s2
   16fe4:	010fdf9b          	srliw	t6,t6,0x10
   16fe8:	030f1993          	slli	s3,t5,0x30
   16fec:	0309d993          	srli	s3,s3,0x30
   16ff0:	010f5f1b          	srliw	t5,t5,0x10
   16ff4:	0291                	addi	t0,t0,4
   16ff6:	032f8fbb          	mulw	t6,t6,s2
   16ffa:	013787bb          	addw	a5,a5,s3
   16ffe:	9fb9                	addw	a5,a5,a4
   17000:	0107d71b          	srliw	a4,a5,0x10
   17004:	17c2                	slli	a5,a5,0x30
   17006:	93c1                	srli	a5,a5,0x30
   17008:	01ff0f3b          	addw	t5,t5,t6
   1700c:	01e7073b          	addw	a4,a4,t5
   17010:	01071f1b          	slliw	t5,a4,0x10
   17014:	00ff67b3          	or	a5,t5,a5
   17018:	fef3ae23          	sw	a5,-4(t2)
   1701c:	0107571b          	srliw	a4,a4,0x10
   17020:	fad2e8e3          	bltu	t0,a3,16fd0 <__multiply+0xca>
   17024:	4781                	li	a5,0
   17026:	000e0463          	beqz	t3,1702e <__multiply+0x128>
   1702a:	ffc67793          	andi	a5,a2,-4
   1702e:	97c6                	add	a5,a5,a7
   17030:	c3d8                	sw	a4,4(a5)
   17032:	0005a283          	lw	t0,0(a1)
   17036:	0102d29b          	srliw	t0,t0,0x10
   1703a:	f6028ce3          	beqz	t0,16fb2 <__multiply+0xac>
   1703e:	0008a783          	lw	a5,0(a7)
   17042:	83c6                	mv	t2,a7
   17044:	8ff6                	mv	t6,t4
   17046:	893e                	mv	s2,a5
   17048:	4981                	li	s3,0
   1704a:	000fdf03          	lhu	t5,0(t6)
   1704e:	0109571b          	srliw	a4,s2,0x10
   17052:	17c2                	slli	a5,a5,0x30
   17054:	025f0f3b          	mulw	t5,t5,t0
   17058:	93c1                	srli	a5,a5,0x30
   1705a:	0f91                	addi	t6,t6,4
   1705c:	0043a903          	lw	s2,4(t2)
   17060:	0391                	addi	t2,t2,4
   17062:	03091a13          	slli	s4,s2,0x30
   17066:	030a5a13          	srli	s4,s4,0x30
   1706a:	013f0f3b          	addw	t5,t5,s3
   1706e:	01e7073b          	addw	a4,a4,t5
   17072:	01071f1b          	slliw	t5,a4,0x10
   17076:	00ff67b3          	or	a5,t5,a5
   1707a:	fef3ae23          	sw	a5,-4(t2)
   1707e:	ffefd783          	lhu	a5,-2(t6)
   17082:	0107571b          	srliw	a4,a4,0x10
   17086:	025787bb          	mulw	a5,a5,t0
   1708a:	014787bb          	addw	a5,a5,s4
   1708e:	9fb9                	addw	a5,a5,a4
   17090:	0107d99b          	srliw	s3,a5,0x10
   17094:	fadfebe3          	bltu	t6,a3,1704a <__multiply+0x144>
   17098:	4701                	li	a4,0
   1709a:	000e0463          	beqz	t3,170a2 <__multiply+0x19c>
   1709e:	ffc67713          	andi	a4,a2,-4
   170a2:	9746                	add	a4,a4,a7
   170a4:	c35c                	sw	a5,4(a4)
   170a6:	0591                	addi	a1,a1,4
   170a8:	0891                	addi	a7,a7,4
   170aa:	f065e8e3          	bltu	a1,t1,16fba <__multiply+0xb4>
   170ae:	00904563          	bgtz	s1,170b8 <__multiply+0x1b2>
   170b2:	a039                	j	170c0 <__multiply+0x1ba>
   170b4:	347d                	addiw	s0,s0,-1
   170b6:	c409                	beqz	s0,170c0 <__multiply+0x1ba>
   170b8:	ffc82783          	lw	a5,-4(a6)
   170bc:	1871                	addi	a6,a6,-4
   170be:	dbfd                	beqz	a5,170b4 <__multiply+0x1ae>
   170c0:	70e2                	ld	ra,56(sp)
   170c2:	c940                	sw	s0,20(a0)
   170c4:	7442                	ld	s0,48(sp)
   170c6:	74a2                	ld	s1,40(sp)
   170c8:	7902                	ld	s2,32(sp)
   170ca:	69e2                	ld	s3,24(sp)
   170cc:	6a42                	ld	s4,16(sp)
   170ce:	6aa2                	ld	s5,8(sp)
   170d0:	6121                	addi	sp,sp,64
   170d2:	8082                	ret
   170d4:	66ed                	lui	a3,0x1b
   170d6:	656d                	lui	a0,0x1b
   170d8:	86868693          	addi	a3,a3,-1944 # 1a868 <__clzdi2+0x1c8>
   170dc:	8c850513          	addi	a0,a0,-1848 # 1a8c8 <__clzdi2+0x228>
   170e0:	4601                	li	a2,0
   170e2:	16200593          	li	a1,354
   170e6:	775000ef          	jal	1805a <__assert_func>

00000000000170ea <__pow5mult>:
   170ea:	7179                	addi	sp,sp,-48
   170ec:	f022                	sd	s0,32(sp)
   170ee:	e84a                	sd	s2,16(sp)
   170f0:	e44e                	sd	s3,8(sp)
   170f2:	f406                	sd	ra,40(sp)
   170f4:	00367793          	andi	a5,a2,3
   170f8:	8432                	mv	s0,a2
   170fa:	89aa                	mv	s3,a0
   170fc:	892e                	mv	s2,a1
   170fe:	e3d9                	bnez	a5,17184 <__pow5mult+0x9a>
   17100:	4024541b          	sraiw	s0,s0,0x2
   17104:	c82d                	beqz	s0,17176 <__pow5mult+0x8c>
   17106:	ec26                	sd	s1,24(sp)
   17108:	0609b483          	ld	s1,96(s3)
   1710c:	c8c1                	beqz	s1,1719c <__pow5mult+0xb2>
   1710e:	00147793          	andi	a5,s0,1
   17112:	4014541b          	sraiw	s0,s0,0x1
   17116:	eb89                	bnez	a5,17128 <__pow5mult+0x3e>
   17118:	6088                	ld	a0,0(s1)
   1711a:	cd0d                	beqz	a0,17154 <__pow5mult+0x6a>
   1711c:	84aa                	mv	s1,a0
   1711e:	00147793          	andi	a5,s0,1
   17122:	4014541b          	sraiw	s0,s0,0x1
   17126:	dbed                	beqz	a5,17118 <__pow5mult+0x2e>
   17128:	8626                	mv	a2,s1
   1712a:	85ca                	mv	a1,s2
   1712c:	854e                	mv	a0,s3
   1712e:	dd9ff0ef          	jal	16f06 <__multiply>
   17132:	00090d63          	beqz	s2,1714c <__pow5mult+0x62>
   17136:	00892703          	lw	a4,8(s2)
   1713a:	0689b783          	ld	a5,104(s3)
   1713e:	070e                	slli	a4,a4,0x3
   17140:	97ba                	add	a5,a5,a4
   17142:	6398                	ld	a4,0(a5)
   17144:	00e93023          	sd	a4,0(s2)
   17148:	0127b023          	sd	s2,0(a5)
   1714c:	cc11                	beqz	s0,17168 <__pow5mult+0x7e>
   1714e:	892a                	mv	s2,a0
   17150:	6088                	ld	a0,0(s1)
   17152:	f569                	bnez	a0,1711c <__pow5mult+0x32>
   17154:	8626                	mv	a2,s1
   17156:	85a6                	mv	a1,s1
   17158:	854e                	mv	a0,s3
   1715a:	dadff0ef          	jal	16f06 <__multiply>
   1715e:	e088                	sd	a0,0(s1)
   17160:	00053023          	sd	zero,0(a0)
   17164:	84aa                	mv	s1,a0
   17166:	bf65                	j	1711e <__pow5mult+0x34>
   17168:	70a2                	ld	ra,40(sp)
   1716a:	7402                	ld	s0,32(sp)
   1716c:	64e2                	ld	s1,24(sp)
   1716e:	6942                	ld	s2,16(sp)
   17170:	69a2                	ld	s3,8(sp)
   17172:	6145                	addi	sp,sp,48
   17174:	8082                	ret
   17176:	70a2                	ld	ra,40(sp)
   17178:	7402                	ld	s0,32(sp)
   1717a:	69a2                	ld	s3,8(sp)
   1717c:	854a                	mv	a0,s2
   1717e:	6942                	ld	s2,16(sp)
   17180:	6145                	addi	sp,sp,48
   17182:	8082                	ret
   17184:	37fd                	addiw	a5,a5,-1
   17186:	676d                	lui	a4,0x1b
   17188:	e6870713          	addi	a4,a4,-408 # 1ae68 <p05.0>
   1718c:	078a                	slli	a5,a5,0x2
   1718e:	97ba                	add	a5,a5,a4
   17190:	4390                	lw	a2,0(a5)
   17192:	4681                	li	a3,0
   17194:	9e3ff0ef          	jal	16b76 <__multadd>
   17198:	892a                	mv	s2,a0
   1719a:	b79d                	j	17100 <__pow5mult+0x16>
   1719c:	4585                	li	a1,1
   1719e:	854e                	mv	a0,s3
   171a0:	955ff0ef          	jal	16af4 <_Balloc>
   171a4:	84aa                	mv	s1,a0
   171a6:	c919                	beqz	a0,171bc <__pow5mult+0xd2>
   171a8:	27100713          	li	a4,625
   171ac:	4785                	li	a5,1
   171ae:	cd18                	sw	a4,24(a0)
   171b0:	c95c                	sw	a5,20(a0)
   171b2:	06a9b023          	sd	a0,96(s3)
   171b6:	00053023          	sd	zero,0(a0)
   171ba:	bf91                	j	1710e <__pow5mult+0x24>
   171bc:	66ed                	lui	a3,0x1b
   171be:	656d                	lui	a0,0x1b
   171c0:	86868693          	addi	a3,a3,-1944 # 1a868 <__clzdi2+0x1c8>
   171c4:	8c850513          	addi	a0,a0,-1848 # 1a8c8 <__clzdi2+0x228>
   171c8:	4601                	li	a2,0
   171ca:	14500593          	li	a1,325
   171ce:	68d000ef          	jal	1805a <__assert_func>

00000000000171d2 <__lshift>:
   171d2:	7139                	addi	sp,sp,-64
   171d4:	f426                	sd	s1,40(sp)
   171d6:	49c4                	lw	s1,20(a1)
   171d8:	45dc                	lw	a5,12(a1)
   171da:	e852                	sd	s4,16(sp)
   171dc:	40565a1b          	sraiw	s4,a2,0x5
   171e0:	014484bb          	addw	s1,s1,s4
   171e4:	f822                	sd	s0,48(sp)
   171e6:	f04a                	sd	s2,32(sp)
   171e8:	ec4e                	sd	s3,24(sp)
   171ea:	0014871b          	addiw	a4,s1,1
   171ee:	fc06                	sd	ra,56(sp)
   171f0:	842e                	mv	s0,a1
   171f2:	892a                	mv	s2,a0
   171f4:	458c                	lw	a1,8(a1)
   171f6:	89ba                	mv	s3,a4
   171f8:	00e7d763          	bge	a5,a4,17206 <__lshift+0x34>
   171fc:	0017979b          	slliw	a5,a5,0x1
   17200:	2585                	addiw	a1,a1,1
   17202:	fee7cde3          	blt	a5,a4,171fc <__lshift+0x2a>
   17206:	854a                	mv	a0,s2
   17208:	e432                	sd	a2,8(sp)
   1720a:	8ebff0ef          	jal	16af4 <_Balloc>
   1720e:	6622                	ld	a2,8(sp)
   17210:	c179                	beqz	a0,172d6 <__lshift+0x104>
   17212:	01850593          	addi	a1,a0,24
   17216:	03405563          	blez	s4,17240 <__lshift+0x6e>
   1721a:	0d0077d7          	vsetvli	a5,zero,e32,m1,ta,ma
   1721e:	5e0030d7          	vmv.v.i	v1,0
   17222:	86d2                	mv	a3,s4
   17224:	872e                	mv	a4,a1
   17226:	0c66f7d7          	vsetvli	a5,a3,e8,mf4,ta,ma
   1722a:	020760a7          	vse32.v	v1,(a4)
   1722e:	8e9d                	sub	a3,a3,a5
   17230:	078a                	slli	a5,a5,0x2
   17232:	973e                	add	a4,a4,a5
   17234:	faed                	bnez	a3,17226 <__lshift+0x54>
   17236:	020a1793          	slli	a5,s4,0x20
   1723a:	01e7da13          	srli	s4,a5,0x1e
   1723e:	95d2                	add	a1,a1,s4
   17240:	01442803          	lw	a6,20(s0)
   17244:	01840793          	addi	a5,s0,24
   17248:	8a7d                	andi	a2,a2,31
   1724a:	080a                	slli	a6,a6,0x2
   1724c:	983e                	add	a6,a6,a5
   1724e:	c62d                	beqz	a2,172b8 <__lshift+0xe6>
   17250:	02000313          	li	t1,32
   17254:	40c3033b          	subw	t1,t1,a2
   17258:	88ae                	mv	a7,a1
   1725a:	4681                	li	a3,0
   1725c:	4398                	lw	a4,0(a5)
   1725e:	0891                	addi	a7,a7,4
   17260:	0791                	addi	a5,a5,4
   17262:	00c7173b          	sllw	a4,a4,a2
   17266:	8f55                	or	a4,a4,a3
   17268:	fee8ae23          	sw	a4,-4(a7)
   1726c:	ffc7a683          	lw	a3,-4(a5)
   17270:	0066d6bb          	srlw	a3,a3,t1
   17274:	ff07e4e3          	bltu	a5,a6,1725c <__lshift+0x8a>
   17278:	01940793          	addi	a5,s0,25
   1727c:	4701                	li	a4,0
   1727e:	00f86763          	bltu	a6,a5,1728c <__lshift+0xba>
   17282:	40880833          	sub	a6,a6,s0
   17286:	181d                	addi	a6,a6,-25
   17288:	ffc87713          	andi	a4,a6,-4
   1728c:	95ba                	add	a1,a1,a4
   1728e:	c1d4                	sw	a3,4(a1)
   17290:	e291                	bnez	a3,17294 <__lshift+0xc2>
   17292:	89a6                	mv	s3,s1
   17294:	4418                	lw	a4,8(s0)
   17296:	06893783          	ld	a5,104(s2)
   1729a:	01352a23          	sw	s3,20(a0)
   1729e:	070e                	slli	a4,a4,0x3
   172a0:	97ba                	add	a5,a5,a4
   172a2:	6398                	ld	a4,0(a5)
   172a4:	70e2                	ld	ra,56(sp)
   172a6:	74a2                	ld	s1,40(sp)
   172a8:	e018                	sd	a4,0(s0)
   172aa:	e380                	sd	s0,0(a5)
   172ac:	7442                	ld	s0,48(sp)
   172ae:	7902                	ld	s2,32(sp)
   172b0:	69e2                	ld	s3,24(sp)
   172b2:	6a42                	ld	s4,16(sp)
   172b4:	6121                	addi	sp,sp,64
   172b6:	8082                	ret
   172b8:	4398                	lw	a4,0(a5)
   172ba:	0791                	addi	a5,a5,4
   172bc:	0591                	addi	a1,a1,4
   172be:	fee5ae23          	sw	a4,-4(a1)
   172c2:	fd07f8e3          	bgeu	a5,a6,17292 <__lshift+0xc0>
   172c6:	4398                	lw	a4,0(a5)
   172c8:	0791                	addi	a5,a5,4
   172ca:	0591                	addi	a1,a1,4
   172cc:	fee5ae23          	sw	a4,-4(a1)
   172d0:	ff07e4e3          	bltu	a5,a6,172b8 <__lshift+0xe6>
   172d4:	bf7d                	j	17292 <__lshift+0xc0>
   172d6:	66ed                	lui	a3,0x1b
   172d8:	656d                	lui	a0,0x1b
   172da:	86868693          	addi	a3,a3,-1944 # 1a868 <__clzdi2+0x1c8>
   172de:	8c850513          	addi	a0,a0,-1848 # 1a8c8 <__clzdi2+0x228>
   172e2:	4601                	li	a2,0
   172e4:	1de00593          	li	a1,478
   172e8:	573000ef          	jal	1805a <__assert_func>

00000000000172ec <__mcmp>:
   172ec:	49dc                	lw	a5,20(a1)
   172ee:	862a                	mv	a2,a0
   172f0:	4948                	lw	a0,20(a0)
   172f2:	9d1d                	subw	a0,a0,a5
   172f4:	e515                	bnez	a0,17320 <__mcmp+0x34>
   172f6:	078a                	slli	a5,a5,0x2
   172f8:	0661                	addi	a2,a2,24
   172fa:	05e1                	addi	a1,a1,24
   172fc:	95be                	add	a1,a1,a5
   172fe:	97b2                	add	a5,a5,a2
   17300:	a019                	j	17306 <__mcmp+0x1a>
   17302:	00f67f63          	bgeu	a2,a5,17320 <__mcmp+0x34>
   17306:	ffc7a683          	lw	a3,-4(a5)
   1730a:	ffc5a703          	lw	a4,-4(a1)
   1730e:	17f1                	addi	a5,a5,-4
   17310:	15f1                	addi	a1,a1,-4
   17312:	fee688e3          	beq	a3,a4,17302 <__mcmp+0x16>
   17316:	4505                	li	a0,1
   17318:	00e6f463          	bgeu	a3,a4,17320 <__mcmp+0x34>
   1731c:	557d                	li	a0,-1
   1731e:	8082                	ret
   17320:	8082                	ret

0000000000017322 <__mdiff>:
   17322:	0145a883          	lw	a7,20(a1)
   17326:	4a5c                	lw	a5,20(a2)
   17328:	7179                	addi	sp,sp,-48
   1732a:	f406                	sd	ra,40(sp)
   1732c:	40f888bb          	subw	a7,a7,a5
   17330:	8f2e                	mv	t5,a1
   17332:	12089563          	bnez	a7,1745c <__mdiff+0x13a>
   17336:	00279693          	slli	a3,a5,0x2
   1733a:	01858813          	addi	a6,a1,24
   1733e:	01860713          	addi	a4,a2,24
   17342:	00d807b3          	add	a5,a6,a3
   17346:	9736                	add	a4,a4,a3
   17348:	a019                	j	1734e <__mdiff+0x2c>
   1734a:	12f87863          	bgeu	a6,a5,1747a <__mdiff+0x158>
   1734e:	ffc7a583          	lw	a1,-4(a5)
   17352:	ffc72683          	lw	a3,-4(a4)
   17356:	17f1                	addi	a5,a5,-4
   17358:	1771                	addi	a4,a4,-4
   1735a:	fed588e3          	beq	a1,a3,1734a <__mdiff+0x28>
   1735e:	12d5f963          	bgeu	a1,a3,17490 <__mdiff+0x16e>
   17362:	4885                	li	a7,1
   17364:	460c                	lw	a1,8(a2)
   17366:	ec7a                	sd	t5,24(sp)
   17368:	e846                	sd	a7,16(sp)
   1736a:	e432                	sd	a2,8(sp)
   1736c:	f88ff0ef          	jal	16af4 <_Balloc>
   17370:	6622                	ld	a2,8(sp)
   17372:	68c2                	ld	a7,16(sp)
   17374:	6f62                	ld	t5,24(sp)
   17376:	12050363          	beqz	a0,1749c <__mdiff+0x17a>
   1737a:	014f2f83          	lw	t6,20(t5)
   1737e:	01152823          	sw	a7,16(a0)
   17382:	01462883          	lw	a7,20(a2)
   17386:	01860293          	addi	t0,a2,24
   1738a:	0f8a                	slli	t6,t6,0x2
   1738c:	00289813          	slli	a6,a7,0x2
   17390:	018f0313          	addi	t1,t5,24
   17394:	01850393          	addi	t2,a0,24
   17398:	9816                	add	a6,a6,t0
   1739a:	9f9a                	add	t6,t6,t1
   1739c:	8e96                	mv	t4,t0
   1739e:	8e1e                	mv	t3,t2
   173a0:	4781                	li	a5,0
   173a2:	000ea683          	lw	a3,0(t4)
   173a6:	00032603          	lw	a2,0(t1)
   173aa:	0e11                	addi	t3,t3,4
   173ac:	03069713          	slli	a4,a3,0x30
   173b0:	03061593          	slli	a1,a2,0x30
   173b4:	9341                	srli	a4,a4,0x30
   173b6:	91c1                	srli	a1,a1,0x30
   173b8:	9f0d                	subw	a4,a4,a1
   173ba:	9f3d                	addw	a4,a4,a5
   173bc:	0106d69b          	srliw	a3,a3,0x10
   173c0:	0106561b          	srliw	a2,a2,0x10
   173c4:	9e91                	subw	a3,a3,a2
   173c6:	4107579b          	sraiw	a5,a4,0x10
   173ca:	9fb5                	addw	a5,a5,a3
   173cc:	1742                	slli	a4,a4,0x30
   173ce:	0107969b          	slliw	a3,a5,0x10
   173d2:	9341                	srli	a4,a4,0x30
   173d4:	8ed9                	or	a3,a3,a4
   173d6:	0311                	addi	t1,t1,4
   173d8:	fede2e23          	sw	a3,-4(t3)
   173dc:	0e91                	addi	t4,t4,4
   173de:	4107d79b          	sraiw	a5,a5,0x10
   173e2:	fdf360e3          	bltu	t1,t6,173a2 <__mdiff+0x80>
   173e6:	019f0613          	addi	a2,t5,25
   173ea:	4701                	li	a4,0
   173ec:	08cff163          	bgeu	t6,a2,1746e <__mdiff+0x14c>
   173f0:	00e28eb3          	add	t4,t0,a4
   173f4:	0e91                	addi	t4,t4,4
   173f6:	971e                	add	a4,a4,t2
   173f8:	40538e33          	sub	t3,t2,t0
   173fc:	8676                	mv	a2,t4
   173fe:	00470f13          	addi	t5,a4,4
   17402:	090efb63          	bgeu	t4,a6,17498 <__mdiff+0x176>
   17406:	4218                	lw	a4,0(a2)
   17408:	01c60333          	add	t1,a2,t3
   1740c:	0611                	addi	a2,a2,4
   1740e:	03071693          	slli	a3,a4,0x30
   17412:	92c1                	srli	a3,a3,0x30
   17414:	00f705bb          	addw	a1,a4,a5
   17418:	9fb5                	addw	a5,a5,a3
   1741a:	4107d79b          	sraiw	a5,a5,0x10
   1741e:	0107571b          	srliw	a4,a4,0x10
   17422:	9f3d                	addw	a4,a4,a5
   17424:	15c2                	slli	a1,a1,0x30
   17426:	91c1                	srli	a1,a1,0x30
   17428:	0107169b          	slliw	a3,a4,0x10
   1742c:	8ecd                	or	a3,a3,a1
   1742e:	00d32023          	sw	a3,0(t1)
   17432:	4107579b          	sraiw	a5,a4,0x10
   17436:	fd0668e3          	bltu	a2,a6,17406 <__mdiff+0xe4>
   1743a:	fff80793          	addi	a5,a6,-1
   1743e:	41d787b3          	sub	a5,a5,t4
   17442:	9bf1                	andi	a5,a5,-4
   17444:	97fa                	add	a5,a5,t5
   17446:	e691                	bnez	a3,17452 <__mdiff+0x130>
   17448:	ffc7a703          	lw	a4,-4(a5)
   1744c:	17f1                	addi	a5,a5,-4
   1744e:	38fd                	addiw	a7,a7,-1
   17450:	df65                	beqz	a4,17448 <__mdiff+0x126>
   17452:	70a2                	ld	ra,40(sp)
   17454:	01152a23          	sw	a7,20(a0)
   17458:	6145                	addi	sp,sp,48
   1745a:	8082                	ret
   1745c:	8746                	mv	a4,a7
   1745e:	4885                	li	a7,1
   17460:	f00742e3          	bltz	a4,17364 <__mdiff+0x42>
   17464:	87b2                	mv	a5,a2
   17466:	4881                	li	a7,0
   17468:	862e                	mv	a2,a1
   1746a:	8f3e                	mv	t5,a5
   1746c:	bde5                	j	17364 <__mdiff+0x42>
   1746e:	41ef8fb3          	sub	t6,t6,t5
   17472:	1f9d                	addi	t6,t6,-25
   17474:	ffcff713          	andi	a4,t6,-4
   17478:	bfa5                	j	173f0 <__mdiff+0xce>
   1747a:	4581                	li	a1,0
   1747c:	e78ff0ef          	jal	16af4 <_Balloc>
   17480:	c90d                	beqz	a0,174b2 <__mdiff+0x190>
   17482:	70a2                	ld	ra,40(sp)
   17484:	4785                	li	a5,1
   17486:	00052c23          	sw	zero,24(a0)
   1748a:	c95c                	sw	a5,20(a0)
   1748c:	6145                	addi	sp,sp,48
   1748e:	8082                	ret
   17490:	87b2                	mv	a5,a2
   17492:	867a                	mv	a2,t5
   17494:	8f3e                	mv	t5,a5
   17496:	b5f9                	j	17364 <__mdiff+0x42>
   17498:	87ba                	mv	a5,a4
   1749a:	b775                	j	17446 <__mdiff+0x124>
   1749c:	66ed                	lui	a3,0x1b
   1749e:	656d                	lui	a0,0x1b
   174a0:	86868693          	addi	a3,a3,-1944 # 1a868 <__clzdi2+0x1c8>
   174a4:	8c850513          	addi	a0,a0,-1848 # 1a8c8 <__clzdi2+0x228>
   174a8:	4601                	li	a2,0
   174aa:	24500593          	li	a1,581
   174ae:	3ad000ef          	jal	1805a <__assert_func>
   174b2:	66ed                	lui	a3,0x1b
   174b4:	656d                	lui	a0,0x1b
   174b6:	86868693          	addi	a3,a3,-1944 # 1a868 <__clzdi2+0x1c8>
   174ba:	8c850513          	addi	a0,a0,-1848 # 1a8c8 <__clzdi2+0x228>
   174be:	4601                	li	a2,0
   174c0:	23700593          	li	a1,567
   174c4:	397000ef          	jal	1805a <__assert_func>

00000000000174c8 <__ulp>:
   174c8:	e20507d3          	fmv.x.d	a5,fa0
   174cc:	7ff006b7          	lui	a3,0x7ff00
   174d0:	fcc00737          	lui	a4,0xfcc00
   174d4:	9381                	srli	a5,a5,0x20
   174d6:	8ff5                	and	a5,a5,a3
   174d8:	9fb9                	addw	a5,a5,a4
   174da:	4701                	li	a4,0
   174dc:	00f05963          	blez	a5,174ee <__ulp+0x26>
   174e0:	1702                	slli	a4,a4,0x20
   174e2:	9301                	srli	a4,a4,0x20
   174e4:	1782                	slli	a5,a5,0x20
   174e6:	8fd9                	or	a5,a5,a4
   174e8:	f2078553          	fmv.d.x	fa0,a5
   174ec:	8082                	ret
   174ee:	40f007bb          	negw	a5,a5
   174f2:	4147d79b          	sraiw	a5,a5,0x14
   174f6:	474d                	li	a4,19
   174f8:	00f74e63          	blt	a4,a5,17514 <__ulp+0x4c>
   174fc:	00080737          	lui	a4,0x80
   17500:	40f757bb          	sraw	a5,a4,a5
   17504:	4701                	li	a4,0
   17506:	1702                	slli	a4,a4,0x20
   17508:	9301                	srli	a4,a4,0x20
   1750a:	1782                	slli	a5,a5,0x20
   1750c:	8fd9                	or	a5,a5,a4
   1750e:	f2078553          	fmv.d.x	fa0,a5
   17512:	8082                	ret
   17514:	37b1                	addiw	a5,a5,-20
   17516:	46f9                	li	a3,30
   17518:	4705                	li	a4,1
   1751a:	00f6c663          	blt	a3,a5,17526 <__ulp+0x5e>
   1751e:	80000737          	lui	a4,0x80000
   17522:	00f7573b          	srlw	a4,a4,a5
   17526:	4781                	li	a5,0
   17528:	1702                	slli	a4,a4,0x20
   1752a:	9301                	srli	a4,a4,0x20
   1752c:	1782                	slli	a5,a5,0x20
   1752e:	8fd9                	or	a5,a5,a4
   17530:	f2078553          	fmv.d.x	fa0,a5
   17534:	8082                	ret

0000000000017536 <__b2d>:
   17536:	7139                	addi	sp,sp,-64
   17538:	f822                	sd	s0,48(sp)
   1753a:	4940                	lw	s0,20(a0)
   1753c:	f04a                	sd	s2,32(sp)
   1753e:	01850913          	addi	s2,a0,24
   17542:	040a                	slli	s0,s0,0x2
   17544:	944a                	add	s0,s0,s2
   17546:	f426                	sd	s1,40(sp)
   17548:	ffc42483          	lw	s1,-4(s0)
   1754c:	ec4e                	sd	s3,24(sp)
   1754e:	e42e                	sd	a1,8(sp)
   17550:	8526                	mv	a0,s1
   17552:	fc06                	sd	ra,56(sp)
   17554:	ffeff0ef          	jal	16d52 <__hi0bits>
   17558:	65a2                	ld	a1,8(sp)
   1755a:	02000793          	li	a5,32
   1755e:	40a7873b          	subw	a4,a5,a0
   17562:	c198                	sw	a4,0(a1)
   17564:	4729                	li	a4,10
   17566:	ffc40993          	addi	s3,s0,-4
   1756a:	06a75863          	bge	a4,a0,175da <__b2d+0xa4>
   1756e:	ff55061b          	addiw	a2,a0,-11
   17572:	03397d63          	bgeu	s2,s3,175ac <__b2d+0x76>
   17576:	ff842703          	lw	a4,-8(s0)
   1757a:	ce0d                	beqz	a2,175b4 <__b2d+0x7e>
   1757c:	40c786bb          	subw	a3,a5,a2
   17580:	00d757bb          	srlw	a5,a4,a3
   17584:	00c494bb          	sllw	s1,s1,a2
   17588:	8cdd                	or	s1,s1,a5
   1758a:	3ff007b7          	lui	a5,0x3ff00
   1758e:	8cdd                	or	s1,s1,a5
   17590:	00c7173b          	sllw	a4,a4,a2
   17594:	ff840613          	addi	a2,s0,-8
   17598:	02049793          	slli	a5,s1,0x20
   1759c:	02c97163          	bgeu	s2,a2,175be <__b2d+0x88>
   175a0:	ff442603          	lw	a2,-12(s0)
   175a4:	00d656bb          	srlw	a3,a2,a3
   175a8:	8f55                	or	a4,a4,a3
   175aa:	a811                	j	175be <__b2d+0x88>
   175ac:	47ad                	li	a5,11
   175ae:	4701                	li	a4,0
   175b0:	04f51963          	bne	a0,a5,17602 <__b2d+0xcc>
   175b4:	3ff007b7          	lui	a5,0x3ff00
   175b8:	8cdd                	or	s1,s1,a5
   175ba:	02049793          	slli	a5,s1,0x20
   175be:	70e2                	ld	ra,56(sp)
   175c0:	7442                	ld	s0,48(sp)
   175c2:	1702                	slli	a4,a4,0x20
   175c4:	9381                	srli	a5,a5,0x20
   175c6:	9301                	srli	a4,a4,0x20
   175c8:	1782                	slli	a5,a5,0x20
   175ca:	8fd9                	or	a5,a5,a4
   175cc:	74a2                	ld	s1,40(sp)
   175ce:	7902                	ld	s2,32(sp)
   175d0:	69e2                	ld	s3,24(sp)
   175d2:	f2078553          	fmv.d.x	fa0,a5
   175d6:	6121                	addi	sp,sp,64
   175d8:	8082                	ret
   175da:	46ad                	li	a3,11
   175dc:	9e89                	subw	a3,a3,a0
   175de:	3ff00737          	lui	a4,0x3ff00
   175e2:	00d4d7bb          	srlw	a5,s1,a3
   175e6:	8fd9                	or	a5,a5,a4
   175e8:	1782                	slli	a5,a5,0x20
   175ea:	4701                	li	a4,0
   175ec:	01397663          	bgeu	s2,s3,175f8 <__b2d+0xc2>
   175f0:	ff842703          	lw	a4,-8(s0)
   175f4:	00d7573b          	srlw	a4,a4,a3
   175f8:	2555                	addiw	a0,a0,21
   175fa:	00a494bb          	sllw	s1,s1,a0
   175fe:	8f45                	or	a4,a4,s1
   17600:	bf7d                	j	175be <__b2d+0x88>
   17602:	3ff007b7          	lui	a5,0x3ff00
   17606:	00c494bb          	sllw	s1,s1,a2
   1760a:	8cdd                	or	s1,s1,a5
   1760c:	02049793          	slli	a5,s1,0x20
   17610:	4701                	li	a4,0
   17612:	b775                	j	175be <__b2d+0x88>

0000000000017614 <__d2b>:
   17614:	715d                	addi	sp,sp,-80
   17616:	f44e                	sd	s3,40(sp)
   17618:	89ae                	mv	s3,a1
   1761a:	4585                	li	a1,1
   1761c:	f84a                	sd	s2,48(sp)
   1761e:	e486                	sd	ra,72(sp)
   17620:	e0a2                	sd	s0,64(sp)
   17622:	fc26                	sd	s1,56(sp)
   17624:	8932                	mv	s2,a2
   17626:	a42a                	fsd	fa0,8(sp)
   17628:	cccff0ef          	jal	16af4 <_Balloc>
   1762c:	6722                	ld	a4,8(sp)
   1762e:	c55d                	beqz	a0,176dc <__d2b+0xc8>
   17630:	02075793          	srli	a5,a4,0x20
   17634:	001006b7          	lui	a3,0x100
   17638:	0147d41b          	srliw	s0,a5,0x14
   1763c:	fff68613          	addi	a2,a3,-1 # fffff <__BSS_END__+0xe24ef>
   17640:	8ff1                	and	a5,a5,a2
   17642:	7ff47413          	andi	s0,s0,2047
   17646:	84aa                	mv	s1,a0
   17648:	2781                	sext.w	a5,a5
   1764a:	c011                	beqz	s0,1764e <__d2b+0x3a>
   1764c:	8fd5                	or	a5,a5,a3
   1764e:	2701                	sext.w	a4,a4
   17650:	ce3e                	sw	a5,28(sp)
   17652:	ef15                	bnez	a4,1768e <__d2b+0x7a>
   17654:	0868                	addi	a0,sp,28
   17656:	f64ff0ef          	jal	16dba <__lo0bits>
   1765a:	4772                	lw	a4,28(sp)
   1765c:	4785                	li	a5,1
   1765e:	c8dc                	sw	a5,20(s1)
   17660:	cc98                	sw	a4,24(s1)
   17662:	0205051b          	addiw	a0,a0,32
   17666:	c831                	beqz	s0,176ba <__d2b+0xa6>
   17668:	bcd4041b          	addiw	s0,s0,-1075
   1766c:	9c29                	addw	s0,s0,a0
   1766e:	03500793          	li	a5,53
   17672:	0089a023          	sw	s0,0(s3)
   17676:	40a7853b          	subw	a0,a5,a0
   1767a:	60a6                	ld	ra,72(sp)
   1767c:	6406                	ld	s0,64(sp)
   1767e:	00a92023          	sw	a0,0(s2)
   17682:	79a2                	ld	s3,40(sp)
   17684:	7942                	ld	s2,48(sp)
   17686:	8526                	mv	a0,s1
   17688:	74e2                	ld	s1,56(sp)
   1768a:	6161                	addi	sp,sp,80
   1768c:	8082                	ret
   1768e:	0828                	addi	a0,sp,24
   17690:	cc3a                	sw	a4,24(sp)
   17692:	f28ff0ef          	jal	16dba <__lo0bits>
   17696:	4772                	lw	a4,28(sp)
   17698:	46e2                	lw	a3,24(sp)
   1769a:	c909                	beqz	a0,176ac <__d2b+0x98>
   1769c:	02000793          	li	a5,32
   176a0:	9f89                	subw	a5,a5,a0
   176a2:	00f717bb          	sllw	a5,a4,a5
   176a6:	8edd                	or	a3,a3,a5
   176a8:	00a7573b          	srlw	a4,a4,a0
   176ac:	00e037b3          	snez	a5,a4
   176b0:	0785                	addi	a5,a5,1 # 3ff00001 <__BSS_END__+0x3fee24f1>
   176b2:	cc94                	sw	a3,24(s1)
   176b4:	ccd8                	sw	a4,28(s1)
   176b6:	c8dc                	sw	a5,20(s1)
   176b8:	f845                	bnez	s0,17668 <__d2b+0x54>
   176ba:	00279713          	slli	a4,a5,0x2
   176be:	bce5051b          	addiw	a0,a0,-1074
   176c2:	00a9a023          	sw	a0,0(s3)
   176c6:	9726                	add	a4,a4,s1
   176c8:	4b48                	lw	a0,20(a4)
   176ca:	e43e                	sd	a5,8(sp)
   176cc:	e86ff0ef          	jal	16d52 <__hi0bits>
   176d0:	67a2                	ld	a5,8(sp)
   176d2:	0057979b          	slliw	a5,a5,0x5
   176d6:	40a7853b          	subw	a0,a5,a0
   176da:	b745                	j	1767a <__d2b+0x66>
   176dc:	66ed                	lui	a3,0x1b
   176de:	656d                	lui	a0,0x1b
   176e0:	86868693          	addi	a3,a3,-1944 # 1a868 <__clzdi2+0x1c8>
   176e4:	8c850513          	addi	a0,a0,-1848 # 1a8c8 <__clzdi2+0x228>
   176e8:	4601                	li	a2,0
   176ea:	30f00593          	li	a1,783
   176ee:	16d000ef          	jal	1805a <__assert_func>

00000000000176f2 <__ratio>:
   176f2:	7139                	addi	sp,sp,-64
   176f4:	f822                	sd	s0,48(sp)
   176f6:	842e                	mv	s0,a1
   176f8:	082c                	addi	a1,sp,24
   176fa:	fc06                	sd	ra,56(sp)
   176fc:	f426                	sd	s1,40(sp)
   176fe:	f04a                	sd	s2,32(sp)
   17700:	84aa                	mv	s1,a0
   17702:	e35ff0ef          	jal	17536 <__b2d>
   17706:	e2050753          	fmv.x.d	a4,fa0
   1770a:	086c                	addi	a1,sp,28
   1770c:	8522                	mv	a0,s0
   1770e:	893a                	mv	s2,a4
   17710:	a42a                	fsd	fa0,8(sp)
   17712:	e25ff0ef          	jal	17536 <__b2d>
   17716:	4854                	lw	a3,20(s0)
   17718:	48d0                	lw	a2,20(s1)
   1771a:	47e2                	lw	a5,24(sp)
   1771c:	45f2                	lw	a1,28(sp)
   1771e:	9e15                	subw	a2,a2,a3
   17720:	0056161b          	slliw	a2,a2,0x5
   17724:	9f8d                	subw	a5,a5,a1
   17726:	9fb1                	addw	a5,a5,a2
   17728:	e20506d3          	fmv.x.d	a3,fa0
   1772c:	6722                	ld	a4,8(sp)
   1772e:	02f05863          	blez	a5,1775e <__ratio+0x6c>
   17732:	9301                	srli	a4,a4,0x20
   17734:	0147979b          	slliw	a5,a5,0x14
   17738:	9fb9                	addw	a5,a5,a4
   1773a:	02091613          	slli	a2,s2,0x20
   1773e:	9201                	srli	a2,a2,0x20
   17740:	1782                	slli	a5,a5,0x20
   17742:	00f66733          	or	a4,a2,a5
   17746:	70e2                	ld	ra,56(sp)
   17748:	7442                	ld	s0,48(sp)
   1774a:	f20707d3          	fmv.d.x	fa5,a4
   1774e:	f2068753          	fmv.d.x	fa4,a3
   17752:	74a2                	ld	s1,40(sp)
   17754:	7902                	ld	s2,32(sp)
   17756:	1ae7f553          	fdiv.d	fa0,fa5,fa4
   1775a:	6121                	addi	sp,sp,64
   1775c:	8082                	ret
   1775e:	40f007bb          	negw	a5,a5
   17762:	02069613          	slli	a2,a3,0x20
   17766:	0147979b          	slliw	a5,a5,0x14
   1776a:	9281                	srli	a3,a3,0x20
   1776c:	9fb5                	addw	a5,a5,a3
   1776e:	9201                	srli	a2,a2,0x20
   17770:	1782                	slli	a5,a5,0x20
   17772:	00f666b3          	or	a3,a2,a5
   17776:	bfc1                	j	17746 <__ratio+0x54>

0000000000017778 <_mprec_log10>:
   17778:	47dd                	li	a5,23
   1777a:	00a7db63          	bge	a5,a0,17790 <_mprec_log10+0x18>
   1777e:	9581b507          	fld	fa0,-1704(gp) # 1cc68 <__SDATA_BEGIN__>
   17782:	9a01b787          	fld	fa5,-1632(gp) # 1ccb0 <__SDATA_BEGIN__+0x48>
   17786:	357d                	addiw	a0,a0,-1
   17788:	12f57553          	fmul.d	fa0,fa0,fa5
   1778c:	fd6d                	bnez	a0,17786 <_mprec_log10+0xe>
   1778e:	8082                	ret
   17790:	67ed                	lui	a5,0x1b
   17792:	050e                	slli	a0,a0,0x3
   17794:	ec878793          	addi	a5,a5,-312 # 1aec8 <__mprec_tens>
   17798:	97aa                	add	a5,a5,a0
   1779a:	2388                	fld	fa0,0(a5)
   1779c:	8082                	ret

000000000001779e <__copybits>:
   1779e:	4a58                	lw	a4,20(a2)
   177a0:	fff5879b          	addiw	a5,a1,-1
   177a4:	4057d79b          	sraiw	a5,a5,0x5
   177a8:	00271593          	slli	a1,a4,0x2
   177ac:	2785                	addiw	a5,a5,1
   177ae:	01860713          	addi	a4,a2,24
   177b2:	078a                	slli	a5,a5,0x2
   177b4:	95ba                	add	a1,a1,a4
   177b6:	97aa                	add	a5,a5,a0
   177b8:	02b77063          	bgeu	a4,a1,177d8 <__copybits+0x3a>
   177bc:	86aa                	mv	a3,a0
   177be:	00072803          	lw	a6,0(a4) # 3ff00000 <__BSS_END__+0x3fee24f0>
   177c2:	0711                	addi	a4,a4,4
   177c4:	0691                	addi	a3,a3,4
   177c6:	ff06ae23          	sw	a6,-4(a3)
   177ca:	feb76ae3          	bltu	a4,a1,177be <__copybits+0x20>
   177ce:	8d91                	sub	a1,a1,a2
   177d0:	159d                	addi	a1,a1,-25
   177d2:	99f1                	andi	a1,a1,-4
   177d4:	0511                	addi	a0,a0,4
   177d6:	952e                	add	a0,a0,a1
   177d8:	02f57263          	bgeu	a0,a5,177fc <__copybits+0x5e>
   177dc:	17fd                	addi	a5,a5,-1
   177de:	0d007757          	vsetvli	a4,zero,e32,m1,ta,ma
   177e2:	8f89                	sub	a5,a5,a0
   177e4:	5e0030d7          	vmv.v.i	v1,0
   177e8:	8389                	srli	a5,a5,0x2
   177ea:	0785                	addi	a5,a5,1
   177ec:	0c67f757          	vsetvli	a4,a5,e8,mf4,ta,ma
   177f0:	020560a7          	vse32.v	v1,(a0)
   177f4:	8f99                	sub	a5,a5,a4
   177f6:	070a                	slli	a4,a4,0x2
   177f8:	953a                	add	a0,a0,a4
   177fa:	fbed                	bnez	a5,177ec <__copybits+0x4e>
   177fc:	8082                	ret

00000000000177fe <__any_on>:
   177fe:	4958                	lw	a4,20(a0)
   17800:	4055d61b          	sraiw	a2,a1,0x5
   17804:	01850693          	addi	a3,a0,24
   17808:	00c75d63          	bge	a4,a2,17822 <__any_on+0x24>
   1780c:	070a                	slli	a4,a4,0x2
   1780e:	00e687b3          	add	a5,a3,a4
   17812:	02f6f863          	bgeu	a3,a5,17842 <__any_on+0x44>
   17816:	ffc7a703          	lw	a4,-4(a5)
   1781a:	17f1                	addi	a5,a5,-4
   1781c:	db7d                	beqz	a4,17812 <__any_on+0x14>
   1781e:	4505                	li	a0,1
   17820:	8082                	ret
   17822:	00261793          	slli	a5,a2,0x2
   17826:	97b6                	add	a5,a5,a3
   17828:	fee655e3          	bge	a2,a4,17812 <__any_on+0x14>
   1782c:	89fd                	andi	a1,a1,31
   1782e:	d1f5                	beqz	a1,17812 <__any_on+0x14>
   17830:	4390                	lw	a2,0(a5)
   17832:	4505                	li	a0,1
   17834:	00b6573b          	srlw	a4,a2,a1
   17838:	00b7173b          	sllw	a4,a4,a1
   1783c:	fcc70be3          	beq	a4,a2,17812 <__any_on+0x14>
   17840:	8082                	ret
   17842:	4501                	li	a0,0
   17844:	8082                	ret

0000000000017846 <_realloc_r>:
   17846:	16058663          	beqz	a1,179b2 <_realloc_r+0x16c>
   1784a:	7139                	addi	sp,sp,-64
   1784c:	f822                	sd	s0,48(sp)
   1784e:	f426                	sd	s1,40(sp)
   17850:	842e                	mv	s0,a1
   17852:	fc06                	sd	ra,56(sp)
   17854:	84aa                	mv	s1,a0
   17856:	e032                	sd	a2,0(sp)
   17858:	dd5f90ef          	jal	1162c <__malloc_lock>
   1785c:	6582                	ld	a1,0(sp)
   1785e:	02e00713          	li	a4,46
   17862:	01758793          	addi	a5,a1,23
   17866:	0ef77563          	bgeu	a4,a5,17950 <_realloc_r+0x10a>
   1786a:	4705                	li	a4,1
   1786c:	9bc1                	andi	a5,a5,-16
   1786e:	077e                	slli	a4,a4,0x1f
   17870:	00e7b733          	sltu	a4,a5,a4
   17874:	00174713          	xori	a4,a4,1
   17878:	16b7e263          	bltu	a5,a1,179dc <_realloc_r+0x196>
   1787c:	16071063          	bnez	a4,179dc <_realloc_r+0x196>
   17880:	ff843683          	ld	a3,-8(s0)
   17884:	ff040613          	addi	a2,s0,-16
   17888:	ffc6f713          	andi	a4,a3,-4
   1788c:	0cf75d63          	bge	a4,a5,17966 <_realloc_r+0x120>
   17890:	6571                	lui	a0,0x1c
   17892:	14050e93          	addi	t4,a0,320 # 1c140 <__malloc_av_>
   17896:	010eb883          	ld	a7,16(t4)
   1789a:	00e60833          	add	a6,a2,a4
   1789e:	00883503          	ld	a0,8(a6)
   178a2:	15088663          	beq	a7,a6,179ee <_realloc_r+0x1a8>
   178a6:	ffe57893          	andi	a7,a0,-2
   178aa:	98c2                	add	a7,a7,a6
   178ac:	0088b883          	ld	a7,8(a7)
   178b0:	0018f893          	andi	a7,a7,1
   178b4:	0e089463          	bnez	a7,1799c <_realloc_r+0x156>
   178b8:	9971                	andi	a0,a0,-4
   178ba:	00a708b3          	add	a7,a4,a0
   178be:	08f8dd63          	bge	a7,a5,17958 <_realloc_r+0x112>
   178c2:	8a85                	andi	a3,a3,1
   178c4:	e28d                	bnez	a3,178e6 <_realloc_r+0xa0>
   178c6:	ff043303          	ld	t1,-16(s0)
   178ca:	40660333          	sub	t1,a2,t1
   178ce:	00833883          	ld	a7,8(t1)
   178d2:	ffc8f893          	andi	a7,a7,-4
   178d6:	9546                	add	a0,a0,a7
   178d8:	00e506b3          	add	a3,a0,a4
   178dc:	22f6dd63          	bge	a3,a5,17b16 <_realloc_r+0x2d0>
   178e0:	98ba                	add	a7,a7,a4
   178e2:	1cf8da63          	bge	a7,a5,17ab6 <_realloc_r+0x270>
   178e6:	8526                	mv	a0,s1
   178e8:	e83a                	sd	a4,16(sp)
   178ea:	e432                	sd	a2,8(sp)
   178ec:	e03e                	sd	a5,0(sp)
   178ee:	ec2f90ef          	jal	10fb0 <_malloc_r>
   178f2:	6782                	ld	a5,0(sp)
   178f4:	6622                	ld	a2,8(sp)
   178f6:	6742                	ld	a4,16(sp)
   178f8:	86aa                	mv	a3,a0
   178fa:	30050363          	beqz	a0,17c00 <_realloc_r+0x3ba>
   178fe:	ff843583          	ld	a1,-8(s0)
   17902:	ff050813          	addi	a6,a0,-16
   17906:	99f9                	andi	a1,a1,-2
   17908:	95b2                	add	a1,a1,a2
   1790a:	19058463          	beq	a1,a6,17a92 <_realloc_r+0x24c>
   1790e:	ff870613          	addi	a2,a4,-8
   17912:	04800793          	li	a5,72
   17916:	1ec7ea63          	bltu	a5,a2,17b0a <_realloc_r+0x2c4>
   1791a:	02700713          	li	a4,39
   1791e:	16c76f63          	bltu	a4,a2,17a9c <_realloc_r+0x256>
   17922:	87aa                	mv	a5,a0
   17924:	8722                	mv	a4,s0
   17926:	6310                	ld	a2,0(a4)
   17928:	e390                	sd	a2,0(a5)
   1792a:	6710                	ld	a2,8(a4)
   1792c:	e790                	sd	a2,8(a5)
   1792e:	6b18                	ld	a4,16(a4)
   17930:	eb98                	sd	a4,16(a5)
   17932:	85a2                	mv	a1,s0
   17934:	8526                	mv	a0,s1
   17936:	e036                	sd	a3,0(sp)
   17938:	badfa0ef          	jal	124e4 <_free_r>
   1793c:	8526                	mv	a0,s1
   1793e:	cf1f90ef          	jal	1162e <__malloc_unlock>
   17942:	6682                	ld	a3,0(sp)
   17944:	70e2                	ld	ra,56(sp)
   17946:	7442                	ld	s0,48(sp)
   17948:	74a2                	ld	s1,40(sp)
   1794a:	8536                	mv	a0,a3
   1794c:	6121                	addi	sp,sp,64
   1794e:	8082                	ret
   17950:	4701                	li	a4,0
   17952:	02000793          	li	a5,32
   17956:	b70d                	j	17878 <_realloc_r+0x32>
   17958:	01883683          	ld	a3,24(a6)
   1795c:	01083583          	ld	a1,16(a6)
   17960:	8746                	mv	a4,a7
   17962:	ed94                	sd	a3,24(a1)
   17964:	ea8c                	sd	a1,16(a3)
   17966:	6614                	ld	a3,8(a2)
   17968:	40f70533          	sub	a0,a4,a5
   1796c:	45fd                	li	a1,31
   1796e:	8a85                	andi	a3,a3,1
   17970:	00e60833          	add	a6,a2,a4
   17974:	04a5e263          	bltu	a1,a0,179b8 <_realloc_r+0x172>
   17978:	8ed9                	or	a3,a3,a4
   1797a:	e614                	sd	a3,8(a2)
   1797c:	00883783          	ld	a5,8(a6)
   17980:	0017e793          	ori	a5,a5,1
   17984:	00f83423          	sd	a5,8(a6)
   17988:	8526                	mv	a0,s1
   1798a:	ca5f90ef          	jal	1162e <__malloc_unlock>
   1798e:	86a2                	mv	a3,s0
   17990:	70e2                	ld	ra,56(sp)
   17992:	7442                	ld	s0,48(sp)
   17994:	74a2                	ld	s1,40(sp)
   17996:	8536                	mv	a0,a3
   17998:	6121                	addi	sp,sp,64
   1799a:	8082                	ret
   1799c:	8a85                	andi	a3,a3,1
   1799e:	f6a1                	bnez	a3,178e6 <_realloc_r+0xa0>
   179a0:	ff043303          	ld	t1,-16(s0)
   179a4:	40660333          	sub	t1,a2,t1
   179a8:	00833883          	ld	a7,8(t1)
   179ac:	ffc8f893          	andi	a7,a7,-4
   179b0:	bf05                	j	178e0 <_realloc_r+0x9a>
   179b2:	85b2                	mv	a1,a2
   179b4:	dfcf906f          	j	10fb0 <_malloc_r>
   179b8:	8edd                	or	a3,a3,a5
   179ba:	e614                	sd	a3,8(a2)
   179bc:	00156513          	ori	a0,a0,1
   179c0:	963e                	add	a2,a2,a5
   179c2:	e608                	sd	a0,8(a2)
   179c4:	00883783          	ld	a5,8(a6)
   179c8:	01060593          	addi	a1,a2,16
   179cc:	8526                	mv	a0,s1
   179ce:	0017e793          	ori	a5,a5,1
   179d2:	00f83423          	sd	a5,8(a6)
   179d6:	b0ffa0ef          	jal	124e4 <_free_r>
   179da:	b77d                	j	17988 <_realloc_r+0x142>
   179dc:	47b1                	li	a5,12
   179de:	c09c                	sw	a5,0(s1)
   179e0:	4681                	li	a3,0
   179e2:	70e2                	ld	ra,56(sp)
   179e4:	7442                	ld	s0,48(sp)
   179e6:	74a2                	ld	s1,40(sp)
   179e8:	8536                	mv	a0,a3
   179ea:	6121                	addi	sp,sp,64
   179ec:	8082                	ret
   179ee:	9971                	andi	a0,a0,-4
   179f0:	00e50833          	add	a6,a0,a4
   179f4:	02078e13          	addi	t3,a5,32
   179f8:	1bc85763          	bge	a6,t3,17ba6 <_realloc_r+0x360>
   179fc:	8a85                	andi	a3,a3,1
   179fe:	ee0694e3          	bnez	a3,178e6 <_realloc_r+0xa0>
   17a02:	ff043303          	ld	t1,-16(s0)
   17a06:	40660333          	sub	t1,a2,t1
   17a0a:	00833883          	ld	a7,8(t1)
   17a0e:	ffc8f893          	andi	a7,a7,-4
   17a12:	9546                	add	a0,a0,a7
   17a14:	00e50833          	add	a6,a0,a4
   17a18:	edc844e3          	blt	a6,t3,178e0 <_realloc_r+0x9a>
   17a1c:	01833683          	ld	a3,24(t1)
   17a20:	01033583          	ld	a1,16(t1)
   17a24:	ff870613          	addi	a2,a4,-8
   17a28:	04800713          	li	a4,72
   17a2c:	ed94                	sd	a3,24(a1)
   17a2e:	ea8c                	sd	a1,16(a3)
   17a30:	01030693          	addi	a3,t1,16
   17a34:	20c76363          	bltu	a4,a2,17c3a <_realloc_r+0x3f4>
   17a38:	02700593          	li	a1,39
   17a3c:	8736                	mv	a4,a3
   17a3e:	00c5ff63          	bgeu	a1,a2,17a5c <_realloc_r+0x216>
   17a42:	600c                	ld	a1,0(s0)
   17a44:	03700713          	li	a4,55
   17a48:	00b33823          	sd	a1,16(t1)
   17a4c:	640c                	ld	a1,8(s0)
   17a4e:	00b33c23          	sd	a1,24(t1)
   17a52:	22c76063          	bltu	a4,a2,17c72 <_realloc_r+0x42c>
   17a56:	0441                	addi	s0,s0,16
   17a58:	02030713          	addi	a4,t1,32
   17a5c:	6010                	ld	a2,0(s0)
   17a5e:	e310                	sd	a2,0(a4)
   17a60:	6410                	ld	a2,8(s0)
   17a62:	e710                	sd	a2,8(a4)
   17a64:	6810                	ld	a2,16(s0)
   17a66:	eb10                	sd	a2,16(a4)
   17a68:	00f30633          	add	a2,t1,a5
   17a6c:	40f80733          	sub	a4,a6,a5
   17a70:	00ceb823          	sd	a2,16(t4)
   17a74:	00176713          	ori	a4,a4,1
   17a78:	e618                	sd	a4,8(a2)
   17a7a:	00833703          	ld	a4,8(t1)
   17a7e:	8526                	mv	a0,s1
   17a80:	e036                	sd	a3,0(sp)
   17a82:	8b05                	andi	a4,a4,1
   17a84:	8fd9                	or	a5,a5,a4
   17a86:	00f33423          	sd	a5,8(t1)
   17a8a:	ba5f90ef          	jal	1162e <__malloc_unlock>
   17a8e:	6682                	ld	a3,0(sp)
   17a90:	b701                	j	17990 <_realloc_r+0x14a>
   17a92:	ff853683          	ld	a3,-8(a0)
   17a96:	9af1                	andi	a3,a3,-4
   17a98:	9736                	add	a4,a4,a3
   17a9a:	b5f1                	j	17966 <_realloc_r+0x120>
   17a9c:	600c                	ld	a1,0(s0)
   17a9e:	03700713          	li	a4,55
   17aa2:	e10c                	sd	a1,0(a0)
   17aa4:	640c                	ld	a1,8(s0)
   17aa6:	e50c                	sd	a1,8(a0)
   17aa8:	0cc76763          	bltu	a4,a2,17b76 <_realloc_r+0x330>
   17aac:	01040713          	addi	a4,s0,16
   17ab0:	01050793          	addi	a5,a0,16
   17ab4:	bd8d                	j	17926 <_realloc_r+0xe0>
   17ab6:	01833683          	ld	a3,24(t1)
   17aba:	01033583          	ld	a1,16(t1)
   17abe:	ff870613          	addi	a2,a4,-8
   17ac2:	04800513          	li	a0,72
   17ac6:	ed94                	sd	a3,24(a1)
   17ac8:	ea8c                	sd	a1,16(a3)
   17aca:	01030693          	addi	a3,t1,16
   17ace:	0ac56f63          	bltu	a0,a2,17b8c <_realloc_r+0x346>
   17ad2:	02700593          	li	a1,39
   17ad6:	8736                	mv	a4,a3
   17ad8:	00c5ff63          	bgeu	a1,a2,17af6 <_realloc_r+0x2b0>
   17adc:	600c                	ld	a1,0(s0)
   17ade:	03700713          	li	a4,55
   17ae2:	00b33823          	sd	a1,16(t1)
   17ae6:	640c                	ld	a1,8(s0)
   17ae8:	00b33c23          	sd	a1,24(t1)
   17aec:	0ec76d63          	bltu	a4,a2,17be6 <_realloc_r+0x3a0>
   17af0:	0441                	addi	s0,s0,16
   17af2:	02030713          	addi	a4,t1,32
   17af6:	6010                	ld	a2,0(s0)
   17af8:	e310                	sd	a2,0(a4)
   17afa:	6410                	ld	a2,8(s0)
   17afc:	e710                	sd	a2,8(a4)
   17afe:	6810                	ld	a2,16(s0)
   17b00:	eb10                	sd	a2,16(a4)
   17b02:	8436                	mv	s0,a3
   17b04:	8746                	mv	a4,a7
   17b06:	861a                	mv	a2,t1
   17b08:	bdb9                	j	17966 <_realloc_r+0x120>
   17b0a:	85a2                	mv	a1,s0
   17b0c:	e02a                	sd	a0,0(sp)
   17b0e:	e50fd0ef          	jal	1515e <memmove>
   17b12:	6682                	ld	a3,0(sp)
   17b14:	bd39                	j	17932 <_realloc_r+0xec>
   17b16:	01883583          	ld	a1,24(a6)
   17b1a:	01083503          	ld	a0,16(a6)
   17b1e:	ff870613          	addi	a2,a4,-8
   17b22:	04800893          	li	a7,72
   17b26:	ed0c                	sd	a1,24(a0)
   17b28:	e988                	sd	a0,16(a1)
   17b2a:	01833703          	ld	a4,24(t1)
   17b2e:	01033583          	ld	a1,16(t1)
   17b32:	01030813          	addi	a6,t1,16
   17b36:	ed98                	sd	a4,24(a1)
   17b38:	eb0c                	sd	a1,16(a4)
   17b3a:	08c8e963          	bltu	a7,a2,17bcc <_realloc_r+0x386>
   17b3e:	02700593          	li	a1,39
   17b42:	8742                	mv	a4,a6
   17b44:	00c5ff63          	bgeu	a1,a2,17b62 <_realloc_r+0x31c>
   17b48:	600c                	ld	a1,0(s0)
   17b4a:	03700713          	li	a4,55
   17b4e:	00b33823          	sd	a1,16(t1)
   17b52:	640c                	ld	a1,8(s0)
   17b54:	00b33c23          	sd	a1,24(t1)
   17b58:	0cc76263          	bltu	a4,a2,17c1c <_realloc_r+0x3d6>
   17b5c:	0441                	addi	s0,s0,16
   17b5e:	02030713          	addi	a4,t1,32
   17b62:	6010                	ld	a2,0(s0)
   17b64:	e310                	sd	a2,0(a4)
   17b66:	6410                	ld	a2,8(s0)
   17b68:	e710                	sd	a2,8(a4)
   17b6a:	6810                	ld	a2,16(s0)
   17b6c:	eb10                	sd	a2,16(a4)
   17b6e:	8442                	mv	s0,a6
   17b70:	8736                	mv	a4,a3
   17b72:	861a                	mv	a2,t1
   17b74:	bbcd                	j	17966 <_realloc_r+0x120>
   17b76:	6818                	ld	a4,16(s0)
   17b78:	e918                	sd	a4,16(a0)
   17b7a:	6c18                	ld	a4,24(s0)
   17b7c:	ed18                	sd	a4,24(a0)
   17b7e:	08f60663          	beq	a2,a5,17c0a <_realloc_r+0x3c4>
   17b82:	02040713          	addi	a4,s0,32
   17b86:	02050793          	addi	a5,a0,32
   17b8a:	bb71                	j	17926 <_realloc_r+0xe0>
   17b8c:	8536                	mv	a0,a3
   17b8e:	85a2                	mv	a1,s0
   17b90:	ec1a                	sd	t1,24(sp)
   17b92:	e83e                	sd	a5,16(sp)
   17b94:	e446                	sd	a7,8(sp)
   17b96:	e036                	sd	a3,0(sp)
   17b98:	dc6fd0ef          	jal	1515e <memmove>
   17b9c:	6362                	ld	t1,24(sp)
   17b9e:	67c2                	ld	a5,16(sp)
   17ba0:	68a2                	ld	a7,8(sp)
   17ba2:	6682                	ld	a3,0(sp)
   17ba4:	bfb9                	j	17b02 <_realloc_r+0x2bc>
   17ba6:	963e                	add	a2,a2,a5
   17ba8:	40f80733          	sub	a4,a6,a5
   17bac:	00ceb823          	sd	a2,16(t4)
   17bb0:	00176713          	ori	a4,a4,1
   17bb4:	e618                	sd	a4,8(a2)
   17bb6:	ff843703          	ld	a4,-8(s0)
   17bba:	8526                	mv	a0,s1
   17bbc:	8b05                	andi	a4,a4,1
   17bbe:	8fd9                	or	a5,a5,a4
   17bc0:	fef43c23          	sd	a5,-8(s0)
   17bc4:	a6bf90ef          	jal	1162e <__malloc_unlock>
   17bc8:	86a2                	mv	a3,s0
   17bca:	b3d9                	j	17990 <_realloc_r+0x14a>
   17bcc:	8542                	mv	a0,a6
   17bce:	85a2                	mv	a1,s0
   17bd0:	ec1a                	sd	t1,24(sp)
   17bd2:	e83e                	sd	a5,16(sp)
   17bd4:	e436                	sd	a3,8(sp)
   17bd6:	e042                	sd	a6,0(sp)
   17bd8:	d86fd0ef          	jal	1515e <memmove>
   17bdc:	6802                	ld	a6,0(sp)
   17bde:	66a2                	ld	a3,8(sp)
   17be0:	67c2                	ld	a5,16(sp)
   17be2:	6362                	ld	t1,24(sp)
   17be4:	b769                	j	17b6e <_realloc_r+0x328>
   17be6:	6818                	ld	a4,16(s0)
   17be8:	02e33023          	sd	a4,32(t1)
   17bec:	6c18                	ld	a4,24(s0)
   17bee:	02e33423          	sd	a4,40(t1)
   17bf2:	06a60463          	beq	a2,a0,17c5a <_realloc_r+0x414>
   17bf6:	02040413          	addi	s0,s0,32
   17bfa:	03030713          	addi	a4,t1,48
   17bfe:	bde5                	j	17af6 <_realloc_r+0x2b0>
   17c00:	8526                	mv	a0,s1
   17c02:	a2df90ef          	jal	1162e <__malloc_unlock>
   17c06:	4681                	li	a3,0
   17c08:	bbe9                	j	179e2 <_realloc_r+0x19c>
   17c0a:	7010                	ld	a2,32(s0)
   17c0c:	03040713          	addi	a4,s0,48
   17c10:	03050793          	addi	a5,a0,48
   17c14:	f110                	sd	a2,32(a0)
   17c16:	7410                	ld	a2,40(s0)
   17c18:	f510                	sd	a2,40(a0)
   17c1a:	b331                	j	17926 <_realloc_r+0xe0>
   17c1c:	680c                	ld	a1,16(s0)
   17c1e:	04800713          	li	a4,72
   17c22:	02b33023          	sd	a1,32(t1)
   17c26:	6c0c                	ld	a1,24(s0)
   17c28:	02b33423          	sd	a1,40(t1)
   17c2c:	06e60263          	beq	a2,a4,17c90 <_realloc_r+0x44a>
   17c30:	02040413          	addi	s0,s0,32
   17c34:	03030713          	addi	a4,t1,48
   17c38:	b72d                	j	17b62 <_realloc_r+0x31c>
   17c3a:	8536                	mv	a0,a3
   17c3c:	85a2                	mv	a1,s0
   17c3e:	ec1a                	sd	t1,24(sp)
   17c40:	e83e                	sd	a5,16(sp)
   17c42:	e442                	sd	a6,8(sp)
   17c44:	e036                	sd	a3,0(sp)
   17c46:	d18fd0ef          	jal	1515e <memmove>
   17c4a:	67f1                	lui	a5,0x1c
   17c4c:	14078e93          	addi	t4,a5,320 # 1c140 <__malloc_av_>
   17c50:	6362                	ld	t1,24(sp)
   17c52:	67c2                	ld	a5,16(sp)
   17c54:	6822                	ld	a6,8(sp)
   17c56:	6682                	ld	a3,0(sp)
   17c58:	bd01                	j	17a68 <_realloc_r+0x222>
   17c5a:	7010                	ld	a2,32(s0)
   17c5c:	04030713          	addi	a4,t1,64
   17c60:	03040413          	addi	s0,s0,48
   17c64:	02c33823          	sd	a2,48(t1)
   17c68:	ff843603          	ld	a2,-8(s0)
   17c6c:	02c33c23          	sd	a2,56(t1)
   17c70:	b559                	j	17af6 <_realloc_r+0x2b0>
   17c72:	680c                	ld	a1,16(s0)
   17c74:	04800713          	li	a4,72
   17c78:	02b33023          	sd	a1,32(t1)
   17c7c:	6c0c                	ld	a1,24(s0)
   17c7e:	02b33423          	sd	a1,40(t1)
   17c82:	02e60363          	beq	a2,a4,17ca8 <_realloc_r+0x462>
   17c86:	02040413          	addi	s0,s0,32
   17c8a:	03030713          	addi	a4,t1,48
   17c8e:	b3f9                	j	17a5c <_realloc_r+0x216>
   17c90:	7010                	ld	a2,32(s0)
   17c92:	04030713          	addi	a4,t1,64
   17c96:	03040413          	addi	s0,s0,48
   17c9a:	02c33823          	sd	a2,48(t1)
   17c9e:	ff843603          	ld	a2,-8(s0)
   17ca2:	02c33c23          	sd	a2,56(t1)
   17ca6:	bd75                	j	17b62 <_realloc_r+0x31c>
   17ca8:	7010                	ld	a2,32(s0)
   17caa:	04030713          	addi	a4,t1,64
   17cae:	03040413          	addi	s0,s0,48
   17cb2:	02c33823          	sd	a2,48(t1)
   17cb6:	ff843603          	ld	a2,-8(s0)
   17cba:	02c33c23          	sd	a2,56(t1)
   17cbe:	bb79                	j	17a5c <_realloc_r+0x216>

0000000000017cc0 <__smakebuf_r>:
   17cc0:	01059703          	lh	a4,16(a1)
   17cc4:	00277793          	andi	a5,a4,2
   17cc8:	cb81                	beqz	a5,17cd8 <__smakebuf_r+0x18>
   17cca:	07758793          	addi	a5,a1,119
   17cce:	4705                	li	a4,1
   17cd0:	e19c                	sd	a5,0(a1)
   17cd2:	ed9c                	sd	a5,24(a1)
   17cd4:	d198                	sw	a4,32(a1)
   17cd6:	8082                	ret
   17cd8:	87ae                	mv	a5,a1
   17cda:	01259583          	lh	a1,18(a1)
   17cde:	7135                	addi	sp,sp,-160
   17ce0:	e922                	sd	s0,144(sp)
   17ce2:	ed06                	sd	ra,152(sp)
   17ce4:	842a                	mv	s0,a0
   17ce6:	0605c863          	bltz	a1,17d56 <__smakebuf_r+0x96>
   17cea:	0830                	addi	a2,sp,24
   17cec:	e03e                	sd	a5,0(sp)
   17cee:	212000ef          	jal	17f00 <_fstat_r>
   17cf2:	6782                	ld	a5,0(sp)
   17cf4:	04054f63          	bltz	a0,17d52 <__smakebuf_r+0x92>
   17cf8:	40000593          	li	a1,1024
   17cfc:	8522                	mv	a0,s0
   17cfe:	e526                	sd	s1,136(sp)
   17d00:	e03e                	sd	a5,0(sp)
   17d02:	44f2                	lw	s1,28(sp)
   17d04:	aacf90ef          	jal	10fb0 <_malloc_r>
   17d08:	6782                	ld	a5,0(sp)
   17d0a:	01079703          	lh	a4,16(a5)
   17d0e:	c159                	beqz	a0,17d94 <__smakebuf_r+0xd4>
   17d10:	40000693          	li	a3,1024
   17d14:	08076713          	ori	a4,a4,128
   17d18:	d394                	sw	a3,32(a5)
   17d1a:	40c4d693          	srai	a3,s1,0xc
   17d1e:	00e79823          	sh	a4,16(a5)
   17d22:	e388                	sd	a0,0(a5)
   17d24:	ef88                	sd	a0,24(a5)
   17d26:	8abd                	andi	a3,a3,15
   17d28:	4609                	li	a2,2
   17d2a:	08c69563          	bne	a3,a2,17db4 <__smakebuf_r+0xf4>
   17d2e:	01279583          	lh	a1,18(a5)
   17d32:	8522                	mv	a0,s0
   17d34:	e03e                	sd	a5,0(sp)
   17d36:	204000ef          	jal	17f3a <_isatty_r>
   17d3a:	6782                	ld	a5,0(sp)
   17d3c:	01079703          	lh	a4,16(a5)
   17d40:	c935                	beqz	a0,17db4 <__smakebuf_r+0xf4>
   17d42:	9b71                	andi	a4,a4,-4
   17d44:	6685                	lui	a3,0x1
   17d46:	64aa                	ld	s1,136(sp)
   17d48:	00176713          	ori	a4,a4,1
   17d4c:	80068693          	addi	a3,a3,-2048 # 800 <exit-0xf920>
   17d50:	a805                	j	17d80 <__smakebuf_r+0xc0>
   17d52:	01079703          	lh	a4,16(a5)
   17d56:	08077713          	andi	a4,a4,128
   17d5a:	40000593          	li	a1,1024
   17d5e:	eb05                	bnez	a4,17d8e <__smakebuf_r+0xce>
   17d60:	8522                	mv	a0,s0
   17d62:	e43e                	sd	a5,8(sp)
   17d64:	e02e                	sd	a1,0(sp)
   17d66:	a4af90ef          	jal	10fb0 <_malloc_r>
   17d6a:	67a2                	ld	a5,8(sp)
   17d6c:	6582                	ld	a1,0(sp)
   17d6e:	01079703          	lh	a4,16(a5)
   17d72:	c115                	beqz	a0,17d96 <__smakebuf_r+0xd6>
   17d74:	08076713          	ori	a4,a4,128
   17d78:	e388                	sd	a0,0(a5)
   17d7a:	ef88                	sd	a0,24(a5)
   17d7c:	d38c                	sw	a1,32(a5)
   17d7e:	4681                	li	a3,0
   17d80:	8f55                	or	a4,a4,a3
   17d82:	00e79823          	sh	a4,16(a5)
   17d86:	60ea                	ld	ra,152(sp)
   17d88:	644a                	ld	s0,144(sp)
   17d8a:	610d                	addi	sp,sp,160
   17d8c:	8082                	ret
   17d8e:	04000593          	li	a1,64
   17d92:	b7f9                	j	17d60 <__smakebuf_r+0xa0>
   17d94:	64aa                	ld	s1,136(sp)
   17d96:	20077693          	andi	a3,a4,512
   17d9a:	f6f5                	bnez	a3,17d86 <__smakebuf_r+0xc6>
   17d9c:	9b71                	andi	a4,a4,-4
   17d9e:	07778693          	addi	a3,a5,119
   17da2:	00276713          	ori	a4,a4,2
   17da6:	4605                	li	a2,1
   17da8:	00e79823          	sh	a4,16(a5)
   17dac:	e394                	sd	a3,0(a5)
   17dae:	ef94                	sd	a3,24(a5)
   17db0:	d390                	sw	a2,32(a5)
   17db2:	bfd1                	j	17d86 <__smakebuf_r+0xc6>
   17db4:	6685                	lui	a3,0x1
   17db6:	64aa                	ld	s1,136(sp)
   17db8:	80068693          	addi	a3,a3,-2048 # 800 <exit-0xf920>
   17dbc:	b7d1                	j	17d80 <__smakebuf_r+0xc0>

0000000000017dbe <__swhatbuf_r>:
   17dbe:	87ae                	mv	a5,a1
   17dc0:	01259583          	lh	a1,18(a1)
   17dc4:	8732                	mv	a4,a2
   17dc6:	0405ce63          	bltz	a1,17e22 <__swhatbuf_r+0x64>
   17dca:	7135                	addi	sp,sp,-160
   17dcc:	e832                	sd	a2,16(sp)
   17dce:	1030                	addi	a2,sp,40
   17dd0:	ec36                	sd	a3,24(sp)
   17dd2:	e43e                	sd	a5,8(sp)
   17dd4:	ed06                	sd	ra,152(sp)
   17dd6:	12a000ef          	jal	17f00 <_fstat_r>
   17dda:	67a2                	ld	a5,8(sp)
   17ddc:	6742                	ld	a4,16(sp)
   17dde:	66e2                	ld	a3,24(sp)
   17de0:	02054363          	bltz	a0,17e06 <__swhatbuf_r+0x48>
   17de4:	57b2                	lw	a5,44(sp)
   17de6:	65bd                	lui	a1,0xf
   17de8:	6609                	lui	a2,0x2
   17dea:	8fed                	and	a5,a5,a1
   17dec:	8f91                	sub	a5,a5,a2
   17dee:	60ea                	ld	ra,152(sp)
   17df0:	0017b793          	seqz	a5,a5
   17df4:	c29c                	sw	a5,0(a3)
   17df6:	40000613          	li	a2,1024
   17dfa:	6505                	lui	a0,0x1
   17dfc:	e310                	sd	a2,0(a4)
   17dfe:	80050513          	addi	a0,a0,-2048 # 800 <exit-0xf920>
   17e02:	610d                	addi	sp,sp,160
   17e04:	8082                	ret
   17e06:	0107d783          	lhu	a5,16(a5)
   17e0a:	0807f793          	andi	a5,a5,128
   17e0e:	c78d                	beqz	a5,17e38 <__swhatbuf_r+0x7a>
   17e10:	60ea                	ld	ra,152(sp)
   17e12:	4781                	li	a5,0
   17e14:	c29c                	sw	a5,0(a3)
   17e16:	04000613          	li	a2,64
   17e1a:	e310                	sd	a2,0(a4)
   17e1c:	4501                	li	a0,0
   17e1e:	610d                	addi	sp,sp,160
   17e20:	8082                	ret
   17e22:	0107d783          	lhu	a5,16(a5)
   17e26:	0807f793          	andi	a5,a5,128
   17e2a:	ef99                	bnez	a5,17e48 <__swhatbuf_r+0x8a>
   17e2c:	40000613          	li	a2,1024
   17e30:	c29c                	sw	a5,0(a3)
   17e32:	4501                	li	a0,0
   17e34:	e310                	sd	a2,0(a4)
   17e36:	8082                	ret
   17e38:	60ea                	ld	ra,152(sp)
   17e3a:	c29c                	sw	a5,0(a3)
   17e3c:	40000613          	li	a2,1024
   17e40:	e310                	sd	a2,0(a4)
   17e42:	4501                	li	a0,0
   17e44:	610d                	addi	sp,sp,160
   17e46:	8082                	ret
   17e48:	4781                	li	a5,0
   17e4a:	04000613          	li	a2,64
   17e4e:	c29c                	sw	a5,0(a3)
   17e50:	4501                	li	a0,0
   17e52:	e310                	sd	a2,0(a4)
   17e54:	8082                	ret

0000000000017e56 <_setlocale_r>:
   17e56:	c21d                	beqz	a2,17e7c <_setlocale_r+0x26>
   17e58:	65ed                	lui	a1,0x1b
   17e5a:	1101                	addi	sp,sp,-32
   17e5c:	91858593          	addi	a1,a1,-1768 # 1a918 <__clzdi2+0x278>
   17e60:	8532                	mv	a0,a2
   17e62:	e822                	sd	s0,16(sp)
   17e64:	ec06                	sd	ra,24(sp)
   17e66:	8432                	mv	s0,a2
   17e68:	108000ef          	jal	17f70 <strcmp>
   17e6c:	67ed                	lui	a5,0x1b
   17e6e:	e919                	bnez	a0,17e84 <_setlocale_r+0x2e>
   17e70:	91078513          	addi	a0,a5,-1776 # 1a910 <__clzdi2+0x270>
   17e74:	60e2                	ld	ra,24(sp)
   17e76:	6442                	ld	s0,16(sp)
   17e78:	6105                	addi	sp,sp,32
   17e7a:	8082                	ret
   17e7c:	67ed                	lui	a5,0x1b
   17e7e:	91078513          	addi	a0,a5,-1776 # 1a910 <__clzdi2+0x270>
   17e82:	8082                	ret
   17e84:	91078593          	addi	a1,a5,-1776
   17e88:	8522                	mv	a0,s0
   17e8a:	e43e                	sd	a5,8(sp)
   17e8c:	0e4000ef          	jal	17f70 <strcmp>
   17e90:	67a2                	ld	a5,8(sp)
   17e92:	dd79                	beqz	a0,17e70 <_setlocale_r+0x1a>
   17e94:	65e9                	lui	a1,0x1a
   17e96:	8522                	mv	a0,s0
   17e98:	6e858593          	addi	a1,a1,1768 # 1a6e8 <__clzdi2+0x48>
   17e9c:	0d4000ef          	jal	17f70 <strcmp>
   17ea0:	67a2                	ld	a5,8(sp)
   17ea2:	d579                	beqz	a0,17e70 <_setlocale_r+0x1a>
   17ea4:	4501                	li	a0,0
   17ea6:	b7f9                	j	17e74 <_setlocale_r+0x1e>

0000000000017ea8 <__locale_mb_cur_max>:
   17ea8:	9101c503          	lbu	a0,-1776(gp) # 1cc20 <__global_locale+0x160>
   17eac:	8082                	ret

0000000000017eae <setlocale>:
   17eae:	c19d                	beqz	a1,17ed4 <setlocale+0x26>
   17eb0:	1101                	addi	sp,sp,-32
   17eb2:	e822                	sd	s0,16(sp)
   17eb4:	852e                	mv	a0,a1
   17eb6:	842e                	mv	s0,a1
   17eb8:	65ed                	lui	a1,0x1b
   17eba:	91858593          	addi	a1,a1,-1768 # 1a918 <__clzdi2+0x278>
   17ebe:	ec06                	sd	ra,24(sp)
   17ec0:	0b0000ef          	jal	17f70 <strcmp>
   17ec4:	67ed                	lui	a5,0x1b
   17ec6:	e919                	bnez	a0,17edc <setlocale+0x2e>
   17ec8:	91078513          	addi	a0,a5,-1776 # 1a910 <__clzdi2+0x270>
   17ecc:	60e2                	ld	ra,24(sp)
   17ece:	6442                	ld	s0,16(sp)
   17ed0:	6105                	addi	sp,sp,32
   17ed2:	8082                	ret
   17ed4:	67ed                	lui	a5,0x1b
   17ed6:	91078513          	addi	a0,a5,-1776 # 1a910 <__clzdi2+0x270>
   17eda:	8082                	ret
   17edc:	91078593          	addi	a1,a5,-1776
   17ee0:	8522                	mv	a0,s0
   17ee2:	e43e                	sd	a5,8(sp)
   17ee4:	08c000ef          	jal	17f70 <strcmp>
   17ee8:	67a2                	ld	a5,8(sp)
   17eea:	dd79                	beqz	a0,17ec8 <setlocale+0x1a>
   17eec:	65e9                	lui	a1,0x1a
   17eee:	8522                	mv	a0,s0
   17ef0:	6e858593          	addi	a1,a1,1768 # 1a6e8 <__clzdi2+0x48>
   17ef4:	07c000ef          	jal	17f70 <strcmp>
   17ef8:	67a2                	ld	a5,8(sp)
   17efa:	d579                	beqz	a0,17ec8 <setlocale+0x1a>
   17efc:	4501                	li	a0,0
   17efe:	b7f9                	j	17ecc <setlocale+0x1e>

0000000000017f00 <_fstat_r>:
   17f00:	1101                	addi	sp,sp,-32
   17f02:	87ae                	mv	a5,a1
   17f04:	e822                	sd	s0,16(sp)
   17f06:	e426                	sd	s1,8(sp)
   17f08:	85b2                	mv	a1,a2
   17f0a:	84aa                	mv	s1,a0
   17f0c:	853e                	mv	a0,a5
   17f0e:	ec06                	sd	ra,24(sp)
   17f10:	a401a823          	sw	zero,-1456(gp) # 1cd60 <errno>
   17f14:	3b4010ef          	jal	192c8 <_fstat>
   17f18:	57fd                	li	a5,-1
   17f1a:	00f50763          	beq	a0,a5,17f28 <_fstat_r+0x28>
   17f1e:	60e2                	ld	ra,24(sp)
   17f20:	6442                	ld	s0,16(sp)
   17f22:	64a2                	ld	s1,8(sp)
   17f24:	6105                	addi	sp,sp,32
   17f26:	8082                	ret
   17f28:	a501a783          	lw	a5,-1456(gp) # 1cd60 <errno>
   17f2c:	dbed                	beqz	a5,17f1e <_fstat_r+0x1e>
   17f2e:	60e2                	ld	ra,24(sp)
   17f30:	6442                	ld	s0,16(sp)
   17f32:	c09c                	sw	a5,0(s1)
   17f34:	64a2                	ld	s1,8(sp)
   17f36:	6105                	addi	sp,sp,32
   17f38:	8082                	ret

0000000000017f3a <_isatty_r>:
   17f3a:	1101                	addi	sp,sp,-32
   17f3c:	e822                	sd	s0,16(sp)
   17f3e:	e426                	sd	s1,8(sp)
   17f40:	84aa                	mv	s1,a0
   17f42:	852e                	mv	a0,a1
   17f44:	ec06                	sd	ra,24(sp)
   17f46:	a401a823          	sw	zero,-1456(gp) # 1cd60 <errno>
   17f4a:	3c4010ef          	jal	1930e <_isatty>
   17f4e:	57fd                	li	a5,-1
   17f50:	00f50763          	beq	a0,a5,17f5e <_isatty_r+0x24>
   17f54:	60e2                	ld	ra,24(sp)
   17f56:	6442                	ld	s0,16(sp)
   17f58:	64a2                	ld	s1,8(sp)
   17f5a:	6105                	addi	sp,sp,32
   17f5c:	8082                	ret
   17f5e:	a501a783          	lw	a5,-1456(gp) # 1cd60 <errno>
   17f62:	dbed                	beqz	a5,17f54 <_isatty_r+0x1a>
   17f64:	60e2                	ld	ra,24(sp)
   17f66:	6442                	ld	s0,16(sp)
   17f68:	c09c                	sw	a5,0(s1)
   17f6a:	64a2                	ld	s1,8(sp)
   17f6c:	6105                	addi	sp,sp,32
   17f6e:	8082                	ret

0000000000017f70 <strcmp>:
   17f70:	00b56733          	or	a4,a0,a1
   17f74:	53fd                	li	t2,-1
   17f76:	8b1d                	andi	a4,a4,7
   17f78:	eb4d                	bnez	a4,1802a <strcmp+0xba>
   17f7a:	00005797          	auipc	a5,0x5
   17f7e:	d567b783          	ld	a5,-682(a5) # 1ccd0 <mask>
   17f82:	6110                	ld	a2,0(a0)
   17f84:	6194                	ld	a3,0(a1)
   17f86:	00f672b3          	and	t0,a2,a5
   17f8a:	00f66333          	or	t1,a2,a5
   17f8e:	92be                	add	t0,t0,a5
   17f90:	0062e2b3          	or	t0,t0,t1
   17f94:	0a729963          	bne	t0,t2,18046 <strcmp+0xd6>
   17f98:	02d61e63          	bne	a2,a3,17fd4 <strcmp+0x64>
   17f9c:	6510                	ld	a2,8(a0)
   17f9e:	6594                	ld	a3,8(a1)
   17fa0:	00f672b3          	and	t0,a2,a5
   17fa4:	00f66333          	or	t1,a2,a5
   17fa8:	92be                	add	t0,t0,a5
   17faa:	0062e2b3          	or	t0,t0,t1
   17fae:	08729a63          	bne	t0,t2,18042 <strcmp+0xd2>
   17fb2:	02d61163          	bne	a2,a3,17fd4 <strcmp+0x64>
   17fb6:	6910                	ld	a2,16(a0)
   17fb8:	6994                	ld	a3,16(a1)
   17fba:	00f672b3          	and	t0,a2,a5
   17fbe:	00f66333          	or	t1,a2,a5
   17fc2:	92be                	add	t0,t0,a5
   17fc4:	0062e2b3          	or	t0,t0,t1
   17fc8:	08729363          	bne	t0,t2,1804e <strcmp+0xde>
   17fcc:	0561                	addi	a0,a0,24
   17fce:	05e1                	addi	a1,a1,24
   17fd0:	fad609e3          	beq	a2,a3,17f82 <strcmp+0x12>
   17fd4:	03061713          	slli	a4,a2,0x30
   17fd8:	03069793          	slli	a5,a3,0x30
   17fdc:	02f71863          	bne	a4,a5,1800c <strcmp+0x9c>
   17fe0:	02061713          	slli	a4,a2,0x20
   17fe4:	02069793          	slli	a5,a3,0x20
   17fe8:	02f71263          	bne	a4,a5,1800c <strcmp+0x9c>
   17fec:	01061713          	slli	a4,a2,0x10
   17ff0:	01069793          	slli	a5,a3,0x10
   17ff4:	00f71c63          	bne	a4,a5,1800c <strcmp+0x9c>
   17ff8:	03065713          	srli	a4,a2,0x30
   17ffc:	0306d793          	srli	a5,a3,0x30
   18000:	40f70533          	sub	a0,a4,a5
   18004:	0ff57593          	zext.b	a1,a0
   18008:	e991                	bnez	a1,1801c <strcmp+0xac>
   1800a:	8082                	ret
   1800c:	9341                	srli	a4,a4,0x30
   1800e:	93c1                	srli	a5,a5,0x30
   18010:	40f70533          	sub	a0,a4,a5
   18014:	0ff57593          	zext.b	a1,a0
   18018:	e191                	bnez	a1,1801c <strcmp+0xac>
   1801a:	8082                	ret
   1801c:	0ff77713          	zext.b	a4,a4
   18020:	0ff7f793          	zext.b	a5,a5
   18024:	40f70533          	sub	a0,a4,a5
   18028:	8082                	ret
   1802a:	00054603          	lbu	a2,0(a0)
   1802e:	0005c683          	lbu	a3,0(a1)
   18032:	0505                	addi	a0,a0,1
   18034:	0585                	addi	a1,a1,1
   18036:	00d61363          	bne	a2,a3,1803c <strcmp+0xcc>
   1803a:	fa65                	bnez	a2,1802a <strcmp+0xba>
   1803c:	40d60533          	sub	a0,a2,a3
   18040:	8082                	ret
   18042:	0521                	addi	a0,a0,8
   18044:	05a1                	addi	a1,a1,8
   18046:	fed612e3          	bne	a2,a3,1802a <strcmp+0xba>
   1804a:	4501                	li	a0,0
   1804c:	8082                	ret
   1804e:	0541                	addi	a0,a0,16
   18050:	05c1                	addi	a1,a1,16
   18052:	fcd61ce3          	bne	a2,a3,1802a <strcmp+0xba>
   18056:	4501                	li	a0,0
   18058:	8082                	ret

000000000001805a <__assert_func>:
   1805a:	a201b783          	ld	a5,-1504(gp) # 1cd30 <_impure_ptr>
   1805e:	1141                	addi	sp,sp,-16
   18060:	8832                	mv	a6,a2
   18062:	e406                	sd	ra,8(sp)
   18064:	832a                	mv	t1,a0
   18066:	872e                	mv	a4,a1
   18068:	6f88                	ld	a0,24(a5)
   1806a:	8636                	mv	a2,a3
   1806c:	00080d63          	beqz	a6,18086 <__assert_func+0x2c>
   18070:	67ed                	lui	a5,0x1b
   18072:	92878793          	addi	a5,a5,-1752 # 1a928 <__clzdi2+0x288>
   18076:	65ed                	lui	a1,0x1b
   18078:	869a                	mv	a3,t1
   1807a:	93858593          	addi	a1,a1,-1736 # 1a938 <__clzdi2+0x298>
   1807e:	0ae000ef          	jal	1812c <fiprintf>
   18082:	6a3000ef          	jal	18f24 <abort>
   18086:	67e9                	lui	a5,0x1a
   18088:	6e878793          	addi	a5,a5,1768 # 1a6e8 <__clzdi2+0x48>
   1808c:	883e                	mv	a6,a5
   1808e:	b7e5                	j	18076 <__assert_func+0x1c>

0000000000018090 <__assert>:
   18090:	1141                	addi	sp,sp,-16
   18092:	86b2                	mv	a3,a2
   18094:	4601                	li	a2,0
   18096:	e406                	sd	ra,8(sp)
   18098:	fc3ff0ef          	jal	1805a <__assert_func>

000000000001809c <_mbtowc_r>:
   1809c:	67f5                	lui	a5,0x1d
   1809e:	ba87b783          	ld	a5,-1112(a5) # 1cba8 <__global_locale+0xe8>
   180a2:	8782                	jr	a5

00000000000180a4 <__ascii_mbtowc>:
   180a4:	c999                	beqz	a1,180ba <__ascii_mbtowc+0x16>
   180a6:	c61d                	beqz	a2,180d4 <__ascii_mbtowc+0x30>
   180a8:	ca95                	beqz	a3,180dc <__ascii_mbtowc+0x38>
   180aa:	00064783          	lbu	a5,0(a2) # 2000 <exit-0xe120>
   180ae:	c19c                	sw	a5,0(a1)
   180b0:	00064503          	lbu	a0,0(a2)
   180b4:	00a03533          	snez	a0,a0
   180b8:	8082                	ret
   180ba:	1141                	addi	sp,sp,-16
   180bc:	006c                	addi	a1,sp,12
   180be:	ce09                	beqz	a2,180d8 <__ascii_mbtowc+0x34>
   180c0:	c285                	beqz	a3,180e0 <__ascii_mbtowc+0x3c>
   180c2:	00064783          	lbu	a5,0(a2)
   180c6:	c19c                	sw	a5,0(a1)
   180c8:	00064503          	lbu	a0,0(a2)
   180cc:	00a03533          	snez	a0,a0
   180d0:	0141                	addi	sp,sp,16
   180d2:	8082                	ret
   180d4:	4501                	li	a0,0
   180d6:	8082                	ret
   180d8:	4501                	li	a0,0
   180da:	bfdd                	j	180d0 <__ascii_mbtowc+0x2c>
   180dc:	5579                	li	a0,-2
   180de:	8082                	ret
   180e0:	5579                	li	a0,-2
   180e2:	b7fd                	j	180d0 <__ascii_mbtowc+0x2c>

00000000000180e4 <_wctomb_r>:
   180e4:	67f5                	lui	a5,0x1d
   180e6:	ba07b783          	ld	a5,-1120(a5) # 1cba0 <__global_locale+0xe0>
   180ea:	8782                	jr	a5

00000000000180ec <__ascii_wctomb>:
   180ec:	cd91                	beqz	a1,18108 <__ascii_wctomb+0x1c>
   180ee:	0ff00793          	li	a5,255
   180f2:	00c7e663          	bltu	a5,a2,180fe <__ascii_wctomb+0x12>
   180f6:	00c58023          	sb	a2,0(a1)
   180fa:	4505                	li	a0,1
   180fc:	8082                	ret
   180fe:	08a00793          	li	a5,138
   18102:	c11c                	sw	a5,0(a0)
   18104:	557d                	li	a0,-1
   18106:	8082                	ret
   18108:	4501                	li	a0,0
   1810a:	8082                	ret

000000000001810c <_fiprintf_r>:
   1810c:	715d                	addi	sp,sp,-80
   1810e:	02810313          	addi	t1,sp,40
   18112:	f436                	sd	a3,40(sp)
   18114:	869a                	mv	a3,t1
   18116:	ec06                	sd	ra,24(sp)
   18118:	f83a                	sd	a4,48(sp)
   1811a:	fc3e                	sd	a5,56(sp)
   1811c:	e0c2                	sd	a6,64(sp)
   1811e:	e4c6                	sd	a7,72(sp)
   18120:	e41a                	sd	t1,8(sp)
   18122:	038000ef          	jal	1815a <_vfiprintf_r>
   18126:	60e2                	ld	ra,24(sp)
   18128:	6161                	addi	sp,sp,80
   1812a:	8082                	ret

000000000001812c <fiprintf>:
   1812c:	715d                	addi	sp,sp,-80
   1812e:	8eaa                	mv	t4,a0
   18130:	a201b503          	ld	a0,-1504(gp) # 1cd30 <_impure_ptr>
   18134:	8e2e                	mv	t3,a1
   18136:	02010313          	addi	t1,sp,32
   1813a:	f032                	sd	a2,32(sp)
   1813c:	f436                	sd	a3,40(sp)
   1813e:	85f6                	mv	a1,t4
   18140:	8672                	mv	a2,t3
   18142:	869a                	mv	a3,t1
   18144:	ec06                	sd	ra,24(sp)
   18146:	f83a                	sd	a4,48(sp)
   18148:	fc3e                	sd	a5,56(sp)
   1814a:	e0c2                	sd	a6,64(sp)
   1814c:	e4c6                	sd	a7,72(sp)
   1814e:	e41a                	sd	t1,8(sp)
   18150:	00a000ef          	jal	1815a <_vfiprintf_r>
   18154:	60e2                	ld	ra,24(sp)
   18156:	6161                	addi	sp,sp,80
   18158:	8082                	ret

000000000001815a <_vfiprintf_r>:
   1815a:	7145                	addi	sp,sp,-464
   1815c:	fb4a                	sd	s2,432(sp)
   1815e:	e362                	sd	s8,384(sp)
   18160:	f6ee                	sd	s11,360(sp)
   18162:	e786                	sd	ra,456(sp)
   18164:	e02a                	sd	a0,0(sp)
   18166:	8db2                	mv	s11,a2
   18168:	8c36                	mv	s8,a3
   1816a:	892e                	mv	s2,a1
   1816c:	c501                	beqz	a0,18174 <_vfiprintf_r+0x1a>
   1816e:	653c                	ld	a5,72(a0)
   18170:	360780e3          	beqz	a5,18cd0 <_vfiprintf_r+0xb76>
   18174:	01091783          	lh	a5,16(s2)
   18178:	0ac92703          	lw	a4,172(s2)
   1817c:	6609                	lui	a2,0x2
   1817e:	03279693          	slli	a3,a5,0x32
   18182:	2606c563          	bltz	a3,183ec <_vfiprintf_r+0x292>
   18186:	76f9                	lui	a3,0xffffe
   18188:	8fd1                	or	a5,a5,a2
   1818a:	16fd                	addi	a3,a3,-1 # ffffffffffffdfff <__BSS_END__+0xfffffffffffe04ef>
   1818c:	8f75                	and	a4,a4,a3
   1818e:	00f91823          	sh	a5,16(s2)
   18192:	0107979b          	slliw	a5,a5,0x10
   18196:	4107d79b          	sraiw	a5,a5,0x10
   1819a:	0ae92623          	sw	a4,172(s2)
   1819e:	0087f713          	andi	a4,a5,8
   181a2:	1c070963          	beqz	a4,18374 <_vfiprintf_r+0x21a>
   181a6:	01893703          	ld	a4,24(s2)
   181aa:	1c070563          	beqz	a4,18374 <_vfiprintf_r+0x21a>
   181ae:	8be9                	andi	a5,a5,26
   181b0:	4729                	li	a4,10
   181b2:	1ce78c63          	beq	a5,a4,1838a <_vfiprintf_r+0x230>
   181b6:	676d                	lui	a4,0x1b
   181b8:	ef56                	sd	s5,408(sp)
   181ba:	eb5a                	sd	s6,400(sp)
   181bc:	0e010a93          	addi	s5,sp,224
   181c0:	6b6d                	lui	s6,0x1b
   181c2:	f9070713          	addi	a4,a4,-112 # 1af90 <__mprec_tens+0xc8>
   181c6:	e3a2                	sd	s0,448(sp)
   181c8:	ff26                	sd	s1,440(sp)
   181ca:	f74e                	sd	s3,424(sp)
   181cc:	f352                	sd	s4,416(sp)
   181ce:	e75e                	sd	s7,392(sp)
   181d0:	fee6                	sd	s9,376(sp)
   181d2:	faea                	sd	s10,368(sp)
   181d4:	f882                	sd	zero,112(sp)
   181d6:	d482                	sw	zero,104(sp)
   181d8:	f0d6                	sd	s5,96(sp)
   181da:	87d6                	mv	a5,s5
   181dc:	ec3a                	sd	a4,24(sp)
   181de:	100b0b13          	addi	s6,s6,256 # 1b100 <zeroes.0>
   181e2:	f802                	sd	zero,48(sp)
   181e4:	e082                	sd	zero,64(sp)
   181e6:	fc02                	sd	zero,56(sp)
   181e8:	e402                	sd	zero,8(sp)
   181ea:	4441                	li	s0,16
   181ec:	cc517057          	vsetivli	zero,2,e8,mf8,ta,ma
   181f0:	000dc683          	lbu	a3,0(s11)
   181f4:	84ee                	mv	s1,s11
   181f6:	fdb68713          	addi	a4,a3,-37
   181fa:	0006861b          	sext.w	a2,a3
   181fe:	c721                	beqz	a4,18246 <_vfiprintf_r+0xec>
   18200:	c239                	beqz	a2,18246 <_vfiprintf_r+0xec>
   18202:	89a6                	mv	s3,s1
   18204:	0014c683          	lbu	a3,1(s1)
   18208:	0485                	addi	s1,s1,1
   1820a:	0006871b          	sext.w	a4,a3
   1820e:	c681                	beqz	a3,18216 <_vfiprintf_r+0xbc>
   18210:	fdb70713          	addi	a4,a4,-37
   18214:	f77d                	bnez	a4,18202 <_vfiprintf_r+0xa8>
   18216:	41b48bbb          	subw	s7,s1,s11
   1821a:	020b8663          	beqz	s7,18246 <_vfiprintf_r+0xec>
   1821e:	76c6                	ld	a3,112(sp)
   18220:	5726                	lw	a4,104(sp)
   18222:	01b7b023          	sd	s11,0(a5)
   18226:	96de                	add	a3,a3,s7
   18228:	2705                	addiw	a4,a4,1
   1822a:	0177b423          	sd	s7,8(a5)
   1822e:	f8b6                	sd	a3,112(sp)
   18230:	d4ba                	sw	a4,104(sp)
   18232:	469d                	li	a3,7
   18234:	07c1                	addi	a5,a5,16
   18236:	16e6c963          	blt	a3,a4,183a8 <_vfiprintf_r+0x24e>
   1823a:	6722                	ld	a4,8(sp)
   1823c:	0019c683          	lbu	a3,1(s3)
   18240:	0177073b          	addw	a4,a4,s7
   18244:	e43a                	sd	a4,8(sp)
   18246:	16068b63          	beqz	a3,183bc <_vfiprintf_r+0x262>
   1824a:	0014c703          	lbu	a4,1(s1)
   1824e:	00148d93          	addi	s11,s1,1
   18252:	04010ba3          	sb	zero,87(sp)
   18256:	587d                	li	a6,-1
   18258:	4481                	li	s1,0
   1825a:	4a01                	li	s4,0
   1825c:	05a00993          	li	s3,90
   18260:	0d85                	addi	s11,s11,1
   18262:	2701                	sext.w	a4,a4
   18264:	fe07069b          	addiw	a3,a4,-32
   18268:	04d9e263          	bltu	s3,a3,182ac <_vfiprintf_r+0x152>
   1826c:	02069613          	slli	a2,a3,0x20
   18270:	01e65693          	srli	a3,a2,0x1e
   18274:	6662                	ld	a2,24(sp)
   18276:	96b2                	add	a3,a3,a2
   18278:	4294                	lw	a3,0(a3)
   1827a:	8682                	jr	a3
   1827c:	4481                	li	s1,0
   1827e:	4525                	li	a0,9
   18280:	000dc603          	lbu	a2,0(s11)
   18284:	0024969b          	slliw	a3,s1,0x2
   18288:	9ea5                	addw	a3,a3,s1
   1828a:	fd07071b          	addiw	a4,a4,-48
   1828e:	0016969b          	slliw	a3,a3,0x1
   18292:	fd06059b          	addiw	a1,a2,-48 # 1fd0 <exit-0xe150>
   18296:	0d85                	addi	s11,s11,1
   18298:	00d704bb          	addw	s1,a4,a3
   1829c:	0006071b          	sext.w	a4,a2
   182a0:	feb570e3          	bgeu	a0,a1,18280 <_vfiprintf_r+0x126>
   182a4:	fe07069b          	addiw	a3,a4,-32
   182a8:	fcd9f2e3          	bgeu	s3,a3,1826c <_vfiprintf_r+0x112>
   182ac:	10070863          	beqz	a4,183bc <_vfiprintf_r+0x262>
   182b0:	4b85                	li	s7,1
   182b2:	06e10c23          	sb	a4,120(sp)
   182b6:	04010ba3          	sb	zero,87(sp)
   182ba:	89de                	mv	s3,s7
   182bc:	4801                	li	a6,0
   182be:	07810c93          	addi	s9,sp,120
   182c2:	75c6                	ld	a1,112(sp)
   182c4:	5626                	lw	a2,104(sp)
   182c6:	084a7f13          	andi	t5,s4,132
   182ca:	86ae                	mv	a3,a1
   182cc:	8732                	mv	a4,a2
   182ce:	040f1663          	bnez	t5,1831a <_vfiprintf_r+0x1c0>
   182d2:	41348d3b          	subw	s10,s1,s3
   182d6:	79a04f63          	bgtz	s10,18a74 <_vfiprintf_r+0x91a>
   182da:	05714603          	lbu	a2,87(sp)
   182de:	c231                	beqz	a2,18322 <_vfiprintf_r+0x1c8>
   182e0:	4f01                	li	t5,0
   182e2:	f402                	sd	zero,40(sp)
   182e4:	05710613          	addi	a2,sp,87
   182e8:	e390                	sd	a2,0(a5)
   182ea:	0685                	addi	a3,a3,1
   182ec:	4605                	li	a2,1
   182ee:	2705                	addiw	a4,a4,1
   182f0:	e790                	sd	a2,8(a5)
   182f2:	f8b6                	sd	a3,112(sp)
   182f4:	d4ba                	sw	a4,104(sp)
   182f6:	461d                	li	a2,7
   182f8:	07c1                	addi	a5,a5,16
   182fa:	6ae64063          	blt	a2,a4,1899a <_vfiprintf_r+0x840>
   182fe:	7622                	ld	a2,40(sp)
   18300:	ce09                	beqz	a2,1831a <_vfiprintf_r+0x1c0>
   18302:	08b0                	addi	a2,sp,88
   18304:	e390                	sd	a2,0(a5)
   18306:	0689                	addi	a3,a3,2
   18308:	4609                	li	a2,2
   1830a:	2705                	addiw	a4,a4,1
   1830c:	e790                	sd	a2,8(a5)
   1830e:	f8b6                	sd	a3,112(sp)
   18310:	d4ba                	sw	a4,104(sp)
   18312:	461d                	li	a2,7
   18314:	07c1                	addi	a5,a5,16
   18316:	66e64163          	blt	a2,a4,18978 <_vfiprintf_r+0x81e>
   1831a:	08000613          	li	a2,128
   1831e:	52cf0063          	beq	t5,a2,1883e <_vfiprintf_r+0x6e4>
   18322:	41780d3b          	subw	s10,a6,s7
   18326:	5ba04863          	bgtz	s10,188d6 <_vfiprintf_r+0x77c>
   1832a:	96de                	add	a3,a3,s7
   1832c:	2705                	addiw	a4,a4,1
   1832e:	0197b023          	sd	s9,0(a5)
   18332:	0177b423          	sd	s7,8(a5)
   18336:	f8b6                	sd	a3,112(sp)
   18338:	d4ba                	sw	a4,104(sp)
   1833a:	461d                	li	a2,7
   1833c:	07c1                	addi	a5,a5,16
   1833e:	60e64763          	blt	a2,a4,1894c <_vfiprintf_r+0x7f2>
   18342:	004a7313          	andi	t1,s4,4
   18346:	00030663          	beqz	t1,18352 <_vfiprintf_r+0x1f8>
   1834a:	41348bbb          	subw	s7,s1,s3
   1834e:	67704763          	bgtz	s7,189bc <_vfiprintf_r+0x862>
   18352:	87a6                	mv	a5,s1
   18354:	0134d363          	bge	s1,s3,1835a <_vfiprintf_r+0x200>
   18358:	87ce                	mv	a5,s3
   1835a:	6722                	ld	a4,8(sp)
   1835c:	9fb9                	addw	a5,a5,a4
   1835e:	e43e                	sd	a5,8(sp)
   18360:	60069263          	bnez	a3,18964 <_vfiprintf_r+0x80a>
   18364:	d482                	sw	zero,104(sp)
   18366:	87d6                	mv	a5,s5
   18368:	b561                	j	181f0 <_vfiprintf_r+0x96>
   1836a:	000dc703          	lbu	a4,0(s11)
   1836e:	010a6a13          	ori	s4,s4,16
   18372:	b5fd                	j	18260 <_vfiprintf_r+0x106>
   18374:	6502                	ld	a0,0(sp)
   18376:	85ca                	mv	a1,s2
   18378:	b97fc0ef          	jal	14f0e <__swsetup_r>
   1837c:	ed25                	bnez	a0,183f4 <_vfiprintf_r+0x29a>
   1837e:	01091783          	lh	a5,16(s2)
   18382:	4729                	li	a4,10
   18384:	8be9                	andi	a5,a5,26
   18386:	e2e798e3          	bne	a5,a4,181b6 <_vfiprintf_r+0x5c>
   1838a:	01291783          	lh	a5,18(s2)
   1838e:	e207c4e3          	bltz	a5,181b6 <_vfiprintf_r+0x5c>
   18392:	6502                	ld	a0,0(sp)
   18394:	60be                	ld	ra,456(sp)
   18396:	86e2                	mv	a3,s8
   18398:	866e                	mv	a2,s11
   1839a:	6c1a                	ld	s8,384(sp)
   1839c:	7db6                	ld	s11,360(sp)
   1839e:	85ca                	mv	a1,s2
   183a0:	795a                	ld	s2,432(sp)
   183a2:	6179                	addi	sp,sp,464
   183a4:	2ef0006f          	j	18e92 <__sbprintf>
   183a8:	6502                	ld	a0,0(sp)
   183aa:	1090                	addi	a2,sp,96
   183ac:	85ca                	mv	a1,s2
   183ae:	d02fc0ef          	jal	148b0 <__sprint_r>
   183b2:	e901                	bnez	a0,183c2 <_vfiprintf_r+0x268>
   183b4:	87d6                	mv	a5,s5
   183b6:	cc517057          	vsetivli	zero,2,e8,mf8,ta,ma
   183ba:	b541                	j	1823a <_vfiprintf_r+0xe0>
   183bc:	77c6                	ld	a5,112(sp)
   183be:	1e079ae3          	bnez	a5,18db2 <_vfiprintf_r+0xc58>
   183c2:	01095783          	lhu	a5,16(s2)
   183c6:	641e                	ld	s0,448(sp)
   183c8:	74fa                	ld	s1,440(sp)
   183ca:	0407f793          	andi	a5,a5,64
   183ce:	79ba                	ld	s3,424(sp)
   183d0:	7a1a                	ld	s4,416(sp)
   183d2:	6afa                	ld	s5,408(sp)
   183d4:	6b5a                	ld	s6,400(sp)
   183d6:	6bba                	ld	s7,392(sp)
   183d8:	7cf6                	ld	s9,376(sp)
   183da:	7d56                	ld	s10,368(sp)
   183dc:	ef81                	bnez	a5,183f4 <_vfiprintf_r+0x29a>
   183de:	60be                	ld	ra,456(sp)
   183e0:	6522                	ld	a0,8(sp)
   183e2:	795a                	ld	s2,432(sp)
   183e4:	6c1a                	ld	s8,384(sp)
   183e6:	7db6                	ld	s11,360(sp)
   183e8:	6179                	addi	sp,sp,464
   183ea:	8082                	ret
   183ec:	03271693          	slli	a3,a4,0x32
   183f0:	da06d7e3          	bgez	a3,1819e <_vfiprintf_r+0x44>
   183f4:	57fd                	li	a5,-1
   183f6:	e43e                	sd	a5,8(sp)
   183f8:	b7dd                	j	183de <_vfiprintf_r+0x284>
   183fa:	020a7693          	andi	a3,s4,32
   183fe:	008c0713          	addi	a4,s8,8
   18402:	eaf1                	bnez	a3,184d6 <_vfiprintf_r+0x37c>
   18404:	010a7693          	andi	a3,s4,16
   18408:	260698e3          	bnez	a3,18e78 <_vfiprintf_r+0xd1e>
   1840c:	040a7693          	andi	a3,s4,64
   18410:	000c2d03          	lw	s10,0(s8)
   18414:	100680e3          	beqz	a3,18d14 <_vfiprintf_r+0xbba>
   18418:	010d1d1b          	slliw	s10,s10,0x10
   1841c:	410d5d1b          	sraiw	s10,s10,0x10
   18420:	8c3a                	mv	s8,a4
   18422:	86ea                	mv	a3,s10
   18424:	0a06cf63          	bltz	a3,184e2 <_vfiprintf_r+0x388>
   18428:	0c084763          	bltz	a6,184f6 <_vfiprintf_r+0x39c>
   1842c:	f7fa7a13          	andi	s4,s4,-129
   18430:	0c081363          	bnez	a6,184f6 <_vfiprintf_r+0x39c>
   18434:	0c0d1163          	bnez	s10,184f6 <_vfiprintf_r+0x39c>
   18438:	05714703          	lbu	a4,87(sp)
   1843c:	4b81                	li	s7,0
   1843e:	4801                	li	a6,0
   18440:	0dc10c93          	addi	s9,sp,220
   18444:	28070963          	beqz	a4,186d6 <_vfiprintf_r+0x57c>
   18448:	4985                	li	s3,1
   1844a:	76c6                	ld	a3,112(sp)
   1844c:	5726                	lw	a4,104(sp)
   1844e:	084a7f13          	andi	t5,s4,132
   18452:	85b6                	mv	a1,a3
   18454:	863a                	mv	a2,a4
   18456:	e60f0ee3          	beqz	t5,182d2 <_vfiprintf_r+0x178>
   1845a:	f402                	sd	zero,40(sp)
   1845c:	b561                	j	182e4 <_vfiprintf_r+0x18a>
   1845e:	000c3c83          	ld	s9,0(s8)
   18462:	04010ba3          	sb	zero,87(sp)
   18466:	0c21                	addi	s8,s8,8
   18468:	080c86e3          	beqz	s9,18cf4 <_vfiprintf_r+0xb9a>
   1846c:	7a084863          	bltz	a6,18c1c <_vfiprintf_r+0xac2>
   18470:	8642                	mv	a2,a6
   18472:	4581                	li	a1,0
   18474:	8566                	mv	a0,s9
   18476:	f03e                	sd	a5,32(sp)
   18478:	e842                	sd	a6,16(sp)
   1847a:	b85fc0ef          	jal	14ffe <memchr>
   1847e:	05714703          	lbu	a4,87(sp)
   18482:	6842                	ld	a6,16(sp)
   18484:	7782                	ld	a5,32(sp)
   18486:	1a0503e3          	beqz	a0,18e2c <_vfiprintf_r+0xcd2>
   1848a:	41950bbb          	subw	s7,a0,s9
   1848e:	86de                	mv	a3,s7
   18490:	000bd363          	bgez	s7,18496 <_vfiprintf_r+0x33c>
   18494:	4681                	li	a3,0
   18496:	0006899b          	sext.w	s3,a3
   1849a:	7a070e63          	beqz	a4,18c56 <_vfiprintf_r+0xafc>
   1849e:	0016899b          	addiw	s3,a3,1
   184a2:	4801                	li	a6,0
   184a4:	cc517057          	vsetivli	zero,2,e8,mf8,ta,ma
   184a8:	b74d                	j	1844a <_vfiprintf_r+0x2f0>
   184aa:	000c2703          	lw	a4,0(s8)
   184ae:	4b85                	li	s7,1
   184b0:	04010ba3          	sb	zero,87(sp)
   184b4:	06e10c23          	sb	a4,120(sp)
   184b8:	0c21                	addi	s8,s8,8
   184ba:	89de                	mv	s3,s7
   184bc:	4801                	li	a6,0
   184be:	07810c93          	addi	s9,sp,120
   184c2:	b501                	j	182c2 <_vfiprintf_r+0x168>
   184c4:	020a7713          	andi	a4,s4,32
   184c8:	010a6313          	ori	t1,s4,16
   184cc:	66070963          	beqz	a4,18b3e <_vfiprintf_r+0x9e4>
   184d0:	8a1a                	mv	s4,t1
   184d2:	008c0713          	addi	a4,s8,8
   184d6:	000c3683          	ld	a3,0(s8)
   184da:	8c3a                	mv	s8,a4
   184dc:	8d36                	mv	s10,a3
   184de:	f406d5e3          	bgez	a3,18428 <_vfiprintf_r+0x2ce>
   184e2:	02d00713          	li	a4,45
   184e6:	04e10ba3          	sb	a4,87(sp)
   184ea:	41a00d33          	neg	s10,s10
   184ee:	00084463          	bltz	a6,184f6 <_vfiprintf_r+0x39c>
   184f2:	f7fa7a13          	andi	s4,s4,-129
   184f6:	46a5                	li	a3,9
   184f8:	1fa6ef63          	bltu	a3,s10,186f6 <_vfiprintf_r+0x59c>
   184fc:	030d0d1b          	addiw	s10,s10,48
   18500:	0da10da3          	sb	s10,219(sp)
   18504:	8742                	mv	a4,a6
   18506:	01004363          	bgtz	a6,1850c <_vfiprintf_r+0x3b2>
   1850a:	4705                	li	a4,1
   1850c:	05714683          	lbu	a3,87(sp)
   18510:	0007099b          	sext.w	s3,a4
   18514:	5e069e63          	bnez	a3,18b10 <_vfiprintf_r+0x9b6>
   18518:	4b85                	li	s7,1
   1851a:	0db10c93          	addi	s9,sp,219
   1851e:	b355                	j	182c2 <_vfiprintf_r+0x168>
   18520:	000c2483          	lw	s1,0(s8)
   18524:	5c04db63          	bgez	s1,18afa <_vfiprintf_r+0x9a0>
   18528:	409004bb          	negw	s1,s1
   1852c:	0c21                	addi	s8,s8,8
   1852e:	000dc703          	lbu	a4,0(s11)
   18532:	004a6a13          	ori	s4,s4,4
   18536:	b32d                	j	18260 <_vfiprintf_r+0x106>
   18538:	02b00713          	li	a4,43
   1853c:	04e10ba3          	sb	a4,87(sp)
   18540:	000dc703          	lbu	a4,0(s11)
   18544:	bb31                	j	18260 <_vfiprintf_r+0x106>
   18546:	020a7713          	andi	a4,s4,32
   1854a:	18071863          	bnez	a4,186da <_vfiprintf_r+0x580>
   1854e:	010a7993          	andi	s3,s4,16
   18552:	008c0713          	addi	a4,s8,8
   18556:	120993e3          	bnez	s3,18e7c <_vfiprintf_r+0xd22>
   1855a:	040a7693          	andi	a3,s4,64
   1855e:	000c2d03          	lw	s10,0(s8)
   18562:	6e068f63          	beqz	a3,18c60 <_vfiprintf_r+0xb06>
   18566:	1d42                	slli	s10,s10,0x30
   18568:	04010ba3          	sb	zero,87(sp)
   1856c:	030d5d13          	srli	s10,s10,0x30
   18570:	70084263          	bltz	a6,18c74 <_vfiprintf_r+0xb1a>
   18574:	f7fa7a13          	andi	s4,s4,-129
   18578:	6e0d1e63          	bnez	s10,18c74 <_vfiprintf_r+0xb1a>
   1857c:	6e081c63          	bnez	a6,18c74 <_vfiprintf_r+0xb1a>
   18580:	8c3a                	mv	s8,a4
   18582:	4b81                	li	s7,0
   18584:	0dc10c93          	addi	s9,sp,220
   18588:	bb2d                	j	182c2 <_vfiprintf_r+0x168>
   1858a:	000dc703          	lbu	a4,0(s11)
   1858e:	020a6a13          	ori	s4,s4,32
   18592:	b1f9                	j	18260 <_vfiprintf_r+0x106>
   18594:	5208a0d7          	vid.v	v1
   18598:	04800713          	li	a4,72
   1859c:	961760d7          	vmul.vx	v1,v1,a4
   185a0:	03000713          	li	a4,48
   185a4:	08b0                	addi	a2,sp,88
   185a6:	04010ba3          	sb	zero,87(sp)
   185aa:	021740d7          	vadd.vx	v1,v1,a4
   185ae:	000c3683          	ld	a3,0(s8)
   185b2:	008c0713          	addi	a4,s8,8
   185b6:	020600a7          	vse8.v	v1,(a2)
   185ba:	58084c63          	bltz	a6,18b52 <_vfiprintf_r+0x9f8>
   185be:	f7fa7313          	andi	t1,s4,-129
   185c2:	00236a13          	ori	s4,t1,2
   185c6:	0a0693e3          	bnez	a3,18e6c <_vfiprintf_r+0xd12>
   185ca:	0a0811e3          	bnez	a6,18e6c <_vfiprintf_r+0xd12>
   185ce:	8c3a                	mv	s8,a4
   185d0:	4b81                	li	s7,0
   185d2:	4981                	li	s3,0
   185d4:	0dc10c93          	addi	s9,sp,220
   185d8:	75c6                	ld	a1,112(sp)
   185da:	5626                	lw	a2,104(sp)
   185dc:	084a7f13          	andi	t5,s4,132
   185e0:	2989                	addiw	s3,s3,2
   185e2:	86ae                	mv	a3,a1
   185e4:	8732                	mv	a4,a2
   185e6:	d00f1ee3          	bnez	t5,18302 <_vfiprintf_r+0x1a8>
   185ea:	41348d3b          	subw	s10,s1,s3
   185ee:	d1a05ae3          	blez	s10,18302 <_vfiprintf_r+0x1a8>
   185f2:	4709                	li	a4,2
   185f4:	f43a                	sd	a4,40(sp)
   185f6:	a141                	j	18a76 <_vfiprintf_r+0x91c>
   185f8:	020a7693          	andi	a3,s4,32
   185fc:	008c0713          	addi	a4,s8,8
   18600:	54069763          	bnez	a3,18b4e <_vfiprintf_r+0x9f4>
   18604:	010a7693          	andi	a3,s4,16
   18608:	54069363          	bnez	a3,18b4e <_vfiprintf_r+0x9f4>
   1860c:	040a7613          	andi	a2,s4,64
   18610:	000c2683          	lw	a3,0(s8)
   18614:	70060b63          	beqz	a2,18d2a <_vfiprintf_r+0xbd0>
   18618:	16c2                	slli	a3,a3,0x30
   1861a:	92c1                	srli	a3,a3,0x30
   1861c:	8c3a                	mv	s8,a4
   1861e:	89d2                	mv	s3,s4
   18620:	a889                	j	18672 <_vfiprintf_r+0x518>
   18622:	020a7713          	andi	a4,s4,32
   18626:	000c3683          	ld	a3,0(s8)
   1862a:	0c21                	addi	s8,s8,8
   1862c:	e305                	bnez	a4,1864c <_vfiprintf_r+0x4f2>
   1862e:	010a7713          	andi	a4,s4,16
   18632:	ef09                	bnez	a4,1864c <_vfiprintf_r+0x4f2>
   18634:	040a7713          	andi	a4,s4,64
   18638:	74071463          	bnez	a4,18d80 <_vfiprintf_r+0xc26>
   1863c:	200a7313          	andi	t1,s4,512
   18640:	6722                	ld	a4,8(sp)
   18642:	000303e3          	beqz	t1,18e48 <_vfiprintf_r+0xcee>
   18646:	00e68023          	sb	a4,0(a3)
   1864a:	b65d                	j	181f0 <_vfiprintf_r+0x96>
   1864c:	6722                	ld	a4,8(sp)
   1864e:	e298                	sd	a4,0(a3)
   18650:	b645                	j	181f0 <_vfiprintf_r+0x96>
   18652:	000dc703          	lbu	a4,0(s11)
   18656:	06c00693          	li	a3,108
   1865a:	66d70f63          	beq	a4,a3,18cd8 <_vfiprintf_r+0xb7e>
   1865e:	010a6a13          	ori	s4,s4,16
   18662:	befd                	j	18260 <_vfiprintf_r+0x106>
   18664:	010a6993          	ori	s3,s4,16
   18668:	008c0713          	addi	a4,s8,8
   1866c:	000c3683          	ld	a3,0(s8)
   18670:	8c3a                	mv	s8,a4
   18672:	04010ba3          	sb	zero,87(sp)
   18676:	bff9fa13          	andi	s4,s3,-1025
   1867a:	3a084f63          	bltz	a6,18a38 <_vfiprintf_r+0x8de>
   1867e:	b7f9fa13          	andi	s4,s3,-1153
   18682:	3a069b63          	bnez	a3,18a38 <_vfiprintf_r+0x8de>
   18686:	3a081963          	bnez	a6,18a38 <_vfiprintf_r+0x8de>
   1868a:	0019f993          	andi	s3,s3,1
   1868e:	46098b63          	beqz	s3,18b04 <_vfiprintf_r+0x9aa>
   18692:	03000713          	li	a4,48
   18696:	0ce10da3          	sb	a4,219(sp)
   1869a:	8bce                	mv	s7,s3
   1869c:	0db10c93          	addi	s9,sp,219
   186a0:	b10d                	j	182c2 <_vfiprintf_r+0x168>
   186a2:	020a7713          	andi	a4,s4,32
   186a6:	010a6313          	ori	t1,s4,16
   186aa:	eb0d                	bnez	a4,186dc <_vfiprintf_r+0x582>
   186ac:	008c0713          	addi	a4,s8,8
   186b0:	04010ba3          	sb	zero,87(sp)
   186b4:	000c3d03          	ld	s10,0(s8)
   186b8:	86ba                	mv	a3,a4
   186ba:	8c3a                	mv	s8,a4
   186bc:	8a1a                	mv	s4,t1
   186be:	e2084ce3          	bltz	a6,184f6 <_vfiprintf_r+0x39c>
   186c2:	f7f37a13          	andi	s4,t1,-129
   186c6:	8c36                	mv	s8,a3
   186c8:	e20817e3          	bnez	a6,184f6 <_vfiprintf_r+0x39c>
   186cc:	e20d15e3          	bnez	s10,184f6 <_vfiprintf_r+0x39c>
   186d0:	4b81                	li	s7,0
   186d2:	0dc10c93          	addi	s9,sp,220
   186d6:	4981                	li	s3,0
   186d8:	b6ed                	j	182c2 <_vfiprintf_r+0x168>
   186da:	8352                	mv	t1,s4
   186dc:	008c0693          	addi	a3,s8,8
   186e0:	04010ba3          	sb	zero,87(sp)
   186e4:	000c3d03          	ld	s10,0(s8)
   186e8:	8a1a                	mv	s4,t1
   186ea:	8c36                	mv	s8,a3
   186ec:	fc085be3          	bgez	a6,186c2 <_vfiprintf_r+0x568>
   186f0:	46a5                	li	a3,9
   186f2:	e1a6f5e3          	bgeu	a3,s10,184fc <_vfiprintf_r+0x3a2>
   186f6:	ccccd737          	lui	a4,0xccccd
   186fa:	ccd70713          	addi	a4,a4,-819 # ffffffffcccccccd <__BSS_END__+0xffffffffcccaf1bd>
   186fe:	02071993          	slli	s3,a4,0x20
   18702:	0dc10b93          	addi	s7,sp,220
   18706:	99ba                	add	s3,s3,a4
   18708:	865e                	mv	a2,s7
   1870a:	400a7e93          	andi	t4,s4,1024
   1870e:	4581                	li	a1,0
   18710:	a809                	j	18722 <_vfiprintf_r+0x5c8>
   18712:	876a                	mv	a4,s10
   18714:	033d3d33          	mulhu	s10,s10,s3
   18718:	8666                	mv	a2,s9
   1871a:	003d5d13          	srli	s10,s10,0x3
   1871e:	02e6fe63          	bgeu	a3,a4,1875a <_vfiprintf_r+0x600>
   18722:	033d3533          	mulhu	a0,s10,s3
   18726:	2585                	addiw	a1,a1,1
   18728:	fff60c93          	addi	s9,a2,-1
   1872c:	810d                	srli	a0,a0,0x3
   1872e:	00251713          	slli	a4,a0,0x2
   18732:	972a                	add	a4,a4,a0
   18734:	0706                	slli	a4,a4,0x1
   18736:	40ed0733          	sub	a4,s10,a4
   1873a:	0307071b          	addiw	a4,a4,48
   1873e:	fee60fa3          	sb	a4,-1(a2)
   18742:	fc0e88e3          	beqz	t4,18712 <_vfiprintf_r+0x5b8>
   18746:	7742                	ld	a4,48(sp)
   18748:	00074703          	lbu	a4,0(a4)
   1874c:	fcb713e3          	bne	a4,a1,18712 <_vfiprintf_r+0x5b8>
   18750:	f0170713          	addi	a4,a4,-255
   18754:	df5d                	beqz	a4,18712 <_vfiprintf_r+0x5b8>
   18756:	67a6e563          	bltu	a3,s10,18dc0 <_vfiprintf_r+0xc66>
   1875a:	419b8bbb          	subw	s7,s7,s9
   1875e:	05714703          	lbu	a4,87(sp)
   18762:	0008099b          	sext.w	s3,a6
   18766:	01785463          	bge	a6,s7,1876e <_vfiprintf_r+0x614>
   1876a:	000b899b          	sext.w	s3,s7
   1876e:	46070d63          	beqz	a4,18be8 <_vfiprintf_r+0xa8e>
   18772:	2985                	addiw	s3,s3,1
   18774:	a995                	j	18be8 <_vfiprintf_r+0xa8e>
   18776:	6b82                	ld	s7,0(sp)
   18778:	f042                	sd	a6,32(sp)
   1877a:	e83e                	sd	a5,16(sp)
   1877c:	855e                	mv	a0,s7
   1877e:	9a1fc0ef          	jal	1511e <_localeconv_r>
   18782:	651c                	ld	a5,8(a0)
   18784:	853e                	mv	a0,a5
   18786:	fc3e                	sd	a5,56(sp)
   18788:	bc5fc0ef          	jal	1534c <strlen>
   1878c:	872a                	mv	a4,a0
   1878e:	855e                	mv	a0,s7
   18790:	e0ba                	sd	a4,64(sp)
   18792:	8bba                	mv	s7,a4
   18794:	98bfc0ef          	jal	1511e <_localeconv_r>
   18798:	6914                	ld	a3,16(a0)
   1879a:	000dc703          	lbu	a4,0(s11)
   1879e:	67c2                	ld	a5,16(sp)
   187a0:	f836                	sd	a3,48(sp)
   187a2:	7802                	ld	a6,32(sp)
   187a4:	5a0b8163          	beqz	s7,18d46 <_vfiprintf_r+0xbec>
   187a8:	4a068163          	beqz	a3,18c4a <_vfiprintf_r+0xaf0>
   187ac:	0006c683          	lbu	a3,0(a3)
   187b0:	54068e63          	beqz	a3,18d0c <_vfiprintf_r+0xbb2>
   187b4:	400a6a13          	ori	s4,s4,1024
   187b8:	cc517057          	vsetivli	zero,2,e8,mf8,ta,ma
   187bc:	b455                	j	18260 <_vfiprintf_r+0x106>
   187be:	000dc703          	lbu	a4,0(s11)
   187c2:	080a6a13          	ori	s4,s4,128
   187c6:	bc69                	j	18260 <_vfiprintf_r+0x106>
   187c8:	000dc703          	lbu	a4,0(s11)
   187cc:	02a00693          	li	a3,42
   187d0:	001d8513          	addi	a0,s11,1
   187d4:	66d70f63          	beq	a4,a3,18e52 <_vfiprintf_r+0xcf8>
   187d8:	fd07061b          	addiw	a2,a4,-48
   187dc:	4825                	li	a6,9
   187de:	4581                	li	a1,0
   187e0:	66c86063          	bltu	a6,a2,18e40 <_vfiprintf_r+0xce6>
   187e4:	0025969b          	slliw	a3,a1,0x2
   187e8:	00054703          	lbu	a4,0(a0)
   187ec:	9ead                	addw	a3,a3,a1
   187ee:	0016969b          	slliw	a3,a3,0x1
   187f2:	00c685bb          	addw	a1,a3,a2
   187f6:	fd07061b          	addiw	a2,a4,-48
   187fa:	0505                	addi	a0,a0,1
   187fc:	fec874e3          	bgeu	a6,a2,187e4 <_vfiprintf_r+0x68a>
   18800:	0005881b          	sext.w	a6,a1
   18804:	3805c663          	bltz	a1,18b90 <_vfiprintf_r+0xa36>
   18808:	8daa                	mv	s11,a0
   1880a:	bca9                	j	18264 <_vfiprintf_r+0x10a>
   1880c:	000dc703          	lbu	a4,0(s11)
   18810:	001a6a13          	ori	s4,s4,1
   18814:	b4b1                	j	18260 <_vfiprintf_r+0x106>
   18816:	05714683          	lbu	a3,87(sp)
   1881a:	000dc703          	lbu	a4,0(s11)
   1881e:	a40691e3          	bnez	a3,18260 <_vfiprintf_r+0x106>
   18822:	02000693          	li	a3,32
   18826:	04d10ba3          	sb	a3,87(sp)
   1882a:	bc1d                	j	18260 <_vfiprintf_r+0x106>
   1882c:	000dc703          	lbu	a4,0(s11)
   18830:	06800693          	li	a3,104
   18834:	4ad70963          	beq	a4,a3,18ce6 <_vfiprintf_r+0xb8c>
   18838:	040a6a13          	ori	s4,s4,64
   1883c:	b415                	j	18260 <_vfiprintf_r+0x106>
   1883e:	41348d3b          	subw	s10,s1,s3
   18842:	afa050e3          	blez	s10,18322 <_vfiprintf_r+0x1c8>
   18846:	666d                	lui	a2,0x1b
   18848:	10060613          	addi	a2,a2,256 # 1b100 <zeroes.0>
   1884c:	4f41                	li	t5,16
   1884e:	e832                	sd	a2,16(sp)
   18850:	4f9d                	li	t6,7
   18852:	01af4663          	blt	t5,s10,1885e <_vfiprintf_r+0x704>
   18856:	a091                	j	1889a <_vfiprintf_r+0x740>
   18858:	3d41                	addiw	s10,s10,-16
   1885a:	05af5063          	bge	t5,s10,1889a <_vfiprintf_r+0x740>
   1885e:	6642                	ld	a2,16(sp)
   18860:	06c1                	addi	a3,a3,16
   18862:	2705                	addiw	a4,a4,1
   18864:	e390                	sd	a2,0(a5)
   18866:	01e7b423          	sd	t5,8(a5)
   1886a:	f8b6                	sd	a3,112(sp)
   1886c:	d4ba                	sw	a4,104(sp)
   1886e:	07c1                	addi	a5,a5,16
   18870:	feefd4e3          	bge	t6,a4,18858 <_vfiprintf_r+0x6fe>
   18874:	6502                	ld	a0,0(sp)
   18876:	1090                	addi	a2,sp,96
   18878:	85ca                	mv	a1,s2
   1887a:	f042                	sd	a6,32(sp)
   1887c:	834fc0ef          	jal	148b0 <__sprint_r>
   18880:	b40511e3          	bnez	a0,183c2 <_vfiprintf_r+0x268>
   18884:	4f41                	li	t5,16
   18886:	3d41                	addiw	s10,s10,-16
   18888:	76c6                	ld	a3,112(sp)
   1888a:	5726                	lw	a4,104(sp)
   1888c:	7802                	ld	a6,32(sp)
   1888e:	87d6                	mv	a5,s5
   18890:	4f9d                	li	t6,7
   18892:	cc517057          	vsetivli	zero,2,e8,mf8,ta,ma
   18896:	fdaf44e3          	blt	t5,s10,1885e <_vfiprintf_r+0x704>
   1889a:	6642                	ld	a2,16(sp)
   1889c:	96ea                	add	a3,a3,s10
   1889e:	2705                	addiw	a4,a4,1
   188a0:	e390                	sd	a2,0(a5)
   188a2:	01a7b423          	sd	s10,8(a5)
   188a6:	f8b6                	sd	a3,112(sp)
   188a8:	d4ba                	sw	a4,104(sp)
   188aa:	461d                	li	a2,7
   188ac:	07c1                	addi	a5,a5,16
   188ae:	a6e65ae3          	bge	a2,a4,18322 <_vfiprintf_r+0x1c8>
   188b2:	6502                	ld	a0,0(sp)
   188b4:	1090                	addi	a2,sp,96
   188b6:	85ca                	mv	a1,s2
   188b8:	e842                	sd	a6,16(sp)
   188ba:	ff7fb0ef          	jal	148b0 <__sprint_r>
   188be:	b00512e3          	bnez	a0,183c2 <_vfiprintf_r+0x268>
   188c2:	6842                	ld	a6,16(sp)
   188c4:	76c6                	ld	a3,112(sp)
   188c6:	5726                	lw	a4,104(sp)
   188c8:	41780d3b          	subw	s10,a6,s7
   188cc:	87d6                	mv	a5,s5
   188ce:	cc517057          	vsetivli	zero,2,e8,mf8,ta,ma
   188d2:	a5a05ce3          	blez	s10,1832a <_vfiprintf_r+0x1d0>
   188d6:	49a45163          	bge	s0,s10,18d58 <_vfiprintf_r+0xbfe>
   188da:	e85a                	sd	s6,16(sp)
   188dc:	4e9d                	li	t4,7
   188de:	a021                	j	188e6 <_vfiprintf_r+0x78c>
   188e0:	3d41                	addiw	s10,s10,-16
   188e2:	03a45c63          	bge	s0,s10,1891a <_vfiprintf_r+0x7c0>
   188e6:	06c1                	addi	a3,a3,16
   188e8:	2705                	addiw	a4,a4,1
   188ea:	0167b023          	sd	s6,0(a5)
   188ee:	e780                	sd	s0,8(a5)
   188f0:	f8b6                	sd	a3,112(sp)
   188f2:	d4ba                	sw	a4,104(sp)
   188f4:	07c1                	addi	a5,a5,16
   188f6:	feeed5e3          	bge	t4,a4,188e0 <_vfiprintf_r+0x786>
   188fa:	6502                	ld	a0,0(sp)
   188fc:	1090                	addi	a2,sp,96
   188fe:	85ca                	mv	a1,s2
   18900:	fb1fb0ef          	jal	148b0 <__sprint_r>
   18904:	aa051fe3          	bnez	a0,183c2 <_vfiprintf_r+0x268>
   18908:	3d41                	addiw	s10,s10,-16
   1890a:	76c6                	ld	a3,112(sp)
   1890c:	5726                	lw	a4,104(sp)
   1890e:	87d6                	mv	a5,s5
   18910:	4e9d                	li	t4,7
   18912:	cc517057          	vsetivli	zero,2,e8,mf8,ta,ma
   18916:	fda448e3          	blt	s0,s10,188e6 <_vfiprintf_r+0x78c>
   1891a:	6642                	ld	a2,16(sp)
   1891c:	96ea                	add	a3,a3,s10
   1891e:	2705                	addiw	a4,a4,1
   18920:	e390                	sd	a2,0(a5)
   18922:	01a7b423          	sd	s10,8(a5)
   18926:	f8b6                	sd	a3,112(sp)
   18928:	d4ba                	sw	a4,104(sp)
   1892a:	461d                	li	a2,7
   1892c:	07c1                	addi	a5,a5,16
   1892e:	9ee65ee3          	bge	a2,a4,1832a <_vfiprintf_r+0x1d0>
   18932:	6502                	ld	a0,0(sp)
   18934:	1090                	addi	a2,sp,96
   18936:	85ca                	mv	a1,s2
   18938:	f79fb0ef          	jal	148b0 <__sprint_r>
   1893c:	a80513e3          	bnez	a0,183c2 <_vfiprintf_r+0x268>
   18940:	76c6                	ld	a3,112(sp)
   18942:	5726                	lw	a4,104(sp)
   18944:	87d6                	mv	a5,s5
   18946:	cc517057          	vsetivli	zero,2,e8,mf8,ta,ma
   1894a:	b2c5                	j	1832a <_vfiprintf_r+0x1d0>
   1894c:	6502                	ld	a0,0(sp)
   1894e:	1090                	addi	a2,sp,96
   18950:	85ca                	mv	a1,s2
   18952:	f5ffb0ef          	jal	148b0 <__sprint_r>
   18956:	a60516e3          	bnez	a0,183c2 <_vfiprintf_r+0x268>
   1895a:	76c6                	ld	a3,112(sp)
   1895c:	87d6                	mv	a5,s5
   1895e:	cc517057          	vsetivli	zero,2,e8,mf8,ta,ma
   18962:	b2c5                	j	18342 <_vfiprintf_r+0x1e8>
   18964:	6502                	ld	a0,0(sp)
   18966:	1090                	addi	a2,sp,96
   18968:	85ca                	mv	a1,s2
   1896a:	f47fb0ef          	jal	148b0 <__sprint_r>
   1896e:	a4051ae3          	bnez	a0,183c2 <_vfiprintf_r+0x268>
   18972:	cc517057          	vsetivli	zero,2,e8,mf8,ta,ma
   18976:	b2fd                	j	18364 <_vfiprintf_r+0x20a>
   18978:	6502                	ld	a0,0(sp)
   1897a:	1090                	addi	a2,sp,96
   1897c:	85ca                	mv	a1,s2
   1897e:	f042                	sd	a6,32(sp)
   18980:	e87a                	sd	t5,16(sp)
   18982:	f2ffb0ef          	jal	148b0 <__sprint_r>
   18986:	a2051ee3          	bnez	a0,183c2 <_vfiprintf_r+0x268>
   1898a:	76c6                	ld	a3,112(sp)
   1898c:	5726                	lw	a4,104(sp)
   1898e:	7802                	ld	a6,32(sp)
   18990:	6f42                	ld	t5,16(sp)
   18992:	87d6                	mv	a5,s5
   18994:	cc517057          	vsetivli	zero,2,e8,mf8,ta,ma
   18998:	b249                	j	1831a <_vfiprintf_r+0x1c0>
   1899a:	6502                	ld	a0,0(sp)
   1899c:	1090                	addi	a2,sp,96
   1899e:	85ca                	mv	a1,s2
   189a0:	f042                	sd	a6,32(sp)
   189a2:	e87a                	sd	t5,16(sp)
   189a4:	f0dfb0ef          	jal	148b0 <__sprint_r>
   189a8:	a0051de3          	bnez	a0,183c2 <_vfiprintf_r+0x268>
   189ac:	76c6                	ld	a3,112(sp)
   189ae:	5726                	lw	a4,104(sp)
   189b0:	7802                	ld	a6,32(sp)
   189b2:	6f42                	ld	t5,16(sp)
   189b4:	87d6                	mv	a5,s5
   189b6:	cc517057          	vsetivli	zero,2,e8,mf8,ta,ma
   189ba:	b291                	j	182fe <_vfiprintf_r+0x1a4>
   189bc:	6f6d                	lui	t5,0x1b
   189be:	4d41                	li	s10,16
   189c0:	5726                	lw	a4,104(sp)
   189c2:	110f0f13          	addi	t5,t5,272 # 1b110 <blanks.1>
   189c6:	4a1d                	li	s4,7
   189c8:	017d4663          	blt	s10,s7,189d4 <_vfiprintf_r+0x87a>
   189cc:	a081                	j	18a0c <_vfiprintf_r+0x8b2>
   189ce:	3bc1                	addiw	s7,s7,-16
   189d0:	037d5e63          	bge	s10,s7,18a0c <_vfiprintf_r+0x8b2>
   189d4:	06c1                	addi	a3,a3,16
   189d6:	2705                	addiw	a4,a4,1
   189d8:	01e7b023          	sd	t5,0(a5)
   189dc:	01a7b423          	sd	s10,8(a5)
   189e0:	f8b6                	sd	a3,112(sp)
   189e2:	d4ba                	sw	a4,104(sp)
   189e4:	07c1                	addi	a5,a5,16
   189e6:	feea54e3          	bge	s4,a4,189ce <_vfiprintf_r+0x874>
   189ea:	6502                	ld	a0,0(sp)
   189ec:	1090                	addi	a2,sp,96
   189ee:	85ca                	mv	a1,s2
   189f0:	e87a                	sd	t5,16(sp)
   189f2:	ebffb0ef          	jal	148b0 <__sprint_r>
   189f6:	9c0516e3          	bnez	a0,183c2 <_vfiprintf_r+0x268>
   189fa:	3bc1                	addiw	s7,s7,-16
   189fc:	76c6                	ld	a3,112(sp)
   189fe:	5726                	lw	a4,104(sp)
   18a00:	6f42                	ld	t5,16(sp)
   18a02:	87d6                	mv	a5,s5
   18a04:	cc517057          	vsetivli	zero,2,e8,mf8,ta,ma
   18a08:	fd7d46e3          	blt	s10,s7,189d4 <_vfiprintf_r+0x87a>
   18a0c:	96de                	add	a3,a3,s7
   18a0e:	2705                	addiw	a4,a4,1
   18a10:	01e7b023          	sd	t5,0(a5)
   18a14:	0177b423          	sd	s7,8(a5)
   18a18:	f8b6                	sd	a3,112(sp)
   18a1a:	d4ba                	sw	a4,104(sp)
   18a1c:	479d                	li	a5,7
   18a1e:	92e7dae3          	bge	a5,a4,18352 <_vfiprintf_r+0x1f8>
   18a22:	6502                	ld	a0,0(sp)
   18a24:	1090                	addi	a2,sp,96
   18a26:	85ca                	mv	a1,s2
   18a28:	e89fb0ef          	jal	148b0 <__sprint_r>
   18a2c:	98051be3          	bnez	a0,183c2 <_vfiprintf_r+0x268>
   18a30:	76c6                	ld	a3,112(sp)
   18a32:	cc517057          	vsetivli	zero,2,e8,mf8,ta,ma
   18a36:	ba31                	j	18352 <_vfiprintf_r+0x1f8>
   18a38:	0dc10b93          	addi	s7,sp,220
   18a3c:	8cde                	mv	s9,s7
   18a3e:	0076f713          	andi	a4,a3,7
   18a42:	8666                	mv	a2,s9
   18a44:	03070713          	addi	a4,a4,48
   18a48:	828d                	srli	a3,a3,0x3
   18a4a:	feec8fa3          	sb	a4,-1(s9)
   18a4e:	1cfd                	addi	s9,s9,-1
   18a50:	f6fd                	bnez	a3,18a3e <_vfiprintf_r+0x8e4>
   18a52:	fd070713          	addi	a4,a4,-48
   18a56:	03000693          	li	a3,48
   18a5a:	c701                	beqz	a4,18a62 <_vfiprintf_r+0x908>
   18a5c:	001a7713          	andi	a4,s4,1
   18a60:	e369                	bnez	a4,18b22 <_vfiprintf_r+0x9c8>
   18a62:	419b8bbb          	subw	s7,s7,s9
   18a66:	0008099b          	sext.w	s3,a6
   18a6a:	85785ce3          	bge	a6,s7,182c2 <_vfiprintf_r+0x168>
   18a6e:	000b899b          	sext.w	s3,s7
   18a72:	b881                	j	182c2 <_vfiprintf_r+0x168>
   18a74:	f402                	sd	zero,40(sp)
   18a76:	6f6d                	lui	t5,0x1b
   18a78:	4fc1                	li	t6,16
   18a7a:	86ae                	mv	a3,a1
   18a7c:	8732                	mv	a4,a2
   18a7e:	110f0f13          	addi	t5,t5,272 # 1b110 <blanks.1>
   18a82:	429d                	li	t0,7
   18a84:	01afc663          	blt	t6,s10,18a90 <_vfiprintf_r+0x936>
   18a88:	a0a1                	j	18ad0 <_vfiprintf_r+0x976>
   18a8a:	3d41                	addiw	s10,s10,-16
   18a8c:	05afd263          	bge	t6,s10,18ad0 <_vfiprintf_r+0x976>
   18a90:	06c1                	addi	a3,a3,16
   18a92:	2705                	addiw	a4,a4,1
   18a94:	01e7b023          	sd	t5,0(a5)
   18a98:	01f7b423          	sd	t6,8(a5)
   18a9c:	f8b6                	sd	a3,112(sp)
   18a9e:	d4ba                	sw	a4,104(sp)
   18aa0:	07c1                	addi	a5,a5,16
   18aa2:	fee2d4e3          	bge	t0,a4,18a8a <_vfiprintf_r+0x930>
   18aa6:	6502                	ld	a0,0(sp)
   18aa8:	1090                	addi	a2,sp,96
   18aaa:	85ca                	mv	a1,s2
   18aac:	f07a                	sd	t5,32(sp)
   18aae:	e842                	sd	a6,16(sp)
   18ab0:	e01fb0ef          	jal	148b0 <__sprint_r>
   18ab4:	900517e3          	bnez	a0,183c2 <_vfiprintf_r+0x268>
   18ab8:	4fc1                	li	t6,16
   18aba:	3d41                	addiw	s10,s10,-16
   18abc:	76c6                	ld	a3,112(sp)
   18abe:	5726                	lw	a4,104(sp)
   18ac0:	7f02                	ld	t5,32(sp)
   18ac2:	6842                	ld	a6,16(sp)
   18ac4:	87d6                	mv	a5,s5
   18ac6:	429d                	li	t0,7
   18ac8:	cc517057          	vsetivli	zero,2,e8,mf8,ta,ma
   18acc:	fdafc2e3          	blt	t6,s10,18a90 <_vfiprintf_r+0x936>
   18ad0:	96ea                	add	a3,a3,s10
   18ad2:	2705                	addiw	a4,a4,1
   18ad4:	f8b6                	sd	a3,112(sp)
   18ad6:	d4ba                	sw	a4,104(sp)
   18ad8:	01e7b023          	sd	t5,0(a5)
   18adc:	01a7b423          	sd	s10,8(a5)
   18ae0:	461d                	li	a2,7
   18ae2:	1ae64063          	blt	a2,a4,18c82 <_vfiprintf_r+0xb28>
   18ae6:	05714603          	lbu	a2,87(sp)
   18aea:	07c1                	addi	a5,a5,16
   18aec:	ea05                	bnez	a2,18b1c <_vfiprintf_r+0x9c2>
   18aee:	7622                	ld	a2,40(sp)
   18af0:	820609e3          	beqz	a2,18322 <_vfiprintf_r+0x1c8>
   18af4:	4f01                	li	t5,0
   18af6:	80dff06f          	j	18302 <_vfiprintf_r+0x1a8>
   18afa:	000dc703          	lbu	a4,0(s11)
   18afe:	0c21                	addi	s8,s8,8
   18b00:	f60ff06f          	j	18260 <_vfiprintf_r+0x106>
   18b04:	4b81                	li	s7,0
   18b06:	4801                	li	a6,0
   18b08:	0dc10c93          	addi	s9,sp,220
   18b0c:	fb6ff06f          	j	182c2 <_vfiprintf_r+0x168>
   18b10:	0017099b          	addiw	s3,a4,1
   18b14:	4b85                	li	s7,1
   18b16:	0db10c93          	addi	s9,sp,219
   18b1a:	ba05                	j	1844a <_vfiprintf_r+0x2f0>
   18b1c:	4f01                	li	t5,0
   18b1e:	fc6ff06f          	j	182e4 <_vfiprintf_r+0x18a>
   18b22:	1679                	addi	a2,a2,-2
   18b24:	40cb8bbb          	subw	s7,s7,a2
   18b28:	fedc8fa3          	sb	a3,-1(s9)
   18b2c:	000b899b          	sext.w	s3,s7
   18b30:	010bd463          	bge	s7,a6,18b38 <_vfiprintf_r+0x9de>
   18b34:	0008099b          	sext.w	s3,a6
   18b38:	8cb2                	mv	s9,a2
   18b3a:	f88ff06f          	j	182c2 <_vfiprintf_r+0x168>
   18b3e:	008c0713          	addi	a4,s8,8
   18b42:	000c3683          	ld	a3,0(s8)
   18b46:	8a1a                	mv	s4,t1
   18b48:	8c3a                	mv	s8,a4
   18b4a:	8d36                	mv	s10,a3
   18b4c:	b8e1                	j	18424 <_vfiprintf_r+0x2ca>
   18b4e:	89d2                	mv	s3,s4
   18b50:	be31                	j	1866c <_vfiprintf_r+0x512>
   18b52:	666d                	lui	a2,0x1b
   18b54:	002a6a13          	ori	s4,s4,2
   18b58:	8c3a                	mv	s8,a4
   18b5a:	81060613          	addi	a2,a2,-2032 # 1a810 <__clzdi2+0x170>
   18b5e:	4589                	li	a1,2
   18b60:	0dc10b93          	addi	s7,sp,220
   18b64:	8cde                	mv	s9,s7
   18b66:	00f6f713          	andi	a4,a3,15
   18b6a:	9732                	add	a4,a4,a2
   18b6c:	00074703          	lbu	a4,0(a4)
   18b70:	8291                	srli	a3,a3,0x4
   18b72:	1cfd                	addi	s9,s9,-1
   18b74:	00ec8023          	sb	a4,0(s9)
   18b78:	f6fd                	bnez	a3,18b66 <_vfiprintf_r+0xa0c>
   18b7a:	419b8bbb          	subw	s7,s7,s9
   18b7e:	0008099b          	sext.w	s3,a6
   18b82:	01785463          	bge	a6,s7,18b8a <_vfiprintf_r+0xa30>
   18b86:	000b899b          	sext.w	s3,s7
   18b8a:	a40597e3          	bnez	a1,185d8 <_vfiprintf_r+0x47e>
   18b8e:	a8a9                	j	18be8 <_vfiprintf_r+0xa8e>
   18b90:	587d                	li	a6,-1
   18b92:	8daa                	mv	s11,a0
   18b94:	ed0ff06f          	j	18264 <_vfiprintf_r+0x10a>
   18b98:	666d                	lui	a2,0x1b
   18b9a:	020a7693          	andi	a3,s4,32
   18b9e:	82860613          	addi	a2,a2,-2008 # 1a828 <__clzdi2+0x188>
   18ba2:	008c0e13          	addi	t3,s8,8
   18ba6:	eaa5                	bnez	a3,18c16 <_vfiprintf_r+0xabc>
   18ba8:	010a7693          	andi	a3,s4,16
   18bac:	e6ad                	bnez	a3,18c16 <_vfiprintf_r+0xabc>
   18bae:	040a7593          	andi	a1,s4,64
   18bb2:	000c2683          	lw	a3,0(s8)
   18bb6:	18058263          	beqz	a1,18d3a <_vfiprintf_r+0xbe0>
   18bba:	16c2                	slli	a3,a3,0x30
   18bbc:	92c1                	srli	a3,a3,0x30
   18bbe:	001a7593          	andi	a1,s4,1
   18bc2:	00d03533          	snez	a0,a3
   18bc6:	c191                	beqz	a1,18bca <_vfiprintf_r+0xa70>
   18bc8:	e17d                	bnez	a0,18cae <_vfiprintf_r+0xb54>
   18bca:	04010ba3          	sb	zero,87(sp)
   18bce:	0a084563          	bltz	a6,18c78 <_vfiprintf_r+0xb1e>
   18bd2:	b7fa7a13          	andi	s4,s4,-1153
   18bd6:	8c72                	mv	s8,t3
   18bd8:	26081b63          	bnez	a6,18e4e <_vfiprintf_r+0xcf4>
   18bdc:	26051963          	bnez	a0,18e4e <_vfiprintf_r+0xcf4>
   18be0:	4b81                	li	s7,0
   18be2:	0dc10c93          	addi	s9,sp,220
   18be6:	4981                	li	s3,0
   18be8:	76c6                	ld	a3,112(sp)
   18bea:	5726                	lw	a4,104(sp)
   18bec:	084a7f13          	andi	t5,s4,132
   18bf0:	85b6                	mv	a1,a3
   18bf2:	863a                	mv	a2,a4
   18bf4:	ec0f0f63          	beqz	t5,182d2 <_vfiprintf_r+0x178>
   18bf8:	05714603          	lbu	a2,87(sp)
   18bfc:	f402                	sd	zero,40(sp)
   18bfe:	ee061363          	bnez	a2,182e4 <_vfiprintf_r+0x18a>
   18c02:	f18ff06f          	j	1831a <_vfiprintf_r+0x1c0>
   18c06:	666d                	lui	a2,0x1b
   18c08:	020a7693          	andi	a3,s4,32
   18c0c:	81060613          	addi	a2,a2,-2032 # 1a810 <__clzdi2+0x170>
   18c10:	008c0e13          	addi	t3,s8,8
   18c14:	dad1                	beqz	a3,18ba8 <_vfiprintf_r+0xa4e>
   18c16:	000c3683          	ld	a3,0(s8)
   18c1a:	b755                	j	18bbe <_vfiprintf_r+0xa64>
   18c1c:	8566                	mv	a0,s9
   18c1e:	e83e                	sd	a5,16(sp)
   18c20:	f2cfc0ef          	jal	1534c <strlen>
   18c24:	00050b9b          	sext.w	s7,a0
   18c28:	67c2                	ld	a5,16(sp)
   18c2a:	875e                	mv	a4,s7
   18c2c:	000bd363          	bgez	s7,18c32 <_vfiprintf_r+0xad8>
   18c30:	4701                	li	a4,0
   18c32:	05714683          	lbu	a3,87(sp)
   18c36:	0007099b          	sext.w	s3,a4
   18c3a:	ce91                	beqz	a3,18c56 <_vfiprintf_r+0xafc>
   18c3c:	0017099b          	addiw	s3,a4,1
   18c40:	4801                	li	a6,0
   18c42:	cc517057          	vsetivli	zero,2,e8,mf8,ta,ma
   18c46:	805ff06f          	j	1844a <_vfiprintf_r+0x2f0>
   18c4a:	cc517057          	vsetivli	zero,2,e8,mf8,ta,ma
   18c4e:	e12ff06f          	j	18260 <_vfiprintf_r+0x106>
   18c52:	8bc2                	mv	s7,a6
   18c54:	89c2                	mv	s3,a6
   18c56:	4801                	li	a6,0
   18c58:	cc517057          	vsetivli	zero,2,e8,mf8,ta,ma
   18c5c:	e66ff06f          	j	182c2 <_vfiprintf_r+0x168>
   18c60:	200a7693          	andi	a3,s4,512
   18c64:	04010ba3          	sb	zero,87(sp)
   18c68:	12068d63          	beqz	a3,18da2 <_vfiprintf_r+0xc48>
   18c6c:	0ffd7d13          	zext.b	s10,s10
   18c70:	900852e3          	bgez	a6,18574 <_vfiprintf_r+0x41a>
   18c74:	8c3a                	mv	s8,a4
   18c76:	b041                	j	184f6 <_vfiprintf_r+0x39c>
   18c78:	bffa7a13          	andi	s4,s4,-1025
   18c7c:	8c72                	mv	s8,t3
   18c7e:	4581                	li	a1,0
   18c80:	b5c5                	j	18b60 <_vfiprintf_r+0xa06>
   18c82:	6502                	ld	a0,0(sp)
   18c84:	1090                	addi	a2,sp,96
   18c86:	85ca                	mv	a1,s2
   18c88:	e842                	sd	a6,16(sp)
   18c8a:	c27fb0ef          	jal	148b0 <__sprint_r>
   18c8e:	8f2a                	mv	t5,a0
   18c90:	f2051963          	bnez	a0,183c2 <_vfiprintf_r+0x268>
   18c94:	05714783          	lbu	a5,87(sp)
   18c98:	76c6                	ld	a3,112(sp)
   18c9a:	5726                	lw	a4,104(sp)
   18c9c:	6842                	ld	a6,16(sp)
   18c9e:	ebc5                	bnez	a5,18d4e <_vfiprintf_r+0xbf4>
   18ca0:	77a2                	ld	a5,40(sp)
   18ca2:	cbf1                	beqz	a5,18d76 <_vfiprintf_r+0xc1c>
   18ca4:	87d6                	mv	a5,s5
   18ca6:	cc517057          	vsetivli	zero,2,e8,mf8,ta,ma
   18caa:	e58ff06f          	j	18302 <_vfiprintf_r+0x1a8>
   18cae:	04e10ca3          	sb	a4,89(sp)
   18cb2:	03000713          	li	a4,48
   18cb6:	04010ba3          	sb	zero,87(sp)
   18cba:	04e10c23          	sb	a4,88(sp)
   18cbe:	0a084263          	bltz	a6,18d62 <_vfiprintf_r+0xc08>
   18cc2:	b7fa7313          	andi	t1,s4,-1153
   18cc6:	00236a13          	ori	s4,t1,2
   18cca:	8c72                	mv	s8,t3
   18ccc:	4589                	li	a1,2
   18cce:	bd49                	j	18b60 <_vfiprintf_r+0xa06>
   18cd0:	856f90ef          	jal	11d26 <__sinit>
   18cd4:	ca0ff06f          	j	18174 <_vfiprintf_r+0x1a>
   18cd8:	001dc703          	lbu	a4,1(s11)
   18cdc:	020a6a13          	ori	s4,s4,32
   18ce0:	0d85                	addi	s11,s11,1
   18ce2:	d7eff06f          	j	18260 <_vfiprintf_r+0x106>
   18ce6:	001dc703          	lbu	a4,1(s11)
   18cea:	200a6a13          	ori	s4,s4,512
   18cee:	0d85                	addi	s11,s11,1
   18cf0:	d70ff06f          	j	18260 <_vfiprintf_r+0x106>
   18cf4:	4719                	li	a4,6
   18cf6:	0008099b          	sext.w	s3,a6
   18cfa:	07076b63          	bltu	a4,a6,18d70 <_vfiprintf_r+0xc16>
   18cfe:	6e6d                	lui	t3,0x1b
   18d00:	8bce                	mv	s7,s3
   18d02:	840e0c93          	addi	s9,t3,-1984 # 1a840 <__clzdi2+0x1a0>
   18d06:	4801                	li	a6,0
   18d08:	dbaff06f          	j	182c2 <_vfiprintf_r+0x168>
   18d0c:	cc517057          	vsetivli	zero,2,e8,mf8,ta,ma
   18d10:	d50ff06f          	j	18260 <_vfiprintf_r+0x106>
   18d14:	200a7693          	andi	a3,s4,512
   18d18:	c2c9                	beqz	a3,18d9a <_vfiprintf_r+0xc40>
   18d1a:	018d1d1b          	slliw	s10,s10,0x18
   18d1e:	418d5d1b          	sraiw	s10,s10,0x18
   18d22:	8c3a                	mv	s8,a4
   18d24:	86ea                	mv	a3,s10
   18d26:	efeff06f          	j	18424 <_vfiprintf_r+0x2ca>
   18d2a:	200a7613          	andi	a2,s4,512
   18d2e:	c22d                	beqz	a2,18d90 <_vfiprintf_r+0xc36>
   18d30:	0ff6f693          	zext.b	a3,a3
   18d34:	8c3a                	mv	s8,a4
   18d36:	89d2                	mv	s3,s4
   18d38:	ba2d                	j	18672 <_vfiprintf_r+0x518>
   18d3a:	200a7593          	andi	a1,s4,512
   18d3e:	c5b1                	beqz	a1,18d8a <_vfiprintf_r+0xc30>
   18d40:	0ff6f693          	zext.b	a3,a3
   18d44:	bdad                	j	18bbe <_vfiprintf_r+0xa64>
   18d46:	cc517057          	vsetivli	zero,2,e8,mf8,ta,ma
   18d4a:	d16ff06f          	j	18260 <_vfiprintf_r+0x106>
   18d4e:	87d6                	mv	a5,s5
   18d50:	cc517057          	vsetivli	zero,2,e8,mf8,ta,ma
   18d54:	d90ff06f          	j	182e4 <_vfiprintf_r+0x18a>
   18d58:	666d                	lui	a2,0x1b
   18d5a:	10060613          	addi	a2,a2,256 # 1b100 <zeroes.0>
   18d5e:	e832                	sd	a2,16(sp)
   18d60:	be6d                	j	1891a <_vfiprintf_r+0x7c0>
   18d62:	bffa7313          	andi	t1,s4,-1025
   18d66:	00236a13          	ori	s4,t1,2
   18d6a:	8c72                	mv	s8,t3
   18d6c:	4589                	li	a1,2
   18d6e:	bbcd                	j	18b60 <_vfiprintf_r+0xa06>
   18d70:	0007099b          	sext.w	s3,a4
   18d74:	b769                	j	18cfe <_vfiprintf_r+0xba4>
   18d76:	87d6                	mv	a5,s5
   18d78:	cc517057          	vsetivli	zero,2,e8,mf8,ta,ma
   18d7c:	da6ff06f          	j	18322 <_vfiprintf_r+0x1c8>
   18d80:	6722                	ld	a4,8(sp)
   18d82:	00e69023          	sh	a4,0(a3)
   18d86:	c6aff06f          	j	181f0 <_vfiprintf_r+0x96>
   18d8a:	1682                	slli	a3,a3,0x20
   18d8c:	9281                	srli	a3,a3,0x20
   18d8e:	bd05                	j	18bbe <_vfiprintf_r+0xa64>
   18d90:	1682                	slli	a3,a3,0x20
   18d92:	9281                	srli	a3,a3,0x20
   18d94:	8c3a                	mv	s8,a4
   18d96:	89d2                	mv	s3,s4
   18d98:	b8e9                	j	18672 <_vfiprintf_r+0x518>
   18d9a:	8c3a                	mv	s8,a4
   18d9c:	86ea                	mv	a3,s10
   18d9e:	e86ff06f          	j	18424 <_vfiprintf_r+0x2ca>
   18da2:	1d02                	slli	s10,s10,0x20
   18da4:	020d5d13          	srli	s10,s10,0x20
   18da8:	fc085663          	bgez	a6,18574 <_vfiprintf_r+0x41a>
   18dac:	8c3a                	mv	s8,a4
   18dae:	f48ff06f          	j	184f6 <_vfiprintf_r+0x39c>
   18db2:	6502                	ld	a0,0(sp)
   18db4:	1090                	addi	a2,sp,96
   18db6:	85ca                	mv	a1,s2
   18db8:	af9fb0ef          	jal	148b0 <__sprint_r>
   18dbc:	e06ff06f          	j	183c2 <_vfiprintf_r+0x268>
   18dc0:	6606                	ld	a2,64(sp)
   18dc2:	75e2                	ld	a1,56(sp)
   18dc4:	e4f6                	sd	t4,72(sp)
   18dc6:	40cc8733          	sub	a4,s9,a2
   18dca:	853a                	mv	a0,a4
   18dcc:	f442                	sd	a6,40(sp)
   18dce:	f03e                	sd	a5,32(sp)
   18dd0:	e83a                	sd	a4,16(sp)
   18dd2:	abafc0ef          	jal	1508c <strncpy>
   18dd6:	ccccd5b7          	lui	a1,0xccccd
   18dda:	ccd58593          	addi	a1,a1,-819 # ffffffffcccccccd <__BSS_END__+0xffffffffcccaf1bd>
   18dde:	02059613          	slli	a2,a1,0x20
   18de2:	962e                	add	a2,a2,a1
   18de4:	02cd3d33          	mulhu	s10,s10,a2
   18de8:	77c2                	ld	a5,48(sp)
   18dea:	6742                	ld	a4,16(sp)
   18dec:	7822                	ld	a6,40(sp)
   18dee:	0017c583          	lbu	a1,1(a5)
   18df2:	6ea6                	ld	t4,72(sp)
   18df4:	fff70c93          	addi	s9,a4,-1
   18df8:	00b035b3          	snez	a1,a1
   18dfc:	97ae                	add	a5,a5,a1
   18dfe:	f83e                	sd	a5,48(sp)
   18e00:	003d5d13          	srli	s10,s10,0x3
   18e04:	02cd3633          	mulhu	a2,s10,a2
   18e08:	7782                	ld	a5,32(sp)
   18e0a:	4585                	li	a1,1
   18e0c:	46a5                	li	a3,9
   18e0e:	cc517057          	vsetivli	zero,2,e8,mf8,ta,ma
   18e12:	00365513          	srli	a0,a2,0x3
   18e16:	00251613          	slli	a2,a0,0x2
   18e1a:	962a                	add	a2,a2,a0
   18e1c:	0606                	slli	a2,a2,0x1
   18e1e:	40cd0633          	sub	a2,s10,a2
   18e22:	0306061b          	addiw	a2,a2,48
   18e26:	fec70fa3          	sb	a2,-1(a4)
   18e2a:	ba31                	j	18746 <_vfiprintf_r+0x5ec>
   18e2c:	e20703e3          	beqz	a4,18c52 <_vfiprintf_r+0xaf8>
   18e30:	0018099b          	addiw	s3,a6,1
   18e34:	8bc2                	mv	s7,a6
   18e36:	cc517057          	vsetivli	zero,2,e8,mf8,ta,ma
   18e3a:	4801                	li	a6,0
   18e3c:	e0eff06f          	j	1844a <_vfiprintf_r+0x2f0>
   18e40:	8daa                	mv	s11,a0
   18e42:	4801                	li	a6,0
   18e44:	c20ff06f          	j	18264 <_vfiprintf_r+0x10a>
   18e48:	c298                	sw	a4,0(a3)
   18e4a:	ba6ff06f          	j	181f0 <_vfiprintf_r+0x96>
   18e4e:	4581                	li	a1,0
   18e50:	bb01                	j	18b60 <_vfiprintf_r+0xa06>
   18e52:	000c2703          	lw	a4,0(s8)
   18e56:	0c21                	addi	s8,s8,8
   18e58:	0007081b          	sext.w	a6,a4
   18e5c:	00075363          	bgez	a4,18e62 <_vfiprintf_r+0xd08>
   18e60:	587d                	li	a6,-1
   18e62:	001dc703          	lbu	a4,1(s11)
   18e66:	8daa                	mv	s11,a0
   18e68:	bf8ff06f          	j	18260 <_vfiprintf_r+0x106>
   18e6c:	666d                	lui	a2,0x1b
   18e6e:	8c3a                	mv	s8,a4
   18e70:	81060613          	addi	a2,a2,-2032 # 1a810 <__clzdi2+0x170>
   18e74:	4589                	li	a1,2
   18e76:	b1ed                	j	18b60 <_vfiprintf_r+0xa06>
   18e78:	8352                	mv	t1,s4
   18e7a:	b1e1                	j	18b42 <_vfiprintf_r+0x9e8>
   18e7c:	8352                	mv	t1,s4
   18e7e:	833ff06f          	j	186b0 <_vfiprintf_r+0x556>

0000000000018e82 <vfiprintf>:
   18e82:	872a                	mv	a4,a0
   18e84:	a201b503          	ld	a0,-1504(gp) # 1cd30 <_impure_ptr>
   18e88:	86b2                	mv	a3,a2
   18e8a:	862e                	mv	a2,a1
   18e8c:	85ba                	mv	a1,a4
   18e8e:	accff06f          	j	1815a <_vfiprintf_r>

0000000000018e92 <__sbprintf>:
   18e92:	0105d783          	lhu	a5,16(a1)
   18e96:	0ac5ae83          	lw	t4,172(a1)
   18e9a:	0125de03          	lhu	t3,18(a1)
   18e9e:	0305b303          	ld	t1,48(a1)
   18ea2:	0405b883          	ld	a7,64(a1)
   18ea6:	b2010113          	addi	sp,sp,-1248
   18eaa:	9bf5                	andi	a5,a5,-3
   18eac:	0c010813          	addi	a6,sp,192
   18eb0:	40000713          	li	a4,1024
   18eb4:	4c813823          	sd	s0,1232(sp)
   18eb8:	842e                	mv	s0,a1
   18eba:	080c                	addi	a1,sp,16
   18ebc:	4c913423          	sd	s1,1224(sp)
   18ec0:	02f11023          	sh	a5,32(sp)
   18ec4:	4c113c23          	sd	ra,1240(sp)
   18ec8:	dc02                	sw	zero,56(sp)
   18eca:	df76                	sw	t4,188(sp)
   18ecc:	03c11123          	sh	t3,34(sp)
   18ed0:	e09a                	sd	t1,64(sp)
   18ed2:	e8c6                	sd	a7,80(sp)
   18ed4:	e842                	sd	a6,16(sp)
   18ed6:	f442                	sd	a6,40(sp)
   18ed8:	ce3a                	sw	a4,28(sp)
   18eda:	d83a                	sw	a4,48(sp)
   18edc:	84aa                	mv	s1,a0
   18ede:	a7cff0ef          	jal	1815a <_vfiprintf_r>
   18ee2:	87aa                	mv	a5,a0
   18ee4:	02055763          	bgez	a0,18f12 <__sbprintf+0x80>
   18ee8:	02015703          	lhu	a4,32(sp)
   18eec:	04077713          	andi	a4,a4,64
   18ef0:	c719                	beqz	a4,18efe <__sbprintf+0x6c>
   18ef2:	01045703          	lhu	a4,16(s0)
   18ef6:	04076713          	ori	a4,a4,64
   18efa:	00e41823          	sh	a4,16(s0)
   18efe:	4d813083          	ld	ra,1240(sp)
   18f02:	4d013403          	ld	s0,1232(sp)
   18f06:	4c813483          	ld	s1,1224(sp)
   18f0a:	853e                	mv	a0,a5
   18f0c:	4e010113          	addi	sp,sp,1248
   18f10:	8082                	ret
   18f12:	e42a                	sd	a0,8(sp)
   18f14:	080c                	addi	a1,sp,16
   18f16:	8526                	mv	a0,s1
   18f18:	c09fb0ef          	jal	14b20 <_fflush_r>
   18f1c:	67a2                	ld	a5,8(sp)
   18f1e:	d569                	beqz	a0,18ee8 <__sbprintf+0x56>
   18f20:	57fd                	li	a5,-1
   18f22:	b7d9                	j	18ee8 <__sbprintf+0x56>

0000000000018f24 <abort>:
   18f24:	1141                	addi	sp,sp,-16
   18f26:	4519                	li	a0,6
   18f28:	e406                	sd	ra,8(sp)
   18f2a:	184000ef          	jal	190ae <raise>
   18f2e:	4505                	li	a0,1
   18f30:	376000ef          	jal	192a6 <_exit>

0000000000018f34 <_init_signal_r>:
   18f34:	15053703          	ld	a4,336(a0)
   18f38:	c319                	beqz	a4,18f3e <_init_signal_r+0xa>
   18f3a:	4501                	li	a0,0
   18f3c:	8082                	ret
   18f3e:	1101                	addi	sp,sp,-32
   18f40:	10000593          	li	a1,256
   18f44:	ec06                	sd	ra,24(sp)
   18f46:	e42a                	sd	a0,8(sp)
   18f48:	868f80ef          	jal	10fb0 <_malloc_r>
   18f4c:	67a2                	ld	a5,8(sp)
   18f4e:	14a7b823          	sd	a0,336(a5)
   18f52:	cd01                	beqz	a0,18f6a <_init_signal_r+0x36>
   18f54:	10050793          	addi	a5,a0,256
   18f58:	00053023          	sd	zero,0(a0)
   18f5c:	0521                	addi	a0,a0,8
   18f5e:	fef51de3          	bne	a0,a5,18f58 <_init_signal_r+0x24>
   18f62:	4501                	li	a0,0
   18f64:	60e2                	ld	ra,24(sp)
   18f66:	6105                	addi	sp,sp,32
   18f68:	8082                	ret
   18f6a:	557d                	li	a0,-1
   18f6c:	bfe5                	j	18f64 <_init_signal_r+0x30>

0000000000018f6e <_signal_r>:
   18f6e:	477d                	li	a4,31
   18f70:	00b76a63          	bltu	a4,a1,18f84 <_signal_r+0x16>
   18f74:	15053703          	ld	a4,336(a0)
   18f78:	cb11                	beqz	a4,18f8c <_signal_r+0x1e>
   18f7a:	058e                	slli	a1,a1,0x3
   18f7c:	972e                	add	a4,a4,a1
   18f7e:	6308                	ld	a0,0(a4)
   18f80:	e310                	sd	a2,0(a4)
   18f82:	8082                	ret
   18f84:	4759                	li	a4,22
   18f86:	c118                	sw	a4,0(a0)
   18f88:	557d                	li	a0,-1
   18f8a:	8082                	ret
   18f8c:	7179                	addi	sp,sp,-48
   18f8e:	e42e                	sd	a1,8(sp)
   18f90:	10000593          	li	a1,256
   18f94:	e832                	sd	a2,16(sp)
   18f96:	f406                	sd	ra,40(sp)
   18f98:	ec2a                	sd	a0,24(sp)
   18f9a:	816f80ef          	jal	10fb0 <_malloc_r>
   18f9e:	66e2                	ld	a3,24(sp)
   18fa0:	872a                	mv	a4,a0
   18fa2:	10050593          	addi	a1,a0,256
   18fa6:	14a6b823          	sd	a0,336(a3)
   18faa:	67a2                	ld	a5,8(sp)
   18fac:	86aa                	mv	a3,a0
   18fae:	6642                	ld	a2,16(sp)
   18fb0:	557d                	li	a0,-1
   18fb2:	cb19                	beqz	a4,18fc8 <_signal_r+0x5a>
   18fb4:	0006b023          	sd	zero,0(a3)
   18fb8:	06a1                	addi	a3,a3,8
   18fba:	feb69de3          	bne	a3,a1,18fb4 <_signal_r+0x46>
   18fbe:	00379593          	slli	a1,a5,0x3
   18fc2:	972e                	add	a4,a4,a1
   18fc4:	6308                	ld	a0,0(a4)
   18fc6:	e310                	sd	a2,0(a4)
   18fc8:	70a2                	ld	ra,40(sp)
   18fca:	6145                	addi	sp,sp,48
   18fcc:	8082                	ret

0000000000018fce <_raise_r>:
   18fce:	47fd                	li	a5,31
   18fd0:	04b7ec63          	bltu	a5,a1,19028 <_raise_r+0x5a>
   18fd4:	15053783          	ld	a5,336(a0)
   18fd8:	1101                	addi	sp,sp,-32
   18fda:	ec06                	sd	ra,24(sp)
   18fdc:	872a                	mv	a4,a0
   18fde:	862e                	mv	a2,a1
   18fe0:	c785                	beqz	a5,19008 <_raise_r+0x3a>
   18fe2:	00359693          	slli	a3,a1,0x3
   18fe6:	97b6                	add	a5,a5,a3
   18fe8:	6394                	ld	a3,0(a5)
   18fea:	ce99                	beqz	a3,19008 <_raise_r+0x3a>
   18fec:	4505                	li	a0,1
   18fee:	00a68963          	beq	a3,a0,19000 <_raise_r+0x32>
   18ff2:	55fd                	li	a1,-1
   18ff4:	02b68563          	beq	a3,a1,1901e <_raise_r+0x50>
   18ff8:	0007b023          	sd	zero,0(a5)
   18ffc:	8532                	mv	a0,a2
   18ffe:	9682                	jalr	a3
   19000:	60e2                	ld	ra,24(sp)
   19002:	4501                	li	a0,0
   19004:	6105                	addi	sp,sp,32
   19006:	8082                	ret
   19008:	853a                	mv	a0,a4
   1900a:	e432                	sd	a2,8(sp)
   1900c:	e03a                	sd	a4,0(sp)
   1900e:	26c000ef          	jal	1927a <_getpid_r>
   19012:	6622                	ld	a2,8(sp)
   19014:	60e2                	ld	ra,24(sp)
   19016:	85aa                	mv	a1,a0
   19018:	6502                	ld	a0,0(sp)
   1901a:	6105                	addi	sp,sp,32
   1901c:	a415                	j	19240 <_kill_r>
   1901e:	60e2                	ld	ra,24(sp)
   19020:	47d9                	li	a5,22
   19022:	c31c                	sw	a5,0(a4)
   19024:	6105                	addi	sp,sp,32
   19026:	8082                	ret
   19028:	47d9                	li	a5,22
   1902a:	c11c                	sw	a5,0(a0)
   1902c:	557d                	li	a0,-1
   1902e:	8082                	ret

0000000000019030 <__sigtramp_r>:
   19030:	47fd                	li	a5,31
   19032:	06b7ec63          	bltu	a5,a1,190aa <__sigtramp_r+0x7a>
   19036:	15053783          	ld	a5,336(a0)
   1903a:	1101                	addi	sp,sp,-32
   1903c:	ec06                	sd	ra,24(sp)
   1903e:	872e                	mv	a4,a1
   19040:	cf95                	beqz	a5,1907c <__sigtramp_r+0x4c>
   19042:	00371693          	slli	a3,a4,0x3
   19046:	97b6                	add	a5,a5,a3
   19048:	6394                	ld	a3,0(a5)
   1904a:	ce99                	beqz	a3,19068 <__sigtramp_r+0x38>
   1904c:	567d                	li	a2,-1
   1904e:	02c68563          	beq	a3,a2,19078 <__sigtramp_r+0x48>
   19052:	4605                	li	a2,1
   19054:	00c68e63          	beq	a3,a2,19070 <__sigtramp_r+0x40>
   19058:	853a                	mv	a0,a4
   1905a:	0007b023          	sd	zero,0(a5)
   1905e:	9682                	jalr	a3
   19060:	4501                	li	a0,0
   19062:	60e2                	ld	ra,24(sp)
   19064:	6105                	addi	sp,sp,32
   19066:	8082                	ret
   19068:	60e2                	ld	ra,24(sp)
   1906a:	4505                	li	a0,1
   1906c:	6105                	addi	sp,sp,32
   1906e:	8082                	ret
   19070:	60e2                	ld	ra,24(sp)
   19072:	450d                	li	a0,3
   19074:	6105                	addi	sp,sp,32
   19076:	8082                	ret
   19078:	4509                	li	a0,2
   1907a:	b7e5                	j	19062 <__sigtramp_r+0x32>
   1907c:	e42e                	sd	a1,8(sp)
   1907e:	10000593          	li	a1,256
   19082:	e02a                	sd	a0,0(sp)
   19084:	f2df70ef          	jal	10fb0 <_malloc_r>
   19088:	6682                	ld	a3,0(sp)
   1908a:	87aa                	mv	a5,a0
   1908c:	14a6b823          	sd	a0,336(a3)
   19090:	c919                	beqz	a0,190a6 <__sigtramp_r+0x76>
   19092:	6722                	ld	a4,8(sp)
   19094:	86aa                	mv	a3,a0
   19096:	10050613          	addi	a2,a0,256
   1909a:	0006b023          	sd	zero,0(a3)
   1909e:	06a1                	addi	a3,a3,8
   190a0:	fec69de3          	bne	a3,a2,1909a <__sigtramp_r+0x6a>
   190a4:	bf79                	j	19042 <__sigtramp_r+0x12>
   190a6:	557d                	li	a0,-1
   190a8:	bf6d                	j	19062 <__sigtramp_r+0x32>
   190aa:	557d                	li	a0,-1
   190ac:	8082                	ret

00000000000190ae <raise>:
   190ae:	47fd                	li	a5,31
   190b0:	a201b803          	ld	a6,-1504(gp) # 1cd30 <_impure_ptr>
   190b4:	04a7ec63          	bltu	a5,a0,1910c <raise+0x5e>
   190b8:	15083783          	ld	a5,336(a6)
   190bc:	1101                	addi	sp,sp,-32
   190be:	ec06                	sd	ra,24(sp)
   190c0:	862a                	mv	a2,a0
   190c2:	c39d                	beqz	a5,190e8 <raise+0x3a>
   190c4:	00351713          	slli	a4,a0,0x3
   190c8:	97ba                	add	a5,a5,a4
   190ca:	6398                	ld	a4,0(a5)
   190cc:	cf11                	beqz	a4,190e8 <raise+0x3a>
   190ce:	4685                	li	a3,1
   190d0:	00d70863          	beq	a4,a3,190e0 <raise+0x32>
   190d4:	567d                	li	a2,-1
   190d6:	02c70463          	beq	a4,a2,190fe <raise+0x50>
   190da:	0007b023          	sd	zero,0(a5)
   190de:	9702                	jalr	a4
   190e0:	60e2                	ld	ra,24(sp)
   190e2:	4501                	li	a0,0
   190e4:	6105                	addi	sp,sp,32
   190e6:	8082                	ret
   190e8:	8542                	mv	a0,a6
   190ea:	e432                	sd	a2,8(sp)
   190ec:	e042                	sd	a6,0(sp)
   190ee:	18c000ef          	jal	1927a <_getpid_r>
   190f2:	6622                	ld	a2,8(sp)
   190f4:	60e2                	ld	ra,24(sp)
   190f6:	85aa                	mv	a1,a0
   190f8:	6502                	ld	a0,0(sp)
   190fa:	6105                	addi	sp,sp,32
   190fc:	a291                	j	19240 <_kill_r>
   190fe:	60e2                	ld	ra,24(sp)
   19100:	47d9                	li	a5,22
   19102:	00f82023          	sw	a5,0(a6)
   19106:	8536                	mv	a0,a3
   19108:	6105                	addi	sp,sp,32
   1910a:	8082                	ret
   1910c:	47d9                	li	a5,22
   1910e:	00f82023          	sw	a5,0(a6)
   19112:	557d                	li	a0,-1
   19114:	8082                	ret

0000000000019116 <signal>:
   19116:	47fd                	li	a5,31
   19118:	a201b603          	ld	a2,-1504(gp) # 1cd30 <_impure_ptr>
   1911c:	00a7ea63          	bltu	a5,a0,19130 <signal+0x1a>
   19120:	15063703          	ld	a4,336(a2)
   19124:	cb11                	beqz	a4,19138 <signal+0x22>
   19126:	050e                	slli	a0,a0,0x3
   19128:	972a                	add	a4,a4,a0
   1912a:	6308                	ld	a0,0(a4)
   1912c:	e30c                	sd	a1,0(a4)
   1912e:	8082                	ret
   19130:	47d9                	li	a5,22
   19132:	c21c                	sw	a5,0(a2)
   19134:	557d                	li	a0,-1
   19136:	8082                	ret
   19138:	7179                	addi	sp,sp,-48
   1913a:	ec2e                	sd	a1,24(sp)
   1913c:	e82a                	sd	a0,16(sp)
   1913e:	10000593          	li	a1,256
   19142:	8532                	mv	a0,a2
   19144:	e432                	sd	a2,8(sp)
   19146:	f406                	sd	ra,40(sp)
   19148:	e69f70ef          	jal	10fb0 <_malloc_r>
   1914c:	6622                	ld	a2,8(sp)
   1914e:	872a                	mv	a4,a0
   19150:	10050593          	addi	a1,a0,256
   19154:	14a63823          	sd	a0,336(a2)
   19158:	67c2                	ld	a5,16(sp)
   1915a:	862a                	mv	a2,a0
   1915c:	66e2                	ld	a3,24(sp)
   1915e:	557d                	li	a0,-1
   19160:	cb19                	beqz	a4,19176 <signal+0x60>
   19162:	00063023          	sd	zero,0(a2)
   19166:	0621                	addi	a2,a2,8
   19168:	fec59de3          	bne	a1,a2,19162 <signal+0x4c>
   1916c:	00379513          	slli	a0,a5,0x3
   19170:	972a                	add	a4,a4,a0
   19172:	6308                	ld	a0,0(a4)
   19174:	e314                	sd	a3,0(a4)
   19176:	70a2                	ld	ra,40(sp)
   19178:	6145                	addi	sp,sp,48
   1917a:	8082                	ret

000000000001917c <_init_signal>:
   1917c:	a201b783          	ld	a5,-1504(gp) # 1cd30 <_impure_ptr>
   19180:	1507b703          	ld	a4,336(a5)
   19184:	c319                	beqz	a4,1918a <_init_signal+0xe>
   19186:	4501                	li	a0,0
   19188:	8082                	ret
   1918a:	1101                	addi	sp,sp,-32
   1918c:	853e                	mv	a0,a5
   1918e:	10000593          	li	a1,256
   19192:	e43e                	sd	a5,8(sp)
   19194:	ec06                	sd	ra,24(sp)
   19196:	e1bf70ef          	jal	10fb0 <_malloc_r>
   1919a:	67a2                	ld	a5,8(sp)
   1919c:	14a7b823          	sd	a0,336(a5)
   191a0:	cd01                	beqz	a0,191b8 <_init_signal+0x3c>
   191a2:	10050793          	addi	a5,a0,256
   191a6:	00053023          	sd	zero,0(a0)
   191aa:	0521                	addi	a0,a0,8
   191ac:	fef51de3          	bne	a0,a5,191a6 <_init_signal+0x2a>
   191b0:	4501                	li	a0,0
   191b2:	60e2                	ld	ra,24(sp)
   191b4:	6105                	addi	sp,sp,32
   191b6:	8082                	ret
   191b8:	557d                	li	a0,-1
   191ba:	bfe5                	j	191b2 <_init_signal+0x36>

00000000000191bc <__sigtramp>:
   191bc:	47fd                	li	a5,31
   191be:	06a7ef63          	bltu	a5,a0,1923c <__sigtramp+0x80>
   191c2:	a201b683          	ld	a3,-1504(gp) # 1cd30 <_impure_ptr>
   191c6:	1101                	addi	sp,sp,-32
   191c8:	ec06                	sd	ra,24(sp)
   191ca:	1506b783          	ld	a5,336(a3)
   191ce:	872a                	mv	a4,a0
   191d0:	cf95                	beqz	a5,1920c <__sigtramp+0x50>
   191d2:	00371693          	slli	a3,a4,0x3
   191d6:	97b6                	add	a5,a5,a3
   191d8:	6394                	ld	a3,0(a5)
   191da:	ce99                	beqz	a3,191f8 <__sigtramp+0x3c>
   191dc:	567d                	li	a2,-1
   191de:	02c68563          	beq	a3,a2,19208 <__sigtramp+0x4c>
   191e2:	4605                	li	a2,1
   191e4:	00c68e63          	beq	a3,a2,19200 <__sigtramp+0x44>
   191e8:	853a                	mv	a0,a4
   191ea:	0007b023          	sd	zero,0(a5)
   191ee:	9682                	jalr	a3
   191f0:	4501                	li	a0,0
   191f2:	60e2                	ld	ra,24(sp)
   191f4:	6105                	addi	sp,sp,32
   191f6:	8082                	ret
   191f8:	60e2                	ld	ra,24(sp)
   191fa:	4505                	li	a0,1
   191fc:	6105                	addi	sp,sp,32
   191fe:	8082                	ret
   19200:	60e2                	ld	ra,24(sp)
   19202:	450d                	li	a0,3
   19204:	6105                	addi	sp,sp,32
   19206:	8082                	ret
   19208:	4509                	li	a0,2
   1920a:	b7e5                	j	191f2 <__sigtramp+0x36>
   1920c:	e42a                	sd	a0,8(sp)
   1920e:	10000593          	li	a1,256
   19212:	8536                	mv	a0,a3
   19214:	e036                	sd	a3,0(sp)
   19216:	d9bf70ef          	jal	10fb0 <_malloc_r>
   1921a:	6682                	ld	a3,0(sp)
   1921c:	87aa                	mv	a5,a0
   1921e:	14a6b823          	sd	a0,336(a3)
   19222:	c919                	beqz	a0,19238 <__sigtramp+0x7c>
   19224:	6722                	ld	a4,8(sp)
   19226:	86aa                	mv	a3,a0
   19228:	10050613          	addi	a2,a0,256
   1922c:	0006b023          	sd	zero,0(a3)
   19230:	06a1                	addi	a3,a3,8
   19232:	fed61de3          	bne	a2,a3,1922c <__sigtramp+0x70>
   19236:	bf71                	j	191d2 <__sigtramp+0x16>
   19238:	557d                	li	a0,-1
   1923a:	bf65                	j	191f2 <__sigtramp+0x36>
   1923c:	557d                	li	a0,-1
   1923e:	8082                	ret

0000000000019240 <_kill_r>:
   19240:	1101                	addi	sp,sp,-32
   19242:	87ae                	mv	a5,a1
   19244:	e822                	sd	s0,16(sp)
   19246:	e426                	sd	s1,8(sp)
   19248:	85b2                	mv	a1,a2
   1924a:	84aa                	mv	s1,a0
   1924c:	853e                	mv	a0,a5
   1924e:	ec06                	sd	ra,24(sp)
   19250:	a401a823          	sw	zero,-1456(gp) # 1cd60 <errno>
   19254:	0e0000ef          	jal	19334 <_kill>
   19258:	57fd                	li	a5,-1
   1925a:	00f50763          	beq	a0,a5,19268 <_kill_r+0x28>
   1925e:	60e2                	ld	ra,24(sp)
   19260:	6442                	ld	s0,16(sp)
   19262:	64a2                	ld	s1,8(sp)
   19264:	6105                	addi	sp,sp,32
   19266:	8082                	ret
   19268:	a501a783          	lw	a5,-1456(gp) # 1cd60 <errno>
   1926c:	dbed                	beqz	a5,1925e <_kill_r+0x1e>
   1926e:	60e2                	ld	ra,24(sp)
   19270:	6442                	ld	s0,16(sp)
   19272:	c09c                	sw	a5,0(s1)
   19274:	64a2                	ld	s1,8(sp)
   19276:	6105                	addi	sp,sp,32
   19278:	8082                	ret

000000000001927a <_getpid_r>:
   1927a:	a841                	j	1930a <_getpid>

000000000001927c <_close>:
   1927c:	03900893          	li	a7,57
   19280:	00000073          	ecall
   19284:	00054463          	bltz	a0,1928c <_close+0x10>
   19288:	2501                	sext.w	a0,a0
   1928a:	8082                	ret
   1928c:	1101                	addi	sp,sp,-32
   1928e:	ec06                	sd	ra,24(sp)
   19290:	e42a                	sd	a0,8(sp)
   19292:	f9df80ef          	jal	1222e <__errno>
   19296:	67a2                	ld	a5,8(sp)
   19298:	60e2                	ld	ra,24(sp)
   1929a:	40f007bb          	negw	a5,a5
   1929e:	c11c                	sw	a5,0(a0)
   192a0:	557d                	li	a0,-1
   192a2:	6105                	addi	sp,sp,32
   192a4:	8082                	ret

00000000000192a6 <_exit>:
   192a6:	05d00893          	li	a7,93
   192aa:	00000073          	ecall
   192ae:	00054363          	bltz	a0,192b4 <_exit+0xe>
   192b2:	a001                	j	192b2 <_exit+0xc>
   192b4:	1101                	addi	sp,sp,-32
   192b6:	ec06                	sd	ra,24(sp)
   192b8:	e42a                	sd	a0,8(sp)
   192ba:	f75f80ef          	jal	1222e <__errno>
   192be:	67a2                	ld	a5,8(sp)
   192c0:	40f007bb          	negw	a5,a5
   192c4:	c11c                	sw	a5,0(a0)
   192c6:	a001                	j	192c6 <_exit+0x20>

00000000000192c8 <_fstat>:
   192c8:	7135                	addi	sp,sp,-160
   192ca:	872e                	mv	a4,a1
   192cc:	ed06                	sd	ra,152(sp)
   192ce:	e922                	sd	s0,144(sp)
   192d0:	05000893          	li	a7,80
   192d4:	080c                	addi	a1,sp,16
   192d6:	00000073          	ecall
   192da:	00054d63          	bltz	a0,192f4 <_fstat+0x2c>
   192de:	0005041b          	sext.w	s0,a0
   192e2:	080c                	addi	a1,sp,16
   192e4:	853a                	mv	a0,a4
   192e6:	134000ef          	jal	1941a <_conv_stat>
   192ea:	60ea                	ld	ra,152(sp)
   192ec:	8522                	mv	a0,s0
   192ee:	644a                	ld	s0,144(sp)
   192f0:	610d                	addi	sp,sp,160
   192f2:	8082                	ret
   192f4:	e03a                	sd	a4,0(sp)
   192f6:	e42a                	sd	a0,8(sp)
   192f8:	f37f80ef          	jal	1222e <__errno>
   192fc:	67a2                	ld	a5,8(sp)
   192fe:	6702                	ld	a4,0(sp)
   19300:	547d                	li	s0,-1
   19302:	40f007bb          	negw	a5,a5
   19306:	c11c                	sw	a5,0(a0)
   19308:	bfe9                	j	192e2 <_fstat+0x1a>

000000000001930a <_getpid>:
   1930a:	4505                	li	a0,1
   1930c:	8082                	ret

000000000001930e <_isatty>:
   1930e:	7119                	addi	sp,sp,-128
   19310:	002c                	addi	a1,sp,8
   19312:	fc86                	sd	ra,120(sp)
   19314:	fb5ff0ef          	jal	192c8 <_fstat>
   19318:	57fd                	li	a5,-1
   1931a:	00f50963          	beq	a0,a5,1932c <_isatty+0x1e>
   1931e:	4532                	lw	a0,12(sp)
   19320:	70e6                	ld	ra,120(sp)
   19322:	00d5551b          	srliw	a0,a0,0xd
   19326:	8905                	andi	a0,a0,1
   19328:	6109                	addi	sp,sp,128
   1932a:	8082                	ret
   1932c:	70e6                	ld	ra,120(sp)
   1932e:	4501                	li	a0,0
   19330:	6109                	addi	sp,sp,128
   19332:	8082                	ret

0000000000019334 <_kill>:
   19334:	1141                	addi	sp,sp,-16
   19336:	e406                	sd	ra,8(sp)
   19338:	ef7f80ef          	jal	1222e <__errno>
   1933c:	60a2                	ld	ra,8(sp)
   1933e:	47d9                	li	a5,22
   19340:	c11c                	sw	a5,0(a0)
   19342:	557d                	li	a0,-1
   19344:	0141                	addi	sp,sp,16
   19346:	8082                	ret

0000000000019348 <_lseek>:
   19348:	03e00893          	li	a7,62
   1934c:	00000073          	ecall
   19350:	00054363          	bltz	a0,19356 <_lseek+0xe>
   19354:	8082                	ret
   19356:	1101                	addi	sp,sp,-32
   19358:	ec06                	sd	ra,24(sp)
   1935a:	e42a                	sd	a0,8(sp)
   1935c:	ed3f80ef          	jal	1222e <__errno>
   19360:	67a2                	ld	a5,8(sp)
   19362:	60e2                	ld	ra,24(sp)
   19364:	40f007bb          	negw	a5,a5
   19368:	c11c                	sw	a5,0(a0)
   1936a:	57fd                	li	a5,-1
   1936c:	853e                	mv	a0,a5
   1936e:	6105                	addi	sp,sp,32
   19370:	8082                	ret

0000000000019372 <_read>:
   19372:	03f00893          	li	a7,63
   19376:	00000073          	ecall
   1937a:	00054363          	bltz	a0,19380 <_read+0xe>
   1937e:	8082                	ret
   19380:	1101                	addi	sp,sp,-32
   19382:	ec06                	sd	ra,24(sp)
   19384:	e42a                	sd	a0,8(sp)
   19386:	ea9f80ef          	jal	1222e <__errno>
   1938a:	67a2                	ld	a5,8(sp)
   1938c:	60e2                	ld	ra,24(sp)
   1938e:	40f007bb          	negw	a5,a5
   19392:	c11c                	sw	a5,0(a0)
   19394:	57fd                	li	a5,-1
   19396:	853e                	mv	a0,a5
   19398:	6105                	addi	sp,sp,32
   1939a:	8082                	ret

000000000001939c <_sbrk>:
   1939c:	a681b783          	ld	a5,-1432(gp) # 1cd78 <heap_end.0>
   193a0:	1141                	addi	sp,sp,-16
   193a2:	e406                	sd	ra,8(sp)
   193a4:	872a                	mv	a4,a0
   193a6:	ef81                	bnez	a5,193be <_sbrk+0x22>
   193a8:	0d600893          	li	a7,214
   193ac:	4501                	li	a0,0
   193ae:	00000073          	ecall
   193b2:	57fd                	li	a5,-1
   193b4:	02f50663          	beq	a0,a5,193e0 <_sbrk+0x44>
   193b8:	87aa                	mv	a5,a0
   193ba:	a6a1b423          	sd	a0,-1432(gp) # 1cd78 <heap_end.0>
   193be:	00f70533          	add	a0,a4,a5
   193c2:	0d600893          	li	a7,214
   193c6:	00000073          	ecall
   193ca:	a681b783          	ld	a5,-1432(gp) # 1cd78 <heap_end.0>
   193ce:	973e                	add	a4,a4,a5
   193d0:	00e51863          	bne	a0,a4,193e0 <_sbrk+0x44>
   193d4:	60a2                	ld	ra,8(sp)
   193d6:	a6a1b423          	sd	a0,-1432(gp) # 1cd78 <heap_end.0>
   193da:	853e                	mv	a0,a5
   193dc:	0141                	addi	sp,sp,16
   193de:	8082                	ret
   193e0:	e4ff80ef          	jal	1222e <__errno>
   193e4:	60a2                	ld	ra,8(sp)
   193e6:	47b1                	li	a5,12
   193e8:	c11c                	sw	a5,0(a0)
   193ea:	557d                	li	a0,-1
   193ec:	0141                	addi	sp,sp,16
   193ee:	8082                	ret

00000000000193f0 <_write>:
   193f0:	04000893          	li	a7,64
   193f4:	00000073          	ecall
   193f8:	00054363          	bltz	a0,193fe <_write+0xe>
   193fc:	8082                	ret
   193fe:	1101                	addi	sp,sp,-32
   19400:	ec06                	sd	ra,24(sp)
   19402:	e42a                	sd	a0,8(sp)
   19404:	e2bf80ef          	jal	1222e <__errno>
   19408:	67a2                	ld	a5,8(sp)
   1940a:	60e2                	ld	ra,24(sp)
   1940c:	40f007bb          	negw	a5,a5
   19410:	c11c                	sw	a5,0(a0)
   19412:	57fd                	li	a5,-1
   19414:	853e                	mv	a0,a5
   19416:	6105                	addi	sp,sp,32
   19418:	8082                	ret

000000000001941a <_conv_stat>:
   1941a:	4990                	lw	a2,16(a1)
   1941c:	6198                	ld	a4,0(a1)
   1941e:	659c                	ld	a5,8(a1)
   19420:	cce17057          	vsetivli	zero,2,e16,mf4,ta,ma
   19424:	c150                	sw	a2,4(a0)
   19426:	01458693          	addi	a3,a1,20
   1942a:	0206e087          	vle32.v	v1,(a3)
   1942e:	00e51023          	sh	a4,0(a0)
   19432:	00f51123          	sh	a5,2(a0)
   19436:	00850793          	addi	a5,a0,8
   1943a:	01c5ae03          	lw	t3,28(a1)
   1943e:	0205b303          	ld	t1,32(a1)
   19442:	b21030d7          	vnsrl.wi	v1,v1,0
   19446:	0305b883          	ld	a7,48(a1)
   1944a:	0405b803          	ld	a6,64(a1)
   1944e:	0207d0a7          	vse16.v	v1,(a5)
   19452:	5d90                	lw	a2,56(a1)
   19454:	65b4                	ld	a3,72(a1)
   19456:	6db8                	ld	a4,88(a1)
   19458:	75bc                	ld	a5,104(a1)
   1945a:	01c51623          	sh	t3,12(a0)
   1945e:	00651723          	sh	t1,14(a0)
   19462:	01153823          	sd	a7,16(a0)
   19466:	05053823          	sd	a6,80(a0)
   1946a:	e530                	sd	a2,72(a0)
   1946c:	ed14                	sd	a3,24(a0)
   1946e:	f518                	sd	a4,40(a0)
   19470:	fd1c                	sd	a5,56(a0)
   19472:	8082                	ret

0000000000019474 <__eqtf2>:
   19474:	002027f3          	frrm	a5
   19478:	68a1                	lui	a7,0x8
   1947a:	0305d813          	srli	a6,a1,0x30
   1947e:	18fd                	addi	a7,a7,-1 # 7fff <exit-0x8121>
   19480:	577d                	li	a4,-1
   19482:	8341                	srli	a4,a4,0x10
   19484:	0306d793          	srli	a5,a3,0x30
   19488:	01187833          	and	a6,a6,a7
   1948c:	00e5f333          	and	t1,a1,a4
   19490:	0117f7b3          	and	a5,a5,a7
   19494:	8f75                	and	a4,a4,a3
   19496:	91fd                	srli	a1,a1,0x3f
   19498:	92fd                	srli	a3,a3,0x3f
   1949a:	01181a63          	bne	a6,a7,194ae <__eqtf2+0x3a>
   1949e:	006568b3          	or	a7,a0,t1
   194a2:	02089063          	bnez	a7,194c2 <__eqtf2+0x4e>
   194a6:	01078663          	beq	a5,a6,194b2 <__eqtf2+0x3e>
   194aa:	4785                	li	a5,1
   194ac:	a0ad                	j	19516 <__eqtf2+0xa2>
   194ae:	05179063          	bne	a5,a7,194ee <__eqtf2+0x7a>
   194b2:	00e668b3          	or	a7,a2,a4
   194b6:	02088c63          	beqz	a7,194ee <__eqtf2+0x7a>
   194ba:	66a1                	lui	a3,0x8
   194bc:	16fd                	addi	a3,a3,-1 # 7fff <exit-0x8121>
   194be:	00d81e63          	bne	a6,a3,194da <__eqtf2+0x66>
   194c2:	00656533          	or	a0,a0,t1
   194c6:	c509                	beqz	a0,194d0 <__eqtf2+0x5c>
   194c8:	4685                	li	a3,1
   194ca:	16be                	slli	a3,a3,0x2f
   194cc:	00d36d63          	bltu	t1,a3,194e6 <__eqtf2+0x72>
   194d0:	66a1                	lui	a3,0x8
   194d2:	16fd                	addi	a3,a3,-1 # 7fff <exit-0x8121>
   194d4:	4505                	li	a0,1
   194d6:	04d79263          	bne	a5,a3,1951a <__eqtf2+0xa6>
   194da:	8e59                	or	a2,a2,a4
   194dc:	c619                	beqz	a2,194ea <__eqtf2+0x76>
   194de:	4785                	li	a5,1
   194e0:	17be                	slli	a5,a5,0x2f
   194e2:	00f77463          	bgeu	a4,a5,194ea <__eqtf2+0x76>
   194e6:	00186073          	csrsi	fflags,16
   194ea:	4505                	li	a0,1
   194ec:	8082                	ret
   194ee:	40f807b3          	sub	a5,a6,a5
   194f2:	8e09                	sub	a2,a2,a0
   194f4:	00f037b3          	snez	a5,a5
   194f8:	00c03633          	snez	a2,a2
   194fc:	8fd1                	or	a5,a5,a2
   194fe:	f7d5                	bnez	a5,194aa <__eqtf2+0x36>
   19500:	fae315e3          	bne	t1,a4,194aa <__eqtf2+0x36>
   19504:	00d58963          	beq	a1,a3,19516 <__eqtf2+0xa2>
   19508:	4785                	li	a5,1
   1950a:	00081663          	bnez	a6,19516 <__eqtf2+0xa2>
   1950e:	006567b3          	or	a5,a0,t1
   19512:	00f037b3          	snez	a5,a5
   19516:	853e                	mv	a0,a5
   19518:	8082                	ret
   1951a:	8082                	ret

000000000001951c <__getf2>:
   1951c:	002027f3          	frrm	a5
   19520:	67a1                	lui	a5,0x8
   19522:	0305d813          	srli	a6,a1,0x30
   19526:	17fd                	addi	a5,a5,-1 # 7fff <exit-0x8121>
   19528:	537d                	li	t1,-1
   1952a:	01035313          	srli	t1,t1,0x10
   1952e:	0306d713          	srli	a4,a3,0x30
   19532:	00f87833          	and	a6,a6,a5
   19536:	0065f8b3          	and	a7,a1,t1
   1953a:	8f7d                	and	a4,a4,a5
   1953c:	91fd                	srli	a1,a1,0x3f
   1953e:	03f6de13          	srli	t3,a3,0x3f
   19542:	04f80063          	beq	a6,a5,19582 <__getf2+0x66>
   19546:	0066f6b3          	and	a3,a3,t1
   1954a:	6321                	lui	t1,0x8
   1954c:	137d                	addi	t1,t1,-1 # 7fff <exit-0x8121>
   1954e:	87ba                	mv	a5,a4
   19550:	00671663          	bne	a4,t1,1955c <__getf2+0x40>
   19554:	00c6e333          	or	t1,a3,a2
   19558:	02031863          	bnez	t1,19588 <__getf2+0x6c>
   1955c:	4301                	li	t1,0
   1955e:	00081663          	bnez	a6,1956a <__getf2+0x4e>
   19562:	00a8e333          	or	t1,a7,a0
   19566:	00133313          	seqz	t1,t1
   1956a:	eb29                	bnez	a4,195bc <__getf2+0xa0>
   1956c:	00c6eeb3          	or	t4,a3,a2
   19570:	02030063          	beqz	t1,19590 <__getf2+0x74>
   19574:	020e8263          	beqz	t4,19598 <__getf2+0x7c>
   19578:	4785                	li	a5,1
   1957a:	000e1f63          	bnez	t3,19598 <__getf2+0x7c>
   1957e:	57fd                	li	a5,-1
   19580:	a821                	j	19598 <__getf2+0x7c>
   19582:	00a8e7b3          	or	a5,a7,a0
   19586:	d3e1                	beqz	a5,19546 <__getf2+0x2a>
   19588:	00186073          	csrsi	fflags,16
   1958c:	57f9                	li	a5,-2
   1958e:	a029                	j	19598 <__getf2+0x7c>
   19590:	020e9863          	bnez	t4,195c0 <__getf2+0xa4>
   19594:	57fd                	li	a5,-1
   19596:	cd85                	beqz	a1,195ce <__getf2+0xb2>
   19598:	853e                	mv	a0,a5
   1959a:	8082                	ret
   1959c:	fce84ee3          	blt	a6,a4,19578 <__getf2+0x5c>
   195a0:	ff16eae3          	bltu	a3,a7,19594 <__getf2+0x78>
   195a4:	00a67463          	bgeu	a2,a0,195ac <__getf2+0x90>
   195a8:	fed886e3          	beq	a7,a3,19594 <__getf2+0x78>
   195ac:	00c56563          	bltu	a0,a2,195b6 <__getf2+0x9a>
   195b0:	4781                	li	a5,0
   195b2:	fed8f3e3          	bgeu	a7,a3,19598 <__getf2+0x7c>
   195b6:	4785                	li	a5,1
   195b8:	f1e5                	bnez	a1,19598 <__getf2+0x7c>
   195ba:	b7d1                	j	1957e <__getf2+0x62>
   195bc:	fa031ee3          	bnez	t1,19578 <__getf2+0x5c>
   195c0:	fcbe1ae3          	bne	t3,a1,19594 <__getf2+0x78>
   195c4:	fd075ce3          	bge	a4,a6,1959c <__getf2+0x80>
   195c8:	57fd                	li	a5,-1
   195ca:	fc0e17e3          	bnez	t3,19598 <__getf2+0x7c>
   195ce:	4785                	li	a5,1
   195d0:	b7e1                	j	19598 <__getf2+0x7c>

00000000000195d2 <__letf2>:
   195d2:	002027f3          	frrm	a5
   195d6:	67a1                	lui	a5,0x8
   195d8:	0305d813          	srli	a6,a1,0x30
   195dc:	17fd                	addi	a5,a5,-1 # 7fff <exit-0x8121>
   195de:	537d                	li	t1,-1
   195e0:	01035313          	srli	t1,t1,0x10
   195e4:	0306d713          	srli	a4,a3,0x30
   195e8:	00f87833          	and	a6,a6,a5
   195ec:	0065f8b3          	and	a7,a1,t1
   195f0:	8f7d                	and	a4,a4,a5
   195f2:	91fd                	srli	a1,a1,0x3f
   195f4:	03f6de13          	srli	t3,a3,0x3f
   195f8:	04f80063          	beq	a6,a5,19638 <__letf2+0x66>
   195fc:	0066f6b3          	and	a3,a3,t1
   19600:	6321                	lui	t1,0x8
   19602:	137d                	addi	t1,t1,-1 # 7fff <exit-0x8121>
   19604:	87ba                	mv	a5,a4
   19606:	00671663          	bne	a4,t1,19612 <__letf2+0x40>
   1960a:	00c6e333          	or	t1,a3,a2
   1960e:	02031863          	bnez	t1,1963e <__letf2+0x6c>
   19612:	4301                	li	t1,0
   19614:	00081663          	bnez	a6,19620 <__letf2+0x4e>
   19618:	00a8e333          	or	t1,a7,a0
   1961c:	00133313          	seqz	t1,t1
   19620:	eb29                	bnez	a4,19672 <__letf2+0xa0>
   19622:	00c6eeb3          	or	t4,a3,a2
   19626:	02030063          	beqz	t1,19646 <__letf2+0x74>
   1962a:	020e8263          	beqz	t4,1964e <__letf2+0x7c>
   1962e:	4785                	li	a5,1
   19630:	000e1f63          	bnez	t3,1964e <__letf2+0x7c>
   19634:	57fd                	li	a5,-1
   19636:	a821                	j	1964e <__letf2+0x7c>
   19638:	00a8e7b3          	or	a5,a7,a0
   1963c:	d3e1                	beqz	a5,195fc <__letf2+0x2a>
   1963e:	00186073          	csrsi	fflags,16
   19642:	4789                	li	a5,2
   19644:	a029                	j	1964e <__letf2+0x7c>
   19646:	020e9863          	bnez	t4,19676 <__letf2+0xa4>
   1964a:	57fd                	li	a5,-1
   1964c:	cd85                	beqz	a1,19684 <__letf2+0xb2>
   1964e:	853e                	mv	a0,a5
   19650:	8082                	ret
   19652:	fce84ee3          	blt	a6,a4,1962e <__letf2+0x5c>
   19656:	ff16eae3          	bltu	a3,a7,1964a <__letf2+0x78>
   1965a:	00a67463          	bgeu	a2,a0,19662 <__letf2+0x90>
   1965e:	fed886e3          	beq	a7,a3,1964a <__letf2+0x78>
   19662:	00c56563          	bltu	a0,a2,1966c <__letf2+0x9a>
   19666:	4781                	li	a5,0
   19668:	fed8f3e3          	bgeu	a7,a3,1964e <__letf2+0x7c>
   1966c:	4785                	li	a5,1
   1966e:	f1e5                	bnez	a1,1964e <__letf2+0x7c>
   19670:	b7d1                	j	19634 <__letf2+0x62>
   19672:	fa031ee3          	bnez	t1,1962e <__letf2+0x5c>
   19676:	fcbe1ae3          	bne	t3,a1,1964a <__letf2+0x78>
   1967a:	fd075ce3          	bge	a4,a6,19652 <__letf2+0x80>
   1967e:	57fd                	li	a5,-1
   19680:	fc0e17e3          	bnez	t3,1964e <__letf2+0x7c>
   19684:	4785                	li	a5,1
   19686:	b7e1                	j	1964e <__letf2+0x7c>

0000000000019688 <__multf3>:
   19688:	711d                	addi	sp,sp,-96
   1968a:	e8a2                	sd	s0,80(sp)
   1968c:	f852                	sd	s4,48(sp)
   1968e:	e862                	sd	s8,16(sp)
   19690:	ec86                	sd	ra,88(sp)
   19692:	e4a6                	sd	s1,72(sp)
   19694:	e0ca                	sd	s2,64(sp)
   19696:	fc4e                	sd	s3,56(sp)
   19698:	f456                	sd	s5,40(sp)
   1969a:	f05a                	sd	s6,32(sp)
   1969c:	ec5e                	sd	s7,24(sp)
   1969e:	e466                	sd	s9,8(sp)
   196a0:	842a                	mv	s0,a0
   196a2:	8c32                	mv	s8,a2
   196a4:	8a36                	mv	s4,a3
   196a6:	002029f3          	frrm	s3
   196aa:	67a1                	lui	a5,0x8
   196ac:	0305db13          	srli	s6,a1,0x30
   196b0:	17fd                	addi	a5,a5,-1 # 7fff <exit-0x8121>
   196b2:	01059913          	slli	s2,a1,0x10
   196b6:	00fb7b33          	and	s6,s6,a5
   196ba:	2981                	sext.w	s3,s3
   196bc:	01095913          	srli	s2,s2,0x10
   196c0:	03f5da93          	srli	s5,a1,0x3f
   196c4:	020b0563          	beqz	s6,196ee <__multf3+0x66>
   196c8:	08fb0363          	beq	s6,a5,1974e <__multf3+0xc6>
   196cc:	090e                	slli	s2,s2,0x3
   196ce:	03d55793          	srli	a5,a0,0x3d
   196d2:	0127e7b3          	or	a5,a5,s2
   196d6:	4905                	li	s2,1
   196d8:	194e                	slli	s2,s2,0x33
   196da:	0127e933          	or	s2,a5,s2
   196de:	77f1                	lui	a5,0xffffc
   196e0:	0785                	addi	a5,a5,1 # ffffffffffffc001 <__BSS_END__+0xfffffffffffde4f1>
   196e2:	00351b93          	slli	s7,a0,0x3
   196e6:	9b3e                	add	s6,s6,a5
   196e8:	4c81                	li	s9,0
   196ea:	4481                	li	s1,0
   196ec:	a8b5                	j	19768 <__multf3+0xe0>
   196ee:	01256bb3          	or	s7,a0,s2
   196f2:	0e0b8963          	beqz	s7,197e4 <__multf3+0x15c>
   196f6:	02090d63          	beqz	s2,19730 <__multf3+0xa8>
   196fa:	854a                	mv	a0,s2
   196fc:	7a5000ef          	jal	1a6a0 <__clzdi2>
   19700:	2501                	sext.w	a0,a0
   19702:	ff150793          	addi	a5,a0,-15
   19706:	03d00713          	li	a4,61
   1970a:	0037869b          	addiw	a3,a5,3
   1970e:	40f707bb          	subw	a5,a4,a5
   19712:	00d91933          	sll	s2,s2,a3
   19716:	00f457b3          	srl	a5,s0,a5
   1971a:	0127e7b3          	or	a5,a5,s2
   1971e:	00d41933          	sll	s2,s0,a3
   19722:	7b71                	lui	s6,0xffffc
   19724:	0b45                	addi	s6,s6,17 # ffffffffffffc011 <__BSS_END__+0xfffffffffffde501>
   19726:	8bca                	mv	s7,s2
   19728:	40ab0b33          	sub	s6,s6,a0
   1972c:	893e                	mv	s2,a5
   1972e:	bf6d                	j	196e8 <__multf3+0x60>
   19730:	771000ef          	jal	1a6a0 <__clzdi2>
   19734:	0405051b          	addiw	a0,a0,64
   19738:	ff150793          	addi	a5,a0,-15
   1973c:	03c00713          	li	a4,60
   19740:	fcf753e3          	bge	a4,a5,19706 <__multf3+0x7e>
   19744:	fc37879b          	addiw	a5,a5,-61
   19748:	00f417b3          	sll	a5,s0,a5
   1974c:	bfd9                	j	19722 <__multf3+0x9a>
   1974e:	01256bb3          	or	s7,a0,s2
   19752:	080b8d63          	beqz	s7,197ec <__multf3+0x164>
   19756:	4485                	li	s1,1
   19758:	14be                	slli	s1,s1,0x2f
   1975a:	009934b3          	sltu	s1,s2,s1
   1975e:	0044949b          	slliw	s1,s1,0x4
   19762:	8baa                	mv	s7,a0
   19764:	2b01                	sext.w	s6,s6
   19766:	4c8d                	li	s9,3
   19768:	56fd                	li	a3,-1
   1976a:	6621                	lui	a2,0x8
   1976c:	030a5713          	srli	a4,s4,0x30
   19770:	9636                	add	a2,a2,a3
   19772:	0106d413          	srli	s0,a3,0x10
   19776:	8f71                	and	a4,a4,a2
   19778:	008a7433          	and	s0,s4,s0
   1977c:	87e2                	mv	a5,s8
   1977e:	03fa5a13          	srli	s4,s4,0x3f
   19782:	cb2d                	beqz	a4,197f4 <__multf3+0x16c>
   19784:	0cc70663          	beq	a4,a2,19850 <__multf3+0x1c8>
   19788:	040e                	slli	s0,s0,0x3
   1978a:	03dc5693          	srli	a3,s8,0x3d
   1978e:	8ec1                	or	a3,a3,s0
   19790:	4405                	li	s0,1
   19792:	144e                	slli	s0,s0,0x33
   19794:	8c55                	or	s0,s0,a3
   19796:	76f1                	lui	a3,0xffffc
   19798:	0685                	addi	a3,a3,1 # ffffffffffffc001 <__BSS_END__+0xfffffffffffde4f1>
   1979a:	003c1793          	slli	a5,s8,0x3
   1979e:	9736                	add	a4,a4,a3
   197a0:	4881                	li	a7,0
   197a2:	002c9693          	slli	a3,s9,0x2
   197a6:	01670833          	add	a6,a4,s6
   197aa:	0116e6b3          	or	a3,a3,a7
   197ae:	4729                	li	a4,10
   197b0:	00180593          	addi	a1,a6,1
   197b4:	0cd74f63          	blt	a4,a3,19892 <__multf3+0x20a>
   197b8:	4509                	li	a0,2
   197ba:	014ac633          	xor	a2,s5,s4
   197be:	4705                	li	a4,1
   197c0:	0ad54b63          	blt	a0,a3,19876 <__multf3+0x1ee>
   197c4:	16fd                	addi	a3,a3,-1
   197c6:	0ed76063          	bltu	a4,a3,198a6 <__multf3+0x21e>
   197ca:	8cc6                	mv	s9,a7
   197cc:	4709                	li	a4,2
   197ce:	4cec8263          	beq	s9,a4,19c92 <__multf3+0x60a>
   197d2:	468d                	li	a3,3
   197d4:	4705                	li	a4,1
   197d6:	4adc8863          	beq	s9,a3,19c86 <__multf3+0x5fe>
   197da:	26ec9763          	bne	s9,a4,19a48 <__multf3+0x3c0>
   197de:	4701                	li	a4,0
   197e0:	4501                	li	a0,0
   197e2:	a151                	j	19c66 <__multf3+0x5de>
   197e4:	4901                	li	s2,0
   197e6:	4b01                	li	s6,0
   197e8:	4c85                	li	s9,1
   197ea:	b701                	j	196ea <__multf3+0x62>
   197ec:	4901                	li	s2,0
   197ee:	2b01                	sext.w	s6,s6
   197f0:	4c89                	li	s9,2
   197f2:	bde5                	j	196ea <__multf3+0x62>
   197f4:	008c67b3          	or	a5,s8,s0
   197f8:	c7b5                	beqz	a5,19864 <__multf3+0x1dc>
   197fa:	c81d                	beqz	s0,19830 <__multf3+0x1a8>
   197fc:	8522                	mv	a0,s0
   197fe:	6a3000ef          	jal	1a6a0 <__clzdi2>
   19802:	2501                	sext.w	a0,a0
   19804:	ff150793          	addi	a5,a0,-15
   19808:	03d00713          	li	a4,61
   1980c:	0037861b          	addiw	a2,a5,3
   19810:	40f707bb          	subw	a5,a4,a5
   19814:	00c41433          	sll	s0,s0,a2
   19818:	00fc57b3          	srl	a5,s8,a5
   1981c:	0087e6b3          	or	a3,a5,s0
   19820:	00cc1433          	sll	s0,s8,a2
   19824:	7771                	lui	a4,0xffffc
   19826:	0745                	addi	a4,a4,17 # ffffffffffffc011 <__BSS_END__+0xfffffffffffde501>
   19828:	87a2                	mv	a5,s0
   1982a:	8f09                	sub	a4,a4,a0
   1982c:	8436                	mv	s0,a3
   1982e:	bf8d                	j	197a0 <__multf3+0x118>
   19830:	8562                	mv	a0,s8
   19832:	66f000ef          	jal	1a6a0 <__clzdi2>
   19836:	0405051b          	addiw	a0,a0,64
   1983a:	ff150793          	addi	a5,a0,-15
   1983e:	03c00713          	li	a4,60
   19842:	fcf753e3          	bge	a4,a5,19808 <__multf3+0x180>
   19846:	fc37879b          	addiw	a5,a5,-61
   1984a:	00fc16b3          	sll	a3,s8,a5
   1984e:	bfd9                	j	19824 <__multf3+0x19c>
   19850:	008c6633          	or	a2,s8,s0
   19854:	ce01                	beqz	a2,1986c <__multf3+0x1e4>
   19856:	82c5                	srli	a3,a3,0x11
   19858:	2701                	sext.w	a4,a4
   1985a:	488d                	li	a7,3
   1985c:	f486e3e3          	bltu	a3,s0,197a2 <__multf3+0x11a>
   19860:	44c1                	li	s1,16
   19862:	b781                	j	197a2 <__multf3+0x11a>
   19864:	4401                	li	s0,0
   19866:	4701                	li	a4,0
   19868:	4885                	li	a7,1
   1986a:	bf25                	j	197a2 <__multf3+0x11a>
   1986c:	4401                	li	s0,0
   1986e:	4781                	li	a5,0
   19870:	2701                	sext.w	a4,a4
   19872:	4889                	li	a7,2
   19874:	b73d                	j	197a2 <__multf3+0x11a>
   19876:	00d716b3          	sll	a3,a4,a3
   1987a:	5306f513          	andi	a0,a3,1328
   1987e:	e10d                	bnez	a0,198a0 <__multf3+0x218>
   19880:	2406f313          	andi	t1,a3,576
   19884:	3e031a63          	bnez	t1,19c78 <__multf3+0x5f0>
   19888:	0886f693          	andi	a3,a3,136
   1988c:	ce89                	beqz	a3,198a6 <__multf3+0x21e>
   1988e:	8652                	mv	a2,s4
   19890:	bf2d                	j	197ca <__multf3+0x142>
   19892:	473d                	li	a4,15
   19894:	3ee68863          	beq	a3,a4,19c84 <__multf3+0x5fc>
   19898:	472d                	li	a4,11
   1989a:	8656                	mv	a2,s5
   1989c:	fee689e3          	beq	a3,a4,1988e <__multf3+0x206>
   198a0:	844a                	mv	s0,s2
   198a2:	87de                	mv	a5,s7
   198a4:	b725                	j	197cc <__multf3+0x144>
   198a6:	008786b3          	add	a3,a5,s0
   198aa:	020bd513          	srli	a0,s7,0x20
   198ae:	0207d893          	srli	a7,a5,0x20
   198b2:	01790733          	add	a4,s2,s7
   198b6:	00f6bfb3          	sltu	t6,a3,a5
   198ba:	1b82                	slli	s7,s7,0x20
   198bc:	1782                	slli	a5,a5,0x20
   198be:	020bdb93          	srli	s7,s7,0x20
   198c2:	9381                	srli	a5,a5,0x20
   198c4:	03778eb3          	mul	t4,a5,s7
   198c8:	01273f33          	sltu	t5,a4,s2
   198cc:	02f507b3          	mul	a5,a0,a5
   198d0:	03150533          	mul	a0,a0,a7
   198d4:	037888b3          	mul	a7,a7,s7
   198d8:	00f88333          	add	t1,a7,a5
   198dc:	020ed893          	srli	a7,t4,0x20
   198e0:	989a                	add	a7,a7,t1
   198e2:	00f8f563          	bgeu	a7,a5,198ec <__multf3+0x264>
   198e6:	4785                	li	a5,1
   198e8:	1782                	slli	a5,a5,0x20
   198ea:	953e                	add	a0,a0,a5
   198ec:	0208de13          	srli	t3,a7,0x20
   198f0:	9e2a                	add	t3,t3,a0
   198f2:	1e82                	slli	t4,t4,0x20
   198f4:	02071313          	slli	t1,a4,0x20
   198f8:	02069513          	slli	a0,a3,0x20
   198fc:	02035313          	srli	t1,t1,0x20
   19900:	020ede93          	srli	t4,t4,0x20
   19904:	02075293          	srli	t0,a4,0x20
   19908:	0206d793          	srli	a5,a3,0x20
   1990c:	9101                	srli	a0,a0,0x20
   1990e:	1882                	slli	a7,a7,0x20
   19910:	98f6                	add	a7,a7,t4
   19912:	02650eb3          	mul	t4,a0,t1
   19916:	02a28533          	mul	a0,t0,a0
   1991a:	02f282b3          	mul	t0,t0,a5
   1991e:	026787b3          	mul	a5,a5,t1
   19922:	020ed313          	srli	t1,t4,0x20
   19926:	97aa                	add	a5,a5,a0
   19928:	933e                	add	t1,t1,a5
   1992a:	00a37563          	bgeu	t1,a0,19934 <__multf3+0x2ac>
   1992e:	4785                	li	a5,1
   19930:	1782                	slli	a5,a5,0x20
   19932:	92be                	add	t0,t0,a5
   19934:	02095393          	srli	t2,s2,0x20
   19938:	02045793          	srli	a5,s0,0x20
   1993c:	1902                	slli	s2,s2,0x20
   1993e:	1402                	slli	s0,s0,0x20
   19940:	02095913          	srli	s2,s2,0x20
   19944:	9001                	srli	s0,s0,0x20
   19946:	03240a33          	mul	s4,s0,s2
   1994a:	1e82                	slli	t4,t4,0x20
   1994c:	020ede93          	srli	t4,t4,0x20
   19950:	02035513          	srli	a0,t1,0x20
   19954:	1302                	slli	t1,t1,0x20
   19956:	9376                	add	t1,t1,t4
   19958:	02838433          	mul	s0,t2,s0
   1995c:	02f383b3          	mul	t2,t2,a5
   19960:	032787b3          	mul	a5,a5,s2
   19964:	00878eb3          	add	t4,a5,s0
   19968:	020a5793          	srli	a5,s4,0x20
   1996c:	97f6                	add	a5,a5,t4
   1996e:	0087f563          	bgeu	a5,s0,19978 <__multf3+0x2f0>
   19972:	4e85                	li	t4,1
   19974:	1e82                	slli	t4,t4,0x20
   19976:	93f6                	add	t2,t2,t4
   19978:	0207de93          	srli	t4,a5,0x20
   1997c:	9e9e                	add	t4,t4,t2
   1997e:	020a1393          	slli	t2,s4,0x20
   19982:	0203d393          	srli	t2,t2,0x20
   19986:	1782                	slli	a5,a5,0x20
   19988:	979e                	add	a5,a5,t2
   1998a:	41f003b3          	neg	t2,t6
   1998e:	00777733          	and	a4,a4,t2
   19992:	41e003b3          	neg	t2,t5
   19996:	0076f6b3          	and	a3,a3,t2
   1999a:	01c303b3          	add	t2,t1,t3
   1999e:	0063b333          	sltu	t1,t2,t1
   199a2:	951a                	add	a0,a0,t1
   199a4:	9516                	add	a0,a0,t0
   199a6:	01ff7f33          	and	t5,t5,t6
   199aa:	00653333          	sltu	t1,a0,t1
   199ae:	972a                	add	a4,a4,a0
   199b0:	937a                	add	t1,t1,t5
   199b2:	00a73533          	sltu	a0,a4,a0
   199b6:	9736                	add	a4,a4,a3
   199b8:	951a                	add	a0,a0,t1
   199ba:	00d736b3          	sltu	a3,a4,a3
   199be:	41c70fb3          	sub	t6,a4,t3
   199c2:	96aa                	add	a3,a3,a0
   199c4:	40ee0e33          	sub	t3,t3,a4
   199c8:	41138533          	sub	a0,t2,a7
   199cc:	00a3b333          	sltu	t1,t2,a0
   199d0:	001e3e13          	seqz	t3,t3
   199d4:	406f8f33          	sub	t5,t6,t1
   199d8:	01f73733          	sltu	a4,a4,t6
   199dc:	01c37333          	and	t1,t1,t3
   199e0:	00676733          	or	a4,a4,t1
   199e4:	40f50333          	sub	t1,a0,a5
   199e8:	00653533          	sltu	a0,a0,t1
   199ec:	41df0fb3          	sub	t6,t5,t4
   199f0:	40a78e33          	sub	t3,a5,a0
   199f4:	9e7e                	add	t3,t3,t6
   199f6:	8e99                	sub	a3,a3,a4
   199f8:	00fe3733          	sltu	a4,t3,a5
   199fc:	001fb793          	seqz	a5,t6
   19a00:	96f6                	add	a3,a3,t4
   19a02:	8d7d                	and	a0,a0,a5
   19a04:	01ff37b3          	sltu	a5,t5,t6
   19a08:	9736                	add	a4,a4,a3
   19a0a:	8fc9                	or	a5,a5,a0
   19a0c:	8f1d                	sub	a4,a4,a5
   19a0e:	00d31793          	slli	a5,t1,0xd
   19a12:	0117e7b3          	or	a5,a5,a7
   19a16:	00f037b3          	snez	a5,a5
   19a1a:	03335313          	srli	t1,t1,0x33
   19a1e:	0736                	slli	a4,a4,0xd
   19a20:	00de1693          	slli	a3,t3,0xd
   19a24:	0067e7b3          	or	a5,a5,t1
   19a28:	033e5413          	srli	s0,t3,0x33
   19a2c:	8fd5                	or	a5,a5,a3
   19a2e:	00b71693          	slli	a3,a4,0xb
   19a32:	8c59                	or	s0,s0,a4
   19a34:	0406d963          	bgez	a3,19a86 <__multf3+0x3fe>
   19a38:	0017d713          	srli	a4,a5,0x1
   19a3c:	8b85                	andi	a5,a5,1
   19a3e:	8f5d                	or	a4,a4,a5
   19a40:	03f41793          	slli	a5,s0,0x3f
   19a44:	8fd9                	or	a5,a5,a4
   19a46:	8005                	srli	s0,s0,0x1
   19a48:	6691                	lui	a3,0x4
   19a4a:	16fd                	addi	a3,a3,-1 # 3fff <exit-0xc121>
   19a4c:	96ae                	add	a3,a3,a1
   19a4e:	0cd05663          	blez	a3,19b1a <__multf3+0x492>
   19a52:	0077f713          	andi	a4,a5,7
   19a56:	cf1d                	beqz	a4,19a94 <__multf3+0x40c>
   19a58:	0014e493          	ori	s1,s1,1
   19a5c:	4709                	li	a4,2
   19a5e:	2481                	sext.w	s1,s1
   19a60:	02e98963          	beq	s3,a4,19a92 <__multf3+0x40a>
   19a64:	470d                	li	a4,3
   19a66:	02e98263          	beq	s3,a4,19a8a <__multf3+0x402>
   19a6a:	02099563          	bnez	s3,19a94 <__multf3+0x40c>
   19a6e:	00f7f713          	andi	a4,a5,15
   19a72:	4511                	li	a0,4
   19a74:	02a70063          	beq	a4,a0,19a94 <__multf3+0x40c>
   19a78:	00a78733          	add	a4,a5,a0
   19a7c:	00f73533          	sltu	a0,a4,a5
   19a80:	942a                	add	s0,s0,a0
   19a82:	87ba                	mv	a5,a4
   19a84:	a801                	j	19a94 <__multf3+0x40c>
   19a86:	85c2                	mv	a1,a6
   19a88:	b7c1                	j	19a48 <__multf3+0x3c0>
   19a8a:	e609                	bnez	a2,19a94 <__multf3+0x40c>
   19a8c:	00878713          	addi	a4,a5,8
   19a90:	b7f5                	j	19a7c <__multf3+0x3f4>
   19a92:	fe6d                	bnez	a2,19a8c <__multf3+0x404>
   19a94:	00b41713          	slli	a4,s0,0xb
   19a98:	00075863          	bgez	a4,19aa8 <__multf3+0x420>
   19a9c:	577d                	li	a4,-1
   19a9e:	1752                	slli	a4,a4,0x34
   19aa0:	177d                	addi	a4,a4,-1
   19aa2:	6691                	lui	a3,0x4
   19aa4:	8c79                	and	s0,s0,a4
   19aa6:	96ae                	add	a3,a3,a1
   19aa8:	65a1                	lui	a1,0x8
   19aaa:	ffe58713          	addi	a4,a1,-2 # 7ffe <exit-0x8122>
   19aae:	04d74063          	blt	a4,a3,19aee <__multf3+0x466>
   19ab2:	838d                	srli	a5,a5,0x3
   19ab4:	03d41513          	slli	a0,s0,0x3d
   19ab8:	8d5d                	or	a0,a0,a5
   19aba:	00345713          	srli	a4,s0,0x3
   19abe:	00f6161b          	slliw	a2,a2,0xf
   19ac2:	01071593          	slli	a1,a4,0x10
   19ac6:	8e55                	or	a2,a2,a3
   19ac8:	1642                	slli	a2,a2,0x30
   19aca:	81c1                	srli	a1,a1,0x10
   19acc:	8dd1                	or	a1,a1,a2
   19ace:	c099                	beqz	s1,19ad4 <__multf3+0x44c>
   19ad0:	0014a073          	csrs	fflags,s1
   19ad4:	60e6                	ld	ra,88(sp)
   19ad6:	6446                	ld	s0,80(sp)
   19ad8:	64a6                	ld	s1,72(sp)
   19ada:	6906                	ld	s2,64(sp)
   19adc:	79e2                	ld	s3,56(sp)
   19ade:	7a42                	ld	s4,48(sp)
   19ae0:	7aa2                	ld	s5,40(sp)
   19ae2:	7b02                	ld	s6,32(sp)
   19ae4:	6be2                	ld	s7,24(sp)
   19ae6:	6c42                	ld	s8,16(sp)
   19ae8:	6ca2                	ld	s9,8(sp)
   19aea:	6125                	addi	sp,sp,96
   19aec:	8082                	ret
   19aee:	4789                	li	a5,2
   19af0:	02f98363          	beq	s3,a5,19b16 <__multf3+0x48e>
   19af4:	478d                	li	a5,3
   19af6:	00f98863          	beq	s3,a5,19b06 <__multf3+0x47e>
   19afa:	00099763          	bnez	s3,19b08 <__multf3+0x480>
   19afe:	4501                	li	a0,0
   19b00:	fff58693          	addi	a3,a1,-1
   19b04:	a021                	j	19b0c <__multf3+0x484>
   19b06:	de65                	beqz	a2,19afe <__multf3+0x476>
   19b08:	557d                	li	a0,-1
   19b0a:	86ba                	mv	a3,a4
   19b0c:	0054e493          	ori	s1,s1,5
   19b10:	2481                	sext.w	s1,s1
   19b12:	872a                	mv	a4,a0
   19b14:	b76d                	j	19abe <__multf3+0x436>
   19b16:	f665                	bnez	a2,19afe <__multf3+0x476>
   19b18:	bfc5                	j	19b08 <__multf3+0x480>
   19b1a:	e2cd                	bnez	a3,19bbc <__multf3+0x534>
   19b1c:	0077f693          	andi	a3,a5,7
   19b20:	8722                	mv	a4,s0
   19b22:	ce85                	beqz	a3,19b5a <__multf3+0x4d2>
   19b24:	0014e493          	ori	s1,s1,1
   19b28:	4689                	li	a3,2
   19b2a:	2481                	sext.w	s1,s1
   19b2c:	02d98663          	beq	s3,a3,19b58 <__multf3+0x4d0>
   19b30:	468d                	li	a3,3
   19b32:	00d98f63          	beq	s3,a3,19b50 <__multf3+0x4c8>
   19b36:	02099263          	bnez	s3,19b5a <__multf3+0x4d2>
   19b3a:	00f7f693          	andi	a3,a5,15
   19b3e:	4591                	li	a1,4
   19b40:	00b68d63          	beq	a3,a1,19b5a <__multf3+0x4d2>
   19b44:	ffc7b713          	sltiu	a4,a5,-4
   19b48:	00173713          	seqz	a4,a4
   19b4c:	9722                	add	a4,a4,s0
   19b4e:	a031                	j	19b5a <__multf3+0x4d2>
   19b50:	e609                	bnez	a2,19b5a <__multf3+0x4d2>
   19b52:	ff87b713          	sltiu	a4,a5,-8
   19b56:	bfcd                	j	19b48 <__multf3+0x4c0>
   19b58:	fe6d                	bnez	a2,19b52 <__multf3+0x4ca>
   19b5a:	03475593          	srli	a1,a4,0x34
   19b5e:	8985                	andi	a1,a1,1
   19b60:	0015c593          	xori	a1,a1,1
   19b64:	4705                	li	a4,1
   19b66:	04000513          	li	a0,64
   19b6a:	9d19                	subw	a0,a0,a4
   19b6c:	00e7d833          	srl	a6,a5,a4
   19b70:	00a416b3          	sll	a3,s0,a0
   19b74:	00a79533          	sll	a0,a5,a0
   19b78:	0106e6b3          	or	a3,a3,a6
   19b7c:	00a03533          	snez	a0,a0
   19b80:	00a6e7b3          	or	a5,a3,a0
   19b84:	00e45733          	srl	a4,s0,a4
   19b88:	0077f693          	andi	a3,a5,7
   19b8c:	ceb5                	beqz	a3,19c08 <__multf3+0x580>
   19b8e:	0014e493          	ori	s1,s1,1
   19b92:	4689                	li	a3,2
   19b94:	2481                	sext.w	s1,s1
   19b96:	06d98863          	beq	s3,a3,19c06 <__multf3+0x57e>
   19b9a:	468d                	li	a3,3
   19b9c:	06d98163          	beq	s3,a3,19bfe <__multf3+0x576>
   19ba0:	06099463          	bnez	s3,19c08 <__multf3+0x580>
   19ba4:	00f7f693          	andi	a3,a5,15
   19ba8:	4511                	li	a0,4
   19baa:	04a68f63          	beq	a3,a0,19c08 <__multf3+0x580>
   19bae:	00a786b3          	add	a3,a5,a0
   19bb2:	00f6b533          	sltu	a0,a3,a5
   19bb6:	972a                	add	a4,a4,a0
   19bb8:	87b6                	mv	a5,a3
   19bba:	a0b9                	j	19c08 <__multf3+0x580>
   19bbc:	f8d00713          	li	a4,-115
   19bc0:	06e6cf63          	blt	a3,a4,19c3e <__multf3+0x5b6>
   19bc4:	4585                	li	a1,1
   19bc6:	fc200513          	li	a0,-62
   19bca:	40d58733          	sub	a4,a1,a3
   19bce:	f8a6dce3          	bge	a3,a0,19b66 <__multf3+0x4de>
   19bd2:	fc07059b          	addiw	a1,a4,-64
   19bd6:	fc100813          	li	a6,-63
   19bda:	00b455b3          	srl	a1,s0,a1
   19bde:	4501                	li	a0,0
   19be0:	01068763          	beq	a3,a6,19bee <__multf3+0x566>
   19be4:	08000513          	li	a0,128
   19be8:	9d19                	subw	a0,a0,a4
   19bea:	00a41533          	sll	a0,s0,a0
   19bee:	8d5d                	or	a0,a0,a5
   19bf0:	00a03533          	snez	a0,a0
   19bf4:	00a5e7b3          	or	a5,a1,a0
   19bf8:	4701                	li	a4,0
   19bfa:	4585                	li	a1,1
   19bfc:	b771                	j	19b88 <__multf3+0x500>
   19bfe:	e609                	bnez	a2,19c08 <__multf3+0x580>
   19c00:	00878693          	addi	a3,a5,8
   19c04:	b77d                	j	19bb2 <__multf3+0x52a>
   19c06:	fe6d                	bnez	a2,19c00 <__multf3+0x578>
   19c08:	00c71693          	slli	a3,a4,0xc
   19c0c:	0206d263          	bgez	a3,19c30 <__multf3+0x5a8>
   19c10:	0014e493          	ori	s1,s1,1
   19c14:	2481                	sext.w	s1,s1
   19c16:	4701                	li	a4,0
   19c18:	4501                	li	a0,0
   19c1a:	4685                	li	a3,1
   19c1c:	ea0581e3          	beqz	a1,19abe <__multf3+0x436>
   19c20:	0014f793          	andi	a5,s1,1
   19c24:	0017979b          	slliw	a5,a5,0x1
   19c28:	8fc5                	or	a5,a5,s1
   19c2a:	0007849b          	sext.w	s1,a5
   19c2e:	bd41                	j	19abe <__multf3+0x436>
   19c30:	03d71513          	slli	a0,a4,0x3d
   19c34:	838d                	srli	a5,a5,0x3
   19c36:	8d5d                	or	a0,a0,a5
   19c38:	830d                	srli	a4,a4,0x3
   19c3a:	4681                	li	a3,0
   19c3c:	b7c5                	j	19c1c <__multf3+0x594>
   19c3e:	00f46533          	or	a0,s0,a5
   19c42:	cd11                	beqz	a0,19c5e <__multf3+0x5d6>
   19c44:	4789                	li	a5,2
   19c46:	0014e493          	ori	s1,s1,1
   19c4a:	02f98463          	beq	s3,a5,19c72 <__multf3+0x5ea>
   19c4e:	478d                	li	a5,3
   19c50:	00f98d63          	beq	s3,a5,19c6a <__multf3+0x5e2>
   19c54:	4505                	li	a0,1
   19c56:	00099363          	bnez	s3,19c5c <__multf3+0x5d4>
   19c5a:	4515                	li	a0,5
   19c5c:	810d                	srli	a0,a0,0x3
   19c5e:	0024e493          	ori	s1,s1,2
   19c62:	2481                	sext.w	s1,s1
   19c64:	4701                	li	a4,0
   19c66:	4681                	li	a3,0
   19c68:	bd99                	j	19abe <__multf3+0x436>
   19c6a:	4525                	li	a0,9
   19c6c:	da65                	beqz	a2,19c5c <__multf3+0x5d4>
   19c6e:	4505                	li	a0,1
   19c70:	b7f5                	j	19c5c <__multf3+0x5d4>
   19c72:	4525                	li	a0,9
   19c74:	f665                	bnez	a2,19c5c <__multf3+0x5d4>
   19c76:	bfe5                	j	19c6e <__multf3+0x5e6>
   19c78:	66a1                	lui	a3,0x8
   19c7a:	173e                	slli	a4,a4,0x2f
   19c7c:	16fd                	addi	a3,a3,-1 # 7fff <exit-0x8121>
   19c7e:	4601                	li	a2,0
   19c80:	44c1                	li	s1,16
   19c82:	bd35                	j	19abe <__multf3+0x436>
   19c84:	4705                	li	a4,1
   19c86:	66a1                	lui	a3,0x8
   19c88:	173e                	slli	a4,a4,0x2f
   19c8a:	4501                	li	a0,0
   19c8c:	16fd                	addi	a3,a3,-1 # 7fff <exit-0x8121>
   19c8e:	4601                	li	a2,0
   19c90:	b53d                	j	19abe <__multf3+0x436>
   19c92:	66a1                	lui	a3,0x8
   19c94:	4701                	li	a4,0
   19c96:	4501                	li	a0,0
   19c98:	16fd                	addi	a3,a3,-1 # 7fff <exit-0x8121>
   19c9a:	b515                	j	19abe <__multf3+0x436>

0000000000019c9c <__subtf3>:
   19c9c:	7179                	addi	sp,sp,-48
   19c9e:	f406                	sd	ra,40(sp)
   19ca0:	f022                	sd	s0,32(sp)
   19ca2:	ec26                	sd	s1,24(sp)
   19ca4:	e84a                	sd	s2,16(sp)
   19ca6:	e44e                	sd	s3,8(sp)
   19ca8:	e052                	sd	s4,0(sp)
   19caa:	002029f3          	frrm	s3
   19cae:	577d                	li	a4,-1
   19cb0:	8341                	srli	a4,a4,0x10
   19cb2:	0305d813          	srli	a6,a1,0x30
   19cb6:	03f5d913          	srli	s2,a1,0x3f
   19cba:	8df9                	and	a1,a1,a4
   19cbc:	058e                	slli	a1,a1,0x3
   19cbe:	03d55313          	srli	t1,a0,0x3d
   19cc2:	67a1                	lui	a5,0x8
   19cc4:	17fd                	addi	a5,a5,-1 # 7fff <exit-0x8121>
   19cc6:	0306de93          	srli	t4,a3,0x30
   19cca:	00b36333          	or	t1,t1,a1
   19cce:	03f6d593          	srli	a1,a3,0x3f
   19cd2:	8ef9                	and	a3,a3,a4
   19cd4:	03d65e13          	srli	t3,a2,0x3d
   19cd8:	00f87833          	and	a6,a6,a5
   19cdc:	068e                	slli	a3,a3,0x3
   19cde:	00fefeb3          	and	t4,t4,a5
   19ce2:	2981                	sext.w	s3,s3
   19ce4:	84c2                	mv	s1,a6
   19ce6:	050e                	slli	a0,a0,0x3
   19ce8:	00de6e33          	or	t3,t3,a3
   19cec:	060e                	slli	a2,a2,0x3
   19cee:	00fe9563          	bne	t4,a5,19cf8 <__subtf3+0x5c>
   19cf2:	00ce67b3          	or	a5,t3,a2
   19cf6:	e399                	bnez	a5,19cfc <__subtf3+0x60>
   19cf8:	0015c593          	xori	a1,a1,1
   19cfc:	68a1                	lui	a7,0x8
   19cfe:	41d807bb          	subw	a5,a6,t4
   19d02:	18fd                	addi	a7,a7,-1 # 7fff <exit-0x8121>
   19d04:	33259963          	bne	a1,s2,1a036 <__subtf3+0x39a>
   19d08:	0ef05a63          	blez	a5,19dfc <__subtf3+0x160>
   19d0c:	060e9a63          	bnez	t4,19d80 <__subtf3+0xe4>
   19d10:	00ce6733          	or	a4,t3,a2
   19d14:	e711                	bnez	a4,19d20 <__subtf3+0x84>
   19d16:	862a                	mv	a2,a0
   19d18:	05180763          	beq	a6,a7,19d66 <__subtf3+0xca>
   19d1c:	4781                	li	a5,0
   19d1e:	a2dd                	j	19f04 <__subtf3+0x268>
   19d20:	37fd                	addiw	a5,a5,-1
   19d22:	e3a1                	bnez	a5,19d62 <__subtf3+0xc6>
   19d24:	962a                	add	a2,a2,a0
   19d26:	9e1a                	add	t3,t3,t1
   19d28:	00a63533          	sltu	a0,a2,a0
   19d2c:	00ae0333          	add	t1,t3,a0
   19d30:	00c31793          	slli	a5,t1,0xc
   19d34:	0207d563          	bgez	a5,19d5e <__subtf3+0xc2>
   19d38:	67a1                	lui	a5,0x8
   19d3a:	0485                	addi	s1,s1,1
   19d3c:	17fd                	addi	a5,a5,-1 # 7fff <exit-0x8121>
   19d3e:	2cf48863          	beq	s1,a5,1a00e <__subtf3+0x372>
   19d42:	57fd                	li	a5,-1
   19d44:	17ce                	slli	a5,a5,0x33
   19d46:	17fd                	addi	a5,a5,-1
   19d48:	00f377b3          	and	a5,t1,a5
   19d4c:	00165713          	srli	a4,a2,0x1
   19d50:	8a05                	andi	a2,a2,1
   19d52:	8f51                	or	a4,a4,a2
   19d54:	03f79613          	slli	a2,a5,0x3f
   19d58:	8e59                	or	a2,a2,a4
   19d5a:	0017d313          	srli	t1,a5,0x1
   19d5e:	4781                	li	a5,0
   19d60:	aca1                	j	19fb8 <__subtf3+0x31c>
   19d62:	03181563          	bne	a6,a7,19d8c <__subtf3+0xf0>
   19d66:	00a36633          	or	a2,t1,a0
   19d6a:	70060063          	beqz	a2,1a46a <__subtf3+0x7ce>
   19d6e:	03235793          	srli	a5,t1,0x32
   19d72:	8b85                	andi	a5,a5,1
   19d74:	0017c793          	xori	a5,a5,1
   19d78:	0047979b          	slliw	a5,a5,0x4
   19d7c:	862a                	mv	a2,a0
   19d7e:	a259                	j	19f04 <__subtf3+0x268>
   19d80:	ff1803e3          	beq	a6,a7,19d66 <__subtf3+0xca>
   19d84:	4705                	li	a4,1
   19d86:	174e                	slli	a4,a4,0x33
   19d88:	00ee6e33          	or	t3,t3,a4
   19d8c:	07400713          	li	a4,116
   19d90:	06f74163          	blt	a4,a5,19df2 <__subtf3+0x156>
   19d94:	03f00713          	li	a4,63
   19d98:	02f74963          	blt	a4,a5,19dca <__subtf3+0x12e>
   19d9c:	04000693          	li	a3,64
   19da0:	9e9d                	subw	a3,a3,a5
   19da2:	00de1733          	sll	a4,t3,a3
   19da6:	00f655b3          	srl	a1,a2,a5
   19daa:	00d616b3          	sll	a3,a2,a3
   19dae:	8f4d                	or	a4,a4,a1
   19db0:	00d036b3          	snez	a3,a3
   19db4:	8f55                	or	a4,a4,a3
   19db6:	00fe57b3          	srl	a5,t3,a5
   19dba:	00a70633          	add	a2,a4,a0
   19dbe:	979a                	add	a5,a5,t1
   19dc0:	00e63733          	sltu	a4,a2,a4
   19dc4:	00e78333          	add	t1,a5,a4
   19dc8:	b7a5                	j	19d30 <__subtf3+0x94>
   19dca:	fc07871b          	addiw	a4,a5,-64
   19dce:	04000593          	li	a1,64
   19dd2:	00ee5733          	srl	a4,t3,a4
   19dd6:	4681                	li	a3,0
   19dd8:	00b78763          	beq	a5,a1,19de6 <__subtf3+0x14a>
   19ddc:	08000693          	li	a3,128
   19de0:	9e9d                	subw	a3,a3,a5
   19de2:	00de16b3          	sll	a3,t3,a3
   19de6:	8ed1                	or	a3,a3,a2
   19de8:	00d036b3          	snez	a3,a3
   19dec:	8f55                	or	a4,a4,a3
   19dee:	4781                	li	a5,0
   19df0:	b7e9                	j	19dba <__subtf3+0x11e>
   19df2:	00ce6733          	or	a4,t3,a2
   19df6:	00e03733          	snez	a4,a4
   19dfa:	bfd5                	j	19dee <__subtf3+0x152>
   19dfc:	c7e1                	beqz	a5,19ec4 <__subtf3+0x228>
   19dfe:	08081163          	bnez	a6,19e80 <__subtf3+0x1e4>
   19e02:	00a36733          	or	a4,t1,a0
   19e06:	e30d                	bnez	a4,19e28 <__subtf3+0x18c>
   19e08:	671e9363          	bne	t4,a7,1a46e <__subtf3+0x7d2>
   19e0c:	00ce6333          	or	t1,t3,a2
   19e10:	66030363          	beqz	t1,1a476 <__subtf3+0x7da>
   19e14:	032e5793          	srli	a5,t3,0x32
   19e18:	8b85                	andi	a5,a5,1
   19e1a:	0017c793          	xori	a5,a5,1
   19e1e:	0047979b          	slliw	a5,a5,0x4
   19e22:	8372                	mv	t1,t3
   19e24:	84f6                	mv	s1,t4
   19e26:	a8f9                	j	19f04 <__subtf3+0x268>
   19e28:	fff7c793          	not	a5,a5
   19e2c:	2781                	sext.w	a5,a5
   19e2e:	eb89                	bnez	a5,19e40 <__subtf3+0x1a4>
   19e30:	962a                	add	a2,a2,a0
   19e32:	9e1a                	add	t3,t3,t1
   19e34:	00a63533          	sltu	a0,a2,a0
   19e38:	00ae0333          	add	t1,t3,a0
   19e3c:	84f6                	mv	s1,t4
   19e3e:	bdcd                	j	19d30 <__subtf3+0x94>
   19e40:	fd1e86e3          	beq	t4,a7,19e0c <__subtf3+0x170>
   19e44:	07400713          	li	a4,116
   19e48:	06f74963          	blt	a4,a5,19eba <__subtf3+0x21e>
   19e4c:	03f00713          	li	a4,63
   19e50:	04f74163          	blt	a4,a5,19e92 <__subtf3+0x1f6>
   19e54:	04000693          	li	a3,64
   19e58:	9e9d                	subw	a3,a3,a5
   19e5a:	00d31733          	sll	a4,t1,a3
   19e5e:	00f555b3          	srl	a1,a0,a5
   19e62:	00d516b3          	sll	a3,a0,a3
   19e66:	8f4d                	or	a4,a4,a1
   19e68:	00d036b3          	snez	a3,a3
   19e6c:	8f55                	or	a4,a4,a3
   19e6e:	00f357b3          	srl	a5,t1,a5
   19e72:	963a                	add	a2,a2,a4
   19e74:	97f2                	add	a5,a5,t3
   19e76:	00e63733          	sltu	a4,a2,a4
   19e7a:	00e78333          	add	t1,a5,a4
   19e7e:	bf7d                	j	19e3c <__subtf3+0x1a0>
   19e80:	f91e86e3          	beq	t4,a7,19e0c <__subtf3+0x170>
   19e84:	4705                	li	a4,1
   19e86:	174e                	slli	a4,a4,0x33
   19e88:	40f007bb          	negw	a5,a5
   19e8c:	00e36333          	or	t1,t1,a4
   19e90:	bf55                	j	19e44 <__subtf3+0x1a8>
   19e92:	fc07871b          	addiw	a4,a5,-64
   19e96:	04000593          	li	a1,64
   19e9a:	00e35733          	srl	a4,t1,a4
   19e9e:	4681                	li	a3,0
   19ea0:	00b78763          	beq	a5,a1,19eae <__subtf3+0x212>
   19ea4:	08000693          	li	a3,128
   19ea8:	9e9d                	subw	a3,a3,a5
   19eaa:	00d316b3          	sll	a3,t1,a3
   19eae:	8ec9                	or	a3,a3,a0
   19eb0:	00d036b3          	snez	a3,a3
   19eb4:	8f55                	or	a4,a4,a3
   19eb6:	4781                	li	a5,0
   19eb8:	bf6d                	j	19e72 <__subtf3+0x1d6>
   19eba:	00a36733          	or	a4,t1,a0
   19ebe:	00e03733          	snez	a4,a4
   19ec2:	bfd5                	j	19eb6 <__subtf3+0x21a>
   19ec4:	00180713          	addi	a4,a6,1
   19ec8:	03171693          	slli	a3,a4,0x31
   19ecc:	92c9                	srli	a3,a3,0x32
   19ece:	e6f9                	bnez	a3,19f9c <__subtf3+0x300>
   19ed0:	00a36733          	or	a4,t1,a0
   19ed4:	08081363          	bnez	a6,19f5a <__subtf3+0x2be>
   19ed8:	4e070663          	beqz	a4,1a3c4 <__subtf3+0x728>
   19edc:	00ce6733          	or	a4,t3,a2
   19ee0:	4e070663          	beqz	a4,1a3cc <__subtf3+0x730>
   19ee4:	962a                	add	a2,a2,a0
   19ee6:	9e1a                	add	t3,t3,t1
   19ee8:	00a63533          	sltu	a0,a2,a0
   19eec:	00ae0333          	add	t1,t3,a0
   19ef0:	00c31713          	slli	a4,t1,0xc
   19ef4:	40075863          	bgez	a4,1a304 <__subtf3+0x668>
   19ef8:	577d                	li	a4,-1
   19efa:	174e                	slli	a4,a4,0x33
   19efc:	177d                	addi	a4,a4,-1
   19efe:	00e37333          	and	t1,t1,a4
   19f02:	4485                	li	s1,1
   19f04:	6721                	lui	a4,0x8
   19f06:	03d31513          	slli	a0,t1,0x3d
   19f0a:	820d                	srli	a2,a2,0x3
   19f0c:	177d                	addi	a4,a4,-1 # 7fff <exit-0x8121>
   19f0e:	8d51                	or	a0,a0,a2
   19f10:	00335313          	srli	t1,t1,0x3
   19f14:	00e49a63          	bne	s1,a4,19f28 <__subtf3+0x28c>
   19f18:	00656533          	or	a0,a0,t1
   19f1c:	4301                	li	t1,0
   19f1e:	c509                	beqz	a0,19f28 <__subtf3+0x28c>
   19f20:	4305                	li	t1,1
   19f22:	133e                	slli	t1,t1,0x2f
   19f24:	4501                	li	a0,0
   19f26:	4901                	li	s2,0
   19f28:	03149713          	slli	a4,s1,0x31
   19f2c:	00197913          	andi	s2,s2,1
   19f30:	9345                	srli	a4,a4,0x31
   19f32:	093e                	slli	s2,s2,0xf
   19f34:	01031593          	slli	a1,t1,0x10
   19f38:	00e96933          	or	s2,s2,a4
   19f3c:	1942                	slli	s2,s2,0x30
   19f3e:	81c1                	srli	a1,a1,0x10
   19f40:	0125e5b3          	or	a1,a1,s2
   19f44:	c399                	beqz	a5,19f4a <__subtf3+0x2ae>
   19f46:	0017a073          	csrs	fflags,a5
   19f4a:	70a2                	ld	ra,40(sp)
   19f4c:	7402                	ld	s0,32(sp)
   19f4e:	64e2                	ld	s1,24(sp)
   19f50:	6942                	ld	s2,16(sp)
   19f52:	69a2                	ld	s3,8(sp)
   19f54:	6a02                	ld	s4,0(sp)
   19f56:	6145                	addi	sp,sp,48
   19f58:	8082                	ret
   19f5a:	03181563          	bne	a6,a7,19f84 <__subtf3+0x2e8>
   19f5e:	c31d                	beqz	a4,19f84 <__subtf3+0x2e8>
   19f60:	03235793          	srli	a5,t1,0x32
   19f64:	8b85                	andi	a5,a5,1
   19f66:	0017c793          	xori	a5,a5,1
   19f6a:	0047979b          	slliw	a5,a5,0x4
   19f6e:	030e9163          	bne	t4,a6,19f90 <__subtf3+0x2f4>
   19f72:	00ce66b3          	or	a3,t3,a2
   19f76:	ca99                	beqz	a3,19f8c <__subtf3+0x2f0>
   19f78:	00de1693          	slli	a3,t3,0xd
   19f7c:	0006c863          	bltz	a3,19f8c <__subtf3+0x2f0>
   19f80:	47c1                	li	a5,16
   19f82:	a029                	j	19f8c <__subtf3+0x2f0>
   19f84:	66a1                	lui	a3,0x8
   19f86:	16fd                	addi	a3,a3,-1 # 7fff <exit-0x8121>
   19f88:	fede85e3          	beq	t4,a3,19f72 <__subtf3+0x2d6>
   19f8c:	2e070263          	beqz	a4,1a270 <__subtf3+0x5d4>
   19f90:	00ce6e33          	or	t3,t3,a2
   19f94:	2e0e1563          	bnez	t3,1a27e <__subtf3+0x5e2>
   19f98:	862a                	mv	a2,a0
   19f9a:	ace1                	j	1a272 <__subtf3+0x5d6>
   19f9c:	03170063          	beq	a4,a7,19fbc <__subtf3+0x320>
   19fa0:	962a                	add	a2,a2,a0
   19fa2:	9e1a                	add	t3,t3,t1
   19fa4:	00a63533          	sltu	a0,a2,a0
   19fa8:	9e2a                	add	t3,t3,a0
   19faa:	03fe1693          	slli	a3,t3,0x3f
   19fae:	8205                	srli	a2,a2,0x1
   19fb0:	8e55                	or	a2,a2,a3
   19fb2:	001e5313          	srli	t1,t3,0x1
   19fb6:	84ba                	mv	s1,a4
   19fb8:	4701                	li	a4,0
   19fba:	ae49                	j	1a34c <__subtf3+0x6b0>
   19fbc:	4a098563          	beqz	s3,1a466 <__subtf3+0x7ca>
   19fc0:	468d                	li	a3,3
   19fc2:	02d99a63          	bne	s3,a3,19ff6 <__subtf3+0x35a>
   19fc6:	4a090063          	beqz	s2,1a466 <__subtf3+0x7ca>
   19fca:	64a1                	lui	s1,0x8
   19fcc:	14f9                	addi	s1,s1,-2 # 7ffe <exit-0x8122>
   19fce:	567d                	li	a2,-1
   19fd0:	8332                	mv	t1,a2
   19fd2:	4715                	li	a4,5
   19fd4:	468d                	li	a3,3
   19fd6:	40d98d63          	beq	s3,a3,1a3f0 <__subtf3+0x754>
   19fda:	42099363          	bnez	s3,1a400 <__subtf3+0x764>
   19fde:	00f67693          	andi	a3,a2,15
   19fe2:	4591                	li	a1,4
   19fe4:	40b68e63          	beq	a3,a1,1a400 <__subtf3+0x764>
   19fe8:	00b606b3          	add	a3,a2,a1
   19fec:	00c6b5b3          	sltu	a1,a3,a2
   19ff0:	932e                	add	t1,t1,a1
   19ff2:	8636                	mv	a2,a3
   19ff4:	a131                	j	1a400 <__subtf3+0x764>
   19ff6:	4789                	li	a5,2
   19ff8:	42f99a63          	bne	s3,a5,1a42c <__subtf3+0x790>
   19ffc:	46091563          	bnez	s2,1a466 <__subtf3+0x7ca>
   1a000:	64a1                	lui	s1,0x8
   1a002:	567d                	li	a2,-1
   1a004:	14f9                	addi	s1,s1,-2 # 7ffe <exit-0x8122>
   1a006:	8332                	mv	t1,a2
   1a008:	4715                	li	a4,5
   1a00a:	87ba                	mv	a5,a4
   1a00c:	a109                	j	1a40e <__subtf3+0x772>
   1a00e:	02098063          	beqz	s3,1a02e <__subtf3+0x392>
   1a012:	478d                	li	a5,3
   1a014:	00f99863          	bne	s3,a5,1a024 <__subtf3+0x388>
   1a018:	00090b63          	beqz	s2,1a02e <__subtf3+0x392>
   1a01c:	64a1                	lui	s1,0x8
   1a01e:	14f9                	addi	s1,s1,-2 # 7ffe <exit-0x8122>
   1a020:	4781                	li	a5,0
   1a022:	b775                	j	19fce <__subtf3+0x332>
   1a024:	4789                	li	a5,2
   1a026:	40f99363          	bne	s3,a5,1a42c <__subtf3+0x790>
   1a02a:	fc090be3          	beqz	s2,1a000 <__subtf3+0x364>
   1a02e:	4301                	li	t1,0
   1a030:	4601                	li	a2,0
   1a032:	4795                	li	a5,5
   1a034:	bdc1                	j	19f04 <__subtf3+0x268>
   1a036:	0af05d63          	blez	a5,1a0f0 <__subtf3+0x454>
   1a03a:	060e9b63          	bnez	t4,1a0b0 <__subtf3+0x414>
   1a03e:	00ce6733          	or	a4,t3,a2
   1a042:	cc070ae3          	beqz	a4,19d16 <__subtf3+0x7a>
   1a046:	37fd                	addiw	a5,a5,-1
   1a048:	e395                	bnez	a5,1a06c <__subtf3+0x3d0>
   1a04a:	40c50633          	sub	a2,a0,a2
   1a04e:	41c30e33          	sub	t3,t1,t3
   1a052:	00c53533          	sltu	a0,a0,a2
   1a056:	40ae0333          	sub	t1,t3,a0
   1a05a:	00c31793          	slli	a5,t1,0xc
   1a05e:	d007d0e3          	bgez	a5,19d5e <__subtf3+0xc2>
   1a062:	00d31413          	slli	s0,t1,0xd
   1a066:	8035                	srli	s0,s0,0xd
   1a068:	8a32                	mv	s4,a2
   1a06a:	a499                	j	1a2b0 <__subtf3+0x614>
   1a06c:	cf180de3          	beq	a6,a7,19d66 <__subtf3+0xca>
   1a070:	07400713          	li	a4,116
   1a074:	06f74963          	blt	a4,a5,1a0e6 <__subtf3+0x44a>
   1a078:	03f00713          	li	a4,63
   1a07c:	04f74163          	blt	a4,a5,1a0be <__subtf3+0x422>
   1a080:	04000693          	li	a3,64
   1a084:	9e9d                	subw	a3,a3,a5
   1a086:	00de1733          	sll	a4,t3,a3
   1a08a:	00f655b3          	srl	a1,a2,a5
   1a08e:	00d616b3          	sll	a3,a2,a3
   1a092:	8f4d                	or	a4,a4,a1
   1a094:	00d036b3          	snez	a3,a3
   1a098:	8f55                	or	a4,a4,a3
   1a09a:	00fe57b3          	srl	a5,t3,a5
   1a09e:	40e50633          	sub	a2,a0,a4
   1a0a2:	40f307b3          	sub	a5,t1,a5
   1a0a6:	00c53533          	sltu	a0,a0,a2
   1a0aa:	40a78333          	sub	t1,a5,a0
   1a0ae:	b775                	j	1a05a <__subtf3+0x3be>
   1a0b0:	cb180be3          	beq	a6,a7,19d66 <__subtf3+0xca>
   1a0b4:	4705                	li	a4,1
   1a0b6:	174e                	slli	a4,a4,0x33
   1a0b8:	00ee6e33          	or	t3,t3,a4
   1a0bc:	bf55                	j	1a070 <__subtf3+0x3d4>
   1a0be:	fc07871b          	addiw	a4,a5,-64
   1a0c2:	04000593          	li	a1,64
   1a0c6:	00ee5733          	srl	a4,t3,a4
   1a0ca:	4681                	li	a3,0
   1a0cc:	00b78763          	beq	a5,a1,1a0da <__subtf3+0x43e>
   1a0d0:	08000693          	li	a3,128
   1a0d4:	9e9d                	subw	a3,a3,a5
   1a0d6:	00de16b3          	sll	a3,t3,a3
   1a0da:	8ed1                	or	a3,a3,a2
   1a0dc:	00d036b3          	snez	a3,a3
   1a0e0:	8f55                	or	a4,a4,a3
   1a0e2:	4781                	li	a5,0
   1a0e4:	bf6d                	j	1a09e <__subtf3+0x402>
   1a0e6:	00ce6733          	or	a4,t3,a2
   1a0ea:	00e03733          	snez	a4,a4
   1a0ee:	bfd5                	j	1a0e2 <__subtf3+0x446>
   1a0f0:	cfe1                	beqz	a5,1a1c8 <__subtf3+0x52c>
   1a0f2:	08081963          	bnez	a6,1a184 <__subtf3+0x4e8>
   1a0f6:	00a36733          	or	a4,t1,a0
   1a0fa:	e30d                	bnez	a4,1a11c <__subtf3+0x480>
   1a0fc:	892e                	mv	s2,a1
   1a0fe:	371e9863          	bne	t4,a7,1a46e <__subtf3+0x7d2>
   1a102:	00ce6333          	or	t1,t3,a2
   1a106:	36030763          	beqz	t1,1a474 <__subtf3+0x7d8>
   1a10a:	032e5793          	srli	a5,t3,0x32
   1a10e:	8b85                	andi	a5,a5,1
   1a110:	0017c793          	xori	a5,a5,1
   1a114:	0047979b          	slliw	a5,a5,0x4
   1a118:	892e                	mv	s2,a1
   1a11a:	b321                	j	19e22 <__subtf3+0x186>
   1a11c:	fff7c793          	not	a5,a5
   1a120:	2781                	sext.w	a5,a5
   1a122:	ef89                	bnez	a5,1a13c <__subtf3+0x4a0>
   1a124:	40a60533          	sub	a0,a2,a0
   1a128:	00a637b3          	sltu	a5,a2,a0
   1a12c:	406e0e33          	sub	t3,t3,t1
   1a130:	862a                	mv	a2,a0
   1a132:	40fe0333          	sub	t1,t3,a5
   1a136:	84f6                	mv	s1,t4
   1a138:	892e                	mv	s2,a1
   1a13a:	b705                	j	1a05a <__subtf3+0x3be>
   1a13c:	fd1e83e3          	beq	t4,a7,1a102 <__subtf3+0x466>
   1a140:	07400713          	li	a4,116
   1a144:	06f74d63          	blt	a4,a5,1a1be <__subtf3+0x522>
   1a148:	03f00713          	li	a4,63
   1a14c:	04f74563          	blt	a4,a5,1a196 <__subtf3+0x4fa>
   1a150:	04000693          	li	a3,64
   1a154:	9e9d                	subw	a3,a3,a5
   1a156:	00d31733          	sll	a4,t1,a3
   1a15a:	00f55833          	srl	a6,a0,a5
   1a15e:	00d516b3          	sll	a3,a0,a3
   1a162:	01076733          	or	a4,a4,a6
   1a166:	00d036b3          	snez	a3,a3
   1a16a:	8f55                	or	a4,a4,a3
   1a16c:	00f357b3          	srl	a5,t1,a5
   1a170:	40e60733          	sub	a4,a2,a4
   1a174:	00e63333          	sltu	t1,a2,a4
   1a178:	40fe07b3          	sub	a5,t3,a5
   1a17c:	863a                	mv	a2,a4
   1a17e:	40678333          	sub	t1,a5,t1
   1a182:	bf55                	j	1a136 <__subtf3+0x49a>
   1a184:	f71e8fe3          	beq	t4,a7,1a102 <__subtf3+0x466>
   1a188:	4705                	li	a4,1
   1a18a:	174e                	slli	a4,a4,0x33
   1a18c:	40f007bb          	negw	a5,a5
   1a190:	00e36333          	or	t1,t1,a4
   1a194:	b775                	j	1a140 <__subtf3+0x4a4>
   1a196:	fc07871b          	addiw	a4,a5,-64
   1a19a:	04000813          	li	a6,64
   1a19e:	00e35733          	srl	a4,t1,a4
   1a1a2:	4681                	li	a3,0
   1a1a4:	01078763          	beq	a5,a6,1a1b2 <__subtf3+0x516>
   1a1a8:	08000693          	li	a3,128
   1a1ac:	9e9d                	subw	a3,a3,a5
   1a1ae:	00d316b3          	sll	a3,t1,a3
   1a1b2:	8ec9                	or	a3,a3,a0
   1a1b4:	00d036b3          	snez	a3,a3
   1a1b8:	8f55                	or	a4,a4,a3
   1a1ba:	4781                	li	a5,0
   1a1bc:	bf55                	j	1a170 <__subtf3+0x4d4>
   1a1be:	00a36733          	or	a4,t1,a0
   1a1c2:	00e03733          	snez	a4,a4
   1a1c6:	bfd5                	j	1a1ba <__subtf3+0x51e>
   1a1c8:	00180713          	addi	a4,a6,1
   1a1cc:	03171693          	slli	a3,a4,0x31
   1a1d0:	92c9                	srli	a3,a3,0x32
   1a1d2:	eadd                	bnez	a3,1a288 <__subtf3+0x5ec>
   1a1d4:	00ce6733          	or	a4,t3,a2
   1a1d8:	00a366b3          	or	a3,t1,a0
   1a1dc:	04081f63          	bnez	a6,1a23a <__subtf3+0x59e>
   1a1e0:	ea91                	bnez	a3,1a1f4 <__subtf3+0x558>
   1a1e2:	1e071363          	bnez	a4,1a3c8 <__subtf3+0x72c>
   1a1e6:	ffe98913          	addi	s2,s3,-2
   1a1ea:	00193913          	seqz	s2,s2
   1a1ee:	4301                	li	t1,0
   1a1f0:	4601                	li	a2,0
   1a1f2:	bb09                	j	19f04 <__subtf3+0x268>
   1a1f4:	1c070c63          	beqz	a4,1a3cc <__subtf3+0x730>
   1a1f8:	40c506b3          	sub	a3,a0,a2
   1a1fc:	00d53833          	sltu	a6,a0,a3
   1a200:	41c30733          	sub	a4,t1,t3
   1a204:	41070733          	sub	a4,a4,a6
   1a208:	00c71813          	slli	a6,a4,0xc
   1a20c:	00085d63          	bgez	a6,1a226 <__subtf3+0x58a>
   1a210:	40a60533          	sub	a0,a2,a0
   1a214:	00a637b3          	sltu	a5,a2,a0
   1a218:	406e0e33          	sub	t3,t3,t1
   1a21c:	862a                	mv	a2,a0
   1a21e:	40fe0333          	sub	t1,t3,a5
   1a222:	892e                	mv	s2,a1
   1a224:	a0c5                	j	1a304 <__subtf3+0x668>
   1a226:	00e6e633          	or	a2,a3,a4
   1a22a:	1a061363          	bnez	a2,1a3d0 <__subtf3+0x734>
   1a22e:	ffe98913          	addi	s2,s3,-2
   1a232:	00193913          	seqz	s2,s2
   1a236:	4301                	li	t1,0
   1a238:	b1f1                	j	19f04 <__subtf3+0x268>
   1a23a:	03181563          	bne	a6,a7,1a264 <__subtf3+0x5c8>
   1a23e:	24068a63          	beqz	a3,1a492 <__subtf3+0x7f6>
   1a242:	03235793          	srli	a5,t1,0x32
   1a246:	8b85                	andi	a5,a5,1
   1a248:	0017c793          	xori	a5,a5,1
   1a24c:	0047979b          	slliw	a5,a5,0x4
   1a250:	030e9563          	bne	t4,a6,1a27a <__subtf3+0x5de>
   1a254:	cb11                	beqz	a4,1a268 <__subtf3+0x5cc>
   1a256:	00de1813          	slli	a6,t3,0xd
   1a25a:	00084763          	bltz	a6,1a268 <__subtf3+0x5cc>
   1a25e:	47c1                	li	a5,16
   1a260:	c699                	beqz	a3,1a26e <__subtf3+0x5d2>
   1a262:	a831                	j	1a27e <__subtf3+0x5e2>
   1a264:	ff1e88e3          	beq	t4,a7,1a254 <__subtf3+0x5b8>
   1a268:	ea89                	bnez	a3,1a27a <__subtf3+0x5de>
   1a26a:	20070863          	beqz	a4,1a47a <__subtf3+0x7de>
   1a26e:	892e                	mv	s2,a1
   1a270:	8372                	mv	t1,t3
   1a272:	6721                	lui	a4,0x8
   1a274:	fff70493          	addi	s1,a4,-1 # 7fff <exit-0x8121>
   1a278:	b171                	j	19f04 <__subtf3+0x268>
   1a27a:	d0070fe3          	beqz	a4,19f98 <__subtf3+0x2fc>
   1a27e:	4305                	li	t1,1
   1a280:	4901                	li	s2,0
   1a282:	134a                	slli	t1,t1,0x32
   1a284:	4601                	li	a2,0
   1a286:	b7f5                	j	1a272 <__subtf3+0x5d6>
   1a288:	40c50733          	sub	a4,a0,a2
   1a28c:	00e536b3          	sltu	a3,a0,a4
   1a290:	41c30433          	sub	s0,t1,t3
   1a294:	8c15                	sub	s0,s0,a3
   1a296:	00c41693          	slli	a3,s0,0xc
   1a29a:	8a3a                	mv	s4,a4
   1a29c:	0c06d063          	bgez	a3,1a35c <__subtf3+0x6c0>
   1a2a0:	40a60a33          	sub	s4,a2,a0
   1a2a4:	406e0433          	sub	s0,t3,t1
   1a2a8:	01463633          	sltu	a2,a2,s4
   1a2ac:	8c11                	sub	s0,s0,a2
   1a2ae:	892e                	mv	s2,a1
   1a2b0:	c061                	beqz	s0,1a370 <__subtf3+0x6d4>
   1a2b2:	8522                	mv	a0,s0
   1a2b4:	3ec000ef          	jal	1a6a0 <__clzdi2>
   1a2b8:	ff45061b          	addiw	a2,a0,-12
   1a2bc:	04000313          	li	t1,64
   1a2c0:	40c3033b          	subw	t1,t1,a2
   1a2c4:	00c41433          	sll	s0,s0,a2
   1a2c8:	006a5333          	srl	t1,s4,t1
   1a2cc:	00836333          	or	t1,t1,s0
   1a2d0:	00ca1433          	sll	s0,s4,a2
   1a2d4:	0e964063          	blt	a2,s1,1a3b4 <__subtf3+0x718>
   1a2d8:	9e05                	subw	a2,a2,s1
   1a2da:	0016071b          	addiw	a4,a2,1 # 8001 <exit-0x811f>
   1a2de:	03f00793          	li	a5,63
   1a2e2:	0ae7c563          	blt	a5,a4,1a38c <__subtf3+0x6f0>
   1a2e6:	04000793          	li	a5,64
   1a2ea:	9f99                	subw	a5,a5,a4
   1a2ec:	00f31633          	sll	a2,t1,a5
   1a2f0:	00e456b3          	srl	a3,s0,a4
   1a2f4:	00f417b3          	sll	a5,s0,a5
   1a2f8:	8e55                	or	a2,a2,a3
   1a2fa:	00f037b3          	snez	a5,a5
   1a2fe:	8e5d                	or	a2,a2,a5
   1a300:	00e35333          	srl	t1,t1,a4
   1a304:	00c367b3          	or	a5,t1,a2
   1a308:	18078263          	beqz	a5,1a48c <__subtf3+0x7f0>
   1a30c:	00161693          	slli	a3,a2,0x1
   1a310:	03f65713          	srli	a4,a2,0x3f
   1a314:	00131793          	slli	a5,t1,0x1
   1a318:	0076f593          	andi	a1,a3,7
   1a31c:	97ba                	add	a5,a5,a4
   1a31e:	4701                	li	a4,0
   1a320:	c18d                	beqz	a1,1a342 <__subtf3+0x6a6>
   1a322:	4709                	li	a4,2
   1a324:	0ce98263          	beq	s3,a4,1a3e8 <__subtf3+0x74c>
   1a328:	470d                	li	a4,3
   1a32a:	0ae98663          	beq	s3,a4,1a3d6 <__subtf3+0x73a>
   1a32e:	4705                	li	a4,1
   1a330:	00099963          	bnez	s3,1a342 <__subtf3+0x6a6>
   1a334:	00f6f593          	andi	a1,a3,15
   1a338:	4511                	li	a0,4
   1a33a:	ffc6b693          	sltiu	a3,a3,-4
   1a33e:	0aa59163          	bne	a1,a0,1a3e0 <__subtf3+0x744>
   1a342:	93d1                	srli	a5,a5,0x34
   1a344:	8b85                	andi	a5,a5,1
   1a346:	0017c793          	xori	a5,a5,1
   1a34a:	4481                	li	s1,0
   1a34c:	00767693          	andi	a3,a2,7
   1a350:	cac5                	beqz	a3,1a400 <__subtf3+0x764>
   1a352:	4709                	li	a4,2
   1a354:	0ae98363          	beq	s3,a4,1a3fa <__subtf3+0x75e>
   1a358:	4705                	li	a4,1
   1a35a:	b9ad                	j	19fd4 <__subtf3+0x338>
   1a35c:	00876633          	or	a2,a4,s0
   1a360:	fa21                	bnez	a2,1a2b0 <__subtf3+0x614>
   1a362:	ffe98913          	addi	s2,s3,-2
   1a366:	00193913          	seqz	s2,s2
   1a36a:	4301                	li	t1,0
   1a36c:	4481                	li	s1,0
   1a36e:	be59                	j	19f04 <__subtf3+0x268>
   1a370:	8552                	mv	a0,s4
   1a372:	32e000ef          	jal	1a6a0 <__clzdi2>
   1a376:	0345061b          	addiw	a2,a0,52
   1a37a:	03f00793          	li	a5,63
   1a37e:	f2c7dfe3          	bge	a5,a2,1a2bc <__subtf3+0x620>
   1a382:	ff45031b          	addiw	t1,a0,-12
   1a386:	006a1333          	sll	t1,s4,t1
   1a38a:	b7a9                	j	1a2d4 <__subtf3+0x638>
   1a38c:	fc16061b          	addiw	a2,a2,-63
   1a390:	04000693          	li	a3,64
   1a394:	00c35633          	srl	a2,t1,a2
   1a398:	4781                	li	a5,0
   1a39a:	00d70763          	beq	a4,a3,1a3a8 <__subtf3+0x70c>
   1a39e:	08000793          	li	a5,128
   1a3a2:	9f99                	subw	a5,a5,a4
   1a3a4:	00f317b3          	sll	a5,t1,a5
   1a3a8:	8fc1                	or	a5,a5,s0
   1a3aa:	00f037b3          	snez	a5,a5
   1a3ae:	8e5d                	or	a2,a2,a5
   1a3b0:	4301                	li	t1,0
   1a3b2:	bf89                	j	1a304 <__subtf3+0x668>
   1a3b4:	57fd                	li	a5,-1
   1a3b6:	17ce                	slli	a5,a5,0x33
   1a3b8:	17fd                	addi	a5,a5,-1
   1a3ba:	8c91                	sub	s1,s1,a2
   1a3bc:	00f37333          	and	t1,t1,a5
   1a3c0:	8622                	mv	a2,s0
   1a3c2:	ba71                	j	19d5e <__subtf3+0xc2>
   1a3c4:	8372                	mv	t1,t3
   1a3c6:	bf3d                	j	1a304 <__subtf3+0x668>
   1a3c8:	8372                	mv	t1,t3
   1a3ca:	bda1                	j	1a222 <__subtf3+0x586>
   1a3cc:	862a                	mv	a2,a0
   1a3ce:	bf1d                	j	1a304 <__subtf3+0x668>
   1a3d0:	833a                	mv	t1,a4
   1a3d2:	8636                	mv	a2,a3
   1a3d4:	bf05                	j	1a304 <__subtf3+0x668>
   1a3d6:	4705                	li	a4,1
   1a3d8:	f60915e3          	bnez	s2,1a342 <__subtf3+0x6a6>
   1a3dc:	ff86b693          	sltiu	a3,a3,-8
   1a3e0:	0016b693          	seqz	a3,a3
   1a3e4:	97b6                	add	a5,a5,a3
   1a3e6:	bfb1                	j	1a342 <__subtf3+0x6a6>
   1a3e8:	4705                	li	a4,1
   1a3ea:	f4090ce3          	beqz	s2,1a342 <__subtf3+0x6a6>
   1a3ee:	b7fd                	j	1a3dc <__subtf3+0x740>
   1a3f0:	00091863          	bnez	s2,1a400 <__subtf3+0x764>
   1a3f4:	00860693          	addi	a3,a2,8
   1a3f8:	bed5                	j	19fec <__subtf3+0x350>
   1a3fa:	4705                	li	a4,1
   1a3fc:	fe091ce3          	bnez	s2,1a3f4 <__subtf3+0x758>
   1a400:	c00785e3          	beqz	a5,1a00a <__subtf3+0x36e>
   1a404:	00177793          	andi	a5,a4,1
   1a408:	0017979b          	slliw	a5,a5,0x1
   1a40c:	8fd9                	or	a5,a5,a4
   1a40e:	00c31713          	slli	a4,t1,0xc
   1a412:	ae0759e3          	bgez	a4,19f04 <__subtf3+0x268>
   1a416:	6721                	lui	a4,0x8
   1a418:	0485                	addi	s1,s1,1
   1a41a:	177d                	addi	a4,a4,-1 # 7fff <exit-0x8121>
   1a41c:	00e48e63          	beq	s1,a4,1a438 <__subtf3+0x79c>
   1a420:	577d                	li	a4,-1
   1a422:	174e                	slli	a4,a4,0x33
   1a424:	177d                	addi	a4,a4,-1
   1a426:	00e37333          	and	t1,t1,a4
   1a42a:	bce9                	j	19f04 <__subtf3+0x268>
   1a42c:	64a1                	lui	s1,0x8
   1a42e:	537d                	li	t1,-1
   1a430:	14f9                	addi	s1,s1,-2 # 7ffe <exit-0x8122>
   1a432:	861a                	mv	a2,t1
   1a434:	4795                	li	a5,5
   1a436:	bfe1                	j	1a40e <__subtf3+0x772>
   1a438:	4601                	li	a2,0
   1a43a:	02098163          	beqz	s3,1a45c <__subtf3+0x7c0>
   1a43e:	470d                	li	a4,3
   1a440:	00e99863          	bne	s3,a4,1a450 <__subtf3+0x7b4>
   1a444:	00090c63          	beqz	s2,1a45c <__subtf3+0x7c0>
   1a448:	64a1                	lui	s1,0x8
   1a44a:	567d                	li	a2,-1
   1a44c:	14f9                	addi	s1,s1,-2 # 7ffe <exit-0x8122>
   1a44e:	a039                	j	1a45c <__subtf3+0x7c0>
   1a450:	ffe98693          	addi	a3,s3,-2
   1a454:	faf5                	bnez	a3,1a448 <__subtf3+0x7ac>
   1a456:	00197713          	andi	a4,s2,1
   1a45a:	d77d                	beqz	a4,1a448 <__subtf3+0x7ac>
   1a45c:	0057e793          	ori	a5,a5,5
   1a460:	2781                	sext.w	a5,a5
   1a462:	8332                	mv	t1,a2
   1a464:	b445                	j	19f04 <__subtf3+0x268>
   1a466:	84ba                	mv	s1,a4
   1a468:	b6d9                	j	1a02e <__subtf3+0x392>
   1a46a:	4301                	li	t1,0
   1a46c:	b845                	j	19d1c <__subtf3+0x80>
   1a46e:	8372                	mv	t1,t3
   1a470:	84f6                	mv	s1,t4
   1a472:	b06d                	j	19d1c <__subtf3+0x80>
   1a474:	892e                	mv	s2,a1
   1a476:	4601                	li	a2,0
   1a478:	bfe5                	j	1a470 <__subtf3+0x7d4>
   1a47a:	4305                	li	t1,1
   1a47c:	6721                	lui	a4,0x8
   1a47e:	4901                	li	s2,0
   1a480:	4601                	li	a2,0
   1a482:	134a                	slli	t1,t1,0x32
   1a484:	fff70493          	addi	s1,a4,-1 # 7fff <exit-0x8121>
   1a488:	47c1                	li	a5,16
   1a48a:	bcad                	j	19f04 <__subtf3+0x268>
   1a48c:	4301                	li	t1,0
   1a48e:	4601                	li	a2,0
   1a490:	bdf1                	j	1a36c <__subtf3+0x6d0>
   1a492:	dd0e9ce3          	bne	t4,a6,1a26a <__subtf3+0x5ce>
   1a496:	bb7d                	j	1a254 <__subtf3+0x5b8>

000000000001a498 <__unordtf2>:
   1a498:	882a                	mv	a6,a0
   1a49a:	002027f3          	frrm	a5
   1a49e:	57fd                	li	a5,-1
   1a4a0:	83c1                	srli	a5,a5,0x10
   1a4a2:	6721                	lui	a4,0x8
   1a4a4:	00f5f8b3          	and	a7,a1,a5
   1a4a8:	177d                	addi	a4,a4,-1 # 7fff <exit-0x8121>
   1a4aa:	91c1                	srli	a1,a1,0x30
   1a4ac:	8ff5                	and	a5,a5,a3
   1a4ae:	8df9                	and	a1,a1,a4
   1a4b0:	92c1                	srli	a3,a3,0x30
   1a4b2:	8ef9                	and	a3,a3,a4
   1a4b4:	00e59563          	bne	a1,a4,1a4be <__unordtf2+0x26>
   1a4b8:	01156533          	or	a0,a0,a7
   1a4bc:	e909                	bnez	a0,1a4ce <__unordtf2+0x36>
   1a4be:	4501                	li	a0,0
   1a4c0:	02e69d63          	bne	a3,a4,1a4fa <__unordtf2+0x62>
   1a4c4:	00f66733          	or	a4,a2,a5
   1a4c8:	cb0d                	beqz	a4,1a4fa <__unordtf2+0x62>
   1a4ca:	00d59f63          	bne	a1,a3,1a4e8 <__unordtf2+0x50>
   1a4ce:	01186833          	or	a6,a6,a7
   1a4d2:	00080663          	beqz	a6,1a4de <__unordtf2+0x46>
   1a4d6:	4705                	li	a4,1
   1a4d8:	173e                	slli	a4,a4,0x2f
   1a4da:	00e8ed63          	bltu	a7,a4,1a4f4 <__unordtf2+0x5c>
   1a4de:	6721                	lui	a4,0x8
   1a4e0:	177d                	addi	a4,a4,-1 # 7fff <exit-0x8121>
   1a4e2:	4505                	li	a0,1
   1a4e4:	00e69b63          	bne	a3,a4,1a4fa <__unordtf2+0x62>
   1a4e8:	8e5d                	or	a2,a2,a5
   1a4ea:	c619                	beqz	a2,1a4f8 <__unordtf2+0x60>
   1a4ec:	4705                	li	a4,1
   1a4ee:	173e                	slli	a4,a4,0x2f
   1a4f0:	00e7f463          	bgeu	a5,a4,1a4f8 <__unordtf2+0x60>
   1a4f4:	00186073          	csrsi	fflags,16
   1a4f8:	4505                	li	a0,1
   1a4fa:	8082                	ret

000000000001a4fc <__fixtfsi>:
   1a4fc:	862a                	mv	a2,a0
   1a4fe:	002027f3          	frrm	a5
   1a502:	00159713          	slli	a4,a1,0x1
   1a506:	03175693          	srli	a3,a4,0x31
   1a50a:	6711                	lui	a4,0x4
   1a50c:	01059793          	slli	a5,a1,0x10
   1a510:	1779                	addi	a4,a4,-2 # 3ffe <exit-0xc122>
   1a512:	83c1                	srli	a5,a5,0x10
   1a514:	91fd                	srli	a1,a1,0x3f
   1a516:	00d74863          	blt	a4,a3,1a526 <__fixtfsi+0x2a>
   1a51a:	e2a5                	bnez	a3,1a57a <__fixtfsi+0x7e>
   1a51c:	00f56633          	or	a2,a0,a5
   1a520:	4501                	li	a0,0
   1a522:	ea31                	bnez	a2,1a576 <__fixtfsi+0x7a>
   1a524:	8082                	ret
   1a526:	6711                	lui	a4,0x4
   1a528:	0775                	addi	a4,a4,29 # 401d <exit-0xc103>
   1a52a:	02d75063          	bge	a4,a3,1a54a <__fixtfsi+0x4e>
   1a52e:	80000537          	lui	a0,0x80000
   1a532:	c5b1                	beqz	a1,1a57e <__fixtfsi+0x82>
   1a534:	6711                	lui	a4,0x4
   1a536:	0779                	addi	a4,a4,30 # 401e <exit-0xc102>
   1a538:	04e69563          	bne	a3,a4,1a582 <__fixtfsi+0x86>
   1a53c:	0117d713          	srli	a4,a5,0x11
   1a540:	e329                	bnez	a4,1a582 <__fixtfsi+0x86>
   1a542:	17be                	slli	a5,a5,0x2f
   1a544:	8fd1                	or	a5,a5,a2
   1a546:	eb85                	bnez	a5,1a576 <__fixtfsi+0x7a>
   1a548:	8082                	ret
   1a54a:	4705                	li	a4,1
   1a54c:	1742                	slli	a4,a4,0x30
   1a54e:	8fd9                	or	a5,a5,a4
   1a550:	6611                	lui	a2,0x4
   1a552:	7771                	lui	a4,0xffffc
   1a554:	2745                	addiw	a4,a4,17 # ffffffffffffc011 <__BSS_END__+0xfffffffffffde501>
   1a556:	02f6061b          	addiw	a2,a2,47 # 402f <exit-0xc0f1>
   1a55a:	9f35                	addw	a4,a4,a3
   1a55c:	40d606bb          	subw	a3,a2,a3
   1a560:	00e79733          	sll	a4,a5,a4
   1a564:	00d7d7b3          	srl	a5,a5,a3
   1a568:	8f49                	or	a4,a4,a0
   1a56a:	0007851b          	sext.w	a0,a5
   1a56e:	c199                	beqz	a1,1a574 <__fixtfsi+0x78>
   1a570:	40a0053b          	negw	a0,a0
   1a574:	cb11                	beqz	a4,1a588 <__fixtfsi+0x8c>
   1a576:	4785                	li	a5,1
   1a578:	a031                	j	1a584 <__fixtfsi+0x88>
   1a57a:	4501                	li	a0,0
   1a57c:	bfed                	j	1a576 <__fixtfsi+0x7a>
   1a57e:	fff54513          	not	a0,a0
   1a582:	47c1                	li	a5,16
   1a584:	0017a073          	csrs	fflags,a5
   1a588:	8082                	ret

000000000001a58a <__floatsitf>:
   1a58a:	1101                	addi	sp,sp,-32
   1a58c:	ec06                	sd	ra,24(sp)
   1a58e:	e822                	sd	s0,16(sp)
   1a590:	e426                	sd	s1,8(sp)
   1a592:	c129                	beqz	a0,1a5d4 <__floatsitf+0x4a>
   1a594:	41f5579b          	sraiw	a5,a0,0x1f
   1a598:	00f54433          	xor	s0,a0,a5
   1a59c:	9c1d                	subw	s0,s0,a5
   1a59e:	1402                	slli	s0,s0,0x20
   1a5a0:	9001                	srli	s0,s0,0x20
   1a5a2:	01f5549b          	srliw	s1,a0,0x1f
   1a5a6:	8522                	mv	a0,s0
   1a5a8:	0f8000ef          	jal	1a6a0 <__clzdi2>
   1a5ac:	6791                	lui	a5,0x4
   1a5ae:	03e7879b          	addiw	a5,a5,62 # 403e <exit-0xc0e2>
   1a5b2:	9f89                	subw	a5,a5,a0
   1a5b4:	3545                	addiw	a0,a0,-15 # 7ffffff1 <__BSS_END__+0x7ffe24e1>
   1a5b6:	00a41433          	sll	s0,s0,a0
   1a5ba:	00f4959b          	slliw	a1,s1,0xf
   1a5be:	0442                	slli	s0,s0,0x10
   1a5c0:	8ddd                	or	a1,a1,a5
   1a5c2:	8041                	srli	s0,s0,0x10
   1a5c4:	15c2                	slli	a1,a1,0x30
   1a5c6:	60e2                	ld	ra,24(sp)
   1a5c8:	8dc1                	or	a1,a1,s0
   1a5ca:	6442                	ld	s0,16(sp)
   1a5cc:	64a2                	ld	s1,8(sp)
   1a5ce:	4501                	li	a0,0
   1a5d0:	6105                	addi	sp,sp,32
   1a5d2:	8082                	ret
   1a5d4:	4481                	li	s1,0
   1a5d6:	4401                	li	s0,0
   1a5d8:	4781                	li	a5,0
   1a5da:	b7c5                	j	1a5ba <__floatsitf+0x30>

000000000001a5dc <__extenddftf2>:
   1a5dc:	1101                	addi	sp,sp,-32
   1a5de:	e20507d3          	fmv.x.d	a5,fa0
   1a5e2:	ec06                	sd	ra,24(sp)
   1a5e4:	e822                	sd	s0,16(sp)
   1a5e6:	e426                	sd	s1,8(sp)
   1a5e8:	00202773          	frrm	a4
   1a5ec:	0347d513          	srli	a0,a5,0x34
   1a5f0:	7ff57513          	andi	a0,a0,2047
   1a5f4:	00150713          	addi	a4,a0,1
   1a5f8:	00c79413          	slli	s0,a5,0xc
   1a5fc:	7fe77713          	andi	a4,a4,2046
   1a600:	8031                	srli	s0,s0,0xc
   1a602:	03f7d493          	srli	s1,a5,0x3f
   1a606:	cb11                	beqz	a4,1a61a <__extenddftf2+0x3e>
   1a608:	6711                	lui	a4,0x4
   1a60a:	c0070713          	addi	a4,a4,-1024 # 3c00 <exit-0xc520>
   1a60e:	00445793          	srli	a5,s0,0x4
   1a612:	953a                	add	a0,a0,a4
   1a614:	1472                	slli	s0,s0,0x3c
   1a616:	4701                	li	a4,0
   1a618:	a8b9                	j	1a676 <__extenddftf2+0x9a>
   1a61a:	ed1d                	bnez	a0,1a658 <__extenddftf2+0x7c>
   1a61c:	4781                	li	a5,0
   1a61e:	dc65                	beqz	s0,1a616 <__extenddftf2+0x3a>
   1a620:	8522                	mv	a0,s0
   1a622:	07e000ef          	jal	1a6a0 <__clzdi2>
   1a626:	0005071b          	sext.w	a4,a0
   1a62a:	47b9                	li	a5,14
   1a62c:	02e7c063          	blt	a5,a4,1a64c <__extenddftf2+0x70>
   1a630:	47bd                	li	a5,15
   1a632:	9f89                	subw	a5,a5,a0
   1a634:	0315071b          	addiw	a4,a0,49
   1a638:	00f457b3          	srl	a5,s0,a5
   1a63c:	00e41433          	sll	s0,s0,a4
   1a640:	6711                	lui	a4,0x4
   1a642:	c0c7071b          	addiw	a4,a4,-1012 # 3c0c <exit-0xc514>
   1a646:	40a7053b          	subw	a0,a4,a0
   1a64a:	b7f1                	j	1a616 <__extenddftf2+0x3a>
   1a64c:	ff15079b          	addiw	a5,a0,-15
   1a650:	00f417b3          	sll	a5,s0,a5
   1a654:	4401                	li	s0,0
   1a656:	b7ed                	j	1a640 <__extenddftf2+0x64>
   1a658:	c021                	beqz	s0,1a698 <__extenddftf2+0xbc>
   1a65a:	4685                	li	a3,1
   1a65c:	03369713          	slli	a4,a3,0x33
   1a660:	00e43733          	sltu	a4,s0,a4
   1a664:	00445793          	srli	a5,s0,0x4
   1a668:	16be                	slli	a3,a3,0x2f
   1a66a:	6521                	lui	a0,0x8
   1a66c:	0047171b          	slliw	a4,a4,0x4
   1a670:	8fd5                	or	a5,a5,a3
   1a672:	1472                	slli	s0,s0,0x3c
   1a674:	157d                	addi	a0,a0,-1 # 7fff <exit-0x8121>
   1a676:	01079593          	slli	a1,a5,0x10
   1a67a:	00f4979b          	slliw	a5,s1,0xf
   1a67e:	8fc9                	or	a5,a5,a0
   1a680:	17c2                	slli	a5,a5,0x30
   1a682:	81c1                	srli	a1,a1,0x10
   1a684:	8ddd                	or	a1,a1,a5
   1a686:	c319                	beqz	a4,1a68c <__extenddftf2+0xb0>
   1a688:	00186073          	csrsi	fflags,16
   1a68c:	60e2                	ld	ra,24(sp)
   1a68e:	8522                	mv	a0,s0
   1a690:	6442                	ld	s0,16(sp)
   1a692:	64a2                	ld	s1,8(sp)
   1a694:	6105                	addi	sp,sp,32
   1a696:	8082                	ret
   1a698:	6521                	lui	a0,0x8
   1a69a:	4781                	li	a5,0
   1a69c:	157d                	addi	a0,a0,-1 # 7fff <exit-0x8121>
   1a69e:	bfa5                	j	1a616 <__extenddftf2+0x3a>

000000000001a6a0 <__clzdi2>:
   1a6a0:	03800793          	li	a5,56
   1a6a4:	00f55733          	srl	a4,a0,a5
   1a6a8:	0ff77693          	zext.b	a3,a4
   1a6ac:	ee99                	bnez	a3,1a6ca <__clzdi2+0x2a>
   1a6ae:	17e1                	addi	a5,a5,-8
   1a6b0:	fbf5                	bnez	a5,1a6a4 <__clzdi2+0x4>
   1a6b2:	04000713          	li	a4,64
   1a6b6:	8f1d                	sub	a4,a4,a5
   1a6b8:	67ed                	lui	a5,0x1b
   1a6ba:	ab078793          	addi	a5,a5,-1360 # 1aab0 <__clz_tab>
   1a6be:	97aa                	add	a5,a5,a0
   1a6c0:	0007c503          	lbu	a0,0(a5)
   1a6c4:	40a7053b          	subw	a0,a4,a0
   1a6c8:	8082                	ret
   1a6ca:	853a                	mv	a0,a4
   1a6cc:	b7dd                	j	1a6b2 <__clzdi2+0x12>
