
bin/paged_attn/paged_attn_vector:     file format elf64-littleriscv


Disassembly of section .text:

0000000000010120 <exit>:
   10120:	1141                	addi	sp,sp,-16
   10122:	4581                	li	a1,0
   10124:	e022                	sd	s0,0(sp)
   10126:	e406                	sd	ra,8(sp)
   10128:	842a                	mv	s0,a0
   1012a:	6f3010ef          	jal	1201c <__call_exitprocs>
   1012e:	2501b783          	ld	a5,592(gp) # 1bc20 <__stdio_exit_handler>
   10132:	c391                	beqz	a5,10136 <exit+0x16>
   10134:	9782                	jalr	a5
   10136:	8522                	mv	a0,s0
   10138:	6e1080ef          	jal	19018 <_exit>

000000000001013c <main>:
   1013c:	7171                	addi	sp,sp,-176
   1013e:	f506                	sd	ra,168(sp)
   10140:	4799                	li	a5,6
   10142:	66f51463          	bne	a0,a5,107aa <main+0x66e>
   10146:	6588                	ld	a0,8(a1)
   10148:	f122                	sd	s0,160(sp)
   1014a:	ed26                	sd	s1,152(sp)
   1014c:	e94a                	sd	s2,144(sp)
   1014e:	e54e                	sd	s3,136(sp)
   10150:	e152                	sd	s4,128(sp)
   10152:	89ae                	mv	s3,a1
   10154:	f0e2                	sd	s8,96(sp)
   10156:	307000ef          	jal	10c5c <atoi>
   1015a:	84aa                	mv	s1,a0
   1015c:	0109b503          	ld	a0,16(s3)
   10160:	2fd000ef          	jal	10c5c <atoi>
   10164:	892a                	mv	s2,a0
   10166:	0189b503          	ld	a0,24(s3)
   1016a:	2f3000ef          	jal	10c5c <atoi>
   1016e:	8a2a                	mv	s4,a0
   10170:	8c2a                	mv	s8,a0
   10172:	0209b503          	ld	a0,32(s3)
   10176:	2e7000ef          	jal	10c5c <atoi>
   1017a:	842a                	mv	s0,a0
   1017c:	0289b503          	ld	a0,40(s3)
   10180:	4601                	li	a2,0
   10182:	4581                	li	a1,0
   10184:	5b8010ef          	jal	1173c <strtoull>
   10188:	5e905b63          	blez	s1,1077e <main+0x642>
   1018c:	fff4879b          	addiw	a5,s1,-1
   10190:	8fe5                	and	a5,a5,s1
   10192:	2781                	sext.w	a5,a5
   10194:	5e079563          	bnez	a5,1077e <main+0x642>
   10198:	00890ebb          	addw	t4,s2,s0
   1019c:	00142713          	slti	a4,s0,1
   101a0:	00192793          	slti	a5,s2,1
   101a4:	3efd                	addiw	t4,t4,-1
   101a6:	8fd9                	or	a5,a5,a4
   101a8:	032ec73b          	divw	a4,t4,s2
   101ac:	ece6                	sd	s9,88(sp)
   101ae:	8cba                	mv	s9,a4
   101b0:	5c079663          	bnez	a5,1077c <main+0x640>
   101b4:	5cea4463          	blt	s4,a4,1077c <main+0x640>
   101b8:	032a07b3          	mul	a5,s4,s2
   101bc:	fc2a                	sd	a0,56(sp)
   101be:	fcd6                	sd	s5,120(sp)
   101c0:	f8da                	sd	s6,112(sp)
   101c2:	f4de                	sd	s7,104(sp)
   101c4:	e4ee                	sd	s11,72(sp)
   101c6:	f852                	sd	s4,48(sp)
   101c8:	029787b3          	mul	a5,a5,s1
   101cc:	00279993          	slli	s3,a5,0x2
   101d0:	854e                	mv	a0,s3
   101d2:	f43e                	sd	a5,40(sp)
   101d4:	e04e                	sd	s3,0(sp)
   101d6:	2af000ef          	jal	10c84 <malloc>
   101da:	f02a                	sd	a0,32(sp)
   101dc:	854e                	mv	a0,s3
   101de:	2a7000ef          	jal	10c84 <malloc>
   101e2:	8b2a                	mv	s6,a0
   101e4:	00249513          	slli	a0,s1,0x2
   101e8:	29d000ef          	jal	10c84 <malloc>
   101ec:	ec2a                	sd	a0,24(sp)
   101ee:	002c9513          	slli	a0,s9,0x2
   101f2:	293000ef          	jal	10c84 <malloc>
   101f6:	e82a                	sd	a0,16(sp)
   101f8:	00241513          	slli	a0,s0,0x2
   101fc:	289000ef          	jal	10c84 <malloc>
   10200:	89aa                	mv	s3,a0
   10202:	00241513          	slli	a0,s0,0x2
   10206:	27f000ef          	jal	10c84 <malloc>
   1020a:	e42a                	sd	a0,8(sp)
   1020c:	00249513          	slli	a0,s1,0x2
   10210:	275000ef          	jal	10c84 <malloc>
   10214:	8baa                	mv	s7,a0
   10216:	00241513          	slli	a0,s0,0x2
   1021a:	26b000ef          	jal	10c84 <malloc>
   1021e:	8aaa                	mv	s5,a0
   10220:	00249513          	slli	a0,s1,0x2
   10224:	261000ef          	jal	10c84 <malloc>
   10228:	7f82                	ld	t6,32(sp)
   1022a:	87aa                	mv	a5,a0
   1022c:	8daa                	mv	s11,a0
   1022e:	5a0f8063          	beqz	t6,107ce <main+0x692>
   10232:	580b0e63          	beqz	s6,107ce <main+0x692>
   10236:	6f62                	ld	t5,24(sp)
   10238:	580f0b63          	beqz	t5,107ce <main+0x692>
   1023c:	66c2                	ld	a3,16(sp)
   1023e:	58068863          	beqz	a3,107ce <main+0x692>
   10242:	58098663          	beqz	s3,107ce <main+0x692>
   10246:	6722                	ld	a4,8(sp)
   10248:	58070363          	beqz	a4,107ce <main+0x692>
   1024c:	001bb613          	seqz	a2,s7
   10250:	001ab513          	seqz	a0,s5
   10254:	8e49                	or	a2,a2,a0
   10256:	56061c63          	bnez	a2,107ce <main+0x692>
   1025a:	56078a63          	beqz	a5,107ce <main+0x692>
   1025e:	77a2                	ld	a5,40(sp)
   10260:	75c2                	ld	a1,48(sp)
   10262:	7e62                	ld	t3,56(sp)
   10264:	56078063          	beqz	a5,107c4 <main+0x688>
   10268:	bf5843b7          	lui	t2,0xbf584
   1026c:	76d38393          	addi	t2,t2,1901 # ffffffffbf58476d <__BSS_END__+0xffffffffbf56859d>
   10270:	1ce4e637          	lui	a2,0x1ce4e
   10274:	5b960613          	addi	a2,a2,1465 # 1ce4e5b9 <__BSS_END__+0x1ce323e9>
   10278:	1382                	slli	t2,t2,0x20
   1027a:	94d052b7          	lui	t0,0x94d05
   1027e:	9e378537          	lui	a0,0x9e378
   10282:	93b2                	add	t2,t2,a2
   10284:	6602                	ld	a2,0(sp)
   10286:	0000c317          	auipc	t1,0xc
   1028a:	92a32707          	flw	fa4,-1750(t1) # 1bbb0 <mask+0x8>
   1028e:	9bb28293          	addi	t0,t0,-1605 # ffffffff94d049bb <__BSS_END__+0xffffffff94ce87eb>
   10292:	133118b7          	lui	a7,0x13311
   10296:	9b950513          	addi	a0,a0,-1607 # ffffffff9e3779b9 <__BSS_END__+0xffffffff9e35b7e9>
   1029a:	7f4a8837          	lui	a6,0x7f4a8
   1029e:	1eb88893          	addi	a7,a7,491 # 133111eb <__BSS_END__+0x132f501b>
   102a2:	1282                	slli	t0,t0,0x20
   102a4:	1502                	slli	a0,a0,0x20
   102a6:	c1580813          	addi	a6,a6,-1003 # 7f4a7c15 <__BSS_END__+0x7f48ba45>
   102aa:	92c6                	add	t0,t0,a7
   102ac:	8a3a                	mv	s4,a4
   102ae:	9542                	add	a0,a0,a6
   102b0:	873e                	mv	a4,a5
   102b2:	ff800337          	lui	t1,0xff800
   102b6:	00cf87b3          	add	a5,t6,a2
   102ba:	8efe                	mv	t4,t6
   102bc:	88f2                	mv	a7,t3
   102be:	98aa                	add	a7,a7,a0
   102c0:	01e8d813          	srli	a6,a7,0x1e
   102c4:	01184633          	xor	a2,a6,a7
   102c8:	02760833          	mul	a6,a2,t2
   102cc:	0e91                	addi	t4,t4,4
   102ce:	01b85613          	srli	a2,a6,0x1b
   102d2:	01064633          	xor	a2,a2,a6
   102d6:	02560833          	mul	a6,a2,t0
   102da:	01f85613          	srli	a2,a6,0x1f
   102de:	01064633          	xor	a2,a2,a6
   102e2:	9221                	srli	a2,a2,0x28
   102e4:	961a                	add	a2,a2,t1
   102e6:	d02677d3          	fcvt.s.l	fa5,a2
   102ea:	10e7f7d3          	fmul.s	fa5,fa5,fa4
   102ee:	fefeae27          	fsw	fa5,-4(t4)
   102f2:	fdd796e3          	bne	a5,t4,102be <main+0x182>
   102f6:	02a707b3          	mul	a5,a4,a0
   102fa:	6e82                	ld	t4,0(sp)
   102fc:	94d052b7          	lui	t0,0x94d05
   10300:	9e378537          	lui	a0,0x9e378
   10304:	bf5843b7          	lui	t2,0xbf584
   10308:	9bb28293          	addi	t0,t0,-1605 # ffffffff94d049bb <__BSS_END__+0xffffffff94ce87eb>
   1030c:	133118b7          	lui	a7,0x13311
   10310:	9b950513          	addi	a0,a0,-1607 # ffffffff9e3779b9 <__BSS_END__+0xffffffff9e35b7e9>
   10314:	7f4a8837          	lui	a6,0x7f4a8
   10318:	76d38393          	addi	t2,t2,1901 # ffffffffbf58476d <__BSS_END__+0xffffffffbf56859d>
   1031c:	1ce4e637          	lui	a2,0x1ce4e
   10320:	00fe0333          	add	t1,t3,a5
   10324:	1eb88893          	addi	a7,a7,491 # 133111eb <__BSS_END__+0x132f501b>
   10328:	1282                	slli	t0,t0,0x20
   1032a:	1502                	slli	a0,a0,0x20
   1032c:	c1580813          	addi	a6,a6,-1003 # 7f4a7c15 <__BSS_END__+0x7f48ba45>
   10330:	1382                	slli	t2,t2,0x20
   10332:	5b960613          	addi	a2,a2,1465 # 1ce4e5b9 <__BSS_END__+0x1ce323e9>
   10336:	92c6                	add	t0,t0,a7
   10338:	873e                	mv	a4,a5
   1033a:	9542                	add	a0,a0,a6
   1033c:	01db07b3          	add	a5,s6,t4
   10340:	93b2                	add	t2,t2,a2
   10342:	889a                	mv	a7,t1
   10344:	ff800e37          	lui	t3,0xff800
   10348:	8eda                	mv	t4,s6
   1034a:	98aa                	add	a7,a7,a0
   1034c:	01e8d813          	srli	a6,a7,0x1e
   10350:	01184633          	xor	a2,a6,a7
   10354:	02760833          	mul	a6,a2,t2
   10358:	0e91                	addi	t4,t4,4
   1035a:	01b85613          	srli	a2,a6,0x1b
   1035e:	01064633          	xor	a2,a2,a6
   10362:	02560833          	mul	a6,a2,t0
   10366:	01f85613          	srli	a2,a6,0x1f
   1036a:	01064633          	xor	a2,a2,a6
   1036e:	9221                	srli	a2,a2,0x28
   10370:	9672                	add	a2,a2,t3
   10372:	d02677d3          	fcvt.s.l	fa5,a2
   10376:	10e7f7d3          	fmul.s	fa5,fa5,fa4
   1037a:	fefeae27          	fsw	fa5,-4(t4)
   1037e:	fdd796e3          	bne	a5,t4,1034a <main+0x20e>
   10382:	00e30e33          	add	t3,t1,a4
   10386:	8752                	mv	a4,s4
   10388:	94d058b7          	lui	a7,0x94d05
   1038c:	9e3783b7          	lui	t2,0x9e378
   10390:	bf5842b7          	lui	t0,0xbf584
   10394:	9bb88893          	addi	a7,a7,-1605 # ffffffff94d049bb <__BSS_END__+0xffffffff94ce87eb>
   10398:	13311837          	lui	a6,0x13311
   1039c:	9b938393          	addi	t2,t2,-1607 # ffffffff9e3779b9 <__BSS_END__+0xffffffff9e35b7e9>
   103a0:	7f4a8537          	lui	a0,0x7f4a8
   103a4:	76d28293          	addi	t0,t0,1901 # ffffffffbf58476d <__BSS_END__+0xffffffffbf56859d>
   103a8:	1ce4e637          	lui	a2,0x1ce4e
   103ac:	1eb80813          	addi	a6,a6,491 # 133111eb <__BSS_END__+0x132f501b>
   103b0:	c1550513          	addi	a0,a0,-1003 # 7f4a7c15 <__BSS_END__+0x7f48ba45>
   103b4:	1882                	slli	a7,a7,0x20
   103b6:	1382                	slli	t2,t2,0x20
   103b8:	1282                	slli	t0,t0,0x20
   103ba:	5b960613          	addi	a2,a2,1465 # 1ce4e5b9 <__BSS_END__+0x1ce323e9>
   103be:	00249793          	slli	a5,s1,0x2
   103c2:	98c2                	add	a7,a7,a6
   103c4:	93aa                	add	t2,t2,a0
   103c6:	92b2                	add	t0,t0,a2
   103c8:	00ff0333          	add	t1,t5,a5
   103cc:	887a                	mv	a6,t5
   103ce:	8572                	mv	a0,t3
   103d0:	ff800eb7          	lui	t4,0xff800
   103d4:	951e                	add	a0,a0,t2
   103d6:	01e55793          	srli	a5,a0,0x1e
   103da:	8fa9                	xor	a5,a5,a0
   103dc:	025787b3          	mul	a5,a5,t0
   103e0:	0811                	addi	a6,a6,4
   103e2:	01b7d613          	srli	a2,a5,0x1b
   103e6:	8e3d                	xor	a2,a2,a5
   103e8:	03160633          	mul	a2,a2,a7
   103ec:	01f65793          	srli	a5,a2,0x1f
   103f0:	8fb1                	xor	a5,a5,a2
   103f2:	93a1                	srli	a5,a5,0x28
   103f4:	97f6                	add	a5,a5,t4
   103f6:	d027f7d3          	fcvt.s.l	fa5,a5
   103fa:	10e7f7d3          	fmul.s	fa5,fa5,fa4
   103fe:	fef82e27          	fsw	fa5,-4(a6)
   10402:	fd0319e3          	bne	t1,a6,103d4 <main+0x298>
   10406:	002c1793          	slli	a5,s8,0x2
   1040a:	853e                	mv	a0,a5
   1040c:	f872                	sd	t3,48(sp)
   1040e:	f42e                	sd	a1,40(sp)
   10410:	f07e                	sd	t6,32(sp)
   10412:	ec7a                	sd	t5,24(sp)
   10414:	e836                	sd	a3,16(sp)
   10416:	e43a                	sd	a4,8(sp)
   10418:	e03e                	sd	a5,0(sp)
   1041a:	06b000ef          	jal	10c84 <malloc>
   1041e:	6782                	ld	a5,0(sp)
   10420:	6722                	ld	a4,8(sp)
   10422:	66c2                	ld	a3,16(sp)
   10424:	6f62                	ld	t5,24(sp)
   10426:	7f82                	ld	t6,32(sp)
   10428:	75a2                	ld	a1,40(sp)
   1042a:	7e42                	ld	t3,48(sp)
   1042c:	882a                	mv	a6,a0
   1042e:	4601                	li	a2,0
   10430:	0b805963          	blez	s8,104e2 <main+0x3a6>
   10434:	00c82023          	sw	a2,0(a6)
   10438:	83b2                	mv	t2,a2
   1043a:	2605                	addiw	a2,a2,1
   1043c:	0811                	addi	a6,a6,4
   1043e:	fecc1be3          	bne	s8,a2,10434 <main+0x2f8>
   10442:	0a038063          	beqz	t2,104e2 <main+0x3a6>
   10446:	9e3782b7          	lui	t0,0x9e378
   1044a:	9b928293          	addi	t0,t0,-1607 # ffffffff9e3779b9 <__BSS_END__+0xffffffff9e35b7e9>
   1044e:	7f4a8637          	lui	a2,0x7f4a8
   10452:	c1560613          	addi	a2,a2,-1003 # 7f4a7c15 <__BSS_END__+0x7f48ba45>
   10456:	02049813          	slli	a6,s1,0x20
   1045a:	1282                	slli	t0,t0,0x20
   1045c:	92b2                	add	t0,t0,a2
   1045e:	02085813          	srli	a6,a6,0x20
   10462:	02580833          	mul	a6,a6,t0
   10466:	fff3861b          	addiw	a2,t2,-1
   1046a:	1602                	slli	a2,a2,0x20
   1046c:	94d053b7          	lui	t2,0x94d05
   10470:	9201                	srli	a2,a2,0x20
   10472:	fffc0313          	addi	t1,s8,-1
   10476:	9bb38393          	addi	t2,t2,-1605 # ffffffff94d049bb <__BSS_END__+0xffffffff94ce87eb>
   1047a:	1382                	slli	t2,t2,0x20
   1047c:	40c30333          	sub	t1,t1,a2
   10480:	bf584637          	lui	a2,0xbf584
   10484:	9872                	add	a6,a6,t3
   10486:	13311e37          	lui	t3,0x13311
   1048a:	1ebe0e13          	addi	t3,t3,491 # 133111eb <__BSS_END__+0x132f501b>
   1048e:	76d60613          	addi	a2,a2,1901 # ffffffffbf58476d <__BSS_END__+0xffffffffbf56859d>
   10492:	9e1e                	add	t3,t3,t2
   10494:	1ce4e3b7          	lui	t2,0x1ce4e
   10498:	1602                	slli	a2,a2,0x20
   1049a:	5b938393          	addi	t2,t2,1465 # 1ce4e5b9 <__BSS_END__+0x1ce323e9>
   1049e:	00f508b3          	add	a7,a0,a5
   104a2:	00760eb3          	add	t4,a2,t2
   104a6:	9816                	add	a6,a6,t0
   104a8:	01e85793          	srli	a5,a6,0x1e
   104ac:	0107c7b3          	xor	a5,a5,a6
   104b0:	03d787b3          	mul	a5,a5,t4
   104b4:	ffc8a383          	lw	t2,-4(a7)
   104b8:	18f1                	addi	a7,a7,-4
   104ba:	01b7d613          	srli	a2,a5,0x1b
   104be:	8e3d                	xor	a2,a2,a5
   104c0:	03c60633          	mul	a2,a2,t3
   104c4:	01f65793          	srli	a5,a2,0x1f
   104c8:	8fb1                	xor	a5,a5,a2
   104ca:	02b7f7b3          	remu	a5,a5,a1
   104ce:	15fd                	addi	a1,a1,-1
   104d0:	078a                	slli	a5,a5,0x2
   104d2:	97aa                	add	a5,a5,a0
   104d4:	4390                	lw	a2,0(a5)
   104d6:	00c8a023          	sw	a2,0(a7)
   104da:	0077a023          	sw	t2,0(a5)
   104de:	fcb314e3          	bne	t1,a1,104a6 <main+0x36a>
   104e2:	03905463          	blez	s9,1050a <main+0x3ce>
   104e6:	020c9613          	slli	a2,s9,0x20
   104ea:	01e65e93          	srli	t4,a2,0x1e
   104ee:	85b6                	mv	a1,a3
   104f0:	882a                	mv	a6,a0
   104f2:	0c0ef7d7          	vsetvli	a5,t4,e8,m1,ta,ma
   104f6:	02080087          	vle8.v	v1,(a6)
   104fa:	40fe8eb3          	sub	t4,t4,a5
   104fe:	983e                	add	a6,a6,a5
   10500:	020580a7          	vse8.v	v1,(a1)
   10504:	95be                	add	a1,a1,a5
   10506:	fe0e96e3          	bnez	t4,104f2 <main+0x3b6>
   1050a:	ec3a                	sd	a4,24(sp)
   1050c:	e836                	sd	a3,16(sp)
   1050e:	e47a                	sd	t5,8(sp)
   10510:	e07e                	sd	t6,0(sp)
   10512:	77a000ef          	jal	10c8c <free>
   10516:	6f82                	ld	t6,0(sp)
   10518:	6f22                	ld	t5,8(sp)
   1051a:	66c2                	ld	a3,16(sp)
   1051c:	6762                	ld	a4,24(sp)
   1051e:	854e                	mv	a0,s3
   10520:	4581                	li	a1,0
   10522:	0325c7bb          	divw	a5,a1,s2
   10526:	0511                	addi	a0,a0,4
   10528:	0325e63b          	remw	a2,a1,s2
   1052c:	078a                	slli	a5,a5,0x2
   1052e:	97b6                	add	a5,a5,a3
   10530:	439c                	lw	a5,0(a5)
   10532:	2585                	addiw	a1,a1,1
   10534:	032787b3          	mul	a5,a5,s2
   10538:	97b2                	add	a5,a5,a2
   1053a:	029787bb          	mulw	a5,a5,s1
   1053e:	0027979b          	slliw	a5,a5,0x2
   10542:	fef52e23          	sw	a5,-4(a0)
   10546:	fc85cee3          	blt	a1,s0,10522 <main+0x3e6>
   1054a:	d004f553          	fcvt.s.w	fa0,s1
   1054e:	ec7e                	sd	t6,24(sp)
   10550:	e87a                	sd	t5,16(sp)
   10552:	e43a                	sd	a4,8(sp)
   10554:	3e8000ef          	jal	1093c <sqrtf>
   10558:	0000b797          	auipc	a5,0xb
   1055c:	65c7a607          	flw	fa2,1628(a5) # 1bbb4 <mask+0xc>
   10560:	4581                	li	a1,0
   10562:	4501                	li	a0,0
   10564:	18a67653          	fdiv.s	fa2,fa2,fa0
   10568:	00c12027          	fsw	fa2,0(sp)
   1056c:	696000ef          	jal	10c02 <m5_reset_stats>
   10570:	c00026f3          	rdcycle	a3
   10574:	6fe2                	ld	t6,24(sp)
   10576:	6f42                	ld	t5,16(sp)
   10578:	6722                	ld	a4,8(sp)
   1057a:	00012607          	flw	fa2,0(sp)
   1057e:	4881                	li	a7,0
   10580:	22d1b823          	sd	a3,560(gp) # 1bc00 <roi_start_cycles_>
   10584:	411407bb          	subw	a5,s0,a7
   10588:	0d07f7d7          	vsetvli	a5,a5,e32,m1,ta,ma
   1058c:	00289513          	slli	a0,a7,0x2
   10590:	5e003157          	vmv.v.i	v2,0
   10594:	00a986b3          	add	a3,s3,a0
   10598:	0206e187          	vle32.v	v3,(a3)
   1059c:	85fa                	mv	a1,t5
   1059e:	867e                	mv	a2,t6
   105a0:	4681                	li	a3,0
   105a2:	06366087          	vluxei32.v	v1,(a2),v3
   105a6:	0005a787          	flw	fa5,0(a1)
   105aa:	2685                	addiw	a3,a3,1
   105ac:	0611                	addi	a2,a2,4
   105ae:	0591                	addi	a1,a1,4
   105b0:	9217d0d7          	vfmul.vf	v1,v1,fa5
   105b4:	02209157          	vfadd.vv	v2,v2,v1
   105b8:	fe96c5e3          	blt	a3,s1,105a2 <main+0x466>
   105bc:	92265157          	vfmul.vf	v2,v2,fa2
   105c0:	00a706b3          	add	a3,a4,a0
   105c4:	011788bb          	addw	a7,a5,a7
   105c8:	0206e127          	vse32.v	v2,(a3)
   105cc:	fa88cce3          	blt	a7,s0,10584 <main+0x448>
   105d0:	853a                	mv	a0,a4
   105d2:	85a2                	mv	a1,s0
   105d4:	00c12c27          	fsw	fa2,24(sp)
   105d8:	e87e                	sd	t6,16(sp)
   105da:	e47a                	sd	t5,8(sp)
   105dc:	e03a                	sd	a4,0(sp)
   105de:	2be000ef          	jal	1089c <softmax>
   105e2:	cd00f057          	vsetivli	zero,1,e32,m1,ta,ma
   105e6:	6fc2                	ld	t6,16(sp)
   105e8:	6f22                	ld	t5,8(sp)
   105ea:	6702                	ld	a4,0(sp)
   105ec:	01812607          	flw	fa2,24(sp)
   105f0:	42006257          	vmv.s.x	v4,zero
   105f4:	835e                	mv	t1,s7
   105f6:	895e                	mv	s2,s7
   105f8:	885a                	mv	a6,s6
   105fa:	4881                	li	a7,0
   105fc:	9e403157          	vmv1r.v	v2,v4
   10600:	4681                	li	a3,0
   10602:	00269613          	slli	a2,a3,0x2
   10606:	40d407bb          	subw	a5,s0,a3
   1060a:	0d07f7d7          	vsetvli	a5,a5,e32,m1,ta,ma
   1060e:	00c985b3          	add	a1,s3,a2
   10612:	0205e087          	vle32.v	v1,(a1)
   10616:	963a                	add	a2,a2,a4
   10618:	02066187          	vle32.v	v3,(a2)
   1061c:	9ebd                	addw	a3,a3,a5
   1061e:	06186087          	vluxei32.v	v1,(a6),v1
   10622:	921190d7          	vfmul.vv	v1,v1,v3
   10626:	0e111157          	vfredosum.vs	v2,v1,v2
   1062a:	fc86cce3          	blt	a3,s0,10602 <main+0x4c6>
   1062e:	422017d7          	vfmv.f.s	fa5,v2
   10632:	2885                	addiw	a7,a7,1
   10634:	00f32027          	fsw	fa5,0(t1) # ffffffffff800000 <__BSS_END__+0xffffffffff7e3e30>
   10638:	0811                	addi	a6,a6,4
   1063a:	0311                	addi	t1,t1,4
   1063c:	fc98c0e3          	blt	a7,s1,105fc <main+0x4c0>
   10640:	00c12c27          	fsw	fa2,24(sp)
   10644:	e87e                	sd	t6,16(sp)
   10646:	e47a                	sd	t5,8(sp)
   10648:	c00027f3          	rdcycle	a5
   1064c:	4581                	li	a1,0
   1064e:	4501                	li	a0,0
   10650:	e03e                	sd	a5,0(sp)
   10652:	5bc000ef          	jal	10c0e <m5_dump_reset_stats>
   10656:	2301b583          	ld	a1,560(gp) # 1bc00 <roi_start_cycles_>
   1065a:	6782                	ld	a5,0(sp)
   1065c:	0000a517          	auipc	a0,0xa
   10660:	e7c50513          	addi	a0,a0,-388 # 1a4d8 <__clzdi2+0xc6>
   10664:	40b785b3          	sub	a1,a5,a1
   10668:	5b2010ef          	jal	11c1a <printf>
   1066c:	6fc2                	ld	t6,16(sp)
   1066e:	6f22                	ld	t5,8(sp)
   10670:	01812607          	flw	fa2,24(sp)
   10674:	8856                	mv	a6,s5
   10676:	854e                	mv	a0,s3
   10678:	4581                	li	a1,0
   1067a:	411c                	lw	a5,0(a0)
   1067c:	f0000753          	fmv.w.x	fa4,zero
   10680:	86fa                	mv	a3,t5
   10682:	97fe                	add	a5,a5,t6
   10684:	4701                	li	a4,0
   10686:	0006a787          	flw	fa5,0(a3)
   1068a:	0007a687          	flw	fa3,0(a5)
   1068e:	2705                	addiw	a4,a4,1
   10690:	0691                	addi	a3,a3,4
   10692:	10d7f7d3          	fmul.s	fa5,fa5,fa3
   10696:	0791                	addi	a5,a5,4
   10698:	00f77753          	fadd.s	fa4,fa4,fa5
   1069c:	fe9745e3          	blt	a4,s1,10686 <main+0x54a>
   106a0:	10e67753          	fmul.s	fa4,fa2,fa4
   106a4:	2585                	addiw	a1,a1,1
   106a6:	0511                	addi	a0,a0,4
   106a8:	0811                	addi	a6,a6,4
   106aa:	fee82e27          	fsw	fa4,-4(a6)
   106ae:	fc85c6e3          	blt	a1,s0,1067a <main+0x53e>
   106b2:	85a2                	mv	a1,s0
   106b4:	8556                	mv	a0,s5
   106b6:	1e6000ef          	jal	1089c <softmax>
   106ba:	88ee                	mv	a7,s11
   106bc:	4801                	li	a6,0
   106be:	8356                	mv	t1,s5
   106c0:	f0000753          	fmv.w.x	fa4,zero
   106c4:	00281593          	slli	a1,a6,0x2
   106c8:	95da                	add	a1,a1,s6
   106ca:	861a                	mv	a2,t1
   106cc:	86ce                	mv	a3,s3
   106ce:	4701                	li	a4,0
   106d0:	429c                	lw	a5,0(a3)
   106d2:	00062687          	flw	fa3,0(a2)
   106d6:	2705                	addiw	a4,a4,1
   106d8:	97ae                	add	a5,a5,a1
   106da:	0007a787          	flw	fa5,0(a5)
   106de:	0691                	addi	a3,a3,4
   106e0:	0611                	addi	a2,a2,4
   106e2:	10d7f7d3          	fmul.s	fa5,fa5,fa3
   106e6:	00f77753          	fadd.s	fa4,fa4,fa5
   106ea:	fe8743e3          	blt	a4,s0,106d0 <main+0x594>
   106ee:	0805                	addi	a6,a6,1
   106f0:	00e8a027          	fsw	fa4,0(a7)
   106f4:	0008079b          	sext.w	a5,a6
   106f8:	0891                	addi	a7,a7,4
   106fa:	fc97c3e3          	blt	a5,s1,106c0 <main+0x584>
   106fe:	00249613          	slli	a2,s1,0x2
   10702:	85ee                	mv	a1,s11
   10704:	855e                	mv	a0,s7
   10706:	616010ef          	jal	11d1c <memcmp>
   1070a:	f2000753          	fmv.d.x	fa4,zero
   1070e:	842a                	mv	s0,a0
   10710:	4781                	li	a5,0
   10712:	00092787          	flw	fa5,0(s2)
   10716:	0785                	addi	a5,a5,1
   10718:	0911                	addi	s2,s2,4
   1071a:	420787d3          	fcvt.d.s	fa5,fa5
   1071e:	02f77753          	fadd.d	fa4,fa4,fa5
   10722:	fe97c8e3          	blt	a5,s1,10712 <main+0x5d6>
   10726:	e20706d3          	fmv.x.d	a3,fa4
   1072a:	e2070653          	fmv.x.d	a2,fa4
   1072e:	0000a597          	auipc	a1,0xa
   10732:	dc258593          	addi	a1,a1,-574 # 1a4f0 <__clzdi2+0xde>
   10736:	0000a517          	auipc	a0,0xa
   1073a:	dca50513          	addi	a0,a0,-566 # 1a500 <__clzdi2+0xee>
   1073e:	4dc010ef          	jal	11c1a <printf>
   10742:	0000a597          	auipc	a1,0xa
   10746:	d0658593          	addi	a1,a1,-762 # 1a448 <__clzdi2+0x36>
   1074a:	e409                	bnez	s0,10754 <main+0x618>
   1074c:	0000a597          	auipc	a1,0xa
   10750:	cf458593          	addi	a1,a1,-780 # 1a440 <__clzdi2+0x2e>
   10754:	0000a517          	auipc	a0,0xa
   10758:	dcc50513          	addi	a0,a0,-564 # 1a520 <__clzdi2+0x10e>
   1075c:	4be010ef          	jal	11c1a <printf>
   10760:	00803533          	snez	a0,s0
   10764:	64ea                	ld	s1,152(sp)
   10766:	740a                	ld	s0,160(sp)
   10768:	694a                	ld	s2,144(sp)
   1076a:	69aa                	ld	s3,136(sp)
   1076c:	6a0a                	ld	s4,128(sp)
   1076e:	7ae6                	ld	s5,120(sp)
   10770:	7b46                	ld	s6,112(sp)
   10772:	7ba6                	ld	s7,104(sp)
   10774:	7c06                	ld	s8,96(sp)
   10776:	6ce6                	ld	s9,88(sp)
   10778:	6da6                	ld	s11,72(sp)
   1077a:	a02d                	j	107a4 <main+0x668>
   1077c:	6ce6                	ld	s9,88(sp)
   1077e:	2281b783          	ld	a5,552(gp) # 1bbf8 <_impure_ptr>
   10782:	03000613          	li	a2,48
   10786:	4585                	li	a1,1
   10788:	6f94                	ld	a3,24(a5)
   1078a:	0000a517          	auipc	a0,0xa
   1078e:	d0e50513          	addi	a0,a0,-754 # 1a498 <__clzdi2+0x86>
   10792:	3c4010ef          	jal	11b56 <fwrite>
   10796:	740a                	ld	s0,160(sp)
   10798:	64ea                	ld	s1,152(sp)
   1079a:	694a                	ld	s2,144(sp)
   1079c:	69aa                	ld	s3,136(sp)
   1079e:	6a0a                	ld	s4,128(sp)
   107a0:	7c06                	ld	s8,96(sp)
   107a2:	4509                	li	a0,2
   107a4:	70aa                	ld	ra,168(sp)
   107a6:	614d                	addi	sp,sp,176
   107a8:	8082                	ret
   107aa:	2281b783          	ld	a5,552(gp) # 1bbf8 <_impure_ptr>
   107ae:	04700613          	li	a2,71
   107b2:	4585                	li	a1,1
   107b4:	6f94                	ld	a3,24(a5)
   107b6:	0000a517          	auipc	a0,0xa
   107ba:	c9a50513          	addi	a0,a0,-870 # 1a450 <__clzdi2+0x3e>
   107be:	398010ef          	jal	11b56 <fwrite>
   107c2:	b7c5                	j	107a2 <main+0x666>
   107c4:	0000b797          	auipc	a5,0xb
   107c8:	3ec7a707          	flw	fa4,1004(a5) # 1bbb0 <mask+0x8>
   107cc:	be75                	j	10388 <main+0x24c>
   107ce:	2281b783          	ld	a5,552(gp) # 1bbf8 <_impure_ptr>
   107d2:	4611                	li	a2,4
   107d4:	4585                	li	a1,1
   107d6:	6f94                	ld	a3,24(a5)
   107d8:	0000a517          	auipc	a0,0xa
   107dc:	cf850513          	addi	a0,a0,-776 # 1a4d0 <__clzdi2+0xbe>
   107e0:	376010ef          	jal	11b56 <fwrite>
   107e4:	740a                	ld	s0,160(sp)
   107e6:	64ea                	ld	s1,152(sp)
   107e8:	694a                	ld	s2,144(sp)
   107ea:	69aa                	ld	s3,136(sp)
   107ec:	6a0a                	ld	s4,128(sp)
   107ee:	7ae6                	ld	s5,120(sp)
   107f0:	7b46                	ld	s6,112(sp)
   107f2:	7ba6                	ld	s7,104(sp)
   107f4:	7c06                	ld	s8,96(sp)
   107f6:	6ce6                	ld	s9,88(sp)
   107f8:	6da6                	ld	s11,72(sp)
   107fa:	b765                	j	107a2 <main+0x666>

00000000000107fc <register_fini>:
   107fc:	00000793          	li	a5,0
   10800:	c791                	beqz	a5,1080c <register_fini+0x10>
   10802:	6555                	lui	a0,0x15
   10804:	e0250513          	addi	a0,a0,-510 # 14e02 <__libc_fini_array>
   10808:	0e70106f          	j	120ee <atexit>
   1080c:	8082                	ret

000000000001080e <_start>:
   1080e:	0000b197          	auipc	gp,0xb
   10812:	1c218193          	addi	gp,gp,450 # 1b9d0 <__global_pointer$>
   10816:	0000b517          	auipc	a0,0xb
   1081a:	3ea50513          	addi	a0,a0,1002 # 1bc00 <roi_start_cycles_>
   1081e:	0000c617          	auipc	a2,0xc
   10822:	9b260613          	addi	a2,a2,-1614 # 1c1d0 <__BSS_END__>
   10826:	8e09                	sub	a2,a2,a0
   10828:	4581                	li	a1,0
   1082a:	748010ef          	jal	11f72 <memset>
   1082e:	00002517          	auipc	a0,0x2
   10832:	8c050513          	addi	a0,a0,-1856 # 120ee <atexit>
   10836:	c519                	beqz	a0,10844 <_start+0x36>
   10838:	00004517          	auipc	a0,0x4
   1083c:	5ca50513          	addi	a0,a0,1482 # 14e02 <__libc_fini_array>
   10840:	0af010ef          	jal	120ee <atexit>
   10844:	6cc010ef          	jal	11f10 <__libc_init_array>
   10848:	4502                	lw	a0,0(sp)
   1084a:	002c                	addi	a1,sp,8
   1084c:	4601                	li	a2,0
   1084e:	8efff0ef          	jal	1013c <main>
   10852:	b0f9                	j	10120 <exit>

0000000000010854 <__do_global_dtors_aux>:
   10854:	1141                	addi	sp,sp,-16
   10856:	e022                	sd	s0,0(sp)
   10858:	2781c783          	lbu	a5,632(gp) # 1bc48 <completed.1>
   1085c:	e406                	sd	ra,8(sp)
   1085e:	ef91                	bnez	a5,1087a <__do_global_dtors_aux+0x26>
   10860:	00000793          	li	a5,0
   10864:	cb81                	beqz	a5,10874 <__do_global_dtors_aux+0x20>
   10866:	656d                	lui	a0,0x1b
   10868:	e6050513          	addi	a0,a0,-416 # 1ae60 <__EH_FRAME_BEGIN__>
   1086c:	00000097          	auipc	ra,0x0
   10870:	000000e7          	jalr	zero # 0 <exit-0x10120>
   10874:	4785                	li	a5,1
   10876:	26f18c23          	sb	a5,632(gp) # 1bc48 <completed.1>
   1087a:	60a2                	ld	ra,8(sp)
   1087c:	6402                	ld	s0,0(sp)
   1087e:	0141                	addi	sp,sp,16
   10880:	8082                	ret

0000000000010882 <frame_dummy>:
   10882:	00000793          	li	a5,0
   10886:	cb91                	beqz	a5,1089a <frame_dummy+0x18>
   10888:	656d                	lui	a0,0x1b
   1088a:	28018593          	addi	a1,gp,640 # 1bc50 <object.0>
   1088e:	e6050513          	addi	a0,a0,-416 # 1ae60 <__EH_FRAME_BEGIN__>
   10892:	00000317          	auipc	t1,0x0
   10896:	00000067          	jr	zero # 0 <exit-0x10120>
   1089a:	8082                	ret

000000000001089c <softmax>:
   1089c:	7179                	addi	sp,sp,-48
   1089e:	f406                	sd	ra,40(sp)
   108a0:	f022                	sd	s0,32(sp)
   108a2:	ec26                	sd	s1,24(sp)
   108a4:	e84a                	sd	s2,16(sp)
   108a6:	a422                	fsd	fs0,8(sp)
   108a8:	a026                	fsd	fs1,0(sp)
   108aa:	4785                	li	a5,1
   108ac:	00052507          	flw	fa0,0(a0)
   108b0:	08f58363          	beq	a1,a5,10936 <softmax+0x9a>
   108b4:	ffe5869b          	addiw	a3,a1,-2
   108b8:	02069793          	slli	a5,a3,0x20
   108bc:	20a50453          	fmv.s	fs0,fa0
   108c0:	01e7d693          	srli	a3,a5,0x1e
   108c4:	00850793          	addi	a5,a0,8
   108c8:	96be                	add	a3,a3,a5
   108ca:	00450793          	addi	a5,a0,4
   108ce:	0007a707          	flw	fa4,0(a5)
   108d2:	208407d3          	fmv.s	fa5,fs0
   108d6:	0791                	addi	a5,a5,4
   108d8:	a0e41753          	flt.s	a4,fs0,fa4
   108dc:	c319                	beqz	a4,108e2 <softmax+0x46>
   108de:	20e707d3          	fmv.s	fa5,fa4
   108e2:	20f78453          	fmv.s	fs0,fa5
   108e6:	fed794e3          	bne	a5,a3,108ce <softmax+0x32>
   108ea:	058a                	slli	a1,a1,0x2
   108ec:	f00004d3          	fmv.w.x	fs1,zero
   108f0:	842a                	mv	s0,a0
   108f2:	00b50933          	add	s2,a0,a1
   108f6:	84aa                	mv	s1,a0
   108f8:	a019                	j	108fe <softmax+0x62>
   108fa:	0004a507          	flw	fa0,0(s1)
   108fe:	08857553          	fsub.s	fa0,fa0,fs0
   10902:	0491                	addi	s1,s1,4
   10904:	078000ef          	jal	1097c <expf>
   10908:	fea4ae27          	fsw	fa0,-4(s1)
   1090c:	00a4f4d3          	fadd.s	fs1,fs1,fa0
   10910:	fe9915e3          	bne	s2,s1,108fa <softmax+0x5e>
   10914:	00042787          	flw	fa5,0(s0)
   10918:	0411                	addi	s0,s0,4
   1091a:	1897f7d3          	fdiv.s	fa5,fa5,fs1
   1091e:	fef42e27          	fsw	fa5,-4(s0)
   10922:	fe8919e3          	bne	s2,s0,10914 <softmax+0x78>
   10926:	70a2                	ld	ra,40(sp)
   10928:	7402                	ld	s0,32(sp)
   1092a:	64e2                	ld	s1,24(sp)
   1092c:	6942                	ld	s2,16(sp)
   1092e:	2422                	fld	fs0,8(sp)
   10930:	2482                	fld	fs1,0(sp)
   10932:	6145                	addi	sp,sp,48
   10934:	8082                	ret
   10936:	20a50453          	fmv.s	fs0,fa0
   1093a:	bf45                	j	108ea <softmax+0x4e>

000000000001093c <sqrtf>:
   1093c:	1101                	addi	sp,sp,-32
   1093e:	a422                	fsd	fs0,8(sp)
   10940:	20a50453          	fmv.s	fs0,fa0
   10944:	ec06                	sd	ra,24(sp)
   10946:	17a000ef          	jal	10ac0 <__ieee754_sqrtf>
   1094a:	a08427d3          	feq.s	a5,fs0,fs0
   1094e:	c791                	beqz	a5,1095a <sqrtf+0x1e>
   10950:	f00007d3          	fmv.w.x	fa5,zero
   10954:	a0f417d3          	flt.s	a5,fs0,fa5
   10958:	e789                	bnez	a5,10962 <sqrtf+0x26>
   1095a:	60e2                	ld	ra,24(sp)
   1095c:	2422                	fld	fs0,8(sp)
   1095e:	6105                	addi	sp,sp,32
   10960:	8082                	ret
   10962:	5a8010ef          	jal	11f0a <__errno>
   10966:	60e2                	ld	ra,24(sp)
   10968:	f00007d3          	fmv.w.x	fa5,zero
   1096c:	02100793          	li	a5,33
   10970:	c11c                	sw	a5,0(a0)
   10972:	2422                	fld	fs0,8(sp)
   10974:	18f7f553          	fdiv.s	fa0,fa5,fa5
   10978:	6105                	addi	sp,sp,32
   1097a:	8082                	ret

000000000001097c <expf>:
   1097c:	e00507d3          	fmv.x.w	a5,fa0
   10980:	42a00693          	li	a3,1066
   10984:	0147d71b          	srliw	a4,a5,0x14
   10988:	7ff77713          	andi	a4,a4,2047
   1098c:	0007861b          	sext.w	a2,a5
   10990:	06e6e563          	bltu	a3,a4,109fa <expf+0x7e>
   10994:	f00787d3          	fmv.w.x	fa5,a5
   10998:	67e9                	lui	a5,0x1a
   1099a:	6a878793          	addi	a5,a5,1704 # 1a6a8 <__exp2f_data>
   1099e:	42078753          	fcvt.d.s	fa4,fa5
   109a2:	1207b687          	fld	fa3,288(a5)
   109a6:	1287b787          	fld	fa5,296(a5)
   109aa:	1307b507          	fld	fa0,304(a5)
   109ae:	6ae7f643          	fmadd.d	fa2,fa5,fa4,fa3
   109b2:	1387b007          	fld	ft0,312(a5)
   109b6:	1701b587          	fld	fa1,368(gp) # 1bb40 <__SDATA_BEGIN__>
   109ba:	e2060753          	fmv.x.d	a4,fa2
   109be:	1407b607          	fld	fa2,320(a5)
   109c2:	f20700d3          	fmv.d.x	ft1,a4
   109c6:	01f77693          	andi	a3,a4,31
   109ca:	068e                	slli	a3,a3,0x3
   109cc:	0ad0f6d3          	fsub.d	fa3,ft1,fa3
   109d0:	97b6                	add	a5,a5,a3
   109d2:	639c                	ld	a5,0(a5)
   109d4:	173e                	slli	a4,a4,0x2f
   109d6:	973e                	add	a4,a4,a5
   109d8:	6ae7f7c7          	fmsub.d	fa5,fa5,fa4,fa3
   109dc:	02f57543          	fmadd.d	fa0,fa0,fa5,ft0
   109e0:	5af67743          	fmadd.d	fa4,fa2,fa5,fa1
   109e4:	12f7f7d3          	fmul.d	fa5,fa5,fa5
   109e8:	72f57543          	fmadd.d	fa0,fa0,fa5,fa4
   109ec:	f20707d3          	fmv.d.x	fa5,a4
   109f0:	12f57553          	fmul.d	fa0,fa0,fa5
   109f4:	40157553          	fcvt.s.d	fa0,fa0
   109f8:	8082                	ret
   109fa:	ff8006b7          	lui	a3,0xff800
   109fe:	02d60c63          	beq	a2,a3,10a36 <expf+0xba>
   10a02:	7f700693          	li	a3,2039
   10a06:	02e6e563          	bltu	a3,a4,10a30 <expf+0xb4>
   10a0a:	1e81a787          	flw	fa5,488(gp) # 1bbb8 <mask+0x10>
   10a0e:	a0a79753          	flt.s	a4,fa5,fa0
   10a12:	ef09                	bnez	a4,10a2c <expf+0xb0>
   10a14:	1ec1a787          	flw	fa5,492(gp) # 1bbbc <mask+0x14>
   10a18:	a0f51753          	flt.s	a4,fa0,fa5
   10a1c:	e305                	bnez	a4,10a3c <expf+0xc0>
   10a1e:	1f01a787          	flw	fa5,496(gp) # 1bbc0 <mask+0x18>
   10a22:	a0f51753          	flt.s	a4,fa0,fa5
   10a26:	d73d                	beqz	a4,10994 <expf+0x18>
   10a28:	4501                	li	a0,0
   10a2a:	a0b9                	j	10a78 <__math_may_uflowf>
   10a2c:	4501                	li	a0,0
   10a2e:	a881                	j	10a7e <__math_oflowf>
   10a30:	00a57553          	fadd.s	fa0,fa0,fa0
   10a34:	8082                	ret
   10a36:	f0000553          	fmv.w.x	fa0,zero
   10a3a:	8082                	ret
   10a3c:	4501                	li	a0,0
   10a3e:	a815                	j	10a72 <__math_uflowf>

0000000000010a40 <with_errnof>:
   10a40:	1101                	addi	sp,sp,-32
   10a42:	e822                	sd	s0,16(sp)
   10a44:	ec06                	sd	ra,24(sp)
   10a46:	842a                	mv	s0,a0
   10a48:	00a12627          	fsw	fa0,12(sp)
   10a4c:	4be010ef          	jal	11f0a <__errno>
   10a50:	60e2                	ld	ra,24(sp)
   10a52:	c100                	sw	s0,0(a0)
   10a54:	6442                	ld	s0,16(sp)
   10a56:	00c12507          	flw	fa0,12(sp)
   10a5a:	6105                	addi	sp,sp,32
   10a5c:	8082                	ret

0000000000010a5e <xflowf>:
   10a5e:	20a507d3          	fmv.s	fa5,fa0
   10a62:	c119                	beqz	a0,10a68 <xflowf+0xa>
   10a64:	20a517d3          	fneg.s	fa5,fa0
   10a68:	10a7f553          	fmul.s	fa0,fa5,fa0
   10a6c:	02200513          	li	a0,34
   10a70:	bfc1                	j	10a40 <with_errnof>

0000000000010a72 <__math_uflowf>:
   10a72:	1f41a507          	flw	fa0,500(gp) # 1bbc4 <mask+0x1c>
   10a76:	b7e5                	j	10a5e <xflowf>

0000000000010a78 <__math_may_uflowf>:
   10a78:	1f81a507          	flw	fa0,504(gp) # 1bbc8 <mask+0x20>
   10a7c:	b7cd                	j	10a5e <xflowf>

0000000000010a7e <__math_oflowf>:
   10a7e:	1fc1a507          	flw	fa0,508(gp) # 1bbcc <mask+0x24>
   10a82:	bff1                	j	10a5e <xflowf>

0000000000010a84 <__math_divzerof>:
   10a84:	c911                	beqz	a0,10a98 <__math_divzerof+0x14>
   10a86:	2001a507          	flw	fa0,512(gp) # 1bbd0 <mask+0x28>
   10a8a:	f00007d3          	fmv.w.x	fa5,zero
   10a8e:	02200513          	li	a0,34
   10a92:	18f57553          	fdiv.s	fa0,fa0,fa5
   10a96:	b76d                	j	10a40 <with_errnof>
   10a98:	1e41a507          	flw	fa0,484(gp) # 1bbb4 <mask+0xc>
   10a9c:	f00007d3          	fmv.w.x	fa5,zero
   10aa0:	02200513          	li	a0,34
   10aa4:	18f57553          	fdiv.s	fa0,fa0,fa5
   10aa8:	bf61                	j	10a40 <with_errnof>

0000000000010aaa <__math_invalidf>:
   10aaa:	08a577d3          	fsub.s	fa5,fa0,fa0
   10aae:	a0a527d3          	feq.s	a5,fa0,fa0
   10ab2:	18f7f553          	fdiv.s	fa0,fa5,fa5
   10ab6:	c781                	beqz	a5,10abe <__math_invalidf+0x14>
   10ab8:	02100513          	li	a0,33
   10abc:	b751                	j	10a40 <with_errnof>
   10abe:	8082                	ret

0000000000010ac0 <__ieee754_sqrtf>:
   10ac0:	e0050753          	fmv.x.w	a4,fa0
   10ac4:	7f800637          	lui	a2,0x7f800
   10ac8:	02171693          	slli	a3,a4,0x21
   10acc:	9285                	srli	a3,a3,0x21
   10ace:	0007079b          	sext.w	a5,a4
   10ad2:	0ac6f363          	bgeu	a3,a2,10b78 <__ieee754_sqrtf+0xb8>
   10ad6:	ced1                	beqz	a3,10b72 <__ieee754_sqrtf+0xb2>
   10ad8:	0c07c463          	bltz	a5,10ba0 <__ieee754_sqrtf+0xe0>
   10adc:	8e7d                	and	a2,a2,a5
   10ade:	c645                	beqz	a2,10b86 <__ieee754_sqrtf+0xc6>
   10ae0:	4177d71b          	sraiw	a4,a5,0x17
   10ae4:	00800637          	lui	a2,0x800
   10ae8:	f817071b          	addiw	a4,a4,-127
   10aec:	fff60693          	addi	a3,a2,-1 # 7fffff <__BSS_END__+0x7e3e2f>
   10af0:	8efd                	and	a3,a3,a5
   10af2:	00177793          	andi	a5,a4,1
   10af6:	8ed1                	or	a3,a3,a2
   10af8:	c399                	beqz	a5,10afe <__ieee754_sqrtf+0x3e>
   10afa:	0016969b          	slliw	a3,a3,0x1
   10afe:	4017551b          	sraiw	a0,a4,0x1
   10b02:	0016969b          	slliw	a3,a3,0x1
   10b06:	4665                	li	a2,25
   10b08:	4801                	li	a6,0
   10b0a:	4581                	li	a1,0
   10b0c:	01000737          	lui	a4,0x1000
   10b10:	87b6                	mv	a5,a3
   10b12:	00e586bb          	addw	a3,a1,a4
   10b16:	367d                	addiw	a2,a2,-1
   10b18:	00d7c763          	blt	a5,a3,10b26 <__ieee754_sqrtf+0x66>
   10b1c:	9f95                	subw	a5,a5,a3
   10b1e:	00e685bb          	addw	a1,a3,a4
   10b22:	00e8083b          	addw	a6,a6,a4
   10b26:	0017571b          	srliw	a4,a4,0x1
   10b2a:	0017969b          	slliw	a3,a5,0x1
   10b2e:	f26d                	bnez	a2,10b10 <__ieee754_sqrtf+0x50>
   10b30:	cb85                	beqz	a5,10b60 <__ieee754_sqrtf+0xa0>
   10b32:	2081a787          	flw	fa5,520(gp) # 1bbd8 <one>
   10b36:	2041a687          	flw	fa3,516(gp) # 1bbd4 <tiny>
   10b3a:	2081a707          	flw	fa4,520(gp) # 1bbd8 <one>
   10b3e:	08d7f7d3          	fsub.s	fa5,fa5,fa3
   10b42:	a0f706d3          	fle.s	a3,fa4,fa5
   10b46:	ce89                	beqz	a3,10b60 <__ieee754_sqrtf+0xa0>
   10b48:	2081a787          	flw	fa5,520(gp) # 1bbd8 <one>
   10b4c:	2041a687          	flw	fa3,516(gp) # 1bbd4 <tiny>
   10b50:	2081a707          	flw	fa4,520(gp) # 1bbd8 <one>
   10b54:	00d7f7d3          	fadd.s	fa5,fa5,fa3
   10b58:	a0f717d3          	flt.s	a5,fa4,fa5
   10b5c:	cbb9                	beqz	a5,10bb2 <__ieee754_sqrtf+0xf2>
   10b5e:	2809                	addiw	a6,a6,2
   10b60:	4018581b          	sraiw	a6,a6,0x1
   10b64:	3f0007b7          	lui	a5,0x3f000
   10b68:	0175171b          	slliw	a4,a0,0x17
   10b6c:	010787bb          	addw	a5,a5,a6
   10b70:	9f3d                	addw	a4,a4,a5
   10b72:	f0070553          	fmv.w.x	fa0,a4
   10b76:	8082                	ret
   10b78:	50a577c3          	fmadd.s	fa5,fa0,fa0,fa0
   10b7c:	e0078753          	fmv.x.w	a4,fa5
   10b80:	f0070553          	fmv.w.x	fa0,a4
   10b84:	8082                	ret
   10b86:	4681                	li	a3,0
   10b88:	008005b7          	lui	a1,0x800
   10b8c:	0017979b          	slliw	a5,a5,0x1
   10b90:	00b7f633          	and	a2,a5,a1
   10b94:	8736                	mv	a4,a3
   10b96:	2685                	addiw	a3,a3,1 # ffffffffff800001 <__BSS_END__+0xffffffffff7e3e31>
   10b98:	da75                	beqz	a2,10b8c <__ieee754_sqrtf+0xcc>
   10b9a:	40e0073b          	negw	a4,a4
   10b9e:	b799                	j	10ae4 <__ieee754_sqrtf+0x24>
   10ba0:	08a577d3          	fsub.s	fa5,fa0,fa0
   10ba4:	18f7f7d3          	fdiv.s	fa5,fa5,fa5
   10ba8:	e0078753          	fmv.x.w	a4,fa5
   10bac:	f0070553          	fmv.w.x	fa0,a4
   10bb0:	8082                	ret
   10bb2:	2805                	addiw	a6,a6,1
   10bb4:	ffe87813          	andi	a6,a6,-2
   10bb8:	b765                	j	10b60 <__ieee754_sqrtf+0xa0>

0000000000010bba <m5_arm>:
   10bba:	0000007b          	.word	0x0000007b
   10bbe:	8082                	ret

0000000000010bc0 <m5_quiesce>:
   10bc0:	0200007b          	.word	0x0200007b
   10bc4:	8082                	ret

0000000000010bc6 <m5_quiesce_ns>:
   10bc6:	0400007b          	.word	0x0400007b
   10bca:	8082                	ret

0000000000010bcc <m5_quiesce_cycle>:
   10bcc:	0600007b          	.word	0x0600007b
   10bd0:	8082                	ret

0000000000010bd2 <m5_quiesce_time>:
   10bd2:	0800007b          	.word	0x0800007b
   10bd6:	8082                	ret

0000000000010bd8 <m5_rpns>:
   10bd8:	0e00007b          	.word	0x0e00007b
   10bdc:	8082                	ret

0000000000010bde <m5_wake_cpu>:
   10bde:	1200007b          	.word	0x1200007b
   10be2:	8082                	ret

0000000000010be4 <m5_exit>:
   10be4:	4200007b          	.word	0x4200007b
   10be8:	8082                	ret

0000000000010bea <m5_fail>:
   10bea:	4400007b          	.word	0x4400007b
   10bee:	8082                	ret

0000000000010bf0 <m5_sum>:
   10bf0:	4600007b          	.word	0x4600007b
   10bf4:	8082                	ret

0000000000010bf6 <m5_init_param>:
   10bf6:	6000007b          	.word	0x6000007b
   10bfa:	8082                	ret

0000000000010bfc <m5_load_symbol>:
   10bfc:	6200007b          	.word	0x6200007b
   10c00:	8082                	ret

0000000000010c02 <m5_reset_stats>:
   10c02:	8000007b          	.word	0x8000007b
   10c06:	8082                	ret

0000000000010c08 <m5_dump_stats>:
   10c08:	8200007b          	.word	0x8200007b
   10c0c:	8082                	ret

0000000000010c0e <m5_dump_reset_stats>:
   10c0e:	8400007b          	.word	0x8400007b
   10c12:	8082                	ret

0000000000010c14 <m5_checkpoint>:
   10c14:	8600007b          	.word	0x8600007b
   10c18:	8082                	ret

0000000000010c1a <m5_write_file>:
   10c1a:	9e00007b          	.word	0x9e00007b
   10c1e:	8082                	ret

0000000000010c20 <m5_read_file>:
   10c20:	a000007b          	.word	0xa000007b
   10c24:	8082                	ret

0000000000010c26 <m5_debug_break>:
   10c26:	a200007b          	.word	0xa200007b
   10c2a:	8082                	ret

0000000000010c2c <m5_switch_cpu>:
   10c2c:	a400007b          	.word	0xa400007b
   10c30:	8082                	ret

0000000000010c32 <m5_add_symbol>:
   10c32:	a600007b          	.word	0xa600007b
   10c36:	8082                	ret

0000000000010c38 <m5_panic>:
   10c38:	a800007b          	.word	0xa800007b
   10c3c:	8082                	ret

0000000000010c3e <m5_work_begin>:
   10c3e:	b400007b          	.word	0xb400007b
   10c42:	8082                	ret

0000000000010c44 <m5_work_end>:
   10c44:	b600007b          	.word	0xb600007b
   10c48:	8082                	ret

0000000000010c4a <m5_dist_toggle_sync>:
   10c4a:	c400007b          	.word	0xc400007b
   10c4e:	8082                	ret

0000000000010c50 <m5_workload>:
   10c50:	e000007b          	.word	0xe000007b
   10c54:	8082                	ret

0000000000010c56 <m5_hypercall>:
   10c56:	e200007b          	.word	0xe200007b
   10c5a:	8082                	ret

0000000000010c5c <atoi>:
   10c5c:	1141                	addi	sp,sp,-16
   10c5e:	4629                	li	a2,10
   10c60:	4581                	li	a1,0
   10c62:	e406                	sd	ra,8(sp)
   10c64:	13b000ef          	jal	1159e <strtol>
   10c68:	60a2                	ld	ra,8(sp)
   10c6a:	2501                	sext.w	a0,a0
   10c6c:	0141                	addi	sp,sp,16
   10c6e:	8082                	ret

0000000000010c70 <_atoi_r>:
   10c70:	1141                	addi	sp,sp,-16
   10c72:	46a9                	li	a3,10
   10c74:	4601                	li	a2,0
   10c76:	e406                	sd	ra,8(sp)
   10c78:	0d3000ef          	jal	1154a <_strtol_r>
   10c7c:	60a2                	ld	ra,8(sp)
   10c7e:	2501                	sext.w	a0,a0
   10c80:	0141                	addi	sp,sp,16
   10c82:	8082                	ret

0000000000010c84 <malloc>:
   10c84:	85aa                	mv	a1,a0
   10c86:	2281b503          	ld	a0,552(gp) # 1bbf8 <_impure_ptr>
   10c8a:	a031                	j	10c96 <_malloc_r>

0000000000010c8c <free>:
   10c8c:	85aa                	mv	a1,a0
   10c8e:	2281b503          	ld	a0,552(gp) # 1bbf8 <_impure_ptr>
   10c92:	52e0106f          	j	121c0 <_free_r>

0000000000010c96 <_malloc_r>:
   10c96:	711d                	addi	sp,sp,-96
   10c98:	e8a2                	sd	s0,80(sp)
   10c9a:	ec86                	sd	ra,88(sp)
   10c9c:	01758713          	addi	a4,a1,23 # 800017 <__BSS_END__+0x7e3e47>
   10ca0:	02e00793          	li	a5,46
   10ca4:	842a                	mv	s0,a0
   10ca6:	06e7e363          	bltu	a5,a4,10d0c <_malloc_r+0x76>
   10caa:	02000713          	li	a4,32
   10cae:	04b76863          	bltu	a4,a1,10cfe <_malloc_r+0x68>
   10cb2:	660000ef          	jal	11312 <__malloc_lock>
   10cb6:	02000713          	li	a4,32
   10cba:	05000693          	li	a3,80
   10cbe:	4891                	li	a7,4
   10cc0:	686d                	lui	a6,0x1b
   10cc2:	01880813          	addi	a6,a6,24 # 1b018 <__malloc_av_>
   10cc6:	96c2                	add	a3,a3,a6
   10cc8:	669c                	ld	a5,8(a3)
   10cca:	ff068613          	addi	a2,a3,-16
   10cce:	32c78963          	beq	a5,a2,11000 <_malloc_r+0x36a>
   10cd2:	6798                	ld	a4,8(a5)
   10cd4:	6f90                	ld	a2,24(a5)
   10cd6:	6b8c                	ld	a1,16(a5)
   10cd8:	9b71                	andi	a4,a4,-4
   10cda:	973e                	add	a4,a4,a5
   10cdc:	6714                	ld	a3,8(a4)
   10cde:	ed90                	sd	a2,24(a1)
   10ce0:	ea0c                	sd	a1,16(a2)
   10ce2:	0016e693          	ori	a3,a3,1
   10ce6:	8522                	mv	a0,s0
   10ce8:	e714                	sd	a3,8(a4)
   10cea:	e43e                	sd	a5,8(sp)
   10cec:	628000ef          	jal	11314 <__malloc_unlock>
   10cf0:	67a2                	ld	a5,8(sp)
   10cf2:	60e6                	ld	ra,88(sp)
   10cf4:	6446                	ld	s0,80(sp)
   10cf6:	01078513          	addi	a0,a5,16 # 3f000010 <__BSS_END__+0x3efe3e40>
   10cfa:	6125                	addi	sp,sp,96
   10cfc:	8082                	ret
   10cfe:	47b1                	li	a5,12
   10d00:	c01c                	sw	a5,0(s0)
   10d02:	4501                	li	a0,0
   10d04:	60e6                	ld	ra,88(sp)
   10d06:	6446                	ld	s0,80(sp)
   10d08:	6125                	addi	sp,sp,96
   10d0a:	8082                	ret
   10d0c:	4785                	li	a5,1
   10d0e:	9b41                	andi	a4,a4,-16
   10d10:	07fe                	slli	a5,a5,0x1f
   10d12:	fef776e3          	bgeu	a4,a5,10cfe <_malloc_r+0x68>
   10d16:	feb764e3          	bltu	a4,a1,10cfe <_malloc_r+0x68>
   10d1a:	e43a                	sd	a4,8(sp)
   10d1c:	5f6000ef          	jal	11312 <__malloc_lock>
   10d20:	6722                	ld	a4,8(sp)
   10d22:	1f700793          	li	a5,503
   10d26:	38e7fb63          	bgeu	a5,a4,110bc <_malloc_r+0x426>
   10d2a:	00975793          	srli	a5,a4,0x9
   10d2e:	12078463          	beqz	a5,10e56 <_malloc_r+0x1c0>
   10d32:	4691                	li	a3,4
   10d34:	30f6ed63          	bltu	a3,a5,1104e <_malloc_r+0x3b8>
   10d38:	00675793          	srli	a5,a4,0x6
   10d3c:	0397889b          	addiw	a7,a5,57
   10d40:	0018951b          	slliw	a0,a7,0x1
   10d44:	03878e1b          	addiw	t3,a5,56
   10d48:	050e                	slli	a0,a0,0x3
   10d4a:	686d                	lui	a6,0x1b
   10d4c:	01880813          	addi	a6,a6,24 # 1b018 <__malloc_av_>
   10d50:	9542                	add	a0,a0,a6
   10d52:	651c                	ld	a5,8(a0)
   10d54:	1541                	addi	a0,a0,-16
   10d56:	02f50163          	beq	a0,a5,10d78 <_malloc_r+0xe2>
   10d5a:	437d                	li	t1,31
   10d5c:	a039                	j	10d6a <_malloc_r+0xd4>
   10d5e:	6f8c                	ld	a1,24(a5)
   10d60:	26065d63          	bgez	a2,10fda <_malloc_r+0x344>
   10d64:	00b50a63          	beq	a0,a1,10d78 <_malloc_r+0xe2>
   10d68:	87ae                	mv	a5,a1
   10d6a:	6794                	ld	a3,8(a5)
   10d6c:	9af1                	andi	a3,a3,-4
   10d6e:	40e68633          	sub	a2,a3,a4
   10d72:	fec356e3          	bge	t1,a2,10d5e <_malloc_r+0xc8>
   10d76:	88f2                	mv	a7,t3
   10d78:	02083783          	ld	a5,32(a6)
   10d7c:	6e6d                	lui	t3,0x1b
   10d7e:	028e0e13          	addi	t3,t3,40 # 1b028 <__malloc_av_+0x10>
   10d82:	23c78563          	beq	a5,t3,10fac <_malloc_r+0x316>
   10d86:	0087b303          	ld	t1,8(a5)
   10d8a:	467d                	li	a2,31
   10d8c:	ffc37313          	andi	t1,t1,-4
   10d90:	40e306b3          	sub	a3,t1,a4
   10d94:	34d64b63          	blt	a2,a3,110ea <_malloc_r+0x454>
   10d98:	03c83423          	sd	t3,40(a6)
   10d9c:	03c83023          	sd	t3,32(a6)
   10da0:	3206d663          	bgez	a3,110cc <_malloc_r+0x436>
   10da4:	1ff00693          	li	a3,511
   10da8:	00883583          	ld	a1,8(a6)
   10dac:	2466ef63          	bltu	a3,t1,1100a <_malloc_r+0x374>
   10db0:	00335313          	srli	t1,t1,0x3
   10db4:	00131693          	slli	a3,t1,0x1
   10db8:	2689                	addiw	a3,a3,2
   10dba:	068e                	slli	a3,a3,0x3
   10dbc:	96c2                	add	a3,a3,a6
   10dbe:	6288                	ld	a0,0(a3)
   10dc0:	4023531b          	sraiw	t1,t1,0x2
   10dc4:	4605                	li	a2,1
   10dc6:	00661633          	sll	a2,a2,t1
   10dca:	8dd1                	or	a1,a1,a2
   10dcc:	ff068613          	addi	a2,a3,-16
   10dd0:	eb88                	sd	a0,16(a5)
   10dd2:	ef90                	sd	a2,24(a5)
   10dd4:	00b83423          	sd	a1,8(a6)
   10dd8:	e29c                	sd	a5,0(a3)
   10dda:	ed1c                	sd	a5,24(a0)
   10ddc:	4028d79b          	sraiw	a5,a7,0x2
   10de0:	4505                	li	a0,1
   10de2:	00f51533          	sll	a0,a0,a5
   10de6:	06a5ef63          	bltu	a1,a0,10e64 <_malloc_r+0x1ce>
   10dea:	00b577b3          	and	a5,a0,a1
   10dee:	ef89                	bnez	a5,10e08 <_malloc_r+0x172>
   10df0:	0506                	slli	a0,a0,0x1
   10df2:	ffc8f893          	andi	a7,a7,-4
   10df6:	00b577b3          	and	a5,a0,a1
   10dfa:	2891                	addiw	a7,a7,4
   10dfc:	e791                	bnez	a5,10e08 <_malloc_r+0x172>
   10dfe:	0506                	slli	a0,a0,0x1
   10e00:	00b577b3          	and	a5,a0,a1
   10e04:	2891                	addiw	a7,a7,4
   10e06:	dfe5                	beqz	a5,10dfe <_malloc_r+0x168>
   10e08:	4efd                	li	t4,31
   10e0a:	00189f13          	slli	t5,a7,0x1
   10e0e:	2f09                	addiw	t5,t5,2
   10e10:	0f0e                	slli	t5,t5,0x3
   10e12:	1f41                	addi	t5,t5,-16
   10e14:	9f42                	add	t5,t5,a6
   10e16:	837a                	mv	t1,t5
   10e18:	01833683          	ld	a3,24(t1) # 108aa <softmax+0xe>
   10e1c:	8fc6                	mv	t6,a7
   10e1e:	24d30963          	beq	t1,a3,11070 <_malloc_r+0x3da>
   10e22:	6690                	ld	a2,8(a3)
   10e24:	87b6                	mv	a5,a3
   10e26:	6e94                	ld	a3,24(a3)
   10e28:	9a71                	andi	a2,a2,-4
   10e2a:	40e605b3          	sub	a1,a2,a4
   10e2e:	24beca63          	blt	t4,a1,11082 <_malloc_r+0x3ec>
   10e32:	fe05c6e3          	bltz	a1,10e1e <_malloc_r+0x188>
   10e36:	963e                	add	a2,a2,a5
   10e38:	6618                	ld	a4,8(a2)
   10e3a:	6b8c                	ld	a1,16(a5)
   10e3c:	8522                	mv	a0,s0
   10e3e:	00176713          	ori	a4,a4,1
   10e42:	e618                	sd	a4,8(a2)
   10e44:	ed94                	sd	a3,24(a1)
   10e46:	ea8c                	sd	a1,16(a3)
   10e48:	e43e                	sd	a5,8(sp)
   10e4a:	4ca000ef          	jal	11314 <__malloc_unlock>
   10e4e:	67a2                	ld	a5,8(sp)
   10e50:	01078513          	addi	a0,a5,16
   10e54:	bd45                	j	10d04 <_malloc_r+0x6e>
   10e56:	40000513          	li	a0,1024
   10e5a:	04000893          	li	a7,64
   10e5e:	03f00e13          	li	t3,63
   10e62:	b5e5                	j	10d4a <_malloc_r+0xb4>
   10e64:	01083783          	ld	a5,16(a6)
   10e68:	6794                	ld	a3,8(a5)
   10e6a:	ffc6f893          	andi	a7,a3,-4
   10e6e:	40e88633          	sub	a2,a7,a4
   10e72:	00e8e663          	bltu	a7,a4,10e7e <_malloc_r+0x1e8>
   10e76:	02062693          	slti	a3,a2,32
   10e7a:	12068c63          	beqz	a3,10fb2 <_malloc_r+0x31c>
   10e7e:	2481b583          	ld	a1,584(gp) # 1bc18 <__malloc_top_pad>
   10e82:	2181b603          	ld	a2,536(gp) # 1bbe8 <__malloc_sbrk_base>
   10e86:	56fd                	li	a3,-1
   10e88:	95ba                	add	a1,a1,a4
   10e8a:	30d60d63          	beq	a2,a3,111a4 <_malloc_r+0x50e>
   10e8e:	6685                	lui	a3,0x1
   10e90:	06fd                	addi	a3,a3,31 # 101f <exit-0xf101>
   10e92:	95b6                	add	a1,a1,a3
   10e94:	76fd                	lui	a3,0xfffff
   10e96:	8df5                	and	a1,a1,a3
   10e98:	8522                	mv	a0,s0
   10e9a:	f442                	sd	a6,40(sp)
   10e9c:	f03e                	sd	a5,32(sp)
   10e9e:	ec3a                	sd	a4,24(sp)
   10ea0:	e846                	sd	a7,16(sp)
   10ea2:	e42e                	sd	a1,8(sp)
   10ea4:	7f5000ef          	jal	11e98 <_sbrk_r>
   10ea8:	56fd                	li	a3,-1
   10eaa:	65a2                	ld	a1,8(sp)
   10eac:	68c2                	ld	a7,16(sp)
   10eae:	6762                	ld	a4,24(sp)
   10eb0:	7782                	ld	a5,32(sp)
   10eb2:	7822                	ld	a6,40(sp)
   10eb4:	832a                	mv	t1,a0
   10eb6:	28d50063          	beq	a0,a3,11136 <_malloc_r+0x4a0>
   10eba:	011786b3          	add	a3,a5,a7
   10ebe:	26d56a63          	bltu	a0,a3,11132 <_malloc_r+0x49c>
   10ec2:	2b018e13          	addi	t3,gp,688 # 1bc80 <__malloc_current_mallinfo>
   10ec6:	000e2603          	lw	a2,0(t3)
   10eca:	9e2d                	addw	a2,a2,a1
   10ecc:	00ce2023          	sw	a2,0(t3)
   10ed0:	8532                	mv	a0,a2
   10ed2:	36668863          	beq	a3,t1,11242 <_malloc_r+0x5ac>
   10ed6:	2181bf03          	ld	t5,536(gp) # 1bbe8 <__malloc_sbrk_base>
   10eda:	567d                	li	a2,-1
   10edc:	36cf0f63          	beq	t5,a2,1125a <_malloc_r+0x5c4>
   10ee0:	40d306b3          	sub	a3,t1,a3
   10ee4:	9ea9                	addw	a3,a3,a0
   10ee6:	00de2023          	sw	a3,0(t3)
   10eea:	00f37e93          	andi	t4,t1,15
   10eee:	2c0e8763          	beqz	t4,111bc <_malloc_r+0x526>
   10ef2:	ff037313          	andi	t1,t1,-16
   10ef6:	6685                	lui	a3,0x1
   10ef8:	0341                	addi	t1,t1,16
   10efa:	06c1                	addi	a3,a3,16 # 1010 <exit-0xf110>
   10efc:	00b30633          	add	a2,t1,a1
   10f00:	41d685b3          	sub	a1,a3,t4
   10f04:	8d91                	sub	a1,a1,a2
   10f06:	15d2                	slli	a1,a1,0x34
   10f08:	91d1                	srli	a1,a1,0x34
   10f0a:	8522                	mv	a0,s0
   10f0c:	e0c2                	sd	a6,64(sp)
   10f0e:	fc72                	sd	t3,56(sp)
   10f10:	f83e                	sd	a5,48(sp)
   10f12:	f43a                	sd	a4,40(sp)
   10f14:	f046                	sd	a7,32(sp)
   10f16:	ec1a                	sd	t1,24(sp)
   10f18:	e876                	sd	t4,16(sp)
   10f1a:	e432                	sd	a2,8(sp)
   10f1c:	e4ae                	sd	a1,72(sp)
   10f1e:	77b000ef          	jal	11e98 <_sbrk_r>
   10f22:	86aa                	mv	a3,a0
   10f24:	557d                	li	a0,-1
   10f26:	6622                	ld	a2,8(sp)
   10f28:	6ec2                	ld	t4,16(sp)
   10f2a:	6362                	ld	t1,24(sp)
   10f2c:	7882                	ld	a7,32(sp)
   10f2e:	7722                	ld	a4,40(sp)
   10f30:	77c2                	ld	a5,48(sp)
   10f32:	7e62                	ld	t3,56(sp)
   10f34:	6806                	ld	a6,64(sp)
   10f36:	36a68563          	beq	a3,a0,112a0 <_malloc_r+0x60a>
   10f3a:	65a6                	ld	a1,72(sp)
   10f3c:	0005851b          	sext.w	a0,a1
   10f40:	000e2603          	lw	a2,0(t3)
   10f44:	406686b3          	sub	a3,a3,t1
   10f48:	96ae                	add	a3,a3,a1
   10f4a:	0016e693          	ori	a3,a3,1
   10f4e:	00683823          	sd	t1,16(a6)
   10f52:	9e29                	addw	a2,a2,a0
   10f54:	00d33423          	sd	a3,8(t1)
   10f58:	00ce2023          	sw	a2,0(t3)
   10f5c:	03078a63          	beq	a5,a6,10f90 <_malloc_r+0x2fa>
   10f60:	457d                	li	a0,31
   10f62:	2f157f63          	bgeu	a0,a7,11260 <_malloc_r+0x5ca>
   10f66:	678c                	ld	a1,8(a5)
   10f68:	fe888693          	addi	a3,a7,-24
   10f6c:	cd817057          	vsetivli	zero,2,e64,m1,ta,ma
   10f70:	9ac1                	andi	a3,a3,-16
   10f72:	5e04b0d7          	vmv.v.i	v1,9
   10f76:	8985                	andi	a1,a1,1
   10f78:	8dd5                	or	a1,a1,a3
   10f7a:	00d788b3          	add	a7,a5,a3
   10f7e:	e78c                	sd	a1,8(a5)
   10f80:	00888593          	addi	a1,a7,8
   10f84:	0205f0a7          	vse64.v	v1,(a1)
   10f88:	32d56663          	bltu	a0,a3,112b4 <_malloc_r+0x61e>
   10f8c:	00833683          	ld	a3,8(t1)
   10f90:	2401b583          	ld	a1,576(gp) # 1bc10 <__malloc_max_sbrked_mem>
   10f94:	00c5f463          	bgeu	a1,a2,10f9c <_malloc_r+0x306>
   10f98:	24c1b023          	sd	a2,576(gp) # 1bc10 <__malloc_max_sbrked_mem>
   10f9c:	2381b583          	ld	a1,568(gp) # 1bc08 <__malloc_max_total_mem>
   10fa0:	00c5f463          	bgeu	a1,a2,10fa8 <_malloc_r+0x312>
   10fa4:	22c1bc23          	sd	a2,568(gp) # 1bc08 <__malloc_max_total_mem>
   10fa8:	879a                	mv	a5,t1
   10faa:	aa49                	j	1113c <_malloc_r+0x4a6>
   10fac:	00883583          	ld	a1,8(a6)
   10fb0:	b535                	j	10ddc <_malloc_r+0x146>
   10fb2:	00176693          	ori	a3,a4,1
   10fb6:	e794                	sd	a3,8(a5)
   10fb8:	973e                	add	a4,a4,a5
   10fba:	00166613          	ori	a2,a2,1
   10fbe:	00e83823          	sd	a4,16(a6)
   10fc2:	8522                	mv	a0,s0
   10fc4:	e710                	sd	a2,8(a4)
   10fc6:	e43e                	sd	a5,8(sp)
   10fc8:	34c000ef          	jal	11314 <__malloc_unlock>
   10fcc:	67a2                	ld	a5,8(sp)
   10fce:	60e6                	ld	ra,88(sp)
   10fd0:	6446                	ld	s0,80(sp)
   10fd2:	01078513          	addi	a0,a5,16
   10fd6:	6125                	addi	sp,sp,96
   10fd8:	8082                	ret
   10fda:	6b90                	ld	a2,16(a5)
   10fdc:	96be                	add	a3,a3,a5
   10fde:	6698                	ld	a4,8(a3)
   10fe0:	ee0c                	sd	a1,24(a2)
   10fe2:	e990                	sd	a2,16(a1)
   10fe4:	00176713          	ori	a4,a4,1
   10fe8:	8522                	mv	a0,s0
   10fea:	e698                	sd	a4,8(a3)
   10fec:	e43e                	sd	a5,8(sp)
   10fee:	326000ef          	jal	11314 <__malloc_unlock>
   10ff2:	67a2                	ld	a5,8(sp)
   10ff4:	60e6                	ld	ra,88(sp)
   10ff6:	6446                	ld	s0,80(sp)
   10ff8:	01078513          	addi	a0,a5,16
   10ffc:	6125                	addi	sp,sp,96
   10ffe:	8082                	ret
   11000:	6e9c                	ld	a5,24(a3)
   11002:	2889                	addiw	a7,a7,2
   11004:	d6f68ae3          	beq	a3,a5,10d78 <_malloc_r+0xe2>
   11008:	b1e9                	j	10cd2 <_malloc_r+0x3c>
   1100a:	00935693          	srli	a3,t1,0x9
   1100e:	4611                	li	a2,4
   11010:	10d67763          	bgeu	a2,a3,1111e <_malloc_r+0x488>
   11014:	4651                	li	a2,20
   11016:	1ed66263          	bltu	a2,a3,111fa <_malloc_r+0x564>
   1101a:	00169513          	slli	a0,a3,0x1
   1101e:	0b85051b          	addiw	a0,a0,184
   11022:	050e                	slli	a0,a0,0x3
   11024:	05b6861b          	addiw	a2,a3,91
   11028:	9542                	add	a0,a0,a6
   1102a:	6114                	ld	a3,0(a0)
   1102c:	1541                	addi	a0,a0,-16
   1102e:	00d51663          	bne	a0,a3,1103a <_malloc_r+0x3a4>
   11032:	aaa5                	j	111aa <_malloc_r+0x514>
   11034:	6a94                	ld	a3,16(a3)
   11036:	00d50663          	beq	a0,a3,11042 <_malloc_r+0x3ac>
   1103a:	6690                	ld	a2,8(a3)
   1103c:	9a71                	andi	a2,a2,-4
   1103e:	fec36be3          	bltu	t1,a2,11034 <_malloc_r+0x39e>
   11042:	6e88                	ld	a0,24(a3)
   11044:	ef88                	sd	a0,24(a5)
   11046:	eb94                	sd	a3,16(a5)
   11048:	e91c                	sd	a5,16(a0)
   1104a:	ee9c                	sd	a5,24(a3)
   1104c:	bb41                	j	10ddc <_malloc_r+0x146>
   1104e:	46d1                	li	a3,20
   11050:	10f6f363          	bgeu	a3,a5,11156 <_malloc_r+0x4c0>
   11054:	05400693          	li	a3,84
   11058:	1af6ef63          	bltu	a3,a5,11216 <_malloc_r+0x580>
   1105c:	00c75793          	srli	a5,a4,0xc
   11060:	06f7889b          	addiw	a7,a5,111
   11064:	0018951b          	slliw	a0,a7,0x1
   11068:	06e78e1b          	addiw	t3,a5,110
   1106c:	050e                	slli	a0,a0,0x3
   1106e:	b9f1                	j	10d4a <_malloc_r+0xb4>
   11070:	2f85                	addiw	t6,t6,1
   11072:	003ff793          	andi	a5,t6,3
   11076:	0341                	addi	t1,t1,16
   11078:	0e078c63          	beqz	a5,11170 <_malloc_r+0x4da>
   1107c:	01833683          	ld	a3,24(t1)
   11080:	bb79                	j	10e1e <_malloc_r+0x188>
   11082:	6b88                	ld	a0,16(a5)
   11084:	00176893          	ori	a7,a4,1
   11088:	0117b423          	sd	a7,8(a5)
   1108c:	ed14                	sd	a3,24(a0)
   1108e:	ea88                	sd	a0,16(a3)
   11090:	973e                	add	a4,a4,a5
   11092:	02e83423          	sd	a4,40(a6)
   11096:	02e83023          	sd	a4,32(a6)
   1109a:	0015e693          	ori	a3,a1,1
   1109e:	963e                	add	a2,a2,a5
   110a0:	01c73c23          	sd	t3,24(a4) # 1000018 <__BSS_END__+0xfe3e48>
   110a4:	01c73823          	sd	t3,16(a4)
   110a8:	e714                	sd	a3,8(a4)
   110aa:	8522                	mv	a0,s0
   110ac:	e20c                	sd	a1,0(a2)
   110ae:	e43e                	sd	a5,8(sp)
   110b0:	264000ef          	jal	11314 <__malloc_unlock>
   110b4:	67a2                	ld	a5,8(sp)
   110b6:	01078513          	addi	a0,a5,16
   110ba:	b1a9                	j	10d04 <_malloc_r+0x6e>
   110bc:	00375893          	srli	a7,a4,0x3
   110c0:	00189693          	slli	a3,a7,0x1
   110c4:	2689                	addiw	a3,a3,2
   110c6:	068e                	slli	a3,a3,0x3
   110c8:	2881                	sext.w	a7,a7
   110ca:	bedd                	j	10cc0 <_malloc_r+0x2a>
   110cc:	933e                	add	t1,t1,a5
   110ce:	00833703          	ld	a4,8(t1)
   110d2:	8522                	mv	a0,s0
   110d4:	e43e                	sd	a5,8(sp)
   110d6:	00176713          	ori	a4,a4,1
   110da:	00e33423          	sd	a4,8(t1)
   110de:	236000ef          	jal	11314 <__malloc_unlock>
   110e2:	67a2                	ld	a5,8(sp)
   110e4:	01078513          	addi	a0,a5,16
   110e8:	b931                	j	10d04 <_malloc_r+0x6e>
   110ea:	00176613          	ori	a2,a4,1
   110ee:	e790                	sd	a2,8(a5)
   110f0:	973e                	add	a4,a4,a5
   110f2:	02e83423          	sd	a4,40(a6)
   110f6:	02e83023          	sd	a4,32(a6)
   110fa:	0016e613          	ori	a2,a3,1
   110fe:	933e                	add	t1,t1,a5
   11100:	01c73c23          	sd	t3,24(a4)
   11104:	01c73823          	sd	t3,16(a4)
   11108:	e710                	sd	a2,8(a4)
   1110a:	8522                	mv	a0,s0
   1110c:	00d33023          	sd	a3,0(t1)
   11110:	e43e                	sd	a5,8(sp)
   11112:	202000ef          	jal	11314 <__malloc_unlock>
   11116:	67a2                	ld	a5,8(sp)
   11118:	01078513          	addi	a0,a5,16
   1111c:	b6e5                	j	10d04 <_malloc_r+0x6e>
   1111e:	00635693          	srli	a3,t1,0x6
   11122:	00169513          	slli	a0,a3,0x1
   11126:	0725051b          	addiw	a0,a0,114
   1112a:	050e                	slli	a0,a0,0x3
   1112c:	0386861b          	addiw	a2,a3,56
   11130:	bde5                	j	11028 <_malloc_r+0x392>
   11132:	11078063          	beq	a5,a6,11232 <_malloc_r+0x59c>
   11136:	01083783          	ld	a5,16(a6)
   1113a:	6794                	ld	a3,8(a5)
   1113c:	9af1                	andi	a3,a3,-4
   1113e:	40e68633          	sub	a2,a3,a4
   11142:	00e6e663          	bltu	a3,a4,1114e <_malloc_r+0x4b8>
   11146:	02062693          	slti	a3,a2,32
   1114a:	e60684e3          	beqz	a3,10fb2 <_malloc_r+0x31c>
   1114e:	8522                	mv	a0,s0
   11150:	1c4000ef          	jal	11314 <__malloc_unlock>
   11154:	b67d                	j	10d02 <_malloc_r+0x6c>
   11156:	05c7889b          	addiw	a7,a5,92
   1115a:	0018951b          	slliw	a0,a7,0x1
   1115e:	05b78e1b          	addiw	t3,a5,91
   11162:	050e                	slli	a0,a0,0x3
   11164:	b6dd                	j	10d4a <_malloc_r+0xb4>
   11166:	010f3783          	ld	a5,16(t5)
   1116a:	38fd                	addiw	a7,a7,-1
   1116c:	1be79063          	bne	a5,t5,1130c <_malloc_r+0x676>
   11170:	0038f793          	andi	a5,a7,3
   11174:	1f41                	addi	t5,t5,-16
   11176:	fbe5                	bnez	a5,11166 <_malloc_r+0x4d0>
   11178:	00883683          	ld	a3,8(a6)
   1117c:	fff54793          	not	a5,a0
   11180:	8ff5                	and	a5,a5,a3
   11182:	00f83423          	sd	a5,8(a6)
   11186:	0506                	slli	a0,a0,0x1
   11188:	fff50693          	addi	a3,a0,-1
   1118c:	ccf6fce3          	bgeu	a3,a5,10e64 <_malloc_r+0x1ce>
   11190:	00f576b3          	and	a3,a0,a5
   11194:	e691                	bnez	a3,111a0 <_malloc_r+0x50a>
   11196:	0506                	slli	a0,a0,0x1
   11198:	00f576b3          	and	a3,a0,a5
   1119c:	2f91                	addiw	t6,t6,4
   1119e:	dee5                	beqz	a3,11196 <_malloc_r+0x500>
   111a0:	88fe                	mv	a7,t6
   111a2:	b1a5                	j	10e0a <_malloc_r+0x174>
   111a4:	02058593          	addi	a1,a1,32
   111a8:	b9c5                	j	10e98 <_malloc_r+0x202>
   111aa:	4026561b          	sraiw	a2,a2,0x2
   111ae:	4305                	li	t1,1
   111b0:	00c31633          	sll	a2,t1,a2
   111b4:	8dd1                	or	a1,a1,a2
   111b6:	00b83423          	sd	a1,8(a6)
   111ba:	b569                	j	11044 <_malloc_r+0x3ae>
   111bc:	00b30633          	add	a2,t1,a1
   111c0:	40c005b3          	neg	a1,a2
   111c4:	15d2                	slli	a1,a1,0x34
   111c6:	91d1                	srli	a1,a1,0x34
   111c8:	8522                	mv	a0,s0
   111ca:	fc42                	sd	a6,56(sp)
   111cc:	f872                	sd	t3,48(sp)
   111ce:	f43e                	sd	a5,40(sp)
   111d0:	f03a                	sd	a4,32(sp)
   111d2:	ec46                	sd	a7,24(sp)
   111d4:	e81a                	sd	t1,16(sp)
   111d6:	e432                	sd	a2,8(sp)
   111d8:	e0ae                	sd	a1,64(sp)
   111da:	4bf000ef          	jal	11e98 <_sbrk_r>
   111de:	86aa                	mv	a3,a0
   111e0:	557d                	li	a0,-1
   111e2:	6342                	ld	t1,16(sp)
   111e4:	68e2                	ld	a7,24(sp)
   111e6:	7702                	ld	a4,32(sp)
   111e8:	77a2                	ld	a5,40(sp)
   111ea:	7e42                	ld	t3,48(sp)
   111ec:	7862                	ld	a6,56(sp)
   111ee:	0aa68f63          	beq	a3,a0,112ac <_malloc_r+0x616>
   111f2:	6586                	ld	a1,64(sp)
   111f4:	0005851b          	sext.w	a0,a1
   111f8:	b3a1                	j	10f40 <_malloc_r+0x2aa>
   111fa:	05400613          	li	a2,84
   111fe:	06d66563          	bltu	a2,a3,11268 <_malloc_r+0x5d2>
   11202:	00c35693          	srli	a3,t1,0xc
   11206:	00169513          	slli	a0,a3,0x1
   1120a:	0de5051b          	addiw	a0,a0,222
   1120e:	050e                	slli	a0,a0,0x3
   11210:	06e6861b          	addiw	a2,a3,110
   11214:	bd11                	j	11028 <_malloc_r+0x392>
   11216:	15400693          	li	a3,340
   1121a:	06f6e563          	bltu	a3,a5,11284 <_malloc_r+0x5ee>
   1121e:	00f75793          	srli	a5,a4,0xf
   11222:	0787889b          	addiw	a7,a5,120
   11226:	0018951b          	slliw	a0,a7,0x1
   1122a:	07778e1b          	addiw	t3,a5,119
   1122e:	050e                	slli	a0,a0,0x3
   11230:	be29                	j	10d4a <_malloc_r+0xb4>
   11232:	2b018e13          	addi	t3,gp,688 # 1bc80 <__malloc_current_mallinfo>
   11236:	000e2503          	lw	a0,0(t3)
   1123a:	9d2d                	addw	a0,a0,a1
   1123c:	00ae2023          	sw	a0,0(t3)
   11240:	b959                	j	10ed6 <_malloc_r+0x240>
   11242:	03431f13          	slli	t5,t1,0x34
   11246:	c80f18e3          	bnez	t5,10ed6 <_malloc_r+0x240>
   1124a:	01083303          	ld	t1,16(a6)
   1124e:	95c6                	add	a1,a1,a7
   11250:	0015e693          	ori	a3,a1,1
   11254:	00d33423          	sd	a3,8(t1)
   11258:	bb25                	j	10f90 <_malloc_r+0x2fa>
   1125a:	2061bc23          	sd	t1,536(gp) # 1bbe8 <__malloc_sbrk_base>
   1125e:	b171                	j	10eea <_malloc_r+0x254>
   11260:	4785                	li	a5,1
   11262:	00f33423          	sd	a5,8(t1)
   11266:	b5e5                	j	1114e <_malloc_r+0x4b8>
   11268:	15400613          	li	a2,340
   1126c:	06d66663          	bltu	a2,a3,112d8 <_malloc_r+0x642>
   11270:	00f35693          	srli	a3,t1,0xf
   11274:	00169513          	slli	a0,a3,0x1
   11278:	0f05051b          	addiw	a0,a0,240
   1127c:	050e                	slli	a0,a0,0x3
   1127e:	0776861b          	addiw	a2,a3,119
   11282:	b35d                	j	11028 <_malloc_r+0x392>
   11284:	55400693          	li	a3,1364
   11288:	06f6e663          	bltu	a3,a5,112f4 <_malloc_r+0x65e>
   1128c:	01275793          	srli	a5,a4,0x12
   11290:	07d7889b          	addiw	a7,a5,125
   11294:	0018951b          	slliw	a0,a7,0x1
   11298:	07c78e1b          	addiw	t3,a5,124
   1129c:	050e                	slli	a0,a0,0x3
   1129e:	b475                	j	10d4a <_malloc_r+0xb4>
   112a0:	1ec1                	addi	t4,t4,-16 # ffffffffff7ffff0 <__BSS_END__+0xffffffffff7e3e20>
   112a2:	01d606b3          	add	a3,a2,t4
   112a6:	4501                	li	a0,0
   112a8:	4581                	li	a1,0
   112aa:	b959                	j	10f40 <_malloc_r+0x2aa>
   112ac:	66a2                	ld	a3,8(sp)
   112ae:	4581                	li	a1,0
   112b0:	4501                	li	a0,0
   112b2:	b179                	j	10f40 <_malloc_r+0x2aa>
   112b4:	01078593          	addi	a1,a5,16
   112b8:	8522                	mv	a0,s0
   112ba:	ec42                	sd	a6,24(sp)
   112bc:	e872                	sd	t3,16(sp)
   112be:	e43a                	sd	a4,8(sp)
   112c0:	701000ef          	jal	121c0 <_free_r>
   112c4:	6862                	ld	a6,24(sp)
   112c6:	6e42                	ld	t3,16(sp)
   112c8:	6722                	ld	a4,8(sp)
   112ca:	01083303          	ld	t1,16(a6)
   112ce:	000e2603          	lw	a2,0(t3)
   112d2:	00833683          	ld	a3,8(t1)
   112d6:	b96d                	j	10f90 <_malloc_r+0x2fa>
   112d8:	55400613          	li	a2,1364
   112dc:	02d66363          	bltu	a2,a3,11302 <_malloc_r+0x66c>
   112e0:	01235693          	srli	a3,t1,0x12
   112e4:	00169513          	slli	a0,a3,0x1
   112e8:	0fa5051b          	addiw	a0,a0,250
   112ec:	050e                	slli	a0,a0,0x3
   112ee:	07c6861b          	addiw	a2,a3,124
   112f2:	bb1d                	j	11028 <_malloc_r+0x392>
   112f4:	7f000513          	li	a0,2032
   112f8:	07f00893          	li	a7,127
   112fc:	07e00e13          	li	t3,126
   11300:	b4a9                	j	10d4a <_malloc_r+0xb4>
   11302:	7f000513          	li	a0,2032
   11306:	07e00613          	li	a2,126
   1130a:	bb39                	j	11028 <_malloc_r+0x392>
   1130c:	00883783          	ld	a5,8(a6)
   11310:	bd9d                	j	11186 <_malloc_r+0x4f0>

0000000000011312 <__malloc_lock>:
   11312:	8082                	ret

0000000000011314 <__malloc_unlock>:
   11314:	8082                	ret

0000000000011316 <_strtol_l.part.0>:
   11316:	1141                	addi	sp,sp,-16
   11318:	68e9                	lui	a7,0x1a
   1131a:	e422                	sd	s0,8(sp)
   1131c:	87ae                	mv	a5,a1
   1131e:	842a                	mv	s0,a0
   11320:	7f188893          	addi	a7,a7,2033 # 1a7f1 <_ctype_+0x1>
   11324:	833e                	mv	t1,a5
   11326:	0007c803          	lbu	a6,0(a5)
   1132a:	0785                	addi	a5,a5,1
   1132c:	01088733          	add	a4,a7,a6
   11330:	00074703          	lbu	a4,0(a4)
   11334:	8b21                	andi	a4,a4,8
   11336:	f77d                	bnez	a4,11324 <_strtol_l.part.0+0xe>
   11338:	02d00713          	li	a4,45
   1133c:	0008089b          	sext.w	a7,a6
   11340:	fef6ff93          	andi	t6,a3,-17
   11344:	0ee80063          	beq	a6,a4,11424 <_strtol_l.part.0+0x10e>
   11348:	02b00713          	li	a4,43
   1134c:	02e88563          	beq	a7,a4,11376 <_strtol_l.part.0+0x60>
   11350:	020f9963          	bnez	t6,11382 <_strtol_l.part.0+0x6c>
   11354:	03000713          	li	a4,48
   11358:	16e88d63          	beq	a7,a4,114d2 <_strtol_l.part.0+0x1bc>
   1135c:	14068c63          	beqz	a3,114b4 <_strtol_l.part.0+0x19e>
   11360:	537d                	li	t1,-1
   11362:	46c1                	li	a3,16
   11364:	00535313          	srli	t1,t1,0x5
   11368:	82b6                	mv	t0,a3
   1136a:	4fbd                	li	t6,15
   1136c:	577d                	li	a4,-1
   1136e:	00175393          	srli	t2,a4,0x1
   11372:	4f01                	li	t5,0
   11374:	a01d                	j	1139a <_strtol_l.part.0+0x84>
   11376:	0007c883          	lbu	a7,0(a5)
   1137a:	00230793          	addi	a5,t1,2
   1137e:	0e0f8f63          	beqz	t6,1147c <_strtol_l.part.0+0x166>
   11382:	537d                	li	t1,-1
   11384:	00135313          	srli	t1,t1,0x1
   11388:	02d37533          	remu	a0,t1,a3
   1138c:	839a                	mv	t2,t1
   1138e:	82b6                	mv	t0,a3
   11390:	4f01                	li	t5,0
   11392:	02d35333          	divu	t1,t1,a3
   11396:	00050f9b          	sext.w	t6,a0
   1139a:	4801                	li	a6,0
   1139c:	4501                	li	a0,0
   1139e:	4e25                	li	t3,9
   113a0:	4ee5                	li	t4,25
   113a2:	fd08871b          	addiw	a4,a7,-48
   113a6:	00ee7863          	bgeu	t3,a4,113b6 <_strtol_l.part.0+0xa0>
   113aa:	fbf8871b          	addiw	a4,a7,-65
   113ae:	02eee663          	bltu	t4,a4,113da <_strtol_l.part.0+0xc4>
   113b2:	fc98871b          	addiw	a4,a7,-55
   113b6:	02d75a63          	bge	a4,a3,113ea <_strtol_l.part.0+0xd4>
   113ba:	0805                	addi	a6,a6,1
   113bc:	00080d63          	beqz	a6,113d6 <_strtol_l.part.0+0xc0>
   113c0:	00a36b63          	bltu	t1,a0,113d6 <_strtol_l.part.0+0xc0>
   113c4:	04651163          	bne	a0,t1,11406 <_strtol_l.part.0+0xf0>
   113c8:	587d                	li	a6,-1
   113ca:	02efde63          	bge	t6,a4,11406 <_strtol_l.part.0+0xf0>
   113ce:	0785                	addi	a5,a5,1
   113d0:	fff7c883          	lbu	a7,-1(a5)
   113d4:	b7f9                	j	113a2 <_strtol_l.part.0+0x8c>
   113d6:	587d                	li	a6,-1
   113d8:	bfdd                	j	113ce <_strtol_l.part.0+0xb8>
   113da:	f9f8871b          	addiw	a4,a7,-97
   113de:	00eee663          	bltu	t4,a4,113ea <_strtol_l.part.0+0xd4>
   113e2:	fa98871b          	addiw	a4,a7,-87
   113e6:	fcd74ae3          	blt	a4,a3,113ba <_strtol_l.part.0+0xa4>
   113ea:	577d                	li	a4,-1
   113ec:	02e80363          	beq	a6,a4,11412 <_strtol_l.part.0+0xfc>
   113f0:	000f0463          	beqz	t5,113f8 <_strtol_l.part.0+0xe2>
   113f4:	40a00533          	neg	a0,a0
   113f8:	c601                	beqz	a2,11400 <_strtol_l.part.0+0xea>
   113fa:	06081f63          	bnez	a6,11478 <_strtol_l.part.0+0x162>
   113fe:	e20c                	sd	a1,0(a2)
   11400:	6422                	ld	s0,8(sp)
   11402:	0141                	addi	sp,sp,16
   11404:	8082                	ret
   11406:	025508b3          	mul	a7,a0,t0
   1140a:	4805                	li	a6,1
   1140c:	01170533          	add	a0,a4,a7
   11410:	bf7d                	j	113ce <_strtol_l.part.0+0xb8>
   11412:	02200693          	li	a3,34
   11416:	c014                	sw	a3,0(s0)
   11418:	851e                	mv	a0,t2
   1141a:	d27d                	beqz	a2,11400 <_strtol_l.part.0+0xea>
   1141c:	fff78593          	addi	a1,a5,-1
   11420:	851e                	mv	a0,t2
   11422:	bff1                	j	113fe <_strtol_l.part.0+0xe8>
   11424:	0007c883          	lbu	a7,0(a5)
   11428:	00230793          	addi	a5,t1,2
   1142c:	020f9a63          	bnez	t6,11460 <_strtol_l.part.0+0x14a>
   11430:	03000713          	li	a4,48
   11434:	0ce88263          	beq	a7,a4,114f8 <_strtol_l.part.0+0x1e2>
   11438:	e2f5                	bnez	a3,1151c <_strtol_l.part.0+0x206>
   1143a:	33333737          	lui	a4,0x33333
   1143e:	03333337          	lui	t1,0x3333
   11442:	33370713          	addi	a4,a4,819 # 33333333 <__BSS_END__+0x33317163>
   11446:	33330313          	addi	t1,t1,819 # 3333333 <__BSS_END__+0x3317163>
   1144a:	070a                	slli	a4,a4,0x2
   1144c:	130a                	slli	t1,t1,0x22
   1144e:	933a                	add	t1,t1,a4
   11450:	46a9                	li	a3,10
   11452:	577d                	li	a4,-1
   11454:	82b6                	mv	t0,a3
   11456:	03f71393          	slli	t2,a4,0x3f
   1145a:	4fa1                	li	t6,8
   1145c:	4f05                	li	t5,1
   1145e:	bf35                	j	1139a <_strtol_l.part.0+0x84>
   11460:	537d                	li	t1,-1
   11462:	137e                	slli	t1,t1,0x3f
   11464:	02d37533          	remu	a0,t1,a3
   11468:	839a                	mv	t2,t1
   1146a:	82b6                	mv	t0,a3
   1146c:	4f05                	li	t5,1
   1146e:	02d35333          	divu	t1,t1,a3
   11472:	00050f9b          	sext.w	t6,a0
   11476:	b715                	j	1139a <_strtol_l.part.0+0x84>
   11478:	83aa                	mv	t2,a0
   1147a:	b74d                	j	1141c <_strtol_l.part.0+0x106>
   1147c:	03000713          	li	a4,48
   11480:	ece89ee3          	bne	a7,a4,1135c <_strtol_l.part.0+0x46>
   11484:	00234703          	lbu	a4,2(t1)
   11488:	05800513          	li	a0,88
   1148c:	0df77713          	andi	a4,a4,223
   11490:	06a71063          	bne	a4,a0,114f0 <_strtol_l.part.0+0x1da>
   11494:	00334883          	lbu	a7,3(t1)
   11498:	46c1                	li	a3,16
   1149a:	82b6                	mv	t0,a3
   1149c:	00430793          	addi	a5,t1,4
   114a0:	537d                	li	t1,-1
   114a2:	00135313          	srli	t1,t1,0x1
   114a6:	02537533          	remu	a0,t1,t0
   114aa:	02535333          	divu	t1,t1,t0
   114ae:	00050f9b          	sext.w	t6,a0
   114b2:	bd6d                	j	1136c <_strtol_l.part.0+0x56>
   114b4:	33333737          	lui	a4,0x33333
   114b8:	03333337          	lui	t1,0x3333
   114bc:	33370713          	addi	a4,a4,819 # 33333333 <__BSS_END__+0x33317163>
   114c0:	33330313          	addi	t1,t1,819 # 3333333 <__BSS_END__+0x3317163>
   114c4:	070a                	slli	a4,a4,0x2
   114c6:	130a                	slli	t1,t1,0x22
   114c8:	46a9                	li	a3,10
   114ca:	933a                	add	t1,t1,a4
   114cc:	82b6                	mv	t0,a3
   114ce:	4f9d                	li	t6,7
   114d0:	bd71                	j	1136c <_strtol_l.part.0+0x56>
   114d2:	0007c703          	lbu	a4,0(a5)
   114d6:	05800513          	li	a0,88
   114da:	0df77713          	andi	a4,a4,223
   114de:	00a71963          	bne	a4,a0,114f0 <_strtol_l.part.0+0x1da>
   114e2:	46c1                	li	a3,16
   114e4:	0017c883          	lbu	a7,1(a5)
   114e8:	82b6                	mv	t0,a3
   114ea:	00330793          	addi	a5,t1,3
   114ee:	bf4d                	j	114a0 <_strtol_l.part.0+0x18a>
   114f0:	e6b9                	bnez	a3,1153e <_strtol_l.part.0+0x228>
   114f2:	46a1                	li	a3,8
   114f4:	82b6                	mv	t0,a3
   114f6:	b76d                	j	114a0 <_strtol_l.part.0+0x18a>
   114f8:	00234703          	lbu	a4,2(t1)
   114fc:	05800513          	li	a0,88
   11500:	0df77713          	andi	a4,a4,223
   11504:	02a70663          	beq	a4,a0,11530 <_strtol_l.part.0+0x21a>
   11508:	ce95                	beqz	a3,11544 <_strtol_l.part.0+0x22e>
   1150a:	46c1                	li	a3,16
   1150c:	82b6                	mv	t0,a3
   1150e:	577d                	li	a4,-1
   11510:	177e                	slli	a4,a4,0x3f
   11512:	02575333          	divu	t1,a4,t0
   11516:	83ba                	mv	t2,a4
   11518:	4f05                	li	t5,1
   1151a:	b541                	j	1139a <_strtol_l.part.0+0x84>
   1151c:	4505                	li	a0,1
   1151e:	46c1                	li	a3,16
   11520:	577d                	li	a4,-1
   11522:	03b51313          	slli	t1,a0,0x3b
   11526:	8f2a                	mv	t5,a0
   11528:	82b6                	mv	t0,a3
   1152a:	03f71393          	slli	t2,a4,0x3f
   1152e:	b5b5                	j	1139a <_strtol_l.part.0+0x84>
   11530:	46c1                	li	a3,16
   11532:	00334883          	lbu	a7,3(t1)
   11536:	82b6                	mv	t0,a3
   11538:	00430793          	addi	a5,t1,4
   1153c:	bfc9                	j	1150e <_strtol_l.part.0+0x1f8>
   1153e:	46c1                	li	a3,16
   11540:	82b6                	mv	t0,a3
   11542:	bfb9                	j	114a0 <_strtol_l.part.0+0x18a>
   11544:	46a1                	li	a3,8
   11546:	82b6                	mv	t0,a3
   11548:	b7d9                	j	1150e <_strtol_l.part.0+0x1f8>

000000000001154a <_strtol_r>:
   1154a:	02400713          	li	a4,36
   1154e:	00d76663          	bltu	a4,a3,1155a <_strtol_r+0x10>
   11552:	fff68793          	addi	a5,a3,-1
   11556:	c391                	beqz	a5,1155a <_strtol_r+0x10>
   11558:	bb7d                	j	11316 <_strtol_l.part.0>
   1155a:	1141                	addi	sp,sp,-16
   1155c:	e406                	sd	ra,8(sp)
   1155e:	1ad000ef          	jal	11f0a <__errno>
   11562:	60a2                	ld	ra,8(sp)
   11564:	47d9                	li	a5,22
   11566:	c11c                	sw	a5,0(a0)
   11568:	4501                	li	a0,0
   1156a:	0141                	addi	sp,sp,16
   1156c:	8082                	ret

000000000001156e <strtol_l>:
   1156e:	02400793          	li	a5,36
   11572:	00c7ec63          	bltu	a5,a2,1158a <strtol_l+0x1c>
   11576:	fff60793          	addi	a5,a2,-1
   1157a:	cb81                	beqz	a5,1158a <strtol_l+0x1c>
   1157c:	872a                	mv	a4,a0
   1157e:	2281b503          	ld	a0,552(gp) # 1bbf8 <_impure_ptr>
   11582:	86b2                	mv	a3,a2
   11584:	862e                	mv	a2,a1
   11586:	85ba                	mv	a1,a4
   11588:	b379                	j	11316 <_strtol_l.part.0>
   1158a:	1141                	addi	sp,sp,-16
   1158c:	e406                	sd	ra,8(sp)
   1158e:	17d000ef          	jal	11f0a <__errno>
   11592:	60a2                	ld	ra,8(sp)
   11594:	47d9                	li	a5,22
   11596:	c11c                	sw	a5,0(a0)
   11598:	4501                	li	a0,0
   1159a:	0141                	addi	sp,sp,16
   1159c:	8082                	ret

000000000001159e <strtol>:
   1159e:	02400793          	li	a5,36
   115a2:	00c7ec63          	bltu	a5,a2,115ba <strtol+0x1c>
   115a6:	fff60793          	addi	a5,a2,-1
   115aa:	cb81                	beqz	a5,115ba <strtol+0x1c>
   115ac:	872a                	mv	a4,a0
   115ae:	2281b503          	ld	a0,552(gp) # 1bbf8 <_impure_ptr>
   115b2:	86b2                	mv	a3,a2
   115b4:	862e                	mv	a2,a1
   115b6:	85ba                	mv	a1,a4
   115b8:	bbb9                	j	11316 <_strtol_l.part.0>
   115ba:	1141                	addi	sp,sp,-16
   115bc:	e406                	sd	ra,8(sp)
   115be:	14d000ef          	jal	11f0a <__errno>
   115c2:	60a2                	ld	ra,8(sp)
   115c4:	47d9                	li	a5,22
   115c6:	c11c                	sw	a5,0(a0)
   115c8:	4501                	li	a0,0
   115ca:	0141                	addi	sp,sp,16
   115cc:	8082                	ret

00000000000115ce <_strtoull_l.isra.0>:
   115ce:	6769                	lui	a4,0x1a
   115d0:	8eaa                	mv	t4,a0
   115d2:	87ae                	mv	a5,a1
   115d4:	7f170513          	addi	a0,a4,2033 # 1a7f1 <_ctype_+0x1>
   115d8:	833e                	mv	t1,a5
   115da:	0007c803          	lbu	a6,0(a5)
   115de:	0785                	addi	a5,a5,1
   115e0:	01050733          	add	a4,a0,a6
   115e4:	00074703          	lbu	a4,0(a4)
   115e8:	8b21                	andi	a4,a4,8
   115ea:	f77d                	bnez	a4,115d8 <_strtoull_l.isra.0+0xa>
   115ec:	02d00713          	li	a4,45
   115f0:	0008089b          	sext.w	a7,a6
   115f4:	0ce80f63          	beq	a6,a4,116d2 <_strtoull_l.isra.0+0x104>
   115f8:	02b00713          	li	a4,43
   115fc:	4f81                	li	t6,0
   115fe:	0ae88b63          	beq	a7,a4,116b4 <_strtoull_l.isra.0+0xe6>
   11602:	fef6f713          	andi	a4,a3,-17
   11606:	c341                	beqz	a4,11686 <_strtoull_l.isra.0+0xb8>
   11608:	537d                	li	t1,-1
   1160a:	02d372b3          	remu	t0,t1,a3
   1160e:	83b6                	mv	t2,a3
   11610:	02d35333          	divu	t1,t1,a3
   11614:	2281                	sext.w	t0,t0
   11616:	4801                	li	a6,0
   11618:	4501                	li	a0,0
   1161a:	4e25                	li	t3,9
   1161c:	4f65                	li	t5,25
   1161e:	fd08871b          	addiw	a4,a7,-48
   11622:	00ee7863          	bgeu	t3,a4,11632 <_strtoull_l.isra.0+0x64>
   11626:	fbf8871b          	addiw	a4,a7,-65
   1162a:	02ef6663          	bltu	t5,a4,11656 <_strtoull_l.isra.0+0x88>
   1162e:	fc98871b          	addiw	a4,a7,-55
   11632:	02d75a63          	bge	a4,a3,11666 <_strtoull_l.isra.0+0x98>
   11636:	0805                	addi	a6,a6,1
   11638:	00080d63          	beqz	a6,11652 <_strtoull_l.isra.0+0x84>
   1163c:	00a36b63          	bltu	t1,a0,11652 <_strtoull_l.isra.0+0x84>
   11640:	02651d63          	bne	a0,t1,1167a <_strtoull_l.isra.0+0xac>
   11644:	587d                	li	a6,-1
   11646:	02e2da63          	bge	t0,a4,1167a <_strtoull_l.isra.0+0xac>
   1164a:	0785                	addi	a5,a5,1
   1164c:	fff7c883          	lbu	a7,-1(a5)
   11650:	b7f9                	j	1161e <_strtoull_l.isra.0+0x50>
   11652:	587d                	li	a6,-1
   11654:	bfdd                	j	1164a <_strtoull_l.isra.0+0x7c>
   11656:	f9f8871b          	addiw	a4,a7,-97
   1165a:	00ef6663          	bltu	t5,a4,11666 <_strtoull_l.isra.0+0x98>
   1165e:	fa98871b          	addiw	a4,a7,-87
   11662:	fcd74ae3          	blt	a4,a3,11636 <_strtoull_l.isra.0+0x68>
   11666:	577d                	li	a4,-1
   11668:	04e80b63          	beq	a6,a4,116be <_strtoull_l.isra.0+0xf0>
   1166c:	040f9163          	bnez	t6,116ae <_strtoull_l.isra.0+0xe0>
   11670:	c601                	beqz	a2,11678 <_strtoull_l.isra.0+0xaa>
   11672:	04081c63          	bnez	a6,116ca <_strtoull_l.isra.0+0xfc>
   11676:	e20c                	sd	a1,0(a2)
   11678:	8082                	ret
   1167a:	027508b3          	mul	a7,a0,t2
   1167e:	4805                	li	a6,1
   11680:	01170533          	add	a0,a4,a7
   11684:	b7d9                	j	1164a <_strtoull_l.isra.0+0x7c>
   11686:	03000713          	li	a4,48
   1168a:	04e88a63          	beq	a7,a4,116de <_strtoull_l.isra.0+0x110>
   1168e:	eab5                	bnez	a3,11702 <_strtoull_l.isra.0+0x134>
   11690:	4cccd737          	lui	a4,0x4cccd
   11694:	1999a337          	lui	t1,0x1999a
   11698:	0706                	slli	a4,a4,0x1
   1169a:	99930313          	addi	t1,t1,-1639 # 19999999 <__BSS_END__+0x1997d7c9>
   1169e:	99970713          	addi	a4,a4,-1639 # 4cccc999 <__BSS_END__+0x4ccb07c9>
   116a2:	1302                	slli	t1,t1,0x20
   116a4:	46a9                	li	a3,10
   116a6:	933a                	add	t1,t1,a4
   116a8:	83b6                	mv	t2,a3
   116aa:	4295                	li	t0,5
   116ac:	b7ad                	j	11616 <_strtoull_l.isra.0+0x48>
   116ae:	40a00533          	neg	a0,a0
   116b2:	bf7d                	j	11670 <_strtoull_l.isra.0+0xa2>
   116b4:	0007c883          	lbu	a7,0(a5)
   116b8:	00230793          	addi	a5,t1,2
   116bc:	b799                	j	11602 <_strtoull_l.isra.0+0x34>
   116be:	02200713          	li	a4,34
   116c2:	00eea023          	sw	a4,0(t4)
   116c6:	8542                	mv	a0,a6
   116c8:	c621                	beqz	a2,11710 <_strtoull_l.isra.0+0x142>
   116ca:	fff78593          	addi	a1,a5,-1
   116ce:	e20c                	sd	a1,0(a2)
   116d0:	8082                	ret
   116d2:	0007c883          	lbu	a7,0(a5)
   116d6:	4f85                	li	t6,1
   116d8:	00230793          	addi	a5,t1,2
   116dc:	b71d                	j	11602 <_strtoull_l.isra.0+0x34>
   116de:	0007c703          	lbu	a4,0(a5)
   116e2:	05800513          	li	a0,88
   116e6:	537d                	li	t1,-1
   116e8:	0df77713          	andi	a4,a4,223
   116ec:	02a71363          	bne	a4,a0,11712 <_strtoull_l.isra.0+0x144>
   116f0:	46c1                	li	a3,16
   116f2:	0017c883          	lbu	a7,1(a5)
   116f6:	00435313          	srli	t1,t1,0x4
   116fa:	83b6                	mv	t2,a3
   116fc:	42bd                	li	t0,15
   116fe:	0789                	addi	a5,a5,2
   11700:	bf19                	j	11616 <_strtoull_l.isra.0+0x48>
   11702:	537d                	li	t1,-1
   11704:	46c1                	li	a3,16
   11706:	00435313          	srli	t1,t1,0x4
   1170a:	83b6                	mv	t2,a3
   1170c:	42bd                	li	t0,15
   1170e:	b721                	j	11616 <_strtoull_l.isra.0+0x48>
   11710:	8082                	ret
   11712:	e699                	bnez	a3,11720 <_strtoull_l.isra.0+0x152>
   11714:	46a1                	li	a3,8
   11716:	00335313          	srli	t1,t1,0x3
   1171a:	83b6                	mv	t2,a3
   1171c:	429d                	li	t0,7
   1171e:	bde5                	j	11616 <_strtoull_l.isra.0+0x48>
   11720:	46c1                	li	a3,16
   11722:	00435313          	srli	t1,t1,0x4
   11726:	83b6                	mv	t2,a3
   11728:	42bd                	li	t0,15
   1172a:	b5f5                	j	11616 <_strtoull_l.isra.0+0x48>

000000000001172c <_strtoull_r>:
   1172c:	b54d                	j	115ce <_strtoull_l.isra.0>

000000000001172e <strtoull_l>:
   1172e:	872a                	mv	a4,a0
   11730:	2281b503          	ld	a0,552(gp) # 1bbf8 <_impure_ptr>
   11734:	86b2                	mv	a3,a2
   11736:	862e                	mv	a2,a1
   11738:	85ba                	mv	a1,a4
   1173a:	bd51                	j	115ce <_strtoull_l.isra.0>

000000000001173c <strtoull>:
   1173c:	872a                	mv	a4,a0
   1173e:	2281b503          	ld	a0,552(gp) # 1bbf8 <_impure_ptr>
   11742:	86b2                	mv	a3,a2
   11744:	862e                	mv	a2,a1
   11746:	85ba                	mv	a1,a4
   11748:	b559                	j	115ce <_strtoull_l.isra.0>

000000000001174a <__fp_lock>:
   1174a:	4501                	li	a0,0
   1174c:	8082                	ret

000000000001174e <stdio_exit_handler>:
   1174e:	65d1                	lui	a1,0x14
   11750:	e5818613          	addi	a2,gp,-424 # 1b828 <__sglue>
   11754:	5b258593          	addi	a1,a1,1458 # 145b2 <_fclose_r>
   11758:	e7018513          	addi	a0,gp,-400 # 1b840 <_impure_data>
   1175c:	a4c5                	j	11a3c <_fwalk_sglue>

000000000001175e <cleanup_stdio>:
   1175e:	650c                	ld	a1,8(a0)
   11760:	1141                	addi	sp,sp,-16
   11762:	e022                	sd	s0,0(sp)
   11764:	e406                	sd	ra,8(sp)
   11766:	2d818793          	addi	a5,gp,728 # 1bca8 <__sf>
   1176a:	842a                	mv	s0,a0
   1176c:	00f58463          	beq	a1,a5,11774 <cleanup_stdio+0x16>
   11770:	643020ef          	jal	145b2 <_fclose_r>
   11774:	680c                	ld	a1,16(s0)
   11776:	38818793          	addi	a5,gp,904 # 1bd58 <__sf+0xb0>
   1177a:	00f58563          	beq	a1,a5,11784 <cleanup_stdio+0x26>
   1177e:	8522                	mv	a0,s0
   11780:	633020ef          	jal	145b2 <_fclose_r>
   11784:	6c0c                	ld	a1,24(s0)
   11786:	43818793          	addi	a5,gp,1080 # 1be08 <__sf+0x160>
   1178a:	00f58863          	beq	a1,a5,1179a <cleanup_stdio+0x3c>
   1178e:	8522                	mv	a0,s0
   11790:	6402                	ld	s0,0(sp)
   11792:	60a2                	ld	ra,8(sp)
   11794:	0141                	addi	sp,sp,16
   11796:	61d0206f          	j	145b2 <_fclose_r>
   1179a:	60a2                	ld	ra,8(sp)
   1179c:	6402                	ld	s0,0(sp)
   1179e:	0141                	addi	sp,sp,16
   117a0:	8082                	ret

00000000000117a2 <__fp_unlock>:
   117a2:	4501                	li	a0,0
   117a4:	8082                	ret

00000000000117a6 <global_stdio_init.part.0>:
   117a6:	cce17057          	vsetivli	zero,2,e16,mf4,ta,ma
   117aa:	5208a0d7          	vid.v	v1
   117ae:	57f1                	li	a5,-4
   117b0:	9617e0d7          	vmul.vx	v1,v1,a5
   117b4:	0d707057          	vsetvli	zero,zero,e32,mf2,ta,ma
   117b8:	7179                	addi	sp,sp,-48
   117ba:	5e003157          	vmv.v.i	v2,0
   117be:	0ce07057          	vsetvli	zero,zero,e16,mf4,ta,ma
   117c2:	f022                	sd	s0,32(sp)
   117c4:	021230d7          	vadd.vi	v1,v1,4
   117c8:	2d818413          	addi	s0,gp,728 # 1bca8 <__sf>
   117cc:	f406                	sd	ra,40(sp)
   117ce:	ec26                	sd	s1,24(sp)
   117d0:	e84a                	sd	s2,16(sp)
   117d2:	e44e                	sd	s3,8(sp)
   117d4:	e052                	sd	s4,0(sp)
   117d6:	01040713          	addi	a4,s0,16
   117da:	020750a7          	vse16.v	v1,(a4)
   117de:	67c5                	lui	a5,0x11
   117e0:	00840713          	addi	a4,s0,8
   117e4:	02076127          	vse32.v	v2,(a4)
   117e8:	74e78793          	addi	a5,a5,1870 # 1174e <stdio_exit_handler>
   117ec:	4621                	li	a2,8
   117ee:	4581                	li	a1,0
   117f0:	37c18513          	addi	a0,gp,892 # 1bd4c <__sf+0xa4>
   117f4:	24f1b823          	sd	a5,592(gp) # 1bc20 <__stdio_exit_handler>
   117f8:	00043023          	sd	zero,0(s0)
   117fc:	0a042623          	sw	zero,172(s0)
   11800:	00043c23          	sd	zero,24(s0)
   11804:	02042023          	sw	zero,32(s0)
   11808:	02042423          	sw	zero,40(s0)
   1180c:	766000ef          	jal	11f72 <memset>
   11810:	cce17057          	vsetivli	zero,2,e16,mf4,ta,ma
   11814:	5208a0d7          	vid.v	v1
   11818:	57e1                	li	a5,-8
   1181a:	9617e0d7          	vmul.vx	v1,v1,a5
   1181e:	0d707057          	vsetvli	zero,zero,e32,mf2,ta,ma
   11822:	5e003157          	vmv.v.i	v2,0
   11826:	0ce07057          	vsetvli	zero,zero,e16,mf4,ta,ma
   1182a:	0214b0d7          	vadd.vi	v1,v1,9
   1182e:	0c040793          	addi	a5,s0,192
   11832:	6a49                	lui	s4,0x12
   11834:	69c9                	lui	s3,0x12
   11836:	6949                	lui	s2,0x12
   11838:	64c9                	lui	s1,0x12
   1183a:	0207d0a7          	vse16.v	v1,(a5)
   1183e:	c46a0a13          	addi	s4,s4,-954 # 11c46 <__sread>
   11842:	0b840793          	addi	a5,s0,184
   11846:	c8298993          	addi	s3,s3,-894 # 11c82 <__swrite>
   1184a:	cd490913          	addi	s2,s2,-812 # 11cd4 <__sseek>
   1184e:	d1648493          	addi	s1,s1,-746 # 11d16 <__sclose>
   11852:	4621                	li	a2,8
   11854:	4581                	li	a1,0
   11856:	42c18513          	addi	a0,gp,1068 # 1bdfc <__sf+0x154>
   1185a:	0207e127          	vse32.v	v2,(a5)
   1185e:	03443c23          	sd	s4,56(s0)
   11862:	05343023          	sd	s3,64(s0)
   11866:	05243423          	sd	s2,72(s0)
   1186a:	e824                	sd	s1,80(s0)
   1186c:	f800                	sd	s0,48(s0)
   1186e:	0a043823          	sd	zero,176(s0)
   11872:	14042e23          	sw	zero,348(s0)
   11876:	0c043423          	sd	zero,200(s0)
   1187a:	0c042823          	sw	zero,208(s0)
   1187e:	0c042c23          	sw	zero,216(s0)
   11882:	6f0000ef          	jal	11f72 <memset>
   11886:	cce17057          	vsetivli	zero,2,e16,mf4,ta,ma
   1188a:	5208a0d7          	vid.v	v1
   1188e:	57c1                	li	a5,-16
   11890:	9617e0d7          	vmul.vx	v1,v1,a5
   11894:	0d707057          	vsetvli	zero,zero,e32,mf2,ta,ma
   11898:	5e003157          	vmv.v.i	v2,0
   1189c:	4749                	li	a4,18
   1189e:	0ce07057          	vsetvli	zero,zero,e16,mf4,ta,ma
   118a2:	021740d7          	vadd.vx	v1,v1,a4
   118a6:	17040693          	addi	a3,s0,368
   118aa:	38818793          	addi	a5,gp,904 # 1bd58 <__sf+0xb0>
   118ae:	16840713          	addi	a4,s0,360
   118b2:	4dc18513          	addi	a0,gp,1244 # 1beac <__sf+0x204>
   118b6:	4621                	li	a2,8
   118b8:	4581                	li	a1,0
   118ba:	0f443423          	sd	s4,232(s0)
   118be:	0f343823          	sd	s3,240(s0)
   118c2:	0f243c23          	sd	s2,248(s0)
   118c6:	10943023          	sd	s1,256(s0)
   118ca:	f07c                	sd	a5,224(s0)
   118cc:	16043023          	sd	zero,352(s0)
   118d0:	20042623          	sw	zero,524(s0)
   118d4:	16043c23          	sd	zero,376(s0)
   118d8:	18042023          	sw	zero,384(s0)
   118dc:	18042423          	sw	zero,392(s0)
   118e0:	0206d0a7          	vse16.v	v1,(a3)
   118e4:	02076127          	vse32.v	v2,(a4)
   118e8:	68a000ef          	jal	11f72 <memset>
   118ec:	43818793          	addi	a5,gp,1080 # 1be08 <__sf+0x160>
   118f0:	19443c23          	sd	s4,408(s0)
   118f4:	1b343023          	sd	s3,416(s0)
   118f8:	1b243423          	sd	s2,424(s0)
   118fc:	1a943823          	sd	s1,432(s0)
   11900:	70a2                	ld	ra,40(sp)
   11902:	18f43823          	sd	a5,400(s0)
   11906:	7402                	ld	s0,32(sp)
   11908:	64e2                	ld	s1,24(sp)
   1190a:	6942                	ld	s2,16(sp)
   1190c:	69a2                	ld	s3,8(sp)
   1190e:	6a02                	ld	s4,0(sp)
   11910:	6145                	addi	sp,sp,48
   11912:	8082                	ret

0000000000011914 <__sfp>:
   11914:	2501b783          	ld	a5,592(gp) # 1bc20 <__stdio_exit_handler>
   11918:	7179                	addi	sp,sp,-48
   1191a:	ec26                	sd	s1,24(sp)
   1191c:	f406                	sd	ra,40(sp)
   1191e:	f022                	sd	s0,32(sp)
   11920:	84aa                	mv	s1,a0
   11922:	cbf1                	beqz	a5,119f6 <__sfp+0xe2>
   11924:	e5818693          	addi	a3,gp,-424 # 1b828 <__sglue>
   11928:	0b000813          	li	a6,176
   1192c:	4698                	lw	a4,8(a3)
   1192e:	08e05563          	blez	a4,119b8 <__sfp+0xa4>
   11932:	1702                	slli	a4,a4,0x20
   11934:	9301                	srli	a4,a4,0x20
   11936:	03070733          	mul	a4,a4,a6
   1193a:	6a80                	ld	s0,16(a3)
   1193c:	9722                	add	a4,a4,s0
   1193e:	a029                	j	11948 <__sfp+0x34>
   11940:	0b040413          	addi	s0,s0,176
   11944:	06e40a63          	beq	s0,a4,119b8 <__sfp+0xa4>
   11948:	01041783          	lh	a5,16(s0)
   1194c:	fbf5                	bnez	a5,11940 <__sfp+0x2c>
   1194e:	cce17057          	vsetivli	zero,2,e16,mf4,ta,ma
   11952:	5208a0d7          	vid.v	v1
   11956:	57f9                	li	a5,-2
   11958:	9617e0d7          	vmul.vx	v1,v1,a5
   1195c:	0d707057          	vsetvli	zero,zero,e32,mf2,ta,ma
   11960:	5e003157          	vmv.v.i	v2,0
   11964:	0ce07057          	vsetvli	zero,zero,e16,mf4,ta,ma
   11968:	0210b0d7          	vadd.vi	v1,v1,1
   1196c:	01040713          	addi	a4,s0,16
   11970:	00840793          	addi	a5,s0,8
   11974:	020750a7          	vse16.v	v1,(a4)
   11978:	4621                	li	a2,8
   1197a:	4581                	li	a1,0
   1197c:	0a440513          	addi	a0,s0,164
   11980:	0a042623          	sw	zero,172(s0)
   11984:	00043023          	sd	zero,0(s0)
   11988:	0207e127          	vse32.v	v2,(a5)
   1198c:	00043c23          	sd	zero,24(s0)
   11990:	02042023          	sw	zero,32(s0)
   11994:	02042423          	sw	zero,40(s0)
   11998:	5da000ef          	jal	11f72 <memset>
   1199c:	04043c23          	sd	zero,88(s0)
   119a0:	06042023          	sw	zero,96(s0)
   119a4:	06043c23          	sd	zero,120(s0)
   119a8:	08042023          	sw	zero,128(s0)
   119ac:	70a2                	ld	ra,40(sp)
   119ae:	8522                	mv	a0,s0
   119b0:	7402                	ld	s0,32(sp)
   119b2:	64e2                	ld	s1,24(sp)
   119b4:	6145                	addi	sp,sp,48
   119b6:	8082                	ret
   119b8:	6280                	ld	s0,0(a3)
   119ba:	c019                	beqz	s0,119c0 <__sfp+0xac>
   119bc:	86a2                	mv	a3,s0
   119be:	b7bd                	j	1192c <__sfp+0x18>
   119c0:	2d800593          	li	a1,728
   119c4:	8526                	mv	a0,s1
   119c6:	e436                	sd	a3,8(sp)
   119c8:	aceff0ef          	jal	10c96 <_malloc_r>
   119cc:	66a2                	ld	a3,8(sp)
   119ce:	842a                	mv	s0,a0
   119d0:	c515                	beqz	a0,119fc <__sfp+0xe8>
   119d2:	4791                	li	a5,4
   119d4:	c51c                	sw	a5,8(a0)
   119d6:	0561                	addi	a0,a0,24
   119d8:	00043023          	sd	zero,0(s0)
   119dc:	e808                	sd	a0,16(s0)
   119de:	2c000613          	li	a2,704
   119e2:	4581                	li	a1,0
   119e4:	e436                	sd	a3,8(sp)
   119e6:	58c000ef          	jal	11f72 <memset>
   119ea:	66a2                	ld	a3,8(sp)
   119ec:	0b000813          	li	a6,176
   119f0:	e280                	sd	s0,0(a3)
   119f2:	86a2                	mv	a3,s0
   119f4:	bf25                	j	1192c <__sfp+0x18>
   119f6:	db1ff0ef          	jal	117a6 <global_stdio_init.part.0>
   119fa:	b72d                	j	11924 <__sfp+0x10>
   119fc:	0006b023          	sd	zero,0(a3)
   11a00:	47b1                	li	a5,12
   11a02:	c09c                	sw	a5,0(s1)
   11a04:	b765                	j	119ac <__sfp+0x98>

0000000000011a06 <__sinit>:
   11a06:	653c                	ld	a5,72(a0)
   11a08:	c391                	beqz	a5,11a0c <__sinit+0x6>
   11a0a:	8082                	ret
   11a0c:	67c5                	lui	a5,0x11
   11a0e:	2501b703          	ld	a4,592(gp) # 1bc20 <__stdio_exit_handler>
   11a12:	75e78793          	addi	a5,a5,1886 # 1175e <cleanup_stdio>
   11a16:	e53c                	sd	a5,72(a0)
   11a18:	fb6d                	bnez	a4,11a0a <__sinit+0x4>
   11a1a:	b371                	j	117a6 <global_stdio_init.part.0>

0000000000011a1c <__sfp_lock_acquire>:
   11a1c:	8082                	ret

0000000000011a1e <__sfp_lock_release>:
   11a1e:	8082                	ret

0000000000011a20 <__fp_lock_all>:
   11a20:	65c5                	lui	a1,0x11
   11a22:	e5818613          	addi	a2,gp,-424 # 1b828 <__sglue>
   11a26:	74a58593          	addi	a1,a1,1866 # 1174a <__fp_lock>
   11a2a:	4501                	li	a0,0
   11a2c:	a801                	j	11a3c <_fwalk_sglue>

0000000000011a2e <__fp_unlock_all>:
   11a2e:	65c5                	lui	a1,0x11
   11a30:	e5818613          	addi	a2,gp,-424 # 1b828 <__sglue>
   11a34:	7a258593          	addi	a1,a1,1954 # 117a2 <__fp_unlock>
   11a38:	4501                	li	a0,0
   11a3a:	a009                	j	11a3c <_fwalk_sglue>

0000000000011a3c <_fwalk_sglue>:
   11a3c:	715d                	addi	sp,sp,-80
   11a3e:	f84a                	sd	s2,48(sp)
   11a40:	f44e                	sd	s3,40(sp)
   11a42:	f052                	sd	s4,32(sp)
   11a44:	ec56                	sd	s5,24(sp)
   11a46:	e85a                	sd	s6,16(sp)
   11a48:	e45e                	sd	s7,8(sp)
   11a4a:	e062                	sd	s8,0(sp)
   11a4c:	e486                	sd	ra,72(sp)
   11a4e:	e0a2                	sd	s0,64(sp)
   11a50:	fc26                	sd	s1,56(sp)
   11a52:	89b2                	mv	s3,a2
   11a54:	8aaa                	mv	s5,a0
   11a56:	8b2e                	mv	s6,a1
   11a58:	4901                	li	s2,0
   11a5a:	0b000b93          	li	s7,176
   11a5e:	4c05                	li	s8,1
   11a60:	5a7d                	li	s4,-1
   11a62:	0089a483          	lw	s1,8(s3)
   11a66:	02905b63          	blez	s1,11a9c <_fwalk_sglue+0x60>
   11a6a:	1482                	slli	s1,s1,0x20
   11a6c:	9081                	srli	s1,s1,0x20
   11a6e:	037484b3          	mul	s1,s1,s7
   11a72:	0109b403          	ld	s0,16(s3)
   11a76:	94a2                	add	s1,s1,s0
   11a78:	01045783          	lhu	a5,16(s0)
   11a7c:	00fc7c63          	bgeu	s8,a5,11a94 <_fwalk_sglue+0x58>
   11a80:	01241783          	lh	a5,18(s0)
   11a84:	85a2                	mv	a1,s0
   11a86:	8556                	mv	a0,s5
   11a88:	01478663          	beq	a5,s4,11a94 <_fwalk_sglue+0x58>
   11a8c:	9b02                	jalr	s6
   11a8e:	01256933          	or	s2,a0,s2
   11a92:	2901                	sext.w	s2,s2
   11a94:	0b040413          	addi	s0,s0,176
   11a98:	fe9410e3          	bne	s0,s1,11a78 <_fwalk_sglue+0x3c>
   11a9c:	0009b983          	ld	s3,0(s3)
   11aa0:	fc0991e3          	bnez	s3,11a62 <_fwalk_sglue+0x26>
   11aa4:	60a6                	ld	ra,72(sp)
   11aa6:	6406                	ld	s0,64(sp)
   11aa8:	74e2                	ld	s1,56(sp)
   11aaa:	79a2                	ld	s3,40(sp)
   11aac:	7a02                	ld	s4,32(sp)
   11aae:	6ae2                	ld	s5,24(sp)
   11ab0:	6b42                	ld	s6,16(sp)
   11ab2:	6ba2                	ld	s7,8(sp)
   11ab4:	6c02                	ld	s8,0(sp)
   11ab6:	854a                	mv	a0,s2
   11ab8:	7942                	ld	s2,48(sp)
   11aba:	6161                	addi	sp,sp,80
   11abc:	8082                	ret

0000000000011abe <_fwrite_r>:
   11abe:	02c687b3          	mul	a5,a3,a2
   11ac2:	7159                	addi	sp,sp,-112
   11ac4:	03810813          	addi	a6,sp,56
   11ac8:	88b2                	mv	a7,a2
   11aca:	4605                	li	a2,1
   11acc:	e4c2                	sd	a6,72(sp)
   11ace:	f486                	sd	ra,104(sp)
   11ad0:	fc2e                	sd	a1,56(sp)
   11ad2:	c8b2                	sw	a2,80(sp)
   11ad4:	882a                	mv	a6,a0
   11ad6:	e0be                	sd	a5,64(sp)
   11ad8:	ecbe                	sd	a5,88(sp)
   11ada:	c119                	beqz	a0,11ae0 <_fwrite_r+0x22>
   11adc:	6530                	ld	a2,72(a0)
   11ade:	ce39                	beqz	a2,11b3c <_fwrite_r+0x7e>
   11ae0:	01071603          	lh	a2,16(a4)
   11ae4:	0ac72583          	lw	a1,172(a4)
   11ae8:	6309                	lui	t1,0x2
   11aea:	03261513          	slli	a0,a2,0x32
   11aee:	02054f63          	bltz	a0,11b2c <_fwrite_r+0x6e>
   11af2:	7579                	lui	a0,0xffffe
   11af4:	157d                	addi	a0,a0,-1 # ffffffffffffdfff <__BSS_END__+0xfffffffffffe1e2f>
   11af6:	00666633          	or	a2,a2,t1
   11afa:	8de9                	and	a1,a1,a0
   11afc:	00c71823          	sh	a2,16(a4)
   11b00:	0ab72623          	sw	a1,172(a4)
   11b04:	85ba                	mv	a1,a4
   11b06:	8542                	mv	a0,a6
   11b08:	00b0                	addi	a2,sp,72
   11b0a:	e436                	sd	a3,8(sp)
   11b0c:	ec46                	sd	a7,24(sp)
   11b0e:	e83e                	sd	a5,16(sp)
   11b10:	579020ef          	jal	14888 <__sfvwrite_r>
   11b14:	872a                	mv	a4,a0
   11b16:	6522                	ld	a0,8(sp)
   11b18:	c719                	beqz	a4,11b26 <_fwrite_r+0x68>
   11b1a:	6766                	ld	a4,88(sp)
   11b1c:	67c2                	ld	a5,16(sp)
   11b1e:	68e2                	ld	a7,24(sp)
   11b20:	8f99                	sub	a5,a5,a4
   11b22:	0317d533          	divu	a0,a5,a7
   11b26:	70a6                	ld	ra,104(sp)
   11b28:	6165                	addi	sp,sp,112
   11b2a:	8082                	ret
   11b2c:	03259613          	slli	a2,a1,0x32
   11b30:	4501                	li	a0,0
   11b32:	fc0659e3          	bgez	a2,11b04 <_fwrite_r+0x46>
   11b36:	70a6                	ld	ra,104(sp)
   11b38:	6165                	addi	sp,sp,112
   11b3a:	8082                	ret
   11b3c:	f43a                	sd	a4,40(sp)
   11b3e:	f036                	sd	a3,32(sp)
   11b40:	ec46                	sd	a7,24(sp)
   11b42:	e43e                	sd	a5,8(sp)
   11b44:	e82a                	sd	a0,16(sp)
   11b46:	ec1ff0ef          	jal	11a06 <__sinit>
   11b4a:	7722                	ld	a4,40(sp)
   11b4c:	7682                	ld	a3,32(sp)
   11b4e:	68e2                	ld	a7,24(sp)
   11b50:	6842                	ld	a6,16(sp)
   11b52:	67a2                	ld	a5,8(sp)
   11b54:	b771                	j	11ae0 <_fwrite_r+0x22>

0000000000011b56 <fwrite>:
   11b56:	02c587b3          	mul	a5,a1,a2
   11b5a:	7159                	addi	sp,sp,-112
   11b5c:	8832                	mv	a6,a2
   11b5e:	2281b603          	ld	a2,552(gp) # 1bbf8 <_impure_ptr>
   11b62:	88ae                	mv	a7,a1
   11b64:	4705                	li	a4,1
   11b66:	182c                	addi	a1,sp,56
   11b68:	f486                	sd	ra,104(sp)
   11b6a:	fc2a                	sd	a0,56(sp)
   11b6c:	e4ae                	sd	a1,72(sp)
   11b6e:	c8ba                	sw	a4,80(sp)
   11b70:	e0be                	sd	a5,64(sp)
   11b72:	ecbe                	sd	a5,88(sp)
   11b74:	c219                	beqz	a2,11b7a <fwrite+0x24>
   11b76:	6638                	ld	a4,72(a2)
   11b78:	cf39                	beqz	a4,11bd6 <fwrite+0x80>
   11b7a:	01069703          	lh	a4,16(a3)
   11b7e:	0ac6a583          	lw	a1,172(a3)
   11b82:	6309                	lui	t1,0x2
   11b84:	03271513          	slli	a0,a4,0x32
   11b88:	02054f63          	bltz	a0,11bc6 <fwrite+0x70>
   11b8c:	7579                	lui	a0,0xffffe
   11b8e:	157d                	addi	a0,a0,-1 # ffffffffffffdfff <__BSS_END__+0xfffffffffffe1e2f>
   11b90:	00676733          	or	a4,a4,t1
   11b94:	8de9                	and	a1,a1,a0
   11b96:	00e69823          	sh	a4,16(a3)
   11b9a:	0ab6a623          	sw	a1,172(a3)
   11b9e:	8532                	mv	a0,a2
   11ba0:	85b6                	mv	a1,a3
   11ba2:	00b0                	addi	a2,sp,72
   11ba4:	e442                	sd	a6,8(sp)
   11ba6:	ec46                	sd	a7,24(sp)
   11ba8:	e83e                	sd	a5,16(sp)
   11baa:	4df020ef          	jal	14888 <__sfvwrite_r>
   11bae:	872a                	mv	a4,a0
   11bb0:	6522                	ld	a0,8(sp)
   11bb2:	c719                	beqz	a4,11bc0 <fwrite+0x6a>
   11bb4:	6766                	ld	a4,88(sp)
   11bb6:	67c2                	ld	a5,16(sp)
   11bb8:	68e2                	ld	a7,24(sp)
   11bba:	8f99                	sub	a5,a5,a4
   11bbc:	0317d533          	divu	a0,a5,a7
   11bc0:	70a6                	ld	ra,104(sp)
   11bc2:	6165                	addi	sp,sp,112
   11bc4:	8082                	ret
   11bc6:	03259713          	slli	a4,a1,0x32
   11bca:	4501                	li	a0,0
   11bcc:	fc0759e3          	bgez	a4,11b9e <fwrite+0x48>
   11bd0:	70a6                	ld	ra,104(sp)
   11bd2:	6165                	addi	sp,sp,112
   11bd4:	8082                	ret
   11bd6:	8532                	mv	a0,a2
   11bd8:	f436                	sd	a3,40(sp)
   11bda:	f042                	sd	a6,32(sp)
   11bdc:	ec46                	sd	a7,24(sp)
   11bde:	e83e                	sd	a5,16(sp)
   11be0:	e432                	sd	a2,8(sp)
   11be2:	e25ff0ef          	jal	11a06 <__sinit>
   11be6:	76a2                	ld	a3,40(sp)
   11be8:	7802                	ld	a6,32(sp)
   11bea:	68e2                	ld	a7,24(sp)
   11bec:	67c2                	ld	a5,16(sp)
   11bee:	6622                	ld	a2,8(sp)
   11bf0:	b769                	j	11b7a <fwrite+0x24>

0000000000011bf2 <_printf_r>:
   11bf2:	715d                	addi	sp,sp,-80
   11bf4:	8e2e                	mv	t3,a1
   11bf6:	690c                	ld	a1,16(a0)
   11bf8:	02010313          	addi	t1,sp,32
   11bfc:	f032                	sd	a2,32(sp)
   11bfe:	f436                	sd	a3,40(sp)
   11c00:	8672                	mv	a2,t3
   11c02:	869a                	mv	a3,t1
   11c04:	ec06                	sd	ra,24(sp)
   11c06:	f83a                	sd	a4,48(sp)
   11c08:	fc3e                	sd	a5,56(sp)
   11c0a:	e0c2                	sd	a6,64(sp)
   11c0c:	e4c6                	sd	a7,72(sp)
   11c0e:	e41a                	sd	t1,8(sp)
   11c10:	7ec000ef          	jal	123fc <_vfprintf_r>
   11c14:	60e2                	ld	ra,24(sp)
   11c16:	6161                	addi	sp,sp,80
   11c18:	8082                	ret

0000000000011c1a <printf>:
   11c1a:	2281b303          	ld	t1,552(gp) # 1bbf8 <_impure_ptr>
   11c1e:	711d                	addi	sp,sp,-96
   11c20:	f832                	sd	a2,48(sp)
   11c22:	fc36                	sd	a3,56(sp)
   11c24:	f42e                	sd	a1,40(sp)
   11c26:	e0ba                	sd	a4,64(sp)
   11c28:	e4be                	sd	a5,72(sp)
   11c2a:	e8c2                	sd	a6,80(sp)
   11c2c:	ecc6                	sd	a7,88(sp)
   11c2e:	01033583          	ld	a1,16(t1) # 2010 <exit-0xe110>
   11c32:	1034                	addi	a3,sp,40
   11c34:	862a                	mv	a2,a0
   11c36:	851a                	mv	a0,t1
   11c38:	ec06                	sd	ra,24(sp)
   11c3a:	e436                	sd	a3,8(sp)
   11c3c:	7c0000ef          	jal	123fc <_vfprintf_r>
   11c40:	60e2                	ld	ra,24(sp)
   11c42:	6125                	addi	sp,sp,96
   11c44:	8082                	ret

0000000000011c46 <__sread>:
   11c46:	1141                	addi	sp,sp,-16
   11c48:	e022                	sd	s0,0(sp)
   11c4a:	842e                	mv	s0,a1
   11c4c:	01259583          	lh	a1,18(a1)
   11c50:	e406                	sd	ra,8(sp)
   11c52:	20a000ef          	jal	11e5c <_read_r>
   11c56:	00054963          	bltz	a0,11c68 <__sread+0x22>
   11c5a:	685c                	ld	a5,144(s0)
   11c5c:	60a2                	ld	ra,8(sp)
   11c5e:	97aa                	add	a5,a5,a0
   11c60:	e85c                	sd	a5,144(s0)
   11c62:	6402                	ld	s0,0(sp)
   11c64:	0141                	addi	sp,sp,16
   11c66:	8082                	ret
   11c68:	01045783          	lhu	a5,16(s0)
   11c6c:	777d                	lui	a4,0xfffff
   11c6e:	177d                	addi	a4,a4,-1 # ffffffffffffefff <__BSS_END__+0xfffffffffffe2e2f>
   11c70:	8ff9                	and	a5,a5,a4
   11c72:	60a2                	ld	ra,8(sp)
   11c74:	00f41823          	sh	a5,16(s0)
   11c78:	6402                	ld	s0,0(sp)
   11c7a:	0141                	addi	sp,sp,16
   11c7c:	8082                	ret

0000000000011c7e <__seofread>:
   11c7e:	4501                	li	a0,0
   11c80:	8082                	ret

0000000000011c82 <__swrite>:
   11c82:	01059783          	lh	a5,16(a1)
   11c86:	7179                	addi	sp,sp,-48
   11c88:	8336                	mv	t1,a3
   11c8a:	f406                	sd	ra,40(sp)
   11c8c:	1007f693          	andi	a3,a5,256
   11c90:	872e                	mv	a4,a1
   11c92:	88b2                	mv	a7,a2
   11c94:	882a                	mv	a6,a0
   11c96:	ee91                	bnez	a3,11cb2 <__swrite+0x30>
   11c98:	76fd                	lui	a3,0xfffff
   11c9a:	16fd                	addi	a3,a3,-1 # ffffffffffffefff <__BSS_END__+0xfffffffffffe2e2f>
   11c9c:	70a2                	ld	ra,40(sp)
   11c9e:	8ff5                	and	a5,a5,a3
   11ca0:	01271583          	lh	a1,18(a4)
   11ca4:	00f71823          	sh	a5,16(a4)
   11ca8:	869a                	mv	a3,t1
   11caa:	8646                	mv	a2,a7
   11cac:	8542                	mv	a0,a6
   11cae:	6145                	addi	sp,sp,48
   11cb0:	ac39                	j	11ece <_write_r>
   11cb2:	01259583          	lh	a1,18(a1)
   11cb6:	e832                	sd	a2,16(sp)
   11cb8:	4689                	li	a3,2
   11cba:	4601                	li	a2,0
   11cbc:	ec1a                	sd	t1,24(sp)
   11cbe:	e03a                	sd	a4,0(sp)
   11cc0:	e42a                	sd	a0,8(sp)
   11cc2:	15e000ef          	jal	11e20 <_lseek_r>
   11cc6:	6702                	ld	a4,0(sp)
   11cc8:	6362                	ld	t1,24(sp)
   11cca:	68c2                	ld	a7,16(sp)
   11ccc:	01071783          	lh	a5,16(a4)
   11cd0:	6822                	ld	a6,8(sp)
   11cd2:	b7d9                	j	11c98 <__swrite+0x16>

0000000000011cd4 <__sseek>:
   11cd4:	1141                	addi	sp,sp,-16
   11cd6:	e022                	sd	s0,0(sp)
   11cd8:	842e                	mv	s0,a1
   11cda:	01259583          	lh	a1,18(a1)
   11cde:	e406                	sd	ra,8(sp)
   11ce0:	140000ef          	jal	11e20 <_lseek_r>
   11ce4:	577d                	li	a4,-1
   11ce6:	01041783          	lh	a5,16(s0)
   11cea:	00e50b63          	beq	a0,a4,11d00 <__sseek+0x2c>
   11cee:	6705                	lui	a4,0x1
   11cf0:	8fd9                	or	a5,a5,a4
   11cf2:	60a2                	ld	ra,8(sp)
   11cf4:	e848                	sd	a0,144(s0)
   11cf6:	00f41823          	sh	a5,16(s0)
   11cfa:	6402                	ld	s0,0(sp)
   11cfc:	0141                	addi	sp,sp,16
   11cfe:	8082                	ret
   11d00:	80050713          	addi	a4,a0,-2048
   11d04:	80070713          	addi	a4,a4,-2048 # 800 <exit-0xf920>
   11d08:	8ff9                	and	a5,a5,a4
   11d0a:	60a2                	ld	ra,8(sp)
   11d0c:	00f41823          	sh	a5,16(s0)
   11d10:	6402                	ld	s0,0(sp)
   11d12:	0141                	addi	sp,sp,16
   11d14:	8082                	ret

0000000000011d16 <__sclose>:
   11d16:	01259583          	lh	a1,18(a1)
   11d1a:	a0a9                	j	11d64 <_close_r>

0000000000011d1c <memcmp>:
   11d1c:	469d                	li	a3,7
   11d1e:	04c6f063          	bgeu	a3,a2,11d5e <memcmp+0x42>
   11d22:	00a5e7b3          	or	a5,a1,a0
   11d26:	8b9d                	andi	a5,a5,7
   11d28:	c395                	beqz	a5,11d4c <memcmp+0x30>
   11d2a:	167d                	addi	a2,a2,-1
   11d2c:	0605                	addi	a2,a2,1
   11d2e:	962a                	add	a2,a2,a0
   11d30:	a019                	j	11d36 <memcmp+0x1a>
   11d32:	02c50763          	beq	a0,a2,11d60 <memcmp+0x44>
   11d36:	00054783          	lbu	a5,0(a0)
   11d3a:	0005c703          	lbu	a4,0(a1)
   11d3e:	0505                	addi	a0,a0,1
   11d40:	0585                	addi	a1,a1,1
   11d42:	fee788e3          	beq	a5,a4,11d32 <memcmp+0x16>
   11d46:	40e7853b          	subw	a0,a5,a4
   11d4a:	8082                	ret
   11d4c:	6118                	ld	a4,0(a0)
   11d4e:	619c                	ld	a5,0(a1)
   11d50:	fcf71de3          	bne	a4,a5,11d2a <memcmp+0xe>
   11d54:	1661                	addi	a2,a2,-8
   11d56:	0521                	addi	a0,a0,8
   11d58:	05a1                	addi	a1,a1,8
   11d5a:	fec6e9e3          	bltu	a3,a2,11d4c <memcmp+0x30>
   11d5e:	f671                	bnez	a2,11d2a <memcmp+0xe>
   11d60:	4501                	li	a0,0
   11d62:	8082                	ret

0000000000011d64 <_close_r>:
   11d64:	1101                	addi	sp,sp,-32
   11d66:	e822                	sd	s0,16(sp)
   11d68:	e426                	sd	s1,8(sp)
   11d6a:	84aa                	mv	s1,a0
   11d6c:	852e                	mv	a0,a1
   11d6e:	ec06                	sd	ra,24(sp)
   11d70:	2401ac23          	sw	zero,600(gp) # 1bc28 <errno>
   11d74:	27a070ef          	jal	18fee <_close>
   11d78:	57fd                	li	a5,-1
   11d7a:	00f50763          	beq	a0,a5,11d88 <_close_r+0x24>
   11d7e:	60e2                	ld	ra,24(sp)
   11d80:	6442                	ld	s0,16(sp)
   11d82:	64a2                	ld	s1,8(sp)
   11d84:	6105                	addi	sp,sp,32
   11d86:	8082                	ret
   11d88:	2581a783          	lw	a5,600(gp) # 1bc28 <errno>
   11d8c:	dbed                	beqz	a5,11d7e <_close_r+0x1a>
   11d8e:	60e2                	ld	ra,24(sp)
   11d90:	6442                	ld	s0,16(sp)
   11d92:	c09c                	sw	a5,0(s1)
   11d94:	64a2                	ld	s1,8(sp)
   11d96:	6105                	addi	sp,sp,32
   11d98:	8082                	ret

0000000000011d9a <_reclaim_reent>:
   11d9a:	2281b783          	ld	a5,552(gp) # 1bbf8 <_impure_ptr>
   11d9e:	08a78063          	beq	a5,a0,11e1e <_reclaim_reent+0x84>
   11da2:	752c                	ld	a1,104(a0)
   11da4:	7179                	addi	sp,sp,-48
   11da6:	ec26                	sd	s1,24(sp)
   11da8:	f406                	sd	ra,40(sp)
   11daa:	f022                	sd	s0,32(sp)
   11dac:	84aa                	mv	s1,a0
   11dae:	c98d                	beqz	a1,11de0 <_reclaim_reent+0x46>
   11db0:	e84a                	sd	s2,16(sp)
   11db2:	e44e                	sd	s3,8(sp)
   11db4:	4901                	li	s2,0
   11db6:	20000993          	li	s3,512
   11dba:	012587b3          	add	a5,a1,s2
   11dbe:	6380                	ld	s0,0(a5)
   11dc0:	c801                	beqz	s0,11dd0 <_reclaim_reent+0x36>
   11dc2:	85a2                	mv	a1,s0
   11dc4:	6000                	ld	s0,0(s0)
   11dc6:	8526                	mv	a0,s1
   11dc8:	3f8000ef          	jal	121c0 <_free_r>
   11dcc:	f87d                	bnez	s0,11dc2 <_reclaim_reent+0x28>
   11dce:	74ac                	ld	a1,104(s1)
   11dd0:	0921                	addi	s2,s2,8
   11dd2:	ff3914e3          	bne	s2,s3,11dba <_reclaim_reent+0x20>
   11dd6:	8526                	mv	a0,s1
   11dd8:	3e8000ef          	jal	121c0 <_free_r>
   11ddc:	6942                	ld	s2,16(sp)
   11dde:	69a2                	ld	s3,8(sp)
   11de0:	68ac                	ld	a1,80(s1)
   11de2:	c581                	beqz	a1,11dea <_reclaim_reent+0x50>
   11de4:	8526                	mv	a0,s1
   11de6:	3da000ef          	jal	121c0 <_free_r>
   11dea:	70a0                	ld	s0,96(s1)
   11dec:	c419                	beqz	s0,11dfa <_reclaim_reent+0x60>
   11dee:	85a2                	mv	a1,s0
   11df0:	6000                	ld	s0,0(s0)
   11df2:	8526                	mv	a0,s1
   11df4:	3cc000ef          	jal	121c0 <_free_r>
   11df8:	f87d                	bnez	s0,11dee <_reclaim_reent+0x54>
   11dfa:	7cac                	ld	a1,120(s1)
   11dfc:	c581                	beqz	a1,11e04 <_reclaim_reent+0x6a>
   11dfe:	8526                	mv	a0,s1
   11e00:	3c0000ef          	jal	121c0 <_free_r>
   11e04:	64bc                	ld	a5,72(s1)
   11e06:	c799                	beqz	a5,11e14 <_reclaim_reent+0x7a>
   11e08:	7402                	ld	s0,32(sp)
   11e0a:	70a2                	ld	ra,40(sp)
   11e0c:	8526                	mv	a0,s1
   11e0e:	64e2                	ld	s1,24(sp)
   11e10:	6145                	addi	sp,sp,48
   11e12:	8782                	jr	a5
   11e14:	70a2                	ld	ra,40(sp)
   11e16:	7402                	ld	s0,32(sp)
   11e18:	64e2                	ld	s1,24(sp)
   11e1a:	6145                	addi	sp,sp,48
   11e1c:	8082                	ret
   11e1e:	8082                	ret

0000000000011e20 <_lseek_r>:
   11e20:	1101                	addi	sp,sp,-32
   11e22:	87ae                	mv	a5,a1
   11e24:	e822                	sd	s0,16(sp)
   11e26:	e426                	sd	s1,8(sp)
   11e28:	85b2                	mv	a1,a2
   11e2a:	84aa                	mv	s1,a0
   11e2c:	8636                	mv	a2,a3
   11e2e:	853e                	mv	a0,a5
   11e30:	ec06                	sd	ra,24(sp)
   11e32:	2401ac23          	sw	zero,600(gp) # 1bc28 <errno>
   11e36:	284070ef          	jal	190ba <_lseek>
   11e3a:	57fd                	li	a5,-1
   11e3c:	00f50763          	beq	a0,a5,11e4a <_lseek_r+0x2a>
   11e40:	60e2                	ld	ra,24(sp)
   11e42:	6442                	ld	s0,16(sp)
   11e44:	64a2                	ld	s1,8(sp)
   11e46:	6105                	addi	sp,sp,32
   11e48:	8082                	ret
   11e4a:	2581a783          	lw	a5,600(gp) # 1bc28 <errno>
   11e4e:	dbed                	beqz	a5,11e40 <_lseek_r+0x20>
   11e50:	60e2                	ld	ra,24(sp)
   11e52:	6442                	ld	s0,16(sp)
   11e54:	c09c                	sw	a5,0(s1)
   11e56:	64a2                	ld	s1,8(sp)
   11e58:	6105                	addi	sp,sp,32
   11e5a:	8082                	ret

0000000000011e5c <_read_r>:
   11e5c:	1101                	addi	sp,sp,-32
   11e5e:	87ae                	mv	a5,a1
   11e60:	e822                	sd	s0,16(sp)
   11e62:	e426                	sd	s1,8(sp)
   11e64:	85b2                	mv	a1,a2
   11e66:	84aa                	mv	s1,a0
   11e68:	8636                	mv	a2,a3
   11e6a:	853e                	mv	a0,a5
   11e6c:	ec06                	sd	ra,24(sp)
   11e6e:	2401ac23          	sw	zero,600(gp) # 1bc28 <errno>
   11e72:	272070ef          	jal	190e4 <_read>
   11e76:	57fd                	li	a5,-1
   11e78:	00f50763          	beq	a0,a5,11e86 <_read_r+0x2a>
   11e7c:	60e2                	ld	ra,24(sp)
   11e7e:	6442                	ld	s0,16(sp)
   11e80:	64a2                	ld	s1,8(sp)
   11e82:	6105                	addi	sp,sp,32
   11e84:	8082                	ret
   11e86:	2581a783          	lw	a5,600(gp) # 1bc28 <errno>
   11e8a:	dbed                	beqz	a5,11e7c <_read_r+0x20>
   11e8c:	60e2                	ld	ra,24(sp)
   11e8e:	6442                	ld	s0,16(sp)
   11e90:	c09c                	sw	a5,0(s1)
   11e92:	64a2                	ld	s1,8(sp)
   11e94:	6105                	addi	sp,sp,32
   11e96:	8082                	ret

0000000000011e98 <_sbrk_r>:
   11e98:	1101                	addi	sp,sp,-32
   11e9a:	e822                	sd	s0,16(sp)
   11e9c:	e426                	sd	s1,8(sp)
   11e9e:	84aa                	mv	s1,a0
   11ea0:	852e                	mv	a0,a1
   11ea2:	ec06                	sd	ra,24(sp)
   11ea4:	2401ac23          	sw	zero,600(gp) # 1bc28 <errno>
   11ea8:	266070ef          	jal	1910e <_sbrk>
   11eac:	57fd                	li	a5,-1
   11eae:	00f50763          	beq	a0,a5,11ebc <_sbrk_r+0x24>
   11eb2:	60e2                	ld	ra,24(sp)
   11eb4:	6442                	ld	s0,16(sp)
   11eb6:	64a2                	ld	s1,8(sp)
   11eb8:	6105                	addi	sp,sp,32
   11eba:	8082                	ret
   11ebc:	2581a783          	lw	a5,600(gp) # 1bc28 <errno>
   11ec0:	dbed                	beqz	a5,11eb2 <_sbrk_r+0x1a>
   11ec2:	60e2                	ld	ra,24(sp)
   11ec4:	6442                	ld	s0,16(sp)
   11ec6:	c09c                	sw	a5,0(s1)
   11ec8:	64a2                	ld	s1,8(sp)
   11eca:	6105                	addi	sp,sp,32
   11ecc:	8082                	ret

0000000000011ece <_write_r>:
   11ece:	1101                	addi	sp,sp,-32
   11ed0:	87ae                	mv	a5,a1
   11ed2:	e822                	sd	s0,16(sp)
   11ed4:	e426                	sd	s1,8(sp)
   11ed6:	85b2                	mv	a1,a2
   11ed8:	84aa                	mv	s1,a0
   11eda:	8636                	mv	a2,a3
   11edc:	853e                	mv	a0,a5
   11ede:	ec06                	sd	ra,24(sp)
   11ee0:	2401ac23          	sw	zero,600(gp) # 1bc28 <errno>
   11ee4:	27e070ef          	jal	19162 <_write>
   11ee8:	57fd                	li	a5,-1
   11eea:	00f50763          	beq	a0,a5,11ef8 <_write_r+0x2a>
   11eee:	60e2                	ld	ra,24(sp)
   11ef0:	6442                	ld	s0,16(sp)
   11ef2:	64a2                	ld	s1,8(sp)
   11ef4:	6105                	addi	sp,sp,32
   11ef6:	8082                	ret
   11ef8:	2581a783          	lw	a5,600(gp) # 1bc28 <errno>
   11efc:	dbed                	beqz	a5,11eee <_write_r+0x20>
   11efe:	60e2                	ld	ra,24(sp)
   11f00:	6442                	ld	s0,16(sp)
   11f02:	c09c                	sw	a5,0(s1)
   11f04:	64a2                	ld	s1,8(sp)
   11f06:	6105                	addi	sp,sp,32
   11f08:	8082                	ret

0000000000011f0a <__errno>:
   11f0a:	2281b503          	ld	a0,552(gp) # 1bbf8 <_impure_ptr>
   11f0e:	8082                	ret

0000000000011f10 <__libc_init_array>:
   11f10:	1101                	addi	sp,sp,-32
   11f12:	e822                	sd	s0,16(sp)
   11f14:	e04a                	sd	s2,0(sp)
   11f16:	646d                	lui	s0,0x1b
   11f18:	696d                	lui	s2,0x1b
   11f1a:	ec06                	sd	ra,24(sp)
   11f1c:	e426                	sd	s1,8(sp)
   11f1e:	00090913          	mv	s2,s2
   11f22:	00040413          	mv	s0,s0
   11f26:	00890d63          	beq	s2,s0,11f40 <__libc_init_array+0x30>
   11f2a:	40890933          	sub	s2,s2,s0
   11f2e:	40395913          	srai	s2,s2,0x3
   11f32:	4481                	li	s1,0
   11f34:	601c                	ld	a5,0(s0)
   11f36:	0485                	addi	s1,s1,1
   11f38:	0421                	addi	s0,s0,8 # 1b008 <__frame_dummy_init_array_entry>
   11f3a:	9782                	jalr	a5
   11f3c:	ff24ece3          	bltu	s1,s2,11f34 <__libc_init_array+0x24>
   11f40:	696d                	lui	s2,0x1b
   11f42:	646d                	lui	s0,0x1b
   11f44:	01090913          	addi	s2,s2,16 # 1b010 <__do_global_dtors_aux_fini_array_entry>
   11f48:	00040413          	mv	s0,s0
   11f4c:	00890d63          	beq	s2,s0,11f66 <__libc_init_array+0x56>
   11f50:	40890933          	sub	s2,s2,s0
   11f54:	40395913          	srai	s2,s2,0x3
   11f58:	4481                	li	s1,0
   11f5a:	601c                	ld	a5,0(s0)
   11f5c:	0485                	addi	s1,s1,1
   11f5e:	0421                	addi	s0,s0,8 # 1b008 <__frame_dummy_init_array_entry>
   11f60:	9782                	jalr	a5
   11f62:	ff24ece3          	bltu	s1,s2,11f5a <__libc_init_array+0x4a>
   11f66:	60e2                	ld	ra,24(sp)
   11f68:	6442                	ld	s0,16(sp)
   11f6a:	64a2                	ld	s1,8(sp)
   11f6c:	6902                	ld	s2,0(sp)
   11f6e:	6105                	addi	sp,sp,32
   11f70:	8082                	ret

0000000000011f72 <memset>:
   11f72:	433d                	li	t1,15
   11f74:	872a                	mv	a4,a0
   11f76:	02c37163          	bgeu	t1,a2,11f98 <memset+0x26>
   11f7a:	00f77793          	andi	a5,a4,15
   11f7e:	e3c1                	bnez	a5,11ffe <memset+0x8c>
   11f80:	e1bd                	bnez	a1,11fe6 <memset+0x74>
   11f82:	ff067693          	andi	a3,a2,-16
   11f86:	8a3d                	andi	a2,a2,15
   11f88:	96ba                	add	a3,a3,a4
   11f8a:	e30c                	sd	a1,0(a4)
   11f8c:	e70c                	sd	a1,8(a4)
   11f8e:	0741                	addi	a4,a4,16
   11f90:	fed76de3          	bltu	a4,a3,11f8a <memset+0x18>
   11f94:	e211                	bnez	a2,11f98 <memset+0x26>
   11f96:	8082                	ret
   11f98:	40c306b3          	sub	a3,t1,a2
   11f9c:	068a                	slli	a3,a3,0x2
   11f9e:	00000297          	auipc	t0,0x0
   11fa2:	9696                	add	a3,a3,t0
   11fa4:	00a68067          	jr	10(a3)
   11fa8:	00b70723          	sb	a1,14(a4)
   11fac:	00b706a3          	sb	a1,13(a4)
   11fb0:	00b70623          	sb	a1,12(a4)
   11fb4:	00b705a3          	sb	a1,11(a4)
   11fb8:	00b70523          	sb	a1,10(a4)
   11fbc:	00b704a3          	sb	a1,9(a4)
   11fc0:	00b70423          	sb	a1,8(a4)
   11fc4:	00b703a3          	sb	a1,7(a4)
   11fc8:	00b70323          	sb	a1,6(a4)
   11fcc:	00b702a3          	sb	a1,5(a4)
   11fd0:	00b70223          	sb	a1,4(a4)
   11fd4:	00b701a3          	sb	a1,3(a4)
   11fd8:	00b70123          	sb	a1,2(a4)
   11fdc:	00b700a3          	sb	a1,1(a4)
   11fe0:	00b70023          	sb	a1,0(a4)
   11fe4:	8082                	ret
   11fe6:	0ff5f593          	zext.b	a1,a1
   11fea:	00859693          	slli	a3,a1,0x8
   11fee:	8dd5                	or	a1,a1,a3
   11ff0:	01059693          	slli	a3,a1,0x10
   11ff4:	8dd5                	or	a1,a1,a3
   11ff6:	02059693          	slli	a3,a1,0x20
   11ffa:	8dd5                	or	a1,a1,a3
   11ffc:	b759                	j	11f82 <memset+0x10>
   11ffe:	00279693          	slli	a3,a5,0x2
   12002:	00000297          	auipc	t0,0x0
   12006:	9696                	add	a3,a3,t0
   12008:	8286                	mv	t0,ra
   1200a:	fa2680e7          	jalr	-94(a3)
   1200e:	8096                	mv	ra,t0
   12010:	17c1                	addi	a5,a5,-16
   12012:	8f1d                	sub	a4,a4,a5
   12014:	963e                	add	a2,a2,a5
   12016:	f8c371e3          	bgeu	t1,a2,11f98 <memset+0x26>
   1201a:	b79d                	j	11f80 <memset+0xe>

000000000001201c <__call_exitprocs>:
   1201c:	715d                	addi	sp,sp,-80
   1201e:	f052                	sd	s4,32(sp)
   12020:	f84a                	sd	s2,48(sp)
   12022:	2601b903          	ld	s2,608(gp) # 1bc30 <__atexit>
   12026:	e486                	sd	ra,72(sp)
   12028:	04090863          	beqz	s2,12078 <__call_exitprocs+0x5c>
   1202c:	f44e                	sd	s3,40(sp)
   1202e:	ec56                	sd	s5,24(sp)
   12030:	e85a                	sd	s6,16(sp)
   12032:	e45e                	sd	s7,8(sp)
   12034:	e0a2                	sd	s0,64(sp)
   12036:	fc26                	sd	s1,56(sp)
   12038:	e062                	sd	s8,0(sp)
   1203a:	8b2a                	mv	s6,a0
   1203c:	8bae                	mv	s7,a1
   1203e:	59fd                	li	s3,-1
   12040:	4a85                	li	s5,1
   12042:	00892403          	lw	s0,8(s2)
   12046:	347d                	addiw	s0,s0,-1
   12048:	02044163          	bltz	s0,1206a <__call_exitprocs+0x4e>
   1204c:	01090493          	addi	s1,s2,16
   12050:	00341793          	slli	a5,s0,0x3
   12054:	94be                	add	s1,s1,a5
   12056:	020b8663          	beqz	s7,12082 <__call_exitprocs+0x66>
   1205a:	2004b783          	ld	a5,512(s1)
   1205e:	03778263          	beq	a5,s7,12082 <__call_exitprocs+0x66>
   12062:	347d                	addiw	s0,s0,-1
   12064:	14e1                	addi	s1,s1,-8
   12066:	ff341ae3          	bne	s0,s3,1205a <__call_exitprocs+0x3e>
   1206a:	6406                	ld	s0,64(sp)
   1206c:	74e2                	ld	s1,56(sp)
   1206e:	79a2                	ld	s3,40(sp)
   12070:	6ae2                	ld	s5,24(sp)
   12072:	6b42                	ld	s6,16(sp)
   12074:	6ba2                	ld	s7,8(sp)
   12076:	6c02                	ld	s8,0(sp)
   12078:	60a6                	ld	ra,72(sp)
   1207a:	7942                	ld	s2,48(sp)
   1207c:	7a02                	ld	s4,32(sp)
   1207e:	6161                	addi	sp,sp,80
   12080:	8082                	ret
   12082:	00892783          	lw	a5,8(s2)
   12086:	6094                	ld	a3,0(s1)
   12088:	37fd                	addiw	a5,a5,-1
   1208a:	04878c63          	beq	a5,s0,120e2 <__call_exitprocs+0xc6>
   1208e:	0004b023          	sd	zero,0(s1)
   12092:	c295                	beqz	a3,120b6 <__call_exitprocs+0x9a>
   12094:	31092783          	lw	a5,784(s2)
   12098:	008a973b          	sllw	a4,s5,s0
   1209c:	00892c03          	lw	s8,8(s2)
   120a0:	8ff9                	and	a5,a5,a4
   120a2:	ef99                	bnez	a5,120c0 <__call_exitprocs+0xa4>
   120a4:	9682                	jalr	a3
   120a6:	00892703          	lw	a4,8(s2)
   120aa:	2601b783          	ld	a5,608(gp) # 1bc30 <__atexit>
   120ae:	03871763          	bne	a4,s8,120dc <__call_exitprocs+0xc0>
   120b2:	03279563          	bne	a5,s2,120dc <__call_exitprocs+0xc0>
   120b6:	347d                	addiw	s0,s0,-1
   120b8:	14e1                	addi	s1,s1,-8
   120ba:	f9341ee3          	bne	s0,s3,12056 <__call_exitprocs+0x3a>
   120be:	b775                	j	1206a <__call_exitprocs+0x4e>
   120c0:	31492783          	lw	a5,788(s2)
   120c4:	1004b583          	ld	a1,256(s1)
   120c8:	8f7d                	and	a4,a4,a5
   120ca:	ef19                	bnez	a4,120e8 <__call_exitprocs+0xcc>
   120cc:	855a                	mv	a0,s6
   120ce:	9682                	jalr	a3
   120d0:	00892703          	lw	a4,8(s2)
   120d4:	2601b783          	ld	a5,608(gp) # 1bc30 <__atexit>
   120d8:	fd870de3          	beq	a4,s8,120b2 <__call_exitprocs+0x96>
   120dc:	d7d9                	beqz	a5,1206a <__call_exitprocs+0x4e>
   120de:	893e                	mv	s2,a5
   120e0:	b78d                	j	12042 <__call_exitprocs+0x26>
   120e2:	00892423          	sw	s0,8(s2)
   120e6:	b775                	j	12092 <__call_exitprocs+0x76>
   120e8:	852e                	mv	a0,a1
   120ea:	9682                	jalr	a3
   120ec:	bf6d                	j	120a6 <__call_exitprocs+0x8a>

00000000000120ee <atexit>:
   120ee:	85aa                	mv	a1,a0
   120f0:	4681                	li	a3,0
   120f2:	4601                	li	a2,0
   120f4:	4501                	li	a0,0
   120f6:	0600306f          	j	15156 <__register_exitproc>

00000000000120fa <_malloc_trim_r>:
   120fa:	7179                	addi	sp,sp,-48
   120fc:	e84a                	sd	s2,16(sp)
   120fe:	696d                	lui	s2,0x1b
   12100:	f022                	sd	s0,32(sp)
   12102:	ec26                	sd	s1,24(sp)
   12104:	e44e                	sd	s3,8(sp)
   12106:	842e                	mv	s0,a1
   12108:	f406                	sd	ra,40(sp)
   1210a:	89aa                	mv	s3,a0
   1210c:	01890913          	addi	s2,s2,24 # 1b018 <__malloc_av_>
   12110:	a02ff0ef          	jal	11312 <__malloc_lock>
   12114:	01093783          	ld	a5,16(s2)
   12118:	6705                	lui	a4,0x1
   1211a:	6784                	ld	s1,8(a5)
   1211c:	98f1                	andi	s1,s1,-4
   1211e:	7ff48793          	addi	a5,s1,2047
   12122:	7e078793          	addi	a5,a5,2016
   12126:	40878433          	sub	s0,a5,s0
   1212a:	8031                	srli	s0,s0,0xc
   1212c:	147d                	addi	s0,s0,-1
   1212e:	0432                	slli	s0,s0,0xc
   12130:	00e44b63          	blt	s0,a4,12146 <_malloc_trim_r+0x4c>
   12134:	4581                	li	a1,0
   12136:	854e                	mv	a0,s3
   12138:	d61ff0ef          	jal	11e98 <_sbrk_r>
   1213c:	01093783          	ld	a5,16(s2)
   12140:	97a6                	add	a5,a5,s1
   12142:	00f50d63          	beq	a0,a5,1215c <_malloc_trim_r+0x62>
   12146:	854e                	mv	a0,s3
   12148:	9ccff0ef          	jal	11314 <__malloc_unlock>
   1214c:	70a2                	ld	ra,40(sp)
   1214e:	7402                	ld	s0,32(sp)
   12150:	64e2                	ld	s1,24(sp)
   12152:	6942                	ld	s2,16(sp)
   12154:	69a2                	ld	s3,8(sp)
   12156:	4501                	li	a0,0
   12158:	6145                	addi	sp,sp,48
   1215a:	8082                	ret
   1215c:	408005b3          	neg	a1,s0
   12160:	854e                	mv	a0,s3
   12162:	d37ff0ef          	jal	11e98 <_sbrk_r>
   12166:	57fd                	li	a5,-1
   12168:	02f50863          	beq	a0,a5,12198 <_malloc_trim_r+0x9e>
   1216c:	01093683          	ld	a3,16(s2)
   12170:	2b01a783          	lw	a5,688(gp) # 1bc80 <__malloc_current_mallinfo>
   12174:	8c81                	sub	s1,s1,s0
   12176:	0014e493          	ori	s1,s1,1
   1217a:	854e                	mv	a0,s3
   1217c:	9f81                	subw	a5,a5,s0
   1217e:	e684                	sd	s1,8(a3)
   12180:	2af1a823          	sw	a5,688(gp) # 1bc80 <__malloc_current_mallinfo>
   12184:	990ff0ef          	jal	11314 <__malloc_unlock>
   12188:	70a2                	ld	ra,40(sp)
   1218a:	7402                	ld	s0,32(sp)
   1218c:	64e2                	ld	s1,24(sp)
   1218e:	6942                	ld	s2,16(sp)
   12190:	69a2                	ld	s3,8(sp)
   12192:	4505                	li	a0,1
   12194:	6145                	addi	sp,sp,48
   12196:	8082                	ret
   12198:	4581                	li	a1,0
   1219a:	854e                	mv	a0,s3
   1219c:	cfdff0ef          	jal	11e98 <_sbrk_r>
   121a0:	01093703          	ld	a4,16(s2)
   121a4:	46fd                	li	a3,31
   121a6:	40e507b3          	sub	a5,a0,a4
   121aa:	f8f6dee3          	bge	a3,a5,12146 <_malloc_trim_r+0x4c>
   121ae:	2181b603          	ld	a2,536(gp) # 1bbe8 <__malloc_sbrk_base>
   121b2:	0017e793          	ori	a5,a5,1
   121b6:	8d11                	sub	a0,a0,a2
   121b8:	e71c                	sd	a5,8(a4)
   121ba:	2aa1a823          	sw	a0,688(gp) # 1bc80 <__malloc_current_mallinfo>
   121be:	b761                	j	12146 <_malloc_trim_r+0x4c>

00000000000121c0 <_free_r>:
   121c0:	c1ed                	beqz	a1,122a2 <_free_r+0xe2>
   121c2:	1101                	addi	sp,sp,-32
   121c4:	e822                	sd	s0,16(sp)
   121c6:	e42e                	sd	a1,8(sp)
   121c8:	842a                	mv	s0,a0
   121ca:	ec06                	sd	ra,24(sp)
   121cc:	946ff0ef          	jal	11312 <__malloc_lock>
   121d0:	65a2                	ld	a1,8(sp)
   121d2:	686d                	lui	a6,0x1b
   121d4:	01880813          	addi	a6,a6,24 # 1b018 <__malloc_av_>
   121d8:	ff85b503          	ld	a0,-8(a1)
   121dc:	ff058713          	addi	a4,a1,-16
   121e0:	01083883          	ld	a7,16(a6)
   121e4:	ffe57793          	andi	a5,a0,-2
   121e8:	00f70633          	add	a2,a4,a5
   121ec:	6614                	ld	a3,8(a2)
   121ee:	00157313          	andi	t1,a0,1
   121f2:	9af1                	andi	a3,a3,-4
   121f4:	12c88463          	beq	a7,a2,1231c <_free_r+0x15c>
   121f8:	e614                	sd	a3,8(a2)
   121fa:	00d608b3          	add	a7,a2,a3
   121fe:	0088b883          	ld	a7,8(a7)
   12202:	0018f893          	andi	a7,a7,1
   12206:	06031a63          	bnez	t1,1227a <_free_r+0xba>
   1220a:	ff05b303          	ld	t1,-16(a1)
   1220e:	65ed                	lui	a1,0x1b
   12210:	02858593          	addi	a1,a1,40 # 1b028 <__malloc_av_+0x10>
   12214:	40670733          	sub	a4,a4,t1
   12218:	6b08                	ld	a0,16(a4)
   1221a:	979a                	add	a5,a5,t1
   1221c:	0eb50363          	beq	a0,a1,12302 <_free_r+0x142>
   12220:	01873303          	ld	t1,24(a4) # 1018 <exit-0xf108>
   12224:	00653c23          	sd	t1,24(a0)
   12228:	00a33823          	sd	a0,16(t1)
   1222c:	12088263          	beqz	a7,12350 <_free_r+0x190>
   12230:	0017e693          	ori	a3,a5,1
   12234:	e714                	sd	a3,8(a4)
   12236:	e21c                	sd	a5,0(a2)
   12238:	1ff00693          	li	a3,511
   1223c:	06f6ed63          	bltu	a3,a5,122b6 <_free_r+0xf6>
   12240:	838d                	srli	a5,a5,0x3
   12242:	00179693          	slli	a3,a5,0x1
   12246:	2689                	addiw	a3,a3,2
   12248:	068e                	slli	a3,a3,0x3
   1224a:	00883503          	ld	a0,8(a6)
   1224e:	96c2                	add	a3,a3,a6
   12250:	628c                	ld	a1,0(a3)
   12252:	4027d61b          	sraiw	a2,a5,0x2
   12256:	4785                	li	a5,1
   12258:	00c797b3          	sll	a5,a5,a2
   1225c:	8fc9                	or	a5,a5,a0
   1225e:	ff068613          	addi	a2,a3,-16
   12262:	eb0c                	sd	a1,16(a4)
   12264:	ef10                	sd	a2,24(a4)
   12266:	00f83423          	sd	a5,8(a6)
   1226a:	e298                	sd	a4,0(a3)
   1226c:	ed98                	sd	a4,24(a1)
   1226e:	8522                	mv	a0,s0
   12270:	6442                	ld	s0,16(sp)
   12272:	60e2                	ld	ra,24(sp)
   12274:	6105                	addi	sp,sp,32
   12276:	89eff06f          	j	11314 <__malloc_unlock>
   1227a:	02089563          	bnez	a7,122a4 <_free_r+0xe4>
   1227e:	65ed                	lui	a1,0x1b
   12280:	97b6                	add	a5,a5,a3
   12282:	02858593          	addi	a1,a1,40 # 1b028 <__malloc_av_+0x10>
   12286:	6a14                	ld	a3,16(a2)
   12288:	0017e893          	ori	a7,a5,1
   1228c:	00f70533          	add	a0,a4,a5
   12290:	10b68063          	beq	a3,a1,12390 <_free_r+0x1d0>
   12294:	6e10                	ld	a2,24(a2)
   12296:	ee90                	sd	a2,24(a3)
   12298:	ea14                	sd	a3,16(a2)
   1229a:	01173423          	sd	a7,8(a4)
   1229e:	e11c                	sd	a5,0(a0)
   122a0:	bf61                	j	12238 <_free_r+0x78>
   122a2:	8082                	ret
   122a4:	00156513          	ori	a0,a0,1
   122a8:	fea5bc23          	sd	a0,-8(a1)
   122ac:	e21c                	sd	a5,0(a2)
   122ae:	1ff00693          	li	a3,511
   122b2:	f8f6f7e3          	bgeu	a3,a5,12240 <_free_r+0x80>
   122b6:	0097d693          	srli	a3,a5,0x9
   122ba:	4611                	li	a2,4
   122bc:	08d66c63          	bltu	a2,a3,12354 <_free_r+0x194>
   122c0:	0067d693          	srli	a3,a5,0x6
   122c4:	00169593          	slli	a1,a3,0x1
   122c8:	0725859b          	addiw	a1,a1,114
   122cc:	058e                	slli	a1,a1,0x3
   122ce:	0386861b          	addiw	a2,a3,56
   122d2:	95c2                	add	a1,a1,a6
   122d4:	6194                	ld	a3,0(a1)
   122d6:	15c1                	addi	a1,a1,-16
   122d8:	00d59663          	bne	a1,a3,122e4 <_free_r+0x124>
   122dc:	a0e1                	j	123a4 <_free_r+0x1e4>
   122de:	6a94                	ld	a3,16(a3)
   122e0:	00d58663          	beq	a1,a3,122ec <_free_r+0x12c>
   122e4:	6690                	ld	a2,8(a3)
   122e6:	9a71                	andi	a2,a2,-4
   122e8:	fec7ebe3          	bltu	a5,a2,122de <_free_r+0x11e>
   122ec:	6e8c                	ld	a1,24(a3)
   122ee:	ef0c                	sd	a1,24(a4)
   122f0:	eb14                	sd	a3,16(a4)
   122f2:	8522                	mv	a0,s0
   122f4:	6442                	ld	s0,16(sp)
   122f6:	60e2                	ld	ra,24(sp)
   122f8:	e998                	sd	a4,16(a1)
   122fa:	ee98                	sd	a4,24(a3)
   122fc:	6105                	addi	sp,sp,32
   122fe:	816ff06f          	j	11314 <__malloc_unlock>
   12302:	06089a63          	bnez	a7,12376 <_free_r+0x1b6>
   12306:	6e0c                	ld	a1,24(a2)
   12308:	6a10                	ld	a2,16(a2)
   1230a:	96be                	add	a3,a3,a5
   1230c:	0016e793          	ori	a5,a3,1
   12310:	ee0c                	sd	a1,24(a2)
   12312:	e990                	sd	a2,16(a1)
   12314:	e71c                	sd	a5,8(a4)
   12316:	9736                	add	a4,a4,a3
   12318:	e314                	sd	a3,0(a4)
   1231a:	bf91                	j	1226e <_free_r+0xae>
   1231c:	96be                	add	a3,a3,a5
   1231e:	00031a63          	bnez	t1,12332 <_free_r+0x172>
   12322:	ff05b783          	ld	a5,-16(a1)
   12326:	8f1d                	sub	a4,a4,a5
   12328:	6b10                	ld	a2,16(a4)
   1232a:	96be                	add	a3,a3,a5
   1232c:	6f1c                	ld	a5,24(a4)
   1232e:	ee1c                	sd	a5,24(a2)
   12330:	eb90                	sd	a2,16(a5)
   12332:	0016e613          	ori	a2,a3,1
   12336:	2201b783          	ld	a5,544(gp) # 1bbf0 <__malloc_trim_threshold>
   1233a:	e710                	sd	a2,8(a4)
   1233c:	00e83823          	sd	a4,16(a6)
   12340:	f2f6e7e3          	bltu	a3,a5,1226e <_free_r+0xae>
   12344:	2481b583          	ld	a1,584(gp) # 1bc18 <__malloc_top_pad>
   12348:	8522                	mv	a0,s0
   1234a:	db1ff0ef          	jal	120fa <_malloc_trim_r>
   1234e:	b705                	j	1226e <_free_r+0xae>
   12350:	97b6                	add	a5,a5,a3
   12352:	bf15                	j	12286 <_free_r+0xc6>
   12354:	4651                	li	a2,20
   12356:	02d67563          	bgeu	a2,a3,12380 <_free_r+0x1c0>
   1235a:	05400613          	li	a2,84
   1235e:	04d66e63          	bltu	a2,a3,123ba <_free_r+0x1fa>
   12362:	00c7d693          	srli	a3,a5,0xc
   12366:	00169593          	slli	a1,a3,0x1
   1236a:	0de5859b          	addiw	a1,a1,222
   1236e:	058e                	slli	a1,a1,0x3
   12370:	06e6861b          	addiw	a2,a3,110
   12374:	bfb9                	j	122d2 <_free_r+0x112>
   12376:	0017e693          	ori	a3,a5,1
   1237a:	e714                	sd	a3,8(a4)
   1237c:	e21c                	sd	a5,0(a2)
   1237e:	bdc5                	j	1226e <_free_r+0xae>
   12380:	00169593          	slli	a1,a3,0x1
   12384:	0b85859b          	addiw	a1,a1,184
   12388:	058e                	slli	a1,a1,0x3
   1238a:	05b6861b          	addiw	a2,a3,91
   1238e:	b791                	j	122d2 <_free_r+0x112>
   12390:	02e83423          	sd	a4,40(a6)
   12394:	02e83023          	sd	a4,32(a6)
   12398:	ef0c                	sd	a1,24(a4)
   1239a:	eb0c                	sd	a1,16(a4)
   1239c:	01173423          	sd	a7,8(a4)
   123a0:	e11c                	sd	a5,0(a0)
   123a2:	b5f1                	j	1226e <_free_r+0xae>
   123a4:	00883503          	ld	a0,8(a6)
   123a8:	4026561b          	sraiw	a2,a2,0x2
   123ac:	4785                	li	a5,1
   123ae:	00c797b3          	sll	a5,a5,a2
   123b2:	8fc9                	or	a5,a5,a0
   123b4:	00f83423          	sd	a5,8(a6)
   123b8:	bf1d                	j	122ee <_free_r+0x12e>
   123ba:	15400613          	li	a2,340
   123be:	00d66c63          	bltu	a2,a3,123d6 <_free_r+0x216>
   123c2:	00f7d693          	srli	a3,a5,0xf
   123c6:	00169593          	slli	a1,a3,0x1
   123ca:	0f05859b          	addiw	a1,a1,240
   123ce:	058e                	slli	a1,a1,0x3
   123d0:	0776861b          	addiw	a2,a3,119
   123d4:	bdfd                	j	122d2 <_free_r+0x112>
   123d6:	55400613          	li	a2,1364
   123da:	00d66c63          	bltu	a2,a3,123f2 <_free_r+0x232>
   123de:	0127d693          	srli	a3,a5,0x12
   123e2:	00169593          	slli	a1,a3,0x1
   123e6:	0fa5859b          	addiw	a1,a1,250
   123ea:	058e                	slli	a1,a1,0x3
   123ec:	07c6861b          	addiw	a2,a3,124
   123f0:	b5cd                	j	122d2 <_free_r+0x112>
   123f2:	7f000593          	li	a1,2032
   123f6:	07e00613          	li	a2,126
   123fa:	bde1                	j	122d2 <_free_r+0x112>

00000000000123fc <_vfprintf_r>:
   123fc:	db010113          	addi	sp,sp,-592
   12400:	24113423          	sd	ra,584(sp)
   12404:	24813023          	sd	s0,576(sp)
   12408:	22913c23          	sd	s1,568(sp)
   1240c:	21613823          	sd	s6,528(sp)
   12410:	ec36                	sd	a3,24(sp)
   12412:	8b32                	mv	s6,a2
   12414:	84ae                	mv	s1,a1
   12416:	842a                	mv	s0,a0
   12418:	e02a                	sd	a0,0(sp)
   1241a:	1dd020ef          	jal	14df6 <_localeconv_r>
   1241e:	611c                	ld	a5,0(a0)
   12420:	853e                	mv	a0,a5
   12422:	e8be                	sd	a5,80(sp)
   12424:	401020ef          	jal	15024 <strlen>
   12428:	e4aa                	sd	a0,72(sp)
   1242a:	e982                	sd	zero,208(sp)
   1242c:	ed82                	sd	zero,216(sp)
   1242e:	c409                	beqz	s0,12438 <_vfprintf_r+0x3c>
   12430:	643c                	ld	a5,72(s0)
   12432:	e399                	bnez	a5,12438 <_vfprintf_r+0x3c>
   12434:	3c20106f          	j	137f6 <_vfprintf_r+0x13fa>
   12438:	01049783          	lh	a5,16(s1)
   1243c:	0ac4a703          	lw	a4,172(s1)
   12440:	6609                	lui	a2,0x2
   12442:	03279693          	slli	a3,a5,0x32
   12446:	2606cb63          	bltz	a3,126bc <_vfprintf_r+0x2c0>
   1244a:	76f9                	lui	a3,0xffffe
   1244c:	8fd1                	or	a5,a5,a2
   1244e:	16fd                	addi	a3,a3,-1 # ffffffffffffdfff <__BSS_END__+0xfffffffffffe1e2f>
   12450:	8f75                	and	a4,a4,a3
   12452:	00f49823          	sh	a5,16(s1)
   12456:	0107979b          	slliw	a5,a5,0x10
   1245a:	4107d79b          	sraiw	a5,a5,0x10
   1245e:	0ae4a623          	sw	a4,172(s1)
   12462:	0087f713          	andi	a4,a5,8
   12466:	20070763          	beqz	a4,12674 <_vfprintf_r+0x278>
   1246a:	6c98                	ld	a4,24(s1)
   1246c:	20070463          	beqz	a4,12674 <_vfprintf_r+0x278>
   12470:	8be9                	andi	a5,a5,26
   12472:	4729                	li	a4,10
   12474:	20e78b63          	beq	a5,a4,1268a <_vfprintf_r+0x28e>
   12478:	67ed                	lui	a5,0x1b
   1247a:	23313423          	sd	s3,552(sp)
   1247e:	23413023          	sd	s4,544(sp)
   12482:	16010993          	addi	s3,sp,352
   12486:	6a6d                	lui	s4,0x1b
   12488:	8f478793          	addi	a5,a5,-1804 # 1a8f4 <_ctype_+0x104>
   1248c:	21713423          	sd	s7,520(sp)
   12490:	ffe6                	sd	s9,504(sp)
   12492:	23213823          	sd	s2,560(sp)
   12496:	21513c23          	sd	s5,536(sp)
   1249a:	21813023          	sd	s8,512(sp)
   1249e:	fbea                	sd	s10,496(sp)
   124a0:	f7ee                	sd	s11,488(sp)
   124a2:	f982                	sd	zero,240(sp)
   124a4:	d582                	sw	zero,232(sp)
   124a6:	f1ce                	sd	s3,224(sp)
   124a8:	8bce                	mv	s7,s3
   124aa:	f43e                	sd	a5,40(sp)
   124ac:	a60a0a13          	addi	s4,s4,-1440 # 1aa60 <zeroes.0>
   124b0:	f802                	sd	zero,48(sp)
   124b2:	f482                	sd	zero,104(sp)
   124b4:	fc82                	sd	zero,120(sp)
   124b6:	e502                	sd	zero,136(sp)
   124b8:	f882                	sd	zero,112(sp)
   124ba:	e802                	sd	zero,16(sp)
   124bc:	4441                	li	s0,16
   124be:	8cda                	mv	s9,s6
   124c0:	e426                	sd	s1,8(sp)
   124c2:	cc517057          	vsetivli	zero,2,e8,mf8,ta,ma
   124c6:	000cc703          	lbu	a4,0(s9)
   124ca:	8966                	mv	s2,s9
   124cc:	fdb70793          	addi	a5,a4,-37
   124d0:	0007069b          	sext.w	a3,a4
   124d4:	c7a1                	beqz	a5,1251c <_vfprintf_r+0x120>
   124d6:	c2b9                	beqz	a3,1251c <_vfprintf_r+0x120>
   124d8:	8aca                	mv	s5,s2
   124da:	00194703          	lbu	a4,1(s2)
   124de:	0905                	addi	s2,s2,1
   124e0:	0007079b          	sext.w	a5,a4
   124e4:	c701                	beqz	a4,124ec <_vfprintf_r+0xf0>
   124e6:	fdb78793          	addi	a5,a5,-37
   124ea:	f7fd                	bnez	a5,124d8 <_vfprintf_r+0xdc>
   124ec:	41990b3b          	subw	s6,s2,s9
   124f0:	020b0663          	beqz	s6,1251c <_vfprintf_r+0x120>
   124f4:	774e                	ld	a4,240(sp)
   124f6:	57ae                	lw	a5,232(sp)
   124f8:	019bb023          	sd	s9,0(s7)
   124fc:	975a                	add	a4,a4,s6
   124fe:	2785                	addiw	a5,a5,1
   12500:	016bb423          	sd	s6,8(s7)
   12504:	f9ba                	sd	a4,240(sp)
   12506:	d5be                	sw	a5,232(sp)
   12508:	471d                	li	a4,7
   1250a:	0bc1                	addi	s7,s7,16
   1250c:	18f74c63          	blt	a4,a5,126a4 <_vfprintf_r+0x2a8>
   12510:	67c2                	ld	a5,16(sp)
   12512:	001ac703          	lbu	a4,1(s5)
   12516:	016787bb          	addw	a5,a5,s6
   1251a:	e83e                	sd	a5,16(sp)
   1251c:	e319                	bnez	a4,12522 <_vfprintf_r+0x126>
   1251e:	36a0106f          	j	13888 <_vfprintf_r+0x148c>
   12522:	00194303          	lbu	t1,1(s2)
   12526:	00190c93          	addi	s9,s2,1
   1252a:	0a0103a3          	sb	zero,167(sp)
   1252e:	5afd                	li	s5,-1
   12530:	4d01                	li	s10,0
   12532:	05a00913          	li	s2,90
   12536:	4481                	li	s1,0
   12538:	0c85                	addi	s9,s9,1
   1253a:	00030d9b          	sext.w	s11,t1
   1253e:	fe0d879b          	addiw	a5,s11,-32
   12542:	04f96363          	bltu	s2,a5,12588 <_vfprintf_r+0x18c>
   12546:	02079713          	slli	a4,a5,0x20
   1254a:	01e75793          	srli	a5,a4,0x1e
   1254e:	7722                	ld	a4,40(sp)
   12550:	97ba                	add	a5,a5,a4
   12552:	439c                	lw	a5,0(a5)
   12554:	8782                	jr	a5
   12556:	4d01                	li	s10,0
   12558:	46a5                	li	a3,9
   1255a:	002d179b          	slliw	a5,s10,0x2
   1255e:	0c85                	addi	s9,s9,1
   12560:	01a78d3b          	addw	s10,a5,s10
   12564:	fffcc783          	lbu	a5,-1(s9)
   12568:	fd0d8d9b          	addiw	s11,s11,-48
   1256c:	001d1d1b          	slliw	s10,s10,0x1
   12570:	fd07871b          	addiw	a4,a5,-48
   12574:	01ad8d3b          	addw	s10,s11,s10
   12578:	00078d9b          	sext.w	s11,a5
   1257c:	fce6ffe3          	bgeu	a3,a4,1255a <_vfprintf_r+0x15e>
   12580:	fe0d879b          	addiw	a5,s11,-32
   12584:	fcf971e3          	bgeu	s2,a5,12546 <_vfprintf_r+0x14a>
   12588:	8e26                	mv	t3,s1
   1258a:	000d9463          	bnez	s11,12592 <_vfprintf_r+0x196>
   1258e:	2fa0106f          	j	13888 <_vfprintf_r+0x148c>
   12592:	4885                	li	a7,1
   12594:	0fb10c23          	sb	s11,248(sp)
   12598:	0a0103a3          	sb	zero,167(sp)
   1259c:	8846                	mv	a6,a7
   1259e:	f002                	sd	zero,32(sp)
   125a0:	4a81                	li	s5,0
   125a2:	e082                	sd	zero,64(sp)
   125a4:	fc02                	sd	zero,56(sp)
   125a6:	4481                	li	s1,0
   125a8:	19bc                	addi	a5,sp,248
   125aa:	794e                	ld	s2,240(sp)
   125ac:	084e7b13          	andi	s6,t3,132
   125b0:	85ca                	mv	a1,s2
   125b2:	6e0b0563          	beqz	s6,12c9c <_vfprintf_r+0x8a0>
   125b6:	0a714703          	lbu	a4,167(sp)
   125ba:	c339                	beqz	a4,12600 <_vfprintf_r+0x204>
   125bc:	562e                	lw	a2,232(sp)
   125be:	4381                	li	t2,0
   125c0:	0a710713          	addi	a4,sp,167
   125c4:	00ebb023          	sd	a4,0(s7)
   125c8:	0905                	addi	s2,s2,1
   125ca:	4705                	li	a4,1
   125cc:	2605                	addiw	a2,a2,1 # 2001 <exit-0xe11f>
   125ce:	00ebb423          	sd	a4,8(s7)
   125d2:	f9ca                	sd	s2,240(sp)
   125d4:	d5b2                	sw	a2,232(sp)
   125d6:	471d                	li	a4,7
   125d8:	0bc1                	addi	s7,s7,16
   125da:	2ec74363          	blt	a4,a2,128c0 <_vfprintf_r+0x4c4>
   125de:	02038163          	beqz	t2,12600 <_vfprintf_r+0x204>
   125e2:	562e                	lw	a2,232(sp)
   125e4:	1138                	addi	a4,sp,168
   125e6:	00ebb023          	sd	a4,0(s7)
   125ea:	0909                	addi	s2,s2,2
   125ec:	4709                	li	a4,2
   125ee:	2605                	addiw	a2,a2,1
   125f0:	00ebb423          	sd	a4,8(s7)
   125f4:	f9ca                	sd	s2,240(sp)
   125f6:	d5b2                	sw	a2,232(sp)
   125f8:	471d                	li	a4,7
   125fa:	0bc1                	addi	s7,s7,16
   125fc:	32c744e3          	blt	a4,a2,13124 <_vfprintf_r+0xd28>
   12600:	08000713          	li	a4,128
   12604:	12eb02e3          	beq	s6,a4,12f28 <_vfprintf_r+0xb2c>
   12608:	411a8abb          	subw	s5,s5,a7
   1260c:	6b504463          	bgtz	s5,12cb4 <_vfprintf_r+0x8b8>
   12610:	100e7713          	andi	a4,t3,256
   12614:	74071b63          	bnez	a4,12d6a <_vfprintf_r+0x96e>
   12618:	00fbb023          	sd	a5,0(s7)
   1261c:	57ae                	lw	a5,232(sp)
   1261e:	9946                	add	s2,s2,a7
   12620:	f9ca                	sd	s2,240(sp)
   12622:	2785                	addiw	a5,a5,1
   12624:	011bb423          	sd	a7,8(s7)
   12628:	471d                	li	a4,7
   1262a:	d5be                	sw	a5,232(sp)
   1262c:	2ef74063          	blt	a4,a5,1290c <_vfprintf_r+0x510>
   12630:	0bc1                	addi	s7,s7,16
   12632:	004e7f13          	andi	t5,t3,4
   12636:	000f0663          	beqz	t5,12642 <_vfprintf_r+0x246>
   1263a:	410d0abb          	subw	s5,s10,a6
   1263e:	315047e3          	bgtz	s5,1314c <_vfprintf_r+0xd50>
   12642:	87ea                	mv	a5,s10
   12644:	010d5363          	bge	s10,a6,1264a <_vfprintf_r+0x24e>
   12648:	87c2                	mv	a5,a6
   1264a:	6742                	ld	a4,16(sp)
   1264c:	9fb9                	addw	a5,a5,a4
   1264e:	e83e                	sd	a5,16(sp)
   12650:	18091ce3          	bnez	s2,12fe8 <_vfprintf_r+0xbec>
   12654:	7782                	ld	a5,32(sp)
   12656:	d582                	sw	zero,232(sp)
   12658:	c799                	beqz	a5,12666 <_vfprintf_r+0x26a>
   1265a:	7582                	ld	a1,32(sp)
   1265c:	6502                	ld	a0,0(sp)
   1265e:	b63ff0ef          	jal	121c0 <_free_r>
   12662:	cc517057          	vsetivli	zero,2,e8,mf8,ta,ma
   12666:	8bce                	mv	s7,s3
   12668:	bdb9                	j	124c6 <_vfprintf_r+0xca>
   1266a:	000cc303          	lbu	t1,0(s9)
   1266e:	0104e493          	ori	s1,s1,16
   12672:	b5d9                	j	12538 <_vfprintf_r+0x13c>
   12674:	6502                	ld	a0,0(sp)
   12676:	85a6                	mv	a1,s1
   12678:	56e020ef          	jal	14be6 <__swsetup_r>
   1267c:	e521                	bnez	a0,126c4 <_vfprintf_r+0x2c8>
   1267e:	01049783          	lh	a5,16(s1)
   12682:	4729                	li	a4,10
   12684:	8be9                	andi	a5,a5,26
   12686:	dee799e3          	bne	a5,a4,12478 <_vfprintf_r+0x7c>
   1268a:	01249783          	lh	a5,18(s1)
   1268e:	de07c5e3          	bltz	a5,12478 <_vfprintf_r+0x7c>
   12692:	66e2                	ld	a3,24(sp)
   12694:	6502                	ld	a0,0(sp)
   12696:	865a                	mv	a2,s6
   12698:	85a6                	mv	a1,s1
   1269a:	661010ef          	jal	144fa <__sbprintf>
   1269e:	e82a                	sd	a0,16(sp)
   126a0:	26d0006f          	j	1310c <_vfprintf_r+0xd10>
   126a4:	65a2                	ld	a1,8(sp)
   126a6:	6502                	ld	a0,0(sp)
   126a8:	1190                	addi	a2,sp,224
   126aa:	6e3010ef          	jal	1458c <__sprint_r>
   126ae:	c119                	beqz	a0,126b4 <_vfprintf_r+0x2b8>
   126b0:	4310106f          	j	142e0 <_vfprintf_r+0x1ee4>
   126b4:	8bce                	mv	s7,s3
   126b6:	cc517057          	vsetivli	zero,2,e8,mf8,ta,ma
   126ba:	bd99                	j	12510 <_vfprintf_r+0x114>
   126bc:	03271693          	slli	a3,a4,0x32
   126c0:	da06d1e3          	bgez	a3,12462 <_vfprintf_r+0x66>
   126c4:	57fd                	li	a5,-1
   126c6:	e83e                	sd	a5,16(sp)
   126c8:	2450006f          	j	1310c <_vfprintf_r+0xd10>
   126cc:	0084f793          	andi	a5,s1,8
   126d0:	8e26                	mv	t3,s1
   126d2:	580793e3          	bnez	a5,13458 <_vfprintf_r+0x105c>
   126d6:	f026                	sd	s1,32(sp)
   126d8:	64e2                	ld	s1,24(sp)
   126da:	2088                	fld	fa0,0(s1)
   126dc:	473070ef          	jal	1a34e <__extenddftf2>
   126e0:	7e02                	ld	t3,32(sp)
   126e2:	00848793          	addi	a5,s1,8
   126e6:	ec3e                	sd	a5,24(sp)
   126e8:	e9aa                	sd	a0,208(sp)
   126ea:	0988                	addi	a0,sp,208
   126ec:	f072                	sd	t3,32(sp)
   126ee:	edae                	sd	a1,216(sp)
   126f0:	445020ef          	jal	15334 <_ldcheck>
   126f4:	d92a                	sw	a0,176(sp)
   126f6:	4789                	li	a5,2
   126f8:	7e02                	ld	t3,32(sp)
   126fa:	00f51463          	bne	a0,a5,12702 <_vfprintf_r+0x306>
   126fe:	1460106f          	j	13844 <_vfprintf_r+0x1448>
   12702:	4785                	li	a5,1
   12704:	00f51463          	bne	a0,a5,1270c <_vfprintf_r+0x310>
   12708:	2300106f          	j	13938 <_vfprintf_r+0x153c>
   1270c:	fdfdf913          	andi	s2,s11,-33
   12710:	04100793          	li	a5,65
   12714:	00f90463          	beq	s2,a5,1271c <_vfprintf_r+0x320>
   12718:	25a0106f          	j	13972 <_vfprintf_r+0x1576>
   1271c:	03000793          	li	a5,48
   12720:	0af10423          	sb	a5,168(sp)
   12724:	06100713          	li	a4,97
   12728:	05800793          	li	a5,88
   1272c:	00ed9463          	bne	s11,a4,12734 <_vfprintf_r+0x338>
   12730:	5ce0106f          	j	13cfe <_vfprintf_r+0x1902>
   12734:	0af104a3          	sb	a5,169(sp)
   12738:	06300793          	li	a5,99
   1273c:	0157d463          	bge	a5,s5,12744 <_vfprintf_r+0x348>
   12740:	58a0106f          	j	13cca <_vfprintf_r+0x18ce>
   12744:	65ee                	ld	a1,216(sp)
   12746:	654e                	ld	a0,208(sp)
   12748:	0005d463          	bgez	a1,12750 <_vfprintf_r+0x354>
   1274c:	2c70106f          	j	14212 <_vfprintf_r+0x1e16>
   12750:	ec82                	sd	zero,88(sp)
   12752:	f002                	sd	zero,32(sp)
   12754:	19bc                	addi	a5,sp,248
   12756:	f83e                	sd	a5,48(sp)
   12758:	1910                	addi	a2,sp,176
   1275a:	002e6793          	ori	a5,t3,2
   1275e:	fc3e                	sd	a5,56(sp)
   12760:	15f020ef          	jal	150be <frexpl>
   12764:	00fff6b7          	lui	a3,0xfff
   12768:	169a                	slli	a3,a3,0x26
   1276a:	4601                	li	a2,0
   1276c:	48f060ef          	jal	193fa <__multf3>
   12770:	4601                	li	a2,0
   12772:	4681                	li	a3,0
   12774:	84aa                	mv	s1,a0
   12776:	892e                	mv	s2,a1
   12778:	26f060ef          	jal	191e6 <__eqtf2>
   1277c:	77c2                	ld	a5,48(sp)
   1277e:	e119                	bnez	a0,12784 <_vfprintf_r+0x388>
   12780:	4705                	li	a4,1
   12782:	d93a                	sw	a4,176(sp)
   12784:	06100713          	li	a4,97
   12788:	00ed9463          	bne	s11,a4,12790 <_vfprintf_r+0x394>
   1278c:	4470106f          	j	143d2 <_vfprintf_r+0x1fd6>
   12790:	6769                	lui	a4,0x1a
   12792:	56870713          	addi	a4,a4,1384 # 1a568 <__clzdi2+0x156>
   12796:	f83a                	sd	a4,48(sp)
   12798:	e0de                	sd	s7,64(sp)
   1279a:	f0e6                	sd	s9,96(sp)
   1279c:	7bc2                	ld	s7,48(sp)
   1279e:	8b3e                	mv	s6,a5
   127a0:	8cbe                	mv	s9,a5
   127a2:	a809                	j	127b4 <_vfprintf_r+0x3b8>
   127a4:	4601                	li	a2,0
   127a6:	4681                	li	a3,0
   127a8:	23f060ef          	jal	191e6 <__eqtf2>
   127ac:	e119                	bnez	a0,127b2 <_vfprintf_r+0x3b6>
   127ae:	3430106f          	j	142f0 <_vfprintf_r+0x1ef4>
   127b2:	3afd                	addiw	s5,s5,-1
   127b4:	040036b7          	lui	a3,0x4003
   127b8:	1692                	slli	a3,a3,0x24
   127ba:	4601                	li	a2,0
   127bc:	8526                	mv	a0,s1
   127be:	85ca                	mv	a1,s2
   127c0:	43b060ef          	jal	193fa <__multf3>
   127c4:	84ae                	mv	s1,a1
   127c6:	892a                	mv	s2,a0
   127c8:	2a7070ef          	jal	1a26e <__fixtfsi>
   127cc:	00050c1b          	sext.w	s8,a0
   127d0:	8562                	mv	a0,s8
   127d2:	32b070ef          	jal	1a2fc <__floatsitf>
   127d6:	862a                	mv	a2,a0
   127d8:	86ae                	mv	a3,a1
   127da:	854a                	mv	a0,s2
   127dc:	85a6                	mv	a1,s1
   127de:	230070ef          	jal	19a0e <__subtf3>
   127e2:	018b86b3          	add	a3,s7,s8
   127e6:	0006c683          	lbu	a3,0(a3) # 4003000 <__BSS_END__+0x3fe6e30>
   127ea:	865a                	mv	a2,s6
   127ec:	84aa                	mv	s1,a0
   127ee:	00db0023          	sb	a3,0(s6)
   127f2:	0b05                	addi	s6,s6,1
   127f4:	892e                	mv	s2,a1
   127f6:	fa0a97e3          	bnez	s5,127a4 <_vfprintf_r+0x3a8>
   127fa:	01fff6b7          	lui	a3,0x1fff
   127fe:	875a                	mv	a4,s6
   12800:	84b2                	mv	s1,a2
   12802:	1696                	slli	a3,a3,0x25
   12804:	4601                	li	a2,0
   12806:	6b86                	ld	s7,64(sp)
   12808:	8b62                	mv	s6,s8
   1280a:	e0e6                	sd	s9,64(sp)
   1280c:	8aaa                	mv	s5,a0
   1280e:	8c3a                	mv	s8,a4
   12810:	27f060ef          	jal	1928e <__getf2>
   12814:	7c86                	ld	s9,96(sp)
   12816:	6786                	ld	a5,64(sp)
   12818:	00a04f63          	bgtz	a0,12836 <_vfprintf_r+0x43a>
   1281c:	01fff6b7          	lui	a3,0x1fff
   12820:	8556                	mv	a0,s5
   12822:	85ca                	mv	a1,s2
   12824:	1696                	slli	a3,a3,0x25
   12826:	4601                	li	a2,0
   12828:	1bf060ef          	jal	191e6 <__eqtf2>
   1282c:	6786                	ld	a5,64(sp)
   1282e:	e521                	bnez	a0,12876 <_vfprintf_r+0x47a>
   12830:	001b7713          	andi	a4,s6,1
   12834:	c329                	beqz	a4,12876 <_vfprintf_r+0x47a>
   12836:	7742                	ld	a4,48(sp)
   12838:	e5a6                	sd	s1,200(sp)
   1283a:	fffc4683          	lbu	a3,-1(s8)
   1283e:	00f74603          	lbu	a2,15(a4)
   12842:	8762                	mv	a4,s8
   12844:	00d61e63          	bne	a2,a3,12860 <_vfprintf_r+0x464>
   12848:	03000593          	li	a1,48
   1284c:	feb70fa3          	sb	a1,-1(a4)
   12850:	672e                	ld	a4,200(sp)
   12852:	fff70693          	addi	a3,a4,-1
   12856:	e5b6                	sd	a3,200(sp)
   12858:	fff74683          	lbu	a3,-1(a4)
   1285c:	fec688e3          	beq	a3,a2,1284c <_vfprintf_r+0x450>
   12860:	03900613          	li	a2,57
   12864:	00c69463          	bne	a3,a2,1286c <_vfprintf_r+0x470>
   12868:	4170106f          	j	1447e <_vfprintf_r+0x2082>
   1286c:	2685                	addiw	a3,a3,1 # 1fff001 <__BSS_END__+0x1fe2e31>
   1286e:	0ff6f693          	zext.b	a3,a3
   12872:	fed70fa3          	sb	a3,-1(a4)
   12876:	56ca                	lw	a3,176(sp)
   12878:	00fd871b          	addiw	a4,s11,15
   1287c:	0ae10c23          	sb	a4,184(sp)
   12880:	40fc063b          	subw	a2,s8,a5
   12884:	fff6871b          	addiw	a4,a3,-1
   12888:	d93a                	sw	a4,176(sp)
   1288a:	f832                	sd	a2,48(sp)
   1288c:	00075463          	bgez	a4,12894 <_vfprintf_r+0x498>
   12890:	37f0106f          	j	1440e <_vfprintf_r+0x2012>
   12894:	02b00693          	li	a3,43
   12898:	0ad10ca3          	sb	a3,185(sp)
   1289c:	46a5                	li	a3,9
   1289e:	00e6d463          	bge	a3,a4,128a6 <_vfprintf_r+0x4aa>
   128a2:	5b60106f          	j	13e58 <_vfprintf_r+0x1a5c>
   128a6:	0ba10693          	addi	a3,sp,186
   128aa:	0307071b          	addiw	a4,a4,48
   128ae:	00e68023          	sb	a4,0(a3)
   128b2:	1398                	addi	a4,sp,480
   128b4:	8e99                	sub	a3,a3,a4
   128b6:	1296871b          	addiw	a4,a3,297
   128ba:	f4ba                	sd	a4,104(sp)
   128bc:	6180106f          	j	13ed4 <_vfprintf_r+0x1ad8>
   128c0:	65a2                	ld	a1,8(sp)
   128c2:	6502                	ld	a0,0(sp)
   128c4:	1190                	addi	a2,sp,224
   128c6:	ed46                	sd	a7,152(sp)
   128c8:	e942                	sd	a6,144(sp)
   128ca:	e172                	sd	t3,128(sp)
   128cc:	f0be                	sd	a5,96(sp)
   128ce:	ec9e                	sd	t2,88(sp)
   128d0:	4bd010ef          	jal	1458c <__sprint_r>
   128d4:	000511e3          	bnez	a0,130d6 <_vfprintf_r+0xcda>
   128d8:	794e                	ld	s2,240(sp)
   128da:	68ea                	ld	a7,152(sp)
   128dc:	684a                	ld	a6,144(sp)
   128de:	6e0a                	ld	t3,128(sp)
   128e0:	7786                	ld	a5,96(sp)
   128e2:	63e6                	ld	t2,88(sp)
   128e4:	8bce                	mv	s7,s3
   128e6:	cc517057          	vsetivli	zero,2,e8,mf8,ta,ma
   128ea:	b9d5                	j	125de <_vfprintf_r+0x1e2>
   128ec:	8e4a                	mv	t3,s2
   128ee:	8856                	mv	a6,s5
   128f0:	893a                	mv	s2,a4
   128f2:	8aa6                	mv	s5,s1
   128f4:	86e2                	mv	a3,s8
   128f6:	9956                	add	s2,s2,s5
   128f8:	2785                	addiw	a5,a5,1
   128fa:	f9ca                	sd	s2,240(sp)
   128fc:	d5be                	sw	a5,232(sp)
   128fe:	00dbb023          	sd	a3,0(s7)
   12902:	015bb423          	sd	s5,8(s7)
   12906:	471d                	li	a4,7
   12908:	d2f754e3          	bge	a4,a5,12630 <_vfprintf_r+0x234>
   1290c:	65a2                	ld	a1,8(sp)
   1290e:	6502                	ld	a0,0(sp)
   12910:	1190                	addi	a2,sp,224
   12912:	e0c2                	sd	a6,64(sp)
   12914:	fc72                	sd	t3,56(sp)
   12916:	477010ef          	jal	1458c <__sprint_r>
   1291a:	7a051e63          	bnez	a0,130d6 <_vfprintf_r+0xcda>
   1291e:	794e                	ld	s2,240(sp)
   12920:	7e62                	ld	t3,56(sp)
   12922:	6806                	ld	a6,64(sp)
   12924:	8bce                	mv	s7,s3
   12926:	cc517057          	vsetivli	zero,2,e8,mf8,ta,ma
   1292a:	b321                	j	12632 <_vfprintf_r+0x236>
   1292c:	6762                	ld	a4,24(sp)
   1292e:	8e26                	mv	t3,s1
   12930:	4885                	li	a7,1
   12932:	431c                	lw	a5,0(a4)
   12934:	0a0103a3          	sb	zero,167(sp)
   12938:	0ef10c23          	sb	a5,248(sp)
   1293c:	00870793          	addi	a5,a4,8
   12940:	ec3e                	sd	a5,24(sp)
   12942:	b9a9                	j	1259c <_vfprintf_r+0x1a0>
   12944:	6762                	ld	a4,24(sp)
   12946:	0a0103a3          	sb	zero,167(sp)
   1294a:	8e26                	mv	t3,s1
   1294c:	631c                	ld	a5,0(a4)
   1294e:	00870493          	addi	s1,a4,8
   12952:	4c0784e3          	beqz	a5,1361a <_vfprintf_r+0x121e>
   12956:	740ac4e3          	bltz	s5,1389e <_vfprintf_r+0x14a2>
   1295a:	853e                	mv	a0,a5
   1295c:	8656                	mv	a2,s5
   1295e:	4581                	li	a1,0
   12960:	fc72                	sd	t3,56(sp)
   12962:	ec3e                	sd	a5,24(sp)
   12964:	372020ef          	jal	14cd6 <memchr>
   12968:	f02a                	sd	a0,32(sp)
   1296a:	0a714703          	lbu	a4,167(sp)
   1296e:	67e2                	ld	a5,24(sp)
   12970:	7e62                	ld	t3,56(sp)
   12972:	e119                	bnez	a0,12978 <_vfprintf_r+0x57c>
   12974:	71a0106f          	j	1408e <_vfprintf_r+0x1c92>
   12978:	40f508bb          	subw	a7,a0,a5
   1297c:	86c6                	mv	a3,a7
   1297e:	0008d463          	bgez	a7,12986 <_vfprintf_r+0x58a>
   12982:	3100106f          	j	13c92 <_vfprintf_r+0x1896>
   12986:	0006881b          	sext.w	a6,a3
   1298a:	c319                	beqz	a4,12990 <_vfprintf_r+0x594>
   1298c:	0016881b          	addiw	a6,a3,1
   12990:	ec26                	sd	s1,24(sp)
   12992:	cc517057          	vsetivli	zero,2,e8,mf8,ta,ma
   12996:	4990006f          	j	1362e <_vfprintf_r+0x1232>
   1299a:	6762                	ld	a4,24(sp)
   1299c:	0204f793          	andi	a5,s1,32
   129a0:	8e26                	mv	t3,s1
   129a2:	0721                	addi	a4,a4,8
   129a4:	e7c9                	bnez	a5,12a2e <_vfprintf_r+0x632>
   129a6:	0104f793          	andi	a5,s1,16
   129aa:	c399                	beqz	a5,129b0 <_vfprintf_r+0x5b4>
   129ac:	7a80106f          	j	14154 <_vfprintf_r+0x1d58>
   129b0:	66e2                	ld	a3,24(sp)
   129b2:	0404f793          	andi	a5,s1,64
   129b6:	0006a903          	lw	s2,0(a3)
   129ba:	74078ae3          	beqz	a5,1390e <_vfprintf_r+0x1512>
   129be:	0109191b          	slliw	s2,s2,0x10
   129c2:	4109591b          	sraiw	s2,s2,0x10
   129c6:	ec3a                	sd	a4,24(sp)
   129c8:	87ca                	mv	a5,s2
   129ca:	0607c863          	bltz	a5,12a3a <_vfprintf_r+0x63e>
   129ce:	080ac063          	bltz	s5,12a4e <_vfprintf_r+0x652>
   129d2:	f7fe7e13          	andi	t3,t3,-129
   129d6:	06091c63          	bnez	s2,12a4e <_vfprintf_r+0x652>
   129da:	060a9a63          	bnez	s5,12a4e <_vfprintf_r+0x652>
   129de:	0a714503          	lbu	a0,167(sp)
   129e2:	740502e3          	beqz	a0,13926 <_vfprintf_r+0x152a>
   129e6:	4801                	li	a6,0
   129e8:	4481                	li	s1,0
   129ea:	f002                	sd	zero,32(sp)
   129ec:	4881                	li	a7,0
   129ee:	4a81                	li	s5,0
   129f0:	0afc                	addi	a5,sp,348
   129f2:	2805                	addiw	a6,a6,1
   129f4:	e099                	bnez	s1,129fa <_vfprintf_r+0x5fe>
   129f6:	2d70106f          	j	144cc <_vfprintf_r+0x20d0>
   129fa:	794e                	ld	s2,240(sp)
   129fc:	562e                	lw	a2,232(sp)
   129fe:	084e7b13          	andi	s6,t3,132
   12a02:	2809                	addiw	a6,a6,2
   12a04:	85ca                	mv	a1,s2
   12a06:	86b2                	mv	a3,a2
   12a08:	5e0b0a63          	beqz	s6,12ffc <_vfprintf_r+0xc00>
   12a0c:	e082                	sd	zero,64(sp)
   12a0e:	fc02                	sd	zero,56(sp)
   12a10:	4481                	li	s1,0
   12a12:	bc0509e3          	beqz	a0,125e4 <_vfprintf_r+0x1e8>
   12a16:	4389                	li	t2,2
   12a18:	b665                	j	125c0 <_vfprintf_r+0x1c4>
   12a1a:	0204f793          	andi	a5,s1,32
   12a1e:	0104ef13          	ori	t5,s1,16
   12a22:	260787e3          	beqz	a5,13490 <_vfprintf_r+0x1094>
   12a26:	67e2                	ld	a5,24(sp)
   12a28:	8e7a                	mv	t3,t5
   12a2a:	00878713          	addi	a4,a5,8
   12a2e:	67e2                	ld	a5,24(sp)
   12a30:	ec3a                	sd	a4,24(sp)
   12a32:	639c                	ld	a5,0(a5)
   12a34:	893e                	mv	s2,a5
   12a36:	f807dce3          	bgez	a5,129ce <_vfprintf_r+0x5d2>
   12a3a:	02d00793          	li	a5,45
   12a3e:	0af103a3          	sb	a5,167(sp)
   12a42:	41200933          	neg	s2,s2
   12a46:	000ac463          	bltz	s5,12a4e <_vfprintf_r+0x652>
   12a4a:	f7fe7e13          	andi	t3,t3,-129
   12a4e:	4c25                	li	s8,9
   12a50:	112c6463          	bltu	s8,s2,12b58 <_vfprintf_r+0x75c>
   12a54:	0309091b          	addiw	s2,s2,48
   12a58:	15210da3          	sb	s2,347(sp)
   12a5c:	000a881b          	sext.w	a6,s5
   12a60:	255052e3          	blez	s5,134a4 <_vfprintf_r+0x10a8>
   12a64:	0a714503          	lbu	a0,167(sp)
   12a68:	4481                	li	s1,0
   12a6a:	4885                	li	a7,1
   12a6c:	15b10793          	addi	a5,sp,347
   12a70:	f002                	sd	zero,32(sp)
   12a72:	d149                	beqz	a0,129f4 <_vfprintf_r+0x5f8>
   12a74:	2805                	addiw	a6,a6,1
   12a76:	bfbd                	j	129f4 <_vfprintf_r+0x5f8>
   12a78:	67e2                	ld	a5,24(sp)
   12a7a:	0007ad03          	lw	s10,0(a5)
   12a7e:	160d57e3          	bgez	s10,133ec <_vfprintf_r+0xff0>
   12a82:	67e2                	ld	a5,24(sp)
   12a84:	41a00d3b          	negw	s10,s10
   12a88:	07a1                	addi	a5,a5,8
   12a8a:	ec3e                	sd	a5,24(sp)
   12a8c:	000cc303          	lbu	t1,0(s9)
   12a90:	0044e493          	ori	s1,s1,4
   12a94:	b455                	j	12538 <_vfprintf_r+0x13c>
   12a96:	02b00793          	li	a5,43
   12a9a:	000cc303          	lbu	t1,0(s9)
   12a9e:	0af103a3          	sb	a5,167(sp)
   12aa2:	bc59                	j	12538 <_vfprintf_r+0x13c>
   12aa4:	000cc303          	lbu	t1,0(s9)
   12aa8:	0804e493          	ori	s1,s1,128
   12aac:	b471                	j	12538 <_vfprintf_r+0x13c>
   12aae:	000ccd83          	lbu	s11,0(s9)
   12ab2:	02a00793          	li	a5,42
   12ab6:	001c8613          	addi	a2,s9,1
   12aba:	00fd9463          	bne	s11,a5,12ac2 <_vfprintf_r+0x6c6>
   12abe:	1670106f          	j	14424 <_vfprintf_r+0x2028>
   12ac2:	fd0d871b          	addiw	a4,s11,-48
   12ac6:	45a5                	li	a1,9
   12ac8:	4681                	li	a3,0
   12aca:	8cb2                	mv	s9,a2
   12acc:	4a81                	li	s5,0
   12ace:	a6e5e8e3          	bltu	a1,a4,1253e <_vfprintf_r+0x142>
   12ad2:	0026979b          	slliw	a5,a3,0x2
   12ad6:	00064d83          	lbu	s11,0(a2)
   12ada:	9fb5                	addw	a5,a5,a3
   12adc:	0017979b          	slliw	a5,a5,0x1
   12ae0:	00e786bb          	addw	a3,a5,a4
   12ae4:	fd0d871b          	addiw	a4,s11,-48
   12ae8:	0605                	addi	a2,a2,1
   12aea:	fee5f4e3          	bgeu	a1,a4,12ad2 <_vfprintf_r+0x6d6>
   12aee:	00068a9b          	sext.w	s5,a3
   12af2:	2a06cce3          	bltz	a3,135aa <_vfprintf_r+0x11ae>
   12af6:	8cb2                	mv	s9,a2
   12af8:	b499                	j	1253e <_vfprintf_r+0x142>
   12afa:	0204f793          	andi	a5,s1,32
   12afe:	0104ef13          	ori	t5,s1,16
   12b02:	eb8d                	bnez	a5,12b34 <_vfprintf_r+0x738>
   12b04:	6762                	ld	a4,24(sp)
   12b06:	0a0103a3          	sb	zero,167(sp)
   12b0a:	00073903          	ld	s2,0(a4)
   12b0e:	00870793          	addi	a5,a4,8
   12b12:	1a0ac2e3          	bltz	s5,134b6 <_vfprintf_r+0x10ba>
   12b16:	ec3e                	sd	a5,24(sp)
   12b18:	f7ff7e13          	andi	t3,t5,-129
   12b1c:	f20919e3          	bnez	s2,12a4e <_vfprintf_r+0x652>
   12b20:	f20a97e3          	bnez	s5,12a4e <_vfprintf_r+0x652>
   12b24:	4481                	li	s1,0
   12b26:	aeb5                	j	12ea2 <_vfprintf_r+0xaa6>
   12b28:	0204f793          	andi	a5,s1,32
   12b2c:	8e26                	mv	t3,s1
   12b2e:	0e0787e3          	beqz	a5,1341c <_vfprintf_r+0x1020>
   12b32:	8f26                	mv	t5,s1
   12b34:	6762                	ld	a4,24(sp)
   12b36:	0a0103a3          	sb	zero,167(sp)
   12b3a:	00073903          	ld	s2,0(a4)
   12b3e:	00870793          	addi	a5,a4,8
   12b42:	160acae3          	bltz	s5,134b6 <_vfprintf_r+0x10ba>
   12b46:	ec3e                	sd	a5,24(sp)
   12b48:	f7ff7e13          	andi	t3,t5,-129
   12b4c:	f00a91e3          	bnez	s5,12a4e <_vfprintf_r+0x652>
   12b50:	ee091fe3          	bnez	s2,12a4e <_vfprintf_r+0x652>
   12b54:	4481                	li	s1,0
   12b56:	a6b1                	j	12ea2 <_vfprintf_r+0xaa6>
   12b58:	ccccd7b7          	lui	a5,0xccccd
   12b5c:	ccd78793          	addi	a5,a5,-819 # ffffffffcccccccd <__BSS_END__+0xffffffffcccb0afd>
   12b60:	02079b13          	slli	s6,a5,0x20
   12b64:	15c10893          	addi	a7,sp,348
   12b68:	74e6                	ld	s1,120(sp)
   12b6a:	9b3e                	add	s6,s6,a5
   12b6c:	8646                	mv	a2,a7
   12b6e:	4581                	li	a1,0
   12b70:	400e7813          	andi	a6,t3,1024
   12b74:	a809                	j	12b86 <_vfprintf_r+0x78a>
   12b76:	874a                	mv	a4,s2
   12b78:	03693933          	mulhu	s2,s2,s6
   12b7c:	863e                	mv	a2,a5
   12b7e:	00395913          	srli	s2,s2,0x3
   12b82:	02ec7f63          	bgeu	s8,a4,12bc0 <_vfprintf_r+0x7c4>
   12b86:	036936b3          	mulhu	a3,s2,s6
   12b8a:	2585                	addiw	a1,a1,1
   12b8c:	fff60793          	addi	a5,a2,-1
   12b90:	828d                	srli	a3,a3,0x3
   12b92:	00269713          	slli	a4,a3,0x2
   12b96:	9736                	add	a4,a4,a3
   12b98:	0706                	slli	a4,a4,0x1
   12b9a:	40e90733          	sub	a4,s2,a4
   12b9e:	0307071b          	addiw	a4,a4,48
   12ba2:	fee60fa3          	sb	a4,-1(a2)
   12ba6:	fc0808e3          	beqz	a6,12b76 <_vfprintf_r+0x77a>
   12baa:	0004c703          	lbu	a4,0(s1)
   12bae:	f0170693          	addi	a3,a4,-255
   12bb2:	d2f1                	beqz	a3,12b76 <_vfprintf_r+0x77a>
   12bb4:	fcb711e3          	bne	a4,a1,12b76 <_vfprintf_r+0x77a>
   12bb8:	012c7463          	bgeu	s8,s2,12bc0 <_vfprintf_r+0x7c4>
   12bbc:	4ee0106f          	j	140aa <_vfprintf_r+0x1cae>
   12bc0:	fca6                	sd	s1,120(sp)
   12bc2:	f82e                	sd	a1,48(sp)
   12bc4:	40f888bb          	subw	a7,a7,a5
   12bc8:	000a881b          	sext.w	a6,s5
   12bcc:	011ad463          	bge	s5,a7,12bd4 <_vfprintf_r+0x7d8>
   12bd0:	0008881b          	sext.w	a6,a7
   12bd4:	0a714503          	lbu	a0,167(sp)
   12bd8:	4481                	li	s1,0
   12bda:	f002                	sd	zero,32(sp)
   12bdc:	bd59                	j	12a72 <_vfprintf_r+0x676>
   12bde:	6b02                	ld	s6,0(sp)
   12be0:	855a                	mv	a0,s6
   12be2:	214020ef          	jal	14df6 <_localeconv_r>
   12be6:	651c                	ld	a5,8(a0)
   12be8:	853e                	mv	a0,a5
   12bea:	f8be                	sd	a5,112(sp)
   12bec:	438020ef          	jal	15024 <strlen>
   12bf0:	87aa                	mv	a5,a0
   12bf2:	855a                	mv	a0,s6
   12bf4:	e53e                	sd	a5,136(sp)
   12bf6:	8b3e                	mv	s6,a5
   12bf8:	1fe020ef          	jal	14df6 <_localeconv_r>
   12bfc:	6918                	ld	a4,16(a0)
   12bfe:	000cc303          	lbu	t1,0(s9)
   12c02:	fcba                	sd	a4,120(sp)
   12c04:	280b07e3          	beqz	s6,13692 <_vfprintf_r+0x1296>
   12c08:	4e070fe3          	beqz	a4,13906 <_vfprintf_r+0x150a>
   12c0c:	00074783          	lbu	a5,0(a4)
   12c10:	4e0787e3          	beqz	a5,138fe <_vfprintf_r+0x1502>
   12c14:	4004e493          	ori	s1,s1,1024
   12c18:	cc517057          	vsetivli	zero,2,e8,mf8,ta,ma
   12c1c:	ba31                	j	12538 <_vfprintf_r+0x13c>
   12c1e:	000cc303          	lbu	t1,0(s9)
   12c22:	0014e493          	ori	s1,s1,1
   12c26:	ba09                	j	12538 <_vfprintf_r+0x13c>
   12c28:	0a714783          	lbu	a5,167(sp)
   12c2c:	000cc303          	lbu	t1,0(s9)
   12c30:	900794e3          	bnez	a5,12538 <_vfprintf_r+0x13c>
   12c34:	02000793          	li	a5,32
   12c38:	0af103a3          	sb	a5,167(sp)
   12c3c:	b8f5                	j	12538 <_vfprintf_r+0x13c>
   12c3e:	000cc303          	lbu	t1,0(s9)
   12c42:	0084e493          	ori	s1,s1,8
   12c46:	b8cd                	j	12538 <_vfprintf_r+0x13c>
   12c48:	67e2                	ld	a5,24(sp)
   12c4a:	0104e813          	ori	a6,s1,16
   12c4e:	00878713          	addi	a4,a5,8
   12c52:	67e2                	ld	a5,24(sp)
   12c54:	6394                	ld	a3,0(a5)
   12c56:	ec3a                	sd	a4,24(sp)
   12c58:	0a0103a3          	sb	zero,167(sp)
   12c5c:	bff87e13          	andi	t3,a6,-1025
   12c60:	560acd63          	bltz	s5,131da <_vfprintf_r+0xdde>
   12c64:	b7f87e13          	andi	t3,a6,-1153
   12c68:	560a9963          	bnez	s5,131da <_vfprintf_r+0xdde>
   12c6c:	56069763          	bnez	a3,131da <_vfprintf_r+0xdde>
   12c70:	00187813          	andi	a6,a6,1
   12c74:	70080b63          	beqz	a6,1338a <_vfprintf_r+0xf8e>
   12c78:	794e                	ld	s2,240(sp)
   12c7a:	03000793          	li	a5,48
   12c7e:	14f10da3          	sb	a5,347(sp)
   12c82:	f002                	sd	zero,32(sp)
   12c84:	e082                	sd	zero,64(sp)
   12c86:	fc02                	sd	zero,56(sp)
   12c88:	084e7b13          	andi	s6,t3,132
   12c8c:	88c2                	mv	a7,a6
   12c8e:	4a81                	li	s5,0
   12c90:	4481                	li	s1,0
   12c92:	15b10793          	addi	a5,sp,347
   12c96:	85ca                	mv	a1,s2
   12c98:	900b1fe3          	bnez	s6,125b6 <_vfprintf_r+0x1ba>
   12c9c:	410d073b          	subw	a4,s10,a6
   12ca0:	6ee04163          	bgtz	a4,13382 <_vfprintf_r+0xf86>
   12ca4:	0a714703          	lbu	a4,167(sp)
   12ca8:	90071ae3          	bnez	a4,125bc <_vfprintf_r+0x1c0>
   12cac:	411a8abb          	subw	s5,s5,a7
   12cb0:	975050e3          	blez	s5,12610 <_vfprintf_r+0x214>
   12cb4:	66ed                	lui	a3,0x1b
   12cb6:	562e                	lw	a2,232(sp)
   12cb8:	a6068693          	addi	a3,a3,-1440 # 1aa60 <zeroes.0>
   12cbc:	07545463          	bge	s0,s5,12d24 <_vfprintf_r+0x928>
   12cc0:	85a6                	mv	a1,s1
   12cc2:	ecbe                	sd	a5,88(sp)
   12cc4:	84d6                	mv	s1,s5
   12cc6:	87de                	mv	a5,s7
   12cc8:	874a                	mv	a4,s2
   12cca:	4b1d                	li	s6,7
   12ccc:	8c72                	mv	s8,t3
   12cce:	f0c2                	sd	a6,96(sp)
   12cd0:	8946                	mv	s2,a7
   12cd2:	8bd2                	mv	s7,s4
   12cd4:	8aae                	mv	s5,a1
   12cd6:	a021                	j	12cde <_vfprintf_r+0x8e2>
   12cd8:	34c1                	addiw	s1,s1,-16
   12cda:	02945b63          	bge	s0,s1,12d10 <_vfprintf_r+0x914>
   12cde:	0741                	addi	a4,a4,16
   12ce0:	2605                	addiw	a2,a2,1
   12ce2:	0147b023          	sd	s4,0(a5)
   12ce6:	e780                	sd	s0,8(a5)
   12ce8:	f9ba                	sd	a4,240(sp)
   12cea:	d5b2                	sw	a2,232(sp)
   12cec:	07c1                	addi	a5,a5,16
   12cee:	fecb55e3          	bge	s6,a2,12cd8 <_vfprintf_r+0x8dc>
   12cf2:	65a2                	ld	a1,8(sp)
   12cf4:	6502                	ld	a0,0(sp)
   12cf6:	1190                	addi	a2,sp,224
   12cf8:	095010ef          	jal	1458c <__sprint_r>
   12cfc:	3c051d63          	bnez	a0,130d6 <_vfprintf_r+0xcda>
   12d00:	34c1                	addiw	s1,s1,-16
   12d02:	774e                	ld	a4,240(sp)
   12d04:	562e                	lw	a2,232(sp)
   12d06:	87ce                	mv	a5,s3
   12d08:	cc517057          	vsetivli	zero,2,e8,mf8,ta,ma
   12d0c:	fc9449e3          	blt	s0,s1,12cde <_vfprintf_r+0x8e2>
   12d10:	86de                	mv	a3,s7
   12d12:	7806                	ld	a6,96(sp)
   12d14:	8bbe                	mv	s7,a5
   12d16:	67e6                	ld	a5,88(sp)
   12d18:	85d6                	mv	a1,s5
   12d1a:	88ca                	mv	a7,s2
   12d1c:	8aa6                	mv	s5,s1
   12d1e:	8e62                	mv	t3,s8
   12d20:	893a                	mv	s2,a4
   12d22:	84ae                	mv	s1,a1
   12d24:	9956                	add	s2,s2,s5
   12d26:	2605                	addiw	a2,a2,1
   12d28:	00dbb023          	sd	a3,0(s7)
   12d2c:	015bb423          	sd	s5,8(s7)
   12d30:	f9ca                	sd	s2,240(sp)
   12d32:	d5b2                	sw	a2,232(sp)
   12d34:	471d                	li	a4,7
   12d36:	0bc1                	addi	s7,s7,16
   12d38:	8cc75ce3          	bge	a4,a2,12610 <_vfprintf_r+0x214>
   12d3c:	65a2                	ld	a1,8(sp)
   12d3e:	6502                	ld	a0,0(sp)
   12d40:	1190                	addi	a2,sp,224
   12d42:	e946                	sd	a7,144(sp)
   12d44:	e142                	sd	a6,128(sp)
   12d46:	f0f2                	sd	t3,96(sp)
   12d48:	ecbe                	sd	a5,88(sp)
   12d4a:	043010ef          	jal	1458c <__sprint_r>
   12d4e:	38051463          	bnez	a0,130d6 <_vfprintf_r+0xcda>
   12d52:	7e06                	ld	t3,96(sp)
   12d54:	794e                	ld	s2,240(sp)
   12d56:	68ca                	ld	a7,144(sp)
   12d58:	100e7713          	andi	a4,t3,256
   12d5c:	680a                	ld	a6,128(sp)
   12d5e:	67e6                	ld	a5,88(sp)
   12d60:	8bce                	mv	s7,s3
   12d62:	cc517057          	vsetivli	zero,2,e8,mf8,ta,ma
   12d66:	8a0709e3          	beqz	a4,12618 <_vfprintf_r+0x21c>
   12d6a:	06500713          	li	a4,101
   12d6e:	2bb75363          	bge	a4,s11,13014 <_vfprintf_r+0xc18>
   12d72:	654e                	ld	a0,208(sp)
   12d74:	65ee                	ld	a1,216(sp)
   12d76:	4601                	li	a2,0
   12d78:	4681                	li	a3,0
   12d7a:	e142                	sd	a6,128(sp)
   12d7c:	f0f2                	sd	t3,96(sp)
   12d7e:	ecbe                	sd	a5,88(sp)
   12d80:	466060ef          	jal	191e6 <__eqtf2>
   12d84:	67e6                	ld	a5,88(sp)
   12d86:	7e06                	ld	t3,96(sp)
   12d88:	680a                	ld	a6,128(sp)
   12d8a:	48051a63          	bnez	a0,1321e <_vfprintf_r+0xe22>
   12d8e:	57ae                	lw	a5,232(sp)
   12d90:	6769                	lui	a4,0x1a
   12d92:	58870713          	addi	a4,a4,1416 # 1a588 <__clzdi2+0x176>
   12d96:	00ebb023          	sd	a4,0(s7)
   12d9a:	0905                	addi	s2,s2,1
   12d9c:	4705                	li	a4,1
   12d9e:	2785                	addiw	a5,a5,1
   12da0:	00ebb423          	sd	a4,8(s7)
   12da4:	f9ca                	sd	s2,240(sp)
   12da6:	d5be                	sw	a5,232(sp)
   12da8:	471d                	li	a4,7
   12daa:	0bc1                	addi	s7,s7,16
   12dac:	24f74ae3          	blt	a4,a5,13800 <_vfprintf_r+0x1404>
   12db0:	57ca                	lw	a5,176(sp)
   12db2:	7742                	ld	a4,48(sp)
   12db4:	62e7c963          	blt	a5,a4,133e6 <_vfprintf_r+0xfea>
   12db8:	001e7793          	andi	a5,t3,1
   12dbc:	cc517057          	vsetivli	zero,2,e8,mf8,ta,ma
   12dc0:	860789e3          	beqz	a5,12632 <_vfprintf_r+0x236>
   12dc4:	6726                	ld	a4,72(sp)
   12dc6:	57ae                	lw	a5,232(sp)
   12dc8:	66c6                	ld	a3,80(sp)
   12dca:	993a                	add	s2,s2,a4
   12dcc:	2785                	addiw	a5,a5,1
   12dce:	00ebb423          	sd	a4,8(s7)
   12dd2:	00dbb023          	sd	a3,0(s7)
   12dd6:	f9ca                	sd	s2,240(sp)
   12dd8:	d5be                	sw	a5,232(sp)
   12dda:	471d                	li	a4,7
   12ddc:	0bc1                	addi	s7,s7,16
   12dde:	24f742e3          	blt	a4,a5,13822 <_vfprintf_r+0x1426>
   12de2:	77c2                	ld	a5,48(sp)
   12de4:	fff78a9b          	addiw	s5,a5,-1
   12de8:	855055e3          	blez	s5,12632 <_vfprintf_r+0x236>
   12dec:	4b41                	li	s6,16
   12dee:	57ae                	lw	a5,232(sp)
   12df0:	66ed                	lui	a3,0x1b
   12df2:	015b4463          	blt	s6,s5,12dfa <_vfprintf_r+0x9fe>
   12df6:	1960106f          	j	13f8c <_vfprintf_r+0x1b90>
   12dfa:	84d6                	mv	s1,s5
   12dfc:	874a                	mv	a4,s2
   12dfe:	4d9d                	li	s11,7
   12e00:	8ac2                	mv	s5,a6
   12e02:	8972                	mv	s2,t3
   12e04:	a6068c13          	addi	s8,a3,-1440 # 1aa60 <zeroes.0>
   12e08:	a021                	j	12e10 <_vfprintf_r+0xa14>
   12e0a:	34c1                	addiw	s1,s1,-16
   12e0c:	ae9b50e3          	bge	s6,s1,128ec <_vfprintf_r+0x4f0>
   12e10:	0741                	addi	a4,a4,16
   12e12:	2785                	addiw	a5,a5,1
   12e14:	018bb023          	sd	s8,0(s7)
   12e18:	016bb423          	sd	s6,8(s7)
   12e1c:	f9ba                	sd	a4,240(sp)
   12e1e:	d5be                	sw	a5,232(sp)
   12e20:	0bc1                	addi	s7,s7,16
   12e22:	fefdd4e3          	bge	s11,a5,12e0a <_vfprintf_r+0xa0e>
   12e26:	65a2                	ld	a1,8(sp)
   12e28:	6502                	ld	a0,0(sp)
   12e2a:	1190                	addi	a2,sp,224
   12e2c:	760010ef          	jal	1458c <__sprint_r>
   12e30:	2a051363          	bnez	a0,130d6 <_vfprintf_r+0xcda>
   12e34:	774e                	ld	a4,240(sp)
   12e36:	57ae                	lw	a5,232(sp)
   12e38:	8bce                	mv	s7,s3
   12e3a:	cc517057          	vsetivli	zero,2,e8,mf8,ta,ma
   12e3e:	b7f1                	j	12e0a <_vfprintf_r+0xa0e>
   12e40:	000cc303          	lbu	t1,0(s9)
   12e44:	06800793          	li	a5,104
   12e48:	76f30563          	beq	t1,a5,135b2 <_vfprintf_r+0x11b6>
   12e4c:	0404e493          	ori	s1,s1,64
   12e50:	ee8ff06f          	j	12538 <_vfprintf_r+0x13c>
   12e54:	000cc303          	lbu	t1,0(s9)
   12e58:	0204e493          	ori	s1,s1,32
   12e5c:	edcff06f          	j	12538 <_vfprintf_r+0x13c>
   12e60:	5208a0d7          	vid.v	v1
   12e64:	04800793          	li	a5,72
   12e68:	9617e0d7          	vmul.vx	v1,v1,a5
   12e6c:	03000713          	li	a4,48
   12e70:	113c                	addi	a5,sp,168
   12e72:	0a0103a3          	sb	zero,167(sp)
   12e76:	021740d7          	vadd.vx	v1,v1,a4
   12e7a:	6762                	ld	a4,24(sp)
   12e7c:	020780a7          	vse8.v	v1,(a5)
   12e80:	00870593          	addi	a1,a4,8
   12e84:	6318                	ld	a4,0(a4)
   12e86:	620acc63          	bltz	s5,134be <_vfprintf_r+0x10c2>
   12e8a:	f7f4ff13          	andi	t5,s1,-129
   12e8e:	002f6e13          	ori	t3,t5,2
   12e92:	1e0a94e3          	bnez	s5,1387a <_vfprintf_r+0x147e>
   12e96:	1e0712e3          	bnez	a4,1387a <_vfprintf_r+0x147e>
   12e9a:	ec2e                	sd	a1,24(sp)
   12e9c:	4489                	li	s1,2
   12e9e:	07800d93          	li	s11,120
   12ea2:	0a714503          	lbu	a0,167(sp)
   12ea6:	4a81                	li	s5,0
   12ea8:	4801                	li	a6,0
   12eaa:	4881                	li	a7,0
   12eac:	0afc                	addi	a5,sp,348
   12eae:	f002                	sd	zero,32(sp)
   12eb0:	b6c9                	j	12a72 <_vfprintf_r+0x676>
   12eb2:	6762                	ld	a4,24(sp)
   12eb4:	0204f793          	andi	a5,s1,32
   12eb8:	8e26                	mv	t3,s1
   12eba:	0721                	addi	a4,a4,8
   12ebc:	54079d63          	bnez	a5,13416 <_vfprintf_r+0x101a>
   12ec0:	0104f793          	andi	a5,s1,16
   12ec4:	54079963          	bnez	a5,13416 <_vfprintf_r+0x101a>
   12ec8:	66e2                	ld	a3,24(sp)
   12eca:	0404f793          	andi	a5,s1,64
   12ece:	4294                	lw	a3,0(a3)
   12ed0:	20078de3          	beqz	a5,138ea <_vfprintf_r+0x14ee>
   12ed4:	16c2                	slli	a3,a3,0x30
   12ed6:	92c1                	srli	a3,a3,0x30
   12ed8:	ec3a                	sd	a4,24(sp)
   12eda:	8826                	mv	a6,s1
   12edc:	bbb5                	j	12c58 <_vfprintf_r+0x85c>
   12ede:	66e2                	ld	a3,24(sp)
   12ee0:	0204f793          	andi	a5,s1,32
   12ee4:	6298                	ld	a4,0(a3)
   12ee6:	06a1                	addi	a3,a3,8
   12ee8:	ec36                	sd	a3,24(sp)
   12eea:	52079263          	bnez	a5,1340e <_vfprintf_r+0x1012>
   12eee:	0104f793          	andi	a5,s1,16
   12ef2:	50079e63          	bnez	a5,1340e <_vfprintf_r+0x1012>
   12ef6:	0404f793          	andi	a5,s1,64
   12efa:	580795e3          	bnez	a5,13c84 <_vfprintf_r+0x1888>
   12efe:	2004ff13          	andi	t5,s1,512
   12f02:	67c2                	ld	a5,16(sp)
   12f04:	000f1463          	bnez	t5,12f0c <_vfprintf_r+0xb10>
   12f08:	2fa0106f          	j	14202 <_vfprintf_r+0x1e06>
   12f0c:	00f70023          	sb	a5,0(a4)
   12f10:	db6ff06f          	j	124c6 <_vfprintf_r+0xca>
   12f14:	000cc303          	lbu	t1,0(s9)
   12f18:	06c00793          	li	a5,108
   12f1c:	6af30263          	beq	t1,a5,135c0 <_vfprintf_r+0x11c4>
   12f20:	0104e493          	ori	s1,s1,16
   12f24:	e14ff06f          	j	12538 <_vfprintf_r+0x13c>
   12f28:	410d0b3b          	subw	s6,s10,a6
   12f2c:	ed605e63          	blez	s6,12608 <_vfprintf_r+0x20c>
   12f30:	42c1                	li	t0,16
   12f32:	562e                	lw	a2,232(sp)
   12f34:	66ed                	lui	a3,0x1b
   12f36:	0162c463          	blt	t0,s6,12f3e <_vfprintf_r+0xb42>
   12f3a:	2c00106f          	j	141fa <_vfprintf_r+0x1dfe>
   12f3e:	8c3e                	mv	s8,a5
   12f40:	874a                	mv	a4,s2
   12f42:	87de                	mv	a5,s7
   12f44:	439d                	li	t2,7
   12f46:	8ba6                	mv	s7,s1
   12f48:	ecf2                	sd	t3,88(sp)
   12f4a:	84da                	mv	s1,s6
   12f4c:	f0c2                	sd	a6,96(sp)
   12f4e:	8b46                	mv	s6,a7
   12f50:	a6068913          	addi	s2,a3,-1440 # 1aa60 <zeroes.0>
   12f54:	a021                	j	12f5c <_vfprintf_r+0xb60>
   12f56:	34c1                	addiw	s1,s1,-16
   12f58:	0292de63          	bge	t0,s1,12f94 <_vfprintf_r+0xb98>
   12f5c:	0741                	addi	a4,a4,16
   12f5e:	2605                	addiw	a2,a2,1
   12f60:	0127b023          	sd	s2,0(a5)
   12f64:	0057b423          	sd	t0,8(a5)
   12f68:	f9ba                	sd	a4,240(sp)
   12f6a:	d5b2                	sw	a2,232(sp)
   12f6c:	07c1                	addi	a5,a5,16
   12f6e:	fec3d4e3          	bge	t2,a2,12f56 <_vfprintf_r+0xb5a>
   12f72:	65a2                	ld	a1,8(sp)
   12f74:	6502                	ld	a0,0(sp)
   12f76:	1190                	addi	a2,sp,224
   12f78:	614010ef          	jal	1458c <__sprint_r>
   12f7c:	14051d63          	bnez	a0,130d6 <_vfprintf_r+0xcda>
   12f80:	42c1                	li	t0,16
   12f82:	34c1                	addiw	s1,s1,-16
   12f84:	774e                	ld	a4,240(sp)
   12f86:	562e                	lw	a2,232(sp)
   12f88:	87ce                	mv	a5,s3
   12f8a:	439d                	li	t2,7
   12f8c:	cc517057          	vsetivli	zero,2,e8,mf8,ta,ma
   12f90:	fc92c6e3          	blt	t0,s1,12f5c <_vfprintf_r+0xb60>
   12f94:	6e66                	ld	t3,88(sp)
   12f96:	7806                	ld	a6,96(sp)
   12f98:	88da                	mv	a7,s6
   12f9a:	86ca                	mv	a3,s2
   12f9c:	8b26                	mv	s6,s1
   12f9e:	893a                	mv	s2,a4
   12fa0:	84de                	mv	s1,s7
   12fa2:	8bbe                	mv	s7,a5
   12fa4:	87e2                	mv	a5,s8
   12fa6:	995a                	add	s2,s2,s6
   12fa8:	2605                	addiw	a2,a2,1
   12faa:	00dbb023          	sd	a3,0(s7)
   12fae:	016bb423          	sd	s6,8(s7)
   12fb2:	f9ca                	sd	s2,240(sp)
   12fb4:	d5b2                	sw	a2,232(sp)
   12fb6:	471d                	li	a4,7
   12fb8:	0bc1                	addi	s7,s7,16
   12fba:	e4c75763          	bge	a4,a2,12608 <_vfprintf_r+0x20c>
   12fbe:	65a2                	ld	a1,8(sp)
   12fc0:	6502                	ld	a0,0(sp)
   12fc2:	1190                	addi	a2,sp,224
   12fc4:	e946                	sd	a7,144(sp)
   12fc6:	e142                	sd	a6,128(sp)
   12fc8:	f0f2                	sd	t3,96(sp)
   12fca:	ecbe                	sd	a5,88(sp)
   12fcc:	5c0010ef          	jal	1458c <__sprint_r>
   12fd0:	10051363          	bnez	a0,130d6 <_vfprintf_r+0xcda>
   12fd4:	794e                	ld	s2,240(sp)
   12fd6:	67e6                	ld	a5,88(sp)
   12fd8:	7e06                	ld	t3,96(sp)
   12fda:	680a                	ld	a6,128(sp)
   12fdc:	68ca                	ld	a7,144(sp)
   12fde:	8bce                	mv	s7,s3
   12fe0:	cc517057          	vsetivli	zero,2,e8,mf8,ta,ma
   12fe4:	e24ff06f          	j	12608 <_vfprintf_r+0x20c>
   12fe8:	65a2                	ld	a1,8(sp)
   12fea:	6502                	ld	a0,0(sp)
   12fec:	1190                	addi	a2,sp,224
   12fee:	59e010ef          	jal	1458c <__sprint_r>
   12ff2:	e175                	bnez	a0,130d6 <_vfprintf_r+0xcda>
   12ff4:	cc517057          	vsetivli	zero,2,e8,mf8,ta,ma
   12ff8:	e5cff06f          	j	12654 <_vfprintf_r+0x258>
   12ffc:	410d073b          	subw	a4,s10,a6
   13000:	e082                	sd	zero,64(sp)
   13002:	fc02                	sd	zero,56(sp)
   13004:	2ee04063          	bgtz	a4,132e4 <_vfprintf_r+0xee8>
   13008:	4481                	li	s1,0
   1300a:	dc050d63          	beqz	a0,125e4 <_vfprintf_r+0x1e8>
   1300e:	4389                	li	t2,2
   13010:	db0ff06f          	j	125c0 <_vfprintf_r+0x1c4>
   13014:	5aae                	lw	s5,232(sp)
   13016:	7642                	ld	a2,48(sp)
   13018:	4685                	li	a3,1
   1301a:	2a85                	addiw	s5,s5,1
   1301c:	9936                	add	s2,s2,a3
   1301e:	8756                	mv	a4,s5
   13020:	010b8b13          	addi	s6,s7,16
   13024:	36c6dc63          	bge	a3,a2,1339c <_vfprintf_r+0xfa0>
   13028:	4685                	li	a3,1
   1302a:	00dbb423          	sd	a3,8(s7)
   1302e:	00fbb023          	sd	a5,0(s7)
   13032:	f9ca                	sd	s2,240(sp)
   13034:	d5ba                	sw	a4,232(sp)
   13036:	469d                	li	a3,7
   13038:	6ae6c663          	blt	a3,a4,136e4 <_vfprintf_r+0x12e8>
   1303c:	6726                	ld	a4,72(sp)
   1303e:	66c6                	ld	a3,80(sp)
   13040:	2a85                	addiw	s5,s5,1
   13042:	993a                	add	s2,s2,a4
   13044:	00eb3423          	sd	a4,8(s6)
   13048:	00db3023          	sd	a3,0(s6)
   1304c:	f9ca                	sd	s2,240(sp)
   1304e:	d5d6                	sw	s5,232(sp)
   13050:	471d                	li	a4,7
   13052:	0b41                	addi	s6,s6,16
   13054:	67574763          	blt	a4,s5,136c2 <_vfprintf_r+0x12c6>
   13058:	ecbe                	sd	a5,88(sp)
   1305a:	654e                	ld	a0,208(sp)
   1305c:	77c2                	ld	a5,48(sp)
   1305e:	65ee                	ld	a1,216(sp)
   13060:	4601                	li	a2,0
   13062:	4681                	li	a3,0
   13064:	e0c2                	sd	a6,64(sp)
   13066:	fc72                	sd	t3,56(sp)
   13068:	fff78b9b          	addiw	s7,a5,-1
   1306c:	17a060ef          	jal	191e6 <__eqtf2>
   13070:	7e62                	ld	t3,56(sp)
   13072:	6806                	ld	a6,64(sp)
   13074:	36050263          	beqz	a0,133d8 <_vfprintf_r+0xfdc>
   13078:	67e6                	ld	a5,88(sp)
   1307a:	2a85                	addiw	s5,s5,1
   1307c:	995e                	add	s2,s2,s7
   1307e:	0785                	addi	a5,a5,1
   13080:	d5d6                	sw	s5,232(sp)
   13082:	f9ca                	sd	s2,240(sp)
   13084:	00fb3023          	sd	a5,0(s6)
   13088:	017b3423          	sd	s7,8(s6)
   1308c:	479d                	li	a5,7
   1308e:	4f57cd63          	blt	a5,s5,13588 <_vfprintf_r+0x118c>
   13092:	cc517057          	vsetivli	zero,2,e8,mf8,ta,ma
   13096:	0b41                	addi	s6,s6,16
   13098:	7726                	ld	a4,104(sp)
   1309a:	193c                	addi	a5,sp,184
   1309c:	2a85                	addiw	s5,s5,1
   1309e:	993a                	add	s2,s2,a4
   130a0:	00fb3023          	sd	a5,0(s6)
   130a4:	f9ca                	sd	s2,240(sp)
   130a6:	d5d6                	sw	s5,232(sp)
   130a8:	00eb3423          	sd	a4,8(s6)
   130ac:	479d                	li	a5,7
   130ae:	010b0b93          	addi	s7,s6,16
   130b2:	d957d063          	bge	a5,s5,12632 <_vfprintf_r+0x236>
   130b6:	65a2                	ld	a1,8(sp)
   130b8:	6502                	ld	a0,0(sp)
   130ba:	1190                	addi	a2,sp,224
   130bc:	e0c2                	sd	a6,64(sp)
   130be:	fc72                	sd	t3,56(sp)
   130c0:	4cc010ef          	jal	1458c <__sprint_r>
   130c4:	e909                	bnez	a0,130d6 <_vfprintf_r+0xcda>
   130c6:	794e                	ld	s2,240(sp)
   130c8:	6806                	ld	a6,64(sp)
   130ca:	7e62                	ld	t3,56(sp)
   130cc:	8bce                	mv	s7,s3
   130ce:	cc517057          	vsetivli	zero,2,e8,mf8,ta,ma
   130d2:	d60ff06f          	j	12632 <_vfprintf_r+0x236>
   130d6:	64a2                	ld	s1,8(sp)
   130d8:	7582                	ld	a1,32(sp)
   130da:	c581                	beqz	a1,130e2 <_vfprintf_r+0xce6>
   130dc:	6502                	ld	a0,0(sp)
   130de:	8e2ff0ef          	jal	121c0 <_free_r>
   130e2:	0104d783          	lhu	a5,16(s1)
   130e6:	23013903          	ld	s2,560(sp)
   130ea:	22813983          	ld	s3,552(sp)
   130ee:	0407f793          	andi	a5,a5,64
   130f2:	22013a03          	ld	s4,544(sp)
   130f6:	21813a83          	ld	s5,536(sp)
   130fa:	20813b83          	ld	s7,520(sp)
   130fe:	20013c03          	ld	s8,512(sp)
   13102:	7cfe                	ld	s9,504(sp)
   13104:	7d5e                	ld	s10,496(sp)
   13106:	7dbe                	ld	s11,488(sp)
   13108:	da079e63          	bnez	a5,126c4 <_vfprintf_r+0x2c8>
   1310c:	24813083          	ld	ra,584(sp)
   13110:	24013403          	ld	s0,576(sp)
   13114:	6542                	ld	a0,16(sp)
   13116:	23813483          	ld	s1,568(sp)
   1311a:	21013b03          	ld	s6,528(sp)
   1311e:	25010113          	addi	sp,sp,592
   13122:	8082                	ret
   13124:	65a2                	ld	a1,8(sp)
   13126:	6502                	ld	a0,0(sp)
   13128:	1190                	addi	a2,sp,224
   1312a:	e946                	sd	a7,144(sp)
   1312c:	e142                	sd	a6,128(sp)
   1312e:	f0f2                	sd	t3,96(sp)
   13130:	ecbe                	sd	a5,88(sp)
   13132:	45a010ef          	jal	1458c <__sprint_r>
   13136:	f145                	bnez	a0,130d6 <_vfprintf_r+0xcda>
   13138:	794e                	ld	s2,240(sp)
   1313a:	68ca                	ld	a7,144(sp)
   1313c:	680a                	ld	a6,128(sp)
   1313e:	7e06                	ld	t3,96(sp)
   13140:	67e6                	ld	a5,88(sp)
   13142:	8bce                	mv	s7,s3
   13144:	cc517057          	vsetivli	zero,2,e8,mf8,ta,ma
   13148:	cb8ff06f          	j	12600 <_vfprintf_r+0x204>
   1314c:	4b41                	li	s6,16
   1314e:	57ae                	lw	a5,232(sp)
   13150:	66ed                	lui	a3,0x1b
   13152:	015b4463          	blt	s6,s5,1315a <_vfprintf_r+0xd5e>
   13156:	0560106f          	j	141ac <_vfprintf_r+0x1db0>
   1315a:	874a                	mv	a4,s2
   1315c:	6c22                	ld	s8,8(sp)
   1315e:	4d9d                	li	s11,7
   13160:	8942                	mv	s2,a6
   13162:	a7068493          	addi	s1,a3,-1424 # 1aa70 <blanks.1>
   13166:	a021                	j	1316e <_vfprintf_r+0xd72>
   13168:	3ac1                	addiw	s5,s5,-16
   1316a:	035b5c63          	bge	s6,s5,131a2 <_vfprintf_r+0xda6>
   1316e:	0741                	addi	a4,a4,16
   13170:	2785                	addiw	a5,a5,1
   13172:	009bb023          	sd	s1,0(s7)
   13176:	016bb423          	sd	s6,8(s7)
   1317a:	f9ba                	sd	a4,240(sp)
   1317c:	d5be                	sw	a5,232(sp)
   1317e:	0bc1                	addi	s7,s7,16
   13180:	fefdd4e3          	bge	s11,a5,13168 <_vfprintf_r+0xd6c>
   13184:	6502                	ld	a0,0(sp)
   13186:	1190                	addi	a2,sp,224
   13188:	85e2                	mv	a1,s8
   1318a:	402010ef          	jal	1458c <__sprint_r>
   1318e:	68051863          	bnez	a0,1381e <_vfprintf_r+0x1422>
   13192:	3ac1                	addiw	s5,s5,-16
   13194:	774e                	ld	a4,240(sp)
   13196:	57ae                	lw	a5,232(sp)
   13198:	8bce                	mv	s7,s3
   1319a:	cc517057          	vsetivli	zero,2,e8,mf8,ta,ma
   1319e:	fd5b48e3          	blt	s6,s5,1316e <_vfprintf_r+0xd72>
   131a2:	884a                	mv	a6,s2
   131a4:	86a6                	mv	a3,s1
   131a6:	893a                	mv	s2,a4
   131a8:	9956                	add	s2,s2,s5
   131aa:	2785                	addiw	a5,a5,1
   131ac:	f9ca                	sd	s2,240(sp)
   131ae:	d5be                	sw	a5,232(sp)
   131b0:	00dbb023          	sd	a3,0(s7)
   131b4:	015bb423          	sd	s5,8(s7)
   131b8:	471d                	li	a4,7
   131ba:	c8f75463          	bge	a4,a5,12642 <_vfprintf_r+0x246>
   131be:	65a2                	ld	a1,8(sp)
   131c0:	6502                	ld	a0,0(sp)
   131c2:	1190                	addi	a2,sp,224
   131c4:	fc42                	sd	a6,56(sp)
   131c6:	3c6010ef          	jal	1458c <__sprint_r>
   131ca:	f00516e3          	bnez	a0,130d6 <_vfprintf_r+0xcda>
   131ce:	794e                	ld	s2,240(sp)
   131d0:	7862                	ld	a6,56(sp)
   131d2:	cc517057          	vsetivli	zero,2,e8,mf8,ta,ma
   131d6:	c6cff06f          	j	12642 <_vfprintf_r+0x246>
   131da:	15c10893          	addi	a7,sp,348
   131de:	87c6                	mv	a5,a7
   131e0:	0076f713          	andi	a4,a3,7
   131e4:	863e                	mv	a2,a5
   131e6:	03070713          	addi	a4,a4,48
   131ea:	828d                	srli	a3,a3,0x3
   131ec:	fee78fa3          	sb	a4,-1(a5)
   131f0:	17fd                	addi	a5,a5,-1
   131f2:	f6fd                	bnez	a3,131e0 <_vfprintf_r+0xde4>
   131f4:	fd070713          	addi	a4,a4,-48
   131f8:	03000693          	li	a3,48
   131fc:	c709                	beqz	a4,13206 <_vfprintf_r+0xe0a>
   131fe:	001e7713          	andi	a4,t3,1
   13202:	26071563          	bnez	a4,1346c <_vfprintf_r+0x1070>
   13206:	40f888bb          	subw	a7,a7,a5
   1320a:	000a881b          	sext.w	a6,s5
   1320e:	1f1ac863          	blt	s5,a7,133fe <_vfprintf_r+0x1002>
   13212:	f002                	sd	zero,32(sp)
   13214:	e082                	sd	zero,64(sp)
   13216:	fc02                	sd	zero,56(sp)
   13218:	4481                	li	s1,0
   1321a:	b90ff06f          	j	125aa <_vfprintf_r+0x1ae>
   1321e:	564a                	lw	a2,176(sp)
   13220:	52c05763          	blez	a2,1374e <_vfprintf_r+0x1352>
   13224:	76c2                	ld	a3,48(sp)
   13226:	8726                	mv	a4,s1
   13228:	2c96cd63          	blt	a3,s1,13502 <_vfprintf_r+0x1106>
   1322c:	00070d9b          	sext.w	s11,a4
   13230:	01b05f63          	blez	s11,1324e <_vfprintf_r+0xe52>
   13234:	572e                	lw	a4,232(sp)
   13236:	996e                	add	s2,s2,s11
   13238:	00fbb023          	sd	a5,0(s7)
   1323c:	2705                	addiw	a4,a4,1
   1323e:	01bbb423          	sd	s11,8(s7)
   13242:	f9ca                	sd	s2,240(sp)
   13244:	d5ba                	sw	a4,232(sp)
   13246:	469d                	li	a3,7
   13248:	0bc1                	addi	s7,s7,16
   1324a:	16e6cce3          	blt	a3,a4,13bc2 <_vfprintf_r+0x17c6>
   1324e:	8aee                	mv	s5,s11
   13250:	3a0dce63          	bltz	s11,1360c <_vfprintf_r+0x1210>
   13254:	41548abb          	subw	s5,s1,s5
   13258:	3f504263          	bgtz	s5,1363c <_vfprintf_r+0x1240>
   1325c:	400e7713          	andi	a4,t3,1024
   13260:	00978db3          	add	s11,a5,s1
   13264:	7a071463          	bnez	a4,13a0c <_vfprintf_r+0x1610>
   13268:	5aca                	lw	s5,176(sp)
   1326a:	76c2                	ld	a3,48(sp)
   1326c:	00dac663          	blt	s5,a3,13278 <_vfprintf_r+0xe7c>
   13270:	001e7713          	andi	a4,t3,1
   13274:	1a070de3          	beqz	a4,13c2e <_vfprintf_r+0x1832>
   13278:	66a6                	ld	a3,72(sp)
   1327a:	572e                	lw	a4,232(sp)
   1327c:	6646                	ld	a2,80(sp)
   1327e:	9936                	add	s2,s2,a3
   13280:	2705                	addiw	a4,a4,1
   13282:	00dbb423          	sd	a3,8(s7)
   13286:	00cbb023          	sd	a2,0(s7)
   1328a:	f9ca                	sd	s2,240(sp)
   1328c:	d5ba                	sw	a4,232(sp)
   1328e:	469d                	li	a3,7
   13290:	0bc1                	addi	s7,s7,16
   13292:	56e6c3e3          	blt	a3,a4,13ff8 <_vfprintf_r+0x1bfc>
   13296:	7742                	ld	a4,48(sp)
   13298:	97ba                	add	a5,a5,a4
   1329a:	41b78b33          	sub	s6,a5,s11
   1329e:	41570abb          	subw	s5,a4,s5
   132a2:	000b079b          	sext.w	a5,s6
   132a6:	00fad363          	bge	s5,a5,132ac <_vfprintf_r+0xeb0>
   132aa:	8b56                	mv	s6,s5
   132ac:	2b01                	sext.w	s6,s6
   132ae:	01605f63          	blez	s6,132cc <_vfprintf_r+0xed0>
   132b2:	57ae                	lw	a5,232(sp)
   132b4:	995a                	add	s2,s2,s6
   132b6:	01bbb023          	sd	s11,0(s7)
   132ba:	2785                	addiw	a5,a5,1
   132bc:	016bb423          	sd	s6,8(s7)
   132c0:	f9ca                	sd	s2,240(sp)
   132c2:	d5be                	sw	a5,232(sp)
   132c4:	471d                	li	a4,7
   132c6:	0bc1                	addi	s7,s7,16
   132c8:	64f74fe3          	blt	a4,a5,14126 <_vfprintf_r+0x1d2a>
   132cc:	87da                	mv	a5,s6
   132ce:	000b5363          	bgez	s6,132d4 <_vfprintf_r+0xed8>
   132d2:	4781                	li	a5,0
   132d4:	40fa8abb          	subw	s5,s5,a5
   132d8:	6d504e63          	bgtz	s5,139b4 <_vfprintf_r+0x15b8>
   132dc:	cc517057          	vsetivli	zero,2,e8,mf8,ta,ma
   132e0:	b52ff06f          	j	12632 <_vfprintf_r+0x236>
   132e4:	4389                	li	t2,2
   132e6:	4941                	li	s2,16
   132e8:	8636                	mv	a2,a3
   132ea:	66ed                	lui	a3,0x1b
   132ec:	62e953e3          	bge	s2,a4,14112 <_vfprintf_r+0x1d16>
   132f0:	f0be                	sd	a5,96(sp)
   132f2:	e956                	sd	s5,144(sp)
   132f4:	87de                	mv	a5,s7
   132f6:	4f9d                	li	t6,7
   132f8:	84ba                	mv	s1,a4
   132fa:	ec9e                	sd	t2,88(sp)
   132fc:	e172                	sd	t3,128(sp)
   132fe:	8c42                	mv	s8,a6
   13300:	8bc6                	mv	s7,a7
   13302:	a7068a93          	addi	s5,a3,-1424 # 1aa70 <blanks.1>
   13306:	a021                	j	1330e <_vfprintf_r+0xf12>
   13308:	34c1                	addiw	s1,s1,-16
   1330a:	02995d63          	bge	s2,s1,13344 <_vfprintf_r+0xf48>
   1330e:	05c1                	addi	a1,a1,16
   13310:	2605                	addiw	a2,a2,1
   13312:	0157b023          	sd	s5,0(a5)
   13316:	0127b423          	sd	s2,8(a5)
   1331a:	f9ae                	sd	a1,240(sp)
   1331c:	d5b2                	sw	a2,232(sp)
   1331e:	07c1                	addi	a5,a5,16
   13320:	fecfd4e3          	bge	t6,a2,13308 <_vfprintf_r+0xf0c>
   13324:	65a2                	ld	a1,8(sp)
   13326:	6502                	ld	a0,0(sp)
   13328:	1190                	addi	a2,sp,224
   1332a:	262010ef          	jal	1458c <__sprint_r>
   1332e:	da0514e3          	bnez	a0,130d6 <_vfprintf_r+0xcda>
   13332:	34c1                	addiw	s1,s1,-16
   13334:	75ce                	ld	a1,240(sp)
   13336:	562e                	lw	a2,232(sp)
   13338:	87ce                	mv	a5,s3
   1333a:	4f9d                	li	t6,7
   1333c:	cc517057          	vsetivli	zero,2,e8,mf8,ta,ma
   13340:	fc9947e3          	blt	s2,s1,1330e <_vfprintf_r+0xf12>
   13344:	88de                	mv	a7,s7
   13346:	86d6                	mv	a3,s5
   13348:	8bbe                	mv	s7,a5
   1334a:	63e6                	ld	t2,88(sp)
   1334c:	6e0a                	ld	t3,128(sp)
   1334e:	7786                	ld	a5,96(sp)
   13350:	6aca                	ld	s5,144(sp)
   13352:	8726                	mv	a4,s1
   13354:	8862                	mv	a6,s8
   13356:	00b70933          	add	s2,a4,a1
   1335a:	2605                	addiw	a2,a2,1
   1335c:	00ebb423          	sd	a4,8(s7)
   13360:	f9ca                	sd	s2,240(sp)
   13362:	d5b2                	sw	a2,232(sp)
   13364:	00dbb023          	sd	a3,0(s7)
   13368:	471d                	li	a4,7
   1336a:	3ac74463          	blt	a4,a2,13712 <_vfprintf_r+0x1316>
   1336e:	0a714703          	lbu	a4,167(sp)
   13372:	0bc1                	addi	s7,s7,16
   13374:	84da                	mv	s1,s6
   13376:	e349                	bnez	a4,133f8 <_vfprintf_r+0xffc>
   13378:	a8038863          	beqz	t2,12608 <_vfprintf_r+0x20c>
   1337c:	4b01                	li	s6,0
   1337e:	a66ff06f          	j	125e4 <_vfprintf_r+0x1e8>
   13382:	56ae                	lw	a3,232(sp)
   13384:	8b26                	mv	s6,s1
   13386:	4381                	li	t2,0
   13388:	bfb9                	j	132e6 <_vfprintf_r+0xeea>
   1338a:	4881                	li	a7,0
   1338c:	4a81                	li	s5,0
   1338e:	e082                	sd	zero,64(sp)
   13390:	fc02                	sd	zero,56(sp)
   13392:	4481                	li	s1,0
   13394:	f002                	sd	zero,32(sp)
   13396:	0afc                	addi	a5,sp,348
   13398:	a12ff06f          	j	125aa <_vfprintf_r+0x1ae>
   1339c:	00de7633          	and	a2,t3,a3
   133a0:	c80614e3          	bnez	a2,13028 <_vfprintf_r+0xc2c>
   133a4:	00fbb023          	sd	a5,0(s7)
   133a8:	00dbb423          	sd	a3,8(s7)
   133ac:	f9ca                	sd	s2,240(sp)
   133ae:	d5d6                	sw	s5,232(sp)
   133b0:	479d                	li	a5,7
   133b2:	cf57d3e3          	bge	a5,s5,13098 <_vfprintf_r+0xc9c>
   133b6:	65a2                	ld	a1,8(sp)
   133b8:	6502                	ld	a0,0(sp)
   133ba:	1190                	addi	a2,sp,224
   133bc:	e0c2                	sd	a6,64(sp)
   133be:	fc72                	sd	t3,56(sp)
   133c0:	1cc010ef          	jal	1458c <__sprint_r>
   133c4:	d00519e3          	bnez	a0,130d6 <_vfprintf_r+0xcda>
   133c8:	794e                	ld	s2,240(sp)
   133ca:	5aae                	lw	s5,232(sp)
   133cc:	6806                	ld	a6,64(sp)
   133ce:	7e62                	ld	t3,56(sp)
   133d0:	8b4e                	mv	s6,s3
   133d2:	cc517057          	vsetivli	zero,2,e8,mf8,ta,ma
   133d6:	b1c9                	j	13098 <_vfprintf_r+0xc9c>
   133d8:	7742                	ld	a4,48(sp)
   133da:	4785                	li	a5,1
   133dc:	12e7c963          	blt	a5,a4,1350e <_vfprintf_r+0x1112>
   133e0:	cc517057          	vsetivli	zero,2,e8,mf8,ta,ma
   133e4:	b955                	j	13098 <_vfprintf_r+0xc9c>
   133e6:	cc517057          	vsetivli	zero,2,e8,mf8,ta,ma
   133ea:	bae9                	j	12dc4 <_vfprintf_r+0x9c8>
   133ec:	07a1                	addi	a5,a5,8
   133ee:	000cc303          	lbu	t1,0(s9)
   133f2:	ec3e                	sd	a5,24(sp)
   133f4:	944ff06f          	j	12538 <_vfprintf_r+0x13c>
   133f8:	4b01                	li	s6,0
   133fa:	9c6ff06f          	j	125c0 <_vfprintf_r+0x1c4>
   133fe:	0008881b          	sext.w	a6,a7
   13402:	f002                	sd	zero,32(sp)
   13404:	e082                	sd	zero,64(sp)
   13406:	fc02                	sd	zero,56(sp)
   13408:	4481                	li	s1,0
   1340a:	9a0ff06f          	j	125aa <_vfprintf_r+0x1ae>
   1340e:	67c2                	ld	a5,16(sp)
   13410:	e31c                	sd	a5,0(a4)
   13412:	8b4ff06f          	j	124c6 <_vfprintf_r+0xca>
   13416:	8872                	mv	a6,t3
   13418:	83bff06f          	j	12c52 <_vfprintf_r+0x856>
   1341c:	0104f793          	andi	a5,s1,16
   13420:	520797e3          	bnez	a5,1414e <_vfprintf_r+0x1d52>
   13424:	66e2                	ld	a3,24(sp)
   13426:	0404f793          	andi	a5,s1,64
   1342a:	0006a903          	lw	s2,0(a3)
   1342e:	00868713          	addi	a4,a3,8
   13432:	26078463          	beqz	a5,1369a <_vfprintf_r+0x129e>
   13436:	1942                	slli	s2,s2,0x30
   13438:	0a0103a3          	sb	zero,167(sp)
   1343c:	03095913          	srli	s2,s2,0x30
   13440:	260ac763          	bltz	s5,136ae <_vfprintf_r+0x12b2>
   13444:	012aefb3          	or	t6,s5,s2
   13448:	000f849b          	sext.w	s1,t6
   1344c:	ec3a                	sd	a4,24(sp)
   1344e:	f7fe7e13          	andi	t3,t3,-129
   13452:	de049e63          	bnez	s1,12a4e <_vfprintf_r+0x652>
   13456:	b4b1                	j	12ea2 <_vfprintf_r+0xaa6>
   13458:	67e2                	ld	a5,24(sp)
   1345a:	07bd                	addi	a5,a5,15
   1345c:	9bc1                	andi	a5,a5,-16
   1345e:	01078713          	addi	a4,a5,16
   13462:	6388                	ld	a0,0(a5)
   13464:	678c                	ld	a1,8(a5)
   13466:	ec3a                	sd	a4,24(sp)
   13468:	a80ff06f          	j	126e8 <_vfprintf_r+0x2ec>
   1346c:	1679                	addi	a2,a2,-2
   1346e:	40c888bb          	subw	a7,a7,a2
   13472:	fed78fa3          	sb	a3,-1(a5)
   13476:	000a881b          	sext.w	a6,s5
   1347a:	011ad463          	bge	s5,a7,13482 <_vfprintf_r+0x1086>
   1347e:	0008881b          	sext.w	a6,a7
   13482:	87b2                	mv	a5,a2
   13484:	f002                	sd	zero,32(sp)
   13486:	e082                	sd	zero,64(sp)
   13488:	fc02                	sd	zero,56(sp)
   1348a:	4481                	li	s1,0
   1348c:	91eff06f          	j	125aa <_vfprintf_r+0x1ae>
   13490:	67e2                	ld	a5,24(sp)
   13492:	00878713          	addi	a4,a5,8
   13496:	67e2                	ld	a5,24(sp)
   13498:	8e7a                	mv	t3,t5
   1349a:	ec3a                	sd	a4,24(sp)
   1349c:	639c                	ld	a5,0(a5)
   1349e:	893e                	mv	s2,a5
   134a0:	d2aff06f          	j	129ca <_vfprintf_r+0x5ce>
   134a4:	0a714503          	lbu	a0,167(sp)
   134a8:	4805                	li	a6,1
   134aa:	4481                	li	s1,0
   134ac:	4885                	li	a7,1
   134ae:	15b10793          	addi	a5,sp,347
   134b2:	dbeff06f          	j	12a70 <_vfprintf_r+0x674>
   134b6:	ec3e                	sd	a5,24(sp)
   134b8:	8e7a                	mv	t3,t5
   134ba:	d94ff06f          	j	12a4e <_vfprintf_r+0x652>
   134be:	6669                	lui	a2,0x1a
   134c0:	0024ee13          	ori	t3,s1,2
   134c4:	ec2e                	sd	a1,24(sp)
   134c6:	55060613          	addi	a2,a2,1360 # 1a550 <__clzdi2+0x13e>
   134ca:	4489                	li	s1,2
   134cc:	4501                	li	a0,0
   134ce:	07800d93          	li	s11,120
   134d2:	15c10893          	addi	a7,sp,348
   134d6:	87c6                	mv	a5,a7
   134d8:	00f77693          	andi	a3,a4,15
   134dc:	96b2                	add	a3,a3,a2
   134de:	0006c683          	lbu	a3,0(a3)
   134e2:	8311                	srli	a4,a4,0x4
   134e4:	17fd                	addi	a5,a5,-1
   134e6:	00d78023          	sb	a3,0(a5)
   134ea:	f77d                	bnez	a4,134d8 <_vfprintf_r+0x10dc>
   134ec:	40f888bb          	subw	a7,a7,a5
   134f0:	000a881b          	sext.w	a6,s5
   134f4:	d71ade63          	bge	s5,a7,12a70 <_vfprintf_r+0x674>
   134f8:	0008881b          	sext.w	a6,a7
   134fc:	f002                	sd	zero,32(sp)
   134fe:	d74ff06f          	j	12a72 <_vfprintf_r+0x676>
   13502:	8736                	mv	a4,a3
   13504:	00070d9b          	sext.w	s11,a4
   13508:	d3b046e3          	bgtz	s11,13234 <_vfprintf_r+0xe38>
   1350c:	b389                	j	1324e <_vfprintf_r+0xe52>
   1350e:	47c5                	li	a5,17
   13510:	cc517057          	vsetivli	zero,2,e8,mf8,ta,ma
   13514:	66ed                	lui	a3,0x1b
   13516:	00e7c463          	blt	a5,a4,1351e <_vfprintf_r+0x1122>
   1351a:	74f0006f          	j	14468 <_vfprintf_r+0x206c>
   1351e:	874a                	mv	a4,s2
   13520:	84de                	mv	s1,s7
   13522:	4dc1                	li	s11,16
   13524:	479d                	li	a5,7
   13526:	8972                	mv	s2,t3
   13528:	8bc2                	mv	s7,a6
   1352a:	a6068c13          	addi	s8,a3,-1440 # 1aa60 <zeroes.0>
   1352e:	a021                	j	13536 <_vfprintf_r+0x113a>
   13530:	34c1                	addiw	s1,s1,-16
   13532:	029ddb63          	bge	s11,s1,13568 <_vfprintf_r+0x116c>
   13536:	0741                	addi	a4,a4,16
   13538:	2a85                	addiw	s5,s5,1
   1353a:	018b3023          	sd	s8,0(s6)
   1353e:	01bb3423          	sd	s11,8(s6)
   13542:	f9ba                	sd	a4,240(sp)
   13544:	d5d6                	sw	s5,232(sp)
   13546:	0b41                	addi	s6,s6,16
   13548:	ff57d4e3          	bge	a5,s5,13530 <_vfprintf_r+0x1134>
   1354c:	65a2                	ld	a1,8(sp)
   1354e:	6502                	ld	a0,0(sp)
   13550:	1190                	addi	a2,sp,224
   13552:	03a010ef          	jal	1458c <__sprint_r>
   13556:	b80510e3          	bnez	a0,130d6 <_vfprintf_r+0xcda>
   1355a:	774e                	ld	a4,240(sp)
   1355c:	5aae                	lw	s5,232(sp)
   1355e:	8b4e                	mv	s6,s3
   13560:	479d                	li	a5,7
   13562:	cc517057          	vsetivli	zero,2,e8,mf8,ta,ma
   13566:	b7e9                	j	13530 <_vfprintf_r+0x1134>
   13568:	8e4a                	mv	t3,s2
   1356a:	885e                	mv	a6,s7
   1356c:	893a                	mv	s2,a4
   1356e:	8ba6                	mv	s7,s1
   13570:	86e2                	mv	a3,s8
   13572:	995e                	add	s2,s2,s7
   13574:	2a85                	addiw	s5,s5,1
   13576:	f9ca                	sd	s2,240(sp)
   13578:	d5d6                	sw	s5,232(sp)
   1357a:	00db3023          	sd	a3,0(s6)
   1357e:	017b3423          	sd	s7,8(s6)
   13582:	479d                	li	a5,7
   13584:	b157d9e3          	bge	a5,s5,13096 <_vfprintf_r+0xc9a>
   13588:	65a2                	ld	a1,8(sp)
   1358a:	6502                	ld	a0,0(sp)
   1358c:	1190                	addi	a2,sp,224
   1358e:	e0c2                	sd	a6,64(sp)
   13590:	fc72                	sd	t3,56(sp)
   13592:	7fb000ef          	jal	1458c <__sprint_r>
   13596:	b40510e3          	bnez	a0,130d6 <_vfprintf_r+0xcda>
   1359a:	794e                	ld	s2,240(sp)
   1359c:	5aae                	lw	s5,232(sp)
   1359e:	7e62                	ld	t3,56(sp)
   135a0:	6806                	ld	a6,64(sp)
   135a2:	8b4e                	mv	s6,s3
   135a4:	cc517057          	vsetivli	zero,2,e8,mf8,ta,ma
   135a8:	bcc5                	j	13098 <_vfprintf_r+0xc9c>
   135aa:	5afd                	li	s5,-1
   135ac:	8cb2                	mv	s9,a2
   135ae:	f91fe06f          	j	1253e <_vfprintf_r+0x142>
   135b2:	001cc303          	lbu	t1,1(s9)
   135b6:	2004e493          	ori	s1,s1,512
   135ba:	0c85                	addi	s9,s9,1
   135bc:	f7dfe06f          	j	12538 <_vfprintf_r+0x13c>
   135c0:	001cc303          	lbu	t1,1(s9)
   135c4:	0204e493          	ori	s1,s1,32
   135c8:	0c85                	addi	s9,s9,1
   135ca:	f6ffe06f          	j	12538 <_vfprintf_r+0x13c>
   135ce:	6669                	lui	a2,0x1a
   135d0:	8e26                	mv	t3,s1
   135d2:	56860613          	addi	a2,a2,1384 # 1a568 <__clzdi2+0x156>
   135d6:	6762                	ld	a4,24(sp)
   135d8:	020e7793          	andi	a5,t3,32
   135dc:	00870593          	addi	a1,a4,8
   135e0:	cbf1                	beqz	a5,136b4 <_vfprintf_r+0x12b8>
   135e2:	6318                	ld	a4,0(a4)
   135e4:	001e7793          	andi	a5,t3,1
   135e8:	00e036b3          	snez	a3,a4
   135ec:	c399                	beqz	a5,135f2 <_vfprintf_r+0x11f6>
   135ee:	1c069663          	bnez	a3,137ba <_vfprintf_r+0x13be>
   135f2:	0a0103a3          	sb	zero,167(sp)
   135f6:	100ac863          	bltz	s5,13706 <_vfprintf_r+0x130a>
   135fa:	b7fe7e13          	andi	t3,t3,-1153
   135fe:	1e0a9a63          	bnez	s5,137f2 <_vfprintf_r+0x13f6>
   13602:	1e069863          	bnez	a3,137f2 <_vfprintf_r+0x13f6>
   13606:	ec2e                	sd	a1,24(sp)
   13608:	4481                	li	s1,0
   1360a:	b861                	j	12ea2 <_vfprintf_r+0xaa6>
   1360c:	4a81                	li	s5,0
   1360e:	b199                	j	13254 <_vfprintf_r+0xe58>
   13610:	6669                	lui	a2,0x1a
   13612:	8e26                	mv	t3,s1
   13614:	55060613          	addi	a2,a2,1360 # 1a550 <__clzdi2+0x13e>
   13618:	bf7d                	j	135d6 <_vfprintf_r+0x11da>
   1361a:	4799                	li	a5,6
   1361c:	000a881b          	sext.w	a6,s5
   13620:	5957ee63          	bltu	a5,s5,13bbc <_vfprintf_r+0x17c0>
   13624:	67e9                	lui	a5,0x1a
   13626:	ec26                	sd	s1,24(sp)
   13628:	88c2                	mv	a7,a6
   1362a:	58078793          	addi	a5,a5,1408 # 1a580 <__clzdi2+0x16e>
   1362e:	f002                	sd	zero,32(sp)
   13630:	4a81                	li	s5,0
   13632:	e082                	sd	zero,64(sp)
   13634:	fc02                	sd	zero,56(sp)
   13636:	4481                	li	s1,0
   13638:	f73fe06f          	j	125aa <_vfprintf_r+0x1ae>
   1363c:	48c1                	li	a7,16
   1363e:	572e                	lw	a4,232(sp)
   13640:	66ed                	lui	a3,0x1b
   13642:	6358d7e3          	bge	a7,s5,14470 <_vfprintf_r+0x2074>
   13646:	85a6                	mv	a1,s1
   13648:	8b56                	mv	s6,s5
   1364a:	84be                	mv	s1,a5
   1364c:	864a                	mv	a2,s2
   1364e:	87de                	mv	a5,s7
   13650:	4d9d                	li	s11,7
   13652:	8ac2                	mv	s5,a6
   13654:	8972                	mv	s2,t3
   13656:	a6068c13          	addi	s8,a3,-1440 # 1aa60 <zeroes.0>
   1365a:	8bae                	mv	s7,a1
   1365c:	a021                	j	13664 <_vfprintf_r+0x1268>
   1365e:	3b41                	addiw	s6,s6,-16
   13660:	5168d863          	bge	a7,s6,13b70 <_vfprintf_r+0x1774>
   13664:	0641                	addi	a2,a2,16
   13666:	2705                	addiw	a4,a4,1
   13668:	0187b023          	sd	s8,0(a5)
   1366c:	0117b423          	sd	a7,8(a5)
   13670:	f9b2                	sd	a2,240(sp)
   13672:	d5ba                	sw	a4,232(sp)
   13674:	07c1                	addi	a5,a5,16
   13676:	feedd4e3          	bge	s11,a4,1365e <_vfprintf_r+0x1262>
   1367a:	65a2                	ld	a1,8(sp)
   1367c:	6502                	ld	a0,0(sp)
   1367e:	1190                	addi	a2,sp,224
   13680:	70d000ef          	jal	1458c <__sprint_r>
   13684:	a40519e3          	bnez	a0,130d6 <_vfprintf_r+0xcda>
   13688:	764e                	ld	a2,240(sp)
   1368a:	572e                	lw	a4,232(sp)
   1368c:	87ce                	mv	a5,s3
   1368e:	48c1                	li	a7,16
   13690:	b7f9                	j	1365e <_vfprintf_r+0x1262>
   13692:	cc517057          	vsetivli	zero,2,e8,mf8,ta,ma
   13696:	ea3fe06f          	j	12538 <_vfprintf_r+0x13c>
   1369a:	2004f493          	andi	s1,s1,512
   1369e:	0a0103a3          	sb	zero,167(sp)
   136a2:	5a048763          	beqz	s1,13c50 <_vfprintf_r+0x1854>
   136a6:	0ff97913          	zext.b	s2,s2
   136aa:	d80adde3          	bgez	s5,13444 <_vfprintf_r+0x1048>
   136ae:	ec3a                	sd	a4,24(sp)
   136b0:	b9eff06f          	j	12a4e <_vfprintf_r+0x652>
   136b4:	010e7793          	andi	a5,t3,16
   136b8:	12078463          	beqz	a5,137e0 <_vfprintf_r+0x13e4>
   136bc:	67e2                	ld	a5,24(sp)
   136be:	6398                	ld	a4,0(a5)
   136c0:	b715                	j	135e4 <_vfprintf_r+0x11e8>
   136c2:	65a2                	ld	a1,8(sp)
   136c4:	6502                	ld	a0,0(sp)
   136c6:	1190                	addi	a2,sp,224
   136c8:	ecc2                	sd	a6,88(sp)
   136ca:	e0f2                	sd	t3,64(sp)
   136cc:	fc3e                	sd	a5,56(sp)
   136ce:	6bf000ef          	jal	1458c <__sprint_r>
   136d2:	a00512e3          	bnez	a0,130d6 <_vfprintf_r+0xcda>
   136d6:	794e                	ld	s2,240(sp)
   136d8:	5aae                	lw	s5,232(sp)
   136da:	6866                	ld	a6,88(sp)
   136dc:	6e06                	ld	t3,64(sp)
   136de:	77e2                	ld	a5,56(sp)
   136e0:	8b4e                	mv	s6,s3
   136e2:	ba9d                	j	13058 <_vfprintf_r+0xc5c>
   136e4:	65a2                	ld	a1,8(sp)
   136e6:	6502                	ld	a0,0(sp)
   136e8:	1190                	addi	a2,sp,224
   136ea:	ecc2                	sd	a6,88(sp)
   136ec:	e0f2                	sd	t3,64(sp)
   136ee:	fc3e                	sd	a5,56(sp)
   136f0:	69d000ef          	jal	1458c <__sprint_r>
   136f4:	9e0511e3          	bnez	a0,130d6 <_vfprintf_r+0xcda>
   136f8:	794e                	ld	s2,240(sp)
   136fa:	5aae                	lw	s5,232(sp)
   136fc:	6866                	ld	a6,88(sp)
   136fe:	6e06                	ld	t3,64(sp)
   13700:	77e2                	ld	a5,56(sp)
   13702:	8b4e                	mv	s6,s3
   13704:	ba25                	j	1303c <_vfprintf_r+0xc40>
   13706:	bffe7e13          	andi	t3,t3,-1025
   1370a:	ec2e                	sd	a1,24(sp)
   1370c:	4481                	li	s1,0
   1370e:	4501                	li	a0,0
   13710:	b3c9                	j	134d2 <_vfprintf_r+0x10d6>
   13712:	65a2                	ld	a1,8(sp)
   13714:	6502                	ld	a0,0(sp)
   13716:	1190                	addi	a2,sp,224
   13718:	ed46                	sd	a7,152(sp)
   1371a:	e942                	sd	a6,144(sp)
   1371c:	e172                	sd	t3,128(sp)
   1371e:	f0be                	sd	a5,96(sp)
   13720:	ec9e                	sd	t2,88(sp)
   13722:	66b000ef          	jal	1458c <__sprint_r>
   13726:	9a0518e3          	bnez	a0,130d6 <_vfprintf_r+0xcda>
   1372a:	0a714703          	lbu	a4,167(sp)
   1372e:	794e                	ld	s2,240(sp)
   13730:	63e6                	ld	t2,88(sp)
   13732:	7786                	ld	a5,96(sp)
   13734:	6e0a                	ld	t3,128(sp)
   13736:	684a                	ld	a6,144(sp)
   13738:	68ea                	ld	a7,152(sp)
   1373a:	84da                	mv	s1,s6
   1373c:	18070763          	beqz	a4,138ca <_vfprintf_r+0x14ce>
   13740:	562e                	lw	a2,232(sp)
   13742:	4b01                	li	s6,0
   13744:	8bce                	mv	s7,s3
   13746:	cc517057          	vsetivli	zero,2,e8,mf8,ta,ma
   1374a:	e77fe06f          	j	125c0 <_vfprintf_r+0x1c4>
   1374e:	572e                	lw	a4,232(sp)
   13750:	66e9                	lui	a3,0x1a
   13752:	58868693          	addi	a3,a3,1416 # 1a588 <__clzdi2+0x176>
   13756:	00dbb023          	sd	a3,0(s7)
   1375a:	0905                	addi	s2,s2,1
   1375c:	4685                	li	a3,1
   1375e:	2705                	addiw	a4,a4,1
   13760:	00dbb423          	sd	a3,8(s7)
   13764:	f9ca                	sd	s2,240(sp)
   13766:	d5ba                	sw	a4,232(sp)
   13768:	469d                	li	a3,7
   1376a:	0bc1                	addi	s7,s7,16
   1376c:	02e6c4e3          	blt	a3,a4,13f94 <_vfprintf_r+0x1b98>
   13770:	7742                	ld	a4,48(sp)
   13772:	8f51                	or	a4,a4,a2
   13774:	100705e3          	beqz	a4,1407e <_vfprintf_r+0x1c82>
   13778:	66a6                	ld	a3,72(sp)
   1377a:	572e                	lw	a4,232(sp)
   1377c:	65c6                	ld	a1,80(sp)
   1377e:	9936                	add	s2,s2,a3
   13780:	2705                	addiw	a4,a4,1
   13782:	00dbb423          	sd	a3,8(s7)
   13786:	00bbb023          	sd	a1,0(s7)
   1378a:	f9ca                	sd	s2,240(sp)
   1378c:	d5ba                	sw	a4,232(sp)
   1378e:	469d                	li	a3,7
   13790:	0bc1                	addi	s7,s7,16
   13792:	46e6c763          	blt	a3,a4,13c00 <_vfprintf_r+0x1804>
   13796:	1c0642e3          	bltz	a2,1415a <_vfprintf_r+0x1d5e>
   1379a:	76c2                	ld	a3,48(sp)
   1379c:	2705                	addiw	a4,a4,1
   1379e:	00fbb023          	sd	a5,0(s7)
   137a2:	9936                	add	s2,s2,a3
   137a4:	f9ca                	sd	s2,240(sp)
   137a6:	d5ba                	sw	a4,232(sp)
   137a8:	00dbb423          	sd	a3,8(s7)
   137ac:	479d                	li	a5,7
   137ae:	94e7cf63          	blt	a5,a4,1290c <_vfprintf_r+0x510>
   137b2:	cc517057          	vsetivli	zero,2,e8,mf8,ta,ma
   137b6:	e7bfe06f          	j	12630 <_vfprintf_r+0x234>
   137ba:	03000793          	li	a5,48
   137be:	0bb104a3          	sb	s11,169(sp)
   137c2:	0a0103a3          	sb	zero,167(sp)
   137c6:	0af10423          	sb	a5,168(sp)
   137ca:	1c0acd63          	bltz	s5,139a4 <_vfprintf_r+0x15a8>
   137ce:	b7fe7f13          	andi	t5,t3,-1153
   137d2:	002f6e13          	ori	t3,t5,2
   137d6:	4489                	li	s1,2
   137d8:	0a714503          	lbu	a0,167(sp)
   137dc:	ec2e                	sd	a1,24(sp)
   137de:	b9d5                	j	134d2 <_vfprintf_r+0x10d6>
   137e0:	6762                	ld	a4,24(sp)
   137e2:	040e7793          	andi	a5,t3,64
   137e6:	4318                	lw	a4,0(a4)
   137e8:	0e078a63          	beqz	a5,138dc <_vfprintf_r+0x14e0>
   137ec:	1742                	slli	a4,a4,0x30
   137ee:	9341                	srli	a4,a4,0x30
   137f0:	bbd5                	j	135e4 <_vfprintf_r+0x11e8>
   137f2:	4481                	li	s1,0
   137f4:	b7d5                	j	137d8 <_vfprintf_r+0x13dc>
   137f6:	6502                	ld	a0,0(sp)
   137f8:	a0efe0ef          	jal	11a06 <__sinit>
   137fc:	c3dfe06f          	j	12438 <_vfprintf_r+0x3c>
   13800:	65a2                	ld	a1,8(sp)
   13802:	6502                	ld	a0,0(sp)
   13804:	1190                	addi	a2,sp,224
   13806:	e0c2                	sd	a6,64(sp)
   13808:	fc72                	sd	t3,56(sp)
   1380a:	583000ef          	jal	1458c <__sprint_r>
   1380e:	8c0514e3          	bnez	a0,130d6 <_vfprintf_r+0xcda>
   13812:	794e                	ld	s2,240(sp)
   13814:	6806                	ld	a6,64(sp)
   13816:	7e62                	ld	t3,56(sp)
   13818:	8bce                	mv	s7,s3
   1381a:	d96ff06f          	j	12db0 <_vfprintf_r+0x9b4>
   1381e:	84e2                	mv	s1,s8
   13820:	b865                	j	130d8 <_vfprintf_r+0xcdc>
   13822:	65a2                	ld	a1,8(sp)
   13824:	6502                	ld	a0,0(sp)
   13826:	1190                	addi	a2,sp,224
   13828:	e0c2                	sd	a6,64(sp)
   1382a:	fc72                	sd	t3,56(sp)
   1382c:	561000ef          	jal	1458c <__sprint_r>
   13830:	8a0513e3          	bnez	a0,130d6 <_vfprintf_r+0xcda>
   13834:	794e                	ld	s2,240(sp)
   13836:	6806                	ld	a6,64(sp)
   13838:	7e62                	ld	t3,56(sp)
   1383a:	8bce                	mv	s7,s3
   1383c:	cc517057          	vsetivli	zero,2,e8,mf8,ta,ma
   13840:	da2ff06f          	j	12de2 <_vfprintf_r+0x9e6>
   13844:	654e                	ld	a0,208(sp)
   13846:	65ee                	ld	a1,216(sp)
   13848:	f7fe7e13          	andi	t3,t3,-129
   1384c:	4601                	li	a2,0
   1384e:	4681                	li	a3,0
   13850:	f072                	sd	t3,32(sp)
   13852:	2f3050ef          	jal	19344 <__letf2>
   13856:	7e02                	ld	t3,32(sp)
   13858:	76054363          	bltz	a0,13fbe <_vfprintf_r+0x1bc2>
   1385c:	04700793          	li	a5,71
   13860:	0a714703          	lbu	a4,167(sp)
   13864:	45b7cf63          	blt	a5,s11,13cc2 <_vfprintf_r+0x18c6>
   13868:	67e9                	lui	a5,0x1a
   1386a:	53078793          	addi	a5,a5,1328 # 1a530 <__clzdi2+0x11e>
   1386e:	e77d                	bnez	a4,1395c <_vfprintf_r+0x1560>
   13870:	488d                	li	a7,3
   13872:	8846                	mv	a6,a7
   13874:	cc517057          	vsetivli	zero,2,e8,mf8,ta,ma
   13878:	bb5d                	j	1362e <_vfprintf_r+0x1232>
   1387a:	6669                	lui	a2,0x1a
   1387c:	55060613          	addi	a2,a2,1360 # 1a550 <__clzdi2+0x13e>
   13880:	4489                	li	s1,2
   13882:	07800d93          	li	s11,120
   13886:	bf89                	j	137d8 <_vfprintf_r+0x13dc>
   13888:	77ce                	ld	a5,240(sp)
   1388a:	64a2                	ld	s1,8(sp)
   1388c:	84078be3          	beqz	a5,130e2 <_vfprintf_r+0xce6>
   13890:	6502                	ld	a0,0(sp)
   13892:	1190                	addi	a2,sp,224
   13894:	85a6                	mv	a1,s1
   13896:	4f7000ef          	jal	1458c <__sprint_r>
   1389a:	849ff06f          	j	130e2 <_vfprintf_r+0xce6>
   1389e:	853e                	mv	a0,a5
   138a0:	f072                	sd	t3,32(sp)
   138a2:	ec3e                	sd	a5,24(sp)
   138a4:	780010ef          	jal	15024 <strlen>
   138a8:	0005089b          	sext.w	a7,a0
   138ac:	67e2                	ld	a5,24(sp)
   138ae:	7e02                	ld	t3,32(sp)
   138b0:	8746                	mv	a4,a7
   138b2:	3c08ce63          	bltz	a7,13c8e <_vfprintf_r+0x1892>
   138b6:	0a714683          	lbu	a3,167(sp)
   138ba:	0007081b          	sext.w	a6,a4
   138be:	8c068963          	beqz	a3,12990 <_vfprintf_r+0x594>
   138c2:	0017081b          	addiw	a6,a4,1
   138c6:	8caff06f          	j	12990 <_vfprintf_r+0x594>
   138ca:	34038d63          	beqz	t2,13c24 <_vfprintf_r+0x1828>
   138ce:	562e                	lw	a2,232(sp)
   138d0:	4b01                	li	s6,0
   138d2:	8bce                	mv	s7,s3
   138d4:	cc517057          	vsetivli	zero,2,e8,mf8,ta,ma
   138d8:	d0dfe06f          	j	125e4 <_vfprintf_r+0x1e8>
   138dc:	200e7793          	andi	a5,t3,512
   138e0:	36078563          	beqz	a5,13c4a <_vfprintf_r+0x184e>
   138e4:	0ff77713          	zext.b	a4,a4
   138e8:	b9f5                	j	135e4 <_vfprintf_r+0x11e8>
   138ea:	2004f793          	andi	a5,s1,512
   138ee:	38078563          	beqz	a5,13c78 <_vfprintf_r+0x187c>
   138f2:	0ff6f693          	zext.b	a3,a3
   138f6:	ec3a                	sd	a4,24(sp)
   138f8:	8826                	mv	a6,s1
   138fa:	b5eff06f          	j	12c58 <_vfprintf_r+0x85c>
   138fe:	cc517057          	vsetivli	zero,2,e8,mf8,ta,ma
   13902:	c37fe06f          	j	12538 <_vfprintf_r+0x13c>
   13906:	cc517057          	vsetivli	zero,2,e8,mf8,ta,ma
   1390a:	c2ffe06f          	j	12538 <_vfprintf_r+0x13c>
   1390e:	2004f793          	andi	a5,s1,512
   13912:	34078f63          	beqz	a5,13c70 <_vfprintf_r+0x1874>
   13916:	0189191b          	slliw	s2,s2,0x18
   1391a:	4189591b          	sraiw	s2,s2,0x18
   1391e:	ec3a                	sd	a4,24(sp)
   13920:	87ca                	mv	a5,s2
   13922:	8a8ff06f          	j	129ca <_vfprintf_r+0x5ce>
   13926:	f002                	sd	zero,32(sp)
   13928:	4881                	li	a7,0
   1392a:	e082                	sd	zero,64(sp)
   1392c:	fc02                	sd	zero,56(sp)
   1392e:	4481                	li	s1,0
   13930:	0afc                	addi	a5,sp,348
   13932:	4801                	li	a6,0
   13934:	c77fe06f          	j	125aa <_vfprintf_r+0x1ae>
   13938:	67ee                	ld	a5,216(sp)
   1393a:	f7fe7e13          	andi	t3,t3,-129
   1393e:	03f7d493          	srli	s1,a5,0x3f
   13942:	3407db63          	bgez	a5,13c98 <_vfprintf_r+0x189c>
   13946:	02d00793          	li	a5,45
   1394a:	0af103a3          	sb	a5,167(sp)
   1394e:	04700793          	li	a5,71
   13952:	19b7dae3          	bge	a5,s11,142e6 <_vfprintf_r+0x1eea>
   13956:	67e9                	lui	a5,0x1a
   13958:	54878793          	addi	a5,a5,1352 # 1a548 <__clzdi2+0x136>
   1395c:	f002                	sd	zero,32(sp)
   1395e:	488d                	li	a7,3
   13960:	4a81                	li	s5,0
   13962:	e082                	sd	zero,64(sp)
   13964:	fc02                	sd	zero,56(sp)
   13966:	4481                	li	s1,0
   13968:	4811                	li	a6,4
   1396a:	cc517057          	vsetivli	zero,2,e8,mf8,ta,ma
   1396e:	c3dfe06f          	j	125aa <_vfprintf_r+0x1ae>
   13972:	100e6713          	ori	a4,t3,256
   13976:	57fd                	li	a5,-1
   13978:	f03a                	sd	a4,32(sp)
   1397a:	64ce                	ld	s1,208(sp)
   1397c:	6b6e                	ld	s6,216(sp)
   1397e:	38fa8463          	beq	s5,a5,13d06 <_vfprintf_r+0x190a>
   13982:	ec82                	sd	zero,88(sp)
   13984:	000a9663          	bnez	s5,13990 <_vfprintf_r+0x1594>
   13988:	fb990713          	addi	a4,s2,-71
   1398c:	44070c63          	beqz	a4,13de4 <_vfprintf_r+0x19e8>
   13990:	360b5f63          	bgez	s6,13d0e <_vfprintf_r+0x1912>
   13994:	57fd                	li	a5,-1
   13996:	17fe                	slli	a5,a5,0x3f
   13998:	00fb4b33          	xor	s6,s6,a5
   1399c:	02d00793          	li	a5,45
   139a0:	ecbe                	sd	a5,88(sp)
   139a2:	a6b5                	j	13d0e <_vfprintf_r+0x1912>
   139a4:	bffe7f13          	andi	t5,t3,-1025
   139a8:	002f6e13          	ori	t3,t5,2
   139ac:	ec2e                	sd	a1,24(sp)
   139ae:	4489                	li	s1,2
   139b0:	4501                	li	a0,0
   139b2:	b605                	j	134d2 <_vfprintf_r+0x10d6>
   139b4:	4b41                	li	s6,16
   139b6:	57ae                	lw	a5,232(sp)
   139b8:	cc517057          	vsetivli	zero,2,e8,mf8,ta,ma
   139bc:	66ed                	lui	a3,0x1b
   139be:	5d5b5763          	bge	s6,s5,13f8c <_vfprintf_r+0x1b90>
   139c2:	84d6                	mv	s1,s5
   139c4:	874a                	mv	a4,s2
   139c6:	4d9d                	li	s11,7
   139c8:	8ac2                	mv	s5,a6
   139ca:	8972                	mv	s2,t3
   139cc:	a6068c13          	addi	s8,a3,-1440 # 1aa60 <zeroes.0>
   139d0:	a031                	j	139dc <_vfprintf_r+0x15e0>
   139d2:	34c1                	addiw	s1,s1,-16
   139d4:	009b4463          	blt	s6,s1,139dc <_vfprintf_r+0x15e0>
   139d8:	f15fe06f          	j	128ec <_vfprintf_r+0x4f0>
   139dc:	0741                	addi	a4,a4,16
   139de:	2785                	addiw	a5,a5,1
   139e0:	018bb023          	sd	s8,0(s7)
   139e4:	016bb423          	sd	s6,8(s7)
   139e8:	f9ba                	sd	a4,240(sp)
   139ea:	d5be                	sw	a5,232(sp)
   139ec:	0bc1                	addi	s7,s7,16
   139ee:	fefdd2e3          	bge	s11,a5,139d2 <_vfprintf_r+0x15d6>
   139f2:	65a2                	ld	a1,8(sp)
   139f4:	6502                	ld	a0,0(sp)
   139f6:	1190                	addi	a2,sp,224
   139f8:	395000ef          	jal	1458c <__sprint_r>
   139fc:	ec051d63          	bnez	a0,130d6 <_vfprintf_r+0xcda>
   13a00:	774e                	ld	a4,240(sp)
   13a02:	57ae                	lw	a5,232(sp)
   13a04:	8bce                	mv	s7,s3
   13a06:	cc517057          	vsetivli	zero,2,e8,mf8,ta,ma
   13a0a:	b7e1                	j	139d2 <_vfprintf_r+0x15d6>
   13a0c:	7662                	ld	a2,56(sp)
   13a0e:	6586                	ld	a1,64(sp)
   13a10:	00b66733          	or	a4,a2,a1
   13a14:	2a0708e3          	beqz	a4,144c4 <_vfprintf_r+0x20c8>
   13a18:	7742                	ld	a4,48(sp)
   13a1a:	ecea                	sd	s10,88(sp)
   13a1c:	ed66                	sd	s9,152(sp)
   13a1e:	7d66                	ld	s10,120(sp)
   13a20:	6caa                	ld	s9,136(sp)
   13a22:	6aa2                	ld	s5,8(sp)
   13a24:	00e78333          	add	t1,a5,a4
   13a28:	68ed                	lui	a7,0x1b
   13a2a:	8c6e                	mv	s8,s11
   13a2c:	f0be                	sd	a5,96(sp)
   13a2e:	874a                	mv	a4,s2
   13a30:	87de                	mv	a5,s7
   13a32:	a6088893          	addi	a7,a7,-1440 # 1aa60 <zeroes.0>
   13a36:	469d                	li	a3,7
   13a38:	4b41                	li	s6,16
   13a3a:	e172                	sd	t3,128(sp)
   13a3c:	8dae                	mv	s11,a1
   13a3e:	e942                	sd	a6,144(sp)
   13a40:	8932                	mv	s2,a2
   13a42:	8b9a                	mv	s7,t1
   13a44:	07b04c63          	bgtz	s11,13abc <_vfprintf_r+0x16c0>
   13a48:	1d7d                	addi	s10,s10,-1
   13a4a:	397d                	addiw	s2,s2,-1
   13a4c:	562e                	lw	a2,232(sp)
   13a4e:	75c6                	ld	a1,112(sp)
   13a50:	9766                	add	a4,a4,s9
   13a52:	2605                	addiw	a2,a2,1
   13a54:	e38c                	sd	a1,0(a5)
   13a56:	0197b423          	sd	s9,8(a5)
   13a5a:	f9ba                	sd	a4,240(sp)
   13a5c:	d5b2                	sw	a2,232(sp)
   13a5e:	07c1                	addi	a5,a5,16
   13a60:	0cc6c663          	blt	a3,a2,13b2c <_vfprintf_r+0x1730>
   13a64:	000d4603          	lbu	a2,0(s10)
   13a68:	418b83b3          	sub	t2,s7,s8
   13a6c:	0003859b          	sext.w	a1,t2
   13a70:	0006081b          	sext.w	a6,a2
   13a74:	82de                	mv	t0,s7
   13a76:	00b65363          	bge	a2,a1,13a7c <_vfprintf_r+0x1680>
   13a7a:	83c2                	mv	t2,a6
   13a7c:	0003849b          	sext.w	s1,t2
   13a80:	02905163          	blez	s1,13aa2 <_vfprintf_r+0x16a6>
   13a84:	562e                	lw	a2,232(sp)
   13a86:	9726                	add	a4,a4,s1
   13a88:	f9ba                	sd	a4,240(sp)
   13a8a:	2605                	addiw	a2,a2,1
   13a8c:	0187b023          	sd	s8,0(a5)
   13a90:	e784                	sd	s1,8(a5)
   13a92:	d5b2                	sw	a2,232(sp)
   13a94:	0ac6ca63          	blt	a3,a2,13b48 <_vfprintf_r+0x174c>
   13a98:	000d4603          	lbu	a2,0(s10)
   13a9c:	07c1                	addi	a5,a5,16
   13a9e:	0006081b          	sext.w	a6,a2
   13aa2:	85a6                	mv	a1,s1
   13aa4:	0004d363          	bgez	s1,13aaa <_vfprintf_r+0x16ae>
   13aa8:	4581                	li	a1,0
   13aaa:	40b804bb          	subw	s1,a6,a1
   13aae:	00904963          	bgtz	s1,13ac0 <_vfprintf_r+0x16c4>
   13ab2:	9c32                	add	s8,s8,a2
   13ab4:	f92048e3          	bgtz	s2,13a44 <_vfprintf_r+0x1648>
   13ab8:	4bb05b63          	blez	s11,13f6e <_vfprintf_r+0x1b72>
   13abc:	3dfd                	addiw	s11,s11,-1
   13abe:	b779                	j	13a4c <_vfprintf_r+0x1650>
   13ac0:	65ed                	lui	a1,0x1b
   13ac2:	562e                	lw	a2,232(sp)
   13ac4:	a6058593          	addi	a1,a1,-1440 # 1aa60 <zeroes.0>
   13ac8:	049b5663          	bge	s6,s1,13b14 <_vfprintf_r+0x1718>
   13acc:	fc16                	sd	t0,56(sp)
   13ace:	e0c6                	sd	a7,64(sp)
   13ad0:	a021                	j	13ad8 <_vfprintf_r+0x16dc>
   13ad2:	34c1                	addiw	s1,s1,-16
   13ad4:	029b5e63          	bge	s6,s1,13b10 <_vfprintf_r+0x1714>
   13ad8:	0741                	addi	a4,a4,16
   13ada:	2605                	addiw	a2,a2,1
   13adc:	0117b023          	sd	a7,0(a5)
   13ae0:	0167b423          	sd	s6,8(a5)
   13ae4:	f9ba                	sd	a4,240(sp)
   13ae6:	d5b2                	sw	a2,232(sp)
   13ae8:	07c1                	addi	a5,a5,16
   13aea:	fec6d4e3          	bge	a3,a2,13ad2 <_vfprintf_r+0x16d6>
   13aee:	6502                	ld	a0,0(sp)
   13af0:	1190                	addi	a2,sp,224
   13af2:	85d6                	mv	a1,s5
   13af4:	299000ef          	jal	1458c <__sprint_r>
   13af8:	4c051063          	bnez	a0,13fb8 <_vfprintf_r+0x1bbc>
   13afc:	66ed                	lui	a3,0x1b
   13afe:	34c1                	addiw	s1,s1,-16
   13b00:	a6068893          	addi	a7,a3,-1440 # 1aa60 <zeroes.0>
   13b04:	774e                	ld	a4,240(sp)
   13b06:	562e                	lw	a2,232(sp)
   13b08:	87ce                	mv	a5,s3
   13b0a:	469d                	li	a3,7
   13b0c:	fc9b46e3          	blt	s6,s1,13ad8 <_vfprintf_r+0x16dc>
   13b10:	72e2                	ld	t0,56(sp)
   13b12:	6586                	ld	a1,64(sp)
   13b14:	9726                	add	a4,a4,s1
   13b16:	2605                	addiw	a2,a2,1
   13b18:	f9ba                	sd	a4,240(sp)
   13b1a:	d5b2                	sw	a2,232(sp)
   13b1c:	e38c                	sd	a1,0(a5)
   13b1e:	e784                	sd	s1,8(a5)
   13b20:	4ac6cb63          	blt	a3,a2,13fd6 <_vfprintf_r+0x1bda>
   13b24:	000d4603          	lbu	a2,0(s10)
   13b28:	07c1                	addi	a5,a5,16
   13b2a:	b761                	j	13ab2 <_vfprintf_r+0x16b6>
   13b2c:	6502                	ld	a0,0(sp)
   13b2e:	1190                	addi	a2,sp,224
   13b30:	85d6                	mv	a1,s5
   13b32:	25b000ef          	jal	1458c <__sprint_r>
   13b36:	48051163          	bnez	a0,13fb8 <_vfprintf_r+0x1bbc>
   13b3a:	66ed                	lui	a3,0x1b
   13b3c:	a6068893          	addi	a7,a3,-1440 # 1aa60 <zeroes.0>
   13b40:	774e                	ld	a4,240(sp)
   13b42:	87ce                	mv	a5,s3
   13b44:	469d                	li	a3,7
   13b46:	bf39                	j	13a64 <_vfprintf_r+0x1668>
   13b48:	6502                	ld	a0,0(sp)
   13b4a:	1190                	addi	a2,sp,224
   13b4c:	85d6                	mv	a1,s5
   13b4e:	fc16                	sd	t0,56(sp)
   13b50:	23d000ef          	jal	1458c <__sprint_r>
   13b54:	46051263          	bnez	a0,13fb8 <_vfprintf_r+0x1bbc>
   13b58:	000d4603          	lbu	a2,0(s10)
   13b5c:	66ed                	lui	a3,0x1b
   13b5e:	a6068893          	addi	a7,a3,-1440 # 1aa60 <zeroes.0>
   13b62:	774e                	ld	a4,240(sp)
   13b64:	72e2                	ld	t0,56(sp)
   13b66:	87ce                	mv	a5,s3
   13b68:	0006081b          	sext.w	a6,a2
   13b6c:	469d                	li	a3,7
   13b6e:	bf15                	j	13aa2 <_vfprintf_r+0x16a6>
   13b70:	85de                	mv	a1,s7
   13b72:	8e4a                	mv	t3,s2
   13b74:	8856                	mv	a6,s5
   13b76:	8bbe                	mv	s7,a5
   13b78:	8ada                	mv	s5,s6
   13b7a:	87a6                	mv	a5,s1
   13b7c:	8932                	mv	s2,a2
   13b7e:	86e2                	mv	a3,s8
   13b80:	84ae                	mv	s1,a1
   13b82:	9956                	add	s2,s2,s5
   13b84:	2705                	addiw	a4,a4,1
   13b86:	00dbb023          	sd	a3,0(s7)
   13b8a:	015bb423          	sd	s5,8(s7)
   13b8e:	f9ca                	sd	s2,240(sp)
   13b90:	d5ba                	sw	a4,232(sp)
   13b92:	469d                	li	a3,7
   13b94:	0bc1                	addi	s7,s7,16
   13b96:	ece6d363          	bge	a3,a4,1325c <_vfprintf_r+0xe60>
   13b9a:	65a2                	ld	a1,8(sp)
   13b9c:	6502                	ld	a0,0(sp)
   13b9e:	1190                	addi	a2,sp,224
   13ba0:	e142                	sd	a6,128(sp)
   13ba2:	f0f2                	sd	t3,96(sp)
   13ba4:	ecbe                	sd	a5,88(sp)
   13ba6:	1e7000ef          	jal	1458c <__sprint_r>
   13baa:	d2051663          	bnez	a0,130d6 <_vfprintf_r+0xcda>
   13bae:	794e                	ld	s2,240(sp)
   13bb0:	680a                	ld	a6,128(sp)
   13bb2:	7e06                	ld	t3,96(sp)
   13bb4:	67e6                	ld	a5,88(sp)
   13bb6:	8bce                	mv	s7,s3
   13bb8:	ea4ff06f          	j	1325c <_vfprintf_r+0xe60>
   13bbc:	0007881b          	sext.w	a6,a5
   13bc0:	b495                	j	13624 <_vfprintf_r+0x1228>
   13bc2:	65a2                	ld	a1,8(sp)
   13bc4:	6502                	ld	a0,0(sp)
   13bc6:	1190                	addi	a2,sp,224
   13bc8:	e142                	sd	a6,128(sp)
   13bca:	f0f2                	sd	t3,96(sp)
   13bcc:	ecbe                	sd	a5,88(sp)
   13bce:	1bf000ef          	jal	1458c <__sprint_r>
   13bd2:	d0051263          	bnez	a0,130d6 <_vfprintf_r+0xcda>
   13bd6:	794e                	ld	s2,240(sp)
   13bd8:	680a                	ld	a6,128(sp)
   13bda:	7e06                	ld	t3,96(sp)
   13bdc:	67e6                	ld	a5,88(sp)
   13bde:	8bce                	mv	s7,s3
   13be0:	e6eff06f          	j	1324e <_vfprintf_r+0xe52>
   13be4:	66a6                	ld	a3,72(sp)
   13be6:	572e                	lw	a4,232(sp)
   13be8:	6646                	ld	a2,80(sp)
   13bea:	9936                	add	s2,s2,a3
   13bec:	2705                	addiw	a4,a4,1
   13bee:	00dbb423          	sd	a3,8(s7)
   13bf2:	f9ca                	sd	s2,240(sp)
   13bf4:	00cbb023          	sd	a2,0(s7)
   13bf8:	d5ba                	sw	a4,232(sp)
   13bfa:	469d                	li	a3,7
   13bfc:	62e6d563          	bge	a3,a4,14226 <_vfprintf_r+0x1e2a>
   13c00:	65a2                	ld	a1,8(sp)
   13c02:	6502                	ld	a0,0(sp)
   13c04:	1190                	addi	a2,sp,224
   13c06:	ecc2                	sd	a6,88(sp)
   13c08:	e0f2                	sd	t3,64(sp)
   13c0a:	fc3e                	sd	a5,56(sp)
   13c0c:	181000ef          	jal	1458c <__sprint_r>
   13c10:	cc051363          	bnez	a0,130d6 <_vfprintf_r+0xcda>
   13c14:	564a                	lw	a2,176(sp)
   13c16:	794e                	ld	s2,240(sp)
   13c18:	572e                	lw	a4,232(sp)
   13c1a:	6866                	ld	a6,88(sp)
   13c1c:	6e06                	ld	t3,64(sp)
   13c1e:	77e2                	ld	a5,56(sp)
   13c20:	8bce                	mv	s7,s3
   13c22:	be95                	j	13796 <_vfprintf_r+0x139a>
   13c24:	8bce                	mv	s7,s3
   13c26:	cc517057          	vsetivli	zero,2,e8,mf8,ta,ma
   13c2a:	9dffe06f          	j	12608 <_vfprintf_r+0x20c>
   13c2e:	00d78b33          	add	s6,a5,a3
   13c32:	41bb0b33          	sub	s6,s6,s11
   13c36:	41568abb          	subw	s5,a3,s5
   13c3a:	000b079b          	sext.w	a5,s6
   13c3e:	00fad363          	bge	s5,a5,13c44 <_vfprintf_r+0x1848>
   13c42:	8b56                	mv	s6,s5
   13c44:	2b01                	sext.w	s6,s6
   13c46:	e86ff06f          	j	132cc <_vfprintf_r+0xed0>
   13c4a:	1702                	slli	a4,a4,0x20
   13c4c:	9301                	srli	a4,a4,0x20
   13c4e:	ba59                	j	135e4 <_vfprintf_r+0x11e8>
   13c50:	1902                	slli	s2,s2,0x20
   13c52:	02095913          	srli	s2,s2,0x20
   13c56:	a40acce3          	bltz	s5,136ae <_vfprintf_r+0x12b2>
   13c5a:	ec3a                	sd	a4,24(sp)
   13c5c:	f7fe7e13          	andi	t3,t3,-129
   13c60:	000a8463          	beqz	s5,13c68 <_vfprintf_r+0x186c>
   13c64:	debfe06f          	j	12a4e <_vfprintf_r+0x652>
   13c68:	a2090d63          	beqz	s2,12ea2 <_vfprintf_r+0xaa6>
   13c6c:	de3fe06f          	j	12a4e <_vfprintf_r+0x652>
   13c70:	ec3a                	sd	a4,24(sp)
   13c72:	87ca                	mv	a5,s2
   13c74:	d57fe06f          	j	129ca <_vfprintf_r+0x5ce>
   13c78:	1682                	slli	a3,a3,0x20
   13c7a:	9281                	srli	a3,a3,0x20
   13c7c:	ec3a                	sd	a4,24(sp)
   13c7e:	8826                	mv	a6,s1
   13c80:	fd9fe06f          	j	12c58 <_vfprintf_r+0x85c>
   13c84:	67c2                	ld	a5,16(sp)
   13c86:	00f71023          	sh	a5,0(a4)
   13c8a:	83dfe06f          	j	124c6 <_vfprintf_r+0xca>
   13c8e:	4701                	li	a4,0
   13c90:	b11d                	j	138b6 <_vfprintf_r+0x14ba>
   13c92:	4681                	li	a3,0
   13c94:	cf3fe06f          	j	12986 <_vfprintf_r+0x58a>
   13c98:	04700793          	li	a5,71
   13c9c:	0a714703          	lbu	a4,167(sp)
   13ca0:	5fb7d863          	bge	a5,s11,14290 <_vfprintf_r+0x1e94>
   13ca4:	67e9                	lui	a5,0x1a
   13ca6:	54878793          	addi	a5,a5,1352 # 1a548 <__clzdi2+0x136>
   13caa:	7e071f63          	bnez	a4,144a8 <_vfprintf_r+0x20ac>
   13cae:	488d                	li	a7,3
   13cb0:	8846                	mv	a6,a7
   13cb2:	4a81                	li	s5,0
   13cb4:	e082                	sd	zero,64(sp)
   13cb6:	fc02                	sd	zero,56(sp)
   13cb8:	f002                	sd	zero,32(sp)
   13cba:	cc517057          	vsetivli	zero,2,e8,mf8,ta,ma
   13cbe:	8edfe06f          	j	125aa <_vfprintf_r+0x1ae>
   13cc2:	67e9                	lui	a5,0x1a
   13cc4:	53878793          	addi	a5,a5,1336 # 1a538 <__clzdi2+0x126>
   13cc8:	b65d                	j	1386e <_vfprintf_r+0x1472>
   13cca:	6502                	ld	a0,0(sp)
   13ccc:	001a859b          	addiw	a1,s5,1
   13cd0:	f072                	sd	t3,32(sp)
   13cd2:	fc5fc0ef          	jal	10c96 <_malloc_r>
   13cd6:	7e02                	ld	t3,32(sp)
   13cd8:	87aa                	mv	a5,a0
   13cda:	7e050d63          	beqz	a0,144d4 <_vfprintf_r+0x20d8>
   13cde:	65ee                	ld	a1,216(sp)
   13ce0:	f03e                	sd	a5,32(sp)
   13ce2:	ec82                	sd	zero,88(sp)
   13ce4:	654e                	ld	a0,208(sp)
   13ce6:	0005c463          	bltz	a1,13cee <_vfprintf_r+0x18f2>
   13cea:	a6dfe06f          	j	12756 <_vfprintf_r+0x35a>
   13cee:	577d                	li	a4,-1
   13cf0:	177e                	slli	a4,a4,0x3f
   13cf2:	8db9                	xor	a1,a1,a4
   13cf4:	02d00713          	li	a4,45
   13cf8:	ecba                	sd	a4,88(sp)
   13cfa:	a5dfe06f          	j	12756 <_vfprintf_r+0x35a>
   13cfe:	07800793          	li	a5,120
   13d02:	a33fe06f          	j	12734 <_vfprintf_r+0x338>
   13d06:	740b4963          	bltz	s6,14458 <_vfprintf_r+0x205c>
   13d0a:	ec82                	sd	zero,88(sp)
   13d0c:	4a99                	li	s5,6
   13d0e:	04600793          	li	a5,70
   13d12:	30f91563          	bne	s2,a5,1401c <_vfprintf_r+0x1c20>
   13d16:	6502                	ld	a0,0(sp)
   13d18:	191c                	addi	a5,sp,176
   13d1a:	8756                	mv	a4,s5
   13d1c:	468d                	li	a3,3
   13d1e:	865a                	mv	a2,s6
   13d20:	0c810893          	addi	a7,sp,200
   13d24:	0b410813          	addi	a6,sp,180
   13d28:	85a6                	mv	a1,s1
   13d2a:	f872                	sd	t3,48(sp)
   13d2c:	49a010ef          	jal	151c6 <_ldtoa_r>
   13d30:	00054603          	lbu	a2,0(a0)
   13d34:	03000693          	li	a3,48
   13d38:	7e42                	ld	t3,48(sp)
   13d3a:	87aa                	mv	a5,a0
   13d3c:	01550733          	add	a4,a0,s5
   13d40:	66d60763          	beq	a2,a3,143ae <_vfprintf_r+0x1fb2>
   13d44:	56ca                	lw	a3,176(sp)
   13d46:	00d70c33          	add	s8,a4,a3
   13d4a:	8526                	mv	a0,s1
   13d4c:	85da                	mv	a1,s6
   13d4e:	4601                	li	a2,0
   13d50:	4681                	li	a3,0
   13d52:	fc72                	sd	t3,56(sp)
   13d54:	f83e                	sd	a5,48(sp)
   13d56:	490050ef          	jal	191e6 <__eqtf2>
   13d5a:	77c2                	ld	a5,48(sp)
   13d5c:	7e62                	ld	t3,56(sp)
   13d5e:	56050c63          	beqz	a0,142d6 <_vfprintf_r+0x1eda>
   13d62:	68ae                	ld	a7,200(sp)
   13d64:	7388f963          	bgeu	a7,s8,14496 <_vfprintf_r+0x209a>
   13d68:	03000693          	li	a3,48
   13d6c:	00188713          	addi	a4,a7,1
   13d70:	e5ba                	sd	a4,200(sp)
   13d72:	00d88023          	sb	a3,0(a7)
   13d76:	68ae                	ld	a7,200(sp)
   13d78:	ff88eae3          	bltu	a7,s8,13d6c <_vfprintf_r+0x1970>
   13d7c:	40f888b3          	sub	a7,a7,a5
   13d80:	0008869b          	sext.w	a3,a7
   13d84:	04700713          	li	a4,71
   13d88:	f836                	sd	a3,48(sp)
   13d8a:	54ca                	lw	s1,176(sp)
   13d8c:	0ae90063          	beq	s2,a4,13e2c <_vfprintf_r+0x1a30>
   13d90:	04600713          	li	a4,70
   13d94:	0ae91263          	bne	s2,a4,13e38 <_vfprintf_r+0x1a3c>
   13d98:	001e7713          	andi	a4,t3,1
   13d9c:	00eae733          	or	a4,s5,a4
   13da0:	2701                	sext.w	a4,a4
   13da2:	62905e63          	blez	s1,143de <_vfprintf_r+0x1fe2>
   13da6:	5e071963          	bnez	a4,14398 <_vfprintf_r+0x1f9c>
   13daa:	88a6                	mv	a7,s1
   13dac:	06600d93          	li	s11,102
   13db0:	400e7f13          	andi	t5,t3,1024
   13db4:	4e0f1463          	bnez	t5,1429c <_vfprintf_r+0x1ea0>
   13db8:	0008881b          	sext.w	a6,a7
   13dbc:	0008d363          	bgez	a7,13dc2 <_vfprintf_r+0x19c6>
   13dc0:	4801                	li	a6,0
   13dc2:	6766                	ld	a4,88(sp)
   13dc4:	34070b63          	beqz	a4,1411a <_vfprintf_r+0x1d1e>
   13dc8:	02d00713          	li	a4,45
   13dcc:	0ae103a3          	sb	a4,167(sp)
   13dd0:	2805                	addiw	a6,a6,1
   13dd2:	7e02                	ld	t3,32(sp)
   13dd4:	4a81                	li	s5,0
   13dd6:	f002                	sd	zero,32(sp)
   13dd8:	e082                	sd	zero,64(sp)
   13dda:	fc02                	sd	zero,56(sp)
   13ddc:	cc517057          	vsetivli	zero,2,e8,mf8,ta,ma
   13de0:	fcafe06f          	j	125aa <_vfprintf_r+0x1ae>
   13de4:	000b5863          	bgez	s6,13df4 <_vfprintf_r+0x19f8>
   13de8:	17fe                	slli	a5,a5,0x3f
   13dea:	00fb4b33          	xor	s6,s6,a5
   13dee:	02d00793          	li	a5,45
   13df2:	ecbe                	sd	a5,88(sp)
   13df4:	6502                	ld	a0,0(sp)
   13df6:	191c                	addi	a5,sp,176
   13df8:	0c810893          	addi	a7,sp,200
   13dfc:	0b410813          	addi	a6,sp,180
   13e00:	4705                	li	a4,1
   13e02:	4689                	li	a3,2
   13e04:	85a6                	mv	a1,s1
   13e06:	865a                	mv	a2,s6
   13e08:	fc72                	sd	t3,56(sp)
   13e0a:	3bc010ef          	jal	151c6 <_ldtoa_r>
   13e0e:	7e62                	ld	t3,56(sp)
   13e10:	4a85                	li	s5,1
   13e12:	87aa                	mv	a5,a0
   13e14:	f856                	sd	s5,48(sp)
   13e16:	001e7713          	andi	a4,t3,1
   13e1a:	38071d63          	bnez	a4,141b4 <_vfprintf_r+0x1db8>
   13e1e:	68ae                	ld	a7,200(sp)
   13e20:	54ca                	lw	s1,176(sp)
   13e22:	40f888b3          	sub	a7,a7,a5
   13e26:	0008871b          	sext.w	a4,a7
   13e2a:	f83a                	sd	a4,48(sp)
   13e2c:	ffd4a713          	slti	a4,s1,-3
   13e30:	e319                	bnez	a4,13e36 <_vfprintf_r+0x1a3a>
   13e32:	0e9ad563          	bge	s5,s1,13f1c <_vfprintf_r+0x1b20>
   13e36:	3df9                	addiw	s11,s11,-2
   13e38:	fff4871b          	addiw	a4,s1,-1
   13e3c:	0bb10c23          	sb	s11,184(sp)
   13e40:	d93a                	sw	a4,176(sp)
   13e42:	4e074a63          	bltz	a4,14336 <_vfprintf_r+0x1f3a>
   13e46:	02b00693          	li	a3,43
   13e4a:	0ad10ca3          	sb	a3,185(sp)
   13e4e:	46a5                	li	a3,9
   13e50:	4ee6dc63          	bge	a3,a4,14348 <_vfprintf_r+0x1f4c>
   13e54:	fc72                	sd	t3,56(sp)
   13e56:	f002                	sd	zero,32(sp)
   13e58:	0c710f93          	addi	t6,sp,199
   13e5c:	666668b7          	lui	a7,0x66666
   13e60:	857e                	mv	a0,t6
   13e62:	66788893          	addi	a7,a7,1639 # 66666667 <__BSS_END__+0x6664a497>
   13e66:	06300f13          	li	t5,99
   13e6a:	031706b3          	mul	a3,a4,a7
   13e6e:	41f7561b          	sraiw	a2,a4,0x1f
   13e72:	883a                	mv	a6,a4
   13e74:	85aa                	mv	a1,a0
   13e76:	157d                	addi	a0,a0,-1
   13e78:	9689                	srai	a3,a3,0x22
   13e7a:	9e91                	subw	a3,a3,a2
   13e7c:	0026961b          	slliw	a2,a3,0x2
   13e80:	9e35                	addw	a2,a2,a3
   13e82:	0016161b          	slliw	a2,a2,0x1
   13e86:	9f11                	subw	a4,a4,a2
   13e88:	0307071b          	addiw	a4,a4,48
   13e8c:	fee58fa3          	sb	a4,-1(a1)
   13e90:	8736                	mv	a4,a3
   13e92:	fd0f4ce3          	blt	t5,a6,13e6a <_vfprintf_r+0x1a6e>
   13e96:	0306871b          	addiw	a4,a3,48
   13e9a:	fee50fa3          	sb	a4,-1(a0)
   13e9e:	ffe58513          	addi	a0,a1,-2
   13ea2:	5df57b63          	bgeu	a0,t6,14478 <_vfprintf_r+0x207c>
   13ea6:	0c910693          	addi	a3,sp,201
   13eaa:	8e8d                	sub	a3,a3,a1
   13eac:	0ba10613          	addi	a2,sp,186
   13eb0:	0c06f757          	vsetvli	a4,a3,e8,m1,ta,ma
   13eb4:	02050087          	vle8.v	v1,(a0)
   13eb8:	8e99                	sub	a3,a3,a4
   13eba:	953a                	add	a0,a0,a4
   13ebc:	020600a7          	vse8.v	v1,(a2)
   13ec0:	963a                	add	a2,a2,a4
   13ec2:	f6fd                	bnez	a3,13eb0 <_vfprintf_r+0x1ab4>
   13ec4:	0ba10713          	addi	a4,sp,186
   13ec8:	977e                	add	a4,a4,t6
   13eca:	0709                	addi	a4,a4,2
   13ecc:	8f0d                	sub	a4,a4,a1
   13ece:	1934                	addi	a3,sp,184
   13ed0:	9f15                	subw	a4,a4,a3
   13ed2:	f4ba                	sd	a4,104(sp)
   13ed4:	7642                	ld	a2,48(sp)
   13ed6:	7726                	ld	a4,104(sp)
   13ed8:	4685                	li	a3,1
   13eda:	9f31                	addw	a4,a4,a2
   13edc:	88ba                	mv	a7,a4
   13ede:	3ac6d463          	bge	a3,a2,14286 <_vfprintf_r+0x1e8a>
   13ee2:	66a6                	ld	a3,72(sp)
   13ee4:	00e688bb          	addw	a7,a3,a4
   13ee8:	7762                	ld	a4,56(sp)
   13eea:	0008881b          	sext.w	a6,a7
   13eee:	bff77f13          	andi	t5,a4,-1025
   13ef2:	100f6e13          	ori	t3,t5,256
   13ef6:	0008d363          	bgez	a7,13efc <_vfprintf_r+0x1b00>
   13efa:	4801                	li	a6,0
   13efc:	7762                	ld	a4,56(sp)
   13efe:	00277493          	andi	s1,a4,2
   13f02:	6766                	ld	a4,88(sp)
   13f04:	2e070163          	beqz	a4,141e6 <_vfprintf_r+0x1dea>
   13f08:	02d00513          	li	a0,45
   13f0c:	0aa103a3          	sb	a0,167(sp)
   13f10:	4a81                	li	s5,0
   13f12:	cc517057          	vsetivli	zero,2,e8,mf8,ta,ma
   13f16:	2805                	addiw	a6,a6,1
   13f18:	addfe06f          	j	129f4 <_vfprintf_r+0x5f8>
   13f1c:	7742                	ld	a4,48(sp)
   13f1e:	02e4c663          	blt	s1,a4,13f4a <_vfprintf_r+0x1b4e>
   13f22:	001e7713          	andi	a4,t3,1
   13f26:	88a6                	mv	a7,s1
   13f28:	c701                	beqz	a4,13f30 <_vfprintf_r+0x1b34>
   13f2a:	6726                	ld	a4,72(sp)
   13f2c:	009708bb          	addw	a7,a4,s1
   13f30:	400e7f13          	andi	t5,t3,1024
   13f34:	000f0463          	beqz	t5,13f3c <_vfprintf_r+0x1b40>
   13f38:	36904063          	bgtz	s1,14298 <_vfprintf_r+0x1e9c>
   13f3c:	0008881b          	sext.w	a6,a7
   13f40:	0208c363          	bltz	a7,13f66 <_vfprintf_r+0x1b6a>
   13f44:	06700d93          	li	s11,103
   13f48:	bdad                	j	13dc2 <_vfprintf_r+0x19c6>
   13f4a:	6726                	ld	a4,72(sp)
   13f4c:	06700d93          	li	s11,103
   13f50:	011708bb          	addw	a7,a4,a7
   13f54:	e4904ee3          	bgtz	s1,13db0 <_vfprintf_r+0x19b4>
   13f58:	409888bb          	subw	a7,a7,s1
   13f5c:	2885                	addiw	a7,a7,1
   13f5e:	0008881b          	sext.w	a6,a7
   13f62:	fe08d1e3          	bgez	a7,13f44 <_vfprintf_r+0x1b48>
   13f66:	4801                	li	a6,0
   13f68:	06700d93          	li	s11,103
   13f6c:	bd99                	j	13dc2 <_vfprintf_r+0x19c6>
   13f6e:	8bbe                	mv	s7,a5
   13f70:	fcea                	sd	s10,120(sp)
   13f72:	7786                	ld	a5,96(sp)
   13f74:	6e0a                	ld	t3,128(sp)
   13f76:	6d66                	ld	s10,88(sp)
   13f78:	684a                	ld	a6,144(sp)
   13f7a:	6cea                	ld	s9,152(sp)
   13f7c:	8de2                	mv	s11,s8
   13f7e:	893a                	mv	s2,a4
   13f80:	8c16                	mv	s8,t0
   13f82:	afbc7363          	bgeu	s8,s11,13268 <_vfprintf_r+0xe6c>
   13f86:	8de2                	mv	s11,s8
   13f88:	ae0ff06f          	j	13268 <_vfprintf_r+0xe6c>
   13f8c:	a6068693          	addi	a3,a3,-1440
   13f90:	967fe06f          	j	128f6 <_vfprintf_r+0x4fa>
   13f94:	65a2                	ld	a1,8(sp)
   13f96:	6502                	ld	a0,0(sp)
   13f98:	1190                	addi	a2,sp,224
   13f9a:	ecc2                	sd	a6,88(sp)
   13f9c:	e0f2                	sd	t3,64(sp)
   13f9e:	fc3e                	sd	a5,56(sp)
   13fa0:	5ec000ef          	jal	1458c <__sprint_r>
   13fa4:	92051963          	bnez	a0,130d6 <_vfprintf_r+0xcda>
   13fa8:	564a                	lw	a2,176(sp)
   13faa:	794e                	ld	s2,240(sp)
   13fac:	6866                	ld	a6,88(sp)
   13fae:	6e06                	ld	t3,64(sp)
   13fb0:	77e2                	ld	a5,56(sp)
   13fb2:	8bce                	mv	s7,s3
   13fb4:	fbcff06f          	j	13770 <_vfprintf_r+0x1374>
   13fb8:	84d6                	mv	s1,s5
   13fba:	91eff06f          	j	130d8 <_vfprintf_r+0xcdc>
   13fbe:	02d00793          	li	a5,45
   13fc2:	0af103a3          	sb	a5,167(sp)
   13fc6:	04700793          	li	a5,71
   13fca:	23b7df63          	bge	a5,s11,14208 <_vfprintf_r+0x1e0c>
   13fce:	67e9                	lui	a5,0x1a
   13fd0:	53878793          	addi	a5,a5,1336 # 1a538 <__clzdi2+0x126>
   13fd4:	b261                	j	1395c <_vfprintf_r+0x1560>
   13fd6:	6502                	ld	a0,0(sp)
   13fd8:	1190                	addi	a2,sp,224
   13fda:	85d6                	mv	a1,s5
   13fdc:	fc16                	sd	t0,56(sp)
   13fde:	5ae000ef          	jal	1458c <__sprint_r>
   13fe2:	f979                	bnez	a0,13fb8 <_vfprintf_r+0x1bbc>
   13fe4:	66ed                	lui	a3,0x1b
   13fe6:	a6068893          	addi	a7,a3,-1440 # 1aa60 <zeroes.0>
   13fea:	000d4603          	lbu	a2,0(s10)
   13fee:	774e                	ld	a4,240(sp)
   13ff0:	72e2                	ld	t0,56(sp)
   13ff2:	87ce                	mv	a5,s3
   13ff4:	469d                	li	a3,7
   13ff6:	bc75                	j	13ab2 <_vfprintf_r+0x16b6>
   13ff8:	65a2                	ld	a1,8(sp)
   13ffa:	6502                	ld	a0,0(sp)
   13ffc:	1190                	addi	a2,sp,224
   13ffe:	ecc2                	sd	a6,88(sp)
   14000:	e0f2                	sd	t3,64(sp)
   14002:	fc3e                	sd	a5,56(sp)
   14004:	588000ef          	jal	1458c <__sprint_r>
   14008:	8c051763          	bnez	a0,130d6 <_vfprintf_r+0xcda>
   1400c:	5aca                	lw	s5,176(sp)
   1400e:	794e                	ld	s2,240(sp)
   14010:	6866                	ld	a6,88(sp)
   14012:	6e06                	ld	t3,64(sp)
   14014:	77e2                	ld	a5,56(sp)
   14016:	8bce                	mv	s7,s3
   14018:	a7eff06f          	j	13296 <_vfprintf_r+0xe9a>
   1401c:	fbb90793          	addi	a5,s2,-69
   14020:	6502                	ld	a0,0(sp)
   14022:	0017b793          	seqz	a5,a5
   14026:	015787bb          	addw	a5,a5,s5
   1402a:	873e                	mv	a4,a5
   1402c:	f83e                	sd	a5,48(sp)
   1402e:	0c810893          	addi	a7,sp,200
   14032:	191c                	addi	a5,sp,176
   14034:	0b410813          	addi	a6,sp,180
   14038:	4689                	li	a3,2
   1403a:	85a6                	mv	a1,s1
   1403c:	865a                	mv	a2,s6
   1403e:	fc72                	sd	t3,56(sp)
   14040:	186010ef          	jal	151c6 <_ldtoa_r>
   14044:	04700713          	li	a4,71
   14048:	7e62                	ld	t3,56(sp)
   1404a:	87aa                	mv	a5,a0
   1404c:	dce905e3          	beq	s2,a4,13e16 <_vfprintf_r+0x1a1a>
   14050:	fc2a                	sd	a0,56(sp)
   14052:	85da                	mv	a1,s6
   14054:	8526                	mv	a0,s1
   14056:	4601                	li	a2,0
   14058:	4681                	li	a3,0
   1405a:	e0f2                	sd	t3,64(sp)
   1405c:	18a050ef          	jal	191e6 <__eqtf2>
   14060:	77e2                	ld	a5,56(sp)
   14062:	6e06                	ld	t3,64(sp)
   14064:	48050163          	beqz	a0,144e6 <_vfprintf_r+0x20ea>
   14068:	7742                	ld	a4,48(sp)
   1406a:	68ae                	ld	a7,200(sp)
   1406c:	00e78c33          	add	s8,a5,a4
   14070:	cf88ece3          	bltu	a7,s8,13d68 <_vfprintf_r+0x196c>
   14074:	40f8873b          	subw	a4,a7,a5
   14078:	54ca                	lw	s1,176(sp)
   1407a:	f83a                	sd	a4,48(sp)
   1407c:	bb75                	j	13e38 <_vfprintf_r+0x1a3c>
   1407e:	001e7713          	andi	a4,t3,1
   14082:	b60711e3          	bnez	a4,13be4 <_vfprintf_r+0x17e8>
   14086:	cc517057          	vsetivli	zero,2,e8,mf8,ta,ma
   1408a:	da8fe06f          	j	12632 <_vfprintf_r+0x236>
   1408e:	ec26                	sd	s1,24(sp)
   14090:	18070e63          	beqz	a4,1422c <_vfprintf_r+0x1e30>
   14094:	001a881b          	addiw	a6,s5,1
   14098:	88d6                	mv	a7,s5
   1409a:	e082                	sd	zero,64(sp)
   1409c:	4a81                	li	s5,0
   1409e:	fc02                	sd	zero,56(sp)
   140a0:	4481                	li	s1,0
   140a2:	cc517057          	vsetivli	zero,2,e8,mf8,ta,ma
   140a6:	d04fe06f          	j	125aa <_vfprintf_r+0x1ae>
   140aa:	662a                	ld	a2,136(sp)
   140ac:	75c6                	ld	a1,112(sp)
   140ae:	e0c6                	sd	a7,64(sp)
   140b0:	40c78333          	sub	t1,a5,a2
   140b4:	851a                	mv	a0,t1
   140b6:	fc42                	sd	a6,56(sp)
   140b8:	f872                	sd	t3,48(sp)
   140ba:	f01a                	sd	t1,32(sp)
   140bc:	4a9000ef          	jal	14d64 <strncpy>
   140c0:	ccccd7b7          	lui	a5,0xccccd
   140c4:	ccd78793          	addi	a5,a5,-819 # ffffffffcccccccd <__BSS_END__+0xffffffffcccb0afd>
   140c8:	02079713          	slli	a4,a5,0x20
   140cc:	973e                	add	a4,a4,a5
   140ce:	02e93933          	mulhu	s2,s2,a4
   140d2:	0014c683          	lbu	a3,1(s1)
   140d6:	7302                	ld	t1,32(sp)
   140d8:	7e42                	ld	t3,48(sp)
   140da:	00d036b3          	snez	a3,a3
   140de:	94b6                	add	s1,s1,a3
   140e0:	7862                	ld	a6,56(sp)
   140e2:	6886                	ld	a7,64(sp)
   140e4:	fff30793          	addi	a5,t1,-1
   140e8:	4585                	li	a1,1
   140ea:	00395913          	srli	s2,s2,0x3
   140ee:	02e93733          	mulhu	a4,s2,a4
   140f2:	cc517057          	vsetivli	zero,2,e8,mf8,ta,ma
   140f6:	00375693          	srli	a3,a4,0x3
   140fa:	00269713          	slli	a4,a3,0x2
   140fe:	9736                	add	a4,a4,a3
   14100:	0706                	slli	a4,a4,0x1
   14102:	40e90733          	sub	a4,s2,a4
   14106:	0307071b          	addiw	a4,a4,48
   1410a:	fee30fa3          	sb	a4,-1(t1)
   1410e:	a9dfe06f          	j	12baa <_vfprintf_r+0x7ae>
   14112:	a7068693          	addi	a3,a3,-1424
   14116:	a40ff06f          	j	13356 <_vfprintf_r+0xf5a>
   1411a:	0a714703          	lbu	a4,167(sp)
   1411e:	ca070ae3          	beqz	a4,13dd2 <_vfprintf_r+0x19d6>
   14122:	2805                	addiw	a6,a6,1
   14124:	b17d                	j	13dd2 <_vfprintf_r+0x19d6>
   14126:	65a2                	ld	a1,8(sp)
   14128:	6502                	ld	a0,0(sp)
   1412a:	1190                	addi	a2,sp,224
   1412c:	e0c2                	sd	a6,64(sp)
   1412e:	fc72                	sd	t3,56(sp)
   14130:	45c000ef          	jal	1458c <__sprint_r>
   14134:	c119                	beqz	a0,1413a <_vfprintf_r+0x1d3e>
   14136:	fa1fe06f          	j	130d6 <_vfprintf_r+0xcda>
   1413a:	5aca                	lw	s5,176(sp)
   1413c:	77c2                	ld	a5,48(sp)
   1413e:	794e                	ld	s2,240(sp)
   14140:	6806                	ld	a6,64(sp)
   14142:	7e62                	ld	t3,56(sp)
   14144:	8bce                	mv	s7,s3
   14146:	41578abb          	subw	s5,a5,s5
   1414a:	982ff06f          	j	132cc <_vfprintf_r+0xed0>
   1414e:	8f26                	mv	t5,s1
   14150:	9b5fe06f          	j	12b04 <_vfprintf_r+0x708>
   14154:	8f26                	mv	t5,s1
   14156:	b40ff06f          	j	13496 <_vfprintf_r+0x109a>
   1415a:	56c1                	li	a3,-16
   1415c:	40c00abb          	negw	s5,a2
   14160:	34d65063          	bge	a2,a3,144a0 <_vfprintf_r+0x20a4>
   14164:	66ed                	lui	a3,0x1b
   14166:	fc3e                	sd	a5,56(sp)
   14168:	4b41                	li	s6,16
   1416a:	87ca                	mv	a5,s2
   1416c:	4d9d                	li	s11,7
   1416e:	8c72                	mv	s8,t3
   14170:	8942                	mv	s2,a6
   14172:	a6068493          	addi	s1,a3,-1440 # 1aa60 <zeroes.0>
   14176:	a021                	j	1417e <_vfprintf_r+0x1d82>
   14178:	3ac1                	addiw	s5,s5,-16
   1417a:	0d5b5363          	bge	s6,s5,14240 <_vfprintf_r+0x1e44>
   1417e:	07c1                	addi	a5,a5,16
   14180:	2705                	addiw	a4,a4,1
   14182:	009bb023          	sd	s1,0(s7)
   14186:	016bb423          	sd	s6,8(s7)
   1418a:	f9be                	sd	a5,240(sp)
   1418c:	d5ba                	sw	a4,232(sp)
   1418e:	0bc1                	addi	s7,s7,16
   14190:	feedd4e3          	bge	s11,a4,14178 <_vfprintf_r+0x1d7c>
   14194:	65a2                	ld	a1,8(sp)
   14196:	6502                	ld	a0,0(sp)
   14198:	1190                	addi	a2,sp,224
   1419a:	3f2000ef          	jal	1458c <__sprint_r>
   1419e:	c119                	beqz	a0,141a4 <_vfprintf_r+0x1da8>
   141a0:	f37fe06f          	j	130d6 <_vfprintf_r+0xcda>
   141a4:	77ce                	ld	a5,240(sp)
   141a6:	572e                	lw	a4,232(sp)
   141a8:	8bce                	mv	s7,s3
   141aa:	b7f9                	j	14178 <_vfprintf_r+0x1d7c>
   141ac:	a7068693          	addi	a3,a3,-1424
   141b0:	ff9fe06f          	j	131a8 <_vfprintf_r+0xdac>
   141b4:	8526                	mv	a0,s1
   141b6:	85da                	mv	a1,s6
   141b8:	4601                	li	a2,0
   141ba:	4681                	li	a3,0
   141bc:	e0f2                	sd	t3,64(sp)
   141be:	fc3e                	sd	a5,56(sp)
   141c0:	026050ef          	jal	191e6 <__eqtf2>
   141c4:	77e2                	ld	a5,56(sp)
   141c6:	6e06                	ld	t3,64(sp)
   141c8:	1e050063          	beqz	a0,143a8 <_vfprintf_r+0x1fac>
   141cc:	7742                	ld	a4,48(sp)
   141ce:	68ae                	ld	a7,200(sp)
   141d0:	00e78c33          	add	s8,a5,a4
   141d4:	b988eae3          	bltu	a7,s8,13d68 <_vfprintf_r+0x196c>
   141d8:	40f888b3          	sub	a7,a7,a5
   141dc:	0008871b          	sext.w	a4,a7
   141e0:	54ca                	lw	s1,176(sp)
   141e2:	f83a                	sd	a4,48(sp)
   141e4:	b1a1                	j	13e2c <_vfprintf_r+0x1a30>
   141e6:	0a714503          	lbu	a0,167(sp)
   141ea:	4a81                	li	s5,0
   141ec:	cc517057          	vsetivli	zero,2,e8,mf8,ta,ma
   141f0:	c119                	beqz	a0,141f6 <_vfprintf_r+0x1dfa>
   141f2:	883fe06f          	j	12a74 <_vfprintf_r+0x678>
   141f6:	ffefe06f          	j	129f4 <_vfprintf_r+0x5f8>
   141fa:	a6068693          	addi	a3,a3,-1440
   141fe:	da9fe06f          	j	12fa6 <_vfprintf_r+0xbaa>
   14202:	c31c                	sw	a5,0(a4)
   14204:	ac2fe06f          	j	124c6 <_vfprintf_r+0xca>
   14208:	67e9                	lui	a5,0x1a
   1420a:	53078793          	addi	a5,a5,1328 # 1a530 <__clzdi2+0x11e>
   1420e:	f4eff06f          	j	1395c <_vfprintf_r+0x1560>
   14212:	57fd                	li	a5,-1
   14214:	17fe                	slli	a5,a5,0x3f
   14216:	8dbd                	xor	a1,a1,a5
   14218:	02d00793          	li	a5,45
   1421c:	ecbe                	sd	a5,88(sp)
   1421e:	f002                	sd	zero,32(sp)
   14220:	19bc                	addi	a5,sp,248
   14222:	d34fe06f          	j	12756 <_vfprintf_r+0x35a>
   14226:	0bc1                	addi	s7,s7,16
   14228:	d72ff06f          	j	1379a <_vfprintf_r+0x139e>
   1422c:	88d6                	mv	a7,s5
   1422e:	8856                	mv	a6,s5
   14230:	e082                	sd	zero,64(sp)
   14232:	4a81                	li	s5,0
   14234:	fc02                	sd	zero,56(sp)
   14236:	4481                	li	s1,0
   14238:	cc517057          	vsetivli	zero,2,e8,mf8,ta,ma
   1423c:	b6efe06f          	j	125aa <_vfprintf_r+0x1ae>
   14240:	884a                	mv	a6,s2
   14242:	893e                	mv	s2,a5
   14244:	77e2                	ld	a5,56(sp)
   14246:	8e62                	mv	t3,s8
   14248:	86a6                	mv	a3,s1
   1424a:	9956                	add	s2,s2,s5
   1424c:	2705                	addiw	a4,a4,1
   1424e:	00dbb023          	sd	a3,0(s7)
   14252:	f9ca                	sd	s2,240(sp)
   14254:	d5ba                	sw	a4,232(sp)
   14256:	015bb423          	sd	s5,8(s7)
   1425a:	469d                	li	a3,7
   1425c:	fce6d5e3          	bge	a3,a4,14226 <_vfprintf_r+0x1e2a>
   14260:	65a2                	ld	a1,8(sp)
   14262:	6502                	ld	a0,0(sp)
   14264:	1190                	addi	a2,sp,224
   14266:	ecc2                	sd	a6,88(sp)
   14268:	e0f2                	sd	t3,64(sp)
   1426a:	fc3e                	sd	a5,56(sp)
   1426c:	320000ef          	jal	1458c <__sprint_r>
   14270:	c119                	beqz	a0,14276 <_vfprintf_r+0x1e7a>
   14272:	e65fe06f          	j	130d6 <_vfprintf_r+0xcda>
   14276:	794e                	ld	s2,240(sp)
   14278:	572e                	lw	a4,232(sp)
   1427a:	6866                	ld	a6,88(sp)
   1427c:	6e06                	ld	t3,64(sp)
   1427e:	77e2                	ld	a5,56(sp)
   14280:	8bce                	mv	s7,s3
   14282:	d18ff06f          	j	1379a <_vfprintf_r+0x139e>
   14286:	76e2                	ld	a3,56(sp)
   14288:	8a85                	andi	a3,a3,1
   1428a:	c4068fe3          	beqz	a3,13ee8 <_vfprintf_r+0x1aec>
   1428e:	b991                	j	13ee2 <_vfprintf_r+0x1ae6>
   14290:	67e9                	lui	a5,0x1a
   14292:	54078793          	addi	a5,a5,1344 # 1a540 <__clzdi2+0x12e>
   14296:	bc11                	j	13caa <_vfprintf_r+0x18ae>
   14298:	06700d93          	li	s11,103
   1429c:	7666                	ld	a2,120(sp)
   1429e:	00064703          	lbu	a4,0(a2)
   142a2:	f0170693          	addi	a3,a4,-255
   142a6:	20068b63          	beqz	a3,144bc <_vfprintf_r+0x20c0>
   142aa:	20975963          	bge	a4,s1,144bc <_vfprintf_r+0x20c0>
   142ae:	46aa                	lw	a3,136(sp)
   142b0:	4801                	li	a6,0
   142b2:	4501                	li	a0,0
   142b4:	a809                	j	142c6 <_vfprintf_r+0x1eca>
   142b6:	2505                	addiw	a0,a0,1
   142b8:	0605                	addi	a2,a2,1
   142ba:	f0170593          	addi	a1,a4,-255
   142be:	2701                	sext.w	a4,a4
   142c0:	cdd1                	beqz	a1,1435c <_vfprintf_r+0x1f60>
   142c2:	08975d63          	bge	a4,s1,1435c <_vfprintf_r+0x1f60>
   142c6:	9c99                	subw	s1,s1,a4
   142c8:	00164703          	lbu	a4,1(a2)
   142cc:	f76d                	bnez	a4,142b6 <_vfprintf_r+0x1eba>
   142ce:	00064703          	lbu	a4,0(a2)
   142d2:	2805                	addiw	a6,a6,1
   142d4:	b7dd                	j	142ba <_vfprintf_r+0x1ebe>
   142d6:	40fc073b          	subw	a4,s8,a5
   142da:	54ca                	lw	s1,176(sp)
   142dc:	f83a                	sd	a4,48(sp)
   142de:	bc6d                	j	13d98 <_vfprintf_r+0x199c>
   142e0:	64a2                	ld	s1,8(sp)
   142e2:	e01fe06f          	j	130e2 <_vfprintf_r+0xce6>
   142e6:	67e9                	lui	a5,0x1a
   142e8:	54078793          	addi	a5,a5,1344 # 1a540 <__clzdi2+0x12e>
   142ec:	e70ff06f          	j	1395c <_vfprintf_r+0x1560>
   142f0:	8c5a                	mv	s8,s6
   142f2:	fffa8b1b          	addiw	s6,s5,-1
   142f6:	87e6                	mv	a5,s9
   142f8:	6b86                	ld	s7,64(sp)
   142fa:	7c86                	ld	s9,96(sp)
   142fc:	000b5463          	bgez	s6,14304 <_vfprintf_r+0x1f08>
   14300:	d76fe06f          	j	12876 <_vfprintf_r+0x47a>
   14304:	0c0076d7          	vsetvli	a3,zero,e8,m1,ta,ma
   14308:	03000613          	li	a2,48
   1430c:	5e0640d7          	vmv.v.x	v1,a2
   14310:	1a82                	slli	s5,s5,0x20
   14312:	020ada93          	srli	s5,s5,0x20
   14316:	86e2                	mv	a3,s8
   14318:	0c0af757          	vsetvli	a4,s5,e8,m1,ta,ma
   1431c:	020680a7          	vse8.v	v1,(a3)
   14320:	40ea8ab3          	sub	s5,s5,a4
   14324:	96ba                	add	a3,a3,a4
   14326:	fe0a99e3          	bnez	s5,14318 <_vfprintf_r+0x1f1c>
   1432a:	001c0813          	addi	a6,s8,1
   1432e:	01680c33          	add	s8,a6,s6
   14332:	d44fe06f          	j	12876 <_vfprintf_r+0x47a>
   14336:	02d00713          	li	a4,45
   1433a:	0ae10ca3          	sb	a4,185(sp)
   1433e:	56e1                	li	a3,-8
   14340:	4705                	li	a4,1
   14342:	9f05                	subw	a4,a4,s1
   14344:	b0d4c8e3          	blt	s1,a3,13e54 <_vfprintf_r+0x1a58>
   14348:	03000693          	li	a3,48
   1434c:	0ad10d23          	sb	a3,186(sp)
   14350:	fc72                	sd	t3,56(sp)
   14352:	f002                	sd	zero,32(sp)
   14354:	0bb10693          	addi	a3,sp,187
   14358:	d52fe06f          	j	128aa <_vfprintf_r+0x4ae>
   1435c:	00a8073b          	addw	a4,a6,a0
   14360:	02d7073b          	mulw	a4,a4,a3
   14364:	fcb2                	sd	a2,120(sp)
   14366:	fc2a                	sd	a0,56(sp)
   14368:	e0c2                	sd	a6,64(sp)
   1436a:	00e888bb          	addw	a7,a7,a4
   1436e:	8746                	mv	a4,a7
   14370:	0008d363          	bgez	a7,14376 <_vfprintf_r+0x1f7a>
   14374:	4701                	li	a4,0
   14376:	66e6                	ld	a3,88(sp)
   14378:	0007081b          	sext.w	a6,a4
   1437c:	c2f1                	beqz	a3,14440 <_vfprintf_r+0x2044>
   1437e:	02d00693          	li	a3,45
   14382:	7e02                	ld	t3,32(sp)
   14384:	0ad103a3          	sb	a3,167(sp)
   14388:	0017081b          	addiw	a6,a4,1
   1438c:	f002                	sd	zero,32(sp)
   1438e:	4a81                	li	s5,0
   14390:	cc517057          	vsetivli	zero,2,e8,mf8,ta,ma
   14394:	a16fe06f          	j	125aa <_vfprintf_r+0x1ae>
   14398:	6726                	ld	a4,72(sp)
   1439a:	009a88bb          	addw	a7,s5,s1
   1439e:	06600d93          	li	s11,102
   143a2:	00e888bb          	addw	a7,a7,a4
   143a6:	b429                	j	13db0 <_vfprintf_r+0x19b4>
   143a8:	54ca                	lw	s1,176(sp)
   143aa:	78c2                	ld	a7,48(sp)
   143ac:	b441                	j	13e2c <_vfprintf_r+0x1a30>
   143ae:	4601                	li	a2,0
   143b0:	4681                	li	a3,0
   143b2:	8526                	mv	a0,s1
   143b4:	85da                	mv	a1,s6
   143b6:	e0f2                	sd	t3,64(sp)
   143b8:	fc3e                	sd	a5,56(sp)
   143ba:	f83a                	sd	a4,48(sp)
   143bc:	62b040ef          	jal	191e6 <__eqtf2>
   143c0:	7742                	ld	a4,48(sp)
   143c2:	77e2                	ld	a5,56(sp)
   143c4:	6e06                	ld	t3,64(sp)
   143c6:	ed1d                	bnez	a0,14404 <_vfprintf_r+0x2008>
   143c8:	54ca                	lw	s1,176(sp)
   143ca:	9726                	add	a4,a4,s1
   143cc:	9f1d                	subw	a4,a4,a5
   143ce:	f83a                	sd	a4,48(sp)
   143d0:	b2c1                	j	13d90 <_vfprintf_r+0x1994>
   143d2:	6769                	lui	a4,0x1a
   143d4:	55070713          	addi	a4,a4,1360 # 1a550 <__clzdi2+0x13e>
   143d8:	f83a                	sd	a4,48(sp)
   143da:	bbefe06f          	j	12798 <_vfprintf_r+0x39c>
   143de:	e711                	bnez	a4,143ea <_vfprintf_r+0x1fee>
   143e0:	4805                	li	a6,1
   143e2:	88c2                	mv	a7,a6
   143e4:	06600d93          	li	s11,102
   143e8:	bae9                	j	13dc2 <_vfprintf_r+0x19c6>
   143ea:	6726                	ld	a4,72(sp)
   143ec:	0017089b          	addiw	a7,a4,1
   143f0:	015888bb          	addw	a7,a7,s5
   143f4:	0008881b          	sext.w	a6,a7
   143f8:	fe08d6e3          	bgez	a7,143e4 <_vfprintf_r+0x1fe8>
   143fc:	4801                	li	a6,0
   143fe:	06600d93          	li	s11,102
   14402:	b2c1                	j	13dc2 <_vfprintf_r+0x19c6>
   14404:	4685                	li	a3,1
   14406:	415686bb          	subw	a3,a3,s5
   1440a:	d936                	sw	a3,176(sp)
   1440c:	ba2d                	j	13d46 <_vfprintf_r+0x194a>
   1440e:	02d00713          	li	a4,45
   14412:	0ae10ca3          	sb	a4,185(sp)
   14416:	5661                	li	a2,-8
   14418:	4705                	li	a4,1
   1441a:	9f15                	subw	a4,a4,a3
   1441c:	a2c6cee3          	blt	a3,a2,13e58 <_vfprintf_r+0x1a5c>
   14420:	c86fe06f          	j	128a6 <_vfprintf_r+0x4aa>
   14424:	6762                	ld	a4,24(sp)
   14426:	431c                	lw	a5,0(a4)
   14428:	0721                	addi	a4,a4,8
   1442a:	00078a9b          	sext.w	s5,a5
   1442e:	0007d363          	bgez	a5,14434 <_vfprintf_r+0x2038>
   14432:	5afd                	li	s5,-1
   14434:	001cc303          	lbu	t1,1(s9)
   14438:	ec3a                	sd	a4,24(sp)
   1443a:	8cb2                	mv	s9,a2
   1443c:	8fcfe06f          	j	12538 <_vfprintf_r+0x13c>
   14440:	0a714683          	lbu	a3,167(sp)
   14444:	c2b1                	beqz	a3,14488 <_vfprintf_r+0x208c>
   14446:	7e02                	ld	t3,32(sp)
   14448:	0017081b          	addiw	a6,a4,1
   1444c:	f002                	sd	zero,32(sp)
   1444e:	4a81                	li	s5,0
   14450:	cc517057          	vsetivli	zero,2,e8,mf8,ta,ma
   14454:	956fe06f          	j	125aa <_vfprintf_r+0x1ae>
   14458:	1afe                	slli	s5,s5,0x3f
   1445a:	02d00793          	li	a5,45
   1445e:	015b4b33          	xor	s6,s6,s5
   14462:	ecbe                	sd	a5,88(sp)
   14464:	4a99                	li	s5,6
   14466:	b065                	j	13d0e <_vfprintf_r+0x1912>
   14468:	a6068693          	addi	a3,a3,-1440
   1446c:	906ff06f          	j	13572 <_vfprintf_r+0x1176>
   14470:	a6068693          	addi	a3,a3,-1440
   14474:	f0eff06f          	j	13b82 <_vfprintf_r+0x1786>
   14478:	4709                	li	a4,2
   1447a:	f4ba                	sd	a4,104(sp)
   1447c:	bca1                	j	13ed4 <_vfprintf_r+0x1ad8>
   1447e:	76c2                	ld	a3,48(sp)
   14480:	00a6c683          	lbu	a3,10(a3)
   14484:	beefe06f          	j	12872 <_vfprintf_r+0x476>
   14488:	7e02                	ld	t3,32(sp)
   1448a:	4a81                	li	s5,0
   1448c:	f002                	sd	zero,32(sp)
   1448e:	cc517057          	vsetivli	zero,2,e8,mf8,ta,ma
   14492:	918fe06f          	j	125aa <_vfprintf_r+0x1ae>
   14496:	40f8873b          	subw	a4,a7,a5
   1449a:	54ca                	lw	s1,176(sp)
   1449c:	f83a                	sd	a4,48(sp)
   1449e:	b8cd                	j	13d90 <_vfprintf_r+0x1994>
   144a0:	66ed                	lui	a3,0x1b
   144a2:	a6068693          	addi	a3,a3,-1440 # 1aa60 <zeroes.0>
   144a6:	b355                	j	1424a <_vfprintf_r+0x1e4e>
   144a8:	4a81                	li	s5,0
   144aa:	e082                	sd	zero,64(sp)
   144ac:	fc02                	sd	zero,56(sp)
   144ae:	f002                	sd	zero,32(sp)
   144b0:	488d                	li	a7,3
   144b2:	4811                	li	a6,4
   144b4:	cc517057          	vsetivli	zero,2,e8,mf8,ta,ma
   144b8:	8f2fe06f          	j	125aa <_vfprintf_r+0x1ae>
   144bc:	4701                	li	a4,0
   144be:	e082                	sd	zero,64(sp)
   144c0:	fc02                	sd	zero,56(sp)
   144c2:	b565                	j	1436a <_vfprintf_r+0x1f6e>
   144c4:	7742                	ld	a4,48(sp)
   144c6:	00e78c33          	add	s8,a5,a4
   144ca:	bc65                	j	13f82 <_vfprintf_r+0x1b86>
   144cc:	e082                	sd	zero,64(sp)
   144ce:	fc02                	sd	zero,56(sp)
   144d0:	8dafe06f          	j	125aa <_vfprintf_r+0x1ae>
   144d4:	64a2                	ld	s1,8(sp)
   144d6:	0104d783          	lhu	a5,16(s1)
   144da:	0407e793          	ori	a5,a5,64
   144de:	00f49823          	sh	a5,16(s1)
   144e2:	c01fe06f          	j	130e2 <_vfprintf_r+0xce6>
   144e6:	54ca                	lw	s1,176(sp)
   144e8:	ba81                	j	13e38 <_vfprintf_r+0x1a3c>

00000000000144ea <vfprintf>:
   144ea:	872a                	mv	a4,a0
   144ec:	2281b503          	ld	a0,552(gp) # 1bbf8 <_impure_ptr>
   144f0:	86b2                	mv	a3,a2
   144f2:	862e                	mv	a2,a1
   144f4:	85ba                	mv	a1,a4
   144f6:	f07fd06f          	j	123fc <_vfprintf_r>

00000000000144fa <__sbprintf>:
   144fa:	0105d783          	lhu	a5,16(a1)
   144fe:	0ac5ae83          	lw	t4,172(a1)
   14502:	0125de03          	lhu	t3,18(a1)
   14506:	0305b303          	ld	t1,48(a1)
   1450a:	0405b883          	ld	a7,64(a1)
   1450e:	b2010113          	addi	sp,sp,-1248
   14512:	9bf5                	andi	a5,a5,-3
   14514:	0c010813          	addi	a6,sp,192
   14518:	40000713          	li	a4,1024
   1451c:	4c813823          	sd	s0,1232(sp)
   14520:	842e                	mv	s0,a1
   14522:	080c                	addi	a1,sp,16
   14524:	4c913423          	sd	s1,1224(sp)
   14528:	02f11023          	sh	a5,32(sp)
   1452c:	4c113c23          	sd	ra,1240(sp)
   14530:	dc02                	sw	zero,56(sp)
   14532:	df76                	sw	t4,188(sp)
   14534:	03c11123          	sh	t3,34(sp)
   14538:	e09a                	sd	t1,64(sp)
   1453a:	e8c6                	sd	a7,80(sp)
   1453c:	e842                	sd	a6,16(sp)
   1453e:	f442                	sd	a6,40(sp)
   14540:	ce3a                	sw	a4,28(sp)
   14542:	d83a                	sw	a4,48(sp)
   14544:	84aa                	mv	s1,a0
   14546:	eb7fd0ef          	jal	123fc <_vfprintf_r>
   1454a:	87aa                	mv	a5,a0
   1454c:	02055763          	bgez	a0,1457a <__sbprintf+0x80>
   14550:	02015703          	lhu	a4,32(sp)
   14554:	04077713          	andi	a4,a4,64
   14558:	c719                	beqz	a4,14566 <__sbprintf+0x6c>
   1455a:	01045703          	lhu	a4,16(s0)
   1455e:	04076713          	ori	a4,a4,64
   14562:	00e41823          	sh	a4,16(s0)
   14566:	4d813083          	ld	ra,1240(sp)
   1456a:	4d013403          	ld	s0,1232(sp)
   1456e:	4c813483          	ld	s1,1224(sp)
   14572:	853e                	mv	a0,a5
   14574:	4e010113          	addi	sp,sp,1248
   14578:	8082                	ret
   1457a:	e42a                	sd	a0,8(sp)
   1457c:	080c                	addi	a1,sp,16
   1457e:	8526                	mv	a0,s1
   14580:	27c000ef          	jal	147fc <_fflush_r>
   14584:	67a2                	ld	a5,8(sp)
   14586:	d569                	beqz	a0,14550 <__sbprintf+0x56>
   14588:	57fd                	li	a5,-1
   1458a:	b7d9                	j	14550 <__sbprintf+0x56>

000000000001458c <__sprint_r>:
   1458c:	6a18                	ld	a4,16(a2)
   1458e:	e709                	bnez	a4,14598 <__sprint_r+0xc>
   14590:	4501                	li	a0,0
   14592:	00062423          	sw	zero,8(a2)
   14596:	8082                	ret
   14598:	1101                	addi	sp,sp,-32
   1459a:	ec06                	sd	ra,24(sp)
   1459c:	e432                	sd	a2,8(sp)
   1459e:	2ea000ef          	jal	14888 <__sfvwrite_r>
   145a2:	67a2                	ld	a5,8(sp)
   145a4:	60e2                	ld	ra,24(sp)
   145a6:	0007b823          	sd	zero,16(a5)
   145aa:	0007a423          	sw	zero,8(a5)
   145ae:	6105                	addi	sp,sp,32
   145b0:	8082                	ret

00000000000145b2 <_fclose_r>:
   145b2:	1101                	addi	sp,sp,-32
   145b4:	ec06                	sd	ra,24(sp)
   145b6:	e04a                	sd	s2,0(sp)
   145b8:	cd89                	beqz	a1,145d2 <_fclose_r+0x20>
   145ba:	e822                	sd	s0,16(sp)
   145bc:	e426                	sd	s1,8(sp)
   145be:	842e                	mv	s0,a1
   145c0:	84aa                	mv	s1,a0
   145c2:	c119                	beqz	a0,145c8 <_fclose_r+0x16>
   145c4:	653c                	ld	a5,72(a0)
   145c6:	c7d9                	beqz	a5,14654 <_fclose_r+0xa2>
   145c8:	01041783          	lh	a5,16(s0)
   145cc:	eb89                	bnez	a5,145de <_fclose_r+0x2c>
   145ce:	6442                	ld	s0,16(sp)
   145d0:	64a2                	ld	s1,8(sp)
   145d2:	60e2                	ld	ra,24(sp)
   145d4:	4901                	li	s2,0
   145d6:	854a                	mv	a0,s2
   145d8:	6902                	ld	s2,0(sp)
   145da:	6105                	addi	sp,sp,32
   145dc:	8082                	ret
   145de:	85a2                	mv	a1,s0
   145e0:	8526                	mv	a0,s1
   145e2:	080000ef          	jal	14662 <__sflush_r>
   145e6:	683c                	ld	a5,80(s0)
   145e8:	892a                	mv	s2,a0
   145ea:	c791                	beqz	a5,145f6 <_fclose_r+0x44>
   145ec:	780c                	ld	a1,48(s0)
   145ee:	8526                	mv	a0,s1
   145f0:	9782                	jalr	a5
   145f2:	04054663          	bltz	a0,1463e <_fclose_r+0x8c>
   145f6:	01045783          	lhu	a5,16(s0)
   145fa:	0807f793          	andi	a5,a5,128
   145fe:	e7b1                	bnez	a5,1464a <_fclose_r+0x98>
   14600:	6c2c                	ld	a1,88(s0)
   14602:	c991                	beqz	a1,14616 <_fclose_r+0x64>
   14604:	07440793          	addi	a5,s0,116
   14608:	00f58563          	beq	a1,a5,14612 <_fclose_r+0x60>
   1460c:	8526                	mv	a0,s1
   1460e:	bb3fd0ef          	jal	121c0 <_free_r>
   14612:	04043c23          	sd	zero,88(s0)
   14616:	7c2c                	ld	a1,120(s0)
   14618:	c591                	beqz	a1,14624 <_fclose_r+0x72>
   1461a:	8526                	mv	a0,s1
   1461c:	ba5fd0ef          	jal	121c0 <_free_r>
   14620:	06043c23          	sd	zero,120(s0)
   14624:	bf8fd0ef          	jal	11a1c <__sfp_lock_acquire>
   14628:	00041823          	sh	zero,16(s0)
   1462c:	bf2fd0ef          	jal	11a1e <__sfp_lock_release>
   14630:	60e2                	ld	ra,24(sp)
   14632:	6442                	ld	s0,16(sp)
   14634:	64a2                	ld	s1,8(sp)
   14636:	854a                	mv	a0,s2
   14638:	6902                	ld	s2,0(sp)
   1463a:	6105                	addi	sp,sp,32
   1463c:	8082                	ret
   1463e:	01045783          	lhu	a5,16(s0)
   14642:	597d                	li	s2,-1
   14644:	0807f793          	andi	a5,a5,128
   14648:	dfc5                	beqz	a5,14600 <_fclose_r+0x4e>
   1464a:	6c0c                	ld	a1,24(s0)
   1464c:	8526                	mv	a0,s1
   1464e:	b73fd0ef          	jal	121c0 <_free_r>
   14652:	b77d                	j	14600 <_fclose_r+0x4e>
   14654:	bb2fd0ef          	jal	11a06 <__sinit>
   14658:	bf85                	j	145c8 <_fclose_r+0x16>

000000000001465a <fclose>:
   1465a:	85aa                	mv	a1,a0
   1465c:	2281b503          	ld	a0,552(gp) # 1bbf8 <_impure_ptr>
   14660:	bf89                	j	145b2 <_fclose_r>

0000000000014662 <__sflush_r>:
   14662:	01059703          	lh	a4,16(a1)
   14666:	7179                	addi	sp,sp,-48
   14668:	f022                	sd	s0,32(sp)
   1466a:	e44e                	sd	s3,8(sp)
   1466c:	f406                	sd	ra,40(sp)
   1466e:	00877793          	andi	a5,a4,8
   14672:	842e                	mv	s0,a1
   14674:	89aa                	mv	s3,a0
   14676:	e7f1                	bnez	a5,14742 <__sflush_r+0xe0>
   14678:	6785                	lui	a5,0x1
   1467a:	80078793          	addi	a5,a5,-2048 # 800 <exit-0xf920>
   1467e:	4594                	lw	a3,8(a1)
   14680:	8fd9                	or	a5,a5,a4
   14682:	00f59823          	sh	a5,16(a1)
   14686:	10d05b63          	blez	a3,1479c <__sflush_r+0x13a>
   1468a:	04843803          	ld	a6,72(s0)
   1468e:	0a080463          	beqz	a6,14736 <__sflush_r+0xd4>
   14692:	ec26                	sd	s1,24(sp)
   14694:	03371693          	slli	a3,a4,0x33
   14698:	0009a483          	lw	s1,0(s3)
   1469c:	0009a023          	sw	zero,0(s3)
   146a0:	1006c563          	bltz	a3,147aa <__sflush_r+0x148>
   146a4:	780c                	ld	a1,48(s0)
   146a6:	4601                	li	a2,0
   146a8:	4685                	li	a3,1
   146aa:	854e                	mv	a0,s3
   146ac:	9802                	jalr	a6
   146ae:	57fd                	li	a5,-1
   146b0:	862a                	mv	a2,a0
   146b2:	12f50363          	beq	a0,a5,147d8 <__sflush_r+0x176>
   146b6:	01041783          	lh	a5,16(s0)
   146ba:	04843803          	ld	a6,72(s0)
   146be:	8b91                	andi	a5,a5,4
   146c0:	c799                	beqz	a5,146ce <__sflush_r+0x6c>
   146c2:	4418                	lw	a4,8(s0)
   146c4:	6c3c                	ld	a5,88(s0)
   146c6:	8e19                	sub	a2,a2,a4
   146c8:	c399                	beqz	a5,146ce <__sflush_r+0x6c>
   146ca:	583c                	lw	a5,112(s0)
   146cc:	8e1d                	sub	a2,a2,a5
   146ce:	780c                	ld	a1,48(s0)
   146d0:	4681                	li	a3,0
   146d2:	854e                	mv	a0,s3
   146d4:	9802                	jalr	a6
   146d6:	577d                	li	a4,-1
   146d8:	01041783          	lh	a5,16(s0)
   146dc:	0ce51963          	bne	a0,a4,147ae <__sflush_r+0x14c>
   146e0:	0009a683          	lw	a3,0(s3)
   146e4:	4775                	li	a4,29
   146e6:	10d76463          	bltu	a4,a3,147ee <__sflush_r+0x18c>
   146ea:	20400737          	lui	a4,0x20400
   146ee:	0705                	addi	a4,a4,1 # 20400001 <__BSS_END__+0x203e3e31>
   146f0:	00d75733          	srl	a4,a4,a3
   146f4:	8b05                	andi	a4,a4,1
   146f6:	cf65                	beqz	a4,147ee <__sflush_r+0x18c>
   146f8:	6c14                	ld	a3,24(s0)
   146fa:	777d                	lui	a4,0xfffff
   146fc:	7ff70713          	addi	a4,a4,2047 # fffffffffffff7ff <__BSS_END__+0xfffffffffffe362f>
   14700:	8f7d                	and	a4,a4,a5
   14702:	00e41823          	sh	a4,16(s0)
   14706:	00042423          	sw	zero,8(s0)
   1470a:	e014                	sd	a3,0(s0)
   1470c:	03379713          	slli	a4,a5,0x33
   14710:	00075563          	bgez	a4,1471a <__sflush_r+0xb8>
   14714:	0009a783          	lw	a5,0(s3)
   14718:	cbcd                	beqz	a5,147ca <__sflush_r+0x168>
   1471a:	6c2c                	ld	a1,88(s0)
   1471c:	0099a023          	sw	s1,0(s3)
   14720:	c9d5                	beqz	a1,147d4 <__sflush_r+0x172>
   14722:	07440793          	addi	a5,s0,116
   14726:	00f58563          	beq	a1,a5,14730 <__sflush_r+0xce>
   1472a:	854e                	mv	a0,s3
   1472c:	a95fd0ef          	jal	121c0 <_free_r>
   14730:	64e2                	ld	s1,24(sp)
   14732:	04043c23          	sd	zero,88(s0)
   14736:	70a2                	ld	ra,40(sp)
   14738:	7402                	ld	s0,32(sp)
   1473a:	69a2                	ld	s3,8(sp)
   1473c:	4501                	li	a0,0
   1473e:	6145                	addi	sp,sp,48
   14740:	8082                	ret
   14742:	e84a                	sd	s2,16(sp)
   14744:	0185b903          	ld	s2,24(a1)
   14748:	04090f63          	beqz	s2,147a6 <__sflush_r+0x144>
   1474c:	ec26                	sd	s1,24(sp)
   1474e:	6184                	ld	s1,0(a1)
   14750:	8b0d                	andi	a4,a4,3
   14752:	0125b023          	sd	s2,0(a1)
   14756:	412484bb          	subw	s1,s1,s2
   1475a:	4781                	li	a5,0
   1475c:	e311                	bnez	a4,14760 <__sflush_r+0xfe>
   1475e:	519c                	lw	a5,32(a1)
   14760:	c45c                	sw	a5,12(s0)
   14762:	00904663          	bgtz	s1,1476e <__sflush_r+0x10c>
   14766:	a83d                	j	147a4 <__sflush_r+0x142>
   14768:	992a                	add	s2,s2,a0
   1476a:	02905d63          	blez	s1,147a4 <__sflush_r+0x142>
   1476e:	603c                	ld	a5,64(s0)
   14770:	780c                	ld	a1,48(s0)
   14772:	86a6                	mv	a3,s1
   14774:	864a                	mv	a2,s2
   14776:	854e                	mv	a0,s3
   14778:	9782                	jalr	a5
   1477a:	9c89                	subw	s1,s1,a0
   1477c:	fea046e3          	bgtz	a0,14768 <__sflush_r+0x106>
   14780:	01045783          	lhu	a5,16(s0)
   14784:	6942                	ld	s2,16(sp)
   14786:	0407e793          	ori	a5,a5,64
   1478a:	70a2                	ld	ra,40(sp)
   1478c:	00f41823          	sh	a5,16(s0)
   14790:	7402                	ld	s0,32(sp)
   14792:	64e2                	ld	s1,24(sp)
   14794:	69a2                	ld	s3,8(sp)
   14796:	557d                	li	a0,-1
   14798:	6145                	addi	sp,sp,48
   1479a:	8082                	ret
   1479c:	59b4                	lw	a3,112(a1)
   1479e:	eed046e3          	bgtz	a3,1468a <__sflush_r+0x28>
   147a2:	bf51                	j	14736 <__sflush_r+0xd4>
   147a4:	64e2                	ld	s1,24(sp)
   147a6:	6942                	ld	s2,16(sp)
   147a8:	b779                	j	14736 <__sflush_r+0xd4>
   147aa:	6850                	ld	a2,144(s0)
   147ac:	bf09                	j	146be <__sflush_r+0x5c>
   147ae:	6c14                	ld	a3,24(s0)
   147b0:	777d                	lui	a4,0xfffff
   147b2:	7ff70713          	addi	a4,a4,2047 # fffffffffffff7ff <__BSS_END__+0xfffffffffffe362f>
   147b6:	8f7d                	and	a4,a4,a5
   147b8:	00e41823          	sh	a4,16(s0)
   147bc:	00042423          	sw	zero,8(s0)
   147c0:	e014                	sd	a3,0(s0)
   147c2:	03379713          	slli	a4,a5,0x33
   147c6:	f4075ae3          	bgez	a4,1471a <__sflush_r+0xb8>
   147ca:	6c2c                	ld	a1,88(s0)
   147cc:	e848                	sd	a0,144(s0)
   147ce:	0099a023          	sw	s1,0(s3)
   147d2:	f9a1                	bnez	a1,14722 <__sflush_r+0xc0>
   147d4:	64e2                	ld	s1,24(sp)
   147d6:	b785                	j	14736 <__sflush_r+0xd4>
   147d8:	0009a783          	lw	a5,0(s3)
   147dc:	ec078de3          	beqz	a5,146b6 <__sflush_r+0x54>
   147e0:	fe378713          	addi	a4,a5,-29
   147e4:	cb01                	beqz	a4,147f4 <__sflush_r+0x192>
   147e6:	17a9                	addi	a5,a5,-22
   147e8:	c791                	beqz	a5,147f4 <__sflush_r+0x192>
   147ea:	01045783          	lhu	a5,16(s0)
   147ee:	0407e793          	ori	a5,a5,64
   147f2:	bf61                	j	1478a <__sflush_r+0x128>
   147f4:	0099a023          	sw	s1,0(s3)
   147f8:	64e2                	ld	s1,24(sp)
   147fa:	bf35                	j	14736 <__sflush_r+0xd4>

00000000000147fc <_fflush_r>:
   147fc:	87aa                	mv	a5,a0
   147fe:	c119                	beqz	a0,14804 <_fflush_r+0x8>
   14800:	6538                	ld	a4,72(a0)
   14802:	cb01                	beqz	a4,14812 <_fflush_r+0x16>
   14804:	01059703          	lh	a4,16(a1)
   14808:	e319                	bnez	a4,1480e <_fflush_r+0x12>
   1480a:	4501                	li	a0,0
   1480c:	8082                	ret
   1480e:	853e                	mv	a0,a5
   14810:	bd89                	j	14662 <__sflush_r>
   14812:	1101                	addi	sp,sp,-32
   14814:	e42e                	sd	a1,8(sp)
   14816:	ec06                	sd	ra,24(sp)
   14818:	e02a                	sd	a0,0(sp)
   1481a:	9ecfd0ef          	jal	11a06 <__sinit>
   1481e:	65a2                	ld	a1,8(sp)
   14820:	6782                	ld	a5,0(sp)
   14822:	01059703          	lh	a4,16(a1)
   14826:	c709                	beqz	a4,14830 <_fflush_r+0x34>
   14828:	60e2                	ld	ra,24(sp)
   1482a:	853e                	mv	a0,a5
   1482c:	6105                	addi	sp,sp,32
   1482e:	bd15                	j	14662 <__sflush_r>
   14830:	60e2                	ld	ra,24(sp)
   14832:	4501                	li	a0,0
   14834:	6105                	addi	sp,sp,32
   14836:	8082                	ret

0000000000014838 <fflush>:
   14838:	cd05                	beqz	a0,14870 <fflush+0x38>
   1483a:	85aa                	mv	a1,a0
   1483c:	2281b503          	ld	a0,552(gp) # 1bbf8 <_impure_ptr>
   14840:	c119                	beqz	a0,14846 <fflush+0xe>
   14842:	653c                	ld	a5,72(a0)
   14844:	c799                	beqz	a5,14852 <fflush+0x1a>
   14846:	01059783          	lh	a5,16(a1)
   1484a:	e399                	bnez	a5,14850 <fflush+0x18>
   1484c:	4501                	li	a0,0
   1484e:	8082                	ret
   14850:	bd09                	j	14662 <__sflush_r>
   14852:	1101                	addi	sp,sp,-32
   14854:	e42e                	sd	a1,8(sp)
   14856:	e02a                	sd	a0,0(sp)
   14858:	ec06                	sd	ra,24(sp)
   1485a:	9acfd0ef          	jal	11a06 <__sinit>
   1485e:	65a2                	ld	a1,8(sp)
   14860:	6502                	ld	a0,0(sp)
   14862:	01059783          	lh	a5,16(a1)
   14866:	ef91                	bnez	a5,14882 <fflush+0x4a>
   14868:	60e2                	ld	ra,24(sp)
   1486a:	4501                	li	a0,0
   1486c:	6105                	addi	sp,sp,32
   1486e:	8082                	ret
   14870:	65d1                	lui	a1,0x14
   14872:	e5818613          	addi	a2,gp,-424 # 1b828 <__sglue>
   14876:	7fc58593          	addi	a1,a1,2044 # 147fc <_fflush_r>
   1487a:	e7018513          	addi	a0,gp,-400 # 1b840 <_impure_data>
   1487e:	9befd06f          	j	11a3c <_fwalk_sglue>
   14882:	60e2                	ld	ra,24(sp)
   14884:	6105                	addi	sp,sp,32
   14886:	bbf1                	j	14662 <__sflush_r>

0000000000014888 <__sfvwrite_r>:
   14888:	6a1c                	ld	a5,16(a2)
   1488a:	18078d63          	beqz	a5,14a24 <__sfvwrite_r+0x19c>
   1488e:	01059683          	lh	a3,16(a1)
   14892:	711d                	addi	sp,sp,-96
   14894:	e8a2                	sd	s0,80(sp)
   14896:	f852                	sd	s4,48(sp)
   14898:	f456                	sd	s5,40(sp)
   1489a:	ec86                	sd	ra,88(sp)
   1489c:	0086f793          	andi	a5,a3,8
   148a0:	842e                	mv	s0,a1
   148a2:	8aaa                	mv	s5,a0
   148a4:	8a32                	mv	s4,a2
   148a6:	c7bd                	beqz	a5,14914 <__sfvwrite_r+0x8c>
   148a8:	6d9c                	ld	a5,24(a1)
   148aa:	c7ad                	beqz	a5,14914 <__sfvwrite_r+0x8c>
   148ac:	e4a6                	sd	s1,72(sp)
   148ae:	e0ca                	sd	s2,64(sp)
   148b0:	fc4e                	sd	s3,56(sp)
   148b2:	f05a                	sd	s6,32(sp)
   148b4:	0026f793          	andi	a5,a3,2
   148b8:	000a3483          	ld	s1,0(s4)
   148bc:	cfad                	beqz	a5,14936 <__sfvwrite_r+0xae>
   148be:	80000b37          	lui	s6,0x80000
   148c2:	c00b4b13          	xori	s6,s6,-1024
   148c6:	4981                	li	s3,0
   148c8:	4901                	li	s2,0
   148ca:	864e                	mv	a2,s3
   148cc:	8556                	mv	a0,s5
   148ce:	14090563          	beqz	s2,14a18 <__sfvwrite_r+0x190>
   148d2:	86ca                	mv	a3,s2
   148d4:	012b7663          	bgeu	s6,s2,148e0 <__sfvwrite_r+0x58>
   148d8:	800006b7          	lui	a3,0x80000
   148dc:	c006c693          	xori	a3,a3,-1024
   148e0:	603c                	ld	a5,64(s0)
   148e2:	780c                	ld	a1,48(s0)
   148e4:	2681                	sext.w	a3,a3
   148e6:	9782                	jalr	a5
   148e8:	2ea05363          	blez	a0,14bce <__sfvwrite_r+0x346>
   148ec:	010a3783          	ld	a5,16(s4)
   148f0:	99aa                	add	s3,s3,a0
   148f2:	40a90933          	sub	s2,s2,a0
   148f6:	8f89                	sub	a5,a5,a0
   148f8:	00fa3823          	sd	a5,16(s4)
   148fc:	f7f9                	bnez	a5,148ca <__sfvwrite_r+0x42>
   148fe:	64a6                	ld	s1,72(sp)
   14900:	6906                	ld	s2,64(sp)
   14902:	79e2                	ld	s3,56(sp)
   14904:	7b02                	ld	s6,32(sp)
   14906:	4501                	li	a0,0
   14908:	60e6                	ld	ra,88(sp)
   1490a:	6446                	ld	s0,80(sp)
   1490c:	7a42                	ld	s4,48(sp)
   1490e:	7aa2                	ld	s5,40(sp)
   14910:	6125                	addi	sp,sp,96
   14912:	8082                	ret
   14914:	85a2                	mv	a1,s0
   14916:	8556                	mv	a0,s5
   14918:	2ce000ef          	jal	14be6 <__swsetup_r>
   1491c:	1e051263          	bnez	a0,14b00 <__sfvwrite_r+0x278>
   14920:	01041683          	lh	a3,16(s0)
   14924:	e4a6                	sd	s1,72(sp)
   14926:	e0ca                	sd	s2,64(sp)
   14928:	fc4e                	sd	s3,56(sp)
   1492a:	f05a                	sd	s6,32(sp)
   1492c:	0026f793          	andi	a5,a3,2
   14930:	000a3483          	ld	s1,0(s4)
   14934:	f7c9                	bnez	a5,148be <__sfvwrite_r+0x36>
   14936:	ec5e                	sd	s7,24(sp)
   14938:	e862                	sd	s8,16(sp)
   1493a:	e466                	sd	s9,8(sp)
   1493c:	0016f793          	andi	a5,a3,1
   14940:	e7e5                	bnez	a5,14a28 <__sfvwrite_r+0x1a0>
   14942:	601c                	ld	a5,0(s0)
   14944:	80000737          	lui	a4,0x80000
   14948:	fff74c13          	not	s8,a4
   1494c:	4b01                	li	s6,0
   1494e:	4981                	li	s3,0
   14950:	0a098e63          	beqz	s3,14a0c <__sfvwrite_r+0x184>
   14954:	2006f713          	andi	a4,a3,512
   14958:	00c42903          	lw	s2,12(s0)
   1495c:	853e                	mv	a0,a5
   1495e:	1a070363          	beqz	a4,14b04 <__sfvwrite_r+0x27c>
   14962:	0729ee63          	bltu	s3,s2,149de <__sfvwrite_r+0x156>
   14966:	4806f713          	andi	a4,a3,1152
   1496a:	8bca                	mv	s7,s2
   1496c:	cb3d                	beqz	a4,149e2 <__sfvwrite_r+0x15a>
   1496e:	5010                	lw	a2,32(s0)
   14970:	6c0c                	ld	a1,24(s0)
   14972:	0016171b          	slliw	a4,a2,0x1
   14976:	9f31                	addw	a4,a4,a2
   14978:	8f8d                	sub	a5,a5,a1
   1497a:	01f7591b          	srliw	s2,a4,0x1f
   1497e:	00078b9b          	sext.w	s7,a5
   14982:	00e9093b          	addw	s2,s2,a4
   14986:	001b8713          	addi	a4,s7,1
   1498a:	4019591b          	sraiw	s2,s2,0x1
   1498e:	974e                	add	a4,a4,s3
   14990:	00e97563          	bgeu	s2,a4,1499a <__sfvwrite_r+0x112>
   14994:	2785                	addiw	a5,a5,1
   14996:	0137893b          	addw	s2,a5,s3
   1499a:	4006f693          	andi	a3,a3,1024
   1499e:	1e068b63          	beqz	a3,14b94 <__sfvwrite_r+0x30c>
   149a2:	85ca                	mv	a1,s2
   149a4:	8556                	mv	a0,s5
   149a6:	af0fc0ef          	jal	10c96 <_malloc_r>
   149aa:	8caa                	mv	s9,a0
   149ac:	22050463          	beqz	a0,14bd4 <__sfvwrite_r+0x34c>
   149b0:	6c0c                	ld	a1,24(s0)
   149b2:	865e                	mv	a2,s7
   149b4:	564000ef          	jal	14f18 <memcpy>
   149b8:	01045703          	lhu	a4,16(s0)
   149bc:	b7f77713          	andi	a4,a4,-1153
   149c0:	08076713          	ori	a4,a4,128
   149c4:	00e41823          	sh	a4,16(s0)
   149c8:	017c8533          	add	a0,s9,s7
   149cc:	41790bbb          	subw	s7,s2,s7
   149d0:	01943c23          	sd	s9,24(s0)
   149d4:	e008                	sd	a0,0(s0)
   149d6:	01742623          	sw	s7,12(s0)
   149da:	03242023          	sw	s2,32(s0)
   149de:	8bce                	mv	s7,s3
   149e0:	894e                	mv	s2,s3
   149e2:	85da                	mv	a1,s6
   149e4:	864a                	mv	a2,s2
   149e6:	450000ef          	jal	14e36 <memmove>
   149ea:	4454                	lw	a3,12(s0)
   149ec:	601c                	ld	a5,0(s0)
   149ee:	010a3703          	ld	a4,16(s4)
   149f2:	417686bb          	subw	a3,a3,s7
   149f6:	97ca                	add	a5,a5,s2
   149f8:	c454                	sw	a3,12(s0)
   149fa:	e01c                	sd	a5,0(s0)
   149fc:	41370733          	sub	a4,a4,s3
   14a00:	00ea3823          	sd	a4,16(s4)
   14a04:	1c070163          	beqz	a4,14bc6 <__sfvwrite_r+0x33e>
   14a08:	01041683          	lh	a3,16(s0)
   14a0c:	0004bb03          	ld	s6,0(s1)
   14a10:	0084b983          	ld	s3,8(s1)
   14a14:	04c1                	addi	s1,s1,16
   14a16:	bf2d                	j	14950 <__sfvwrite_r+0xc8>
   14a18:	0004b983          	ld	s3,0(s1)
   14a1c:	0084b903          	ld	s2,8(s1)
   14a20:	04c1                	addi	s1,s1,16
   14a22:	b565                	j	148ca <__sfvwrite_r+0x42>
   14a24:	4501                	li	a0,0
   14a26:	8082                	ret
   14a28:	4b81                	li	s7,0
   14a2a:	4c01                	li	s8,0
   14a2c:	4501                	li	a0,0
   14a2e:	4c81                	li	s9,0
   14a30:	060b8063          	beqz	s7,14a90 <__sfvwrite_r+0x208>
   14a34:	c535                	beqz	a0,14aa0 <__sfvwrite_r+0x218>
   14a36:	8b62                	mv	s6,s8
   14a38:	018bf363          	bgeu	s7,s8,14a3e <__sfvwrite_r+0x1b6>
   14a3c:	8b5e                	mv	s6,s7
   14a3e:	5014                	lw	a3,32(s0)
   14a40:	445c                	lw	a5,12(s0)
   14a42:	6008                	ld	a0,0(s0)
   14a44:	6c18                	ld	a4,24(s0)
   14a46:	00d789bb          	addw	s3,a5,a3
   14a4a:	895a                	mv	s2,s6
   14a4c:	00a77463          	bgeu	a4,a0,14a54 <__sfvwrite_r+0x1cc>
   14a50:	0769c363          	blt	s3,s6,14ab6 <__sfvwrite_r+0x22e>
   14a54:	12db4263          	blt	s6,a3,14b78 <__sfvwrite_r+0x2f0>
   14a58:	603c                	ld	a5,64(s0)
   14a5a:	780c                	ld	a1,48(s0)
   14a5c:	8666                	mv	a2,s9
   14a5e:	8556                	mv	a0,s5
   14a60:	9782                	jalr	a5
   14a62:	892a                	mv	s2,a0
   14a64:	08a05163          	blez	a0,14ae6 <__sfvwrite_r+0x25e>
   14a68:	0005079b          	sext.w	a5,a0
   14a6c:	40fc0c3b          	subw	s8,s8,a5
   14a70:	4505                	li	a0,1
   14a72:	060c0563          	beqz	s8,14adc <__sfvwrite_r+0x254>
   14a76:	010a3783          	ld	a5,16(s4)
   14a7a:	412787b3          	sub	a5,a5,s2
   14a7e:	00fa3823          	sd	a5,16(s4)
   14a82:	14078263          	beqz	a5,14bc6 <__sfvwrite_r+0x33e>
   14a86:	412b8bb3          	sub	s7,s7,s2
   14a8a:	9cca                	add	s9,s9,s2
   14a8c:	fa0b94e3          	bnez	s7,14a34 <__sfvwrite_r+0x1ac>
   14a90:	0084bb83          	ld	s7,8(s1)
   14a94:	87a6                	mv	a5,s1
   14a96:	04c1                	addi	s1,s1,16
   14a98:	fe0b8ce3          	beqz	s7,14a90 <__sfvwrite_r+0x208>
   14a9c:	0007bc83          	ld	s9,0(a5)
   14aa0:	865e                	mv	a2,s7
   14aa2:	45a9                	li	a1,10
   14aa4:	8566                	mv	a0,s9
   14aa6:	230000ef          	jal	14cd6 <memchr>
   14aaa:	10050b63          	beqz	a0,14bc0 <__sfvwrite_r+0x338>
   14aae:	0505                	addi	a0,a0,1
   14ab0:	41950c3b          	subw	s8,a0,s9
   14ab4:	b749                	j	14a36 <__sfvwrite_r+0x1ae>
   14ab6:	85e6                	mv	a1,s9
   14ab8:	864e                	mv	a2,s3
   14aba:	37c000ef          	jal	14e36 <memmove>
   14abe:	601c                	ld	a5,0(s0)
   14ac0:	85a2                	mv	a1,s0
   14ac2:	8556                	mv	a0,s5
   14ac4:	97ce                	add	a5,a5,s3
   14ac6:	e01c                	sd	a5,0(s0)
   14ac8:	d35ff0ef          	jal	147fc <_fflush_r>
   14acc:	ed09                	bnez	a0,14ae6 <__sfvwrite_r+0x25e>
   14ace:	87ce                	mv	a5,s3
   14ad0:	40fc0c3b          	subw	s8,s8,a5
   14ad4:	894e                	mv	s2,s3
   14ad6:	4505                	li	a0,1
   14ad8:	f80c1fe3          	bnez	s8,14a76 <__sfvwrite_r+0x1ee>
   14adc:	85a2                	mv	a1,s0
   14ade:	8556                	mv	a0,s5
   14ae0:	d1dff0ef          	jal	147fc <_fflush_r>
   14ae4:	d949                	beqz	a0,14a76 <__sfvwrite_r+0x1ee>
   14ae6:	01041783          	lh	a5,16(s0)
   14aea:	6be2                	ld	s7,24(sp)
   14aec:	6c42                	ld	s8,16(sp)
   14aee:	6ca2                	ld	s9,8(sp)
   14af0:	64a6                	ld	s1,72(sp)
   14af2:	6906                	ld	s2,64(sp)
   14af4:	79e2                	ld	s3,56(sp)
   14af6:	7b02                	ld	s6,32(sp)
   14af8:	0407e793          	ori	a5,a5,64
   14afc:	00f41823          	sh	a5,16(s0)
   14b00:	557d                	li	a0,-1
   14b02:	b519                	j	14908 <__sfvwrite_r+0x80>
   14b04:	6c18                	ld	a4,24(s0)
   14b06:	04f76363          	bltu	a4,a5,14b4c <__sfvwrite_r+0x2c4>
   14b0a:	5018                	lw	a4,32(s0)
   14b0c:	04e9e063          	bltu	s3,a4,14b4c <__sfvwrite_r+0x2c4>
   14b10:	86ce                	mv	a3,s3
   14b12:	013c7363          	bgeu	s8,s3,14b18 <__sfvwrite_r+0x290>
   14b16:	86e2                	mv	a3,s8
   14b18:	02e6c6bb          	divw	a3,a3,a4
   14b1c:	603c                	ld	a5,64(s0)
   14b1e:	780c                	ld	a1,48(s0)
   14b20:	865a                	mv	a2,s6
   14b22:	8556                	mv	a0,s5
   14b24:	02e686bb          	mulw	a3,a3,a4
   14b28:	9782                	jalr	a5
   14b2a:	faa05ee3          	blez	a0,14ae6 <__sfvwrite_r+0x25e>
   14b2e:	892a                	mv	s2,a0
   14b30:	010a3783          	ld	a5,16(s4)
   14b34:	412989b3          	sub	s3,s3,s2
   14b38:	412787b3          	sub	a5,a5,s2
   14b3c:	00fa3823          	sd	a5,16(s4)
   14b40:	c3d9                	beqz	a5,14bc6 <__sfvwrite_r+0x33e>
   14b42:	01041683          	lh	a3,16(s0)
   14b46:	601c                	ld	a5,0(s0)
   14b48:	9b4a                	add	s6,s6,s2
   14b4a:	b519                	j	14950 <__sfvwrite_r+0xc8>
   14b4c:	0129f363          	bgeu	s3,s2,14b52 <__sfvwrite_r+0x2ca>
   14b50:	894e                	mv	s2,s3
   14b52:	853e                	mv	a0,a5
   14b54:	864a                	mv	a2,s2
   14b56:	85da                	mv	a1,s6
   14b58:	2de000ef          	jal	14e36 <memmove>
   14b5c:	601c                	ld	a5,0(s0)
   14b5e:	4458                	lw	a4,12(s0)
   14b60:	97ca                	add	a5,a5,s2
   14b62:	4127073b          	subw	a4,a4,s2
   14b66:	e01c                	sd	a5,0(s0)
   14b68:	c458                	sw	a4,12(s0)
   14b6a:	f379                	bnez	a4,14b30 <__sfvwrite_r+0x2a8>
   14b6c:	85a2                	mv	a1,s0
   14b6e:	8556                	mv	a0,s5
   14b70:	c8dff0ef          	jal	147fc <_fflush_r>
   14b74:	dd55                	beqz	a0,14b30 <__sfvwrite_r+0x2a8>
   14b76:	bf85                	j	14ae6 <__sfvwrite_r+0x25e>
   14b78:	865a                	mv	a2,s6
   14b7a:	85e6                	mv	a1,s9
   14b7c:	2ba000ef          	jal	14e36 <memmove>
   14b80:	4454                	lw	a3,12(s0)
   14b82:	6018                	ld	a4,0(s0)
   14b84:	000b079b          	sext.w	a5,s6
   14b88:	416686bb          	subw	a3,a3,s6
   14b8c:	975a                	add	a4,a4,s6
   14b8e:	c454                	sw	a3,12(s0)
   14b90:	e018                	sd	a4,0(s0)
   14b92:	bde9                	j	14a6c <__sfvwrite_r+0x1e4>
   14b94:	864a                	mv	a2,s2
   14b96:	8556                	mv	a0,s5
   14b98:	187020ef          	jal	1751e <_realloc_r>
   14b9c:	8caa                	mv	s9,a0
   14b9e:	e20515e3          	bnez	a0,149c8 <__sfvwrite_r+0x140>
   14ba2:	6c0c                	ld	a1,24(s0)
   14ba4:	8556                	mv	a0,s5
   14ba6:	e1afd0ef          	jal	121c0 <_free_r>
   14baa:	01045783          	lhu	a5,16(s0)
   14bae:	4731                	li	a4,12
   14bb0:	6be2                	ld	s7,24(sp)
   14bb2:	6c42                	ld	s8,16(sp)
   14bb4:	6ca2                	ld	s9,8(sp)
   14bb6:	00eaa023          	sw	a4,0(s5)
   14bba:	f7f7f793          	andi	a5,a5,-129
   14bbe:	bf0d                	j	14af0 <__sfvwrite_r+0x268>
   14bc0:	001b8c1b          	addiw	s8,s7,1
   14bc4:	bd8d                	j	14a36 <__sfvwrite_r+0x1ae>
   14bc6:	6be2                	ld	s7,24(sp)
   14bc8:	6c42                	ld	s8,16(sp)
   14bca:	6ca2                	ld	s9,8(sp)
   14bcc:	bb0d                	j	148fe <__sfvwrite_r+0x76>
   14bce:	01041783          	lh	a5,16(s0)
   14bd2:	bf39                	j	14af0 <__sfvwrite_r+0x268>
   14bd4:	47b1                	li	a5,12
   14bd6:	00faa023          	sw	a5,0(s5)
   14bda:	6be2                	ld	s7,24(sp)
   14bdc:	01041783          	lh	a5,16(s0)
   14be0:	6c42                	ld	s8,16(sp)
   14be2:	6ca2                	ld	s9,8(sp)
   14be4:	b731                	j	14af0 <__sfvwrite_r+0x268>

0000000000014be6 <__swsetup_r>:
   14be6:	2281b703          	ld	a4,552(gp) # 1bbf8 <_impure_ptr>
   14bea:	1101                	addi	sp,sp,-32
   14bec:	ec06                	sd	ra,24(sp)
   14bee:	862a                	mv	a2,a0
   14bf0:	87ae                	mv	a5,a1
   14bf2:	c319                	beqz	a4,14bf8 <__swsetup_r+0x12>
   14bf4:	6734                	ld	a3,72(a4)
   14bf6:	c2e1                	beqz	a3,14cb6 <__swsetup_r+0xd0>
   14bf8:	01079703          	lh	a4,16(a5)
   14bfc:	00877693          	andi	a3,a4,8
   14c00:	c29d                	beqz	a3,14c26 <__swsetup_r+0x40>
   14c02:	6f94                	ld	a3,24(a5)
   14c04:	ce8d                	beqz	a3,14c3e <__swsetup_r+0x58>
   14c06:	01079703          	lh	a4,16(a5)
   14c0a:	00177613          	andi	a2,a4,1
   14c0e:	ca39                	beqz	a2,14c64 <__swsetup_r+0x7e>
   14c10:	5390                	lw	a2,32(a5)
   14c12:	0007a623          	sw	zero,12(a5)
   14c16:	4501                	li	a0,0
   14c18:	40c0063b          	negw	a2,a2
   14c1c:	d790                	sw	a2,40(a5)
   14c1e:	cab9                	beqz	a3,14c74 <__swsetup_r+0x8e>
   14c20:	60e2                	ld	ra,24(sp)
   14c22:	6105                	addi	sp,sp,32
   14c24:	8082                	ret
   14c26:	01077693          	andi	a3,a4,16
   14c2a:	ced1                	beqz	a3,14cc6 <__swsetup_r+0xe0>
   14c2c:	00477693          	andi	a3,a4,4
   14c30:	eab9                	bnez	a3,14c86 <__swsetup_r+0xa0>
   14c32:	6f94                	ld	a3,24(a5)
   14c34:	00876713          	ori	a4,a4,8
   14c38:	00e79823          	sh	a4,16(a5)
   14c3c:	f6e9                	bnez	a3,14c06 <__swsetup_r+0x20>
   14c3e:	6b98                	ld	a4,16(a5)
   14c40:	20000593          	li	a1,512
   14c44:	28077713          	andi	a4,a4,640
   14c48:	fab70fe3          	beq	a4,a1,14c06 <__swsetup_r+0x20>
   14c4c:	8532                	mv	a0,a2
   14c4e:	85be                	mv	a1,a5
   14c50:	e03e                	sd	a5,0(sp)
   14c52:	547020ef          	jal	17998 <__smakebuf_r>
   14c56:	6782                	ld	a5,0(sp)
   14c58:	01079703          	lh	a4,16(a5)
   14c5c:	6f94                	ld	a3,24(a5)
   14c5e:	00177613          	andi	a2,a4,1
   14c62:	f65d                	bnez	a2,14c10 <__swsetup_r+0x2a>
   14c64:	00277613          	andi	a2,a4,2
   14c68:	4581                	li	a1,0
   14c6a:	e211                	bnez	a2,14c6e <__swsetup_r+0x88>
   14c6c:	538c                	lw	a1,32(a5)
   14c6e:	c7cc                	sw	a1,12(a5)
   14c70:	4501                	li	a0,0
   14c72:	f6dd                	bnez	a3,14c20 <__swsetup_r+0x3a>
   14c74:	08077693          	andi	a3,a4,128
   14c78:	d6c5                	beqz	a3,14c20 <__swsetup_r+0x3a>
   14c7a:	04076713          	ori	a4,a4,64
   14c7e:	00e79823          	sh	a4,16(a5)
   14c82:	557d                	li	a0,-1
   14c84:	bf71                	j	14c20 <__swsetup_r+0x3a>
   14c86:	6fac                	ld	a1,88(a5)
   14c88:	c185                	beqz	a1,14ca8 <__swsetup_r+0xc2>
   14c8a:	07478693          	addi	a3,a5,116
   14c8e:	00d58b63          	beq	a1,a3,14ca4 <__swsetup_r+0xbe>
   14c92:	8532                	mv	a0,a2
   14c94:	e43e                	sd	a5,8(sp)
   14c96:	e032                	sd	a2,0(sp)
   14c98:	d28fd0ef          	jal	121c0 <_free_r>
   14c9c:	67a2                	ld	a5,8(sp)
   14c9e:	6602                	ld	a2,0(sp)
   14ca0:	01079703          	lh	a4,16(a5)
   14ca4:	0407bc23          	sd	zero,88(a5)
   14ca8:	6f94                	ld	a3,24(a5)
   14caa:	fdb77713          	andi	a4,a4,-37
   14cae:	0007a423          	sw	zero,8(a5)
   14cb2:	e394                	sd	a3,0(a5)
   14cb4:	b741                	j	14c34 <__swsetup_r+0x4e>
   14cb6:	e02a                	sd	a0,0(sp)
   14cb8:	853a                	mv	a0,a4
   14cba:	e42e                	sd	a1,8(sp)
   14cbc:	d4bfc0ef          	jal	11a06 <__sinit>
   14cc0:	67a2                	ld	a5,8(sp)
   14cc2:	6602                	ld	a2,0(sp)
   14cc4:	bf15                	j	14bf8 <__swsetup_r+0x12>
   14cc6:	46a5                	li	a3,9
   14cc8:	04076713          	ori	a4,a4,64
   14ccc:	c214                	sw	a3,0(a2)
   14cce:	00e79823          	sh	a4,16(a5)
   14cd2:	557d                	li	a0,-1
   14cd4:	b7b1                	j	14c20 <__swsetup_r+0x3a>

0000000000014cd6 <memchr>:
   14cd6:	00757793          	andi	a5,a0,7
   14cda:	0ff5f313          	zext.b	t1,a1
   14cde:	cb99                	beqz	a5,14cf4 <memchr+0x1e>
   14ce0:	c241                	beqz	a2,14d60 <memchr+0x8a>
   14ce2:	00054783          	lbu	a5,0(a0)
   14ce6:	167d                	addi	a2,a2,-1
   14ce8:	06678b63          	beq	a5,t1,14d5e <memchr+0x88>
   14cec:	0505                	addi	a0,a0,1
   14cee:	00757793          	andi	a5,a0,7
   14cf2:	f7fd                	bnez	a5,14ce0 <memchr+0xa>
   14cf4:	481d                	li	a6,7
   14cf6:	04c87a63          	bgeu	a6,a2,14d4a <memchr+0x74>
   14cfa:	0ff5f593          	zext.b	a1,a1
   14cfe:	0085979b          	slliw	a5,a1,0x8
   14d02:	97ae                	add	a5,a5,a1
   14d04:	01079693          	slli	a3,a5,0x10
   14d08:	7f7f8737          	lui	a4,0x7f7f8
   14d0c:	96be                	add	a3,a3,a5
   14d0e:	f7f70713          	addi	a4,a4,-129 # 7f7f7f7f <__BSS_END__+0x7f7dbdaf>
   14d12:	feff07b7          	lui	a5,0xfeff0
   14d16:	eff78793          	addi	a5,a5,-257 # fffffffffefefeff <__BSS_END__+0xfffffffffefd3d2f>
   14d1a:	02071593          	slli	a1,a4,0x20
   14d1e:	02069e13          	slli	t3,a3,0x20
   14d22:	95ba                	add	a1,a1,a4
   14d24:	02079893          	slli	a7,a5,0x20
   14d28:	96f2                	add	a3,a3,t3
   14d2a:	fff5c593          	not	a1,a1
   14d2e:	98be                	add	a7,a7,a5
   14d30:	611c                	ld	a5,0(a0)
   14d32:	8fb5                	xor	a5,a5,a3
   14d34:	01178733          	add	a4,a5,a7
   14d38:	fff7c793          	not	a5,a5
   14d3c:	8ff9                	and	a5,a5,a4
   14d3e:	8fed                	and	a5,a5,a1
   14d40:	e791                	bnez	a5,14d4c <memchr+0x76>
   14d42:	1661                	addi	a2,a2,-8
   14d44:	0521                	addi	a0,a0,8
   14d46:	fec865e3          	bltu	a6,a2,14d30 <memchr+0x5a>
   14d4a:	ca19                	beqz	a2,14d60 <memchr+0x8a>
   14d4c:	962a                	add	a2,a2,a0
   14d4e:	a021                	j	14d56 <memchr+0x80>
   14d50:	0505                	addi	a0,a0,1
   14d52:	00c50763          	beq	a0,a2,14d60 <memchr+0x8a>
   14d56:	00054783          	lbu	a5,0(a0)
   14d5a:	fe679be3          	bne	a5,t1,14d50 <memchr+0x7a>
   14d5e:	8082                	ret
   14d60:	4501                	li	a0,0
   14d62:	8082                	ret

0000000000014d64 <strncpy>:
   14d64:	00a5e7b3          	or	a5,a1,a0
   14d68:	8b9d                	andi	a5,a5,7
   14d6a:	e781                	bnez	a5,14d72 <strncpy+0xe>
   14d6c:	00863793          	sltiu	a5,a2,8
   14d70:	cf85                	beqz	a5,14da8 <strncpy+0x44>
   14d72:	87aa                	mv	a5,a0
   14d74:	a809                	j	14d86 <strncpy+0x22>
   14d76:	fff5c683          	lbu	a3,-1(a1)
   14d7a:	fff60713          	addi	a4,a2,-1
   14d7e:	863a                	mv	a2,a4
   14d80:	fed78fa3          	sb	a3,-1(a5)
   14d84:	c689                	beqz	a3,14d8e <strncpy+0x2a>
   14d86:	0585                	addi	a1,a1,1
   14d88:	0785                	addi	a5,a5,1
   14d8a:	f675                	bnez	a2,14d76 <strncpy+0x12>
   14d8c:	8082                	ret
   14d8e:	c325                	beqz	a4,14dee <strncpy+0x8a>
   14d90:	0c0076d7          	vsetvli	a3,zero,e8,m1,ta,ma
   14d94:	5e0030d7          	vmv.v.i	v1,0
   14d98:	0c0776d7          	vsetvli	a3,a4,e8,m1,ta,ma
   14d9c:	020780a7          	vse8.v	v1,(a5)
   14da0:	8f15                	sub	a4,a4,a3
   14da2:	97b6                	add	a5,a5,a3
   14da4:	fb75                	bnez	a4,14d98 <strncpy+0x34>
   14da6:	8082                	ret
   14da8:	7f7f8737          	lui	a4,0x7f7f8
   14dac:	f7f70713          	addi	a4,a4,-129 # 7f7f7f7f <__BSS_END__+0x7f7dbdaf>
   14db0:	feff07b7          	lui	a5,0xfeff0
   14db4:	eff78793          	addi	a5,a5,-257 # fffffffffefefeff <__BSS_END__+0xfffffffffefd3d2f>
   14db8:	02071893          	slli	a7,a4,0x20
   14dbc:	02079313          	slli	t1,a5,0x20
   14dc0:	98ba                	add	a7,a7,a4
   14dc2:	933e                	add	t1,t1,a5
   14dc4:	fff8c893          	not	a7,a7
   14dc8:	87aa                	mv	a5,a0
   14dca:	4e1d                	li	t3,7
   14dcc:	6194                	ld	a3,0(a1)
   14dce:	00668733          	add	a4,a3,t1
   14dd2:	fff6c813          	not	a6,a3
   14dd6:	01077733          	and	a4,a4,a6
   14dda:	01177733          	and	a4,a4,a7
   14dde:	f745                	bnez	a4,14d86 <strncpy+0x22>
   14de0:	1661                	addi	a2,a2,-8
   14de2:	e394                	sd	a3,0(a5)
   14de4:	07a1                	addi	a5,a5,8
   14de6:	05a1                	addi	a1,a1,8
   14de8:	fece62e3          	bltu	t3,a2,14dcc <strncpy+0x68>
   14dec:	bf69                	j	14d86 <strncpy+0x22>
   14dee:	8082                	ret

0000000000014df0 <__localeconv_l>:
   14df0:	10050513          	addi	a0,a0,256
   14df4:	8082                	ret

0000000000014df6 <_localeconv_r>:
   14df6:	0c818513          	addi	a0,gp,200 # 1ba98 <__global_pointer$+0xc8>
   14dfa:	8082                	ret

0000000000014dfc <localeconv>:
   14dfc:	0c818513          	addi	a0,gp,200 # 1ba98 <__global_pointer$+0xc8>
   14e00:	8082                	ret

0000000000014e02 <__libc_fini_array>:
   14e02:	1101                	addi	sp,sp,-32
   14e04:	e822                	sd	s0,16(sp)
   14e06:	67ed                	lui	a5,0x1b
   14e08:	646d                	lui	s0,0x1b
   14e0a:	01878793          	addi	a5,a5,24 # 1b018 <__malloc_av_>
   14e0e:	01040413          	addi	s0,s0,16 # 1b010 <__do_global_dtors_aux_fini_array_entry>
   14e12:	8f81                	sub	a5,a5,s0
   14e14:	e426                	sd	s1,8(sp)
   14e16:	ec06                	sd	ra,24(sp)
   14e18:	4037d493          	srai	s1,a5,0x3
   14e1c:	c881                	beqz	s1,14e2c <__libc_fini_array+0x2a>
   14e1e:	1461                	addi	s0,s0,-8
   14e20:	943e                	add	s0,s0,a5
   14e22:	601c                	ld	a5,0(s0)
   14e24:	14fd                	addi	s1,s1,-1
   14e26:	1461                	addi	s0,s0,-8
   14e28:	9782                	jalr	a5
   14e2a:	fce5                	bnez	s1,14e22 <__libc_fini_array+0x20>
   14e2c:	60e2                	ld	ra,24(sp)
   14e2e:	6442                	ld	s0,16(sp)
   14e30:	64a2                	ld	s1,8(sp)
   14e32:	6105                	addi	sp,sp,32
   14e34:	8082                	ret

0000000000014e36 <memmove>:
   14e36:	02a5f163          	bgeu	a1,a0,14e58 <memmove+0x22>
   14e3a:	00c587b3          	add	a5,a1,a2
   14e3e:	00f57d63          	bgeu	a0,a5,14e58 <memmove+0x22>
   14e42:	ce05                	beqz	a2,14e7a <memmove+0x44>
   14e44:	962a                	add	a2,a2,a0
   14e46:	fff7c703          	lbu	a4,-1(a5)
   14e4a:	167d                	addi	a2,a2,-1
   14e4c:	17fd                	addi	a5,a5,-1
   14e4e:	00e60023          	sb	a4,0(a2)
   14e52:	fec51ae3          	bne	a0,a2,14e46 <memmove+0x10>
   14e56:	8082                	ret
   14e58:	47fd                	li	a5,31
   14e5a:	02c7e163          	bltu	a5,a2,14e7c <memmove+0x46>
   14e5e:	87aa                	mv	a5,a0
   14e60:	fff60693          	addi	a3,a2,-1
   14e64:	c65d                	beqz	a2,14f12 <memmove+0xdc>
   14e66:	0685                	addi	a3,a3,1 # ffffffff80000001 <__BSS_END__+0xffffffff7ffe3e31>
   14e68:	96be                	add	a3,a3,a5
   14e6a:	0005c703          	lbu	a4,0(a1)
   14e6e:	0785                	addi	a5,a5,1
   14e70:	0585                	addi	a1,a1,1
   14e72:	fee78fa3          	sb	a4,-1(a5)
   14e76:	fed79ae3          	bne	a5,a3,14e6a <memmove+0x34>
   14e7a:	8082                	ret
   14e7c:	00b567b3          	or	a5,a0,a1
   14e80:	8b9d                	andi	a5,a5,7
   14e82:	88ae                	mv	a7,a1
   14e84:	e3d9                	bnez	a5,14f0a <memmove+0xd4>
   14e86:	00565793          	srli	a5,a2,0x5
   14e8a:	00579813          	slli	a6,a5,0x5
   14e8e:	982a                	add	a6,a6,a0
   14e90:	17fd                	addi	a5,a5,-1
   14e92:	872a                	mv	a4,a0
   14e94:	6194                	ld	a3,0(a1)
   14e96:	02058593          	addi	a1,a1,32
   14e9a:	02070713          	addi	a4,a4,32
   14e9e:	fed73023          	sd	a3,-32(a4)
   14ea2:	fe85b683          	ld	a3,-24(a1)
   14ea6:	fed73423          	sd	a3,-24(a4)
   14eaa:	ff05b683          	ld	a3,-16(a1)
   14eae:	fed73823          	sd	a3,-16(a4)
   14eb2:	ff85b683          	ld	a3,-8(a1)
   14eb6:	fed73c23          	sd	a3,-8(a4)
   14eba:	fd071de3          	bne	a4,a6,14e94 <memmove+0x5e>
   14ebe:	0796                	slli	a5,a5,0x5
   14ec0:	01178733          	add	a4,a5,a7
   14ec4:	02070593          	addi	a1,a4,32
   14ec8:	97aa                	add	a5,a5,a0
   14eca:	01867813          	andi	a6,a2,24
   14ece:	02078793          	addi	a5,a5,32
   14ed2:	8e2e                	mv	t3,a1
   14ed4:	01f67693          	andi	a3,a2,31
   14ed8:	02080e63          	beqz	a6,14f14 <memmove+0xde>
   14edc:	16e1                	addi	a3,a3,-8
   14ede:	9ae1                	andi	a3,a3,-8
   14ee0:	9736                	add	a4,a4,a3
   14ee2:	02870713          	addi	a4,a4,40
   14ee6:	41150833          	sub	a6,a0,a7
   14eea:	0005b303          	ld	t1,0(a1)
   14eee:	010588b3          	add	a7,a1,a6
   14ef2:	05a1                	addi	a1,a1,8
   14ef4:	0068b023          	sd	t1,0(a7)
   14ef8:	fee599e3          	bne	a1,a4,14eea <memmove+0xb4>
   14efc:	00868713          	addi	a4,a3,8
   14f00:	01c705b3          	add	a1,a4,t3
   14f04:	97ba                	add	a5,a5,a4
   14f06:	8a1d                	andi	a2,a2,7
   14f08:	bfa1                	j	14e60 <memmove+0x2a>
   14f0a:	fff60693          	addi	a3,a2,-1
   14f0e:	87aa                	mv	a5,a0
   14f10:	bf99                	j	14e66 <memmove+0x30>
   14f12:	8082                	ret
   14f14:	8636                	mv	a2,a3
   14f16:	b7a9                	j	14e60 <memmove+0x2a>

0000000000014f18 <memcpy>:
   14f18:	00a5c7b3          	xor	a5,a1,a0
   14f1c:	8b9d                	andi	a5,a5,7
   14f1e:	00c508b3          	add	a7,a0,a2
   14f22:	e7c9                	bnez	a5,14fac <memcpy+0x94>
   14f24:	00863613          	sltiu	a2,a2,8
   14f28:	e251                	bnez	a2,14fac <memcpy+0x94>
   14f2a:	00757713          	andi	a4,a0,7
   14f2e:	87aa                	mv	a5,a0
   14f30:	eb39                	bnez	a4,14f86 <memcpy+0x6e>
   14f32:	ff88f713          	andi	a4,a7,-8
   14f36:	40f70633          	sub	a2,a4,a5
   14f3a:	04000693          	li	a3,64
   14f3e:	08c6c763          	blt	a3,a2,14fcc <memcpy+0xb4>
   14f42:	02e7ff63          	bgeu	a5,a4,14f80 <memcpy+0x68>
   14f46:	fff70313          	addi	t1,a4,-1
   14f4a:	40f30333          	sub	t1,t1,a5
   14f4e:	00335313          	srli	t1,t1,0x3
   14f52:	00130693          	addi	a3,t1,1
   14f56:	8e3e                	mv	t3,a5
   14f58:	862e                	mv	a2,a1
   14f5a:	0c56f757          	vsetvli	a4,a3,e8,mf8,ta,ma
   14f5e:	02067087          	vle64.v	v1,(a2)
   14f62:	00371813          	slli	a6,a4,0x3
   14f66:	8e99                	sub	a3,a3,a4
   14f68:	9642                	add	a2,a2,a6
   14f6a:	0207f0a7          	vse64.v	v1,(a5)
   14f6e:	97c2                	add	a5,a5,a6
   14f70:	f6ed                	bnez	a3,14f5a <memcpy+0x42>
   14f72:	00331793          	slli	a5,t1,0x3
   14f76:	05a1                	addi	a1,a1,8
   14f78:	008e0713          	addi	a4,t3,8
   14f7c:	95be                	add	a1,a1,a5
   14f7e:	97ba                	add	a5,a5,a4
   14f80:	0317e963          	bltu	a5,a7,14fb2 <memcpy+0x9a>
   14f84:	8082                	ret
   14f86:	0005c683          	lbu	a3,0(a1)
   14f8a:	0785                	addi	a5,a5,1
   14f8c:	0077f713          	andi	a4,a5,7
   14f90:	fed78fa3          	sb	a3,-1(a5)
   14f94:	0585                	addi	a1,a1,1
   14f96:	df51                	beqz	a4,14f32 <memcpy+0x1a>
   14f98:	0005c683          	lbu	a3,0(a1)
   14f9c:	0785                	addi	a5,a5,1
   14f9e:	0077f713          	andi	a4,a5,7
   14fa2:	fed78fa3          	sb	a3,-1(a5)
   14fa6:	0585                	addi	a1,a1,1
   14fa8:	ff79                	bnez	a4,14f86 <memcpy+0x6e>
   14faa:	b761                	j	14f32 <memcpy+0x1a>
   14fac:	87aa                	mv	a5,a0
   14fae:	07157a63          	bgeu	a0,a7,15022 <memcpy+0x10a>
   14fb2:	40f886b3          	sub	a3,a7,a5
   14fb6:	0c06f757          	vsetvli	a4,a3,e8,m1,ta,ma
   14fba:	02058087          	vle8.v	v1,(a1)
   14fbe:	8e99                	sub	a3,a3,a4
   14fc0:	95ba                	add	a1,a1,a4
   14fc2:	020780a7          	vse8.v	v1,(a5)
   14fc6:	97ba                	add	a5,a5,a4
   14fc8:	f6fd                	bnez	a3,14fb6 <memcpy+0x9e>
   14fca:	8082                	ret
   14fcc:	cd817057          	vsetivli	zero,2,e64,m1,ta,ma
   14fd0:	01058613          	addi	a2,a1,16
   14fd4:	0205f207          	vle64.v	v4,(a1)
   14fd8:	02067187          	vle64.v	v3,(a2)
   14fdc:	02058613          	addi	a2,a1,32
   14fe0:	02067107          	vle64.v	v2,(a2)
   14fe4:	03058613          	addi	a2,a1,48
   14fe8:	02067087          	vle64.v	v1,(a2)
   14fec:	0207f227          	vse64.v	v4,(a5)
   14ff0:	01078613          	addi	a2,a5,16
   14ff4:	020671a7          	vse64.v	v3,(a2)
   14ff8:	02078613          	addi	a2,a5,32
   14ffc:	02067127          	vse64.v	v2,(a2)
   15000:	03078613          	addi	a2,a5,48
   15004:	020670a7          	vse64.v	v1,(a2)
   15008:	0405b803          	ld	a6,64(a1)
   1500c:	04878793          	addi	a5,a5,72
   15010:	40f70633          	sub	a2,a4,a5
   15014:	04858593          	addi	a1,a1,72
   15018:	ff07bc23          	sd	a6,-8(a5)
   1501c:	fac6cae3          	blt	a3,a2,14fd0 <memcpy+0xb8>
   15020:	b70d                	j	14f42 <memcpy+0x2a>
   15022:	8082                	ret

0000000000015024 <strlen>:
   15024:	00757793          	andi	a5,a0,7
   15028:	872a                	mv	a4,a0
   1502a:	efb1                	bnez	a5,15086 <strlen+0x62>
   1502c:	7f7f87b7          	lui	a5,0x7f7f8
   15030:	f7f78793          	addi	a5,a5,-129 # 7f7f7f7f <__BSS_END__+0x7f7dbdaf>
   15034:	02079693          	slli	a3,a5,0x20
   15038:	96be                	add	a3,a3,a5
   1503a:	55fd                	li	a1,-1
   1503c:	6310                	ld	a2,0(a4)
   1503e:	0721                	addi	a4,a4,8
   15040:	00d677b3          	and	a5,a2,a3
   15044:	97b6                	add	a5,a5,a3
   15046:	8fd1                	or	a5,a5,a2
   15048:	8fd5                	or	a5,a5,a3
   1504a:	feb789e3          	beq	a5,a1,1503c <strlen+0x18>
   1504e:	ff874783          	lbu	a5,-8(a4)
   15052:	40a706b3          	sub	a3,a4,a0
   15056:	c7a9                	beqz	a5,150a0 <strlen+0x7c>
   15058:	ff974783          	lbu	a5,-7(a4)
   1505c:	cf9d                	beqz	a5,1509a <strlen+0x76>
   1505e:	ffa74783          	lbu	a5,-6(a4)
   15062:	c7a9                	beqz	a5,150ac <strlen+0x88>
   15064:	ffb74783          	lbu	a5,-5(a4)
   15068:	cf9d                	beqz	a5,150a6 <strlen+0x82>
   1506a:	ffc74783          	lbu	a5,-4(a4)
   1506e:	c3b1                	beqz	a5,150b2 <strlen+0x8e>
   15070:	ffd74783          	lbu	a5,-3(a4)
   15074:	c3b1                	beqz	a5,150b8 <strlen+0x94>
   15076:	ffe74783          	lbu	a5,-2(a4)
   1507a:	00f03533          	snez	a0,a5
   1507e:	9536                	add	a0,a0,a3
   15080:	1579                	addi	a0,a0,-2
   15082:	8082                	ret
   15084:	d6c5                	beqz	a3,1502c <strlen+0x8>
   15086:	00074783          	lbu	a5,0(a4)
   1508a:	0705                	addi	a4,a4,1
   1508c:	00777693          	andi	a3,a4,7
   15090:	fbf5                	bnez	a5,15084 <strlen+0x60>
   15092:	8f09                	sub	a4,a4,a0
   15094:	fff70513          	addi	a0,a4,-1
   15098:	8082                	ret
   1509a:	ff968513          	addi	a0,a3,-7
   1509e:	8082                	ret
   150a0:	ff868513          	addi	a0,a3,-8
   150a4:	8082                	ret
   150a6:	ffb68513          	addi	a0,a3,-5
   150aa:	8082                	ret
   150ac:	ffa68513          	addi	a0,a3,-6
   150b0:	8082                	ret
   150b2:	ffc68513          	addi	a0,a3,-4
   150b6:	8082                	ret
   150b8:	ffd68513          	addi	a0,a3,-3
   150bc:	8082                	ret

00000000000150be <frexpl>:
   150be:	715d                	addi	sp,sp,-80
   150c0:	fc26                	sd	s1,56(sp)
   150c2:	64a1                	lui	s1,0x8
   150c4:	e486                	sd	ra,72(sp)
   150c6:	0305d793          	srli	a5,a1,0x30
   150ca:	14fd                	addi	s1,s1,-1 # 7fff <exit-0x8121>
   150cc:	00062023          	sw	zero,0(a2)
   150d0:	8fe5                	and	a5,a5,s1
   150d2:	872e                	mv	a4,a1
   150d4:	832a                	mv	t1,a0
   150d6:	06978a63          	beq	a5,s1,1514a <frexpl+0x8c>
   150da:	e0a2                	sd	s0,64(sp)
   150dc:	4681                	li	a3,0
   150de:	8432                	mv	s0,a2
   150e0:	4601                	li	a2,0
   150e2:	e82e                	sd	a1,16(sp)
   150e4:	e42a                	sd	a0,8(sp)
   150e6:	ec3e                	sd	a5,24(sp)
   150e8:	f02a                	sd	a0,32(sp)
   150ea:	f42e                	sd	a1,40(sp)
   150ec:	0fa040ef          	jal	191e6 <__eqtf2>
   150f0:	6322                	ld	t1,8(sp)
   150f2:	6742                	ld	a4,16(sp)
   150f4:	c931                	beqz	a0,15148 <frexpl+0x8a>
   150f6:	67e2                	ld	a5,24(sp)
   150f8:	4601                	li	a2,0
   150fa:	889a                	mv	a7,t1
   150fc:	883a                	mv	a6,a4
   150fe:	ef99                	bnez	a5,1511c <frexpl+0x5e>
   15100:	040716b7          	lui	a3,0x4071
   15104:	851a                	mv	a0,t1
   15106:	85ba                	mv	a1,a4
   15108:	1692                	slli	a3,a3,0x24
   1510a:	2f0040ef          	jal	193fa <__multf3>
   1510e:	0305d793          	srli	a5,a1,0x30
   15112:	882e                	mv	a6,a1
   15114:	88aa                	mv	a7,a0
   15116:	8fe5                	and	a5,a5,s1
   15118:	f8e00613          	li	a2,-114
   1511c:	7771                	lui	a4,0xffffc
   1511e:	2709                	addiw	a4,a4,2 # ffffffffffffc002 <__BSS_END__+0xfffffffffffdfe32>
   15120:	9fb9                	addw	a5,a5,a4
   15122:	f80016b7          	lui	a3,0xf8001
   15126:	9fb1                	addw	a5,a5,a2
   15128:	60a6                	ld	ra,72(sp)
   1512a:	c01c                	sw	a5,0(s0)
   1512c:	1692                	slli	a3,a3,0x24
   1512e:	6406                	ld	s0,64(sp)
   15130:	16fd                	addi	a3,a3,-1 # fffffffff8000fff <__BSS_END__+0xfffffffff7fe4e2f>
   15132:	01fff737          	lui	a4,0x1fff
   15136:	00d87833          	and	a6,a6,a3
   1513a:	1716                	slli	a4,a4,0x25
   1513c:	74e2                	ld	s1,56(sp)
   1513e:	8546                	mv	a0,a7
   15140:	00e865b3          	or	a1,a6,a4
   15144:	6161                	addi	sp,sp,80
   15146:	8082                	ret
   15148:	6406                	ld	s0,64(sp)
   1514a:	60a6                	ld	ra,72(sp)
   1514c:	74e2                	ld	s1,56(sp)
   1514e:	851a                	mv	a0,t1
   15150:	85ba                	mv	a1,a4
   15152:	6161                	addi	sp,sp,80
   15154:	8082                	ret

0000000000015156 <__register_exitproc>:
   15156:	2601b783          	ld	a5,608(gp) # 1bc30 <__atexit>
   1515a:	c3a9                	beqz	a5,1519c <__register_exitproc+0x46>
   1515c:	4798                	lw	a4,8(a5)
   1515e:	487d                	li	a6,31
   15160:	06e84163          	blt	a6,a4,151c2 <__register_exitproc+0x6c>
   15164:	c505                	beqz	a0,1518c <__register_exitproc+0x36>
   15166:	00371813          	slli	a6,a4,0x3
   1516a:	983e                	add	a6,a6,a5
   1516c:	10c83823          	sd	a2,272(a6)
   15170:	3107a883          	lw	a7,784(a5)
   15174:	4605                	li	a2,1
   15176:	00e6163b          	sllw	a2,a2,a4
   1517a:	00c8e8b3          	or	a7,a7,a2
   1517e:	3117a823          	sw	a7,784(a5)
   15182:	20d83823          	sd	a3,528(a6)
   15186:	4689                	li	a3,2
   15188:	02d50063          	beq	a0,a3,151a8 <__register_exitproc+0x52>
   1518c:	0017069b          	addiw	a3,a4,1 # 1fff001 <__BSS_END__+0x1fe2e31>
   15190:	070e                	slli	a4,a4,0x3
   15192:	c794                	sw	a3,8(a5)
   15194:	97ba                	add	a5,a5,a4
   15196:	eb8c                	sd	a1,16(a5)
   15198:	4501                	li	a0,0
   1519a:	8082                	ret
   1519c:	67f1                	lui	a5,0x1c
   1519e:	eb878793          	addi	a5,a5,-328 # 1beb8 <__atexit0>
   151a2:	26f1b023          	sd	a5,608(gp) # 1bc30 <__atexit>
   151a6:	bf5d                	j	1515c <__register_exitproc+0x6>
   151a8:	3147a683          	lw	a3,788(a5)
   151ac:	4501                	li	a0,0
   151ae:	8e55                	or	a2,a2,a3
   151b0:	0017069b          	addiw	a3,a4,1
   151b4:	070e                	slli	a4,a4,0x3
   151b6:	30c7aa23          	sw	a2,788(a5)
   151ba:	c794                	sw	a3,8(a5)
   151bc:	97ba                	add	a5,a5,a4
   151be:	eb8c                	sd	a1,16(a5)
   151c0:	8082                	ret
   151c2:	557d                	li	a0,-1
   151c4:	8082                	ret

00000000000151c6 <_ldtoa_r>:
   151c6:	7131                	addi	sp,sp,-192
   151c8:	ec2e                	sd	a1,24(sp)
   151ca:	65ed                	lui	a1,0x1b
   151cc:	a9058593          	addi	a1,a1,-1392 # 1aa90 <blanks.1+0x20>
   151d0:	0005be83          	ld	t4,0(a1)
   151d4:	0085be03          	ld	t3,8(a1)
   151d8:	0105a303          	lw	t1,16(a1)
   151dc:	692c                	ld	a1,80(a0)
   151de:	f526                	sd	s1,168(sp)
   151e0:	ed4e                	sd	s3,152(sp)
   151e2:	e952                	sd	s4,144(sp)
   151e4:	e556                	sd	s5,136(sp)
   151e6:	f4e6                	sd	s9,104(sp)
   151e8:	f0ea                	sd	s10,96(sp)
   151ea:	ecee                	sd	s11,88(sp)
   151ec:	fd06                	sd	ra,184(sp)
   151ee:	f922                	sd	s0,176(sp)
   151f0:	f14a                	sd	s2,160(sp)
   151f2:	e15a                	sd	s6,128(sp)
   151f4:	fcde                	sd	s7,120(sp)
   151f6:	f8e2                	sd	s8,112(sp)
   151f8:	fc76                	sd	t4,56(sp)
   151fa:	e0f2                	sd	t3,64(sp)
   151fc:	c49a                	sw	t1,72(sp)
   151fe:	89aa                	mv	s3,a0
   15200:	84b2                	mv	s1,a2
   15202:	8cb6                	mv	s9,a3
   15204:	8d3a                	mv	s10,a4
   15206:	8a3e                	mv	s4,a5
   15208:	8ac2                	mv	s5,a6
   1520a:	8dc6                	mv	s11,a7
   1520c:	c589                	beqz	a1,15216 <_ldtoa_r+0x50>
   1520e:	350010ef          	jal	1655e <__freedtoa>
   15212:	0409b823          	sd	zero,80(s3)
   15216:	4716                	lw	a4,68(sp)
   15218:	0004a793          	slti	a5,s1,0
   1521c:	cd717057          	vsetivli	zero,2,e32,mf2,ta,ma
   15220:	4017569b          	sraiw	a3,a4,0x1
   15224:	8ff5                	and	a5,a5,a3
   15226:	8f3d                	xor	a4,a4,a5
   15228:	c2ba                	sw	a4,68(sp)
   1522a:	0004a713          	slti	a4,s1,0
   1522e:	00eaa023          	sw	a4,0(s5)
   15232:	77f1                	lui	a5,0xffffc
   15234:	00149713          	slli	a4,s1,0x1
   15238:	f917879b          	addiw	a5,a5,-111 # ffffffffffffbf91 <__BSS_END__+0xfffffffffffdfdc1>
   1523c:	03175b93          	srli	s7,a4,0x31
   15240:	00fb8c3b          	addw	s8,s7,a5
   15244:	083c                	addi	a5,sp,24
   15246:	0207e087          	vle32.v	v1,(a5)
   1524a:	02810a93          	addi	s5,sp,40
   1524e:	6662                	ld	a2,24(sp)
   15250:	597d                	li	s2,-1
   15252:	00195413          	srli	s0,s2,0x1
   15256:	8c65                	and	s0,s0,s1
   15258:	020ae0a7          	vse32.v	v1,(s5)
   1525c:	01049713          	slli	a4,s1,0x10
   15260:	03075b13          	srli	s6,a4,0x30
   15264:	86a2                	mv	a3,s0
   15266:	85a2                	mv	a1,s0
   15268:	8532                	mv	a0,a2
   1526a:	d826                	sw	s1,48(sp)
   1526c:	da5a                	sw	s6,52(sp)
   1526e:	79d040ef          	jal	1a20a <__unordtf2>
   15272:	ed55                	bnez	a0,1532e <_ldtoa_r+0x168>
   15274:	07fff6b7          	lui	a3,0x7fff
   15278:	6562                	ld	a0,24(sp)
   1527a:	1692                	slli	a3,a3,0x24
   1527c:	96ca                	add	a3,a3,s2
   1527e:	864a                	mv	a2,s2
   15280:	85a2                	mv	a1,s0
   15282:	789040ef          	jal	1a20a <__unordtf2>
   15286:	e135                	bnez	a0,152ea <_ldtoa_r+0x124>
   15288:	07fff6b7          	lui	a3,0x7fff
   1528c:	6562                	ld	a0,24(sp)
   1528e:	1692                	slli	a3,a3,0x24
   15290:	864a                	mv	a2,s2
   15292:	96ca                	add	a3,a3,s2
   15294:	85a2                	mv	a1,s0
   15296:	0ae040ef          	jal	19344 <__letf2>
   1529a:	04a05863          	blez	a0,152ea <_ldtoa_r+0x124>
   1529e:	478d                	li	a5,3
   152a0:	d23e                	sw	a5,36(sp)
   152a2:	87e6                	mv	a5,s9
   152a4:	1058                	addi	a4,sp,36
   152a6:	e06e                	sd	s11,0(sp)
   152a8:	886a                	mv	a6,s10
   152aa:	86d6                	mv	a3,s5
   152ac:	8662                	mv	a2,s8
   152ae:	854e                	mv	a0,s3
   152b0:	88d2                	mv	a7,s4
   152b2:	182c                	addi	a1,sp,56
   152b4:	102000ef          	jal	153b6 <__gdtoa>
   152b8:	000a2703          	lw	a4,0(s4)
   152bc:	77e1                	lui	a5,0xffff8
   152be:	00f71763          	bne	a4,a5,152cc <_ldtoa_r+0x106>
   152c2:	800007b7          	lui	a5,0x80000
   152c6:	17fd                	addi	a5,a5,-1 # ffffffff7fffffff <__BSS_END__+0xffffffff7ffe3e2f>
   152c8:	00fa2023          	sw	a5,0(s4)
   152cc:	70ea                	ld	ra,184(sp)
   152ce:	744a                	ld	s0,176(sp)
   152d0:	74aa                	ld	s1,168(sp)
   152d2:	790a                	ld	s2,160(sp)
   152d4:	69ea                	ld	s3,152(sp)
   152d6:	6a4a                	ld	s4,144(sp)
   152d8:	6aaa                	ld	s5,136(sp)
   152da:	6b0a                	ld	s6,128(sp)
   152dc:	7be6                	ld	s7,120(sp)
   152de:	7c46                	ld	s8,112(sp)
   152e0:	7ca6                	ld	s9,104(sp)
   152e2:	7d06                	ld	s10,96(sp)
   152e4:	6de6                	ld	s11,88(sp)
   152e6:	6129                	addi	sp,sp,192
   152e8:	8082                	ret
   152ea:	67ed                	lui	a5,0x1b
   152ec:	a887b683          	ld	a3,-1400(a5) # 1aa88 <blanks.1+0x18>
   152f0:	6562                	ld	a0,24(sp)
   152f2:	85a2                	mv	a1,s0
   152f4:	4601                	li	a2,0
   152f6:	799030ef          	jal	1928e <__getf2>
   152fa:	00054963          	bltz	a0,1530c <_ldtoa_r+0x146>
   152fe:	67c1                	lui	a5,0x10
   15300:	0167e7b3          	or	a5,a5,s6
   15304:	4705                	li	a4,1
   15306:	da3e                	sw	a5,52(sp)
   15308:	d23a                	sw	a4,36(sp)
   1530a:	bf61                	j	152a2 <_ldtoa_r+0xdc>
   1530c:	6562                	ld	a0,24(sp)
   1530e:	85a6                	mv	a1,s1
   15310:	4601                	li	a2,0
   15312:	4681                	li	a3,0
   15314:	6d3030ef          	jal	191e6 <__eqtf2>
   15318:	e119                	bnez	a0,1531e <_ldtoa_r+0x158>
   1531a:	d202                	sw	zero,36(sp)
   1531c:	b759                	j	152a2 <_ldtoa_r+0xdc>
   1531e:	77f1                	lui	a5,0xffffc
   15320:	f927879b          	addiw	a5,a5,-110 # ffffffffffffbf92 <__BSS_END__+0xfffffffffffdfdc2>
   15324:	4709                	li	a4,2
   15326:	00fb8c3b          	addw	s8,s7,a5
   1532a:	d23a                	sw	a4,36(sp)
   1532c:	bf9d                	j	152a2 <_ldtoa_r+0xdc>
   1532e:	4791                	li	a5,4
   15330:	d23e                	sw	a5,36(sp)
   15332:	bf85                	j	152a2 <_ldtoa_r+0xdc>

0000000000015334 <_ldcheck>:
   15334:	7179                	addi	sp,sp,-48
   15336:	ec26                	sd	s1,24(sp)
   15338:	6504                	ld	s1,8(a0)
   1533a:	e84a                	sd	s2,16(sp)
   1533c:	e44e                	sd	s3,8(sp)
   1533e:	00053903          	ld	s2,0(a0)
   15342:	59fd                	li	s3,-1
   15344:	0019d793          	srli	a5,s3,0x1
   15348:	8cfd                	and	s1,s1,a5
   1534a:	86a6                	mv	a3,s1
   1534c:	85a6                	mv	a1,s1
   1534e:	864a                	mv	a2,s2
   15350:	854a                	mv	a0,s2
   15352:	f406                	sd	ra,40(sp)
   15354:	6b7040ef          	jal	1a20a <__unordtf2>
   15358:	e921                	bnez	a0,153a8 <_ldcheck+0x74>
   1535a:	07fff6b7          	lui	a3,0x7fff
   1535e:	1692                	slli	a3,a3,0x24
   15360:	96ce                	add	a3,a3,s3
   15362:	864e                	mv	a2,s3
   15364:	854a                	mv	a0,s2
   15366:	85a6                	mv	a1,s1
   15368:	f022                	sd	s0,32(sp)
   1536a:	4405                	li	s0,1
   1536c:	69f040ef          	jal	1a20a <__unordtf2>
   15370:	cd11                	beqz	a0,1538c <_ldcheck+0x58>
   15372:	70a2                	ld	ra,40(sp)
   15374:	00144513          	xori	a0,s0,1
   15378:	7402                	ld	s0,32(sp)
   1537a:	0ff57513          	zext.b	a0,a0
   1537e:	64e2                	ld	s1,24(sp)
   15380:	6942                	ld	s2,16(sp)
   15382:	69a2                	ld	s3,8(sp)
   15384:	0015151b          	slliw	a0,a0,0x1
   15388:	6145                	addi	sp,sp,48
   1538a:	8082                	ret
   1538c:	07fff7b7          	lui	a5,0x7fff
   15390:	1792                	slli	a5,a5,0x24
   15392:	864e                	mv	a2,s3
   15394:	013786b3          	add	a3,a5,s3
   15398:	854a                	mv	a0,s2
   1539a:	85a6                	mv	a1,s1
   1539c:	7a9030ef          	jal	19344 <__letf2>
   153a0:	fca059e3          	blez	a0,15372 <_ldcheck+0x3e>
   153a4:	4401                	li	s0,0
   153a6:	b7f1                	j	15372 <_ldcheck+0x3e>
   153a8:	70a2                	ld	ra,40(sp)
   153aa:	64e2                	ld	s1,24(sp)
   153ac:	6942                	ld	s2,16(sp)
   153ae:	69a2                	ld	s3,8(sp)
   153b0:	4505                	li	a0,1
   153b2:	6145                	addi	sp,sp,48
   153b4:	8082                	ret

00000000000153b6 <__gdtoa>:
   153b6:	00072303          	lw	t1,0(a4)
   153ba:	7111                	addi	sp,sp,-256
   153bc:	f9a2                	sd	s0,240(sp)
   153be:	6412                	ld	s0,256(sp)
   153c0:	edce                	sd	s3,216(sp)
   153c2:	fcf37e13          	andi	t3,t1,-49
   153c6:	fd86                	sd	ra,248(sp)
   153c8:	01c72023          	sw	t3,0(a4)
   153cc:	4e8d                	li	t4,3
   153ce:	00f37e13          	andi	t3,t1,15
   153d2:	89a2                	mv	s3,s0
   153d4:	27de0763          	beq	t3,t4,15642 <__gdtoa+0x28c>
   153d8:	fd5e                	sd	s7,184(sp)
   153da:	00c37413          	andi	s0,t1,12
   153de:	8ba2                	mv	s7,s0
   153e0:	1c041163          	bnez	s0,155a2 <__gdtoa+0x1ec>
   153e4:	e9d2                	sd	s4,208(sp)
   153e6:	f962                	sd	s8,176(sp)
   153e8:	f566                	sd	s9,168(sp)
   153ea:	f16a                	sd	s10,160(sp)
   153ec:	ed6e                	sd	s11,152(sp)
   153ee:	e03a                	sd	a4,0(sp)
   153f0:	8a2a                	mv	s4,a0
   153f2:	8cc6                	mv	s9,a7
   153f4:	8c36                	mv	s8,a3
   153f6:	8d32                	mv	s10,a2
   153f8:	8dae                	mv	s11,a1
   153fa:	200e0d63          	beqz	t3,15614 <__gdtoa+0x25e>
   153fe:	4194                	lw	a3,0(a1)
   15400:	e5d6                	sd	s5,200(sp)
   15402:	e1da                	sd	s6,192(sp)
   15404:	8abe                	mv	s5,a5
   15406:	02000793          	li	a5,32
   1540a:	8b42                	mv	s6,a6
   1540c:	4581                	li	a1,0
   1540e:	00d7d763          	bge	a5,a3,1541c <__gdtoa+0x66>
   15412:	0017979b          	slliw	a5,a5,0x1
   15416:	2585                	addiw	a1,a1,1
   15418:	fed7cde3          	blt	a5,a3,15412 <__gdtoa+0x5c>
   1541c:	8552                	mv	a0,s4
   1541e:	e836                	sd	a3,16(sp)
   15420:	e41a                	sd	t1,8(sp)
   15422:	3aa010ef          	jal	167cc <_Balloc>
   15426:	6322                	ld	t1,8(sp)
   15428:	66c2                	ld	a3,16(sp)
   1542a:	842a                	mv	s0,a0
   1542c:	1a050f63          	beqz	a0,155ea <__gdtoa+0x234>
   15430:	fff6871b          	addiw	a4,a3,-1 # 7ffefff <__BSS_END__+0x7fe2e2f>
   15434:	4057571b          	sraiw	a4,a4,0x5
   15438:	070a                	slli	a4,a4,0x2
   1543a:	87e2                	mv	a5,s8
   1543c:	00ec0533          	add	a0,s8,a4
   15440:	01840613          	addi	a2,s0,24
   15444:	438c                	lw	a1,0(a5)
   15446:	0791                	addi	a5,a5,4 # 7fff004 <__BSS_END__+0x7fe2e34>
   15448:	0611                	addi	a2,a2,4
   1544a:	feb62e23          	sw	a1,-4(a2)
   1544e:	fef57be3          	bgeu	a0,a5,15444 <__gdtoa+0x8e>
   15452:	001c0793          	addi	a5,s8,1
   15456:	0505                	addi	a0,a0,1
   15458:	00f53533          	sltu	a0,a0,a5
   1545c:	157d                	addi	a0,a0,-1
   1545e:	8f69                	and	a4,a4,a0
   15460:	0711                	addi	a4,a4,4
   15462:	40275793          	srai	a5,a4,0x2
   15466:	9722                	add	a4,a4,s0
   15468:	a021                	j	15470 <__gdtoa+0xba>
   1546a:	1771                	addi	a4,a4,-4
   1546c:	1e078963          	beqz	a5,1565e <__gdtoa+0x2a8>
   15470:	4b50                	lw	a2,20(a4)
   15472:	85be                	mv	a1,a5
   15474:	37fd                	addiw	a5,a5,-1
   15476:	da75                	beqz	a2,1546a <__gdtoa+0xb4>
   15478:	078a                	slli	a5,a5,0x2
   1547a:	97a2                	add	a5,a5,s0
   1547c:	4f88                	lw	a0,24(a5)
   1547e:	c84c                	sw	a1,20(s0)
   15480:	ec1a                	sd	t1,24(sp)
   15482:	e836                	sd	a3,16(sp)
   15484:	e42e                	sd	a1,8(sp)
   15486:	5a4010ef          	jal	16a2a <__hi0bits>
   1548a:	65a2                	ld	a1,8(sp)
   1548c:	6362                	ld	t1,24(sp)
   1548e:	66c2                	ld	a3,16(sp)
   15490:	0055959b          	slliw	a1,a1,0x5
   15494:	40a587bb          	subw	a5,a1,a0
   15498:	8522                	mv	a0,s0
   1549a:	ec3e                	sd	a5,24(sp)
   1549c:	e836                	sd	a3,16(sp)
   1549e:	e41a                	sd	t1,8(sp)
   154a0:	2ec010ef          	jal	1678c <__trailz_D2A>
   154a4:	c72a                	sw	a0,140(sp)
   154a6:	6322                	ld	t1,8(sp)
   154a8:	66c2                	ld	a3,16(sp)
   154aa:	67e2                	ld	a5,24(sp)
   154ac:	866a                	mv	a2,s10
   154ae:	3a051963          	bnez	a0,15860 <__gdtoa+0x4aa>
   154b2:	4858                	lw	a4,20(s0)
   154b4:	14070a63          	beqz	a4,15608 <__gdtoa+0x252>
   154b8:	016c                	addi	a1,sp,140
   154ba:	8522                	mv	a0,s0
   154bc:	f03e                	sd	a5,32(sp)
   154be:	ec36                	sd	a3,24(sp)
   154c0:	e832                	sd	a2,16(sp)
   154c2:	e41a                	sd	t1,8(sp)
   154c4:	f5a6                	sd	s1,232(sp)
   154c6:	549010ef          	jal	1720e <__b2d>
   154ca:	e2050753          	fmv.x.d	a4,fa0
   154ce:	3ff00537          	lui	a0,0x3ff00
   154d2:	00c71593          	slli	a1,a4,0xc
   154d6:	02071f13          	slli	t5,a4,0x20
   154da:	02c5d713          	srli	a4,a1,0x2c
   154de:	00a765b3          	or	a1,a4,a0
   154e2:	02059713          	slli	a4,a1,0x20
   154e6:	020f5f13          	srli	t5,t5,0x20
   154ea:	00ef6f33          	or	t5,t5,a4
   154ee:	f20f07d3          	fmv.d.x	fa5,t5
   154f2:	1781b707          	fld	fa4,376(gp) # 1bb48 <__SDATA_BEGIN__+0x8>
   154f6:	1801b687          	fld	fa3,384(gp) # 1bb50 <__SDATA_BEGIN__+0x10>
   154fa:	0ae7f753          	fsub.d	fa4,fa5,fa4
   154fe:	1881b787          	fld	fa5,392(gp) # 1bb58 <__SDATA_BEGIN__+0x18>
   15502:	6642                	ld	a2,16(sp)
   15504:	7782                	ld	a5,32(sp)
   15506:	852e                	mv	a0,a1
   15508:	7ad77743          	fmadd.d	fa4,fa4,fa3,fa5
   1550c:	00f608bb          	addw	a7,a2,a5
   15510:	fff8859b          	addiw	a1,a7,-1
   15514:	1901b687          	fld	fa3,400(gp) # 1bb60 <__SDATA_BEGIN__+0x20>
   15518:	d20587d3          	fcvt.d.w	fa5,a1
   1551c:	6322                	ld	t1,8(sp)
   1551e:	66e2                	ld	a3,24(sp)
   15520:	72d7f7c3          	fmadd.d	fa5,fa5,fa3,fa4
   15524:	872e                	mv	a4,a1
   15526:	0005d563          	bgez	a1,15530 <__gdtoa+0x17a>
   1552a:	4705                	li	a4,1
   1552c:	4117073b          	subw	a4,a4,a7
   15530:	bcb7071b          	addiw	a4,a4,-1077
   15534:	00e05863          	blez	a4,15544 <__gdtoa+0x18e>
   15538:	1981b707          	fld	fa4,408(gp) # 1bb68 <__SDATA_BEGIN__+0x28>
   1553c:	d20706d3          	fcvt.d.w	fa3,a4
   15540:	7ae6f7c3          	fmadd.d	fa5,fa3,fa4,fa5
   15544:	f2000753          	fmv.d.x	fa4,zero
   15548:	c2079853          	fcvt.w.d	a6,fa5,rtz
   1554c:	a2e79753          	flt.d	a4,fa5,fa4
   15550:	42071763          	bnez	a4,1597e <__gdtoa+0x5c8>
   15554:	0145971b          	slliw	a4,a1,0x14
   15558:	1f02                	slli	t5,t5,0x20
   1555a:	9f29                	addw	a4,a4,a0
   1555c:	1702                	slli	a4,a4,0x20
   1555e:	020f5f13          	srli	t5,t5,0x20
   15562:	40b785bb          	subw	a1,a5,a1
   15566:	00ef6f33          	or	t5,t5,a4
   1556a:	fff58e9b          	addiw	t4,a1,-1
   1556e:	4759                	li	a4,22
   15570:	8e76                	mv	t3,t4
   15572:	0f076963          	bltu	a4,a6,15664 <__gdtoa+0x2ae>
   15576:	656d                	lui	a0,0x1b
   15578:	b0850513          	addi	a0,a0,-1272 # 1ab08 <__mprec_tens>
   1557c:	00381713          	slli	a4,a6,0x3
   15580:	972a                	add	a4,a4,a0
   15582:	231c                	fld	fa5,0(a4)
   15584:	f20f0753          	fmv.d.x	fa4,t5
   15588:	a2f71753          	flt.d	a4,fa4,fa5
   1558c:	30071263          	bnez	a4,15890 <__gdtoa+0x4da>
   15590:	0cb051e3          	blez	a1,15e52 <__gdtoa+0xa9c>
   15594:	01d80ebb          	addw	t4,a6,t4
   15598:	f082                	sd	zero,96(sp)
   1559a:	e8c2                	sd	a6,80(sp)
   1559c:	e802                	sd	zero,16(sp)
   1559e:	e482                	sd	zero,72(sp)
   155a0:	a0cd                	j	15682 <__gdtoa+0x2cc>
   155a2:	4791                	li	a5,4
   155a4:	04fe1a63          	bne	t3,a5,155f8 <__gdtoa+0x242>
   155a8:	744e                	ld	s0,240(sp)
   155aa:	7bea                	ld	s7,184(sp)
   155ac:	70ee                	ld	ra,248(sp)
   155ae:	77e1                	lui	a5,0xffff8
   155b0:	864e                	mv	a2,s3
   155b2:	69ee                	ld	s3,216(sp)
   155b4:	65e9                	lui	a1,0x1a
   155b6:	00f8a023          	sw	a5,0(a7)
   155ba:	86f6                	mv	a3,t4
   155bc:	5a058593          	addi	a1,a1,1440 # 1a5a0 <__clzdi2+0x18e>
   155c0:	6111                	addi	sp,sp,256
   155c2:	72b0006f          	j	164ec <__nrv_alloc_D2A>
   155c6:	85fa                	mv	a1,t5
   155c8:	8552                	mv	a0,s4
   155ca:	fc3a                	sd	a4,56(sp)
   155cc:	f872                	sd	t3,48(sp)
   155ce:	f442                	sd	a6,40(sp)
   155d0:	f03e                	sd	a5,32(sp)
   155d2:	ec46                	sd	a7,24(sp)
   155d4:	0d7010ef          	jal	16eaa <__lshift>
   155d8:	68e2                	ld	a7,24(sp)
   155da:	7782                	ld	a5,32(sp)
   155dc:	7822                	ld	a6,40(sp)
   155de:	7e42                	ld	t3,48(sp)
   155e0:	7762                	ld	a4,56(sp)
   155e2:	8f2a                	mv	t5,a0
   155e4:	4e051063          	bnez	a0,15ac4 <__gdtoa+0x70e>
   155e8:	74ae                	ld	s1,232(sp)
   155ea:	6a4e                	ld	s4,208(sp)
   155ec:	6aae                	ld	s5,200(sp)
   155ee:	6b0e                	ld	s6,192(sp)
   155f0:	7c4a                	ld	s8,176(sp)
   155f2:	7caa                	ld	s9,168(sp)
   155f4:	7d0a                	ld	s10,160(sp)
   155f6:	6dea                	ld	s11,152(sp)
   155f8:	4701                	li	a4,0
   155fa:	70ee                	ld	ra,248(sp)
   155fc:	744e                	ld	s0,240(sp)
   155fe:	7bea                	ld	s7,184(sp)
   15600:	69ee                	ld	s3,216(sp)
   15602:	853a                	mv	a0,a4
   15604:	6111                	addi	sp,sp,256
   15606:	8082                	ret
   15608:	85a2                	mv	a1,s0
   1560a:	8552                	mv	a0,s4
   1560c:	230010ef          	jal	1683c <_Bfree>
   15610:	6aae                	ld	s5,200(sp)
   15612:	6b0e                	ld	s6,192(sp)
   15614:	4685                	li	a3,1
   15616:	65e9                	lui	a1,0x1a
   15618:	864e                	mv	a2,s3
   1561a:	8552                	mv	a0,s4
   1561c:	00dca023          	sw	a3,0(s9)
   15620:	58858593          	addi	a1,a1,1416 # 1a588 <__clzdi2+0x176>
   15624:	6c9000ef          	jal	164ec <__nrv_alloc_D2A>
   15628:	70ee                	ld	ra,248(sp)
   1562a:	744e                	ld	s0,240(sp)
   1562c:	872a                	mv	a4,a0
   1562e:	6a4e                	ld	s4,208(sp)
   15630:	7c4a                	ld	s8,176(sp)
   15632:	7caa                	ld	s9,168(sp)
   15634:	7d0a                	ld	s10,160(sp)
   15636:	6dea                	ld	s11,152(sp)
   15638:	7bea                	ld	s7,184(sp)
   1563a:	69ee                	ld	s3,216(sp)
   1563c:	853a                	mv	a0,a4
   1563e:	6111                	addi	sp,sp,256
   15640:	8082                	ret
   15642:	8622                	mv	a2,s0
   15644:	744e                	ld	s0,240(sp)
   15646:	70ee                	ld	ra,248(sp)
   15648:	69ee                	ld	s3,216(sp)
   1564a:	77e1                	lui	a5,0xffff8
   1564c:	65e9                	lui	a1,0x1a
   1564e:	00f8a023          	sw	a5,0(a7)
   15652:	59058593          	addi	a1,a1,1424 # 1a590 <__clzdi2+0x17e>
   15656:	46a1                	li	a3,8
   15658:	6111                	addi	sp,sp,256
   1565a:	6930006f          	j	164ec <__nrv_alloc_D2A>
   1565e:	00042a23          	sw	zero,20(s0)
   15662:	bd1d                	j	15498 <__gdtoa+0xe2>
   15664:	4705                	li	a4,1
   15666:	f0ba                	sd	a4,96(sp)
   15668:	e802                	sd	zero,16(sp)
   1566a:	200e4c63          	bltz	t3,15882 <__gdtoa+0x4cc>
   1566e:	20085563          	bgez	a6,15878 <__gdtoa+0x4c2>
   15672:	6742                	ld	a4,16(sp)
   15674:	e882                	sd	zero,80(sp)
   15676:	4107073b          	subw	a4,a4,a6
   1567a:	e83a                	sd	a4,16(sp)
   1567c:	4100073b          	negw	a4,a6
   15680:	e4ba                	sd	a4,72(sp)
   15682:	4725                	li	a4,9
   15684:	2d576763          	bltu	a4,s5,15952 <__gdtoa+0x59c>
   15688:	4715                	li	a4,5
   1568a:	55575063          	bge	a4,s5,15bca <__gdtoa+0x814>
   1568e:	ffca851b          	addiw	a0,s5,-4
   15692:	4591                	li	a1,4
   15694:	8aaa                	mv	s5,a0
   15696:	2eb50c63          	beq	a0,a1,1598e <__gdtoa+0x5d8>
   1569a:	6ee50163          	beq	a0,a4,15d7c <__gdtoa+0x9c6>
   1569e:	4709                	li	a4,2
   156a0:	f482                	sd	zero,104(sp)
   156a2:	4481                	li	s1,0
   156a4:	2ee50863          	beq	a0,a4,15994 <__gdtoa+0x5de>
   156a8:	4a8d                	li	s5,3
   156aa:	010b073b          	addw	a4,s6,a6
   156ae:	f8ba                	sd	a4,112(sp)
   156b0:	0017089b          	addiw	a7,a4,1
   156b4:	6d105163          	blez	a7,15d76 <__gdtoa+0x9c0>
   156b8:	8746                	mv	a4,a7
   156ba:	85c6                	mv	a1,a7
   156bc:	8552                	mv	a0,s4
   156be:	c73a                	sw	a4,140(sp)
   156c0:	e0fa                	sd	t5,64(sp)
   156c2:	fc76                	sd	t4,56(sp)
   156c4:	f83e                	sd	a5,48(sp)
   156c6:	f436                	sd	a3,40(sp)
   156c8:	f042                	sd	a6,32(sp)
   156ca:	ec32                	sd	a2,24(sp)
   156cc:	e446                	sd	a7,8(sp)
   156ce:	ec9a                	sd	t1,88(sp)
   156d0:	5d9000ef          	jal	164a8 <__rv_alloc_D2A>
   156d4:	872a                	mv	a4,a0
   156d6:	f00509e3          	beqz	a0,155e8 <__gdtoa+0x232>
   156da:	00cdae03          	lw	t3,12(s11)
   156de:	68a2                	ld	a7,8(sp)
   156e0:	6662                	ld	a2,24(sp)
   156e2:	3e7d                	addiw	t3,t3,-1
   156e4:	7802                	ld	a6,32(sp)
   156e6:	76a2                	ld	a3,40(sp)
   156e8:	77c2                	ld	a5,48(sp)
   156ea:	7ee2                	ld	t4,56(sp)
   156ec:	6f06                	ld	t5,64(sp)
   156ee:	000e0d63          	beqz	t3,15708 <__gdtoa+0x352>
   156f2:	6366                	ld	t1,88(sp)
   156f4:	000e5363          	bgez	t3,156fa <__gdtoa+0x344>
   156f8:	4e09                	li	t3,2
   156fa:	10037313          	andi	t1,t1,256
   156fe:	1e030463          	beqz	t1,158e6 <__gdtoa+0x530>
   15702:	458d                	li	a1,3
   15704:	41c58e3b          	subw	t3,a1,t3
   15708:	00f8b593          	sltiu	a1,a7,15
   1570c:	1c058d63          	beqz	a1,158e6 <__gdtoa+0x530>
   15710:	1c048b63          	beqz	s1,158e6 <__gdtoa+0x530>
   15714:	010e65b3          	or	a1,t3,a6
   15718:	1c059763          	bnez	a1,158e6 <__gdtoa+0x530>
   1571c:	7586                	ld	a1,96(sp)
   1571e:	c702                	sw	zero,140(sp)
   15720:	f20f06d3          	fmv.d.x	fa3,t5
   15724:	c599                	beqz	a1,15732 <__gdtoa+0x37c>
   15726:	1701b787          	fld	fa5,368(gp) # 1bb40 <__SDATA_BEGIN__>
   1572a:	a2f695d3          	flt.d	a1,fa3,fa5
   1572e:	16059463          	bnez	a1,15896 <__gdtoa+0x4e0>
   15732:	1a81b787          	fld	fa5,424(gp) # 1bb78 <__SDATA_BEGIN__+0x38>
   15736:	fcc00537          	lui	a0,0xfcc00
   1573a:	a43e                	fsd	fa5,8(sp)
   1573c:	2722                	fld	fa4,8(sp)
   1573e:	1b01b787          	fld	fa5,432(gp) # 1bb80 <__SDATA_BEGIN__+0x40>
   15742:	7ae6f7c3          	fmadd.d	fa5,fa3,fa4,fa5
   15746:	e20785d3          	fmv.x.d	a1,fa5
   1574a:	02059e13          	slli	t3,a1,0x20
   1574e:	9181                	srli	a1,a1,0x20
   15750:	9da9                	addw	a1,a1,a0
   15752:	020e5e13          	srli	t3,t3,0x20
   15756:	1582                	slli	a1,a1,0x20
   15758:	00be6e33          	or	t3,t3,a1
   1575c:	16088463          	beqz	a7,158c4 <__gdtoa+0x50e>
   15760:	22d687d3          	fmv.d	fa5,fa3
   15764:	4581                	li	a1,0
   15766:	8fc6                	mv	t6,a7
   15768:	656d                	lui	a0,0x1b
   1576a:	ffff831b          	addiw	t1,t6,-1
   1576e:	74a6                	ld	s1,104(sp)
   15770:	b0850513          	addi	a0,a0,-1272 # 1ab08 <__mprec_tens>
   15774:	030e                	slli	t1,t1,0x3
   15776:	932a                	add	t1,t1,a0
   15778:	00033607          	fld	fa2,0(t1)
   1577c:	120486e3          	beqz	s1,160a8 <__gdtoa+0xcf2>
   15780:	1d01b707          	fld	fa4,464(gp) # 1bba0 <__SDATA_BEGIN__+0x60>
   15784:	c20792d3          	fcvt.w.d	t0,fa5,rtz
   15788:	00170313          	addi	t1,a4,1
   1578c:	1ac77753          	fdiv.d	fa4,fa4,fa2
   15790:	d20286d3          	fcvt.d.w	fa3,t0
   15794:	0302829b          	addiw	t0,t0,48 # 12032 <__call_exitprocs+0x16>
   15798:	00570023          	sb	t0,0(a4)
   1579c:	0ad7f7d3          	fsub.d	fa5,fa5,fa3
   157a0:	f20e06d3          	fmv.d.x	fa3,t3
   157a4:	0ad77753          	fsub.d	fa4,fa4,fa3
   157a8:	a2e79e53          	flt.d	t3,fa5,fa4
   157ac:	2c0e16e3          	bnez	t3,16278 <__gdtoa+0xec2>
   157b0:	1701b587          	fld	fa1,368(gp) # 1bb40 <__SDATA_BEGIN__>
   157b4:	1b81b607          	fld	fa2,440(gp) # 1bb88 <__SDATA_BEGIN__+0x48>
   157b8:	a80d                	j	157ea <__gdtoa+0x434>
   157ba:	4e3a                	lw	t3,140(sp)
   157bc:	0305                	addi	t1,t1,1
   157be:	2e05                	addiw	t3,t3,1
   157c0:	c772                	sw	t3,140(sp)
   157c2:	39fe59e3          	bge	t3,t6,16354 <__gdtoa+0xf9e>
   157c6:	12c7f7d3          	fmul.d	fa5,fa5,fa2
   157ca:	12c77753          	fmul.d	fa4,fa4,fa2
   157ce:	c2079e53          	fcvt.w.d	t3,fa5,rtz
   157d2:	d20e06d3          	fcvt.d.w	fa3,t3
   157d6:	030e0e1b          	addiw	t3,t3,48
   157da:	ffc30fa3          	sb	t3,-1(t1)
   157de:	0ad7f7d3          	fsub.d	fa5,fa5,fa3
   157e2:	a2e79e53          	flt.d	t3,fa5,fa4
   157e6:	280e19e3          	bnez	t3,16278 <__gdtoa+0xec2>
   157ea:	0af5f6d3          	fsub.d	fa3,fa1,fa5
   157ee:	a2e69e53          	flt.d	t3,fa3,fa4
   157f2:	fc0e04e3          	beqz	t3,157ba <__gdtoa+0x404>
   157f6:	fff34683          	lbu	a3,-1(t1)
   157fa:	03900613          	li	a2,57
   157fe:	a031                	j	1580a <__gdtoa+0x454>
   15800:	18f70ae3          	beq	a4,a5,16194 <__gdtoa+0xdde>
   15804:	fff7c683          	lbu	a3,-1(a5) # ffffffffffff7fff <__BSS_END__+0xfffffffffffdbe2f>
   15808:	833e                	mv	t1,a5
   1580a:	fff30793          	addi	a5,t1,-1
   1580e:	fec689e3          	beq	a3,a2,15800 <__gdtoa+0x44a>
   15812:	0685                	addi	a3,a3,1
   15814:	00d78023          	sb	a3,0(a5)
   15818:	0015861b          	addiw	a2,a1,1
   1581c:	02000b93          	li	s7,32
   15820:	85a2                	mv	a1,s0
   15822:	8552                	mv	a0,s4
   15824:	ec3a                	sd	a4,24(sp)
   15826:	e832                	sd	a2,16(sp)
   15828:	e41a                	sd	t1,8(sp)
   1582a:	012010ef          	jal	1683c <_Bfree>
   1582e:	6322                	ld	t1,8(sp)
   15830:	6642                	ld	a2,16(sp)
   15832:	6762                	ld	a4,24(sp)
   15834:	00030023          	sb	zero,0(t1)
   15838:	00cca023          	sw	a2,0(s9)
   1583c:	00098463          	beqz	s3,15844 <__gdtoa+0x48e>
   15840:	0069b023          	sd	t1,0(s3)
   15844:	6682                	ld	a3,0(sp)
   15846:	74ae                	ld	s1,232(sp)
   15848:	6a4e                	ld	s4,208(sp)
   1584a:	429c                	lw	a5,0(a3)
   1584c:	6aae                	ld	s5,200(sp)
   1584e:	6b0e                	ld	s6,192(sp)
   15850:	00fbe7b3          	or	a5,s7,a5
   15854:	7c4a                	ld	s8,176(sp)
   15856:	7caa                	ld	s9,168(sp)
   15858:	7d0a                	ld	s10,160(sp)
   1585a:	6dea                	ld	s11,152(sp)
   1585c:	c29c                	sw	a5,0(a3)
   1585e:	bb71                	j	155fa <__gdtoa+0x244>
   15860:	85aa                	mv	a1,a0
   15862:	8522                	mv	a0,s0
   15864:	685000ef          	jal	166e8 <__rshift_D2A>
   15868:	463a                	lw	a2,140(sp)
   1586a:	67e2                	ld	a5,24(sp)
   1586c:	66c2                	ld	a3,16(sp)
   1586e:	6322                	ld	t1,8(sp)
   15870:	9f91                	subw	a5,a5,a2
   15872:	01a6063b          	addw	a2,a2,s10
   15876:	b935                	j	154b2 <__gdtoa+0xfc>
   15878:	01d80ebb          	addw	t4,a6,t4
   1587c:	e8c2                	sd	a6,80(sp)
   1587e:	e482                	sd	zero,72(sp)
   15880:	b509                	j	15682 <__gdtoa+0x2cc>
   15882:	4705                	li	a4,1
   15884:	9f0d                	subw	a4,a4,a1
   15886:	e83a                	sd	a4,16(sp)
   15888:	4e81                	li	t4,0
   1588a:	de0844e3          	bltz	a6,15672 <__gdtoa+0x2bc>
   1588e:	b7ed                	j	15878 <__gdtoa+0x4c2>
   15890:	387d                	addiw	a6,a6,-1
   15892:	f082                	sd	zero,96(sp)
   15894:	bbd1                	j	15668 <__gdtoa+0x2b2>
   15896:	180896e3          	bnez	a7,16222 <__gdtoa+0xe6c>
   1589a:	1a81b787          	fld	fa5,424(gp) # 1bb78 <__SDATA_BEGIN__+0x38>
   1589e:	fcc00537          	lui	a0,0xfcc00
   158a2:	a43e                	fsd	fa5,8(sp)
   158a4:	2722                	fld	fa4,8(sp)
   158a6:	1b01b787          	fld	fa5,432(gp) # 1bb80 <__SDATA_BEGIN__+0x40>
   158aa:	7ad777c3          	fmadd.d	fa5,fa4,fa3,fa5
   158ae:	e20785d3          	fmv.x.d	a1,fa5
   158b2:	02059e13          	slli	t3,a1,0x20
   158b6:	9181                	srli	a1,a1,0x20
   158b8:	9da9                	addw	a1,a1,a0
   158ba:	020e5e13          	srli	t3,t3,0x20
   158be:	1582                	slli	a1,a1,0x20
   158c0:	00be6e33          	or	t3,t3,a1
   158c4:	1c81b787          	fld	fa5,456(gp) # 1bb98 <__SDATA_BEGIN__+0x58>
   158c8:	0af6f6d3          	fsub.d	fa3,fa3,fa5
   158cc:	f20e07d3          	fmv.d.x	fa5,t3
   158d0:	a2d795d3          	flt.d	a1,fa5,fa3
   158d4:	08059de3          	bnez	a1,1616e <__gdtoa+0xdb8>
   158d8:	22f797d3          	fneg.d	fa5,fa5
   158dc:	a2f695d3          	flt.d	a1,fa3,fa5
   158e0:	48059063          	bnez	a1,15d60 <__gdtoa+0x9aa>
   158e4:	4e01                	li	t3,0
   158e6:	fff64593          	not	a1,a2
   158ea:	01f5d59b          	srliw	a1,a1,0x1f
   158ee:	cdcd                	beqz	a1,159a8 <__gdtoa+0x5f2>
   158f0:	00f82593          	slti	a1,a6,15
   158f4:	c9d5                	beqz	a1,159a8 <__gdtoa+0x5f2>
   158f6:	656d                	lui	a0,0x1b
   158f8:	b0850513          	addi	a0,a0,-1272 # 1ab08 <__mprec_tens>
   158fc:	00381693          	slli	a3,a6,0x3
   15900:	96aa                	add	a3,a3,a0
   15902:	01fb579b          	srliw	a5,s6,0x1f
   15906:	2298                	fld	fa4,0(a3)
   15908:	30078863          	beqz	a5,15c18 <__gdtoa+0x862>
   1590c:	31104663          	bgtz	a7,15c18 <__gdtoa+0x862>
   15910:	44089863          	bnez	a7,15d60 <__gdtoa+0x9aa>
   15914:	1c81b787          	fld	fa5,456(gp) # 1bb98 <__SDATA_BEGIN__+0x58>
   15918:	12f77753          	fmul.d	fa4,fa4,fa5
   1591c:	f20f07d3          	fmv.d.x	fa5,t5
   15920:	a2e787d3          	fle.d	a5,fa5,fa4
   15924:	42079e63          	bnez	a5,15d60 <__gdtoa+0x9aa>
   15928:	03100793          	li	a5,49
   1592c:	00170313          	addi	t1,a4,1
   15930:	00f70023          	sb	a5,0(a4)
   15934:	4581                	li	a1,0
   15936:	8552                	mv	a0,s4
   15938:	ec42                	sd	a6,24(sp)
   1593a:	e83a                	sd	a4,16(sp)
   1593c:	e41a                	sd	t1,8(sp)
   1593e:	6ff000ef          	jal	1683c <_Bfree>
   15942:	6862                	ld	a6,24(sp)
   15944:	6322                	ld	t1,8(sp)
   15946:	6742                	ld	a4,16(sp)
   15948:	0028061b          	addiw	a2,a6,2
   1594c:	02000b93          	li	s7,32
   15950:	bdc1                	j	15820 <__gdtoa+0x46a>
   15952:	3fd8889b          	addiw	a7,a7,1021
   15956:	7f88b493          	sltiu	s1,a7,2040
   1595a:	4a81                	li	s5,0
   1595c:	1a01b707          	fld	fa4,416(gp) # 1bb70 <__SDATA_BEGIN__+0x30>
   15960:	d20687d3          	fcvt.d.w	fa5,a3
   15964:	577d                	li	a4,-1
   15966:	f8ba                	sd	a4,112(sp)
   15968:	12e7f7d3          	fmul.d	fa5,fa5,fa4
   1596c:	88ba                	mv	a7,a4
   1596e:	4705                	li	a4,1
   15970:	f4ba                	sd	a4,104(sp)
   15972:	4b01                	li	s6,0
   15974:	c20795d3          	fcvt.w.d	a1,fa5,rtz
   15978:	258d                	addiw	a1,a1,3
   1597a:	872e                	mv	a4,a1
   1597c:	b381                	j	156bc <__gdtoa+0x306>
   1597e:	d2080753          	fcvt.d.w	fa4,a6
   15982:	a2f72753          	feq.d	a4,fa4,fa5
   15986:	bc0717e3          	bnez	a4,15554 <__gdtoa+0x19e>
   1598a:	387d                	addiw	a6,a6,-1
   1598c:	b6e1                	j	15554 <__gdtoa+0x19e>
   1598e:	4705                	li	a4,1
   15990:	4481                	li	s1,0
   15992:	f4ba                	sd	a4,104(sp)
   15994:	000b059b          	sext.w	a1,s6
   15998:	01604363          	bgtz	s6,1599e <__gdtoa+0x5e8>
   1599c:	4585                	li	a1,1
   1599e:	872e                	mv	a4,a1
   159a0:	f8ae                	sd	a1,112(sp)
   159a2:	88ae                	mv	a7,a1
   159a4:	8b2e                	mv	s6,a1
   159a6:	bb19                	j	156bc <__gdtoa+0x306>
   159a8:	75a6                	ld	a1,104(sp)
   159aa:	24058163          	beqz	a1,15bec <__gdtoa+0x836>
   159ae:	9e9d                	subw	a3,a3,a5
   159b0:	004da503          	lw	a0,4(s11)
   159b4:	0016859b          	addiw	a1,a3,1
   159b8:	c72e                	sw	a1,140(sp)
   159ba:	40d606bb          	subw	a3,a2,a3
   159be:	4ea6d063          	bge	a3,a0,15e9e <__gdtoa+0xae8>
   159c2:	ffda869b          	addiw	a3,s5,-3
   159c6:	9af5                	andi	a3,a3,-3
   159c8:	3e068c63          	beqz	a3,15dc0 <__gdtoa+0xa0a>
   159cc:	40a606bb          	subw	a3,a2,a0
   159d0:	4605                	li	a2,1
   159d2:	2685                	addiw	a3,a3,1
   159d4:	01562633          	slt	a2,a2,s5
   159d8:	011025b3          	sgtz	a1,a7
   159dc:	c736                	sw	a3,140(sp)
   159de:	8e6d                	and	a2,a2,a1
   159e0:	c219                	beqz	a2,159e6 <__gdtoa+0x630>
   159e2:	20d8cfe3          	blt	a7,a3,16400 <__gdtoa+0x104a>
   159e6:	6642                	ld	a2,16(sp)
   159e8:	64a6                	ld	s1,72(sp)
   159ea:	01d68ebb          	addw	t4,a3,t4
   159ee:	9eb1                	addw	a3,a3,a2
   159f0:	ec36                	sd	a3,24(sp)
   159f2:	4585                	li	a1,1
   159f4:	8552                	mv	a0,s4
   159f6:	ecba                	sd	a4,88(sp)
   159f8:	e0f6                	sd	t4,64(sp)
   159fa:	fc3e                	sd	a5,56(sp)
   159fc:	f872                	sd	t3,48(sp)
   159fe:	f442                	sd	a6,40(sp)
   15a00:	f046                	sd	a7,32(sp)
   15a02:	14c010ef          	jal	16b4e <__i2b>
   15a06:	e42a                	sd	a0,8(sp)
   15a08:	be0500e3          	beqz	a0,155e8 <__gdtoa+0x232>
   15a0c:	66c2                	ld	a3,16(sp)
   15a0e:	7882                	ld	a7,32(sp)
   15a10:	7822                	ld	a6,40(sp)
   15a12:	7e42                	ld	t3,48(sp)
   15a14:	77e2                	ld	a5,56(sp)
   15a16:	6e86                	ld	t4,64(sp)
   15a18:	6766                	ld	a4,88(sp)
   15a1a:	c28d                	beqz	a3,15a3c <__gdtoa+0x686>
   15a1c:	03d05063          	blez	t4,15a3c <__gdtoa+0x686>
   15a20:	6642                	ld	a2,16(sp)
   15a22:	86b2                	mv	a3,a2
   15a24:	00ced363          	bge	t4,a2,15a2a <__gdtoa+0x674>
   15a28:	86f6                	mv	a3,t4
   15a2a:	6662                	ld	a2,24(sp)
   15a2c:	c736                	sw	a3,140(sp)
   15a2e:	40de8ebb          	subw	t4,t4,a3
   15a32:	9e15                	subw	a2,a2,a3
   15a34:	ec32                	sd	a2,24(sp)
   15a36:	6642                	ld	a2,16(sp)
   15a38:	9e15                	subw	a2,a2,a3
   15a3a:	e832                	sd	a2,16(sp)
   15a3c:	66a6                	ld	a3,72(sp)
   15a3e:	c69d                	beqz	a3,15a6c <__gdtoa+0x6b6>
   15a40:	60049a63          	bnez	s1,16054 <__gdtoa+0xc9e>
   15a44:	6626                	ld	a2,72(sp)
   15a46:	85a2                	mv	a1,s0
   15a48:	8552                	mv	a0,s4
   15a4a:	ecba                	sd	a4,88(sp)
   15a4c:	e0f6                	sd	t4,64(sp)
   15a4e:	fc3e                	sd	a5,56(sp)
   15a50:	f872                	sd	t3,48(sp)
   15a52:	f442                	sd	a6,40(sp)
   15a54:	f046                	sd	a7,32(sp)
   15a56:	36c010ef          	jal	16dc2 <__pow5mult>
   15a5a:	7882                	ld	a7,32(sp)
   15a5c:	7822                	ld	a6,40(sp)
   15a5e:	7e42                	ld	t3,48(sp)
   15a60:	77e2                	ld	a5,56(sp)
   15a62:	6e86                	ld	t4,64(sp)
   15a64:	6766                	ld	a4,88(sp)
   15a66:	842a                	mv	s0,a0
   15a68:	b80500e3          	beqz	a0,155e8 <__gdtoa+0x232>
   15a6c:	4585                	li	a1,1
   15a6e:	8552                	mv	a0,s4
   15a70:	e4ba                	sd	a4,72(sp)
   15a72:	e0f6                	sd	t4,64(sp)
   15a74:	fc3e                	sd	a5,56(sp)
   15a76:	f872                	sd	t3,48(sp)
   15a78:	f442                	sd	a6,40(sp)
   15a7a:	f046                	sd	a7,32(sp)
   15a7c:	0d2010ef          	jal	16b4e <__i2b>
   15a80:	8f2a                	mv	t5,a0
   15a82:	b60503e3          	beqz	a0,155e8 <__gdtoa+0x232>
   15a86:	66c6                	ld	a3,80(sp)
   15a88:	7882                	ld	a7,32(sp)
   15a8a:	7822                	ld	a6,40(sp)
   15a8c:	7e42                	ld	t3,48(sp)
   15a8e:	77e2                	ld	a5,56(sp)
   15a90:	6e86                	ld	t4,64(sp)
   15a92:	6726                	ld	a4,72(sp)
   15a94:	34069763          	bnez	a3,15de2 <__gdtoa+0xa2c>
   15a98:	002aa693          	slti	a3,s5,2
   15a9c:	c681                	beqz	a3,15aa4 <__gdtoa+0x6ee>
   15a9e:	17fd                	addi	a5,a5,-1
   15aa0:	10078963          	beqz	a5,15bb2 <__gdtoa+0x7fc>
   15aa4:	457d                	li	a0,31
   15aa6:	66e2                	ld	a3,24(sp)
   15aa8:	41d507bb          	subw	a5,a0,t4
   15aac:	37f1                	addiw	a5,a5,-4
   15aae:	8bfd                	andi	a5,a5,31
   15ab0:	00d7863b          	addw	a2,a5,a3
   15ab4:	c73e                	sw	a5,140(sp)
   15ab6:	86be                	mv	a3,a5
   15ab8:	2cc04763          	bgtz	a2,15d86 <__gdtoa+0x9d0>
   15abc:	00de863b          	addw	a2,t4,a3
   15ac0:	b0c043e3          	bgtz	a2,155c6 <__gdtoa+0x210>
   15ac4:	7686                	ld	a3,96(sp)
   15ac6:	e6d1                	bnez	a3,15b52 <__gdtoa+0x79c>
   15ac8:	1d104863          	bgtz	a7,15c98 <__gdtoa+0x8e2>
   15acc:	4689                	li	a3,2
   15ace:	1d56d563          	bge	a3,s5,15c98 <__gdtoa+0x8e2>
   15ad2:	85fa                	mv	a1,t5
   15ad4:	4681                	li	a3,0
   15ad6:	4615                	li	a2,5
   15ad8:	8552                	mv	a0,s4
   15ada:	f03a                	sd	a4,32(sp)
   15adc:	ec42                	sd	a6,24(sp)
   15ade:	e846                	sd	a7,16(sp)
   15ae0:	56f000ef          	jal	1684e <__multadd>
   15ae4:	85aa                	mv	a1,a0
   15ae6:	b00501e3          	beqz	a0,155e8 <__gdtoa+0x232>
   15aea:	68c2                	ld	a7,16(sp)
   15aec:	6862                	ld	a6,24(sp)
   15aee:	7702                	ld	a4,32(sp)
   15af0:	52089863          	bnez	a7,16020 <__gdtoa+0xc6a>
   15af4:	e82a                	sd	a0,16(sp)
   15af6:	8522                	mv	a0,s0
   15af8:	f03a                	sd	a4,32(sp)
   15afa:	ec42                	sd	a6,24(sp)
   15afc:	4c8010ef          	jal	16fc4 <__mcmp>
   15b00:	65c2                	ld	a1,16(sp)
   15b02:	6862                	ld	a6,24(sp)
   15b04:	7702                	ld	a4,32(sp)
   15b06:	50a05d63          	blez	a0,16020 <__gdtoa+0xc6a>
   15b0a:	03100793          	li	a5,49
   15b0e:	00f70023          	sb	a5,0(a4)
   15b12:	2805                	addiw	a6,a6,1
   15b14:	00170313          	addi	t1,a4,1
   15b18:	02000b93          	li	s7,32
   15b1c:	8552                	mv	a0,s4
   15b1e:	f03a                	sd	a4,32(sp)
   15b20:	ec1a                	sd	t1,24(sp)
   15b22:	e842                	sd	a6,16(sp)
   15b24:	519000ef          	jal	1683c <_Bfree>
   15b28:	6842                	ld	a6,16(sp)
   15b2a:	67a2                	ld	a5,8(sp)
   15b2c:	6362                	ld	t1,24(sp)
   15b2e:	7702                	ld	a4,32(sp)
   15b30:	0018061b          	addiw	a2,a6,1
   15b34:	ce0786e3          	beqz	a5,15820 <__gdtoa+0x46a>
   15b38:	65a2                	ld	a1,8(sp)
   15b3a:	8552                	mv	a0,s4
   15b3c:	f03a                	sd	a4,32(sp)
   15b3e:	ec1a                	sd	t1,24(sp)
   15b40:	e842                	sd	a6,16(sp)
   15b42:	4fb000ef          	jal	1683c <_Bfree>
   15b46:	6842                	ld	a6,16(sp)
   15b48:	6362                	ld	t1,24(sp)
   15b4a:	7702                	ld	a4,32(sp)
   15b4c:	0018061b          	addiw	a2,a6,1
   15b50:	b9c1                	j	15820 <__gdtoa+0x46a>
   15b52:	85fa                	mv	a1,t5
   15b54:	8522                	mv	a0,s0
   15b56:	e0ba                	sd	a4,64(sp)
   15b58:	fc72                	sd	t3,56(sp)
   15b5a:	f842                	sd	a6,48(sp)
   15b5c:	f43e                	sd	a5,40(sp)
   15b5e:	f046                	sd	a7,32(sp)
   15b60:	ec7a                	sd	t5,24(sp)
   15b62:	462010ef          	jal	16fc4 <__mcmp>
   15b66:	6f62                	ld	t5,24(sp)
   15b68:	7882                	ld	a7,32(sp)
   15b6a:	77a2                	ld	a5,40(sp)
   15b6c:	7842                	ld	a6,48(sp)
   15b6e:	7e62                	ld	t3,56(sp)
   15b70:	6706                	ld	a4,64(sp)
   15b72:	f4055be3          	bgez	a0,15ac8 <__gdtoa+0x712>
   15b76:	85a2                	mv	a1,s0
   15b78:	4681                	li	a3,0
   15b7a:	4629                	li	a2,10
   15b7c:	8552                	mv	a0,s4
   15b7e:	fc3a                	sd	a4,56(sp)
   15b80:	f87a                	sd	t5,48(sp)
   15b82:	f472                	sd	t3,40(sp)
   15b84:	f042                	sd	a6,32(sp)
   15b86:	ec3e                	sd	a5,24(sp)
   15b88:	4c7000ef          	jal	1684e <__multadd>
   15b8c:	842a                	mv	s0,a0
   15b8e:	a4050de3          	beqz	a0,155e8 <__gdtoa+0x232>
   15b92:	7802                	ld	a6,32(sp)
   15b94:	76a6                	ld	a3,104(sp)
   15b96:	7e22                	ld	t3,40(sp)
   15b98:	7f42                	ld	t5,48(sp)
   15b9a:	7762                	ld	a4,56(sp)
   15b9c:	387d                	addiw	a6,a6,-1
   15b9e:	30069a63          	bnez	a3,15eb2 <__gdtoa+0xafc>
   15ba2:	77c6                	ld	a5,112(sp)
   15ba4:	00f041e3          	bgtz	a5,163a6 <__gdtoa+0xff0>
   15ba8:	4789                	li	a5,2
   15baa:	7f57de63          	bge	a5,s5,163a6 <__gdtoa+0xff0>
   15bae:	78c6                	ld	a7,112(sp)
   15bb0:	b70d                	j	15ad2 <__gdtoa+0x71c>
   15bb2:	004da783          	lw	a5,4(s11)
   15bb6:	2785                	addiw	a5,a5,1
   15bb8:	efa7d6e3          	bge	a5,s10,15aa4 <__gdtoa+0x6ee>
   15bbc:	67e2                	ld	a5,24(sp)
   15bbe:	2e85                	addiw	t4,t4,1
   15bc0:	2785                	addiw	a5,a5,1
   15bc2:	ec3e                	sd	a5,24(sp)
   15bc4:	4785                	li	a5,1
   15bc6:	e8be                	sd	a5,80(sp)
   15bc8:	bdf1                	j	15aa4 <__gdtoa+0x6ee>
   15bca:	3fd8889b          	addiw	a7,a7,1021
   15bce:	4591                	li	a1,4
   15bd0:	7f88b493          	sltiu	s1,a7,2040
   15bd4:	44ba8b63          	beq	s5,a1,1602a <__gdtoa+0xc74>
   15bd8:	1aea8363          	beq	s5,a4,15d7e <__gdtoa+0x9c8>
   15bdc:	4709                	li	a4,2
   15bde:	44ea8963          	beq	s5,a4,16030 <__gdtoa+0xc7a>
   15be2:	470d                	li	a4,3
   15be4:	f482                	sd	zero,104(sp)
   15be6:	acea82e3          	beq	s5,a4,156aa <__gdtoa+0x2f4>
   15bea:	bb8d                	j	1595c <__gdtoa+0x5a6>
   15bec:	66c2                	ld	a3,16(sp)
   15bee:	26068b63          	beqz	a3,15e64 <__gdtoa+0xaae>
   15bf2:	260e8963          	beqz	t4,15e64 <__gdtoa+0xaae>
   15bf6:	6642                	ld	a2,16(sp)
   15bf8:	86b2                	mv	a3,a2
   15bfa:	00ced363          	bge	t4,a2,15c00 <__gdtoa+0x84a>
   15bfe:	86f6                	mv	a3,t4
   15c00:	6642                	ld	a2,16(sp)
   15c02:	c736                	sw	a3,140(sp)
   15c04:	40de8ebb          	subw	t4,t4,a3
   15c08:	9e15                	subw	a2,a2,a3
   15c0a:	66a6                	ld	a3,72(sp)
   15c0c:	ec32                	sd	a2,24(sp)
   15c0e:	26069063          	bnez	a3,15e6e <__gdtoa+0xab8>
   15c12:	e832                	sd	a2,16(sp)
   15c14:	e402                	sd	zero,8(sp)
   15c16:	bd99                	j	15a6c <__gdtoa+0x6b6>
   15c18:	f20f06d3          	fmv.d.x	fa3,t5
   15c1c:	1ae6f7d3          	fdiv.d	fa5,fa3,fa4
   15c20:	4785                	li	a5,1
   15c22:	c73e                	sw	a5,140(sp)
   15c24:	00f70333          	add	t1,a4,a5
   15c28:	f2000653          	fmv.d.x	fa2,zero
   15c2c:	0018061b          	addiw	a2,a6,1
   15c30:	c20797d3          	fcvt.w.d	a5,fa5,rtz
   15c34:	d20787d3          	fcvt.d.w	fa5,a5
   15c38:	0307869b          	addiw	a3,a5,48
   15c3c:	00d70023          	sb	a3,0(a4)
   15c40:	6ae7f7cb          	fnmsub.d	fa5,fa5,fa4,fa3
   15c44:	a2c7a6d3          	feq.d	a3,fa5,fa2
   15c48:	bc069ce3          	bnez	a3,15820 <__gdtoa+0x46a>
   15c4c:	1b81b587          	fld	fa1,440(gp) # 1bb88 <__SDATA_BEGIN__+0x48>
   15c50:	a02d                	j	15c7a <__gdtoa+0x8c4>
   15c52:	12b7f7d3          	fmul.d	fa5,fa5,fa1
   15c56:	c72e                	sw	a1,140(sp)
   15c58:	0305                	addi	t1,t1,1
   15c5a:	1ae7f6d3          	fdiv.d	fa3,fa5,fa4
   15c5e:	c20697d3          	fcvt.w.d	a5,fa3,rtz
   15c62:	d20786d3          	fcvt.d.w	fa3,a5
   15c66:	0307869b          	addiw	a3,a5,48
   15c6a:	fed30fa3          	sb	a3,-1(t1)
   15c6e:	7ae6f7cb          	fnmsub.d	fa5,fa3,fa4,fa5
   15c72:	a2c7a6d3          	feq.d	a3,fa5,fa2
   15c76:	ba0695e3          	bnez	a3,15820 <__gdtoa+0x46a>
   15c7a:	46ba                	lw	a3,140(sp)
   15c7c:	0016859b          	addiw	a1,a3,1
   15c80:	fd1699e3          	bne	a3,a7,15c52 <__gdtoa+0x89c>
   15c84:	500e0d63          	beqz	t3,1619e <__gdtoa+0xde8>
   15c88:	4785                	li	a5,1
   15c8a:	4bc1                	li	s7,16
   15c8c:	b8fe1ae3          	bne	t3,a5,15820 <__gdtoa+0x46a>
   15c90:	fff34683          	lbu	a3,-1(t1)
   15c94:	85c2                	mv	a1,a6
   15c96:	b695                	j	157fa <__gdtoa+0x444>
   15c98:	76a6                	ld	a3,104(sp)
   15c9a:	24069263          	bnez	a3,15ede <__gdtoa+0xb28>
   15c9e:	f1ca                	sd	s2,224(sp)
   15ca0:	4685                	li	a3,1
   15ca2:	8ac6                	mv	s5,a7
   15ca4:	8b42                	mv	s6,a6
   15ca6:	8bf2                	mv	s7,t3
   15ca8:	84ba                	mv	s1,a4
   15caa:	897a                	mv	s2,t5
   15cac:	8c3a                	mv	s8,a4
   15cae:	a811                	j	15cc2 <__gdtoa+0x90c>
   15cb0:	85a2                	mv	a1,s0
   15cb2:	8552                	mv	a0,s4
   15cb4:	39b000ef          	jal	1684e <__multadd>
   15cb8:	842a                	mv	s0,a0
   15cba:	0e050f63          	beqz	a0,15db8 <__gdtoa+0xa02>
   15cbe:	46ba                	lw	a3,140(sp)
   15cc0:	2685                	addiw	a3,a3,1
   15cc2:	85ca                	mv	a1,s2
   15cc4:	8522                	mv	a0,s0
   15cc6:	c736                	sw	a3,140(sp)
   15cc8:	0a5000ef          	jal	1656c <__quorem_D2A>
   15ccc:	00148793          	addi	a5,s1,1
   15cd0:	03050e9b          	addiw	t4,a0,48
   15cd4:	ffd78fa3          	sb	t4,-1(a5)
   15cd8:	84be                	mv	s1,a5
   15cda:	47ba                	lw	a5,140(sp)
   15cdc:	4681                	li	a3,0
   15cde:	4629                	li	a2,10
   15ce0:	fd57c8e3          	blt	a5,s5,15cb0 <__gdtoa+0x8fa>
   15ce4:	885a                	mv	a6,s6
   15ce6:	8e5e                	mv	t3,s7
   15ce8:	87a6                	mv	a5,s1
   15cea:	8f4a                	mv	t5,s2
   15cec:	8762                	mv	a4,s8
   15cee:	4881                	li	a7,0
   15cf0:	5a0e0063          	beqz	t3,16290 <__gdtoa+0xeda>
   15cf4:	4689                	li	a3,2
   15cf6:	5cde0b63          	beq	t3,a3,162cc <__gdtoa+0xf16>
   15cfa:	4850                	lw	a2,20(s0)
   15cfc:	4685                	li	a3,1
   15cfe:	42c6c163          	blt	a3,a2,16120 <__gdtoa+0xd6a>
   15d02:	4c14                	lw	a3,24(s0)
   15d04:	40069e63          	bnez	a3,16120 <__gdtoa+0xd6a>
   15d08:	00d036b3          	snez	a3,a3
   15d0c:	00469b9b          	slliw	s7,a3,0x4
   15d10:	03000613          	li	a2,48
   15d14:	833e                	mv	t1,a5
   15d16:	fff7c683          	lbu	a3,-1(a5)
   15d1a:	17fd                	addi	a5,a5,-1
   15d1c:	fec68ce3          	beq	a3,a2,15d14 <__gdtoa+0x95e>
   15d20:	85fa                	mv	a1,t5
   15d22:	8552                	mv	a0,s4
   15d24:	f43a                	sd	a4,40(sp)
   15d26:	f01a                	sd	t1,32(sp)
   15d28:	ec46                	sd	a7,24(sp)
   15d2a:	e842                	sd	a6,16(sp)
   15d2c:	311000ef          	jal	1683c <_Bfree>
   15d30:	67a2                	ld	a5,8(sp)
   15d32:	6842                	ld	a6,16(sp)
   15d34:	68e2                	ld	a7,24(sp)
   15d36:	7302                	ld	t1,32(sp)
   15d38:	7722                	ld	a4,40(sp)
   15d3a:	72078a63          	beqz	a5,1646e <__gdtoa+0x10b8>
   15d3e:	06088b63          	beqz	a7,15db4 <__gdtoa+0x9fe>
   15d42:	67a2                	ld	a5,8(sp)
   15d44:	06f88863          	beq	a7,a5,15db4 <__gdtoa+0x9fe>
   15d48:	85c6                	mv	a1,a7
   15d4a:	8552                	mv	a0,s4
   15d4c:	f03a                	sd	a4,32(sp)
   15d4e:	ec1a                	sd	t1,24(sp)
   15d50:	e842                	sd	a6,16(sp)
   15d52:	2eb000ef          	jal	1683c <_Bfree>
   15d56:	7702                	ld	a4,32(sp)
   15d58:	6362                	ld	t1,24(sp)
   15d5a:	6842                	ld	a6,16(sp)
   15d5c:	790e                	ld	s2,224(sp)
   15d5e:	bbe9                	j	15b38 <__gdtoa+0x782>
   15d60:	4581                	li	a1,0
   15d62:	8552                	mv	a0,s4
   15d64:	e43a                	sd	a4,8(sp)
   15d66:	2d7000ef          	jal	1683c <_Bfree>
   15d6a:	6722                	ld	a4,8(sp)
   15d6c:	4160063b          	negw	a2,s6
   15d70:	4bc1                	li	s7,16
   15d72:	833a                	mv	t1,a4
   15d74:	b475                	j	15820 <__gdtoa+0x46a>
   15d76:	4705                	li	a4,1
   15d78:	85ba                	mv	a1,a4
   15d7a:	b289                	j	156bc <__gdtoa+0x306>
   15d7c:	4481                	li	s1,0
   15d7e:	4705                	li	a4,1
   15d80:	4a95                	li	s5,5
   15d82:	f4ba                	sd	a4,104(sp)
   15d84:	b21d                	j	156aa <__gdtoa+0x2f4>
   15d86:	85a2                	mv	a1,s0
   15d88:	8552                	mv	a0,s4
   15d8a:	e4ba                	sd	a4,72(sp)
   15d8c:	e0f6                	sd	t4,64(sp)
   15d8e:	fc7a                	sd	t5,56(sp)
   15d90:	f872                	sd	t3,48(sp)
   15d92:	f442                	sd	a6,40(sp)
   15d94:	f03e                	sd	a5,32(sp)
   15d96:	ec46                	sd	a7,24(sp)
   15d98:	112010ef          	jal	16eaa <__lshift>
   15d9c:	842a                	mv	s0,a0
   15d9e:	840505e3          	beqz	a0,155e8 <__gdtoa+0x232>
   15da2:	46ba                	lw	a3,140(sp)
   15da4:	6726                	ld	a4,72(sp)
   15da6:	6e86                	ld	t4,64(sp)
   15da8:	7f62                	ld	t5,56(sp)
   15daa:	7e42                	ld	t3,48(sp)
   15dac:	7822                	ld	a6,40(sp)
   15dae:	7782                	ld	a5,32(sp)
   15db0:	68e2                	ld	a7,24(sp)
   15db2:	b329                	j	15abc <__gdtoa+0x706>
   15db4:	790e                	ld	s2,224(sp)
   15db6:	b349                	j	15b38 <__gdtoa+0x782>
   15db8:	74ae                	ld	s1,232(sp)
   15dba:	790e                	ld	s2,224(sp)
   15dbc:	82fff06f          	j	155ea <__gdtoa+0x234>
   15dc0:	65a6                	ld	a1,72(sp)
   15dc2:	fff8869b          	addiw	a3,a7,-1
   15dc6:	8636                	mv	a2,a3
   15dc8:	26d5c663          	blt	a1,a3,16034 <__gdtoa+0xc7e>
   15dcc:	40d584bb          	subw	s1,a1,a3
   15dd0:	6408d963          	bgez	a7,16422 <__gdtoa+0x106c>
   15dd4:	66c2                	ld	a3,16(sp)
   15dd6:	c702                	sw	zero,140(sp)
   15dd8:	ec36                	sd	a3,24(sp)
   15dda:	411686bb          	subw	a3,a3,a7
   15dde:	e836                	sd	a3,16(sp)
   15de0:	b909                	j	159f2 <__gdtoa+0x63c>
   15de2:	85aa                	mv	a1,a0
   15de4:	8636                	mv	a2,a3
   15de6:	8552                	mv	a0,s4
   15de8:	e0ba                	sd	a4,64(sp)
   15dea:	fc76                	sd	t4,56(sp)
   15dec:	e4be                	sd	a5,72(sp)
   15dee:	7d5000ef          	jal	16dc2 <__pow5mult>
   15df2:	8f2a                	mv	t5,a0
   15df4:	fe050a63          	beqz	a0,155e8 <__gdtoa+0x232>
   15df8:	002aa693          	slti	a3,s5,2
   15dfc:	7882                	ld	a7,32(sp)
   15dfe:	7822                	ld	a6,40(sp)
   15e00:	7e42                	ld	t3,48(sp)
   15e02:	7ee2                	ld	t4,56(sp)
   15e04:	6706                	ld	a4,64(sp)
   15e06:	c681                	beqz	a3,15e0e <__gdtoa+0xa58>
   15e08:	67a6                	ld	a5,72(sp)
   15e0a:	17fd                	addi	a5,a5,-1
   15e0c:	c79d                	beqz	a5,15e3a <__gdtoa+0xa84>
   15e0e:	e882                	sd	zero,80(sp)
   15e10:	014f2783          	lw	a5,20(t5)
   15e14:	e4ba                	sd	a4,72(sp)
   15e16:	e0f6                	sd	t4,64(sp)
   15e18:	37fd                	addiw	a5,a5,-1
   15e1a:	078a                	slli	a5,a5,0x2
   15e1c:	97fa                	add	a5,a5,t5
   15e1e:	4f88                	lw	a0,24(a5)
   15e20:	fc72                	sd	t3,56(sp)
   15e22:	f842                	sd	a6,48(sp)
   15e24:	f446                	sd	a7,40(sp)
   15e26:	f07a                	sd	t5,32(sp)
   15e28:	403000ef          	jal	16a2a <__hi0bits>
   15e2c:	6726                	ld	a4,72(sp)
   15e2e:	6e86                	ld	t4,64(sp)
   15e30:	7e62                	ld	t3,56(sp)
   15e32:	7842                	ld	a6,48(sp)
   15e34:	78a2                	ld	a7,40(sp)
   15e36:	7f02                	ld	t5,32(sp)
   15e38:	b1bd                	j	15aa6 <__gdtoa+0x6f0>
   15e3a:	004da783          	lw	a5,4(s11)
   15e3e:	2785                	addiw	a5,a5,1
   15e40:	fda7d7e3          	bge	a5,s10,15e0e <__gdtoa+0xa58>
   15e44:	67e2                	ld	a5,24(sp)
   15e46:	2e85                	addiw	t4,t4,1
   15e48:	2785                	addiw	a5,a5,1
   15e4a:	ec3e                	sd	a5,24(sp)
   15e4c:	4785                	li	a5,1
   15e4e:	e8be                	sd	a5,80(sp)
   15e50:	b7c1                	j	15e10 <__gdtoa+0xa5a>
   15e52:	4705                	li	a4,1
   15e54:	9f0d                	subw	a4,a4,a1
   15e56:	e83a                	sd	a4,16(sp)
   15e58:	8ec2                	mv	t4,a6
   15e5a:	f082                	sd	zero,96(sp)
   15e5c:	e8c2                	sd	a6,80(sp)
   15e5e:	e482                	sd	zero,72(sp)
   15e60:	823ff06f          	j	15682 <__gdtoa+0x2cc>
   15e64:	66c2                	ld	a3,16(sp)
   15e66:	ec36                	sd	a3,24(sp)
   15e68:	66a6                	ld	a3,72(sp)
   15e6a:	da0685e3          	beqz	a3,15c14 <__gdtoa+0x85e>
   15e6e:	6626                	ld	a2,72(sp)
   15e70:	85a2                	mv	a1,s0
   15e72:	8552                	mv	a0,s4
   15e74:	ecba                	sd	a4,88(sp)
   15e76:	e0f6                	sd	t4,64(sp)
   15e78:	fc3e                	sd	a5,56(sp)
   15e7a:	f872                	sd	t3,48(sp)
   15e7c:	f442                	sd	a6,40(sp)
   15e7e:	f046                	sd	a7,32(sp)
   15e80:	743000ef          	jal	16dc2 <__pow5mult>
   15e84:	842a                	mv	s0,a0
   15e86:	f6050163          	beqz	a0,155e8 <__gdtoa+0x232>
   15e8a:	67e2                	ld	a5,24(sp)
   15e8c:	6766                	ld	a4,88(sp)
   15e8e:	6e86                	ld	t4,64(sp)
   15e90:	e83e                	sd	a5,16(sp)
   15e92:	7e42                	ld	t3,48(sp)
   15e94:	77e2                	ld	a5,56(sp)
   15e96:	7822                	ld	a6,40(sp)
   15e98:	7882                	ld	a7,32(sp)
   15e9a:	e402                	sd	zero,8(sp)
   15e9c:	bec1                	j	15a6c <__gdtoa+0x6b6>
   15e9e:	4685                	li	a3,1
   15ea0:	f356c0e3          	blt	a3,s5,15dc0 <__gdtoa+0xa0a>
   15ea4:	66c2                	ld	a3,16(sp)
   15ea6:	64a6                	ld	s1,72(sp)
   15ea8:	01d58ebb          	addw	t4,a1,t4
   15eac:	9ead                	addw	a3,a3,a1
   15eae:	ec36                	sd	a3,24(sp)
   15eb0:	b689                	j	159f2 <__gdtoa+0x63c>
   15eb2:	65a2                	ld	a1,8(sp)
   15eb4:	4681                	li	a3,0
   15eb6:	4629                	li	a2,10
   15eb8:	8552                	mv	a0,s4
   15eba:	f042                	sd	a6,32(sp)
   15ebc:	193000ef          	jal	1684e <__multadd>
   15ec0:	e42a                	sd	a0,8(sp)
   15ec2:	f2050363          	beqz	a0,155e8 <__gdtoa+0x232>
   15ec6:	76c6                	ld	a3,112(sp)
   15ec8:	67e2                	ld	a5,24(sp)
   15eca:	7802                	ld	a6,32(sp)
   15ecc:	7e22                	ld	t3,40(sp)
   15ece:	7f42                	ld	t5,48(sp)
   15ed0:	7762                	ld	a4,56(sp)
   15ed2:	78c6                	ld	a7,112(sp)
   15ed4:	00d04563          	bgtz	a3,15ede <__gdtoa+0xb28>
   15ed8:	4689                	li	a3,2
   15eda:	bf56cce3          	blt	a3,s5,15ad2 <__gdtoa+0x71c>
   15ede:	66c2                	ld	a3,16(sp)
   15ee0:	00d7863b          	addw	a2,a5,a3
   15ee4:	26c04163          	bgtz	a2,16146 <__gdtoa+0xd90>
   15ee8:	67c6                	ld	a5,80(sp)
   15eea:	6b22                	ld	s6,8(sp)
   15eec:	2e079463          	bnez	a5,161d4 <__gdtoa+0xe1e>
   15ef0:	ffee0793          	addi	a5,t3,-2
   15ef4:	e0be                	sd	a5,64(sp)
   15ef6:	f1ca                	sd	s2,224(sp)
   15ef8:	4785                	li	a5,1
   15efa:	f446                	sd	a7,40(sp)
   15efc:	e4c2                	sd	a6,72(sp)
   15efe:	f872                	sd	t3,48(sp)
   15f00:	8d3a                	mv	s10,a4
   15f02:	f07a                	sd	t5,32(sp)
   15f04:	e8ba                	sd	a4,80(sp)
   15f06:	a051                	j	15f8a <__gdtoa+0xbd4>
   15f08:	8552                	mv	a0,s4
   15f0a:	ec76                	sd	t4,24(sp)
   15f0c:	131000ef          	jal	1683c <_Bfree>
   15f10:	6ee2                	ld	t4,24(sp)
   15f12:	4685                	li	a3,1
   15f14:	67c2                	ld	a5,16(sp)
   15f16:	3c07c263          	bltz	a5,162da <__gdtoa+0xf24>
   15f1a:	0157e7b3          	or	a5,a5,s5
   15f1e:	2781                	sext.w	a5,a5
   15f20:	e791                	bnez	a5,15f2c <__gdtoa+0xb76>
   15f22:	000c2783          	lw	a5,0(s8)
   15f26:	8b85                	andi	a5,a5,1
   15f28:	3a078963          	beqz	a5,162da <__gdtoa+0xf24>
   15f2c:	001d0793          	addi	a5,s10,1
   15f30:	893e                	mv	s2,a5
   15f32:	00d05563          	blez	a3,15f3c <__gdtoa+0xb86>
   15f36:	6706                	ld	a4,64(sp)
   15f38:	42071d63          	bnez	a4,16372 <__gdtoa+0xfbc>
   15f3c:	ffb90fa3          	sb	s11,-1(s2)
   15f40:	473a                	lw	a4,140(sp)
   15f42:	76a2                	ld	a3,40(sp)
   15f44:	44d70a63          	beq	a4,a3,16398 <__gdtoa+0xfe2>
   15f48:	85a2                	mv	a1,s0
   15f4a:	4681                	li	a3,0
   15f4c:	4629                	li	a2,10
   15f4e:	8552                	mv	a0,s4
   15f50:	0ff000ef          	jal	1684e <__multadd>
   15f54:	842a                	mv	s0,a0
   15f56:	e60501e3          	beqz	a0,15db8 <__gdtoa+0xa02>
   15f5a:	67a2                	ld	a5,8(sp)
   15f5c:	65a2                	ld	a1,8(sp)
   15f5e:	4681                	li	a3,0
   15f60:	4629                	li	a2,10
   15f62:	8552                	mv	a0,s4
   15f64:	0b678763          	beq	a5,s6,16012 <__gdtoa+0xc5c>
   15f68:	0e7000ef          	jal	1684e <__multadd>
   15f6c:	e42a                	sd	a0,8(sp)
   15f6e:	e40505e3          	beqz	a0,15db8 <__gdtoa+0xa02>
   15f72:	85da                	mv	a1,s6
   15f74:	4681                	li	a3,0
   15f76:	4629                	li	a2,10
   15f78:	8552                	mv	a0,s4
   15f7a:	0d5000ef          	jal	1684e <__multadd>
   15f7e:	8b2a                	mv	s6,a0
   15f80:	e2050ce3          	beqz	a0,15db8 <__gdtoa+0xa02>
   15f84:	47ba                	lw	a5,140(sp)
   15f86:	8d4a                	mv	s10,s2
   15f88:	2785                	addiw	a5,a5,1
   15f8a:	7482                	ld	s1,32(sp)
   15f8c:	8522                	mv	a0,s0
   15f8e:	c73e                	sw	a5,140(sp)
   15f90:	85a6                	mv	a1,s1
   15f92:	5da000ef          	jal	1656c <__quorem_D2A>
   15f96:	65a2                	ld	a1,8(sp)
   15f98:	892a                	mv	s2,a0
   15f9a:	8522                	mv	a0,s0
   15f9c:	028010ef          	jal	16fc4 <__mcmp>
   15fa0:	e82a                	sd	a0,16(sp)
   15fa2:	85a6                	mv	a1,s1
   15fa4:	865a                	mv	a2,s6
   15fa6:	8552                	mv	a0,s4
   15fa8:	052010ef          	jal	16ffa <__mdiff>
   15fac:	85aa                	mv	a1,a0
   15fae:	e00505e3          	beqz	a0,15db8 <__gdtoa+0xa02>
   15fb2:	491c                	lw	a5,16(a0)
   15fb4:	03090e9b          	addiw	t4,s2,48
   15fb8:	8df6                	mv	s11,t4
   15fba:	f7b9                	bnez	a5,15f08 <__gdtoa+0xb52>
   15fbc:	ec2a                	sd	a0,24(sp)
   15fbe:	8522                	mv	a0,s0
   15fc0:	fc76                	sd	t4,56(sp)
   15fc2:	002010ef          	jal	16fc4 <__mcmp>
   15fc6:	65e2                	ld	a1,24(sp)
   15fc8:	84aa                	mv	s1,a0
   15fca:	8552                	mv	a0,s4
   15fcc:	071000ef          	jal	1683c <_Bfree>
   15fd0:	0154e6b3          	or	a3,s1,s5
   15fd4:	2681                	sext.w	a3,a3
   15fd6:	7ee2                	ld	t4,56(sp)
   15fd8:	16069563          	bnez	a3,16142 <__gdtoa+0xd8c>
   15fdc:	000c2783          	lw	a5,0(s8)
   15fe0:	7742                	ld	a4,48(sp)
   15fe2:	8b85                	andi	a5,a5,1
   15fe4:	8fd9                	or	a5,a5,a4
   15fe6:	f79d                	bnez	a5,15f14 <__gdtoa+0xb5e>
   15fe8:	03900793          	li	a5,57
   15fec:	6826                	ld	a6,72(sp)
   15fee:	7f02                	ld	t5,32(sp)
   15ff0:	6746                	ld	a4,80(sp)
   15ff2:	6542                	ld	a0,16(sp)
   15ff4:	836a                	mv	t1,s10
   15ff6:	10fe8c63          	beq	t4,a5,1610e <__gdtoa+0xd58>
   15ffa:	46a05f63          	blez	a0,16478 <__gdtoa+0x10c2>
   15ffe:	03190e9b          	addiw	t4,s2,49
   16002:	02000b93          	li	s7,32
   16006:	68a2                	ld	a7,8(sp)
   16008:	01d30023          	sb	t4,0(t1)
   1600c:	e45a                	sd	s6,8(sp)
   1600e:	0305                	addi	t1,t1,1
   16010:	bb01                	j	15d20 <__gdtoa+0x96a>
   16012:	03d000ef          	jal	1684e <__multadd>
   16016:	e42a                	sd	a0,8(sp)
   16018:	da0500e3          	beqz	a0,15db8 <__gdtoa+0xa02>
   1601c:	8b2a                	mv	s6,a0
   1601e:	b79d                	j	15f84 <__gdtoa+0xbce>
   16020:	fffb4813          	not	a6,s6
   16024:	833a                	mv	t1,a4
   16026:	4bc1                	li	s7,16
   16028:	bcd5                	j	15b1c <__gdtoa+0x766>
   1602a:	4705                	li	a4,1
   1602c:	f4ba                	sd	a4,104(sp)
   1602e:	b29d                	j	15994 <__gdtoa+0x5de>
   16030:	f482                	sd	zero,104(sp)
   16032:	b28d                	j	15994 <__gdtoa+0x5de>
   16034:	66a6                	ld	a3,72(sp)
   16036:	65c6                	ld	a1,80(sp)
   16038:	c746                	sw	a7,140(sp)
   1603a:	40d606bb          	subw	a3,a2,a3
   1603e:	9ead                	addw	a3,a3,a1
   16040:	e8b6                	sd	a3,80(sp)
   16042:	66c2                	ld	a3,16(sp)
   16044:	01d88ebb          	addw	t4,a7,t4
   16048:	e4b2                	sd	a2,72(sp)
   1604a:	011686bb          	addw	a3,a3,a7
   1604e:	ec36                	sd	a3,24(sp)
   16050:	4481                	li	s1,0
   16052:	b245                	j	159f2 <__gdtoa+0x63c>
   16054:	65a2                	ld	a1,8(sp)
   16056:	8626                	mv	a2,s1
   16058:	8552                	mv	a0,s4
   1605a:	f1ca                	sd	s2,224(sp)
   1605c:	ecba                	sd	a4,88(sp)
   1605e:	e0f6                	sd	t4,64(sp)
   16060:	fc3e                	sd	a5,56(sp)
   16062:	f872                	sd	t3,48(sp)
   16064:	f442                	sd	a6,40(sp)
   16066:	f046                	sd	a7,32(sp)
   16068:	55b000ef          	jal	16dc2 <__pow5mult>
   1606c:	e42a                	sd	a0,8(sp)
   1606e:	d40505e3          	beqz	a0,15db8 <__gdtoa+0xa02>
   16072:	85aa                	mv	a1,a0
   16074:	8622                	mv	a2,s0
   16076:	8552                	mv	a0,s4
   16078:	367000ef          	jal	16bde <__multiply>
   1607c:	d2050ee3          	beqz	a0,15db8 <__gdtoa+0xa02>
   16080:	85a2                	mv	a1,s0
   16082:	fcaa                	sd	a0,120(sp)
   16084:	8552                	mv	a0,s4
   16086:	7b6000ef          	jal	1683c <_Bfree>
   1608a:	67a6                	ld	a5,72(sp)
   1608c:	7466                	ld	s0,120(sp)
   1608e:	7882                	ld	a7,32(sp)
   16090:	9f85                	subw	a5,a5,s1
   16092:	e4be                	sd	a5,72(sp)
   16094:	86be                	mv	a3,a5
   16096:	7822                	ld	a6,40(sp)
   16098:	7e42                	ld	t3,48(sp)
   1609a:	77e2                	ld	a5,56(sp)
   1609c:	6e86                	ld	t4,64(sp)
   1609e:	6766                	ld	a4,88(sp)
   160a0:	790e                	ld	s2,224(sp)
   160a2:	9c0685e3          	beqz	a3,15a6c <__gdtoa+0x6b6>
   160a6:	ba79                	j	15a44 <__gdtoa+0x68e>
   160a8:	f20e0753          	fmv.d.x	fa4,t3
   160ac:	833a                	mv	t1,a4
   160ae:	12e675d3          	fmul.d	fa1,fa2,fa4
   160b2:	4e05                	li	t3,1
   160b4:	1b81b707          	fld	fa4,440(gp) # 1bb88 <__SDATA_BEGIN__+0x48>
   160b8:	a021                	j	160c0 <__gdtoa+0xd0a>
   160ba:	12e7f7d3          	fmul.d	fa5,fa5,fa4
   160be:	2e05                	addiw	t3,t3,1
   160c0:	c772                	sw	t3,140(sp)
   160c2:	c2079e53          	fcvt.w.d	t3,fa5,rtz
   160c6:	0305                	addi	t1,t1,1
   160c8:	030e069b          	addiw	a3,t3,48
   160cc:	0ff6f693          	zext.b	a3,a3
   160d0:	000e0663          	beqz	t3,160dc <__gdtoa+0xd26>
   160d4:	d20e0653          	fcvt.d.w	fa2,t3
   160d8:	0ac7f7d3          	fsub.d	fa5,fa5,fa2
   160dc:	fed30fa3          	sb	a3,-1(t1)
   160e0:	4e3a                	lw	t3,140(sp)
   160e2:	fdfe1ce3          	bne	t3,t6,160ba <__gdtoa+0xd04>
   160e6:	1d01b707          	fld	fa4,464(gp) # 1bba0 <__SDATA_BEGIN__+0x60>
   160ea:	02e5f653          	fadd.d	fa2,fa1,fa4
   160ee:	a2f61e53          	flt.d	t3,fa2,fa5
   160f2:	f00e1463          	bnez	t3,157fa <__gdtoa+0x444>
   160f6:	0ab77753          	fsub.d	fa4,fa4,fa1
   160fa:	a2e796d3          	flt.d	a3,fa5,fa4
   160fe:	26069063          	bnez	a3,1635e <__gdtoa+0xfa8>
   16102:	4e01                	li	t3,0
   16104:	ae0644e3          	bltz	a2,15bec <__gdtoa+0x836>
   16108:	2118                	fld	fa4,0(a0)
   1610a:	4e01                	li	t3,0
   1610c:	be01                	j	15c1c <__gdtoa+0x866>
   1610e:	00130613          	addi	a2,t1,1
   16112:	03900693          	li	a3,57
   16116:	68a2                	ld	a7,8(sp)
   16118:	87b2                	mv	a5,a2
   1611a:	e45a                	sd	s6,8(sp)
   1611c:	00d30023          	sb	a3,0(t1)
   16120:	03900613          	li	a2,57
   16124:	a019                	j	1612a <__gdtoa+0xd74>
   16126:	14f70163          	beq	a4,a5,16268 <__gdtoa+0xeb2>
   1612a:	fff7c683          	lbu	a3,-1(a5)
   1612e:	833e                	mv	t1,a5
   16130:	17fd                	addi	a5,a5,-1
   16132:	fec68ae3          	beq	a3,a2,16126 <__gdtoa+0xd70>
   16136:	2685                	addiw	a3,a3,1
   16138:	00d78023          	sb	a3,0(a5)
   1613c:	02000b93          	li	s7,32
   16140:	b6c5                	j	15d20 <__gdtoa+0x96a>
   16142:	86a6                	mv	a3,s1
   16144:	bbc1                	j	15f14 <__gdtoa+0xb5e>
   16146:	65a2                	ld	a1,8(sp)
   16148:	8552                	mv	a0,s4
   1614a:	f83a                	sd	a4,48(sp)
   1614c:	f47a                	sd	t5,40(sp)
   1614e:	f072                	sd	t3,32(sp)
   16150:	ec42                	sd	a6,24(sp)
   16152:	e846                	sd	a7,16(sp)
   16154:	557000ef          	jal	16eaa <__lshift>
   16158:	e42a                	sd	a0,8(sp)
   1615a:	68c2                	ld	a7,16(sp)
   1615c:	6862                	ld	a6,24(sp)
   1615e:	7e02                	ld	t3,32(sp)
   16160:	7f22                	ld	t5,40(sp)
   16162:	7742                	ld	a4,48(sp)
   16164:	d80512e3          	bnez	a0,15ee8 <__gdtoa+0xb32>
   16168:	74ae                	ld	s1,232(sp)
   1616a:	c80ff06f          	j	155ea <__gdtoa+0x234>
   1616e:	03100793          	li	a5,49
   16172:	00170313          	addi	t1,a4,1
   16176:	00f70023          	sb	a5,0(a4)
   1617a:	4581                	li	a1,0
   1617c:	8552                	mv	a0,s4
   1617e:	e83a                	sd	a4,16(sp)
   16180:	e41a                	sd	t1,8(sp)
   16182:	6ba000ef          	jal	1683c <_Bfree>
   16186:	6322                	ld	t1,8(sp)
   16188:	6742                	ld	a4,16(sp)
   1618a:	4609                	li	a2,2
   1618c:	02000b93          	li	s7,32
   16190:	e90ff06f          	j	15820 <__gdtoa+0x46a>
   16194:	2585                	addiw	a1,a1,1
   16196:	03100693          	li	a3,49
   1619a:	e7aff06f          	j	15814 <__gdtoa+0x45e>
   1619e:	02f7f7d3          	fadd.d	fa5,fa5,fa5
   161a2:	fff34683          	lbu	a3,-1(t1)
   161a6:	a2f71653          	flt.d	a2,fa4,fa5
   161aa:	ee45                	bnez	a2,16262 <__gdtoa+0xeac>
   161ac:	a2e7a653          	feq.d	a2,fa5,fa4
   161b0:	c219                	beqz	a2,161b6 <__gdtoa+0xe00>
   161b2:	8b85                	andi	a5,a5,1
   161b4:	e7dd                	bnez	a5,16262 <__gdtoa+0xeac>
   161b6:	879a                	mv	a5,t1
   161b8:	85c2                	mv	a1,a6
   161ba:	4bc1                	li	s7,16
   161bc:	03000613          	li	a2,48
   161c0:	fff7c683          	lbu	a3,-1(a5)
   161c4:	833e                	mv	t1,a5
   161c6:	17fd                	addi	a5,a5,-1
   161c8:	fec68ce3          	beq	a3,a2,161c0 <__gdtoa+0xe0a>
   161cc:	0015861b          	addiw	a2,a1,1
   161d0:	e50ff06f          	j	15820 <__gdtoa+0x46a>
   161d4:	008b2583          	lw	a1,8(s6) # ffffffff80000008 <__BSS_END__+0xffffffff7ffe3e38>
   161d8:	8552                	mv	a0,s4
   161da:	fc3a                	sd	a4,56(sp)
   161dc:	f87a                	sd	t5,48(sp)
   161de:	f472                	sd	t3,40(sp)
   161e0:	f042                	sd	a6,32(sp)
   161e2:	ec46                	sd	a7,24(sp)
   161e4:	5e8000ef          	jal	167cc <_Balloc>
   161e8:	87aa                	mv	a5,a0
   161ea:	be050f63          	beqz	a0,155e8 <__gdtoa+0x232>
   161ee:	014b2603          	lw	a2,20(s6)
   161f2:	010b0593          	addi	a1,s6,16
   161f6:	0541                	addi	a0,a0,16
   161f8:	060a                	slli	a2,a2,0x2
   161fa:	0621                	addi	a2,a2,8
   161fc:	e83e                	sd	a5,16(sp)
   161fe:	d1bfe0ef          	jal	14f18 <memcpy>
   16202:	65c2                	ld	a1,16(sp)
   16204:	8552                	mv	a0,s4
   16206:	4605                	li	a2,1
   16208:	4a3000ef          	jal	16eaa <__lshift>
   1620c:	68e2                	ld	a7,24(sp)
   1620e:	7802                	ld	a6,32(sp)
   16210:	7e22                	ld	t3,40(sp)
   16212:	7f42                	ld	t5,48(sp)
   16214:	7762                	ld	a4,56(sp)
   16216:	8b2a                	mv	s6,a0
   16218:	cc051ce3          	bnez	a0,15ef0 <__gdtoa+0xb3a>
   1621c:	74ae                	ld	s1,232(sp)
   1621e:	bccff06f          	j	155ea <__gdtoa+0x234>
   16222:	7fc6                	ld	t6,112(sp)
   16224:	edf05063          	blez	t6,158e4 <__gdtoa+0x52e>
   16228:	1b81b787          	fld	fa5,440(gp) # 1bb88 <__SDATA_BEGIN__+0x48>
   1622c:	1c01b707          	fld	fa4,448(gp) # 1bb90 <__SDATA_BEGIN__+0x50>
   16230:	12f6f7d3          	fmul.d	fa5,fa3,fa5
   16234:	a43a                	fsd	fa4,8(sp)
   16236:	2622                	fld	fa2,8(sp)
   16238:	1b01b707          	fld	fa4,432(gp) # 1bb80 <__SDATA_BEGIN__+0x40>
   1623c:	fcc00337          	lui	t1,0xfcc00
   16240:	55fd                	li	a1,-1
   16242:	72c7f743          	fmadd.d	fa4,fa5,fa2,fa4
   16246:	e2070553          	fmv.x.d	a0,fa4
   1624a:	02051e13          	slli	t3,a0,0x20
   1624e:	9101                	srli	a0,a0,0x20
   16250:	0065053b          	addw	a0,a0,t1
   16254:	020e5e13          	srli	t3,t3,0x20
   16258:	1502                	slli	a0,a0,0x20
   1625a:	00ae6e33          	or	t3,t3,a0
   1625e:	d0aff06f          	j	15768 <__gdtoa+0x3b2>
   16262:	85c2                	mv	a1,a6
   16264:	d96ff06f          	j	157fa <__gdtoa+0x444>
   16268:	03100793          	li	a5,49
   1626c:	2805                	addiw	a6,a6,1
   1626e:	00f70023          	sb	a5,0(a4)
   16272:	02000b93          	li	s7,32
   16276:	b46d                	j	15d20 <__gdtoa+0x96a>
   16278:	f2000753          	fmv.d.x	fa4,zero
   1627c:	0015861b          	addiw	a2,a1,1
   16280:	a2e7a7d3          	feq.d	a5,fa5,fa4
   16284:	0017b793          	seqz	a5,a5
   16288:	00479b9b          	slliw	s7,a5,0x4
   1628c:	d94ff06f          	j	15820 <__gdtoa+0x46a>
   16290:	85a2                	mv	a1,s0
   16292:	4605                	li	a2,1
   16294:	8552                	mv	a0,s4
   16296:	fc3a                	sd	a4,56(sp)
   16298:	e87a                	sd	t5,16(sp)
   1629a:	f83e                	sd	a5,48(sp)
   1629c:	f446                	sd	a7,40(sp)
   1629e:	f042                	sd	a6,32(sp)
   162a0:	ec76                	sd	t4,24(sp)
   162a2:	409000ef          	jal	16eaa <__lshift>
   162a6:	842a                	mv	s0,a0
   162a8:	b00508e3          	beqz	a0,15db8 <__gdtoa+0xa02>
   162ac:	65c2                	ld	a1,16(sp)
   162ae:	517000ef          	jal	16fc4 <__mcmp>
   162b2:	6f42                	ld	t5,16(sp)
   162b4:	7802                	ld	a6,32(sp)
   162b6:	78a2                	ld	a7,40(sp)
   162b8:	77c2                	ld	a5,48(sp)
   162ba:	7762                	ld	a4,56(sp)
   162bc:	e6a042e3          	bgtz	a0,16120 <__gdtoa+0xd6a>
   162c0:	e511                	bnez	a0,162cc <__gdtoa+0xf16>
   162c2:	6ee2                	ld	t4,24(sp)
   162c4:	001efe93          	andi	t4,t4,1
   162c8:	e40e9ce3          	bnez	t4,16120 <__gdtoa+0xd6a>
   162cc:	4850                	lw	a2,20(s0)
   162ce:	4685                	li	a3,1
   162d0:	4bc1                	li	s7,16
   162d2:	a2c6cfe3          	blt	a3,a2,15d10 <__gdtoa+0x95a>
   162d6:	4c14                	lw	a3,24(s0)
   162d8:	bc05                	j	15d08 <__gdtoa+0x952>
   162da:	7e42                	ld	t3,48(sp)
   162dc:	6826                	ld	a6,72(sp)
   162de:	7f02                	ld	t5,32(sp)
   162e0:	6746                	ld	a4,80(sp)
   162e2:	836a                	mv	t1,s10
   162e4:	0c0e0463          	beqz	t3,163ac <__gdtoa+0xff6>
   162e8:	4850                	lw	a2,20(s0)
   162ea:	4785                	li	a5,1
   162ec:	14c7d463          	bge	a5,a2,16434 <__gdtoa+0x107e>
   162f0:	4789                	li	a5,2
   162f2:	14fe0763          	beq	t3,a5,16440 <__gdtoa+0x108a>
   162f6:	8aa2                	mv	s5,s0
   162f8:	8c42                	mv	s8,a6
   162fa:	841a                	mv	s0,t1
   162fc:	8bfa                	mv	s7,t5
   162fe:	8d3a                	mv	s10,a4
   16300:	a821                	j	16318 <__gdtoa+0xf62>
   16302:	54c000ef          	jal	1684e <__multadd>
   16306:	85de                	mv	a1,s7
   16308:	8aaa                	mv	s5,a0
   1630a:	0405                	addi	s0,s0,1
   1630c:	aa0506e3          	beqz	a0,15db8 <__gdtoa+0xa02>
   16310:	25c000ef          	jal	1656c <__quorem_D2A>
   16314:	03050e9b          	addiw	t4,a0,48
   16318:	85da                	mv	a1,s6
   1631a:	855e                	mv	a0,s7
   1631c:	e876                	sd	t4,16(sp)
   1631e:	4a7000ef          	jal	16fc4 <__mcmp>
   16322:	6ec2                	ld	t4,16(sp)
   16324:	4681                	li	a3,0
   16326:	4629                	li	a2,10
   16328:	10a05e63          	blez	a0,16444 <__gdtoa+0x108e>
   1632c:	85da                	mv	a1,s6
   1632e:	01d40023          	sb	t4,0(s0)
   16332:	8552                	mv	a0,s4
   16334:	51a000ef          	jal	1684e <__multadd>
   16338:	87aa                	mv	a5,a0
   1633a:	84da                	mv	s1,s6
   1633c:	4681                	li	a3,0
   1633e:	8b2a                	mv	s6,a0
   16340:	4629                	li	a2,10
   16342:	85d6                	mv	a1,s5
   16344:	8552                	mv	a0,s4
   16346:	a60789e3          	beqz	a5,15db8 <__gdtoa+0xa02>
   1634a:	67a2                	ld	a5,8(sp)
   1634c:	fa979be3          	bne	a5,s1,16302 <__gdtoa+0xf4c>
   16350:	e45a                	sd	s6,8(sp)
   16352:	bf45                	j	16302 <__gdtoa+0xf4c>
   16354:	4e01                	li	t3,0
   16356:	da065363          	bgez	a2,158fc <__gdtoa+0x546>
   1635a:	e54ff06f          	j	159ae <__gdtoa+0x5f8>
   1635e:	f2000753          	fmv.d.x	fa4,zero
   16362:	879a                	mv	a5,t1
   16364:	a2e7a6d3          	feq.d	a3,fa5,fa4
   16368:	0016b693          	seqz	a3,a3
   1636c:	00469b9b          	slliw	s7,a3,0x4
   16370:	b5b1                	j	161bc <__gdtoa+0xe06>
   16372:	863e                	mv	a2,a5
   16374:	03900793          	li	a5,57
   16378:	6826                	ld	a6,72(sp)
   1637a:	7f02                	ld	t5,32(sp)
   1637c:	6746                	ld	a4,80(sp)
   1637e:	836a                	mv	t1,s10
   16380:	d8fd89e3          	beq	s11,a5,16112 <__gdtoa+0xd5c>
   16384:	001d879b          	addiw	a5,s11,1
   16388:	68a2                	ld	a7,8(sp)
   1638a:	00fd0023          	sb	a5,0(s10)
   1638e:	834a                	mv	t1,s2
   16390:	e45a                	sd	s6,8(sp)
   16392:	02000b93          	li	s7,32
   16396:	b269                	j	15d20 <__gdtoa+0x96a>
   16398:	68a2                	ld	a7,8(sp)
   1639a:	6826                	ld	a6,72(sp)
   1639c:	7e42                	ld	t3,48(sp)
   1639e:	7f02                	ld	t5,32(sp)
   163a0:	6746                	ld	a4,80(sp)
   163a2:	e45a                	sd	s6,8(sp)
   163a4:	b2b1                	j	15cf0 <__gdtoa+0x93a>
   163a6:	78c6                	ld	a7,112(sp)
   163a8:	f1ca                	sd	s2,224(sp)
   163aa:	b8dd                	j	15ca0 <__gdtoa+0x8ea>
   163ac:	04d05063          	blez	a3,163ec <__gdtoa+0x1036>
   163b0:	85a2                	mv	a1,s0
   163b2:	4605                	li	a2,1
   163b4:	8552                	mv	a0,s4
   163b6:	f83a                	sd	a4,48(sp)
   163b8:	e87a                	sd	t5,16(sp)
   163ba:	f41a                	sd	t1,40(sp)
   163bc:	f042                	sd	a6,32(sp)
   163be:	ec76                	sd	t4,24(sp)
   163c0:	2eb000ef          	jal	16eaa <__lshift>
   163c4:	842a                	mv	s0,a0
   163c6:	9e0509e3          	beqz	a0,15db8 <__gdtoa+0xa02>
   163ca:	65c2                	ld	a1,16(sp)
   163cc:	3f9000ef          	jal	16fc4 <__mcmp>
   163d0:	6f42                	ld	t5,16(sp)
   163d2:	7802                	ld	a6,32(sp)
   163d4:	7322                	ld	t1,40(sp)
   163d6:	7742                	ld	a4,48(sp)
   163d8:	08a05363          	blez	a0,1645e <__gdtoa+0x10a8>
   163dc:	03900793          	li	a5,57
   163e0:	d2fd87e3          	beq	s11,a5,1610e <__gdtoa+0xd58>
   163e4:	03190e9b          	addiw	t4,s2,49
   163e8:	02000e13          	li	t3,32
   163ec:	4854                	lw	a3,20(s0)
   163ee:	4785                	li	a5,1
   163f0:	4bc1                	li	s7,16
   163f2:	c0d7cae3          	blt	a5,a3,16006 <__gdtoa+0xc50>
   163f6:	4c1c                	lw	a5,24(s0)
   163f8:	c00797e3          	bnez	a5,16006 <__gdtoa+0xc50>
   163fc:	8bf2                	mv	s7,t3
   163fe:	b121                	j	16006 <__gdtoa+0xc50>
   16400:	65a6                	ld	a1,72(sp)
   16402:	fff8869b          	addiw	a3,a7,-1
   16406:	8636                	mv	a2,a3
   16408:	c2d5c6e3          	blt	a1,a3,16034 <__gdtoa+0xc7e>
   1640c:	40d584bb          	subw	s1,a1,a3
   16410:	66c2                	ld	a3,16(sp)
   16412:	01d88ebb          	addw	t4,a7,t4
   16416:	c746                	sw	a7,140(sp)
   16418:	011686bb          	addw	a3,a3,a7
   1641c:	ec36                	sd	a3,24(sp)
   1641e:	dd4ff06f          	j	159f2 <__gdtoa+0x63c>
   16422:	66c2                	ld	a3,16(sp)
   16424:	c746                	sw	a7,140(sp)
   16426:	01d88ebb          	addw	t4,a7,t4
   1642a:	011686bb          	addw	a3,a3,a7
   1642e:	ec36                	sd	a3,24(sp)
   16430:	dc2ff06f          	j	159f2 <__gdtoa+0x63c>
   16434:	4c1c                	lw	a5,24(s0)
   16436:	ea079de3          	bnez	a5,162f0 <__gdtoa+0xf3a>
   1643a:	f6d04be3          	bgtz	a3,163b0 <__gdtoa+0xffa>
   1643e:	b6e1                	j	16006 <__gdtoa+0xc50>
   16440:	4bc1                	li	s7,16
   16442:	b6d1                	j	16006 <__gdtoa+0xc50>
   16444:	03900793          	li	a5,57
   16448:	8322                	mv	t1,s0
   1644a:	8862                	mv	a6,s8
   1644c:	8456                	mv	s0,s5
   1644e:	8f5e                	mv	t5,s7
   16450:	876a                	mv	a4,s10
   16452:	cafe8ee3          	beq	t4,a5,1610e <__gdtoa+0xd58>
   16456:	2e85                	addiw	t4,t4,1
   16458:	02000b93          	li	s7,32
   1645c:	b66d                	j	16006 <__gdtoa+0xc50>
   1645e:	6ee2                	ld	t4,24(sp)
   16460:	e501                	bnez	a0,16468 <__gdtoa+0x10b2>
   16462:	001df793          	andi	a5,s11,1
   16466:	fbbd                	bnez	a5,163dc <__gdtoa+0x1026>
   16468:	02000e13          	li	t3,32
   1646c:	b741                	j	163ec <__gdtoa+0x1036>
   1646e:	790e                	ld	s2,224(sp)
   16470:	0018061b          	addiw	a2,a6,1
   16474:	bacff06f          	j	15820 <__gdtoa+0x46a>
   16478:	4854                	lw	a3,20(s0)
   1647a:	4785                	li	a5,1
   1647c:	4bc1                	li	s7,16
   1647e:	b8d7c4e3          	blt	a5,a3,16006 <__gdtoa+0xc50>
   16482:	4c1c                	lw	a5,24(s0)
   16484:	00f037b3          	snez	a5,a5
   16488:	00479b9b          	slliw	s7,a5,0x4
   1648c:	bead                	j	16006 <__gdtoa+0xc50>

000000000001648e <__rv_alloc_D2A.part.0>:
   1648e:	66e9                	lui	a3,0x1a
   16490:	6569                	lui	a0,0x1a
   16492:	1141                	addi	sp,sp,-16
   16494:	5a868693          	addi	a3,a3,1448 # 1a5a8 <__clzdi2+0x196>
   16498:	5c050513          	addi	a0,a0,1472 # 1a5c0 <__clzdi2+0x1ae>
   1649c:	4601                	li	a2,0
   1649e:	03900593          	li	a1,57
   164a2:	e406                	sd	ra,8(sp)
   164a4:	08f010ef          	jal	17d32 <__assert_func>

00000000000164a8 <__rv_alloc_D2A>:
   164a8:	1141                	addi	sp,sp,-16
   164aa:	e022                	sd	s0,0(sp)
   164ac:	e406                	sd	ra,8(sp)
   164ae:	46fd                	li	a3,31
   164b0:	842a                	mv	s0,a0
   164b2:	4705                	li	a4,1
   164b4:	4791                	li	a5,4
   164b6:	02b6f563          	bgeu	a3,a1,164e0 <__rv_alloc_D2A+0x38>
   164ba:	0017979b          	slliw	a5,a5,0x1
   164be:	01c78693          	addi	a3,a5,28
   164c2:	863a                	mv	a2,a4
   164c4:	2705                	addiw	a4,a4,1
   164c6:	fed5fae3          	bgeu	a1,a3,164ba <__rv_alloc_D2A+0x12>
   164ca:	85b2                	mv	a1,a2
   164cc:	cc30                	sw	a2,88(s0)
   164ce:	8522                	mv	a0,s0
   164d0:	2fc000ef          	jal	167cc <_Balloc>
   164d4:	c911                	beqz	a0,164e8 <__rv_alloc_D2A+0x40>
   164d6:	60a2                	ld	ra,8(sp)
   164d8:	e828                	sd	a0,80(s0)
   164da:	6402                	ld	s0,0(sp)
   164dc:	0141                	addi	sp,sp,16
   164de:	8082                	ret
   164e0:	04052c23          	sw	zero,88(a0)
   164e4:	4581                	li	a1,0
   164e6:	b7e5                	j	164ce <__rv_alloc_D2A+0x26>
   164e8:	fa7ff0ef          	jal	1648e <__rv_alloc_D2A.part.0>

00000000000164ec <__nrv_alloc_D2A>:
   164ec:	7179                	addi	sp,sp,-48
   164ee:	f022                	sd	s0,32(sp)
   164f0:	ec26                	sd	s1,24(sp)
   164f2:	f406                	sd	ra,40(sp)
   164f4:	487d                	li	a6,31
   164f6:	84aa                	mv	s1,a0
   164f8:	842e                	mv	s0,a1
   164fa:	4705                	li	a4,1
   164fc:	4791                	li	a5,4
   164fe:	04d87863          	bgeu	a6,a3,1654e <__nrv_alloc_D2A+0x62>
   16502:	0017979b          	slliw	a5,a5,0x1
   16506:	01c78513          	addi	a0,a5,28
   1650a:	85ba                	mv	a1,a4
   1650c:	2705                	addiw	a4,a4,1
   1650e:	fea6fae3          	bgeu	a3,a0,16502 <__nrv_alloc_D2A+0x16>
   16512:	ccac                	sw	a1,88(s1)
   16514:	8526                	mv	a0,s1
   16516:	e432                	sd	a2,8(sp)
   16518:	2b4000ef          	jal	167cc <_Balloc>
   1651c:	6622                	ld	a2,8(sp)
   1651e:	cd15                	beqz	a0,1655a <__nrv_alloc_D2A+0x6e>
   16520:	e8a8                	sd	a0,80(s1)
   16522:	00044783          	lbu	a5,0(s0)
   16526:	00f50023          	sb	a5,0(a0)
   1652a:	c795                	beqz	a5,16556 <__nrv_alloc_D2A+0x6a>
   1652c:	00140593          	addi	a1,s0,1
   16530:	87aa                	mv	a5,a0
   16532:	0005c703          	lbu	a4,0(a1)
   16536:	0585                	addi	a1,a1,1
   16538:	0785                	addi	a5,a5,1
   1653a:	00e78023          	sb	a4,0(a5)
   1653e:	fb75                	bnez	a4,16532 <__nrv_alloc_D2A+0x46>
   16540:	c211                	beqz	a2,16544 <__nrv_alloc_D2A+0x58>
   16542:	e21c                	sd	a5,0(a2)
   16544:	70a2                	ld	ra,40(sp)
   16546:	7402                	ld	s0,32(sp)
   16548:	64e2                	ld	s1,24(sp)
   1654a:	6145                	addi	sp,sp,48
   1654c:	8082                	ret
   1654e:	04052c23          	sw	zero,88(a0)
   16552:	4581                	li	a1,0
   16554:	b7c1                	j	16514 <__nrv_alloc_D2A+0x28>
   16556:	87aa                	mv	a5,a0
   16558:	b7e5                	j	16540 <__nrv_alloc_D2A+0x54>
   1655a:	f35ff0ef          	jal	1648e <__rv_alloc_D2A.part.0>

000000000001655e <__freedtoa>:
   1655e:	4d38                	lw	a4,88(a0)
   16560:	4785                	li	a5,1
   16562:	00e797bb          	sllw	a5,a5,a4
   16566:	c5dc                	sw	a5,12(a1)
   16568:	c598                	sw	a4,8(a1)
   1656a:	acc9                	j	1683c <_Bfree>

000000000001656c <__quorem_D2A>:
   1656c:	0145a803          	lw	a6,20(a1)
   16570:	495c                	lw	a5,20(a0)
   16572:	1707c763          	blt	a5,a6,166e0 <__quorem_D2A+0x174>
   16576:	387d                	addiw	a6,a6,-1
   16578:	00281393          	slli	t2,a6,0x2
   1657c:	01858613          	addi	a2,a1,24
   16580:	007608b3          	add	a7,a2,t2
   16584:	01850313          	addi	t1,a0,24
   16588:	0008a783          	lw	a5,0(a7)
   1658c:	939a                	add	t2,t2,t1
   1658e:	0003a703          	lw	a4,0(t2)
   16592:	2785                	addiw	a5,a5,1
   16594:	715d                	addi	sp,sp,-80
   16596:	02f752bb          	divuw	t0,a4,a5
   1659a:	e486                	sd	ra,72(sp)
   1659c:	e0a2                	sd	s0,64(sp)
   1659e:	8e16                	mv	t3,t0
   165a0:	0af76063          	bltu	a4,a5,16640 <__quorem_D2A+0xd4>
   165a4:	fc26                	sd	s1,56(sp)
   165a6:	8fb2                	mv	t6,a2
   165a8:	8f1a                	mv	t5,t1
   165aa:	4481                	li	s1,0
   165ac:	4401                	li	s0,0
   165ae:	000fa703          	lw	a4,0(t6)
   165b2:	000f2683          	lw	a3,0(t5)
   165b6:	0f11                	addi	t5,t5,4
   165b8:	03071793          	slli	a5,a4,0x30
   165bc:	93c1                	srli	a5,a5,0x30
   165be:	025787bb          	mulw	a5,a5,t0
   165c2:	0107571b          	srliw	a4,a4,0x10
   165c6:	0f91                	addi	t6,t6,4
   165c8:	02570ebb          	mulw	t4,a4,t0
   165cc:	9fa5                	addw	a5,a5,s1
   165ce:	03069713          	slli	a4,a3,0x30
   165d2:	03079493          	slli	s1,a5,0x30
   165d6:	90c1                	srli	s1,s1,0x30
   165d8:	9341                	srli	a4,a4,0x30
   165da:	9f05                	subw	a4,a4,s1
   165dc:	0107d79b          	srliw	a5,a5,0x10
   165e0:	9f01                	subw	a4,a4,s0
   165e2:	02f71493          	slli	s1,a4,0x2f
   165e6:	01d787bb          	addw	a5,a5,t4
   165ea:	03079413          	slli	s0,a5,0x30
   165ee:	9041                	srli	s0,s0,0x30
   165f0:	03f4de93          	srli	t4,s1,0x3f
   165f4:	9ea2                	add	t4,t4,s0
   165f6:	0106d69b          	srliw	a3,a3,0x10
   165fa:	41d686bb          	subw	a3,a3,t4
   165fe:	1742                	slli	a4,a4,0x30
   16600:	01069e9b          	slliw	t4,a3,0x10
   16604:	9341                	srli	a4,a4,0x30
   16606:	00eee733          	or	a4,t4,a4
   1660a:	0106d69b          	srliw	a3,a3,0x10
   1660e:	feef2e23          	sw	a4,-4(t5)
   16612:	0107d49b          	srliw	s1,a5,0x10
   16616:	0016f413          	andi	s0,a3,1
   1661a:	f9f8fae3          	bgeu	a7,t6,165ae <__quorem_D2A+0x42>
   1661e:	0003a783          	lw	a5,0(t2)
   16622:	e3e9                	bnez	a5,166e4 <__quorem_D2A+0x178>
   16624:	13f1                	addi	t2,t2,-4
   16626:	00736663          	bltu	t1,t2,16632 <__quorem_D2A+0xc6>
   1662a:	a801                	j	1663a <__quorem_D2A+0xce>
   1662c:	387d                	addiw	a6,a6,-1
   1662e:	00737663          	bgeu	t1,t2,1663a <__quorem_D2A+0xce>
   16632:	0003a783          	lw	a5,0(t2)
   16636:	13f1                	addi	t2,t2,-4
   16638:	dbf5                	beqz	a5,1662c <__quorem_D2A+0xc0>
   1663a:	74e2                	ld	s1,56(sp)
   1663c:	01052a23          	sw	a6,20(a0)
   16640:	e072                	sd	t3,0(sp)
   16642:	f416                	sd	t0,40(sp)
   16644:	f01a                	sd	t1,32(sp)
   16646:	ec46                	sd	a7,24(sp)
   16648:	e832                	sd	a2,16(sp)
   1664a:	e442                	sd	a6,8(sp)
   1664c:	842a                	mv	s0,a0
   1664e:	177000ef          	jal	16fc4 <__mcmp>
   16652:	6e02                	ld	t3,0(sp)
   16654:	08054163          	bltz	a0,166d6 <__quorem_D2A+0x16a>
   16658:	72a2                	ld	t0,40(sp)
   1665a:	7302                	ld	t1,32(sp)
   1665c:	68e2                	ld	a7,24(sp)
   1665e:	6642                	ld	a2,16(sp)
   16660:	6822                	ld	a6,8(sp)
   16662:	00128e1b          	addiw	t3,t0,1
   16666:	859a                	mv	a1,t1
   16668:	4501                	li	a0,0
   1666a:	419c                	lw	a5,0(a1)
   1666c:	4214                	lw	a3,0(a2)
   1666e:	0591                	addi	a1,a1,4
   16670:	03079713          	slli	a4,a5,0x30
   16674:	03069e93          	slli	t4,a3,0x30
   16678:	030ede93          	srli	t4,t4,0x30
   1667c:	9341                	srli	a4,a4,0x30
   1667e:	41d7073b          	subw	a4,a4,t4
   16682:	9f09                	subw	a4,a4,a0
   16684:	02f71e93          	slli	t4,a4,0x2f
   16688:	03fed513          	srli	a0,t4,0x3f
   1668c:	0106d69b          	srliw	a3,a3,0x10
   16690:	96aa                	add	a3,a3,a0
   16692:	0107d79b          	srliw	a5,a5,0x10
   16696:	9f95                	subw	a5,a5,a3
   16698:	1742                	slli	a4,a4,0x30
   1669a:	0107969b          	slliw	a3,a5,0x10
   1669e:	9341                	srli	a4,a4,0x30
   166a0:	8f55                	or	a4,a4,a3
   166a2:	0611                	addi	a2,a2,4
   166a4:	0107d79b          	srliw	a5,a5,0x10
   166a8:	fee5ae23          	sw	a4,-4(a1)
   166ac:	0017f513          	andi	a0,a5,1
   166b0:	fac8fde3          	bgeu	a7,a2,1666a <__quorem_D2A+0xfe>
   166b4:	00281793          	slli	a5,a6,0x2
   166b8:	979a                	add	a5,a5,t1
   166ba:	4398                	lw	a4,0(a5)
   166bc:	ef09                	bnez	a4,166d6 <__quorem_D2A+0x16a>
   166be:	17f1                	addi	a5,a5,-4
   166c0:	00f36663          	bltu	t1,a5,166cc <__quorem_D2A+0x160>
   166c4:	a039                	j	166d2 <__quorem_D2A+0x166>
   166c6:	387d                	addiw	a6,a6,-1
   166c8:	00f37563          	bgeu	t1,a5,166d2 <__quorem_D2A+0x166>
   166cc:	4398                	lw	a4,0(a5)
   166ce:	17f1                	addi	a5,a5,-4
   166d0:	db7d                	beqz	a4,166c6 <__quorem_D2A+0x15a>
   166d2:	01042a23          	sw	a6,20(s0)
   166d6:	60a6                	ld	ra,72(sp)
   166d8:	6406                	ld	s0,64(sp)
   166da:	8572                	mv	a0,t3
   166dc:	6161                	addi	sp,sp,80
   166de:	8082                	ret
   166e0:	4501                	li	a0,0
   166e2:	8082                	ret
   166e4:	74e2                	ld	s1,56(sp)
   166e6:	bfa9                	j	16640 <__quorem_D2A+0xd4>

00000000000166e8 <__rshift_D2A>:
   166e8:	4954                	lw	a3,20(a0)
   166ea:	4055d31b          	sraiw	t1,a1,0x5
   166ee:	00d34763          	blt	t1,a3,166fc <__rshift_D2A+0x14>
   166f2:	00052a23          	sw	zero,20(a0)
   166f6:	00052c23          	sw	zero,24(a0)
   166fa:	8082                	ret
   166fc:	01850e13          	addi	t3,a0,24
   16700:	00269813          	slli	a6,a3,0x2
   16704:	00231793          	slli	a5,t1,0x2
   16708:	89fd                	andi	a1,a1,31
   1670a:	9872                	add	a6,a6,t3
   1670c:	97f2                	add	a5,a5,t3
   1670e:	c5a9                	beqz	a1,16758 <__rshift_D2A+0x70>
   16710:	4390                	lw	a2,0(a5)
   16712:	0791                	addi	a5,a5,4
   16714:	00b6563b          	srlw	a2,a2,a1
   16718:	0707f563          	bgeu	a5,a6,16782 <__rshift_D2A+0x9a>
   1671c:	02000e93          	li	t4,32
   16720:	40be8ebb          	subw	t4,t4,a1
   16724:	88f2                	mv	a7,t3
   16726:	4398                	lw	a4,0(a5)
   16728:	0891                	addi	a7,a7,4
   1672a:	0791                	addi	a5,a5,4
   1672c:	01d7173b          	sllw	a4,a4,t4
   16730:	8f51                	or	a4,a4,a2
   16732:	fee8ae23          	sw	a4,-4(a7)
   16736:	ffc7a603          	lw	a2,-4(a5)
   1673a:	00b6563b          	srlw	a2,a2,a1
   1673e:	ff07e4e3          	bltu	a5,a6,16726 <__rshift_D2A+0x3e>
   16742:	406687b3          	sub	a5,a3,t1
   16746:	078a                	slli	a5,a5,0x2
   16748:	17e1                	addi	a5,a5,-8
   1674a:	004e0713          	addi	a4,t3,4
   1674e:	97ba                	add	a5,a5,a4
   16750:	c390                	sw	a2,0(a5)
   16752:	c20d                	beqz	a2,16774 <__rshift_D2A+0x8c>
   16754:	0791                	addi	a5,a5,4
   16756:	a839                	j	16774 <__rshift_D2A+0x8c>
   16758:	8772                	mv	a4,t3
   1675a:	f907fce3          	bgeu	a5,a6,166f2 <__rshift_D2A+0xa>
   1675e:	4390                	lw	a2,0(a5)
   16760:	0791                	addi	a5,a5,4
   16762:	0711                	addi	a4,a4,4
   16764:	fec72e23          	sw	a2,-4(a4)
   16768:	ff07ebe3          	bltu	a5,a6,1675e <__rshift_D2A+0x76>
   1676c:	406687b3          	sub	a5,a3,t1
   16770:	078a                	slli	a5,a5,0x2
   16772:	97f2                	add	a5,a5,t3
   16774:	41c787b3          	sub	a5,a5,t3
   16778:	8789                	srai	a5,a5,0x2
   1677a:	2781                	sext.w	a5,a5
   1677c:	c95c                	sw	a5,20(a0)
   1677e:	dfa5                	beqz	a5,166f6 <__rshift_D2A+0xe>
   16780:	8082                	ret
   16782:	cd10                	sw	a2,24(a0)
   16784:	87f2                	mv	a5,t3
   16786:	d635                	beqz	a2,166f2 <__rshift_D2A+0xa>
   16788:	0791                	addi	a5,a5,4
   1678a:	b7ed                	j	16774 <__rshift_D2A+0x8c>

000000000001678c <__trailz_D2A>:
   1678c:	4954                	lw	a3,20(a0)
   1678e:	0561                	addi	a0,a0,24
   16790:	4781                	li	a5,0
   16792:	068a                	slli	a3,a3,0x2
   16794:	96aa                	add	a3,a3,a0
   16796:	00d56863          	bltu	a0,a3,167a6 <__trailz_D2A+0x1a>
   1679a:	a03d                	j	167c8 <__trailz_D2A+0x3c>
   1679c:	0511                	addi	a0,a0,4
   1679e:	0207879b          	addiw	a5,a5,32
   167a2:	02d57363          	bgeu	a0,a3,167c8 <__trailz_D2A+0x3c>
   167a6:	4118                	lw	a4,0(a0)
   167a8:	db75                	beqz	a4,1679c <__trailz_D2A+0x10>
   167aa:	00d57f63          	bgeu	a0,a3,167c8 <__trailz_D2A+0x3c>
   167ae:	7179                	addi	sp,sp,-48
   167b0:	0868                	addi	a0,sp,28
   167b2:	f406                	sd	ra,40(sp)
   167b4:	e43e                	sd	a5,8(sp)
   167b6:	ce3a                	sw	a4,28(sp)
   167b8:	2da000ef          	jal	16a92 <__lo0bits>
   167bc:	67a2                	ld	a5,8(sp)
   167be:	70a2                	ld	ra,40(sp)
   167c0:	9fa9                	addw	a5,a5,a0
   167c2:	853e                	mv	a0,a5
   167c4:	6145                	addi	sp,sp,48
   167c6:	8082                	ret
   167c8:	853e                	mv	a0,a5
   167ca:	8082                	ret

00000000000167cc <_Balloc>:
   167cc:	753c                	ld	a5,104(a0)
   167ce:	1101                	addi	sp,sp,-32
   167d0:	ec06                	sd	ra,24(sp)
   167d2:	872a                	mv	a4,a0
   167d4:	86ae                	mv	a3,a1
   167d6:	c39d                	beqz	a5,167fc <_Balloc+0x30>
   167d8:	00369613          	slli	a2,a3,0x3
   167dc:	97b2                	add	a5,a5,a2
   167de:	6388                	ld	a0,0(a5)
   167e0:	cd05                	beqz	a0,16818 <_Balloc+0x4c>
   167e2:	6118                	ld	a4,0(a0)
   167e4:	e398                	sd	a4,0(a5)
   167e6:	cd717057          	vsetivli	zero,2,e32,mf2,ta,ma
   167ea:	5e0030d7          	vmv.v.i	v1,0
   167ee:	01050793          	addi	a5,a0,16
   167f2:	0207e0a7          	vse32.v	v1,(a5)
   167f6:	60e2                	ld	ra,24(sp)
   167f8:	6105                	addi	sp,sp,32
   167fa:	8082                	ret
   167fc:	e42e                	sd	a1,8(sp)
   167fe:	04100613          	li	a2,65
   16802:	45a1                	li	a1,8
   16804:	e02a                	sd	a0,0(sp)
   16806:	56e010ef          	jal	17d74 <_calloc_r>
   1680a:	6702                	ld	a4,0(sp)
   1680c:	66a2                	ld	a3,8(sp)
   1680e:	87aa                	mv	a5,a0
   16810:	f728                	sd	a0,104(a4)
   16812:	f179                	bnez	a0,167d8 <_Balloc+0xc>
   16814:	4501                	li	a0,0
   16816:	b7c5                	j	167f6 <_Balloc+0x2a>
   16818:	4785                	li	a5,1
   1681a:	00d797bb          	sllw	a5,a5,a3
   1681e:	00279613          	slli	a2,a5,0x2
   16822:	853a                	mv	a0,a4
   16824:	0671                	addi	a2,a2,28
   16826:	4585                	li	a1,1
   16828:	e436                	sd	a3,8(sp)
   1682a:	e03e                	sd	a5,0(sp)
   1682c:	548010ef          	jal	17d74 <_calloc_r>
   16830:	d175                	beqz	a0,16814 <_Balloc+0x48>
   16832:	66a2                	ld	a3,8(sp)
   16834:	6782                	ld	a5,0(sp)
   16836:	c514                	sw	a3,8(a0)
   16838:	c55c                	sw	a5,12(a0)
   1683a:	b775                	j	167e6 <_Balloc+0x1a>

000000000001683c <_Bfree>:
   1683c:	c981                	beqz	a1,1684c <_Bfree+0x10>
   1683e:	4598                	lw	a4,8(a1)
   16840:	753c                	ld	a5,104(a0)
   16842:	070e                	slli	a4,a4,0x3
   16844:	97ba                	add	a5,a5,a4
   16846:	6398                	ld	a4,0(a5)
   16848:	e198                	sd	a4,0(a1)
   1684a:	e38c                	sd	a1,0(a5)
   1684c:	8082                	ret

000000000001684e <__multadd>:
   1684e:	0145a303          	lw	t1,20(a1)
   16852:	8e2e                	mv	t3,a1
   16854:	8736                	mv	a4,a3
   16856:	01858813          	addi	a6,a1,24
   1685a:	4881                	li	a7,0
   1685c:	00082783          	lw	a5,0(a6)
   16860:	0811                	addi	a6,a6,4
   16862:	2885                	addiw	a7,a7,1
   16864:	03079693          	slli	a3,a5,0x30
   16868:	92c1                	srli	a3,a3,0x30
   1686a:	02c686bb          	mulw	a3,a3,a2
   1686e:	0107d79b          	srliw	a5,a5,0x10
   16872:	02c787bb          	mulw	a5,a5,a2
   16876:	9eb9                	addw	a3,a3,a4
   16878:	0106d71b          	srliw	a4,a3,0x10
   1687c:	16c2                	slli	a3,a3,0x30
   1687e:	92c1                	srli	a3,a3,0x30
   16880:	9fb9                	addw	a5,a5,a4
   16882:	0107971b          	slliw	a4,a5,0x10
   16886:	9f35                	addw	a4,a4,a3
   16888:	fee82e23          	sw	a4,-4(a6)
   1688c:	0107d71b          	srliw	a4,a5,0x10
   16890:	fc68c6e3          	blt	a7,t1,1685c <__multadd+0xe>
   16894:	cf09                	beqz	a4,168ae <__multadd+0x60>
   16896:	00ce2783          	lw	a5,12(t3)
   1689a:	00f35c63          	bge	t1,a5,168b2 <__multadd+0x64>
   1689e:	00231693          	slli	a3,t1,0x2
   168a2:	96f2                	add	a3,a3,t3
   168a4:	ce98                	sw	a4,24(a3)
   168a6:	0013079b          	addiw	a5,t1,1 # fffffffffcc00001 <__BSS_END__+0xfffffffffcbe3e31>
   168aa:	00fe2a23          	sw	a5,20(t3)
   168ae:	8572                	mv	a0,t3
   168b0:	8082                	ret
   168b2:	008e2583          	lw	a1,8(t3)
   168b6:	7179                	addi	sp,sp,-48
   168b8:	f022                	sd	s0,32(sp)
   168ba:	2585                	addiw	a1,a1,1
   168bc:	e83a                	sd	a4,16(sp)
   168be:	e41a                	sd	t1,8(sp)
   168c0:	e072                	sd	t3,0(sp)
   168c2:	f406                	sd	ra,40(sp)
   168c4:	842a                	mv	s0,a0
   168c6:	f07ff0ef          	jal	167cc <_Balloc>
   168ca:	6e02                	ld	t3,0(sp)
   168cc:	6322                	ld	t1,8(sp)
   168ce:	6742                	ld	a4,16(sp)
   168d0:	86aa                	mv	a3,a0
   168d2:	c929                	beqz	a0,16924 <__multadd+0xd6>
   168d4:	014e2603          	lw	a2,20(t3)
   168d8:	010e0593          	addi	a1,t3,16
   168dc:	0541                	addi	a0,a0,16
   168de:	060a                	slli	a2,a2,0x2
   168e0:	0621                	addi	a2,a2,8
   168e2:	ec3a                	sd	a4,24(sp)
   168e4:	e81a                	sd	t1,16(sp)
   168e6:	e472                	sd	t3,8(sp)
   168e8:	e036                	sd	a3,0(sp)
   168ea:	e2efe0ef          	jal	14f18 <memcpy>
   168ee:	6e22                	ld	t3,8(sp)
   168f0:	743c                	ld	a5,104(s0)
   168f2:	6342                	ld	t1,16(sp)
   168f4:	008e2603          	lw	a2,8(t3)
   168f8:	6762                	ld	a4,24(sp)
   168fa:	00231693          	slli	a3,t1,0x2
   168fe:	060e                	slli	a2,a2,0x3
   16900:	97b2                	add	a5,a5,a2
   16902:	6390                	ld	a2,0(a5)
   16904:	70a2                	ld	ra,40(sp)
   16906:	7402                	ld	s0,32(sp)
   16908:	00ce3023          	sd	a2,0(t3)
   1690c:	01c7b023          	sd	t3,0(a5)
   16910:	6e02                	ld	t3,0(sp)
   16912:	0013079b          	addiw	a5,t1,1
   16916:	96f2                	add	a3,a3,t3
   16918:	ce98                	sw	a4,24(a3)
   1691a:	00fe2a23          	sw	a5,20(t3)
   1691e:	8572                	mv	a0,t3
   16920:	6145                	addi	sp,sp,48
   16922:	8082                	ret
   16924:	66e9                	lui	a3,0x1a
   16926:	6569                	lui	a0,0x1a
   16928:	5a868693          	addi	a3,a3,1448 # 1a5a8 <__clzdi2+0x196>
   1692c:	60850513          	addi	a0,a0,1544 # 1a608 <__clzdi2+0x1f6>
   16930:	4601                	li	a2,0
   16932:	0ba00593          	li	a1,186
   16936:	3fc010ef          	jal	17d32 <__assert_func>

000000000001693a <__s2b>:
   1693a:	7139                	addi	sp,sp,-64
   1693c:	f822                	sd	s0,48(sp)
   1693e:	f04a                	sd	s2,32(sp)
   16940:	ec4e                	sd	s3,24(sp)
   16942:	e852                	sd	s4,16(sp)
   16944:	e456                	sd	s5,8(sp)
   16946:	fc06                	sd	ra,56(sp)
   16948:	47a5                	li	a5,9
   1694a:	89b6                	mv	s3,a3
   1694c:	8a32                	mv	s4,a2
   1694e:	892a                	mv	s2,a0
   16950:	8aae                	mv	s5,a1
   16952:	843a                	mv	s0,a4
   16954:	0ad7dd63          	bge	a5,a3,16a0e <__s2b+0xd4>
   16958:	26a1                	addiw	a3,a3,8
   1695a:	1682                	slli	a3,a3,0x20
   1695c:	38e397b7          	lui	a5,0x38e39
   16960:	e3978793          	addi	a5,a5,-455 # 38e38e39 <__BSS_END__+0x38e1cc69>
   16964:	9281                	srli	a3,a3,0x20
   16966:	02f686b3          	mul	a3,a3,a5
   1696a:	4581                	li	a1,0
   1696c:	4785                	li	a5,1
   1696e:	9285                	srli	a3,a3,0x21
   16970:	0017979b          	slliw	a5,a5,0x1
   16974:	2585                	addiw	a1,a1,1
   16976:	fed7cde3          	blt	a5,a3,16970 <__s2b+0x36>
   1697a:	854a                	mv	a0,s2
   1697c:	e51ff0ef          	jal	167cc <_Balloc>
   16980:	f426                	sd	s1,40(sp)
   16982:	85aa                	mv	a1,a0
   16984:	c559                	beqz	a0,16a12 <__s2b+0xd8>
   16986:	4785                	li	a5,1
   16988:	c95c                	sw	a5,20(a0)
   1698a:	cd00                	sw	s0,24(a0)
   1698c:	47a5                	li	a5,9
   1698e:	0747dc63          	bge	a5,s4,16a06 <__s2b+0xcc>
   16992:	ff6a071b          	addiw	a4,s4,-10
   16996:	020a1793          	slli	a5,s4,0x20
   1699a:	009a8413          	addi	s0,s5,9
   1699e:	e05a                	sd	s6,0(sp)
   169a0:	9381                	srli	a5,a5,0x20
   169a2:	02071b13          	slli	s6,a4,0x20
   169a6:	020b5b13          	srli	s6,s6,0x20
   169aa:	9abe                	add	s5,s5,a5
   169ac:	84a2                	mv	s1,s0
   169ae:	0004c683          	lbu	a3,0(s1)
   169b2:	4629                	li	a2,10
   169b4:	854a                	mv	a0,s2
   169b6:	fd06869b          	addiw	a3,a3,-48
   169ba:	0485                	addi	s1,s1,1
   169bc:	e93ff0ef          	jal	1684e <__multadd>
   169c0:	85aa                	mv	a1,a0
   169c2:	ff5496e3          	bne	s1,s5,169ae <__s2b+0x74>
   169c6:	945a                	add	s0,s0,s6
   169c8:	6b02                	ld	s6,0(sp)
   169ca:	0409                	addi	s0,s0,2
   169cc:	033a5363          	bge	s4,s3,169f2 <__s2b+0xb8>
   169d0:	414984bb          	subw	s1,s3,s4
   169d4:	1482                	slli	s1,s1,0x20
   169d6:	9081                	srli	s1,s1,0x20
   169d8:	94a2                	add	s1,s1,s0
   169da:	00044683          	lbu	a3,0(s0)
   169de:	4629                	li	a2,10
   169e0:	854a                	mv	a0,s2
   169e2:	fd06869b          	addiw	a3,a3,-48
   169e6:	0405                	addi	s0,s0,1
   169e8:	e67ff0ef          	jal	1684e <__multadd>
   169ec:	85aa                	mv	a1,a0
   169ee:	fe9416e3          	bne	s0,s1,169da <__s2b+0xa0>
   169f2:	70e2                	ld	ra,56(sp)
   169f4:	7442                	ld	s0,48(sp)
   169f6:	74a2                	ld	s1,40(sp)
   169f8:	7902                	ld	s2,32(sp)
   169fa:	69e2                	ld	s3,24(sp)
   169fc:	6a42                	ld	s4,16(sp)
   169fe:	6aa2                	ld	s5,8(sp)
   16a00:	852e                	mv	a0,a1
   16a02:	6121                	addi	sp,sp,64
   16a04:	8082                	ret
   16a06:	00aa8413          	addi	s0,s5,10
   16a0a:	8a3e                	mv	s4,a5
   16a0c:	b7c1                	j	169cc <__s2b+0x92>
   16a0e:	4581                	li	a1,0
   16a10:	b7ad                	j	1697a <__s2b+0x40>
   16a12:	66e9                	lui	a3,0x1a
   16a14:	6569                	lui	a0,0x1a
   16a16:	5a868693          	addi	a3,a3,1448 # 1a5a8 <__clzdi2+0x196>
   16a1a:	60850513          	addi	a0,a0,1544 # 1a608 <__clzdi2+0x1f6>
   16a1e:	4601                	li	a2,0
   16a20:	0d300593          	li	a1,211
   16a24:	e05a                	sd	s6,0(sp)
   16a26:	30c010ef          	jal	17d32 <__assert_func>

0000000000016a2a <__hi0bits>:
   16a2a:	87aa                	mv	a5,a0
   16a2c:	6741                	lui	a4,0x10
   16a2e:	4501                	li	a0,0
   16a30:	00e7f563          	bgeu	a5,a4,16a3a <__hi0bits+0x10>
   16a34:	0107979b          	slliw	a5,a5,0x10
   16a38:	4541                	li	a0,16
   16a3a:	01000737          	lui	a4,0x1000
   16a3e:	00e7f563          	bgeu	a5,a4,16a48 <__hi0bits+0x1e>
   16a42:	2521                	addiw	a0,a0,8
   16a44:	0087979b          	slliw	a5,a5,0x8
   16a48:	10000737          	lui	a4,0x10000
   16a4c:	00e7ec63          	bltu	a5,a4,16a64 <__hi0bits+0x3a>
   16a50:	40000737          	lui	a4,0x40000
   16a54:	02e7f863          	bgeu	a5,a4,16a84 <__hi0bits+0x5a>
   16a58:	02279713          	slli	a4,a5,0x22
   16a5c:	02074963          	bltz	a4,16a8e <__hi0bits+0x64>
   16a60:	250d                	addiw	a0,a0,3
   16a62:	8082                	ret
   16a64:	0047971b          	slliw	a4,a5,0x4
   16a68:	400006b7          	lui	a3,0x40000
   16a6c:	2511                	addiw	a0,a0,4
   16a6e:	00d77c63          	bgeu	a4,a3,16a86 <__hi0bits+0x5c>
   16a72:	0067979b          	slliw	a5,a5,0x6
   16a76:	0007cc63          	bltz	a5,16a8e <__hi0bits+0x64>
   16a7a:	8ff5                	and	a5,a5,a3
   16a7c:	f3f5                	bnez	a5,16a60 <__hi0bits+0x36>
   16a7e:	02000513          	li	a0,32
   16a82:	8082                	ret
   16a84:	873e                	mv	a4,a5
   16a86:	fe074ee3          	bltz	a4,16a82 <__hi0bits+0x58>
   16a8a:	2505                	addiw	a0,a0,1
   16a8c:	8082                	ret
   16a8e:	2509                	addiw	a0,a0,2
   16a90:	8082                	ret

0000000000016a92 <__lo0bits>:
   16a92:	411c                	lw	a5,0(a0)
   16a94:	0077f713          	andi	a4,a5,7
   16a98:	86be                	mv	a3,a5
   16a9a:	cf11                	beqz	a4,16ab6 <__lo0bits+0x24>
   16a9c:	0017f693          	andi	a3,a5,1
   16aa0:	4701                	li	a4,0
   16aa2:	ea81                	bnez	a3,16ab2 <__lo0bits+0x20>
   16aa4:	0027f713          	andi	a4,a5,2
   16aa8:	cf3d                	beqz	a4,16b26 <__lo0bits+0x94>
   16aaa:	0017d79b          	srliw	a5,a5,0x1
   16aae:	c11c                	sw	a5,0(a0)
   16ab0:	4705                	li	a4,1
   16ab2:	853a                	mv	a0,a4
   16ab4:	8082                	ret
   16ab6:	03079713          	slli	a4,a5,0x30
   16aba:	9341                	srli	a4,a4,0x30
   16abc:	eb0d                	bnez	a4,16aee <__lo0bits+0x5c>
   16abe:	0107d79b          	srliw	a5,a5,0x10
   16ac2:	0ff7f693          	zext.b	a3,a5
   16ac6:	4741                	li	a4,16
   16ac8:	e681                	bnez	a3,16ad0 <__lo0bits+0x3e>
   16aca:	4761                	li	a4,24
   16acc:	0087d79b          	srliw	a5,a5,0x8
   16ad0:	00f7f693          	andi	a3,a5,15
   16ad4:	c2a9                	beqz	a3,16b16 <__lo0bits+0x84>
   16ad6:	0037f693          	andi	a3,a5,3
   16ada:	c68d                	beqz	a3,16b04 <__lo0bits+0x72>
   16adc:	0017f693          	andi	a3,a5,1
   16ae0:	e681                	bnez	a3,16ae8 <__lo0bits+0x56>
   16ae2:	2705                	addiw	a4,a4,1 # 40000001 <__BSS_END__+0x3ffe3e31>
   16ae4:	0017d79b          	srliw	a5,a5,0x1
   16ae8:	c11c                	sw	a5,0(a0)
   16aea:	853a                	mv	a0,a4
   16aec:	8082                	ret
   16aee:	0ff7f713          	zext.b	a4,a5
   16af2:	c715                	beqz	a4,16b1e <__lo0bits+0x8c>
   16af4:	8abd                	andi	a3,a3,15
   16af6:	e6a1                	bnez	a3,16b3e <__lo0bits+0xac>
   16af8:	4711                	li	a4,4
   16afa:	0047d79b          	srliw	a5,a5,0x4
   16afe:	0037f693          	andi	a3,a5,3
   16b02:	fee9                	bnez	a3,16adc <__lo0bits+0x4a>
   16b04:	0027d69b          	srliw	a3,a5,0x2
   16b08:	0016f613          	andi	a2,a3,1
   16b0c:	c21d                	beqz	a2,16b32 <__lo0bits+0xa0>
   16b0e:	87b6                	mv	a5,a3
   16b10:	2709                	addiw	a4,a4,2
   16b12:	c11c                	sw	a5,0(a0)
   16b14:	bfd9                	j	16aea <__lo0bits+0x58>
   16b16:	2711                	addiw	a4,a4,4
   16b18:	0047d79b          	srliw	a5,a5,0x4
   16b1c:	b7cd                	j	16afe <__lo0bits+0x6c>
   16b1e:	4721                	li	a4,8
   16b20:	0087d79b          	srliw	a5,a5,0x8
   16b24:	b775                	j	16ad0 <__lo0bits+0x3e>
   16b26:	0027d79b          	srliw	a5,a5,0x2
   16b2a:	4709                	li	a4,2
   16b2c:	c11c                	sw	a5,0(a0)
   16b2e:	853a                	mv	a0,a4
   16b30:	8082                	ret
   16b32:	0037d79b          	srliw	a5,a5,0x3
   16b36:	eb89                	bnez	a5,16b48 <__lo0bits+0xb6>
   16b38:	02000713          	li	a4,32
   16b3c:	bf9d                	j	16ab2 <__lo0bits+0x20>
   16b3e:	0037d79b          	srliw	a5,a5,0x3
   16b42:	470d                	li	a4,3
   16b44:	c11c                	sw	a5,0(a0)
   16b46:	b755                	j	16aea <__lo0bits+0x58>
   16b48:	270d                	addiw	a4,a4,3
   16b4a:	c11c                	sw	a5,0(a0)
   16b4c:	bf79                	j	16aea <__lo0bits+0x58>

0000000000016b4e <__i2b>:
   16b4e:	753c                	ld	a5,104(a0)
   16b50:	1101                	addi	sp,sp,-32
   16b52:	ec06                	sd	ra,24(sp)
   16b54:	872a                	mv	a4,a0
   16b56:	86ae                	mv	a3,a1
   16b58:	c38d                	beqz	a5,16b7a <__i2b+0x2c>
   16b5a:	6788                	ld	a0,8(a5)
   16b5c:	c531                	beqz	a0,16ba8 <__i2b+0x5a>
   16b5e:	6118                	ld	a4,0(a0)
   16b60:	cd717057          	vsetivli	zero,2,e32,mf2,ta,ma
   16b64:	5208a0d7          	vid.v	v1
   16b68:	e798                	sd	a4,8(a5)
   16b6a:	cd14                	sw	a3,24(a0)
   16b6c:	01050793          	addi	a5,a0,16
   16b70:	0207e0a7          	vse32.v	v1,(a5)
   16b74:	60e2                	ld	ra,24(sp)
   16b76:	6105                	addi	sp,sp,32
   16b78:	8082                	ret
   16b7a:	e42e                	sd	a1,8(sp)
   16b7c:	04100613          	li	a2,65
   16b80:	45a1                	li	a1,8
   16b82:	e02a                	sd	a0,0(sp)
   16b84:	1f0010ef          	jal	17d74 <_calloc_r>
   16b88:	6702                	ld	a4,0(sp)
   16b8a:	66a2                	ld	a3,8(sp)
   16b8c:	87aa                	mv	a5,a0
   16b8e:	f728                	sd	a0,104(a4)
   16b90:	f569                	bnez	a0,16b5a <__i2b+0xc>
   16b92:	66e9                	lui	a3,0x1a
   16b94:	6569                	lui	a0,0x1a
   16b96:	5a868693          	addi	a3,a3,1448 # 1a5a8 <__clzdi2+0x196>
   16b9a:	60850513          	addi	a0,a0,1544 # 1a608 <__clzdi2+0x1f6>
   16b9e:	4601                	li	a2,0
   16ba0:	14500593          	li	a1,325
   16ba4:	18e010ef          	jal	17d32 <__assert_func>
   16ba8:	853a                	mv	a0,a4
   16baa:	02400613          	li	a2,36
   16bae:	4585                	li	a1,1
   16bb0:	e036                	sd	a3,0(sp)
   16bb2:	1c2010ef          	jal	17d74 <_calloc_r>
   16bb6:	dd71                	beqz	a0,16b92 <__i2b+0x44>
   16bb8:	cd717057          	vsetivli	zero,2,e32,mf2,ta,ma
   16bbc:	5208a0d7          	vid.v	v1
   16bc0:	00850793          	addi	a5,a0,8
   16bc4:	0210b157          	vadd.vi	v2,v1,1
   16bc8:	6682                	ld	a3,0(sp)
   16bca:	60e2                	ld	ra,24(sp)
   16bcc:	0207e127          	vse32.v	v2,(a5)
   16bd0:	01050793          	addi	a5,a0,16
   16bd4:	cd14                	sw	a3,24(a0)
   16bd6:	0207e0a7          	vse32.v	v1,(a5)
   16bda:	6105                	addi	sp,sp,32
   16bdc:	8082                	ret

0000000000016bde <__multiply>:
   16bde:	7139                	addi	sp,sp,-64
   16be0:	ec4e                	sd	s3,24(sp)
   16be2:	e852                	sd	s4,16(sp)
   16be4:	0145a983          	lw	s3,20(a1)
   16be8:	01462a03          	lw	s4,20(a2)
   16bec:	f04a                	sd	s2,32(sp)
   16bee:	e456                	sd	s5,8(sp)
   16bf0:	fc06                	sd	ra,56(sp)
   16bf2:	f822                	sd	s0,48(sp)
   16bf4:	f426                	sd	s1,40(sp)
   16bf6:	8aae                	mv	s5,a1
   16bf8:	8932                	mv	s2,a2
   16bfa:	0149c763          	blt	s3,s4,16c08 <__multiply+0x2a>
   16bfe:	8752                	mv	a4,s4
   16c00:	892e                	mv	s2,a1
   16c02:	8a4e                	mv	s4,s3
   16c04:	8ab2                	mv	s5,a2
   16c06:	89ba                	mv	s3,a4
   16c08:	00c92783          	lw	a5,12(s2)
   16c0c:	013a04bb          	addw	s1,s4,s3
   16c10:	00892583          	lw	a1,8(s2)
   16c14:	8426                	mv	s0,s1
   16c16:	0097d363          	bge	a5,s1,16c1c <__multiply+0x3e>
   16c1a:	2585                	addiw	a1,a1,1
   16c1c:	bb1ff0ef          	jal	167cc <_Balloc>
   16c20:	18050663          	beqz	a0,16dac <__multiply+0x1ce>
   16c24:	01850893          	addi	a7,a0,24
   16c28:	00249813          	slli	a6,s1,0x2
   16c2c:	9846                	add	a6,a6,a7
   16c2e:	0308f463          	bgeu	a7,a6,16c56 <__multiply+0x78>
   16c32:	40a80733          	sub	a4,a6,a0
   16c36:	0d0077d7          	vsetvli	a5,zero,e32,m1,ta,ma
   16c3a:	171d                	addi	a4,a4,-25
   16c3c:	5e0030d7          	vmv.v.i	v1,0
   16c40:	8309                	srli	a4,a4,0x2
   16c42:	0705                	addi	a4,a4,1
   16c44:	8e46                	mv	t3,a7
   16c46:	0c6777d7          	vsetvli	a5,a4,e8,mf4,ta,ma
   16c4a:	020e60a7          	vse32.v	v1,(t3)
   16c4e:	8f1d                	sub	a4,a4,a5
   16c50:	078a                	slli	a5,a5,0x2
   16c52:	9e3e                	add	t3,t3,a5
   16c54:	fb6d                	bnez	a4,16c46 <__multiply+0x68>
   16c56:	018a8593          	addi	a1,s5,24
   16c5a:	00299313          	slli	t1,s3,0x2
   16c5e:	932e                	add	t1,t1,a1
   16c60:	1265f363          	bgeu	a1,t1,16d86 <__multiply+0x1a8>
   16c64:	002a1693          	slli	a3,s4,0x2
   16c68:	01890e93          	addi	t4,s2,24
   16c6c:	96f6                	add	a3,a3,t4
   16c6e:	01990e13          	addi	t3,s2,25
   16c72:	01c6be33          	sltu	t3,a3,t3
   16c76:	41268633          	sub	a2,a3,s2
   16c7a:	001e4e13          	xori	t3,t3,1
   16c7e:	161d                	addi	a2,a2,-25
   16c80:	a809                	j	16c92 <__multiply+0xb4>
   16c82:	0102d29b          	srliw	t0,t0,0x10
   16c86:	08029863          	bnez	t0,16d16 <__multiply+0x138>
   16c8a:	0591                	addi	a1,a1,4
   16c8c:	0891                	addi	a7,a7,4
   16c8e:	0e65fc63          	bgeu	a1,t1,16d86 <__multiply+0x1a8>
   16c92:	0005a283          	lw	t0,0(a1)
   16c96:	03029913          	slli	s2,t0,0x30
   16c9a:	03095913          	srli	s2,s2,0x30
   16c9e:	fe0902e3          	beqz	s2,16c82 <__multiply+0xa4>
   16ca2:	83c6                	mv	t2,a7
   16ca4:	82f6                	mv	t0,t4
   16ca6:	4701                	li	a4,0
   16ca8:	0002af83          	lw	t6,0(t0)
   16cac:	0003af03          	lw	t5,0(t2)
   16cb0:	0391                	addi	t2,t2,4
   16cb2:	030f9793          	slli	a5,t6,0x30
   16cb6:	93c1                	srli	a5,a5,0x30
   16cb8:	032787bb          	mulw	a5,a5,s2
   16cbc:	010fdf9b          	srliw	t6,t6,0x10
   16cc0:	030f1993          	slli	s3,t5,0x30
   16cc4:	0309d993          	srli	s3,s3,0x30
   16cc8:	010f5f1b          	srliw	t5,t5,0x10
   16ccc:	0291                	addi	t0,t0,4
   16cce:	032f8fbb          	mulw	t6,t6,s2
   16cd2:	013787bb          	addw	a5,a5,s3
   16cd6:	9fb9                	addw	a5,a5,a4
   16cd8:	0107d71b          	srliw	a4,a5,0x10
   16cdc:	17c2                	slli	a5,a5,0x30
   16cde:	93c1                	srli	a5,a5,0x30
   16ce0:	01ff0f3b          	addw	t5,t5,t6
   16ce4:	01e7073b          	addw	a4,a4,t5
   16ce8:	01071f1b          	slliw	t5,a4,0x10
   16cec:	00ff67b3          	or	a5,t5,a5
   16cf0:	fef3ae23          	sw	a5,-4(t2)
   16cf4:	0107571b          	srliw	a4,a4,0x10
   16cf8:	fad2e8e3          	bltu	t0,a3,16ca8 <__multiply+0xca>
   16cfc:	4781                	li	a5,0
   16cfe:	000e0463          	beqz	t3,16d06 <__multiply+0x128>
   16d02:	ffc67793          	andi	a5,a2,-4
   16d06:	97c6                	add	a5,a5,a7
   16d08:	c3d8                	sw	a4,4(a5)
   16d0a:	0005a283          	lw	t0,0(a1)
   16d0e:	0102d29b          	srliw	t0,t0,0x10
   16d12:	f6028ce3          	beqz	t0,16c8a <__multiply+0xac>
   16d16:	0008a783          	lw	a5,0(a7)
   16d1a:	83c6                	mv	t2,a7
   16d1c:	8ff6                	mv	t6,t4
   16d1e:	893e                	mv	s2,a5
   16d20:	4981                	li	s3,0
   16d22:	000fdf03          	lhu	t5,0(t6)
   16d26:	0109571b          	srliw	a4,s2,0x10
   16d2a:	17c2                	slli	a5,a5,0x30
   16d2c:	025f0f3b          	mulw	t5,t5,t0
   16d30:	93c1                	srli	a5,a5,0x30
   16d32:	0f91                	addi	t6,t6,4
   16d34:	0043a903          	lw	s2,4(t2)
   16d38:	0391                	addi	t2,t2,4
   16d3a:	03091a13          	slli	s4,s2,0x30
   16d3e:	030a5a13          	srli	s4,s4,0x30
   16d42:	013f0f3b          	addw	t5,t5,s3
   16d46:	01e7073b          	addw	a4,a4,t5
   16d4a:	01071f1b          	slliw	t5,a4,0x10
   16d4e:	00ff67b3          	or	a5,t5,a5
   16d52:	fef3ae23          	sw	a5,-4(t2)
   16d56:	ffefd783          	lhu	a5,-2(t6)
   16d5a:	0107571b          	srliw	a4,a4,0x10
   16d5e:	025787bb          	mulw	a5,a5,t0
   16d62:	014787bb          	addw	a5,a5,s4
   16d66:	9fb9                	addw	a5,a5,a4
   16d68:	0107d99b          	srliw	s3,a5,0x10
   16d6c:	fadfebe3          	bltu	t6,a3,16d22 <__multiply+0x144>
   16d70:	4701                	li	a4,0
   16d72:	000e0463          	beqz	t3,16d7a <__multiply+0x19c>
   16d76:	ffc67713          	andi	a4,a2,-4
   16d7a:	9746                	add	a4,a4,a7
   16d7c:	c35c                	sw	a5,4(a4)
   16d7e:	0591                	addi	a1,a1,4
   16d80:	0891                	addi	a7,a7,4
   16d82:	f065e8e3          	bltu	a1,t1,16c92 <__multiply+0xb4>
   16d86:	00904563          	bgtz	s1,16d90 <__multiply+0x1b2>
   16d8a:	a039                	j	16d98 <__multiply+0x1ba>
   16d8c:	347d                	addiw	s0,s0,-1
   16d8e:	c409                	beqz	s0,16d98 <__multiply+0x1ba>
   16d90:	ffc82783          	lw	a5,-4(a6)
   16d94:	1871                	addi	a6,a6,-4
   16d96:	dbfd                	beqz	a5,16d8c <__multiply+0x1ae>
   16d98:	70e2                	ld	ra,56(sp)
   16d9a:	c940                	sw	s0,20(a0)
   16d9c:	7442                	ld	s0,48(sp)
   16d9e:	74a2                	ld	s1,40(sp)
   16da0:	7902                	ld	s2,32(sp)
   16da2:	69e2                	ld	s3,24(sp)
   16da4:	6a42                	ld	s4,16(sp)
   16da6:	6aa2                	ld	s5,8(sp)
   16da8:	6121                	addi	sp,sp,64
   16daa:	8082                	ret
   16dac:	66e9                	lui	a3,0x1a
   16dae:	6569                	lui	a0,0x1a
   16db0:	5a868693          	addi	a3,a3,1448 # 1a5a8 <__clzdi2+0x196>
   16db4:	60850513          	addi	a0,a0,1544 # 1a608 <__clzdi2+0x1f6>
   16db8:	4601                	li	a2,0
   16dba:	16200593          	li	a1,354
   16dbe:	775000ef          	jal	17d32 <__assert_func>

0000000000016dc2 <__pow5mult>:
   16dc2:	7179                	addi	sp,sp,-48
   16dc4:	f022                	sd	s0,32(sp)
   16dc6:	e84a                	sd	s2,16(sp)
   16dc8:	e44e                	sd	s3,8(sp)
   16dca:	f406                	sd	ra,40(sp)
   16dcc:	00367793          	andi	a5,a2,3
   16dd0:	8432                	mv	s0,a2
   16dd2:	89aa                	mv	s3,a0
   16dd4:	892e                	mv	s2,a1
   16dd6:	e3d9                	bnez	a5,16e5c <__pow5mult+0x9a>
   16dd8:	4024541b          	sraiw	s0,s0,0x2
   16ddc:	c82d                	beqz	s0,16e4e <__pow5mult+0x8c>
   16dde:	ec26                	sd	s1,24(sp)
   16de0:	0609b483          	ld	s1,96(s3)
   16de4:	c8c1                	beqz	s1,16e74 <__pow5mult+0xb2>
   16de6:	00147793          	andi	a5,s0,1
   16dea:	4014541b          	sraiw	s0,s0,0x1
   16dee:	eb89                	bnez	a5,16e00 <__pow5mult+0x3e>
   16df0:	6088                	ld	a0,0(s1)
   16df2:	cd0d                	beqz	a0,16e2c <__pow5mult+0x6a>
   16df4:	84aa                	mv	s1,a0
   16df6:	00147793          	andi	a5,s0,1
   16dfa:	4014541b          	sraiw	s0,s0,0x1
   16dfe:	dbed                	beqz	a5,16df0 <__pow5mult+0x2e>
   16e00:	8626                	mv	a2,s1
   16e02:	85ca                	mv	a1,s2
   16e04:	854e                	mv	a0,s3
   16e06:	dd9ff0ef          	jal	16bde <__multiply>
   16e0a:	00090d63          	beqz	s2,16e24 <__pow5mult+0x62>
   16e0e:	00892703          	lw	a4,8(s2)
   16e12:	0689b783          	ld	a5,104(s3)
   16e16:	070e                	slli	a4,a4,0x3
   16e18:	97ba                	add	a5,a5,a4
   16e1a:	6398                	ld	a4,0(a5)
   16e1c:	00e93023          	sd	a4,0(s2)
   16e20:	0127b023          	sd	s2,0(a5)
   16e24:	cc11                	beqz	s0,16e40 <__pow5mult+0x7e>
   16e26:	892a                	mv	s2,a0
   16e28:	6088                	ld	a0,0(s1)
   16e2a:	f569                	bnez	a0,16df4 <__pow5mult+0x32>
   16e2c:	8626                	mv	a2,s1
   16e2e:	85a6                	mv	a1,s1
   16e30:	854e                	mv	a0,s3
   16e32:	dadff0ef          	jal	16bde <__multiply>
   16e36:	e088                	sd	a0,0(s1)
   16e38:	00053023          	sd	zero,0(a0)
   16e3c:	84aa                	mv	s1,a0
   16e3e:	bf65                	j	16df6 <__pow5mult+0x34>
   16e40:	70a2                	ld	ra,40(sp)
   16e42:	7402                	ld	s0,32(sp)
   16e44:	64e2                	ld	s1,24(sp)
   16e46:	6942                	ld	s2,16(sp)
   16e48:	69a2                	ld	s3,8(sp)
   16e4a:	6145                	addi	sp,sp,48
   16e4c:	8082                	ret
   16e4e:	70a2                	ld	ra,40(sp)
   16e50:	7402                	ld	s0,32(sp)
   16e52:	69a2                	ld	s3,8(sp)
   16e54:	854a                	mv	a0,s2
   16e56:	6942                	ld	s2,16(sp)
   16e58:	6145                	addi	sp,sp,48
   16e5a:	8082                	ret
   16e5c:	37fd                	addiw	a5,a5,-1
   16e5e:	676d                	lui	a4,0x1b
   16e60:	aa870713          	addi	a4,a4,-1368 # 1aaa8 <p05.0>
   16e64:	078a                	slli	a5,a5,0x2
   16e66:	97ba                	add	a5,a5,a4
   16e68:	4390                	lw	a2,0(a5)
   16e6a:	4681                	li	a3,0
   16e6c:	9e3ff0ef          	jal	1684e <__multadd>
   16e70:	892a                	mv	s2,a0
   16e72:	b79d                	j	16dd8 <__pow5mult+0x16>
   16e74:	4585                	li	a1,1
   16e76:	854e                	mv	a0,s3
   16e78:	955ff0ef          	jal	167cc <_Balloc>
   16e7c:	84aa                	mv	s1,a0
   16e7e:	c919                	beqz	a0,16e94 <__pow5mult+0xd2>
   16e80:	27100713          	li	a4,625
   16e84:	4785                	li	a5,1
   16e86:	cd18                	sw	a4,24(a0)
   16e88:	c95c                	sw	a5,20(a0)
   16e8a:	06a9b023          	sd	a0,96(s3)
   16e8e:	00053023          	sd	zero,0(a0)
   16e92:	bf91                	j	16de6 <__pow5mult+0x24>
   16e94:	66e9                	lui	a3,0x1a
   16e96:	6569                	lui	a0,0x1a
   16e98:	5a868693          	addi	a3,a3,1448 # 1a5a8 <__clzdi2+0x196>
   16e9c:	60850513          	addi	a0,a0,1544 # 1a608 <__clzdi2+0x1f6>
   16ea0:	4601                	li	a2,0
   16ea2:	14500593          	li	a1,325
   16ea6:	68d000ef          	jal	17d32 <__assert_func>

0000000000016eaa <__lshift>:
   16eaa:	7139                	addi	sp,sp,-64
   16eac:	f426                	sd	s1,40(sp)
   16eae:	49c4                	lw	s1,20(a1)
   16eb0:	45dc                	lw	a5,12(a1)
   16eb2:	e852                	sd	s4,16(sp)
   16eb4:	40565a1b          	sraiw	s4,a2,0x5
   16eb8:	014484bb          	addw	s1,s1,s4
   16ebc:	f822                	sd	s0,48(sp)
   16ebe:	f04a                	sd	s2,32(sp)
   16ec0:	ec4e                	sd	s3,24(sp)
   16ec2:	0014871b          	addiw	a4,s1,1
   16ec6:	fc06                	sd	ra,56(sp)
   16ec8:	842e                	mv	s0,a1
   16eca:	892a                	mv	s2,a0
   16ecc:	458c                	lw	a1,8(a1)
   16ece:	89ba                	mv	s3,a4
   16ed0:	00e7d763          	bge	a5,a4,16ede <__lshift+0x34>
   16ed4:	0017979b          	slliw	a5,a5,0x1
   16ed8:	2585                	addiw	a1,a1,1
   16eda:	fee7cde3          	blt	a5,a4,16ed4 <__lshift+0x2a>
   16ede:	854a                	mv	a0,s2
   16ee0:	e432                	sd	a2,8(sp)
   16ee2:	8ebff0ef          	jal	167cc <_Balloc>
   16ee6:	6622                	ld	a2,8(sp)
   16ee8:	c179                	beqz	a0,16fae <__lshift+0x104>
   16eea:	01850593          	addi	a1,a0,24
   16eee:	03405563          	blez	s4,16f18 <__lshift+0x6e>
   16ef2:	0d0077d7          	vsetvli	a5,zero,e32,m1,ta,ma
   16ef6:	5e0030d7          	vmv.v.i	v1,0
   16efa:	86d2                	mv	a3,s4
   16efc:	872e                	mv	a4,a1
   16efe:	0c66f7d7          	vsetvli	a5,a3,e8,mf4,ta,ma
   16f02:	020760a7          	vse32.v	v1,(a4)
   16f06:	8e9d                	sub	a3,a3,a5
   16f08:	078a                	slli	a5,a5,0x2
   16f0a:	973e                	add	a4,a4,a5
   16f0c:	faed                	bnez	a3,16efe <__lshift+0x54>
   16f0e:	020a1793          	slli	a5,s4,0x20
   16f12:	01e7da13          	srli	s4,a5,0x1e
   16f16:	95d2                	add	a1,a1,s4
   16f18:	01442803          	lw	a6,20(s0)
   16f1c:	01840793          	addi	a5,s0,24
   16f20:	8a7d                	andi	a2,a2,31
   16f22:	080a                	slli	a6,a6,0x2
   16f24:	983e                	add	a6,a6,a5
   16f26:	c62d                	beqz	a2,16f90 <__lshift+0xe6>
   16f28:	02000313          	li	t1,32
   16f2c:	40c3033b          	subw	t1,t1,a2
   16f30:	88ae                	mv	a7,a1
   16f32:	4681                	li	a3,0
   16f34:	4398                	lw	a4,0(a5)
   16f36:	0891                	addi	a7,a7,4
   16f38:	0791                	addi	a5,a5,4
   16f3a:	00c7173b          	sllw	a4,a4,a2
   16f3e:	8f55                	or	a4,a4,a3
   16f40:	fee8ae23          	sw	a4,-4(a7)
   16f44:	ffc7a683          	lw	a3,-4(a5)
   16f48:	0066d6bb          	srlw	a3,a3,t1
   16f4c:	ff07e4e3          	bltu	a5,a6,16f34 <__lshift+0x8a>
   16f50:	01940793          	addi	a5,s0,25
   16f54:	4701                	li	a4,0
   16f56:	00f86763          	bltu	a6,a5,16f64 <__lshift+0xba>
   16f5a:	40880833          	sub	a6,a6,s0
   16f5e:	181d                	addi	a6,a6,-25
   16f60:	ffc87713          	andi	a4,a6,-4
   16f64:	95ba                	add	a1,a1,a4
   16f66:	c1d4                	sw	a3,4(a1)
   16f68:	e291                	bnez	a3,16f6c <__lshift+0xc2>
   16f6a:	89a6                	mv	s3,s1
   16f6c:	4418                	lw	a4,8(s0)
   16f6e:	06893783          	ld	a5,104(s2)
   16f72:	01352a23          	sw	s3,20(a0)
   16f76:	070e                	slli	a4,a4,0x3
   16f78:	97ba                	add	a5,a5,a4
   16f7a:	6398                	ld	a4,0(a5)
   16f7c:	70e2                	ld	ra,56(sp)
   16f7e:	74a2                	ld	s1,40(sp)
   16f80:	e018                	sd	a4,0(s0)
   16f82:	e380                	sd	s0,0(a5)
   16f84:	7442                	ld	s0,48(sp)
   16f86:	7902                	ld	s2,32(sp)
   16f88:	69e2                	ld	s3,24(sp)
   16f8a:	6a42                	ld	s4,16(sp)
   16f8c:	6121                	addi	sp,sp,64
   16f8e:	8082                	ret
   16f90:	4398                	lw	a4,0(a5)
   16f92:	0791                	addi	a5,a5,4
   16f94:	0591                	addi	a1,a1,4
   16f96:	fee5ae23          	sw	a4,-4(a1)
   16f9a:	fd07f8e3          	bgeu	a5,a6,16f6a <__lshift+0xc0>
   16f9e:	4398                	lw	a4,0(a5)
   16fa0:	0791                	addi	a5,a5,4
   16fa2:	0591                	addi	a1,a1,4
   16fa4:	fee5ae23          	sw	a4,-4(a1)
   16fa8:	ff07e4e3          	bltu	a5,a6,16f90 <__lshift+0xe6>
   16fac:	bf7d                	j	16f6a <__lshift+0xc0>
   16fae:	66e9                	lui	a3,0x1a
   16fb0:	6569                	lui	a0,0x1a
   16fb2:	5a868693          	addi	a3,a3,1448 # 1a5a8 <__clzdi2+0x196>
   16fb6:	60850513          	addi	a0,a0,1544 # 1a608 <__clzdi2+0x1f6>
   16fba:	4601                	li	a2,0
   16fbc:	1de00593          	li	a1,478
   16fc0:	573000ef          	jal	17d32 <__assert_func>

0000000000016fc4 <__mcmp>:
   16fc4:	49dc                	lw	a5,20(a1)
   16fc6:	862a                	mv	a2,a0
   16fc8:	4948                	lw	a0,20(a0)
   16fca:	9d1d                	subw	a0,a0,a5
   16fcc:	e515                	bnez	a0,16ff8 <__mcmp+0x34>
   16fce:	078a                	slli	a5,a5,0x2
   16fd0:	0661                	addi	a2,a2,24
   16fd2:	05e1                	addi	a1,a1,24
   16fd4:	95be                	add	a1,a1,a5
   16fd6:	97b2                	add	a5,a5,a2
   16fd8:	a019                	j	16fde <__mcmp+0x1a>
   16fda:	00f67f63          	bgeu	a2,a5,16ff8 <__mcmp+0x34>
   16fde:	ffc7a683          	lw	a3,-4(a5)
   16fe2:	ffc5a703          	lw	a4,-4(a1)
   16fe6:	17f1                	addi	a5,a5,-4
   16fe8:	15f1                	addi	a1,a1,-4
   16fea:	fee688e3          	beq	a3,a4,16fda <__mcmp+0x16>
   16fee:	4505                	li	a0,1
   16ff0:	00e6f463          	bgeu	a3,a4,16ff8 <__mcmp+0x34>
   16ff4:	557d                	li	a0,-1
   16ff6:	8082                	ret
   16ff8:	8082                	ret

0000000000016ffa <__mdiff>:
   16ffa:	0145a883          	lw	a7,20(a1)
   16ffe:	4a5c                	lw	a5,20(a2)
   17000:	7179                	addi	sp,sp,-48
   17002:	f406                	sd	ra,40(sp)
   17004:	40f888bb          	subw	a7,a7,a5
   17008:	8f2e                	mv	t5,a1
   1700a:	12089563          	bnez	a7,17134 <__mdiff+0x13a>
   1700e:	00279693          	slli	a3,a5,0x2
   17012:	01858813          	addi	a6,a1,24
   17016:	01860713          	addi	a4,a2,24
   1701a:	00d807b3          	add	a5,a6,a3
   1701e:	9736                	add	a4,a4,a3
   17020:	a019                	j	17026 <__mdiff+0x2c>
   17022:	12f87863          	bgeu	a6,a5,17152 <__mdiff+0x158>
   17026:	ffc7a583          	lw	a1,-4(a5)
   1702a:	ffc72683          	lw	a3,-4(a4)
   1702e:	17f1                	addi	a5,a5,-4
   17030:	1771                	addi	a4,a4,-4
   17032:	fed588e3          	beq	a1,a3,17022 <__mdiff+0x28>
   17036:	12d5f963          	bgeu	a1,a3,17168 <__mdiff+0x16e>
   1703a:	4885                	li	a7,1
   1703c:	460c                	lw	a1,8(a2)
   1703e:	ec7a                	sd	t5,24(sp)
   17040:	e846                	sd	a7,16(sp)
   17042:	e432                	sd	a2,8(sp)
   17044:	f88ff0ef          	jal	167cc <_Balloc>
   17048:	6622                	ld	a2,8(sp)
   1704a:	68c2                	ld	a7,16(sp)
   1704c:	6f62                	ld	t5,24(sp)
   1704e:	12050363          	beqz	a0,17174 <__mdiff+0x17a>
   17052:	014f2f83          	lw	t6,20(t5)
   17056:	01152823          	sw	a7,16(a0)
   1705a:	01462883          	lw	a7,20(a2)
   1705e:	01860293          	addi	t0,a2,24
   17062:	0f8a                	slli	t6,t6,0x2
   17064:	00289813          	slli	a6,a7,0x2
   17068:	018f0313          	addi	t1,t5,24
   1706c:	01850393          	addi	t2,a0,24
   17070:	9816                	add	a6,a6,t0
   17072:	9f9a                	add	t6,t6,t1
   17074:	8e96                	mv	t4,t0
   17076:	8e1e                	mv	t3,t2
   17078:	4781                	li	a5,0
   1707a:	000ea683          	lw	a3,0(t4)
   1707e:	00032603          	lw	a2,0(t1)
   17082:	0e11                	addi	t3,t3,4
   17084:	03069713          	slli	a4,a3,0x30
   17088:	03061593          	slli	a1,a2,0x30
   1708c:	9341                	srli	a4,a4,0x30
   1708e:	91c1                	srli	a1,a1,0x30
   17090:	9f0d                	subw	a4,a4,a1
   17092:	9f3d                	addw	a4,a4,a5
   17094:	0106d69b          	srliw	a3,a3,0x10
   17098:	0106561b          	srliw	a2,a2,0x10
   1709c:	9e91                	subw	a3,a3,a2
   1709e:	4107579b          	sraiw	a5,a4,0x10
   170a2:	9fb5                	addw	a5,a5,a3
   170a4:	1742                	slli	a4,a4,0x30
   170a6:	0107969b          	slliw	a3,a5,0x10
   170aa:	9341                	srli	a4,a4,0x30
   170ac:	8ed9                	or	a3,a3,a4
   170ae:	0311                	addi	t1,t1,4
   170b0:	fede2e23          	sw	a3,-4(t3)
   170b4:	0e91                	addi	t4,t4,4
   170b6:	4107d79b          	sraiw	a5,a5,0x10
   170ba:	fdf360e3          	bltu	t1,t6,1707a <__mdiff+0x80>
   170be:	019f0613          	addi	a2,t5,25
   170c2:	4701                	li	a4,0
   170c4:	08cff163          	bgeu	t6,a2,17146 <__mdiff+0x14c>
   170c8:	00e28eb3          	add	t4,t0,a4
   170cc:	0e91                	addi	t4,t4,4
   170ce:	971e                	add	a4,a4,t2
   170d0:	40538e33          	sub	t3,t2,t0
   170d4:	8676                	mv	a2,t4
   170d6:	00470f13          	addi	t5,a4,4
   170da:	090efb63          	bgeu	t4,a6,17170 <__mdiff+0x176>
   170de:	4218                	lw	a4,0(a2)
   170e0:	01c60333          	add	t1,a2,t3
   170e4:	0611                	addi	a2,a2,4
   170e6:	03071693          	slli	a3,a4,0x30
   170ea:	92c1                	srli	a3,a3,0x30
   170ec:	00f705bb          	addw	a1,a4,a5
   170f0:	9fb5                	addw	a5,a5,a3
   170f2:	4107d79b          	sraiw	a5,a5,0x10
   170f6:	0107571b          	srliw	a4,a4,0x10
   170fa:	9f3d                	addw	a4,a4,a5
   170fc:	15c2                	slli	a1,a1,0x30
   170fe:	91c1                	srli	a1,a1,0x30
   17100:	0107169b          	slliw	a3,a4,0x10
   17104:	8ecd                	or	a3,a3,a1
   17106:	00d32023          	sw	a3,0(t1)
   1710a:	4107579b          	sraiw	a5,a4,0x10
   1710e:	fd0668e3          	bltu	a2,a6,170de <__mdiff+0xe4>
   17112:	fff80793          	addi	a5,a6,-1
   17116:	41d787b3          	sub	a5,a5,t4
   1711a:	9bf1                	andi	a5,a5,-4
   1711c:	97fa                	add	a5,a5,t5
   1711e:	e691                	bnez	a3,1712a <__mdiff+0x130>
   17120:	ffc7a703          	lw	a4,-4(a5)
   17124:	17f1                	addi	a5,a5,-4
   17126:	38fd                	addiw	a7,a7,-1
   17128:	df65                	beqz	a4,17120 <__mdiff+0x126>
   1712a:	70a2                	ld	ra,40(sp)
   1712c:	01152a23          	sw	a7,20(a0)
   17130:	6145                	addi	sp,sp,48
   17132:	8082                	ret
   17134:	8746                	mv	a4,a7
   17136:	4885                	li	a7,1
   17138:	f00742e3          	bltz	a4,1703c <__mdiff+0x42>
   1713c:	87b2                	mv	a5,a2
   1713e:	4881                	li	a7,0
   17140:	862e                	mv	a2,a1
   17142:	8f3e                	mv	t5,a5
   17144:	bde5                	j	1703c <__mdiff+0x42>
   17146:	41ef8fb3          	sub	t6,t6,t5
   1714a:	1f9d                	addi	t6,t6,-25
   1714c:	ffcff713          	andi	a4,t6,-4
   17150:	bfa5                	j	170c8 <__mdiff+0xce>
   17152:	4581                	li	a1,0
   17154:	e78ff0ef          	jal	167cc <_Balloc>
   17158:	c90d                	beqz	a0,1718a <__mdiff+0x190>
   1715a:	70a2                	ld	ra,40(sp)
   1715c:	4785                	li	a5,1
   1715e:	00052c23          	sw	zero,24(a0)
   17162:	c95c                	sw	a5,20(a0)
   17164:	6145                	addi	sp,sp,48
   17166:	8082                	ret
   17168:	87b2                	mv	a5,a2
   1716a:	867a                	mv	a2,t5
   1716c:	8f3e                	mv	t5,a5
   1716e:	b5f9                	j	1703c <__mdiff+0x42>
   17170:	87ba                	mv	a5,a4
   17172:	b775                	j	1711e <__mdiff+0x124>
   17174:	66e9                	lui	a3,0x1a
   17176:	6569                	lui	a0,0x1a
   17178:	5a868693          	addi	a3,a3,1448 # 1a5a8 <__clzdi2+0x196>
   1717c:	60850513          	addi	a0,a0,1544 # 1a608 <__clzdi2+0x1f6>
   17180:	4601                	li	a2,0
   17182:	24500593          	li	a1,581
   17186:	3ad000ef          	jal	17d32 <__assert_func>
   1718a:	66e9                	lui	a3,0x1a
   1718c:	6569                	lui	a0,0x1a
   1718e:	5a868693          	addi	a3,a3,1448 # 1a5a8 <__clzdi2+0x196>
   17192:	60850513          	addi	a0,a0,1544 # 1a608 <__clzdi2+0x1f6>
   17196:	4601                	li	a2,0
   17198:	23700593          	li	a1,567
   1719c:	397000ef          	jal	17d32 <__assert_func>

00000000000171a0 <__ulp>:
   171a0:	e20507d3          	fmv.x.d	a5,fa0
   171a4:	7ff006b7          	lui	a3,0x7ff00
   171a8:	fcc00737          	lui	a4,0xfcc00
   171ac:	9381                	srli	a5,a5,0x20
   171ae:	8ff5                	and	a5,a5,a3
   171b0:	9fb9                	addw	a5,a5,a4
   171b2:	4701                	li	a4,0
   171b4:	00f05963          	blez	a5,171c6 <__ulp+0x26>
   171b8:	1702                	slli	a4,a4,0x20
   171ba:	9301                	srli	a4,a4,0x20
   171bc:	1782                	slli	a5,a5,0x20
   171be:	8fd9                	or	a5,a5,a4
   171c0:	f2078553          	fmv.d.x	fa0,a5
   171c4:	8082                	ret
   171c6:	40f007bb          	negw	a5,a5
   171ca:	4147d79b          	sraiw	a5,a5,0x14
   171ce:	474d                	li	a4,19
   171d0:	00f74e63          	blt	a4,a5,171ec <__ulp+0x4c>
   171d4:	00080737          	lui	a4,0x80
   171d8:	40f757bb          	sraw	a5,a4,a5
   171dc:	4701                	li	a4,0
   171de:	1702                	slli	a4,a4,0x20
   171e0:	9301                	srli	a4,a4,0x20
   171e2:	1782                	slli	a5,a5,0x20
   171e4:	8fd9                	or	a5,a5,a4
   171e6:	f2078553          	fmv.d.x	fa0,a5
   171ea:	8082                	ret
   171ec:	37b1                	addiw	a5,a5,-20
   171ee:	46f9                	li	a3,30
   171f0:	4705                	li	a4,1
   171f2:	00f6c663          	blt	a3,a5,171fe <__ulp+0x5e>
   171f6:	80000737          	lui	a4,0x80000
   171fa:	00f7573b          	srlw	a4,a4,a5
   171fe:	4781                	li	a5,0
   17200:	1702                	slli	a4,a4,0x20
   17202:	9301                	srli	a4,a4,0x20
   17204:	1782                	slli	a5,a5,0x20
   17206:	8fd9                	or	a5,a5,a4
   17208:	f2078553          	fmv.d.x	fa0,a5
   1720c:	8082                	ret

000000000001720e <__b2d>:
   1720e:	7139                	addi	sp,sp,-64
   17210:	f822                	sd	s0,48(sp)
   17212:	4940                	lw	s0,20(a0)
   17214:	f04a                	sd	s2,32(sp)
   17216:	01850913          	addi	s2,a0,24
   1721a:	040a                	slli	s0,s0,0x2
   1721c:	944a                	add	s0,s0,s2
   1721e:	f426                	sd	s1,40(sp)
   17220:	ffc42483          	lw	s1,-4(s0)
   17224:	ec4e                	sd	s3,24(sp)
   17226:	e42e                	sd	a1,8(sp)
   17228:	8526                	mv	a0,s1
   1722a:	fc06                	sd	ra,56(sp)
   1722c:	ffeff0ef          	jal	16a2a <__hi0bits>
   17230:	65a2                	ld	a1,8(sp)
   17232:	02000793          	li	a5,32
   17236:	40a7873b          	subw	a4,a5,a0
   1723a:	c198                	sw	a4,0(a1)
   1723c:	4729                	li	a4,10
   1723e:	ffc40993          	addi	s3,s0,-4
   17242:	06a75863          	bge	a4,a0,172b2 <__b2d+0xa4>
   17246:	ff55061b          	addiw	a2,a0,-11
   1724a:	03397d63          	bgeu	s2,s3,17284 <__b2d+0x76>
   1724e:	ff842703          	lw	a4,-8(s0)
   17252:	ce0d                	beqz	a2,1728c <__b2d+0x7e>
   17254:	40c786bb          	subw	a3,a5,a2
   17258:	00d757bb          	srlw	a5,a4,a3
   1725c:	00c494bb          	sllw	s1,s1,a2
   17260:	8cdd                	or	s1,s1,a5
   17262:	3ff007b7          	lui	a5,0x3ff00
   17266:	8cdd                	or	s1,s1,a5
   17268:	00c7173b          	sllw	a4,a4,a2
   1726c:	ff840613          	addi	a2,s0,-8
   17270:	02049793          	slli	a5,s1,0x20
   17274:	02c97163          	bgeu	s2,a2,17296 <__b2d+0x88>
   17278:	ff442603          	lw	a2,-12(s0)
   1727c:	00d656bb          	srlw	a3,a2,a3
   17280:	8f55                	or	a4,a4,a3
   17282:	a811                	j	17296 <__b2d+0x88>
   17284:	47ad                	li	a5,11
   17286:	4701                	li	a4,0
   17288:	04f51963          	bne	a0,a5,172da <__b2d+0xcc>
   1728c:	3ff007b7          	lui	a5,0x3ff00
   17290:	8cdd                	or	s1,s1,a5
   17292:	02049793          	slli	a5,s1,0x20
   17296:	70e2                	ld	ra,56(sp)
   17298:	7442                	ld	s0,48(sp)
   1729a:	1702                	slli	a4,a4,0x20
   1729c:	9381                	srli	a5,a5,0x20
   1729e:	9301                	srli	a4,a4,0x20
   172a0:	1782                	slli	a5,a5,0x20
   172a2:	8fd9                	or	a5,a5,a4
   172a4:	74a2                	ld	s1,40(sp)
   172a6:	7902                	ld	s2,32(sp)
   172a8:	69e2                	ld	s3,24(sp)
   172aa:	f2078553          	fmv.d.x	fa0,a5
   172ae:	6121                	addi	sp,sp,64
   172b0:	8082                	ret
   172b2:	46ad                	li	a3,11
   172b4:	9e89                	subw	a3,a3,a0
   172b6:	3ff00737          	lui	a4,0x3ff00
   172ba:	00d4d7bb          	srlw	a5,s1,a3
   172be:	8fd9                	or	a5,a5,a4
   172c0:	1782                	slli	a5,a5,0x20
   172c2:	4701                	li	a4,0
   172c4:	01397663          	bgeu	s2,s3,172d0 <__b2d+0xc2>
   172c8:	ff842703          	lw	a4,-8(s0)
   172cc:	00d7573b          	srlw	a4,a4,a3
   172d0:	2555                	addiw	a0,a0,21
   172d2:	00a494bb          	sllw	s1,s1,a0
   172d6:	8f45                	or	a4,a4,s1
   172d8:	bf7d                	j	17296 <__b2d+0x88>
   172da:	3ff007b7          	lui	a5,0x3ff00
   172de:	00c494bb          	sllw	s1,s1,a2
   172e2:	8cdd                	or	s1,s1,a5
   172e4:	02049793          	slli	a5,s1,0x20
   172e8:	4701                	li	a4,0
   172ea:	b775                	j	17296 <__b2d+0x88>

00000000000172ec <__d2b>:
   172ec:	715d                	addi	sp,sp,-80
   172ee:	f44e                	sd	s3,40(sp)
   172f0:	89ae                	mv	s3,a1
   172f2:	4585                	li	a1,1
   172f4:	f84a                	sd	s2,48(sp)
   172f6:	e486                	sd	ra,72(sp)
   172f8:	e0a2                	sd	s0,64(sp)
   172fa:	fc26                	sd	s1,56(sp)
   172fc:	8932                	mv	s2,a2
   172fe:	a42a                	fsd	fa0,8(sp)
   17300:	cccff0ef          	jal	167cc <_Balloc>
   17304:	6722                	ld	a4,8(sp)
   17306:	c55d                	beqz	a0,173b4 <__d2b+0xc8>
   17308:	02075793          	srli	a5,a4,0x20
   1730c:	001006b7          	lui	a3,0x100
   17310:	0147d41b          	srliw	s0,a5,0x14
   17314:	fff68613          	addi	a2,a3,-1 # fffff <__BSS_END__+0xe3e2f>
   17318:	8ff1                	and	a5,a5,a2
   1731a:	7ff47413          	andi	s0,s0,2047
   1731e:	84aa                	mv	s1,a0
   17320:	2781                	sext.w	a5,a5
   17322:	c011                	beqz	s0,17326 <__d2b+0x3a>
   17324:	8fd5                	or	a5,a5,a3
   17326:	2701                	sext.w	a4,a4
   17328:	ce3e                	sw	a5,28(sp)
   1732a:	ef15                	bnez	a4,17366 <__d2b+0x7a>
   1732c:	0868                	addi	a0,sp,28
   1732e:	f64ff0ef          	jal	16a92 <__lo0bits>
   17332:	4772                	lw	a4,28(sp)
   17334:	4785                	li	a5,1
   17336:	c8dc                	sw	a5,20(s1)
   17338:	cc98                	sw	a4,24(s1)
   1733a:	0205051b          	addiw	a0,a0,32
   1733e:	c831                	beqz	s0,17392 <__d2b+0xa6>
   17340:	bcd4041b          	addiw	s0,s0,-1075
   17344:	9c29                	addw	s0,s0,a0
   17346:	03500793          	li	a5,53
   1734a:	0089a023          	sw	s0,0(s3)
   1734e:	40a7853b          	subw	a0,a5,a0
   17352:	60a6                	ld	ra,72(sp)
   17354:	6406                	ld	s0,64(sp)
   17356:	00a92023          	sw	a0,0(s2)
   1735a:	79a2                	ld	s3,40(sp)
   1735c:	7942                	ld	s2,48(sp)
   1735e:	8526                	mv	a0,s1
   17360:	74e2                	ld	s1,56(sp)
   17362:	6161                	addi	sp,sp,80
   17364:	8082                	ret
   17366:	0828                	addi	a0,sp,24
   17368:	cc3a                	sw	a4,24(sp)
   1736a:	f28ff0ef          	jal	16a92 <__lo0bits>
   1736e:	4772                	lw	a4,28(sp)
   17370:	46e2                	lw	a3,24(sp)
   17372:	c909                	beqz	a0,17384 <__d2b+0x98>
   17374:	02000793          	li	a5,32
   17378:	9f89                	subw	a5,a5,a0
   1737a:	00f717bb          	sllw	a5,a4,a5
   1737e:	8edd                	or	a3,a3,a5
   17380:	00a7573b          	srlw	a4,a4,a0
   17384:	00e037b3          	snez	a5,a4
   17388:	0785                	addi	a5,a5,1 # 3ff00001 <__BSS_END__+0x3fee3e31>
   1738a:	cc94                	sw	a3,24(s1)
   1738c:	ccd8                	sw	a4,28(s1)
   1738e:	c8dc                	sw	a5,20(s1)
   17390:	f845                	bnez	s0,17340 <__d2b+0x54>
   17392:	00279713          	slli	a4,a5,0x2
   17396:	bce5051b          	addiw	a0,a0,-1074
   1739a:	00a9a023          	sw	a0,0(s3)
   1739e:	9726                	add	a4,a4,s1
   173a0:	4b48                	lw	a0,20(a4)
   173a2:	e43e                	sd	a5,8(sp)
   173a4:	e86ff0ef          	jal	16a2a <__hi0bits>
   173a8:	67a2                	ld	a5,8(sp)
   173aa:	0057979b          	slliw	a5,a5,0x5
   173ae:	40a7853b          	subw	a0,a5,a0
   173b2:	b745                	j	17352 <__d2b+0x66>
   173b4:	66e9                	lui	a3,0x1a
   173b6:	6569                	lui	a0,0x1a
   173b8:	5a868693          	addi	a3,a3,1448 # 1a5a8 <__clzdi2+0x196>
   173bc:	60850513          	addi	a0,a0,1544 # 1a608 <__clzdi2+0x1f6>
   173c0:	4601                	li	a2,0
   173c2:	30f00593          	li	a1,783
   173c6:	16d000ef          	jal	17d32 <__assert_func>

00000000000173ca <__ratio>:
   173ca:	7139                	addi	sp,sp,-64
   173cc:	f822                	sd	s0,48(sp)
   173ce:	842e                	mv	s0,a1
   173d0:	082c                	addi	a1,sp,24
   173d2:	fc06                	sd	ra,56(sp)
   173d4:	f426                	sd	s1,40(sp)
   173d6:	f04a                	sd	s2,32(sp)
   173d8:	84aa                	mv	s1,a0
   173da:	e35ff0ef          	jal	1720e <__b2d>
   173de:	e2050753          	fmv.x.d	a4,fa0
   173e2:	086c                	addi	a1,sp,28
   173e4:	8522                	mv	a0,s0
   173e6:	893a                	mv	s2,a4
   173e8:	a42a                	fsd	fa0,8(sp)
   173ea:	e25ff0ef          	jal	1720e <__b2d>
   173ee:	4854                	lw	a3,20(s0)
   173f0:	48d0                	lw	a2,20(s1)
   173f2:	47e2                	lw	a5,24(sp)
   173f4:	45f2                	lw	a1,28(sp)
   173f6:	9e15                	subw	a2,a2,a3
   173f8:	0056161b          	slliw	a2,a2,0x5
   173fc:	9f8d                	subw	a5,a5,a1
   173fe:	9fb1                	addw	a5,a5,a2
   17400:	e20506d3          	fmv.x.d	a3,fa0
   17404:	6722                	ld	a4,8(sp)
   17406:	02f05863          	blez	a5,17436 <__ratio+0x6c>
   1740a:	9301                	srli	a4,a4,0x20
   1740c:	0147979b          	slliw	a5,a5,0x14
   17410:	9fb9                	addw	a5,a5,a4
   17412:	02091613          	slli	a2,s2,0x20
   17416:	9201                	srli	a2,a2,0x20
   17418:	1782                	slli	a5,a5,0x20
   1741a:	00f66733          	or	a4,a2,a5
   1741e:	70e2                	ld	ra,56(sp)
   17420:	7442                	ld	s0,48(sp)
   17422:	f20707d3          	fmv.d.x	fa5,a4
   17426:	f2068753          	fmv.d.x	fa4,a3
   1742a:	74a2                	ld	s1,40(sp)
   1742c:	7902                	ld	s2,32(sp)
   1742e:	1ae7f553          	fdiv.d	fa0,fa5,fa4
   17432:	6121                	addi	sp,sp,64
   17434:	8082                	ret
   17436:	40f007bb          	negw	a5,a5
   1743a:	02069613          	slli	a2,a3,0x20
   1743e:	0147979b          	slliw	a5,a5,0x14
   17442:	9281                	srli	a3,a3,0x20
   17444:	9fb5                	addw	a5,a5,a3
   17446:	9201                	srli	a2,a2,0x20
   17448:	1782                	slli	a5,a5,0x20
   1744a:	00f666b3          	or	a3,a2,a5
   1744e:	bfc1                	j	1741e <__ratio+0x54>

0000000000017450 <_mprec_log10>:
   17450:	47dd                	li	a5,23
   17452:	00a7db63          	bge	a5,a0,17468 <_mprec_log10+0x18>
   17456:	1701b507          	fld	fa0,368(gp) # 1bb40 <__SDATA_BEGIN__>
   1745a:	1b81b787          	fld	fa5,440(gp) # 1bb88 <__SDATA_BEGIN__+0x48>
   1745e:	357d                	addiw	a0,a0,-1
   17460:	12f57553          	fmul.d	fa0,fa0,fa5
   17464:	fd6d                	bnez	a0,1745e <_mprec_log10+0xe>
   17466:	8082                	ret
   17468:	67ed                	lui	a5,0x1b
   1746a:	050e                	slli	a0,a0,0x3
   1746c:	b0878793          	addi	a5,a5,-1272 # 1ab08 <__mprec_tens>
   17470:	97aa                	add	a5,a5,a0
   17472:	2388                	fld	fa0,0(a5)
   17474:	8082                	ret

0000000000017476 <__copybits>:
   17476:	4a58                	lw	a4,20(a2)
   17478:	fff5879b          	addiw	a5,a1,-1
   1747c:	4057d79b          	sraiw	a5,a5,0x5
   17480:	00271593          	slli	a1,a4,0x2
   17484:	2785                	addiw	a5,a5,1
   17486:	01860713          	addi	a4,a2,24
   1748a:	078a                	slli	a5,a5,0x2
   1748c:	95ba                	add	a1,a1,a4
   1748e:	97aa                	add	a5,a5,a0
   17490:	02b77063          	bgeu	a4,a1,174b0 <__copybits+0x3a>
   17494:	86aa                	mv	a3,a0
   17496:	00072803          	lw	a6,0(a4) # 3ff00000 <__BSS_END__+0x3fee3e30>
   1749a:	0711                	addi	a4,a4,4
   1749c:	0691                	addi	a3,a3,4
   1749e:	ff06ae23          	sw	a6,-4(a3)
   174a2:	feb76ae3          	bltu	a4,a1,17496 <__copybits+0x20>
   174a6:	8d91                	sub	a1,a1,a2
   174a8:	159d                	addi	a1,a1,-25
   174aa:	99f1                	andi	a1,a1,-4
   174ac:	0511                	addi	a0,a0,4
   174ae:	952e                	add	a0,a0,a1
   174b0:	02f57263          	bgeu	a0,a5,174d4 <__copybits+0x5e>
   174b4:	17fd                	addi	a5,a5,-1
   174b6:	0d007757          	vsetvli	a4,zero,e32,m1,ta,ma
   174ba:	8f89                	sub	a5,a5,a0
   174bc:	5e0030d7          	vmv.v.i	v1,0
   174c0:	8389                	srli	a5,a5,0x2
   174c2:	0785                	addi	a5,a5,1
   174c4:	0c67f757          	vsetvli	a4,a5,e8,mf4,ta,ma
   174c8:	020560a7          	vse32.v	v1,(a0)
   174cc:	8f99                	sub	a5,a5,a4
   174ce:	070a                	slli	a4,a4,0x2
   174d0:	953a                	add	a0,a0,a4
   174d2:	fbed                	bnez	a5,174c4 <__copybits+0x4e>
   174d4:	8082                	ret

00000000000174d6 <__any_on>:
   174d6:	4958                	lw	a4,20(a0)
   174d8:	4055d61b          	sraiw	a2,a1,0x5
   174dc:	01850693          	addi	a3,a0,24
   174e0:	00c75d63          	bge	a4,a2,174fa <__any_on+0x24>
   174e4:	070a                	slli	a4,a4,0x2
   174e6:	00e687b3          	add	a5,a3,a4
   174ea:	02f6f863          	bgeu	a3,a5,1751a <__any_on+0x44>
   174ee:	ffc7a703          	lw	a4,-4(a5)
   174f2:	17f1                	addi	a5,a5,-4
   174f4:	db7d                	beqz	a4,174ea <__any_on+0x14>
   174f6:	4505                	li	a0,1
   174f8:	8082                	ret
   174fa:	00261793          	slli	a5,a2,0x2
   174fe:	97b6                	add	a5,a5,a3
   17500:	fee655e3          	bge	a2,a4,174ea <__any_on+0x14>
   17504:	89fd                	andi	a1,a1,31
   17506:	d1f5                	beqz	a1,174ea <__any_on+0x14>
   17508:	4390                	lw	a2,0(a5)
   1750a:	4505                	li	a0,1
   1750c:	00b6573b          	srlw	a4,a2,a1
   17510:	00b7173b          	sllw	a4,a4,a1
   17514:	fcc70be3          	beq	a4,a2,174ea <__any_on+0x14>
   17518:	8082                	ret
   1751a:	4501                	li	a0,0
   1751c:	8082                	ret

000000000001751e <_realloc_r>:
   1751e:	16058663          	beqz	a1,1768a <_realloc_r+0x16c>
   17522:	7139                	addi	sp,sp,-64
   17524:	f822                	sd	s0,48(sp)
   17526:	f426                	sd	s1,40(sp)
   17528:	842e                	mv	s0,a1
   1752a:	fc06                	sd	ra,56(sp)
   1752c:	84aa                	mv	s1,a0
   1752e:	e032                	sd	a2,0(sp)
   17530:	de3f90ef          	jal	11312 <__malloc_lock>
   17534:	6582                	ld	a1,0(sp)
   17536:	02e00713          	li	a4,46
   1753a:	01758793          	addi	a5,a1,23
   1753e:	0ef77563          	bgeu	a4,a5,17628 <_realloc_r+0x10a>
   17542:	4705                	li	a4,1
   17544:	9bc1                	andi	a5,a5,-16
   17546:	077e                	slli	a4,a4,0x1f
   17548:	00e7b733          	sltu	a4,a5,a4
   1754c:	00174713          	xori	a4,a4,1
   17550:	16b7e263          	bltu	a5,a1,176b4 <_realloc_r+0x196>
   17554:	16071063          	bnez	a4,176b4 <_realloc_r+0x196>
   17558:	ff843683          	ld	a3,-8(s0)
   1755c:	ff040613          	addi	a2,s0,-16
   17560:	ffc6f713          	andi	a4,a3,-4
   17564:	0cf75d63          	bge	a4,a5,1763e <_realloc_r+0x120>
   17568:	656d                	lui	a0,0x1b
   1756a:	01850e93          	addi	t4,a0,24 # 1b018 <__malloc_av_>
   1756e:	010eb883          	ld	a7,16(t4)
   17572:	00e60833          	add	a6,a2,a4
   17576:	00883503          	ld	a0,8(a6)
   1757a:	15088663          	beq	a7,a6,176c6 <_realloc_r+0x1a8>
   1757e:	ffe57893          	andi	a7,a0,-2
   17582:	98c2                	add	a7,a7,a6
   17584:	0088b883          	ld	a7,8(a7)
   17588:	0018f893          	andi	a7,a7,1
   1758c:	0e089463          	bnez	a7,17674 <_realloc_r+0x156>
   17590:	9971                	andi	a0,a0,-4
   17592:	00a708b3          	add	a7,a4,a0
   17596:	08f8dd63          	bge	a7,a5,17630 <_realloc_r+0x112>
   1759a:	8a85                	andi	a3,a3,1
   1759c:	e28d                	bnez	a3,175be <_realloc_r+0xa0>
   1759e:	ff043303          	ld	t1,-16(s0)
   175a2:	40660333          	sub	t1,a2,t1
   175a6:	00833883          	ld	a7,8(t1)
   175aa:	ffc8f893          	andi	a7,a7,-4
   175ae:	9546                	add	a0,a0,a7
   175b0:	00e506b3          	add	a3,a0,a4
   175b4:	22f6dd63          	bge	a3,a5,177ee <_realloc_r+0x2d0>
   175b8:	98ba                	add	a7,a7,a4
   175ba:	1cf8da63          	bge	a7,a5,1778e <_realloc_r+0x270>
   175be:	8526                	mv	a0,s1
   175c0:	e83a                	sd	a4,16(sp)
   175c2:	e432                	sd	a2,8(sp)
   175c4:	e03e                	sd	a5,0(sp)
   175c6:	ed0f90ef          	jal	10c96 <_malloc_r>
   175ca:	6782                	ld	a5,0(sp)
   175cc:	6622                	ld	a2,8(sp)
   175ce:	6742                	ld	a4,16(sp)
   175d0:	86aa                	mv	a3,a0
   175d2:	30050363          	beqz	a0,178d8 <_realloc_r+0x3ba>
   175d6:	ff843583          	ld	a1,-8(s0)
   175da:	ff050813          	addi	a6,a0,-16
   175de:	99f9                	andi	a1,a1,-2
   175e0:	95b2                	add	a1,a1,a2
   175e2:	19058463          	beq	a1,a6,1776a <_realloc_r+0x24c>
   175e6:	ff870613          	addi	a2,a4,-8
   175ea:	04800793          	li	a5,72
   175ee:	1ec7ea63          	bltu	a5,a2,177e2 <_realloc_r+0x2c4>
   175f2:	02700713          	li	a4,39
   175f6:	16c76f63          	bltu	a4,a2,17774 <_realloc_r+0x256>
   175fa:	87aa                	mv	a5,a0
   175fc:	8722                	mv	a4,s0
   175fe:	6310                	ld	a2,0(a4)
   17600:	e390                	sd	a2,0(a5)
   17602:	6710                	ld	a2,8(a4)
   17604:	e790                	sd	a2,8(a5)
   17606:	6b18                	ld	a4,16(a4)
   17608:	eb98                	sd	a4,16(a5)
   1760a:	85a2                	mv	a1,s0
   1760c:	8526                	mv	a0,s1
   1760e:	e036                	sd	a3,0(sp)
   17610:	bb1fa0ef          	jal	121c0 <_free_r>
   17614:	8526                	mv	a0,s1
   17616:	cfff90ef          	jal	11314 <__malloc_unlock>
   1761a:	6682                	ld	a3,0(sp)
   1761c:	70e2                	ld	ra,56(sp)
   1761e:	7442                	ld	s0,48(sp)
   17620:	74a2                	ld	s1,40(sp)
   17622:	8536                	mv	a0,a3
   17624:	6121                	addi	sp,sp,64
   17626:	8082                	ret
   17628:	4701                	li	a4,0
   1762a:	02000793          	li	a5,32
   1762e:	b70d                	j	17550 <_realloc_r+0x32>
   17630:	01883683          	ld	a3,24(a6)
   17634:	01083583          	ld	a1,16(a6)
   17638:	8746                	mv	a4,a7
   1763a:	ed94                	sd	a3,24(a1)
   1763c:	ea8c                	sd	a1,16(a3)
   1763e:	6614                	ld	a3,8(a2)
   17640:	40f70533          	sub	a0,a4,a5
   17644:	45fd                	li	a1,31
   17646:	8a85                	andi	a3,a3,1
   17648:	00e60833          	add	a6,a2,a4
   1764c:	04a5e263          	bltu	a1,a0,17690 <_realloc_r+0x172>
   17650:	8ed9                	or	a3,a3,a4
   17652:	e614                	sd	a3,8(a2)
   17654:	00883783          	ld	a5,8(a6)
   17658:	0017e793          	ori	a5,a5,1
   1765c:	00f83423          	sd	a5,8(a6)
   17660:	8526                	mv	a0,s1
   17662:	cb3f90ef          	jal	11314 <__malloc_unlock>
   17666:	86a2                	mv	a3,s0
   17668:	70e2                	ld	ra,56(sp)
   1766a:	7442                	ld	s0,48(sp)
   1766c:	74a2                	ld	s1,40(sp)
   1766e:	8536                	mv	a0,a3
   17670:	6121                	addi	sp,sp,64
   17672:	8082                	ret
   17674:	8a85                	andi	a3,a3,1
   17676:	f6a1                	bnez	a3,175be <_realloc_r+0xa0>
   17678:	ff043303          	ld	t1,-16(s0)
   1767c:	40660333          	sub	t1,a2,t1
   17680:	00833883          	ld	a7,8(t1)
   17684:	ffc8f893          	andi	a7,a7,-4
   17688:	bf05                	j	175b8 <_realloc_r+0x9a>
   1768a:	85b2                	mv	a1,a2
   1768c:	e0af906f          	j	10c96 <_malloc_r>
   17690:	8edd                	or	a3,a3,a5
   17692:	e614                	sd	a3,8(a2)
   17694:	00156513          	ori	a0,a0,1
   17698:	963e                	add	a2,a2,a5
   1769a:	e608                	sd	a0,8(a2)
   1769c:	00883783          	ld	a5,8(a6)
   176a0:	01060593          	addi	a1,a2,16
   176a4:	8526                	mv	a0,s1
   176a6:	0017e793          	ori	a5,a5,1
   176aa:	00f83423          	sd	a5,8(a6)
   176ae:	b13fa0ef          	jal	121c0 <_free_r>
   176b2:	b77d                	j	17660 <_realloc_r+0x142>
   176b4:	47b1                	li	a5,12
   176b6:	c09c                	sw	a5,0(s1)
   176b8:	4681                	li	a3,0
   176ba:	70e2                	ld	ra,56(sp)
   176bc:	7442                	ld	s0,48(sp)
   176be:	74a2                	ld	s1,40(sp)
   176c0:	8536                	mv	a0,a3
   176c2:	6121                	addi	sp,sp,64
   176c4:	8082                	ret
   176c6:	9971                	andi	a0,a0,-4
   176c8:	00e50833          	add	a6,a0,a4
   176cc:	02078e13          	addi	t3,a5,32
   176d0:	1bc85763          	bge	a6,t3,1787e <_realloc_r+0x360>
   176d4:	8a85                	andi	a3,a3,1
   176d6:	ee0694e3          	bnez	a3,175be <_realloc_r+0xa0>
   176da:	ff043303          	ld	t1,-16(s0)
   176de:	40660333          	sub	t1,a2,t1
   176e2:	00833883          	ld	a7,8(t1)
   176e6:	ffc8f893          	andi	a7,a7,-4
   176ea:	9546                	add	a0,a0,a7
   176ec:	00e50833          	add	a6,a0,a4
   176f0:	edc844e3          	blt	a6,t3,175b8 <_realloc_r+0x9a>
   176f4:	01833683          	ld	a3,24(t1)
   176f8:	01033583          	ld	a1,16(t1)
   176fc:	ff870613          	addi	a2,a4,-8
   17700:	04800713          	li	a4,72
   17704:	ed94                	sd	a3,24(a1)
   17706:	ea8c                	sd	a1,16(a3)
   17708:	01030693          	addi	a3,t1,16
   1770c:	20c76363          	bltu	a4,a2,17912 <_realloc_r+0x3f4>
   17710:	02700593          	li	a1,39
   17714:	8736                	mv	a4,a3
   17716:	00c5ff63          	bgeu	a1,a2,17734 <_realloc_r+0x216>
   1771a:	600c                	ld	a1,0(s0)
   1771c:	03700713          	li	a4,55
   17720:	00b33823          	sd	a1,16(t1)
   17724:	640c                	ld	a1,8(s0)
   17726:	00b33c23          	sd	a1,24(t1)
   1772a:	22c76063          	bltu	a4,a2,1794a <_realloc_r+0x42c>
   1772e:	0441                	addi	s0,s0,16
   17730:	02030713          	addi	a4,t1,32
   17734:	6010                	ld	a2,0(s0)
   17736:	e310                	sd	a2,0(a4)
   17738:	6410                	ld	a2,8(s0)
   1773a:	e710                	sd	a2,8(a4)
   1773c:	6810                	ld	a2,16(s0)
   1773e:	eb10                	sd	a2,16(a4)
   17740:	00f30633          	add	a2,t1,a5
   17744:	40f80733          	sub	a4,a6,a5
   17748:	00ceb823          	sd	a2,16(t4)
   1774c:	00176713          	ori	a4,a4,1
   17750:	e618                	sd	a4,8(a2)
   17752:	00833703          	ld	a4,8(t1)
   17756:	8526                	mv	a0,s1
   17758:	e036                	sd	a3,0(sp)
   1775a:	8b05                	andi	a4,a4,1
   1775c:	8fd9                	or	a5,a5,a4
   1775e:	00f33423          	sd	a5,8(t1)
   17762:	bb3f90ef          	jal	11314 <__malloc_unlock>
   17766:	6682                	ld	a3,0(sp)
   17768:	b701                	j	17668 <_realloc_r+0x14a>
   1776a:	ff853683          	ld	a3,-8(a0)
   1776e:	9af1                	andi	a3,a3,-4
   17770:	9736                	add	a4,a4,a3
   17772:	b5f1                	j	1763e <_realloc_r+0x120>
   17774:	600c                	ld	a1,0(s0)
   17776:	03700713          	li	a4,55
   1777a:	e10c                	sd	a1,0(a0)
   1777c:	640c                	ld	a1,8(s0)
   1777e:	e50c                	sd	a1,8(a0)
   17780:	0cc76763          	bltu	a4,a2,1784e <_realloc_r+0x330>
   17784:	01040713          	addi	a4,s0,16
   17788:	01050793          	addi	a5,a0,16
   1778c:	bd8d                	j	175fe <_realloc_r+0xe0>
   1778e:	01833683          	ld	a3,24(t1)
   17792:	01033583          	ld	a1,16(t1)
   17796:	ff870613          	addi	a2,a4,-8
   1779a:	04800513          	li	a0,72
   1779e:	ed94                	sd	a3,24(a1)
   177a0:	ea8c                	sd	a1,16(a3)
   177a2:	01030693          	addi	a3,t1,16
   177a6:	0ac56f63          	bltu	a0,a2,17864 <_realloc_r+0x346>
   177aa:	02700593          	li	a1,39
   177ae:	8736                	mv	a4,a3
   177b0:	00c5ff63          	bgeu	a1,a2,177ce <_realloc_r+0x2b0>
   177b4:	600c                	ld	a1,0(s0)
   177b6:	03700713          	li	a4,55
   177ba:	00b33823          	sd	a1,16(t1)
   177be:	640c                	ld	a1,8(s0)
   177c0:	00b33c23          	sd	a1,24(t1)
   177c4:	0ec76d63          	bltu	a4,a2,178be <_realloc_r+0x3a0>
   177c8:	0441                	addi	s0,s0,16
   177ca:	02030713          	addi	a4,t1,32
   177ce:	6010                	ld	a2,0(s0)
   177d0:	e310                	sd	a2,0(a4)
   177d2:	6410                	ld	a2,8(s0)
   177d4:	e710                	sd	a2,8(a4)
   177d6:	6810                	ld	a2,16(s0)
   177d8:	eb10                	sd	a2,16(a4)
   177da:	8436                	mv	s0,a3
   177dc:	8746                	mv	a4,a7
   177de:	861a                	mv	a2,t1
   177e0:	bdb9                	j	1763e <_realloc_r+0x120>
   177e2:	85a2                	mv	a1,s0
   177e4:	e02a                	sd	a0,0(sp)
   177e6:	e50fd0ef          	jal	14e36 <memmove>
   177ea:	6682                	ld	a3,0(sp)
   177ec:	bd39                	j	1760a <_realloc_r+0xec>
   177ee:	01883583          	ld	a1,24(a6)
   177f2:	01083503          	ld	a0,16(a6)
   177f6:	ff870613          	addi	a2,a4,-8
   177fa:	04800893          	li	a7,72
   177fe:	ed0c                	sd	a1,24(a0)
   17800:	e988                	sd	a0,16(a1)
   17802:	01833703          	ld	a4,24(t1)
   17806:	01033583          	ld	a1,16(t1)
   1780a:	01030813          	addi	a6,t1,16
   1780e:	ed98                	sd	a4,24(a1)
   17810:	eb0c                	sd	a1,16(a4)
   17812:	08c8e963          	bltu	a7,a2,178a4 <_realloc_r+0x386>
   17816:	02700593          	li	a1,39
   1781a:	8742                	mv	a4,a6
   1781c:	00c5ff63          	bgeu	a1,a2,1783a <_realloc_r+0x31c>
   17820:	600c                	ld	a1,0(s0)
   17822:	03700713          	li	a4,55
   17826:	00b33823          	sd	a1,16(t1)
   1782a:	640c                	ld	a1,8(s0)
   1782c:	00b33c23          	sd	a1,24(t1)
   17830:	0cc76263          	bltu	a4,a2,178f4 <_realloc_r+0x3d6>
   17834:	0441                	addi	s0,s0,16
   17836:	02030713          	addi	a4,t1,32
   1783a:	6010                	ld	a2,0(s0)
   1783c:	e310                	sd	a2,0(a4)
   1783e:	6410                	ld	a2,8(s0)
   17840:	e710                	sd	a2,8(a4)
   17842:	6810                	ld	a2,16(s0)
   17844:	eb10                	sd	a2,16(a4)
   17846:	8442                	mv	s0,a6
   17848:	8736                	mv	a4,a3
   1784a:	861a                	mv	a2,t1
   1784c:	bbcd                	j	1763e <_realloc_r+0x120>
   1784e:	6818                	ld	a4,16(s0)
   17850:	e918                	sd	a4,16(a0)
   17852:	6c18                	ld	a4,24(s0)
   17854:	ed18                	sd	a4,24(a0)
   17856:	08f60663          	beq	a2,a5,178e2 <_realloc_r+0x3c4>
   1785a:	02040713          	addi	a4,s0,32
   1785e:	02050793          	addi	a5,a0,32
   17862:	bb71                	j	175fe <_realloc_r+0xe0>
   17864:	8536                	mv	a0,a3
   17866:	85a2                	mv	a1,s0
   17868:	ec1a                	sd	t1,24(sp)
   1786a:	e83e                	sd	a5,16(sp)
   1786c:	e446                	sd	a7,8(sp)
   1786e:	e036                	sd	a3,0(sp)
   17870:	dc6fd0ef          	jal	14e36 <memmove>
   17874:	6362                	ld	t1,24(sp)
   17876:	67c2                	ld	a5,16(sp)
   17878:	68a2                	ld	a7,8(sp)
   1787a:	6682                	ld	a3,0(sp)
   1787c:	bfb9                	j	177da <_realloc_r+0x2bc>
   1787e:	963e                	add	a2,a2,a5
   17880:	40f80733          	sub	a4,a6,a5
   17884:	00ceb823          	sd	a2,16(t4)
   17888:	00176713          	ori	a4,a4,1
   1788c:	e618                	sd	a4,8(a2)
   1788e:	ff843703          	ld	a4,-8(s0)
   17892:	8526                	mv	a0,s1
   17894:	8b05                	andi	a4,a4,1
   17896:	8fd9                	or	a5,a5,a4
   17898:	fef43c23          	sd	a5,-8(s0)
   1789c:	a79f90ef          	jal	11314 <__malloc_unlock>
   178a0:	86a2                	mv	a3,s0
   178a2:	b3d9                	j	17668 <_realloc_r+0x14a>
   178a4:	8542                	mv	a0,a6
   178a6:	85a2                	mv	a1,s0
   178a8:	ec1a                	sd	t1,24(sp)
   178aa:	e83e                	sd	a5,16(sp)
   178ac:	e436                	sd	a3,8(sp)
   178ae:	e042                	sd	a6,0(sp)
   178b0:	d86fd0ef          	jal	14e36 <memmove>
   178b4:	6802                	ld	a6,0(sp)
   178b6:	66a2                	ld	a3,8(sp)
   178b8:	67c2                	ld	a5,16(sp)
   178ba:	6362                	ld	t1,24(sp)
   178bc:	b769                	j	17846 <_realloc_r+0x328>
   178be:	6818                	ld	a4,16(s0)
   178c0:	02e33023          	sd	a4,32(t1)
   178c4:	6c18                	ld	a4,24(s0)
   178c6:	02e33423          	sd	a4,40(t1)
   178ca:	06a60463          	beq	a2,a0,17932 <_realloc_r+0x414>
   178ce:	02040413          	addi	s0,s0,32
   178d2:	03030713          	addi	a4,t1,48
   178d6:	bde5                	j	177ce <_realloc_r+0x2b0>
   178d8:	8526                	mv	a0,s1
   178da:	a3bf90ef          	jal	11314 <__malloc_unlock>
   178de:	4681                	li	a3,0
   178e0:	bbe9                	j	176ba <_realloc_r+0x19c>
   178e2:	7010                	ld	a2,32(s0)
   178e4:	03040713          	addi	a4,s0,48
   178e8:	03050793          	addi	a5,a0,48
   178ec:	f110                	sd	a2,32(a0)
   178ee:	7410                	ld	a2,40(s0)
   178f0:	f510                	sd	a2,40(a0)
   178f2:	b331                	j	175fe <_realloc_r+0xe0>
   178f4:	680c                	ld	a1,16(s0)
   178f6:	04800713          	li	a4,72
   178fa:	02b33023          	sd	a1,32(t1)
   178fe:	6c0c                	ld	a1,24(s0)
   17900:	02b33423          	sd	a1,40(t1)
   17904:	06e60263          	beq	a2,a4,17968 <_realloc_r+0x44a>
   17908:	02040413          	addi	s0,s0,32
   1790c:	03030713          	addi	a4,t1,48
   17910:	b72d                	j	1783a <_realloc_r+0x31c>
   17912:	8536                	mv	a0,a3
   17914:	85a2                	mv	a1,s0
   17916:	ec1a                	sd	t1,24(sp)
   17918:	e83e                	sd	a5,16(sp)
   1791a:	e442                	sd	a6,8(sp)
   1791c:	e036                	sd	a3,0(sp)
   1791e:	d18fd0ef          	jal	14e36 <memmove>
   17922:	67ed                	lui	a5,0x1b
   17924:	01878e93          	addi	t4,a5,24 # 1b018 <__malloc_av_>
   17928:	6362                	ld	t1,24(sp)
   1792a:	67c2                	ld	a5,16(sp)
   1792c:	6822                	ld	a6,8(sp)
   1792e:	6682                	ld	a3,0(sp)
   17930:	bd01                	j	17740 <_realloc_r+0x222>
   17932:	7010                	ld	a2,32(s0)
   17934:	04030713          	addi	a4,t1,64
   17938:	03040413          	addi	s0,s0,48
   1793c:	02c33823          	sd	a2,48(t1)
   17940:	ff843603          	ld	a2,-8(s0)
   17944:	02c33c23          	sd	a2,56(t1)
   17948:	b559                	j	177ce <_realloc_r+0x2b0>
   1794a:	680c                	ld	a1,16(s0)
   1794c:	04800713          	li	a4,72
   17950:	02b33023          	sd	a1,32(t1)
   17954:	6c0c                	ld	a1,24(s0)
   17956:	02b33423          	sd	a1,40(t1)
   1795a:	02e60363          	beq	a2,a4,17980 <_realloc_r+0x462>
   1795e:	02040413          	addi	s0,s0,32
   17962:	03030713          	addi	a4,t1,48
   17966:	b3f9                	j	17734 <_realloc_r+0x216>
   17968:	7010                	ld	a2,32(s0)
   1796a:	04030713          	addi	a4,t1,64
   1796e:	03040413          	addi	s0,s0,48
   17972:	02c33823          	sd	a2,48(t1)
   17976:	ff843603          	ld	a2,-8(s0)
   1797a:	02c33c23          	sd	a2,56(t1)
   1797e:	bd75                	j	1783a <_realloc_r+0x31c>
   17980:	7010                	ld	a2,32(s0)
   17982:	04030713          	addi	a4,t1,64
   17986:	03040413          	addi	s0,s0,48
   1798a:	02c33823          	sd	a2,48(t1)
   1798e:	ff843603          	ld	a2,-8(s0)
   17992:	02c33c23          	sd	a2,56(t1)
   17996:	bb79                	j	17734 <_realloc_r+0x216>

0000000000017998 <__smakebuf_r>:
   17998:	01059703          	lh	a4,16(a1)
   1799c:	00277793          	andi	a5,a4,2
   179a0:	cb81                	beqz	a5,179b0 <__smakebuf_r+0x18>
   179a2:	07758793          	addi	a5,a1,119
   179a6:	4705                	li	a4,1
   179a8:	e19c                	sd	a5,0(a1)
   179aa:	ed9c                	sd	a5,24(a1)
   179ac:	d198                	sw	a4,32(a1)
   179ae:	8082                	ret
   179b0:	87ae                	mv	a5,a1
   179b2:	01259583          	lh	a1,18(a1)
   179b6:	7135                	addi	sp,sp,-160
   179b8:	e922                	sd	s0,144(sp)
   179ba:	ed06                	sd	ra,152(sp)
   179bc:	842a                	mv	s0,a0
   179be:	0605c863          	bltz	a1,17a2e <__smakebuf_r+0x96>
   179c2:	0830                	addi	a2,sp,24
   179c4:	e03e                	sd	a5,0(sp)
   179c6:	212000ef          	jal	17bd8 <_fstat_r>
   179ca:	6782                	ld	a5,0(sp)
   179cc:	04054f63          	bltz	a0,17a2a <__smakebuf_r+0x92>
   179d0:	40000593          	li	a1,1024
   179d4:	8522                	mv	a0,s0
   179d6:	e526                	sd	s1,136(sp)
   179d8:	e03e                	sd	a5,0(sp)
   179da:	44f2                	lw	s1,28(sp)
   179dc:	abaf90ef          	jal	10c96 <_malloc_r>
   179e0:	6782                	ld	a5,0(sp)
   179e2:	01079703          	lh	a4,16(a5)
   179e6:	c159                	beqz	a0,17a6c <__smakebuf_r+0xd4>
   179e8:	40000693          	li	a3,1024
   179ec:	08076713          	ori	a4,a4,128
   179f0:	d394                	sw	a3,32(a5)
   179f2:	40c4d693          	srai	a3,s1,0xc
   179f6:	00e79823          	sh	a4,16(a5)
   179fa:	e388                	sd	a0,0(a5)
   179fc:	ef88                	sd	a0,24(a5)
   179fe:	8abd                	andi	a3,a3,15
   17a00:	4609                	li	a2,2
   17a02:	08c69563          	bne	a3,a2,17a8c <__smakebuf_r+0xf4>
   17a06:	01279583          	lh	a1,18(a5)
   17a0a:	8522                	mv	a0,s0
   17a0c:	e03e                	sd	a5,0(sp)
   17a0e:	204000ef          	jal	17c12 <_isatty_r>
   17a12:	6782                	ld	a5,0(sp)
   17a14:	01079703          	lh	a4,16(a5)
   17a18:	c935                	beqz	a0,17a8c <__smakebuf_r+0xf4>
   17a1a:	9b71                	andi	a4,a4,-4
   17a1c:	6685                	lui	a3,0x1
   17a1e:	64aa                	ld	s1,136(sp)
   17a20:	00176713          	ori	a4,a4,1
   17a24:	80068693          	addi	a3,a3,-2048 # 800 <exit-0xf920>
   17a28:	a805                	j	17a58 <__smakebuf_r+0xc0>
   17a2a:	01079703          	lh	a4,16(a5)
   17a2e:	08077713          	andi	a4,a4,128
   17a32:	40000593          	li	a1,1024
   17a36:	eb05                	bnez	a4,17a66 <__smakebuf_r+0xce>
   17a38:	8522                	mv	a0,s0
   17a3a:	e43e                	sd	a5,8(sp)
   17a3c:	e02e                	sd	a1,0(sp)
   17a3e:	a58f90ef          	jal	10c96 <_malloc_r>
   17a42:	67a2                	ld	a5,8(sp)
   17a44:	6582                	ld	a1,0(sp)
   17a46:	01079703          	lh	a4,16(a5)
   17a4a:	c115                	beqz	a0,17a6e <__smakebuf_r+0xd6>
   17a4c:	08076713          	ori	a4,a4,128
   17a50:	e388                	sd	a0,0(a5)
   17a52:	ef88                	sd	a0,24(a5)
   17a54:	d38c                	sw	a1,32(a5)
   17a56:	4681                	li	a3,0
   17a58:	8f55                	or	a4,a4,a3
   17a5a:	00e79823          	sh	a4,16(a5)
   17a5e:	60ea                	ld	ra,152(sp)
   17a60:	644a                	ld	s0,144(sp)
   17a62:	610d                	addi	sp,sp,160
   17a64:	8082                	ret
   17a66:	04000593          	li	a1,64
   17a6a:	b7f9                	j	17a38 <__smakebuf_r+0xa0>
   17a6c:	64aa                	ld	s1,136(sp)
   17a6e:	20077693          	andi	a3,a4,512
   17a72:	f6f5                	bnez	a3,17a5e <__smakebuf_r+0xc6>
   17a74:	9b71                	andi	a4,a4,-4
   17a76:	07778693          	addi	a3,a5,119
   17a7a:	00276713          	ori	a4,a4,2
   17a7e:	4605                	li	a2,1
   17a80:	00e79823          	sh	a4,16(a5)
   17a84:	e394                	sd	a3,0(a5)
   17a86:	ef94                	sd	a3,24(a5)
   17a88:	d390                	sw	a2,32(a5)
   17a8a:	bfd1                	j	17a5e <__smakebuf_r+0xc6>
   17a8c:	6685                	lui	a3,0x1
   17a8e:	64aa                	ld	s1,136(sp)
   17a90:	80068693          	addi	a3,a3,-2048 # 800 <exit-0xf920>
   17a94:	b7d1                	j	17a58 <__smakebuf_r+0xc0>

0000000000017a96 <__swhatbuf_r>:
   17a96:	87ae                	mv	a5,a1
   17a98:	01259583          	lh	a1,18(a1)
   17a9c:	8732                	mv	a4,a2
   17a9e:	0405ce63          	bltz	a1,17afa <__swhatbuf_r+0x64>
   17aa2:	7135                	addi	sp,sp,-160
   17aa4:	e832                	sd	a2,16(sp)
   17aa6:	1030                	addi	a2,sp,40
   17aa8:	ec36                	sd	a3,24(sp)
   17aaa:	e43e                	sd	a5,8(sp)
   17aac:	ed06                	sd	ra,152(sp)
   17aae:	12a000ef          	jal	17bd8 <_fstat_r>
   17ab2:	67a2                	ld	a5,8(sp)
   17ab4:	6742                	ld	a4,16(sp)
   17ab6:	66e2                	ld	a3,24(sp)
   17ab8:	02054363          	bltz	a0,17ade <__swhatbuf_r+0x48>
   17abc:	57b2                	lw	a5,44(sp)
   17abe:	65bd                	lui	a1,0xf
   17ac0:	6609                	lui	a2,0x2
   17ac2:	8fed                	and	a5,a5,a1
   17ac4:	8f91                	sub	a5,a5,a2
   17ac6:	60ea                	ld	ra,152(sp)
   17ac8:	0017b793          	seqz	a5,a5
   17acc:	c29c                	sw	a5,0(a3)
   17ace:	40000613          	li	a2,1024
   17ad2:	6505                	lui	a0,0x1
   17ad4:	e310                	sd	a2,0(a4)
   17ad6:	80050513          	addi	a0,a0,-2048 # 800 <exit-0xf920>
   17ada:	610d                	addi	sp,sp,160
   17adc:	8082                	ret
   17ade:	0107d783          	lhu	a5,16(a5)
   17ae2:	0807f793          	andi	a5,a5,128
   17ae6:	c78d                	beqz	a5,17b10 <__swhatbuf_r+0x7a>
   17ae8:	60ea                	ld	ra,152(sp)
   17aea:	4781                	li	a5,0
   17aec:	c29c                	sw	a5,0(a3)
   17aee:	04000613          	li	a2,64
   17af2:	e310                	sd	a2,0(a4)
   17af4:	4501                	li	a0,0
   17af6:	610d                	addi	sp,sp,160
   17af8:	8082                	ret
   17afa:	0107d783          	lhu	a5,16(a5)
   17afe:	0807f793          	andi	a5,a5,128
   17b02:	ef99                	bnez	a5,17b20 <__swhatbuf_r+0x8a>
   17b04:	40000613          	li	a2,1024
   17b08:	c29c                	sw	a5,0(a3)
   17b0a:	4501                	li	a0,0
   17b0c:	e310                	sd	a2,0(a4)
   17b0e:	8082                	ret
   17b10:	60ea                	ld	ra,152(sp)
   17b12:	c29c                	sw	a5,0(a3)
   17b14:	40000613          	li	a2,1024
   17b18:	e310                	sd	a2,0(a4)
   17b1a:	4501                	li	a0,0
   17b1c:	610d                	addi	sp,sp,160
   17b1e:	8082                	ret
   17b20:	4781                	li	a5,0
   17b22:	04000613          	li	a2,64
   17b26:	c29c                	sw	a5,0(a3)
   17b28:	4501                	li	a0,0
   17b2a:	e310                	sd	a2,0(a4)
   17b2c:	8082                	ret

0000000000017b2e <_setlocale_r>:
   17b2e:	c21d                	beqz	a2,17b54 <_setlocale_r+0x26>
   17b30:	65e9                	lui	a1,0x1a
   17b32:	1101                	addi	sp,sp,-32
   17b34:	65858593          	addi	a1,a1,1624 # 1a658 <__clzdi2+0x246>
   17b38:	8532                	mv	a0,a2
   17b3a:	e822                	sd	s0,16(sp)
   17b3c:	ec06                	sd	ra,24(sp)
   17b3e:	8432                	mv	s0,a2
   17b40:	108000ef          	jal	17c48 <strcmp>
   17b44:	67e9                	lui	a5,0x1a
   17b46:	e919                	bnez	a0,17b5c <_setlocale_r+0x2e>
   17b48:	65078513          	addi	a0,a5,1616 # 1a650 <__clzdi2+0x23e>
   17b4c:	60e2                	ld	ra,24(sp)
   17b4e:	6442                	ld	s0,16(sp)
   17b50:	6105                	addi	sp,sp,32
   17b52:	8082                	ret
   17b54:	67e9                	lui	a5,0x1a
   17b56:	65078513          	addi	a0,a5,1616 # 1a650 <__clzdi2+0x23e>
   17b5a:	8082                	ret
   17b5c:	65078593          	addi	a1,a5,1616
   17b60:	8522                	mv	a0,s0
   17b62:	e43e                	sd	a5,8(sp)
   17b64:	0e4000ef          	jal	17c48 <strcmp>
   17b68:	67a2                	ld	a5,8(sp)
   17b6a:	dd79                	beqz	a0,17b48 <_setlocale_r+0x1a>
   17b6c:	65e9                	lui	a1,0x1a
   17b6e:	8522                	mv	a0,s0
   17b70:	51858593          	addi	a1,a1,1304 # 1a518 <__clzdi2+0x106>
   17b74:	0d4000ef          	jal	17c48 <strcmp>
   17b78:	67a2                	ld	a5,8(sp)
   17b7a:	d579                	beqz	a0,17b48 <_setlocale_r+0x1a>
   17b7c:	4501                	li	a0,0
   17b7e:	b7f9                	j	17b4c <_setlocale_r+0x1e>

0000000000017b80 <__locale_mb_cur_max>:
   17b80:	1281c503          	lbu	a0,296(gp) # 1baf8 <__global_pointer$+0x128>
   17b84:	8082                	ret

0000000000017b86 <setlocale>:
   17b86:	c19d                	beqz	a1,17bac <setlocale+0x26>
   17b88:	1101                	addi	sp,sp,-32
   17b8a:	e822                	sd	s0,16(sp)
   17b8c:	852e                	mv	a0,a1
   17b8e:	842e                	mv	s0,a1
   17b90:	65e9                	lui	a1,0x1a
   17b92:	65858593          	addi	a1,a1,1624 # 1a658 <__clzdi2+0x246>
   17b96:	ec06                	sd	ra,24(sp)
   17b98:	0b0000ef          	jal	17c48 <strcmp>
   17b9c:	67e9                	lui	a5,0x1a
   17b9e:	e919                	bnez	a0,17bb4 <setlocale+0x2e>
   17ba0:	65078513          	addi	a0,a5,1616 # 1a650 <__clzdi2+0x23e>
   17ba4:	60e2                	ld	ra,24(sp)
   17ba6:	6442                	ld	s0,16(sp)
   17ba8:	6105                	addi	sp,sp,32
   17baa:	8082                	ret
   17bac:	67e9                	lui	a5,0x1a
   17bae:	65078513          	addi	a0,a5,1616 # 1a650 <__clzdi2+0x23e>
   17bb2:	8082                	ret
   17bb4:	65078593          	addi	a1,a5,1616
   17bb8:	8522                	mv	a0,s0
   17bba:	e43e                	sd	a5,8(sp)
   17bbc:	08c000ef          	jal	17c48 <strcmp>
   17bc0:	67a2                	ld	a5,8(sp)
   17bc2:	dd79                	beqz	a0,17ba0 <setlocale+0x1a>
   17bc4:	65e9                	lui	a1,0x1a
   17bc6:	8522                	mv	a0,s0
   17bc8:	51858593          	addi	a1,a1,1304 # 1a518 <__clzdi2+0x106>
   17bcc:	07c000ef          	jal	17c48 <strcmp>
   17bd0:	67a2                	ld	a5,8(sp)
   17bd2:	d579                	beqz	a0,17ba0 <setlocale+0x1a>
   17bd4:	4501                	li	a0,0
   17bd6:	b7f9                	j	17ba4 <setlocale+0x1e>

0000000000017bd8 <_fstat_r>:
   17bd8:	1101                	addi	sp,sp,-32
   17bda:	87ae                	mv	a5,a1
   17bdc:	e822                	sd	s0,16(sp)
   17bde:	e426                	sd	s1,8(sp)
   17be0:	85b2                	mv	a1,a2
   17be2:	84aa                	mv	s1,a0
   17be4:	853e                	mv	a0,a5
   17be6:	ec06                	sd	ra,24(sp)
   17be8:	2401ac23          	sw	zero,600(gp) # 1bc28 <errno>
   17bec:	44e010ef          	jal	1903a <_fstat>
   17bf0:	57fd                	li	a5,-1
   17bf2:	00f50763          	beq	a0,a5,17c00 <_fstat_r+0x28>
   17bf6:	60e2                	ld	ra,24(sp)
   17bf8:	6442                	ld	s0,16(sp)
   17bfa:	64a2                	ld	s1,8(sp)
   17bfc:	6105                	addi	sp,sp,32
   17bfe:	8082                	ret
   17c00:	2581a783          	lw	a5,600(gp) # 1bc28 <errno>
   17c04:	dbed                	beqz	a5,17bf6 <_fstat_r+0x1e>
   17c06:	60e2                	ld	ra,24(sp)
   17c08:	6442                	ld	s0,16(sp)
   17c0a:	c09c                	sw	a5,0(s1)
   17c0c:	64a2                	ld	s1,8(sp)
   17c0e:	6105                	addi	sp,sp,32
   17c10:	8082                	ret

0000000000017c12 <_isatty_r>:
   17c12:	1101                	addi	sp,sp,-32
   17c14:	e822                	sd	s0,16(sp)
   17c16:	e426                	sd	s1,8(sp)
   17c18:	84aa                	mv	s1,a0
   17c1a:	852e                	mv	a0,a1
   17c1c:	ec06                	sd	ra,24(sp)
   17c1e:	2401ac23          	sw	zero,600(gp) # 1bc28 <errno>
   17c22:	45e010ef          	jal	19080 <_isatty>
   17c26:	57fd                	li	a5,-1
   17c28:	00f50763          	beq	a0,a5,17c36 <_isatty_r+0x24>
   17c2c:	60e2                	ld	ra,24(sp)
   17c2e:	6442                	ld	s0,16(sp)
   17c30:	64a2                	ld	s1,8(sp)
   17c32:	6105                	addi	sp,sp,32
   17c34:	8082                	ret
   17c36:	2581a783          	lw	a5,600(gp) # 1bc28 <errno>
   17c3a:	dbed                	beqz	a5,17c2c <_isatty_r+0x1a>
   17c3c:	60e2                	ld	ra,24(sp)
   17c3e:	6442                	ld	s0,16(sp)
   17c40:	c09c                	sw	a5,0(s1)
   17c42:	64a2                	ld	s1,8(sp)
   17c44:	6105                	addi	sp,sp,32
   17c46:	8082                	ret

0000000000017c48 <strcmp>:
   17c48:	00b56733          	or	a4,a0,a1
   17c4c:	53fd                	li	t2,-1
   17c4e:	8b1d                	andi	a4,a4,7
   17c50:	eb4d                	bnez	a4,17d02 <strcmp+0xba>
   17c52:	00004797          	auipc	a5,0x4
   17c56:	f567b783          	ld	a5,-170(a5) # 1bba8 <mask>
   17c5a:	6110                	ld	a2,0(a0)
   17c5c:	6194                	ld	a3,0(a1)
   17c5e:	00f672b3          	and	t0,a2,a5
   17c62:	00f66333          	or	t1,a2,a5
   17c66:	92be                	add	t0,t0,a5
   17c68:	0062e2b3          	or	t0,t0,t1
   17c6c:	0a729963          	bne	t0,t2,17d1e <strcmp+0xd6>
   17c70:	02d61e63          	bne	a2,a3,17cac <strcmp+0x64>
   17c74:	6510                	ld	a2,8(a0)
   17c76:	6594                	ld	a3,8(a1)
   17c78:	00f672b3          	and	t0,a2,a5
   17c7c:	00f66333          	or	t1,a2,a5
   17c80:	92be                	add	t0,t0,a5
   17c82:	0062e2b3          	or	t0,t0,t1
   17c86:	08729a63          	bne	t0,t2,17d1a <strcmp+0xd2>
   17c8a:	02d61163          	bne	a2,a3,17cac <strcmp+0x64>
   17c8e:	6910                	ld	a2,16(a0)
   17c90:	6994                	ld	a3,16(a1)
   17c92:	00f672b3          	and	t0,a2,a5
   17c96:	00f66333          	or	t1,a2,a5
   17c9a:	92be                	add	t0,t0,a5
   17c9c:	0062e2b3          	or	t0,t0,t1
   17ca0:	08729363          	bne	t0,t2,17d26 <strcmp+0xde>
   17ca4:	0561                	addi	a0,a0,24
   17ca6:	05e1                	addi	a1,a1,24
   17ca8:	fad609e3          	beq	a2,a3,17c5a <strcmp+0x12>
   17cac:	03061713          	slli	a4,a2,0x30
   17cb0:	03069793          	slli	a5,a3,0x30
   17cb4:	02f71863          	bne	a4,a5,17ce4 <strcmp+0x9c>
   17cb8:	02061713          	slli	a4,a2,0x20
   17cbc:	02069793          	slli	a5,a3,0x20
   17cc0:	02f71263          	bne	a4,a5,17ce4 <strcmp+0x9c>
   17cc4:	01061713          	slli	a4,a2,0x10
   17cc8:	01069793          	slli	a5,a3,0x10
   17ccc:	00f71c63          	bne	a4,a5,17ce4 <strcmp+0x9c>
   17cd0:	03065713          	srli	a4,a2,0x30
   17cd4:	0306d793          	srli	a5,a3,0x30
   17cd8:	40f70533          	sub	a0,a4,a5
   17cdc:	0ff57593          	zext.b	a1,a0
   17ce0:	e991                	bnez	a1,17cf4 <strcmp+0xac>
   17ce2:	8082                	ret
   17ce4:	9341                	srli	a4,a4,0x30
   17ce6:	93c1                	srli	a5,a5,0x30
   17ce8:	40f70533          	sub	a0,a4,a5
   17cec:	0ff57593          	zext.b	a1,a0
   17cf0:	e191                	bnez	a1,17cf4 <strcmp+0xac>
   17cf2:	8082                	ret
   17cf4:	0ff77713          	zext.b	a4,a4
   17cf8:	0ff7f793          	zext.b	a5,a5
   17cfc:	40f70533          	sub	a0,a4,a5
   17d00:	8082                	ret
   17d02:	00054603          	lbu	a2,0(a0)
   17d06:	0005c683          	lbu	a3,0(a1)
   17d0a:	0505                	addi	a0,a0,1
   17d0c:	0585                	addi	a1,a1,1
   17d0e:	00d61363          	bne	a2,a3,17d14 <strcmp+0xcc>
   17d12:	fa65                	bnez	a2,17d02 <strcmp+0xba>
   17d14:	40d60533          	sub	a0,a2,a3
   17d18:	8082                	ret
   17d1a:	0521                	addi	a0,a0,8
   17d1c:	05a1                	addi	a1,a1,8
   17d1e:	fed612e3          	bne	a2,a3,17d02 <strcmp+0xba>
   17d22:	4501                	li	a0,0
   17d24:	8082                	ret
   17d26:	0541                	addi	a0,a0,16
   17d28:	05c1                	addi	a1,a1,16
   17d2a:	fcd61ce3          	bne	a2,a3,17d02 <strcmp+0xba>
   17d2e:	4501                	li	a0,0
   17d30:	8082                	ret

0000000000017d32 <__assert_func>:
   17d32:	2281b783          	ld	a5,552(gp) # 1bbf8 <_impure_ptr>
   17d36:	1141                	addi	sp,sp,-16
   17d38:	8832                	mv	a6,a2
   17d3a:	e406                	sd	ra,8(sp)
   17d3c:	832a                	mv	t1,a0
   17d3e:	872e                	mv	a4,a1
   17d40:	6f88                	ld	a0,24(a5)
   17d42:	8636                	mv	a2,a3
   17d44:	00080d63          	beqz	a6,17d5e <__assert_func+0x2c>
   17d48:	67e9                	lui	a5,0x1a
   17d4a:	66878793          	addi	a5,a5,1640 # 1a668 <__clzdi2+0x256>
   17d4e:	65e9                	lui	a1,0x1a
   17d50:	869a                	mv	a3,t1
   17d52:	67858593          	addi	a1,a1,1656 # 1a678 <__clzdi2+0x266>
   17d56:	148000ef          	jal	17e9e <fiprintf>
   17d5a:	73d000ef          	jal	18c96 <abort>
   17d5e:	67e9                	lui	a5,0x1a
   17d60:	51878793          	addi	a5,a5,1304 # 1a518 <__clzdi2+0x106>
   17d64:	883e                	mv	a6,a5
   17d66:	b7e5                	j	17d4e <__assert_func+0x1c>

0000000000017d68 <__assert>:
   17d68:	1141                	addi	sp,sp,-16
   17d6a:	86b2                	mv	a3,a2
   17d6c:	4601                	li	a2,0
   17d6e:	e406                	sd	ra,8(sp)
   17d70:	fc3ff0ef          	jal	17d32 <__assert_func>

0000000000017d74 <_calloc_r>:
   17d74:	02c5b7b3          	mulhu	a5,a1,a2
   17d78:	1101                	addi	sp,sp,-32
   17d7a:	ec06                	sd	ra,24(sp)
   17d7c:	02c585b3          	mul	a1,a1,a2
   17d80:	ebad                	bnez	a5,17df2 <_calloc_r+0x7e>
   17d82:	f15f80ef          	jal	10c96 <_malloc_r>
   17d86:	87aa                	mv	a5,a0
   17d88:	c92d                	beqz	a0,17dfa <_calloc_r+0x86>
   17d8a:	ff853603          	ld	a2,-8(a0)
   17d8e:	04800713          	li	a4,72
   17d92:	9a71                	andi	a2,a2,-4
   17d94:	1661                	addi	a2,a2,-8 # 1ff8 <exit-0xe128>
   17d96:	02c76963          	bltu	a4,a2,17dc8 <_calloc_r+0x54>
   17d9a:	cd817057          	vsetivli	zero,2,e64,m1,ta,ma
   17d9e:	02700693          	li	a3,39
   17da2:	5e0030d7          	vmv.v.i	v1,0
   17da6:	02c6fa63          	bgeu	a3,a2,17dda <_calloc_r+0x66>
   17daa:	020570a7          	vse64.v	v1,(a0)
   17dae:	03700693          	li	a3,55
   17db2:	02c6fd63          	bgeu	a3,a2,17dec <_calloc_r+0x78>
   17db6:	01050693          	addi	a3,a0,16
   17dba:	0206f0a7          	vse64.v	v1,(a3)
   17dbe:	04e60363          	beq	a2,a4,17e04 <_calloc_r+0x90>
   17dc2:	02050713          	addi	a4,a0,32
   17dc6:	a819                	j	17ddc <_calloc_r+0x68>
   17dc8:	4581                	li	a1,0
   17dca:	e42a                	sd	a0,8(sp)
   17dcc:	9a6fa0ef          	jal	11f72 <memset>
   17dd0:	67a2                	ld	a5,8(sp)
   17dd2:	60e2                	ld	ra,24(sp)
   17dd4:	853e                	mv	a0,a5
   17dd6:	6105                	addi	sp,sp,32
   17dd8:	8082                	ret
   17dda:	872a                	mv	a4,a0
   17ddc:	020770a7          	vse64.v	v1,(a4)
   17de0:	60e2                	ld	ra,24(sp)
   17de2:	00073823          	sd	zero,16(a4)
   17de6:	853e                	mv	a0,a5
   17de8:	6105                	addi	sp,sp,32
   17dea:	8082                	ret
   17dec:	01050713          	addi	a4,a0,16
   17df0:	b7f5                	j	17ddc <_calloc_r+0x68>
   17df2:	918fa0ef          	jal	11f0a <__errno>
   17df6:	47b1                	li	a5,12
   17df8:	c11c                	sw	a5,0(a0)
   17dfa:	60e2                	ld	ra,24(sp)
   17dfc:	4781                	li	a5,0
   17dfe:	853e                	mv	a0,a5
   17e00:	6105                	addi	sp,sp,32
   17e02:	8082                	ret
   17e04:	02050713          	addi	a4,a0,32
   17e08:	020770a7          	vse64.v	v1,(a4)
   17e0c:	03050713          	addi	a4,a0,48
   17e10:	b7f1                	j	17ddc <_calloc_r+0x68>

0000000000017e12 <_mbtowc_r>:
   17e12:	0b01b783          	ld	a5,176(gp) # 1ba80 <__global_pointer$+0xb0>
   17e16:	8782                	jr	a5

0000000000017e18 <__ascii_mbtowc>:
   17e18:	c999                	beqz	a1,17e2e <__ascii_mbtowc+0x16>
   17e1a:	c61d                	beqz	a2,17e48 <__ascii_mbtowc+0x30>
   17e1c:	ca95                	beqz	a3,17e50 <__ascii_mbtowc+0x38>
   17e1e:	00064783          	lbu	a5,0(a2)
   17e22:	c19c                	sw	a5,0(a1)
   17e24:	00064503          	lbu	a0,0(a2)
   17e28:	00a03533          	snez	a0,a0
   17e2c:	8082                	ret
   17e2e:	1141                	addi	sp,sp,-16
   17e30:	006c                	addi	a1,sp,12
   17e32:	ce09                	beqz	a2,17e4c <__ascii_mbtowc+0x34>
   17e34:	c285                	beqz	a3,17e54 <__ascii_mbtowc+0x3c>
   17e36:	00064783          	lbu	a5,0(a2)
   17e3a:	c19c                	sw	a5,0(a1)
   17e3c:	00064503          	lbu	a0,0(a2)
   17e40:	00a03533          	snez	a0,a0
   17e44:	0141                	addi	sp,sp,16
   17e46:	8082                	ret
   17e48:	4501                	li	a0,0
   17e4a:	8082                	ret
   17e4c:	4501                	li	a0,0
   17e4e:	bfdd                	j	17e44 <__ascii_mbtowc+0x2c>
   17e50:	5579                	li	a0,-2
   17e52:	8082                	ret
   17e54:	5579                	li	a0,-2
   17e56:	b7fd                	j	17e44 <__ascii_mbtowc+0x2c>

0000000000017e58 <_wctomb_r>:
   17e58:	0a81b783          	ld	a5,168(gp) # 1ba78 <__global_pointer$+0xa8>
   17e5c:	8782                	jr	a5

0000000000017e5e <__ascii_wctomb>:
   17e5e:	cd91                	beqz	a1,17e7a <__ascii_wctomb+0x1c>
   17e60:	0ff00793          	li	a5,255
   17e64:	00c7e663          	bltu	a5,a2,17e70 <__ascii_wctomb+0x12>
   17e68:	00c58023          	sb	a2,0(a1)
   17e6c:	4505                	li	a0,1
   17e6e:	8082                	ret
   17e70:	08a00793          	li	a5,138
   17e74:	c11c                	sw	a5,0(a0)
   17e76:	557d                	li	a0,-1
   17e78:	8082                	ret
   17e7a:	4501                	li	a0,0
   17e7c:	8082                	ret

0000000000017e7e <_fiprintf_r>:
   17e7e:	715d                	addi	sp,sp,-80
   17e80:	02810313          	addi	t1,sp,40
   17e84:	f436                	sd	a3,40(sp)
   17e86:	869a                	mv	a3,t1
   17e88:	ec06                	sd	ra,24(sp)
   17e8a:	f83a                	sd	a4,48(sp)
   17e8c:	fc3e                	sd	a5,56(sp)
   17e8e:	e0c2                	sd	a6,64(sp)
   17e90:	e4c6                	sd	a7,72(sp)
   17e92:	e41a                	sd	t1,8(sp)
   17e94:	038000ef          	jal	17ecc <_vfiprintf_r>
   17e98:	60e2                	ld	ra,24(sp)
   17e9a:	6161                	addi	sp,sp,80
   17e9c:	8082                	ret

0000000000017e9e <fiprintf>:
   17e9e:	715d                	addi	sp,sp,-80
   17ea0:	8eaa                	mv	t4,a0
   17ea2:	2281b503          	ld	a0,552(gp) # 1bbf8 <_impure_ptr>
   17ea6:	8e2e                	mv	t3,a1
   17ea8:	02010313          	addi	t1,sp,32
   17eac:	f032                	sd	a2,32(sp)
   17eae:	f436                	sd	a3,40(sp)
   17eb0:	85f6                	mv	a1,t4
   17eb2:	8672                	mv	a2,t3
   17eb4:	869a                	mv	a3,t1
   17eb6:	ec06                	sd	ra,24(sp)
   17eb8:	f83a                	sd	a4,48(sp)
   17eba:	fc3e                	sd	a5,56(sp)
   17ebc:	e0c2                	sd	a6,64(sp)
   17ebe:	e4c6                	sd	a7,72(sp)
   17ec0:	e41a                	sd	t1,8(sp)
   17ec2:	00a000ef          	jal	17ecc <_vfiprintf_r>
   17ec6:	60e2                	ld	ra,24(sp)
   17ec8:	6161                	addi	sp,sp,80
   17eca:	8082                	ret

0000000000017ecc <_vfiprintf_r>:
   17ecc:	7145                	addi	sp,sp,-464
   17ece:	fb4a                	sd	s2,432(sp)
   17ed0:	e362                	sd	s8,384(sp)
   17ed2:	f6ee                	sd	s11,360(sp)
   17ed4:	e786                	sd	ra,456(sp)
   17ed6:	e02a                	sd	a0,0(sp)
   17ed8:	8db2                	mv	s11,a2
   17eda:	8c36                	mv	s8,a3
   17edc:	892e                	mv	s2,a1
   17ede:	c501                	beqz	a0,17ee6 <_vfiprintf_r+0x1a>
   17ee0:	653c                	ld	a5,72(a0)
   17ee2:	360780e3          	beqz	a5,18a42 <_vfiprintf_r+0xb76>
   17ee6:	01091783          	lh	a5,16(s2)
   17eea:	0ac92703          	lw	a4,172(s2)
   17eee:	6609                	lui	a2,0x2
   17ef0:	03279693          	slli	a3,a5,0x32
   17ef4:	2606c563          	bltz	a3,1815e <_vfiprintf_r+0x292>
   17ef8:	76f9                	lui	a3,0xffffe
   17efa:	8fd1                	or	a5,a5,a2
   17efc:	16fd                	addi	a3,a3,-1 # ffffffffffffdfff <__BSS_END__+0xfffffffffffe1e2f>
   17efe:	8f75                	and	a4,a4,a3
   17f00:	00f91823          	sh	a5,16(s2)
   17f04:	0107979b          	slliw	a5,a5,0x10
   17f08:	4107d79b          	sraiw	a5,a5,0x10
   17f0c:	0ae92623          	sw	a4,172(s2)
   17f10:	0087f713          	andi	a4,a5,8
   17f14:	1c070963          	beqz	a4,180e6 <_vfiprintf_r+0x21a>
   17f18:	01893703          	ld	a4,24(s2)
   17f1c:	1c070563          	beqz	a4,180e6 <_vfiprintf_r+0x21a>
   17f20:	8be9                	andi	a5,a5,26
   17f22:	4729                	li	a4,10
   17f24:	1ce78c63          	beq	a5,a4,180fc <_vfiprintf_r+0x230>
   17f28:	676d                	lui	a4,0x1b
   17f2a:	ef56                	sd	s5,408(sp)
   17f2c:	eb5a                	sd	s6,400(sp)
   17f2e:	0e010a93          	addi	s5,sp,224
   17f32:	6b6d                	lui	s6,0x1b
   17f34:	bd070713          	addi	a4,a4,-1072 # 1abd0 <__mprec_tens+0xc8>
   17f38:	e3a2                	sd	s0,448(sp)
   17f3a:	ff26                	sd	s1,440(sp)
   17f3c:	f74e                	sd	s3,424(sp)
   17f3e:	f352                	sd	s4,416(sp)
   17f40:	e75e                	sd	s7,392(sp)
   17f42:	fee6                	sd	s9,376(sp)
   17f44:	faea                	sd	s10,368(sp)
   17f46:	f882                	sd	zero,112(sp)
   17f48:	d482                	sw	zero,104(sp)
   17f4a:	f0d6                	sd	s5,96(sp)
   17f4c:	87d6                	mv	a5,s5
   17f4e:	ec3a                	sd	a4,24(sp)
   17f50:	d40b0b13          	addi	s6,s6,-704 # 1ad40 <zeroes.0>
   17f54:	f802                	sd	zero,48(sp)
   17f56:	e082                	sd	zero,64(sp)
   17f58:	fc02                	sd	zero,56(sp)
   17f5a:	e402                	sd	zero,8(sp)
   17f5c:	4441                	li	s0,16
   17f5e:	cc517057          	vsetivli	zero,2,e8,mf8,ta,ma
   17f62:	000dc683          	lbu	a3,0(s11)
   17f66:	84ee                	mv	s1,s11
   17f68:	fdb68713          	addi	a4,a3,-37
   17f6c:	0006861b          	sext.w	a2,a3
   17f70:	c721                	beqz	a4,17fb8 <_vfiprintf_r+0xec>
   17f72:	c239                	beqz	a2,17fb8 <_vfiprintf_r+0xec>
   17f74:	89a6                	mv	s3,s1
   17f76:	0014c683          	lbu	a3,1(s1)
   17f7a:	0485                	addi	s1,s1,1
   17f7c:	0006871b          	sext.w	a4,a3
   17f80:	c681                	beqz	a3,17f88 <_vfiprintf_r+0xbc>
   17f82:	fdb70713          	addi	a4,a4,-37
   17f86:	f77d                	bnez	a4,17f74 <_vfiprintf_r+0xa8>
   17f88:	41b48bbb          	subw	s7,s1,s11
   17f8c:	020b8663          	beqz	s7,17fb8 <_vfiprintf_r+0xec>
   17f90:	76c6                	ld	a3,112(sp)
   17f92:	5726                	lw	a4,104(sp)
   17f94:	01b7b023          	sd	s11,0(a5)
   17f98:	96de                	add	a3,a3,s7
   17f9a:	2705                	addiw	a4,a4,1
   17f9c:	0177b423          	sd	s7,8(a5)
   17fa0:	f8b6                	sd	a3,112(sp)
   17fa2:	d4ba                	sw	a4,104(sp)
   17fa4:	469d                	li	a3,7
   17fa6:	07c1                	addi	a5,a5,16
   17fa8:	16e6c963          	blt	a3,a4,1811a <_vfiprintf_r+0x24e>
   17fac:	6722                	ld	a4,8(sp)
   17fae:	0019c683          	lbu	a3,1(s3)
   17fb2:	0177073b          	addw	a4,a4,s7
   17fb6:	e43a                	sd	a4,8(sp)
   17fb8:	16068b63          	beqz	a3,1812e <_vfiprintf_r+0x262>
   17fbc:	0014c703          	lbu	a4,1(s1)
   17fc0:	00148d93          	addi	s11,s1,1
   17fc4:	04010ba3          	sb	zero,87(sp)
   17fc8:	587d                	li	a6,-1
   17fca:	4481                	li	s1,0
   17fcc:	4a01                	li	s4,0
   17fce:	05a00993          	li	s3,90
   17fd2:	0d85                	addi	s11,s11,1
   17fd4:	2701                	sext.w	a4,a4
   17fd6:	fe07069b          	addiw	a3,a4,-32
   17fda:	04d9e263          	bltu	s3,a3,1801e <_vfiprintf_r+0x152>
   17fde:	02069613          	slli	a2,a3,0x20
   17fe2:	01e65693          	srli	a3,a2,0x1e
   17fe6:	6662                	ld	a2,24(sp)
   17fe8:	96b2                	add	a3,a3,a2
   17fea:	4294                	lw	a3,0(a3)
   17fec:	8682                	jr	a3
   17fee:	4481                	li	s1,0
   17ff0:	4525                	li	a0,9
   17ff2:	000dc603          	lbu	a2,0(s11)
   17ff6:	0024969b          	slliw	a3,s1,0x2
   17ffa:	9ea5                	addw	a3,a3,s1
   17ffc:	fd07071b          	addiw	a4,a4,-48
   18000:	0016969b          	slliw	a3,a3,0x1
   18004:	fd06059b          	addiw	a1,a2,-48 # 1fd0 <exit-0xe150>
   18008:	0d85                	addi	s11,s11,1
   1800a:	00d704bb          	addw	s1,a4,a3
   1800e:	0006071b          	sext.w	a4,a2
   18012:	feb570e3          	bgeu	a0,a1,17ff2 <_vfiprintf_r+0x126>
   18016:	fe07069b          	addiw	a3,a4,-32
   1801a:	fcd9f2e3          	bgeu	s3,a3,17fde <_vfiprintf_r+0x112>
   1801e:	10070863          	beqz	a4,1812e <_vfiprintf_r+0x262>
   18022:	4b85                	li	s7,1
   18024:	06e10c23          	sb	a4,120(sp)
   18028:	04010ba3          	sb	zero,87(sp)
   1802c:	89de                	mv	s3,s7
   1802e:	4801                	li	a6,0
   18030:	07810c93          	addi	s9,sp,120
   18034:	75c6                	ld	a1,112(sp)
   18036:	5626                	lw	a2,104(sp)
   18038:	084a7f13          	andi	t5,s4,132
   1803c:	86ae                	mv	a3,a1
   1803e:	8732                	mv	a4,a2
   18040:	040f1663          	bnez	t5,1808c <_vfiprintf_r+0x1c0>
   18044:	41348d3b          	subw	s10,s1,s3
   18048:	79a04f63          	bgtz	s10,187e6 <_vfiprintf_r+0x91a>
   1804c:	05714603          	lbu	a2,87(sp)
   18050:	c231                	beqz	a2,18094 <_vfiprintf_r+0x1c8>
   18052:	4f01                	li	t5,0
   18054:	f402                	sd	zero,40(sp)
   18056:	05710613          	addi	a2,sp,87
   1805a:	e390                	sd	a2,0(a5)
   1805c:	0685                	addi	a3,a3,1
   1805e:	4605                	li	a2,1
   18060:	2705                	addiw	a4,a4,1
   18062:	e790                	sd	a2,8(a5)
   18064:	f8b6                	sd	a3,112(sp)
   18066:	d4ba                	sw	a4,104(sp)
   18068:	461d                	li	a2,7
   1806a:	07c1                	addi	a5,a5,16
   1806c:	6ae64063          	blt	a2,a4,1870c <_vfiprintf_r+0x840>
   18070:	7622                	ld	a2,40(sp)
   18072:	ce09                	beqz	a2,1808c <_vfiprintf_r+0x1c0>
   18074:	08b0                	addi	a2,sp,88
   18076:	e390                	sd	a2,0(a5)
   18078:	0689                	addi	a3,a3,2
   1807a:	4609                	li	a2,2
   1807c:	2705                	addiw	a4,a4,1
   1807e:	e790                	sd	a2,8(a5)
   18080:	f8b6                	sd	a3,112(sp)
   18082:	d4ba                	sw	a4,104(sp)
   18084:	461d                	li	a2,7
   18086:	07c1                	addi	a5,a5,16
   18088:	66e64163          	blt	a2,a4,186ea <_vfiprintf_r+0x81e>
   1808c:	08000613          	li	a2,128
   18090:	52cf0063          	beq	t5,a2,185b0 <_vfiprintf_r+0x6e4>
   18094:	41780d3b          	subw	s10,a6,s7
   18098:	5ba04863          	bgtz	s10,18648 <_vfiprintf_r+0x77c>
   1809c:	96de                	add	a3,a3,s7
   1809e:	2705                	addiw	a4,a4,1
   180a0:	0197b023          	sd	s9,0(a5)
   180a4:	0177b423          	sd	s7,8(a5)
   180a8:	f8b6                	sd	a3,112(sp)
   180aa:	d4ba                	sw	a4,104(sp)
   180ac:	461d                	li	a2,7
   180ae:	07c1                	addi	a5,a5,16
   180b0:	60e64763          	blt	a2,a4,186be <_vfiprintf_r+0x7f2>
   180b4:	004a7313          	andi	t1,s4,4
   180b8:	00030663          	beqz	t1,180c4 <_vfiprintf_r+0x1f8>
   180bc:	41348bbb          	subw	s7,s1,s3
   180c0:	67704763          	bgtz	s7,1872e <_vfiprintf_r+0x862>
   180c4:	87a6                	mv	a5,s1
   180c6:	0134d363          	bge	s1,s3,180cc <_vfiprintf_r+0x200>
   180ca:	87ce                	mv	a5,s3
   180cc:	6722                	ld	a4,8(sp)
   180ce:	9fb9                	addw	a5,a5,a4
   180d0:	e43e                	sd	a5,8(sp)
   180d2:	60069263          	bnez	a3,186d6 <_vfiprintf_r+0x80a>
   180d6:	d482                	sw	zero,104(sp)
   180d8:	87d6                	mv	a5,s5
   180da:	b561                	j	17f62 <_vfiprintf_r+0x96>
   180dc:	000dc703          	lbu	a4,0(s11)
   180e0:	010a6a13          	ori	s4,s4,16
   180e4:	b5fd                	j	17fd2 <_vfiprintf_r+0x106>
   180e6:	6502                	ld	a0,0(sp)
   180e8:	85ca                	mv	a1,s2
   180ea:	afdfc0ef          	jal	14be6 <__swsetup_r>
   180ee:	ed25                	bnez	a0,18166 <_vfiprintf_r+0x29a>
   180f0:	01091783          	lh	a5,16(s2)
   180f4:	4729                	li	a4,10
   180f6:	8be9                	andi	a5,a5,26
   180f8:	e2e798e3          	bne	a5,a4,17f28 <_vfiprintf_r+0x5c>
   180fc:	01291783          	lh	a5,18(s2)
   18100:	e207c4e3          	bltz	a5,17f28 <_vfiprintf_r+0x5c>
   18104:	6502                	ld	a0,0(sp)
   18106:	60be                	ld	ra,456(sp)
   18108:	86e2                	mv	a3,s8
   1810a:	866e                	mv	a2,s11
   1810c:	6c1a                	ld	s8,384(sp)
   1810e:	7db6                	ld	s11,360(sp)
   18110:	85ca                	mv	a1,s2
   18112:	795a                	ld	s2,432(sp)
   18114:	6179                	addi	sp,sp,464
   18116:	2ef0006f          	j	18c04 <__sbprintf>
   1811a:	6502                	ld	a0,0(sp)
   1811c:	1090                	addi	a2,sp,96
   1811e:	85ca                	mv	a1,s2
   18120:	c6cfc0ef          	jal	1458c <__sprint_r>
   18124:	e901                	bnez	a0,18134 <_vfiprintf_r+0x268>
   18126:	87d6                	mv	a5,s5
   18128:	cc517057          	vsetivli	zero,2,e8,mf8,ta,ma
   1812c:	b541                	j	17fac <_vfiprintf_r+0xe0>
   1812e:	77c6                	ld	a5,112(sp)
   18130:	1e079ae3          	bnez	a5,18b24 <_vfiprintf_r+0xc58>
   18134:	01095783          	lhu	a5,16(s2)
   18138:	641e                	ld	s0,448(sp)
   1813a:	74fa                	ld	s1,440(sp)
   1813c:	0407f793          	andi	a5,a5,64
   18140:	79ba                	ld	s3,424(sp)
   18142:	7a1a                	ld	s4,416(sp)
   18144:	6afa                	ld	s5,408(sp)
   18146:	6b5a                	ld	s6,400(sp)
   18148:	6bba                	ld	s7,392(sp)
   1814a:	7cf6                	ld	s9,376(sp)
   1814c:	7d56                	ld	s10,368(sp)
   1814e:	ef81                	bnez	a5,18166 <_vfiprintf_r+0x29a>
   18150:	60be                	ld	ra,456(sp)
   18152:	6522                	ld	a0,8(sp)
   18154:	795a                	ld	s2,432(sp)
   18156:	6c1a                	ld	s8,384(sp)
   18158:	7db6                	ld	s11,360(sp)
   1815a:	6179                	addi	sp,sp,464
   1815c:	8082                	ret
   1815e:	03271693          	slli	a3,a4,0x32
   18162:	da06d7e3          	bgez	a3,17f10 <_vfiprintf_r+0x44>
   18166:	57fd                	li	a5,-1
   18168:	e43e                	sd	a5,8(sp)
   1816a:	b7dd                	j	18150 <_vfiprintf_r+0x284>
   1816c:	020a7693          	andi	a3,s4,32
   18170:	008c0713          	addi	a4,s8,8
   18174:	eaf1                	bnez	a3,18248 <_vfiprintf_r+0x37c>
   18176:	010a7693          	andi	a3,s4,16
   1817a:	260698e3          	bnez	a3,18bea <_vfiprintf_r+0xd1e>
   1817e:	040a7693          	andi	a3,s4,64
   18182:	000c2d03          	lw	s10,0(s8)
   18186:	100680e3          	beqz	a3,18a86 <_vfiprintf_r+0xbba>
   1818a:	010d1d1b          	slliw	s10,s10,0x10
   1818e:	410d5d1b          	sraiw	s10,s10,0x10
   18192:	8c3a                	mv	s8,a4
   18194:	86ea                	mv	a3,s10
   18196:	0a06cf63          	bltz	a3,18254 <_vfiprintf_r+0x388>
   1819a:	0c084763          	bltz	a6,18268 <_vfiprintf_r+0x39c>
   1819e:	f7fa7a13          	andi	s4,s4,-129
   181a2:	0c081363          	bnez	a6,18268 <_vfiprintf_r+0x39c>
   181a6:	0c0d1163          	bnez	s10,18268 <_vfiprintf_r+0x39c>
   181aa:	05714703          	lbu	a4,87(sp)
   181ae:	4b81                	li	s7,0
   181b0:	4801                	li	a6,0
   181b2:	0dc10c93          	addi	s9,sp,220
   181b6:	28070963          	beqz	a4,18448 <_vfiprintf_r+0x57c>
   181ba:	4985                	li	s3,1
   181bc:	76c6                	ld	a3,112(sp)
   181be:	5726                	lw	a4,104(sp)
   181c0:	084a7f13          	andi	t5,s4,132
   181c4:	85b6                	mv	a1,a3
   181c6:	863a                	mv	a2,a4
   181c8:	e60f0ee3          	beqz	t5,18044 <_vfiprintf_r+0x178>
   181cc:	f402                	sd	zero,40(sp)
   181ce:	b561                	j	18056 <_vfiprintf_r+0x18a>
   181d0:	000c3c83          	ld	s9,0(s8)
   181d4:	04010ba3          	sb	zero,87(sp)
   181d8:	0c21                	addi	s8,s8,8
   181da:	080c86e3          	beqz	s9,18a66 <_vfiprintf_r+0xb9a>
   181de:	7a084863          	bltz	a6,1898e <_vfiprintf_r+0xac2>
   181e2:	8642                	mv	a2,a6
   181e4:	4581                	li	a1,0
   181e6:	8566                	mv	a0,s9
   181e8:	f03e                	sd	a5,32(sp)
   181ea:	e842                	sd	a6,16(sp)
   181ec:	aebfc0ef          	jal	14cd6 <memchr>
   181f0:	05714703          	lbu	a4,87(sp)
   181f4:	6842                	ld	a6,16(sp)
   181f6:	7782                	ld	a5,32(sp)
   181f8:	1a0503e3          	beqz	a0,18b9e <_vfiprintf_r+0xcd2>
   181fc:	41950bbb          	subw	s7,a0,s9
   18200:	86de                	mv	a3,s7
   18202:	000bd363          	bgez	s7,18208 <_vfiprintf_r+0x33c>
   18206:	4681                	li	a3,0
   18208:	0006899b          	sext.w	s3,a3
   1820c:	7a070e63          	beqz	a4,189c8 <_vfiprintf_r+0xafc>
   18210:	0016899b          	addiw	s3,a3,1
   18214:	4801                	li	a6,0
   18216:	cc517057          	vsetivli	zero,2,e8,mf8,ta,ma
   1821a:	b74d                	j	181bc <_vfiprintf_r+0x2f0>
   1821c:	000c2703          	lw	a4,0(s8)
   18220:	4b85                	li	s7,1
   18222:	04010ba3          	sb	zero,87(sp)
   18226:	06e10c23          	sb	a4,120(sp)
   1822a:	0c21                	addi	s8,s8,8
   1822c:	89de                	mv	s3,s7
   1822e:	4801                	li	a6,0
   18230:	07810c93          	addi	s9,sp,120
   18234:	b501                	j	18034 <_vfiprintf_r+0x168>
   18236:	020a7713          	andi	a4,s4,32
   1823a:	010a6313          	ori	t1,s4,16
   1823e:	66070963          	beqz	a4,188b0 <_vfiprintf_r+0x9e4>
   18242:	8a1a                	mv	s4,t1
   18244:	008c0713          	addi	a4,s8,8
   18248:	000c3683          	ld	a3,0(s8)
   1824c:	8c3a                	mv	s8,a4
   1824e:	8d36                	mv	s10,a3
   18250:	f406d5e3          	bgez	a3,1819a <_vfiprintf_r+0x2ce>
   18254:	02d00713          	li	a4,45
   18258:	04e10ba3          	sb	a4,87(sp)
   1825c:	41a00d33          	neg	s10,s10
   18260:	00084463          	bltz	a6,18268 <_vfiprintf_r+0x39c>
   18264:	f7fa7a13          	andi	s4,s4,-129
   18268:	46a5                	li	a3,9
   1826a:	1fa6ef63          	bltu	a3,s10,18468 <_vfiprintf_r+0x59c>
   1826e:	030d0d1b          	addiw	s10,s10,48
   18272:	0da10da3          	sb	s10,219(sp)
   18276:	8742                	mv	a4,a6
   18278:	01004363          	bgtz	a6,1827e <_vfiprintf_r+0x3b2>
   1827c:	4705                	li	a4,1
   1827e:	05714683          	lbu	a3,87(sp)
   18282:	0007099b          	sext.w	s3,a4
   18286:	5e069e63          	bnez	a3,18882 <_vfiprintf_r+0x9b6>
   1828a:	4b85                	li	s7,1
   1828c:	0db10c93          	addi	s9,sp,219
   18290:	b355                	j	18034 <_vfiprintf_r+0x168>
   18292:	000c2483          	lw	s1,0(s8)
   18296:	5c04db63          	bgez	s1,1886c <_vfiprintf_r+0x9a0>
   1829a:	409004bb          	negw	s1,s1
   1829e:	0c21                	addi	s8,s8,8
   182a0:	000dc703          	lbu	a4,0(s11)
   182a4:	004a6a13          	ori	s4,s4,4
   182a8:	b32d                	j	17fd2 <_vfiprintf_r+0x106>
   182aa:	02b00713          	li	a4,43
   182ae:	04e10ba3          	sb	a4,87(sp)
   182b2:	000dc703          	lbu	a4,0(s11)
   182b6:	bb31                	j	17fd2 <_vfiprintf_r+0x106>
   182b8:	020a7713          	andi	a4,s4,32
   182bc:	18071863          	bnez	a4,1844c <_vfiprintf_r+0x580>
   182c0:	010a7993          	andi	s3,s4,16
   182c4:	008c0713          	addi	a4,s8,8
   182c8:	120993e3          	bnez	s3,18bee <_vfiprintf_r+0xd22>
   182cc:	040a7693          	andi	a3,s4,64
   182d0:	000c2d03          	lw	s10,0(s8)
   182d4:	6e068f63          	beqz	a3,189d2 <_vfiprintf_r+0xb06>
   182d8:	1d42                	slli	s10,s10,0x30
   182da:	04010ba3          	sb	zero,87(sp)
   182de:	030d5d13          	srli	s10,s10,0x30
   182e2:	70084263          	bltz	a6,189e6 <_vfiprintf_r+0xb1a>
   182e6:	f7fa7a13          	andi	s4,s4,-129
   182ea:	6e0d1e63          	bnez	s10,189e6 <_vfiprintf_r+0xb1a>
   182ee:	6e081c63          	bnez	a6,189e6 <_vfiprintf_r+0xb1a>
   182f2:	8c3a                	mv	s8,a4
   182f4:	4b81                	li	s7,0
   182f6:	0dc10c93          	addi	s9,sp,220
   182fa:	bb2d                	j	18034 <_vfiprintf_r+0x168>
   182fc:	000dc703          	lbu	a4,0(s11)
   18300:	020a6a13          	ori	s4,s4,32
   18304:	b1f9                	j	17fd2 <_vfiprintf_r+0x106>
   18306:	5208a0d7          	vid.v	v1
   1830a:	04800713          	li	a4,72
   1830e:	961760d7          	vmul.vx	v1,v1,a4
   18312:	03000713          	li	a4,48
   18316:	08b0                	addi	a2,sp,88
   18318:	04010ba3          	sb	zero,87(sp)
   1831c:	021740d7          	vadd.vx	v1,v1,a4
   18320:	000c3683          	ld	a3,0(s8)
   18324:	008c0713          	addi	a4,s8,8
   18328:	020600a7          	vse8.v	v1,(a2)
   1832c:	58084c63          	bltz	a6,188c4 <_vfiprintf_r+0x9f8>
   18330:	f7fa7313          	andi	t1,s4,-129
   18334:	00236a13          	ori	s4,t1,2
   18338:	0a0693e3          	bnez	a3,18bde <_vfiprintf_r+0xd12>
   1833c:	0a0811e3          	bnez	a6,18bde <_vfiprintf_r+0xd12>
   18340:	8c3a                	mv	s8,a4
   18342:	4b81                	li	s7,0
   18344:	4981                	li	s3,0
   18346:	0dc10c93          	addi	s9,sp,220
   1834a:	75c6                	ld	a1,112(sp)
   1834c:	5626                	lw	a2,104(sp)
   1834e:	084a7f13          	andi	t5,s4,132
   18352:	2989                	addiw	s3,s3,2
   18354:	86ae                	mv	a3,a1
   18356:	8732                	mv	a4,a2
   18358:	d00f1ee3          	bnez	t5,18074 <_vfiprintf_r+0x1a8>
   1835c:	41348d3b          	subw	s10,s1,s3
   18360:	d1a05ae3          	blez	s10,18074 <_vfiprintf_r+0x1a8>
   18364:	4709                	li	a4,2
   18366:	f43a                	sd	a4,40(sp)
   18368:	a141                	j	187e8 <_vfiprintf_r+0x91c>
   1836a:	020a7693          	andi	a3,s4,32
   1836e:	008c0713          	addi	a4,s8,8
   18372:	54069763          	bnez	a3,188c0 <_vfiprintf_r+0x9f4>
   18376:	010a7693          	andi	a3,s4,16
   1837a:	54069363          	bnez	a3,188c0 <_vfiprintf_r+0x9f4>
   1837e:	040a7613          	andi	a2,s4,64
   18382:	000c2683          	lw	a3,0(s8)
   18386:	70060b63          	beqz	a2,18a9c <_vfiprintf_r+0xbd0>
   1838a:	16c2                	slli	a3,a3,0x30
   1838c:	92c1                	srli	a3,a3,0x30
   1838e:	8c3a                	mv	s8,a4
   18390:	89d2                	mv	s3,s4
   18392:	a889                	j	183e4 <_vfiprintf_r+0x518>
   18394:	020a7713          	andi	a4,s4,32
   18398:	000c3683          	ld	a3,0(s8)
   1839c:	0c21                	addi	s8,s8,8
   1839e:	e305                	bnez	a4,183be <_vfiprintf_r+0x4f2>
   183a0:	010a7713          	andi	a4,s4,16
   183a4:	ef09                	bnez	a4,183be <_vfiprintf_r+0x4f2>
   183a6:	040a7713          	andi	a4,s4,64
   183aa:	74071463          	bnez	a4,18af2 <_vfiprintf_r+0xc26>
   183ae:	200a7313          	andi	t1,s4,512
   183b2:	6722                	ld	a4,8(sp)
   183b4:	000303e3          	beqz	t1,18bba <_vfiprintf_r+0xcee>
   183b8:	00e68023          	sb	a4,0(a3)
   183bc:	b65d                	j	17f62 <_vfiprintf_r+0x96>
   183be:	6722                	ld	a4,8(sp)
   183c0:	e298                	sd	a4,0(a3)
   183c2:	b645                	j	17f62 <_vfiprintf_r+0x96>
   183c4:	000dc703          	lbu	a4,0(s11)
   183c8:	06c00693          	li	a3,108
   183cc:	66d70f63          	beq	a4,a3,18a4a <_vfiprintf_r+0xb7e>
   183d0:	010a6a13          	ori	s4,s4,16
   183d4:	befd                	j	17fd2 <_vfiprintf_r+0x106>
   183d6:	010a6993          	ori	s3,s4,16
   183da:	008c0713          	addi	a4,s8,8
   183de:	000c3683          	ld	a3,0(s8)
   183e2:	8c3a                	mv	s8,a4
   183e4:	04010ba3          	sb	zero,87(sp)
   183e8:	bff9fa13          	andi	s4,s3,-1025
   183ec:	3a084f63          	bltz	a6,187aa <_vfiprintf_r+0x8de>
   183f0:	b7f9fa13          	andi	s4,s3,-1153
   183f4:	3a069b63          	bnez	a3,187aa <_vfiprintf_r+0x8de>
   183f8:	3a081963          	bnez	a6,187aa <_vfiprintf_r+0x8de>
   183fc:	0019f993          	andi	s3,s3,1
   18400:	46098b63          	beqz	s3,18876 <_vfiprintf_r+0x9aa>
   18404:	03000713          	li	a4,48
   18408:	0ce10da3          	sb	a4,219(sp)
   1840c:	8bce                	mv	s7,s3
   1840e:	0db10c93          	addi	s9,sp,219
   18412:	b10d                	j	18034 <_vfiprintf_r+0x168>
   18414:	020a7713          	andi	a4,s4,32
   18418:	010a6313          	ori	t1,s4,16
   1841c:	eb0d                	bnez	a4,1844e <_vfiprintf_r+0x582>
   1841e:	008c0713          	addi	a4,s8,8
   18422:	04010ba3          	sb	zero,87(sp)
   18426:	000c3d03          	ld	s10,0(s8)
   1842a:	86ba                	mv	a3,a4
   1842c:	8c3a                	mv	s8,a4
   1842e:	8a1a                	mv	s4,t1
   18430:	e2084ce3          	bltz	a6,18268 <_vfiprintf_r+0x39c>
   18434:	f7f37a13          	andi	s4,t1,-129
   18438:	8c36                	mv	s8,a3
   1843a:	e20817e3          	bnez	a6,18268 <_vfiprintf_r+0x39c>
   1843e:	e20d15e3          	bnez	s10,18268 <_vfiprintf_r+0x39c>
   18442:	4b81                	li	s7,0
   18444:	0dc10c93          	addi	s9,sp,220
   18448:	4981                	li	s3,0
   1844a:	b6ed                	j	18034 <_vfiprintf_r+0x168>
   1844c:	8352                	mv	t1,s4
   1844e:	008c0693          	addi	a3,s8,8
   18452:	04010ba3          	sb	zero,87(sp)
   18456:	000c3d03          	ld	s10,0(s8)
   1845a:	8a1a                	mv	s4,t1
   1845c:	8c36                	mv	s8,a3
   1845e:	fc085be3          	bgez	a6,18434 <_vfiprintf_r+0x568>
   18462:	46a5                	li	a3,9
   18464:	e1a6f5e3          	bgeu	a3,s10,1826e <_vfiprintf_r+0x3a2>
   18468:	ccccd737          	lui	a4,0xccccd
   1846c:	ccd70713          	addi	a4,a4,-819 # ffffffffcccccccd <__BSS_END__+0xffffffffcccb0afd>
   18470:	02071993          	slli	s3,a4,0x20
   18474:	0dc10b93          	addi	s7,sp,220
   18478:	99ba                	add	s3,s3,a4
   1847a:	865e                	mv	a2,s7
   1847c:	400a7e93          	andi	t4,s4,1024
   18480:	4581                	li	a1,0
   18482:	a809                	j	18494 <_vfiprintf_r+0x5c8>
   18484:	876a                	mv	a4,s10
   18486:	033d3d33          	mulhu	s10,s10,s3
   1848a:	8666                	mv	a2,s9
   1848c:	003d5d13          	srli	s10,s10,0x3
   18490:	02e6fe63          	bgeu	a3,a4,184cc <_vfiprintf_r+0x600>
   18494:	033d3533          	mulhu	a0,s10,s3
   18498:	2585                	addiw	a1,a1,1
   1849a:	fff60c93          	addi	s9,a2,-1
   1849e:	810d                	srli	a0,a0,0x3
   184a0:	00251713          	slli	a4,a0,0x2
   184a4:	972a                	add	a4,a4,a0
   184a6:	0706                	slli	a4,a4,0x1
   184a8:	40ed0733          	sub	a4,s10,a4
   184ac:	0307071b          	addiw	a4,a4,48
   184b0:	fee60fa3          	sb	a4,-1(a2)
   184b4:	fc0e88e3          	beqz	t4,18484 <_vfiprintf_r+0x5b8>
   184b8:	7742                	ld	a4,48(sp)
   184ba:	00074703          	lbu	a4,0(a4)
   184be:	fcb713e3          	bne	a4,a1,18484 <_vfiprintf_r+0x5b8>
   184c2:	f0170713          	addi	a4,a4,-255
   184c6:	df5d                	beqz	a4,18484 <_vfiprintf_r+0x5b8>
   184c8:	67a6e563          	bltu	a3,s10,18b32 <_vfiprintf_r+0xc66>
   184cc:	419b8bbb          	subw	s7,s7,s9
   184d0:	05714703          	lbu	a4,87(sp)
   184d4:	0008099b          	sext.w	s3,a6
   184d8:	01785463          	bge	a6,s7,184e0 <_vfiprintf_r+0x614>
   184dc:	000b899b          	sext.w	s3,s7
   184e0:	46070d63          	beqz	a4,1895a <_vfiprintf_r+0xa8e>
   184e4:	2985                	addiw	s3,s3,1
   184e6:	a995                	j	1895a <_vfiprintf_r+0xa8e>
   184e8:	6b82                	ld	s7,0(sp)
   184ea:	f042                	sd	a6,32(sp)
   184ec:	e83e                	sd	a5,16(sp)
   184ee:	855e                	mv	a0,s7
   184f0:	907fc0ef          	jal	14df6 <_localeconv_r>
   184f4:	651c                	ld	a5,8(a0)
   184f6:	853e                	mv	a0,a5
   184f8:	fc3e                	sd	a5,56(sp)
   184fa:	b2bfc0ef          	jal	15024 <strlen>
   184fe:	872a                	mv	a4,a0
   18500:	855e                	mv	a0,s7
   18502:	e0ba                	sd	a4,64(sp)
   18504:	8bba                	mv	s7,a4
   18506:	8f1fc0ef          	jal	14df6 <_localeconv_r>
   1850a:	6914                	ld	a3,16(a0)
   1850c:	000dc703          	lbu	a4,0(s11)
   18510:	67c2                	ld	a5,16(sp)
   18512:	f836                	sd	a3,48(sp)
   18514:	7802                	ld	a6,32(sp)
   18516:	5a0b8163          	beqz	s7,18ab8 <_vfiprintf_r+0xbec>
   1851a:	4a068163          	beqz	a3,189bc <_vfiprintf_r+0xaf0>
   1851e:	0006c683          	lbu	a3,0(a3)
   18522:	54068e63          	beqz	a3,18a7e <_vfiprintf_r+0xbb2>
   18526:	400a6a13          	ori	s4,s4,1024
   1852a:	cc517057          	vsetivli	zero,2,e8,mf8,ta,ma
   1852e:	b455                	j	17fd2 <_vfiprintf_r+0x106>
   18530:	000dc703          	lbu	a4,0(s11)
   18534:	080a6a13          	ori	s4,s4,128
   18538:	bc69                	j	17fd2 <_vfiprintf_r+0x106>
   1853a:	000dc703          	lbu	a4,0(s11)
   1853e:	02a00693          	li	a3,42
   18542:	001d8513          	addi	a0,s11,1
   18546:	66d70f63          	beq	a4,a3,18bc4 <_vfiprintf_r+0xcf8>
   1854a:	fd07061b          	addiw	a2,a4,-48
   1854e:	4825                	li	a6,9
   18550:	4581                	li	a1,0
   18552:	66c86063          	bltu	a6,a2,18bb2 <_vfiprintf_r+0xce6>
   18556:	0025969b          	slliw	a3,a1,0x2
   1855a:	00054703          	lbu	a4,0(a0)
   1855e:	9ead                	addw	a3,a3,a1
   18560:	0016969b          	slliw	a3,a3,0x1
   18564:	00c685bb          	addw	a1,a3,a2
   18568:	fd07061b          	addiw	a2,a4,-48
   1856c:	0505                	addi	a0,a0,1
   1856e:	fec874e3          	bgeu	a6,a2,18556 <_vfiprintf_r+0x68a>
   18572:	0005881b          	sext.w	a6,a1
   18576:	3805c663          	bltz	a1,18902 <_vfiprintf_r+0xa36>
   1857a:	8daa                	mv	s11,a0
   1857c:	bca9                	j	17fd6 <_vfiprintf_r+0x10a>
   1857e:	000dc703          	lbu	a4,0(s11)
   18582:	001a6a13          	ori	s4,s4,1
   18586:	b4b1                	j	17fd2 <_vfiprintf_r+0x106>
   18588:	05714683          	lbu	a3,87(sp)
   1858c:	000dc703          	lbu	a4,0(s11)
   18590:	a40691e3          	bnez	a3,17fd2 <_vfiprintf_r+0x106>
   18594:	02000693          	li	a3,32
   18598:	04d10ba3          	sb	a3,87(sp)
   1859c:	bc1d                	j	17fd2 <_vfiprintf_r+0x106>
   1859e:	000dc703          	lbu	a4,0(s11)
   185a2:	06800693          	li	a3,104
   185a6:	4ad70963          	beq	a4,a3,18a58 <_vfiprintf_r+0xb8c>
   185aa:	040a6a13          	ori	s4,s4,64
   185ae:	b415                	j	17fd2 <_vfiprintf_r+0x106>
   185b0:	41348d3b          	subw	s10,s1,s3
   185b4:	afa050e3          	blez	s10,18094 <_vfiprintf_r+0x1c8>
   185b8:	666d                	lui	a2,0x1b
   185ba:	d4060613          	addi	a2,a2,-704 # 1ad40 <zeroes.0>
   185be:	4f41                	li	t5,16
   185c0:	e832                	sd	a2,16(sp)
   185c2:	4f9d                	li	t6,7
   185c4:	01af4663          	blt	t5,s10,185d0 <_vfiprintf_r+0x704>
   185c8:	a091                	j	1860c <_vfiprintf_r+0x740>
   185ca:	3d41                	addiw	s10,s10,-16
   185cc:	05af5063          	bge	t5,s10,1860c <_vfiprintf_r+0x740>
   185d0:	6642                	ld	a2,16(sp)
   185d2:	06c1                	addi	a3,a3,16
   185d4:	2705                	addiw	a4,a4,1
   185d6:	e390                	sd	a2,0(a5)
   185d8:	01e7b423          	sd	t5,8(a5)
   185dc:	f8b6                	sd	a3,112(sp)
   185de:	d4ba                	sw	a4,104(sp)
   185e0:	07c1                	addi	a5,a5,16
   185e2:	feefd4e3          	bge	t6,a4,185ca <_vfiprintf_r+0x6fe>
   185e6:	6502                	ld	a0,0(sp)
   185e8:	1090                	addi	a2,sp,96
   185ea:	85ca                	mv	a1,s2
   185ec:	f042                	sd	a6,32(sp)
   185ee:	f9ffb0ef          	jal	1458c <__sprint_r>
   185f2:	b40511e3          	bnez	a0,18134 <_vfiprintf_r+0x268>
   185f6:	4f41                	li	t5,16
   185f8:	3d41                	addiw	s10,s10,-16
   185fa:	76c6                	ld	a3,112(sp)
   185fc:	5726                	lw	a4,104(sp)
   185fe:	7802                	ld	a6,32(sp)
   18600:	87d6                	mv	a5,s5
   18602:	4f9d                	li	t6,7
   18604:	cc517057          	vsetivli	zero,2,e8,mf8,ta,ma
   18608:	fdaf44e3          	blt	t5,s10,185d0 <_vfiprintf_r+0x704>
   1860c:	6642                	ld	a2,16(sp)
   1860e:	96ea                	add	a3,a3,s10
   18610:	2705                	addiw	a4,a4,1
   18612:	e390                	sd	a2,0(a5)
   18614:	01a7b423          	sd	s10,8(a5)
   18618:	f8b6                	sd	a3,112(sp)
   1861a:	d4ba                	sw	a4,104(sp)
   1861c:	461d                	li	a2,7
   1861e:	07c1                	addi	a5,a5,16
   18620:	a6e65ae3          	bge	a2,a4,18094 <_vfiprintf_r+0x1c8>
   18624:	6502                	ld	a0,0(sp)
   18626:	1090                	addi	a2,sp,96
   18628:	85ca                	mv	a1,s2
   1862a:	e842                	sd	a6,16(sp)
   1862c:	f61fb0ef          	jal	1458c <__sprint_r>
   18630:	b00512e3          	bnez	a0,18134 <_vfiprintf_r+0x268>
   18634:	6842                	ld	a6,16(sp)
   18636:	76c6                	ld	a3,112(sp)
   18638:	5726                	lw	a4,104(sp)
   1863a:	41780d3b          	subw	s10,a6,s7
   1863e:	87d6                	mv	a5,s5
   18640:	cc517057          	vsetivli	zero,2,e8,mf8,ta,ma
   18644:	a5a05ce3          	blez	s10,1809c <_vfiprintf_r+0x1d0>
   18648:	49a45163          	bge	s0,s10,18aca <_vfiprintf_r+0xbfe>
   1864c:	e85a                	sd	s6,16(sp)
   1864e:	4e9d                	li	t4,7
   18650:	a021                	j	18658 <_vfiprintf_r+0x78c>
   18652:	3d41                	addiw	s10,s10,-16
   18654:	03a45c63          	bge	s0,s10,1868c <_vfiprintf_r+0x7c0>
   18658:	06c1                	addi	a3,a3,16
   1865a:	2705                	addiw	a4,a4,1
   1865c:	0167b023          	sd	s6,0(a5)
   18660:	e780                	sd	s0,8(a5)
   18662:	f8b6                	sd	a3,112(sp)
   18664:	d4ba                	sw	a4,104(sp)
   18666:	07c1                	addi	a5,a5,16
   18668:	feeed5e3          	bge	t4,a4,18652 <_vfiprintf_r+0x786>
   1866c:	6502                	ld	a0,0(sp)
   1866e:	1090                	addi	a2,sp,96
   18670:	85ca                	mv	a1,s2
   18672:	f1bfb0ef          	jal	1458c <__sprint_r>
   18676:	aa051fe3          	bnez	a0,18134 <_vfiprintf_r+0x268>
   1867a:	3d41                	addiw	s10,s10,-16
   1867c:	76c6                	ld	a3,112(sp)
   1867e:	5726                	lw	a4,104(sp)
   18680:	87d6                	mv	a5,s5
   18682:	4e9d                	li	t4,7
   18684:	cc517057          	vsetivli	zero,2,e8,mf8,ta,ma
   18688:	fda448e3          	blt	s0,s10,18658 <_vfiprintf_r+0x78c>
   1868c:	6642                	ld	a2,16(sp)
   1868e:	96ea                	add	a3,a3,s10
   18690:	2705                	addiw	a4,a4,1
   18692:	e390                	sd	a2,0(a5)
   18694:	01a7b423          	sd	s10,8(a5)
   18698:	f8b6                	sd	a3,112(sp)
   1869a:	d4ba                	sw	a4,104(sp)
   1869c:	461d                	li	a2,7
   1869e:	07c1                	addi	a5,a5,16
   186a0:	9ee65ee3          	bge	a2,a4,1809c <_vfiprintf_r+0x1d0>
   186a4:	6502                	ld	a0,0(sp)
   186a6:	1090                	addi	a2,sp,96
   186a8:	85ca                	mv	a1,s2
   186aa:	ee3fb0ef          	jal	1458c <__sprint_r>
   186ae:	a80513e3          	bnez	a0,18134 <_vfiprintf_r+0x268>
   186b2:	76c6                	ld	a3,112(sp)
   186b4:	5726                	lw	a4,104(sp)
   186b6:	87d6                	mv	a5,s5
   186b8:	cc517057          	vsetivli	zero,2,e8,mf8,ta,ma
   186bc:	b2c5                	j	1809c <_vfiprintf_r+0x1d0>
   186be:	6502                	ld	a0,0(sp)
   186c0:	1090                	addi	a2,sp,96
   186c2:	85ca                	mv	a1,s2
   186c4:	ec9fb0ef          	jal	1458c <__sprint_r>
   186c8:	a60516e3          	bnez	a0,18134 <_vfiprintf_r+0x268>
   186cc:	76c6                	ld	a3,112(sp)
   186ce:	87d6                	mv	a5,s5
   186d0:	cc517057          	vsetivli	zero,2,e8,mf8,ta,ma
   186d4:	b2c5                	j	180b4 <_vfiprintf_r+0x1e8>
   186d6:	6502                	ld	a0,0(sp)
   186d8:	1090                	addi	a2,sp,96
   186da:	85ca                	mv	a1,s2
   186dc:	eb1fb0ef          	jal	1458c <__sprint_r>
   186e0:	a4051ae3          	bnez	a0,18134 <_vfiprintf_r+0x268>
   186e4:	cc517057          	vsetivli	zero,2,e8,mf8,ta,ma
   186e8:	b2fd                	j	180d6 <_vfiprintf_r+0x20a>
   186ea:	6502                	ld	a0,0(sp)
   186ec:	1090                	addi	a2,sp,96
   186ee:	85ca                	mv	a1,s2
   186f0:	f042                	sd	a6,32(sp)
   186f2:	e87a                	sd	t5,16(sp)
   186f4:	e99fb0ef          	jal	1458c <__sprint_r>
   186f8:	a2051ee3          	bnez	a0,18134 <_vfiprintf_r+0x268>
   186fc:	76c6                	ld	a3,112(sp)
   186fe:	5726                	lw	a4,104(sp)
   18700:	7802                	ld	a6,32(sp)
   18702:	6f42                	ld	t5,16(sp)
   18704:	87d6                	mv	a5,s5
   18706:	cc517057          	vsetivli	zero,2,e8,mf8,ta,ma
   1870a:	b249                	j	1808c <_vfiprintf_r+0x1c0>
   1870c:	6502                	ld	a0,0(sp)
   1870e:	1090                	addi	a2,sp,96
   18710:	85ca                	mv	a1,s2
   18712:	f042                	sd	a6,32(sp)
   18714:	e87a                	sd	t5,16(sp)
   18716:	e77fb0ef          	jal	1458c <__sprint_r>
   1871a:	a0051de3          	bnez	a0,18134 <_vfiprintf_r+0x268>
   1871e:	76c6                	ld	a3,112(sp)
   18720:	5726                	lw	a4,104(sp)
   18722:	7802                	ld	a6,32(sp)
   18724:	6f42                	ld	t5,16(sp)
   18726:	87d6                	mv	a5,s5
   18728:	cc517057          	vsetivli	zero,2,e8,mf8,ta,ma
   1872c:	b291                	j	18070 <_vfiprintf_r+0x1a4>
   1872e:	6f6d                	lui	t5,0x1b
   18730:	4d41                	li	s10,16
   18732:	5726                	lw	a4,104(sp)
   18734:	d50f0f13          	addi	t5,t5,-688 # 1ad50 <blanks.1>
   18738:	4a1d                	li	s4,7
   1873a:	017d4663          	blt	s10,s7,18746 <_vfiprintf_r+0x87a>
   1873e:	a081                	j	1877e <_vfiprintf_r+0x8b2>
   18740:	3bc1                	addiw	s7,s7,-16
   18742:	037d5e63          	bge	s10,s7,1877e <_vfiprintf_r+0x8b2>
   18746:	06c1                	addi	a3,a3,16
   18748:	2705                	addiw	a4,a4,1
   1874a:	01e7b023          	sd	t5,0(a5)
   1874e:	01a7b423          	sd	s10,8(a5)
   18752:	f8b6                	sd	a3,112(sp)
   18754:	d4ba                	sw	a4,104(sp)
   18756:	07c1                	addi	a5,a5,16
   18758:	feea54e3          	bge	s4,a4,18740 <_vfiprintf_r+0x874>
   1875c:	6502                	ld	a0,0(sp)
   1875e:	1090                	addi	a2,sp,96
   18760:	85ca                	mv	a1,s2
   18762:	e87a                	sd	t5,16(sp)
   18764:	e29fb0ef          	jal	1458c <__sprint_r>
   18768:	9c0516e3          	bnez	a0,18134 <_vfiprintf_r+0x268>
   1876c:	3bc1                	addiw	s7,s7,-16
   1876e:	76c6                	ld	a3,112(sp)
   18770:	5726                	lw	a4,104(sp)
   18772:	6f42                	ld	t5,16(sp)
   18774:	87d6                	mv	a5,s5
   18776:	cc517057          	vsetivli	zero,2,e8,mf8,ta,ma
   1877a:	fd7d46e3          	blt	s10,s7,18746 <_vfiprintf_r+0x87a>
   1877e:	96de                	add	a3,a3,s7
   18780:	2705                	addiw	a4,a4,1
   18782:	01e7b023          	sd	t5,0(a5)
   18786:	0177b423          	sd	s7,8(a5)
   1878a:	f8b6                	sd	a3,112(sp)
   1878c:	d4ba                	sw	a4,104(sp)
   1878e:	479d                	li	a5,7
   18790:	92e7dae3          	bge	a5,a4,180c4 <_vfiprintf_r+0x1f8>
   18794:	6502                	ld	a0,0(sp)
   18796:	1090                	addi	a2,sp,96
   18798:	85ca                	mv	a1,s2
   1879a:	df3fb0ef          	jal	1458c <__sprint_r>
   1879e:	98051be3          	bnez	a0,18134 <_vfiprintf_r+0x268>
   187a2:	76c6                	ld	a3,112(sp)
   187a4:	cc517057          	vsetivli	zero,2,e8,mf8,ta,ma
   187a8:	ba31                	j	180c4 <_vfiprintf_r+0x1f8>
   187aa:	0dc10b93          	addi	s7,sp,220
   187ae:	8cde                	mv	s9,s7
   187b0:	0076f713          	andi	a4,a3,7
   187b4:	8666                	mv	a2,s9
   187b6:	03070713          	addi	a4,a4,48
   187ba:	828d                	srli	a3,a3,0x3
   187bc:	feec8fa3          	sb	a4,-1(s9)
   187c0:	1cfd                	addi	s9,s9,-1
   187c2:	f6fd                	bnez	a3,187b0 <_vfiprintf_r+0x8e4>
   187c4:	fd070713          	addi	a4,a4,-48
   187c8:	03000693          	li	a3,48
   187cc:	c701                	beqz	a4,187d4 <_vfiprintf_r+0x908>
   187ce:	001a7713          	andi	a4,s4,1
   187d2:	e369                	bnez	a4,18894 <_vfiprintf_r+0x9c8>
   187d4:	419b8bbb          	subw	s7,s7,s9
   187d8:	0008099b          	sext.w	s3,a6
   187dc:	85785ce3          	bge	a6,s7,18034 <_vfiprintf_r+0x168>
   187e0:	000b899b          	sext.w	s3,s7
   187e4:	b881                	j	18034 <_vfiprintf_r+0x168>
   187e6:	f402                	sd	zero,40(sp)
   187e8:	6f6d                	lui	t5,0x1b
   187ea:	4fc1                	li	t6,16
   187ec:	86ae                	mv	a3,a1
   187ee:	8732                	mv	a4,a2
   187f0:	d50f0f13          	addi	t5,t5,-688 # 1ad50 <blanks.1>
   187f4:	429d                	li	t0,7
   187f6:	01afc663          	blt	t6,s10,18802 <_vfiprintf_r+0x936>
   187fa:	a0a1                	j	18842 <_vfiprintf_r+0x976>
   187fc:	3d41                	addiw	s10,s10,-16
   187fe:	05afd263          	bge	t6,s10,18842 <_vfiprintf_r+0x976>
   18802:	06c1                	addi	a3,a3,16
   18804:	2705                	addiw	a4,a4,1
   18806:	01e7b023          	sd	t5,0(a5)
   1880a:	01f7b423          	sd	t6,8(a5)
   1880e:	f8b6                	sd	a3,112(sp)
   18810:	d4ba                	sw	a4,104(sp)
   18812:	07c1                	addi	a5,a5,16
   18814:	fee2d4e3          	bge	t0,a4,187fc <_vfiprintf_r+0x930>
   18818:	6502                	ld	a0,0(sp)
   1881a:	1090                	addi	a2,sp,96
   1881c:	85ca                	mv	a1,s2
   1881e:	f07a                	sd	t5,32(sp)
   18820:	e842                	sd	a6,16(sp)
   18822:	d6bfb0ef          	jal	1458c <__sprint_r>
   18826:	900517e3          	bnez	a0,18134 <_vfiprintf_r+0x268>
   1882a:	4fc1                	li	t6,16
   1882c:	3d41                	addiw	s10,s10,-16
   1882e:	76c6                	ld	a3,112(sp)
   18830:	5726                	lw	a4,104(sp)
   18832:	7f02                	ld	t5,32(sp)
   18834:	6842                	ld	a6,16(sp)
   18836:	87d6                	mv	a5,s5
   18838:	429d                	li	t0,7
   1883a:	cc517057          	vsetivli	zero,2,e8,mf8,ta,ma
   1883e:	fdafc2e3          	blt	t6,s10,18802 <_vfiprintf_r+0x936>
   18842:	96ea                	add	a3,a3,s10
   18844:	2705                	addiw	a4,a4,1
   18846:	f8b6                	sd	a3,112(sp)
   18848:	d4ba                	sw	a4,104(sp)
   1884a:	01e7b023          	sd	t5,0(a5)
   1884e:	01a7b423          	sd	s10,8(a5)
   18852:	461d                	li	a2,7
   18854:	1ae64063          	blt	a2,a4,189f4 <_vfiprintf_r+0xb28>
   18858:	05714603          	lbu	a2,87(sp)
   1885c:	07c1                	addi	a5,a5,16
   1885e:	ea05                	bnez	a2,1888e <_vfiprintf_r+0x9c2>
   18860:	7622                	ld	a2,40(sp)
   18862:	820609e3          	beqz	a2,18094 <_vfiprintf_r+0x1c8>
   18866:	4f01                	li	t5,0
   18868:	80dff06f          	j	18074 <_vfiprintf_r+0x1a8>
   1886c:	000dc703          	lbu	a4,0(s11)
   18870:	0c21                	addi	s8,s8,8
   18872:	f60ff06f          	j	17fd2 <_vfiprintf_r+0x106>
   18876:	4b81                	li	s7,0
   18878:	4801                	li	a6,0
   1887a:	0dc10c93          	addi	s9,sp,220
   1887e:	fb6ff06f          	j	18034 <_vfiprintf_r+0x168>
   18882:	0017099b          	addiw	s3,a4,1
   18886:	4b85                	li	s7,1
   18888:	0db10c93          	addi	s9,sp,219
   1888c:	ba05                	j	181bc <_vfiprintf_r+0x2f0>
   1888e:	4f01                	li	t5,0
   18890:	fc6ff06f          	j	18056 <_vfiprintf_r+0x18a>
   18894:	1679                	addi	a2,a2,-2
   18896:	40cb8bbb          	subw	s7,s7,a2
   1889a:	fedc8fa3          	sb	a3,-1(s9)
   1889e:	000b899b          	sext.w	s3,s7
   188a2:	010bd463          	bge	s7,a6,188aa <_vfiprintf_r+0x9de>
   188a6:	0008099b          	sext.w	s3,a6
   188aa:	8cb2                	mv	s9,a2
   188ac:	f88ff06f          	j	18034 <_vfiprintf_r+0x168>
   188b0:	008c0713          	addi	a4,s8,8
   188b4:	000c3683          	ld	a3,0(s8)
   188b8:	8a1a                	mv	s4,t1
   188ba:	8c3a                	mv	s8,a4
   188bc:	8d36                	mv	s10,a3
   188be:	b8e1                	j	18196 <_vfiprintf_r+0x2ca>
   188c0:	89d2                	mv	s3,s4
   188c2:	be31                	j	183de <_vfiprintf_r+0x512>
   188c4:	6669                	lui	a2,0x1a
   188c6:	002a6a13          	ori	s4,s4,2
   188ca:	8c3a                	mv	s8,a4
   188cc:	55060613          	addi	a2,a2,1360 # 1a550 <__clzdi2+0x13e>
   188d0:	4589                	li	a1,2
   188d2:	0dc10b93          	addi	s7,sp,220
   188d6:	8cde                	mv	s9,s7
   188d8:	00f6f713          	andi	a4,a3,15
   188dc:	9732                	add	a4,a4,a2
   188de:	00074703          	lbu	a4,0(a4)
   188e2:	8291                	srli	a3,a3,0x4
   188e4:	1cfd                	addi	s9,s9,-1
   188e6:	00ec8023          	sb	a4,0(s9)
   188ea:	f6fd                	bnez	a3,188d8 <_vfiprintf_r+0xa0c>
   188ec:	419b8bbb          	subw	s7,s7,s9
   188f0:	0008099b          	sext.w	s3,a6
   188f4:	01785463          	bge	a6,s7,188fc <_vfiprintf_r+0xa30>
   188f8:	000b899b          	sext.w	s3,s7
   188fc:	a40597e3          	bnez	a1,1834a <_vfiprintf_r+0x47e>
   18900:	a8a9                	j	1895a <_vfiprintf_r+0xa8e>
   18902:	587d                	li	a6,-1
   18904:	8daa                	mv	s11,a0
   18906:	ed0ff06f          	j	17fd6 <_vfiprintf_r+0x10a>
   1890a:	6669                	lui	a2,0x1a
   1890c:	020a7693          	andi	a3,s4,32
   18910:	56860613          	addi	a2,a2,1384 # 1a568 <__clzdi2+0x156>
   18914:	008c0e13          	addi	t3,s8,8
   18918:	eaa5                	bnez	a3,18988 <_vfiprintf_r+0xabc>
   1891a:	010a7693          	andi	a3,s4,16
   1891e:	e6ad                	bnez	a3,18988 <_vfiprintf_r+0xabc>
   18920:	040a7593          	andi	a1,s4,64
   18924:	000c2683          	lw	a3,0(s8)
   18928:	18058263          	beqz	a1,18aac <_vfiprintf_r+0xbe0>
   1892c:	16c2                	slli	a3,a3,0x30
   1892e:	92c1                	srli	a3,a3,0x30
   18930:	001a7593          	andi	a1,s4,1
   18934:	00d03533          	snez	a0,a3
   18938:	c191                	beqz	a1,1893c <_vfiprintf_r+0xa70>
   1893a:	e17d                	bnez	a0,18a20 <_vfiprintf_r+0xb54>
   1893c:	04010ba3          	sb	zero,87(sp)
   18940:	0a084563          	bltz	a6,189ea <_vfiprintf_r+0xb1e>
   18944:	b7fa7a13          	andi	s4,s4,-1153
   18948:	8c72                	mv	s8,t3
   1894a:	26081b63          	bnez	a6,18bc0 <_vfiprintf_r+0xcf4>
   1894e:	26051963          	bnez	a0,18bc0 <_vfiprintf_r+0xcf4>
   18952:	4b81                	li	s7,0
   18954:	0dc10c93          	addi	s9,sp,220
   18958:	4981                	li	s3,0
   1895a:	76c6                	ld	a3,112(sp)
   1895c:	5726                	lw	a4,104(sp)
   1895e:	084a7f13          	andi	t5,s4,132
   18962:	85b6                	mv	a1,a3
   18964:	863a                	mv	a2,a4
   18966:	ec0f0f63          	beqz	t5,18044 <_vfiprintf_r+0x178>
   1896a:	05714603          	lbu	a2,87(sp)
   1896e:	f402                	sd	zero,40(sp)
   18970:	ee061363          	bnez	a2,18056 <_vfiprintf_r+0x18a>
   18974:	f18ff06f          	j	1808c <_vfiprintf_r+0x1c0>
   18978:	6669                	lui	a2,0x1a
   1897a:	020a7693          	andi	a3,s4,32
   1897e:	55060613          	addi	a2,a2,1360 # 1a550 <__clzdi2+0x13e>
   18982:	008c0e13          	addi	t3,s8,8
   18986:	dad1                	beqz	a3,1891a <_vfiprintf_r+0xa4e>
   18988:	000c3683          	ld	a3,0(s8)
   1898c:	b755                	j	18930 <_vfiprintf_r+0xa64>
   1898e:	8566                	mv	a0,s9
   18990:	e83e                	sd	a5,16(sp)
   18992:	e92fc0ef          	jal	15024 <strlen>
   18996:	00050b9b          	sext.w	s7,a0
   1899a:	67c2                	ld	a5,16(sp)
   1899c:	875e                	mv	a4,s7
   1899e:	000bd363          	bgez	s7,189a4 <_vfiprintf_r+0xad8>
   189a2:	4701                	li	a4,0
   189a4:	05714683          	lbu	a3,87(sp)
   189a8:	0007099b          	sext.w	s3,a4
   189ac:	ce91                	beqz	a3,189c8 <_vfiprintf_r+0xafc>
   189ae:	0017099b          	addiw	s3,a4,1
   189b2:	4801                	li	a6,0
   189b4:	cc517057          	vsetivli	zero,2,e8,mf8,ta,ma
   189b8:	805ff06f          	j	181bc <_vfiprintf_r+0x2f0>
   189bc:	cc517057          	vsetivli	zero,2,e8,mf8,ta,ma
   189c0:	e12ff06f          	j	17fd2 <_vfiprintf_r+0x106>
   189c4:	8bc2                	mv	s7,a6
   189c6:	89c2                	mv	s3,a6
   189c8:	4801                	li	a6,0
   189ca:	cc517057          	vsetivli	zero,2,e8,mf8,ta,ma
   189ce:	e66ff06f          	j	18034 <_vfiprintf_r+0x168>
   189d2:	200a7693          	andi	a3,s4,512
   189d6:	04010ba3          	sb	zero,87(sp)
   189da:	12068d63          	beqz	a3,18b14 <_vfiprintf_r+0xc48>
   189de:	0ffd7d13          	zext.b	s10,s10
   189e2:	900852e3          	bgez	a6,182e6 <_vfiprintf_r+0x41a>
   189e6:	8c3a                	mv	s8,a4
   189e8:	b041                	j	18268 <_vfiprintf_r+0x39c>
   189ea:	bffa7a13          	andi	s4,s4,-1025
   189ee:	8c72                	mv	s8,t3
   189f0:	4581                	li	a1,0
   189f2:	b5c5                	j	188d2 <_vfiprintf_r+0xa06>
   189f4:	6502                	ld	a0,0(sp)
   189f6:	1090                	addi	a2,sp,96
   189f8:	85ca                	mv	a1,s2
   189fa:	e842                	sd	a6,16(sp)
   189fc:	b91fb0ef          	jal	1458c <__sprint_r>
   18a00:	8f2a                	mv	t5,a0
   18a02:	f2051963          	bnez	a0,18134 <_vfiprintf_r+0x268>
   18a06:	05714783          	lbu	a5,87(sp)
   18a0a:	76c6                	ld	a3,112(sp)
   18a0c:	5726                	lw	a4,104(sp)
   18a0e:	6842                	ld	a6,16(sp)
   18a10:	ebc5                	bnez	a5,18ac0 <_vfiprintf_r+0xbf4>
   18a12:	77a2                	ld	a5,40(sp)
   18a14:	cbf1                	beqz	a5,18ae8 <_vfiprintf_r+0xc1c>
   18a16:	87d6                	mv	a5,s5
   18a18:	cc517057          	vsetivli	zero,2,e8,mf8,ta,ma
   18a1c:	e58ff06f          	j	18074 <_vfiprintf_r+0x1a8>
   18a20:	04e10ca3          	sb	a4,89(sp)
   18a24:	03000713          	li	a4,48
   18a28:	04010ba3          	sb	zero,87(sp)
   18a2c:	04e10c23          	sb	a4,88(sp)
   18a30:	0a084263          	bltz	a6,18ad4 <_vfiprintf_r+0xc08>
   18a34:	b7fa7313          	andi	t1,s4,-1153
   18a38:	00236a13          	ori	s4,t1,2
   18a3c:	8c72                	mv	s8,t3
   18a3e:	4589                	li	a1,2
   18a40:	bd49                	j	188d2 <_vfiprintf_r+0xa06>
   18a42:	fc5f80ef          	jal	11a06 <__sinit>
   18a46:	ca0ff06f          	j	17ee6 <_vfiprintf_r+0x1a>
   18a4a:	001dc703          	lbu	a4,1(s11)
   18a4e:	020a6a13          	ori	s4,s4,32
   18a52:	0d85                	addi	s11,s11,1
   18a54:	d7eff06f          	j	17fd2 <_vfiprintf_r+0x106>
   18a58:	001dc703          	lbu	a4,1(s11)
   18a5c:	200a6a13          	ori	s4,s4,512
   18a60:	0d85                	addi	s11,s11,1
   18a62:	d70ff06f          	j	17fd2 <_vfiprintf_r+0x106>
   18a66:	4719                	li	a4,6
   18a68:	0008099b          	sext.w	s3,a6
   18a6c:	07076b63          	bltu	a4,a6,18ae2 <_vfiprintf_r+0xc16>
   18a70:	6e69                	lui	t3,0x1a
   18a72:	8bce                	mv	s7,s3
   18a74:	580e0c93          	addi	s9,t3,1408 # 1a580 <__clzdi2+0x16e>
   18a78:	4801                	li	a6,0
   18a7a:	dbaff06f          	j	18034 <_vfiprintf_r+0x168>
   18a7e:	cc517057          	vsetivli	zero,2,e8,mf8,ta,ma
   18a82:	d50ff06f          	j	17fd2 <_vfiprintf_r+0x106>
   18a86:	200a7693          	andi	a3,s4,512
   18a8a:	c2c9                	beqz	a3,18b0c <_vfiprintf_r+0xc40>
   18a8c:	018d1d1b          	slliw	s10,s10,0x18
   18a90:	418d5d1b          	sraiw	s10,s10,0x18
   18a94:	8c3a                	mv	s8,a4
   18a96:	86ea                	mv	a3,s10
   18a98:	efeff06f          	j	18196 <_vfiprintf_r+0x2ca>
   18a9c:	200a7613          	andi	a2,s4,512
   18aa0:	c22d                	beqz	a2,18b02 <_vfiprintf_r+0xc36>
   18aa2:	0ff6f693          	zext.b	a3,a3
   18aa6:	8c3a                	mv	s8,a4
   18aa8:	89d2                	mv	s3,s4
   18aaa:	ba2d                	j	183e4 <_vfiprintf_r+0x518>
   18aac:	200a7593          	andi	a1,s4,512
   18ab0:	c5b1                	beqz	a1,18afc <_vfiprintf_r+0xc30>
   18ab2:	0ff6f693          	zext.b	a3,a3
   18ab6:	bdad                	j	18930 <_vfiprintf_r+0xa64>
   18ab8:	cc517057          	vsetivli	zero,2,e8,mf8,ta,ma
   18abc:	d16ff06f          	j	17fd2 <_vfiprintf_r+0x106>
   18ac0:	87d6                	mv	a5,s5
   18ac2:	cc517057          	vsetivli	zero,2,e8,mf8,ta,ma
   18ac6:	d90ff06f          	j	18056 <_vfiprintf_r+0x18a>
   18aca:	666d                	lui	a2,0x1b
   18acc:	d4060613          	addi	a2,a2,-704 # 1ad40 <zeroes.0>
   18ad0:	e832                	sd	a2,16(sp)
   18ad2:	be6d                	j	1868c <_vfiprintf_r+0x7c0>
   18ad4:	bffa7313          	andi	t1,s4,-1025
   18ad8:	00236a13          	ori	s4,t1,2
   18adc:	8c72                	mv	s8,t3
   18ade:	4589                	li	a1,2
   18ae0:	bbcd                	j	188d2 <_vfiprintf_r+0xa06>
   18ae2:	0007099b          	sext.w	s3,a4
   18ae6:	b769                	j	18a70 <_vfiprintf_r+0xba4>
   18ae8:	87d6                	mv	a5,s5
   18aea:	cc517057          	vsetivli	zero,2,e8,mf8,ta,ma
   18aee:	da6ff06f          	j	18094 <_vfiprintf_r+0x1c8>
   18af2:	6722                	ld	a4,8(sp)
   18af4:	00e69023          	sh	a4,0(a3)
   18af8:	c6aff06f          	j	17f62 <_vfiprintf_r+0x96>
   18afc:	1682                	slli	a3,a3,0x20
   18afe:	9281                	srli	a3,a3,0x20
   18b00:	bd05                	j	18930 <_vfiprintf_r+0xa64>
   18b02:	1682                	slli	a3,a3,0x20
   18b04:	9281                	srli	a3,a3,0x20
   18b06:	8c3a                	mv	s8,a4
   18b08:	89d2                	mv	s3,s4
   18b0a:	b8e9                	j	183e4 <_vfiprintf_r+0x518>
   18b0c:	8c3a                	mv	s8,a4
   18b0e:	86ea                	mv	a3,s10
   18b10:	e86ff06f          	j	18196 <_vfiprintf_r+0x2ca>
   18b14:	1d02                	slli	s10,s10,0x20
   18b16:	020d5d13          	srli	s10,s10,0x20
   18b1a:	fc085663          	bgez	a6,182e6 <_vfiprintf_r+0x41a>
   18b1e:	8c3a                	mv	s8,a4
   18b20:	f48ff06f          	j	18268 <_vfiprintf_r+0x39c>
   18b24:	6502                	ld	a0,0(sp)
   18b26:	1090                	addi	a2,sp,96
   18b28:	85ca                	mv	a1,s2
   18b2a:	a63fb0ef          	jal	1458c <__sprint_r>
   18b2e:	e06ff06f          	j	18134 <_vfiprintf_r+0x268>
   18b32:	6606                	ld	a2,64(sp)
   18b34:	75e2                	ld	a1,56(sp)
   18b36:	e4f6                	sd	t4,72(sp)
   18b38:	40cc8733          	sub	a4,s9,a2
   18b3c:	853a                	mv	a0,a4
   18b3e:	f442                	sd	a6,40(sp)
   18b40:	f03e                	sd	a5,32(sp)
   18b42:	e83a                	sd	a4,16(sp)
   18b44:	a20fc0ef          	jal	14d64 <strncpy>
   18b48:	ccccd5b7          	lui	a1,0xccccd
   18b4c:	ccd58593          	addi	a1,a1,-819 # ffffffffcccccccd <__BSS_END__+0xffffffffcccb0afd>
   18b50:	02059613          	slli	a2,a1,0x20
   18b54:	962e                	add	a2,a2,a1
   18b56:	02cd3d33          	mulhu	s10,s10,a2
   18b5a:	77c2                	ld	a5,48(sp)
   18b5c:	6742                	ld	a4,16(sp)
   18b5e:	7822                	ld	a6,40(sp)
   18b60:	0017c583          	lbu	a1,1(a5)
   18b64:	6ea6                	ld	t4,72(sp)
   18b66:	fff70c93          	addi	s9,a4,-1
   18b6a:	00b035b3          	snez	a1,a1
   18b6e:	97ae                	add	a5,a5,a1
   18b70:	f83e                	sd	a5,48(sp)
   18b72:	003d5d13          	srli	s10,s10,0x3
   18b76:	02cd3633          	mulhu	a2,s10,a2
   18b7a:	7782                	ld	a5,32(sp)
   18b7c:	4585                	li	a1,1
   18b7e:	46a5                	li	a3,9
   18b80:	cc517057          	vsetivli	zero,2,e8,mf8,ta,ma
   18b84:	00365513          	srli	a0,a2,0x3
   18b88:	00251613          	slli	a2,a0,0x2
   18b8c:	962a                	add	a2,a2,a0
   18b8e:	0606                	slli	a2,a2,0x1
   18b90:	40cd0633          	sub	a2,s10,a2
   18b94:	0306061b          	addiw	a2,a2,48
   18b98:	fec70fa3          	sb	a2,-1(a4)
   18b9c:	ba31                	j	184b8 <_vfiprintf_r+0x5ec>
   18b9e:	e20703e3          	beqz	a4,189c4 <_vfiprintf_r+0xaf8>
   18ba2:	0018099b          	addiw	s3,a6,1
   18ba6:	8bc2                	mv	s7,a6
   18ba8:	cc517057          	vsetivli	zero,2,e8,mf8,ta,ma
   18bac:	4801                	li	a6,0
   18bae:	e0eff06f          	j	181bc <_vfiprintf_r+0x2f0>
   18bb2:	8daa                	mv	s11,a0
   18bb4:	4801                	li	a6,0
   18bb6:	c20ff06f          	j	17fd6 <_vfiprintf_r+0x10a>
   18bba:	c298                	sw	a4,0(a3)
   18bbc:	ba6ff06f          	j	17f62 <_vfiprintf_r+0x96>
   18bc0:	4581                	li	a1,0
   18bc2:	bb01                	j	188d2 <_vfiprintf_r+0xa06>
   18bc4:	000c2703          	lw	a4,0(s8)
   18bc8:	0c21                	addi	s8,s8,8
   18bca:	0007081b          	sext.w	a6,a4
   18bce:	00075363          	bgez	a4,18bd4 <_vfiprintf_r+0xd08>
   18bd2:	587d                	li	a6,-1
   18bd4:	001dc703          	lbu	a4,1(s11)
   18bd8:	8daa                	mv	s11,a0
   18bda:	bf8ff06f          	j	17fd2 <_vfiprintf_r+0x106>
   18bde:	6669                	lui	a2,0x1a
   18be0:	8c3a                	mv	s8,a4
   18be2:	55060613          	addi	a2,a2,1360 # 1a550 <__clzdi2+0x13e>
   18be6:	4589                	li	a1,2
   18be8:	b1ed                	j	188d2 <_vfiprintf_r+0xa06>
   18bea:	8352                	mv	t1,s4
   18bec:	b1e1                	j	188b4 <_vfiprintf_r+0x9e8>
   18bee:	8352                	mv	t1,s4
   18bf0:	833ff06f          	j	18422 <_vfiprintf_r+0x556>

0000000000018bf4 <vfiprintf>:
   18bf4:	872a                	mv	a4,a0
   18bf6:	2281b503          	ld	a0,552(gp) # 1bbf8 <_impure_ptr>
   18bfa:	86b2                	mv	a3,a2
   18bfc:	862e                	mv	a2,a1
   18bfe:	85ba                	mv	a1,a4
   18c00:	accff06f          	j	17ecc <_vfiprintf_r>

0000000000018c04 <__sbprintf>:
   18c04:	0105d783          	lhu	a5,16(a1)
   18c08:	0ac5ae83          	lw	t4,172(a1)
   18c0c:	0125de03          	lhu	t3,18(a1)
   18c10:	0305b303          	ld	t1,48(a1)
   18c14:	0405b883          	ld	a7,64(a1)
   18c18:	b2010113          	addi	sp,sp,-1248
   18c1c:	9bf5                	andi	a5,a5,-3
   18c1e:	0c010813          	addi	a6,sp,192
   18c22:	40000713          	li	a4,1024
   18c26:	4c813823          	sd	s0,1232(sp)
   18c2a:	842e                	mv	s0,a1
   18c2c:	080c                	addi	a1,sp,16
   18c2e:	4c913423          	sd	s1,1224(sp)
   18c32:	02f11023          	sh	a5,32(sp)
   18c36:	4c113c23          	sd	ra,1240(sp)
   18c3a:	dc02                	sw	zero,56(sp)
   18c3c:	df76                	sw	t4,188(sp)
   18c3e:	03c11123          	sh	t3,34(sp)
   18c42:	e09a                	sd	t1,64(sp)
   18c44:	e8c6                	sd	a7,80(sp)
   18c46:	e842                	sd	a6,16(sp)
   18c48:	f442                	sd	a6,40(sp)
   18c4a:	ce3a                	sw	a4,28(sp)
   18c4c:	d83a                	sw	a4,48(sp)
   18c4e:	84aa                	mv	s1,a0
   18c50:	a7cff0ef          	jal	17ecc <_vfiprintf_r>
   18c54:	87aa                	mv	a5,a0
   18c56:	02055763          	bgez	a0,18c84 <__sbprintf+0x80>
   18c5a:	02015703          	lhu	a4,32(sp)
   18c5e:	04077713          	andi	a4,a4,64
   18c62:	c719                	beqz	a4,18c70 <__sbprintf+0x6c>
   18c64:	01045703          	lhu	a4,16(s0)
   18c68:	04076713          	ori	a4,a4,64
   18c6c:	00e41823          	sh	a4,16(s0)
   18c70:	4d813083          	ld	ra,1240(sp)
   18c74:	4d013403          	ld	s0,1232(sp)
   18c78:	4c813483          	ld	s1,1224(sp)
   18c7c:	853e                	mv	a0,a5
   18c7e:	4e010113          	addi	sp,sp,1248
   18c82:	8082                	ret
   18c84:	e42a                	sd	a0,8(sp)
   18c86:	080c                	addi	a1,sp,16
   18c88:	8526                	mv	a0,s1
   18c8a:	b73fb0ef          	jal	147fc <_fflush_r>
   18c8e:	67a2                	ld	a5,8(sp)
   18c90:	d569                	beqz	a0,18c5a <__sbprintf+0x56>
   18c92:	57fd                	li	a5,-1
   18c94:	b7d9                	j	18c5a <__sbprintf+0x56>

0000000000018c96 <abort>:
   18c96:	1141                	addi	sp,sp,-16
   18c98:	4519                	li	a0,6
   18c9a:	e406                	sd	ra,8(sp)
   18c9c:	184000ef          	jal	18e20 <raise>
   18ca0:	4505                	li	a0,1
   18ca2:	376000ef          	jal	19018 <_exit>

0000000000018ca6 <_init_signal_r>:
   18ca6:	15053703          	ld	a4,336(a0)
   18caa:	c319                	beqz	a4,18cb0 <_init_signal_r+0xa>
   18cac:	4501                	li	a0,0
   18cae:	8082                	ret
   18cb0:	1101                	addi	sp,sp,-32
   18cb2:	10000593          	li	a1,256
   18cb6:	ec06                	sd	ra,24(sp)
   18cb8:	e42a                	sd	a0,8(sp)
   18cba:	fddf70ef          	jal	10c96 <_malloc_r>
   18cbe:	67a2                	ld	a5,8(sp)
   18cc0:	14a7b823          	sd	a0,336(a5)
   18cc4:	cd01                	beqz	a0,18cdc <_init_signal_r+0x36>
   18cc6:	10050793          	addi	a5,a0,256
   18cca:	00053023          	sd	zero,0(a0)
   18cce:	0521                	addi	a0,a0,8
   18cd0:	fef51de3          	bne	a0,a5,18cca <_init_signal_r+0x24>
   18cd4:	4501                	li	a0,0
   18cd6:	60e2                	ld	ra,24(sp)
   18cd8:	6105                	addi	sp,sp,32
   18cda:	8082                	ret
   18cdc:	557d                	li	a0,-1
   18cde:	bfe5                	j	18cd6 <_init_signal_r+0x30>

0000000000018ce0 <_signal_r>:
   18ce0:	477d                	li	a4,31
   18ce2:	00b76a63          	bltu	a4,a1,18cf6 <_signal_r+0x16>
   18ce6:	15053703          	ld	a4,336(a0)
   18cea:	cb11                	beqz	a4,18cfe <_signal_r+0x1e>
   18cec:	058e                	slli	a1,a1,0x3
   18cee:	972e                	add	a4,a4,a1
   18cf0:	6308                	ld	a0,0(a4)
   18cf2:	e310                	sd	a2,0(a4)
   18cf4:	8082                	ret
   18cf6:	4759                	li	a4,22
   18cf8:	c118                	sw	a4,0(a0)
   18cfa:	557d                	li	a0,-1
   18cfc:	8082                	ret
   18cfe:	7179                	addi	sp,sp,-48
   18d00:	e42e                	sd	a1,8(sp)
   18d02:	10000593          	li	a1,256
   18d06:	e832                	sd	a2,16(sp)
   18d08:	f406                	sd	ra,40(sp)
   18d0a:	ec2a                	sd	a0,24(sp)
   18d0c:	f8bf70ef          	jal	10c96 <_malloc_r>
   18d10:	66e2                	ld	a3,24(sp)
   18d12:	872a                	mv	a4,a0
   18d14:	10050593          	addi	a1,a0,256
   18d18:	14a6b823          	sd	a0,336(a3)
   18d1c:	67a2                	ld	a5,8(sp)
   18d1e:	86aa                	mv	a3,a0
   18d20:	6642                	ld	a2,16(sp)
   18d22:	557d                	li	a0,-1
   18d24:	cb19                	beqz	a4,18d3a <_signal_r+0x5a>
   18d26:	0006b023          	sd	zero,0(a3)
   18d2a:	06a1                	addi	a3,a3,8
   18d2c:	feb69de3          	bne	a3,a1,18d26 <_signal_r+0x46>
   18d30:	00379593          	slli	a1,a5,0x3
   18d34:	972e                	add	a4,a4,a1
   18d36:	6308                	ld	a0,0(a4)
   18d38:	e310                	sd	a2,0(a4)
   18d3a:	70a2                	ld	ra,40(sp)
   18d3c:	6145                	addi	sp,sp,48
   18d3e:	8082                	ret

0000000000018d40 <_raise_r>:
   18d40:	47fd                	li	a5,31
   18d42:	04b7ec63          	bltu	a5,a1,18d9a <_raise_r+0x5a>
   18d46:	15053783          	ld	a5,336(a0)
   18d4a:	1101                	addi	sp,sp,-32
   18d4c:	ec06                	sd	ra,24(sp)
   18d4e:	872a                	mv	a4,a0
   18d50:	862e                	mv	a2,a1
   18d52:	c785                	beqz	a5,18d7a <_raise_r+0x3a>
   18d54:	00359693          	slli	a3,a1,0x3
   18d58:	97b6                	add	a5,a5,a3
   18d5a:	6394                	ld	a3,0(a5)
   18d5c:	ce99                	beqz	a3,18d7a <_raise_r+0x3a>
   18d5e:	4505                	li	a0,1
   18d60:	00a68963          	beq	a3,a0,18d72 <_raise_r+0x32>
   18d64:	55fd                	li	a1,-1
   18d66:	02b68563          	beq	a3,a1,18d90 <_raise_r+0x50>
   18d6a:	0007b023          	sd	zero,0(a5)
   18d6e:	8532                	mv	a0,a2
   18d70:	9682                	jalr	a3
   18d72:	60e2                	ld	ra,24(sp)
   18d74:	4501                	li	a0,0
   18d76:	6105                	addi	sp,sp,32
   18d78:	8082                	ret
   18d7a:	853a                	mv	a0,a4
   18d7c:	e432                	sd	a2,8(sp)
   18d7e:	e03a                	sd	a4,0(sp)
   18d80:	26c000ef          	jal	18fec <_getpid_r>
   18d84:	6622                	ld	a2,8(sp)
   18d86:	60e2                	ld	ra,24(sp)
   18d88:	85aa                	mv	a1,a0
   18d8a:	6502                	ld	a0,0(sp)
   18d8c:	6105                	addi	sp,sp,32
   18d8e:	a415                	j	18fb2 <_kill_r>
   18d90:	60e2                	ld	ra,24(sp)
   18d92:	47d9                	li	a5,22
   18d94:	c31c                	sw	a5,0(a4)
   18d96:	6105                	addi	sp,sp,32
   18d98:	8082                	ret
   18d9a:	47d9                	li	a5,22
   18d9c:	c11c                	sw	a5,0(a0)
   18d9e:	557d                	li	a0,-1
   18da0:	8082                	ret

0000000000018da2 <__sigtramp_r>:
   18da2:	47fd                	li	a5,31
   18da4:	06b7ec63          	bltu	a5,a1,18e1c <__sigtramp_r+0x7a>
   18da8:	15053783          	ld	a5,336(a0)
   18dac:	1101                	addi	sp,sp,-32
   18dae:	ec06                	sd	ra,24(sp)
   18db0:	872e                	mv	a4,a1
   18db2:	cf95                	beqz	a5,18dee <__sigtramp_r+0x4c>
   18db4:	00371693          	slli	a3,a4,0x3
   18db8:	97b6                	add	a5,a5,a3
   18dba:	6394                	ld	a3,0(a5)
   18dbc:	ce99                	beqz	a3,18dda <__sigtramp_r+0x38>
   18dbe:	567d                	li	a2,-1
   18dc0:	02c68563          	beq	a3,a2,18dea <__sigtramp_r+0x48>
   18dc4:	4605                	li	a2,1
   18dc6:	00c68e63          	beq	a3,a2,18de2 <__sigtramp_r+0x40>
   18dca:	853a                	mv	a0,a4
   18dcc:	0007b023          	sd	zero,0(a5)
   18dd0:	9682                	jalr	a3
   18dd2:	4501                	li	a0,0
   18dd4:	60e2                	ld	ra,24(sp)
   18dd6:	6105                	addi	sp,sp,32
   18dd8:	8082                	ret
   18dda:	60e2                	ld	ra,24(sp)
   18ddc:	4505                	li	a0,1
   18dde:	6105                	addi	sp,sp,32
   18de0:	8082                	ret
   18de2:	60e2                	ld	ra,24(sp)
   18de4:	450d                	li	a0,3
   18de6:	6105                	addi	sp,sp,32
   18de8:	8082                	ret
   18dea:	4509                	li	a0,2
   18dec:	b7e5                	j	18dd4 <__sigtramp_r+0x32>
   18dee:	e42e                	sd	a1,8(sp)
   18df0:	10000593          	li	a1,256
   18df4:	e02a                	sd	a0,0(sp)
   18df6:	ea1f70ef          	jal	10c96 <_malloc_r>
   18dfa:	6682                	ld	a3,0(sp)
   18dfc:	87aa                	mv	a5,a0
   18dfe:	14a6b823          	sd	a0,336(a3)
   18e02:	c919                	beqz	a0,18e18 <__sigtramp_r+0x76>
   18e04:	6722                	ld	a4,8(sp)
   18e06:	86aa                	mv	a3,a0
   18e08:	10050613          	addi	a2,a0,256
   18e0c:	0006b023          	sd	zero,0(a3)
   18e10:	06a1                	addi	a3,a3,8
   18e12:	fec69de3          	bne	a3,a2,18e0c <__sigtramp_r+0x6a>
   18e16:	bf79                	j	18db4 <__sigtramp_r+0x12>
   18e18:	557d                	li	a0,-1
   18e1a:	bf6d                	j	18dd4 <__sigtramp_r+0x32>
   18e1c:	557d                	li	a0,-1
   18e1e:	8082                	ret

0000000000018e20 <raise>:
   18e20:	47fd                	li	a5,31
   18e22:	2281b803          	ld	a6,552(gp) # 1bbf8 <_impure_ptr>
   18e26:	04a7ec63          	bltu	a5,a0,18e7e <raise+0x5e>
   18e2a:	15083783          	ld	a5,336(a6)
   18e2e:	1101                	addi	sp,sp,-32
   18e30:	ec06                	sd	ra,24(sp)
   18e32:	862a                	mv	a2,a0
   18e34:	c39d                	beqz	a5,18e5a <raise+0x3a>
   18e36:	00351713          	slli	a4,a0,0x3
   18e3a:	97ba                	add	a5,a5,a4
   18e3c:	6398                	ld	a4,0(a5)
   18e3e:	cf11                	beqz	a4,18e5a <raise+0x3a>
   18e40:	4685                	li	a3,1
   18e42:	00d70863          	beq	a4,a3,18e52 <raise+0x32>
   18e46:	567d                	li	a2,-1
   18e48:	02c70463          	beq	a4,a2,18e70 <raise+0x50>
   18e4c:	0007b023          	sd	zero,0(a5)
   18e50:	9702                	jalr	a4
   18e52:	60e2                	ld	ra,24(sp)
   18e54:	4501                	li	a0,0
   18e56:	6105                	addi	sp,sp,32
   18e58:	8082                	ret
   18e5a:	8542                	mv	a0,a6
   18e5c:	e432                	sd	a2,8(sp)
   18e5e:	e042                	sd	a6,0(sp)
   18e60:	18c000ef          	jal	18fec <_getpid_r>
   18e64:	6622                	ld	a2,8(sp)
   18e66:	60e2                	ld	ra,24(sp)
   18e68:	85aa                	mv	a1,a0
   18e6a:	6502                	ld	a0,0(sp)
   18e6c:	6105                	addi	sp,sp,32
   18e6e:	a291                	j	18fb2 <_kill_r>
   18e70:	60e2                	ld	ra,24(sp)
   18e72:	47d9                	li	a5,22
   18e74:	00f82023          	sw	a5,0(a6)
   18e78:	8536                	mv	a0,a3
   18e7a:	6105                	addi	sp,sp,32
   18e7c:	8082                	ret
   18e7e:	47d9                	li	a5,22
   18e80:	00f82023          	sw	a5,0(a6)
   18e84:	557d                	li	a0,-1
   18e86:	8082                	ret

0000000000018e88 <signal>:
   18e88:	47fd                	li	a5,31
   18e8a:	2281b603          	ld	a2,552(gp) # 1bbf8 <_impure_ptr>
   18e8e:	00a7ea63          	bltu	a5,a0,18ea2 <signal+0x1a>
   18e92:	15063703          	ld	a4,336(a2)
   18e96:	cb11                	beqz	a4,18eaa <signal+0x22>
   18e98:	050e                	slli	a0,a0,0x3
   18e9a:	972a                	add	a4,a4,a0
   18e9c:	6308                	ld	a0,0(a4)
   18e9e:	e30c                	sd	a1,0(a4)
   18ea0:	8082                	ret
   18ea2:	47d9                	li	a5,22
   18ea4:	c21c                	sw	a5,0(a2)
   18ea6:	557d                	li	a0,-1
   18ea8:	8082                	ret
   18eaa:	7179                	addi	sp,sp,-48
   18eac:	ec2e                	sd	a1,24(sp)
   18eae:	e82a                	sd	a0,16(sp)
   18eb0:	10000593          	li	a1,256
   18eb4:	8532                	mv	a0,a2
   18eb6:	e432                	sd	a2,8(sp)
   18eb8:	f406                	sd	ra,40(sp)
   18eba:	dddf70ef          	jal	10c96 <_malloc_r>
   18ebe:	6622                	ld	a2,8(sp)
   18ec0:	872a                	mv	a4,a0
   18ec2:	10050593          	addi	a1,a0,256
   18ec6:	14a63823          	sd	a0,336(a2)
   18eca:	67c2                	ld	a5,16(sp)
   18ecc:	862a                	mv	a2,a0
   18ece:	66e2                	ld	a3,24(sp)
   18ed0:	557d                	li	a0,-1
   18ed2:	cb19                	beqz	a4,18ee8 <signal+0x60>
   18ed4:	00063023          	sd	zero,0(a2)
   18ed8:	0621                	addi	a2,a2,8
   18eda:	fec59de3          	bne	a1,a2,18ed4 <signal+0x4c>
   18ede:	00379513          	slli	a0,a5,0x3
   18ee2:	972a                	add	a4,a4,a0
   18ee4:	6308                	ld	a0,0(a4)
   18ee6:	e314                	sd	a3,0(a4)
   18ee8:	70a2                	ld	ra,40(sp)
   18eea:	6145                	addi	sp,sp,48
   18eec:	8082                	ret

0000000000018eee <_init_signal>:
   18eee:	2281b783          	ld	a5,552(gp) # 1bbf8 <_impure_ptr>
   18ef2:	1507b703          	ld	a4,336(a5)
   18ef6:	c319                	beqz	a4,18efc <_init_signal+0xe>
   18ef8:	4501                	li	a0,0
   18efa:	8082                	ret
   18efc:	1101                	addi	sp,sp,-32
   18efe:	853e                	mv	a0,a5
   18f00:	10000593          	li	a1,256
   18f04:	e43e                	sd	a5,8(sp)
   18f06:	ec06                	sd	ra,24(sp)
   18f08:	d8ff70ef          	jal	10c96 <_malloc_r>
   18f0c:	67a2                	ld	a5,8(sp)
   18f0e:	14a7b823          	sd	a0,336(a5)
   18f12:	cd01                	beqz	a0,18f2a <_init_signal+0x3c>
   18f14:	10050793          	addi	a5,a0,256
   18f18:	00053023          	sd	zero,0(a0)
   18f1c:	0521                	addi	a0,a0,8
   18f1e:	fef51de3          	bne	a0,a5,18f18 <_init_signal+0x2a>
   18f22:	4501                	li	a0,0
   18f24:	60e2                	ld	ra,24(sp)
   18f26:	6105                	addi	sp,sp,32
   18f28:	8082                	ret
   18f2a:	557d                	li	a0,-1
   18f2c:	bfe5                	j	18f24 <_init_signal+0x36>

0000000000018f2e <__sigtramp>:
   18f2e:	47fd                	li	a5,31
   18f30:	06a7ef63          	bltu	a5,a0,18fae <__sigtramp+0x80>
   18f34:	2281b683          	ld	a3,552(gp) # 1bbf8 <_impure_ptr>
   18f38:	1101                	addi	sp,sp,-32
   18f3a:	ec06                	sd	ra,24(sp)
   18f3c:	1506b783          	ld	a5,336(a3)
   18f40:	872a                	mv	a4,a0
   18f42:	cf95                	beqz	a5,18f7e <__sigtramp+0x50>
   18f44:	00371693          	slli	a3,a4,0x3
   18f48:	97b6                	add	a5,a5,a3
   18f4a:	6394                	ld	a3,0(a5)
   18f4c:	ce99                	beqz	a3,18f6a <__sigtramp+0x3c>
   18f4e:	567d                	li	a2,-1
   18f50:	02c68563          	beq	a3,a2,18f7a <__sigtramp+0x4c>
   18f54:	4605                	li	a2,1
   18f56:	00c68e63          	beq	a3,a2,18f72 <__sigtramp+0x44>
   18f5a:	853a                	mv	a0,a4
   18f5c:	0007b023          	sd	zero,0(a5)
   18f60:	9682                	jalr	a3
   18f62:	4501                	li	a0,0
   18f64:	60e2                	ld	ra,24(sp)
   18f66:	6105                	addi	sp,sp,32
   18f68:	8082                	ret
   18f6a:	60e2                	ld	ra,24(sp)
   18f6c:	4505                	li	a0,1
   18f6e:	6105                	addi	sp,sp,32
   18f70:	8082                	ret
   18f72:	60e2                	ld	ra,24(sp)
   18f74:	450d                	li	a0,3
   18f76:	6105                	addi	sp,sp,32
   18f78:	8082                	ret
   18f7a:	4509                	li	a0,2
   18f7c:	b7e5                	j	18f64 <__sigtramp+0x36>
   18f7e:	e42a                	sd	a0,8(sp)
   18f80:	10000593          	li	a1,256
   18f84:	8536                	mv	a0,a3
   18f86:	e036                	sd	a3,0(sp)
   18f88:	d0ff70ef          	jal	10c96 <_malloc_r>
   18f8c:	6682                	ld	a3,0(sp)
   18f8e:	87aa                	mv	a5,a0
   18f90:	14a6b823          	sd	a0,336(a3)
   18f94:	c919                	beqz	a0,18faa <__sigtramp+0x7c>
   18f96:	6722                	ld	a4,8(sp)
   18f98:	86aa                	mv	a3,a0
   18f9a:	10050613          	addi	a2,a0,256
   18f9e:	0006b023          	sd	zero,0(a3)
   18fa2:	06a1                	addi	a3,a3,8
   18fa4:	fed61de3          	bne	a2,a3,18f9e <__sigtramp+0x70>
   18fa8:	bf71                	j	18f44 <__sigtramp+0x16>
   18faa:	557d                	li	a0,-1
   18fac:	bf65                	j	18f64 <__sigtramp+0x36>
   18fae:	557d                	li	a0,-1
   18fb0:	8082                	ret

0000000000018fb2 <_kill_r>:
   18fb2:	1101                	addi	sp,sp,-32
   18fb4:	87ae                	mv	a5,a1
   18fb6:	e822                	sd	s0,16(sp)
   18fb8:	e426                	sd	s1,8(sp)
   18fba:	85b2                	mv	a1,a2
   18fbc:	84aa                	mv	s1,a0
   18fbe:	853e                	mv	a0,a5
   18fc0:	ec06                	sd	ra,24(sp)
   18fc2:	2401ac23          	sw	zero,600(gp) # 1bc28 <errno>
   18fc6:	0e0000ef          	jal	190a6 <_kill>
   18fca:	57fd                	li	a5,-1
   18fcc:	00f50763          	beq	a0,a5,18fda <_kill_r+0x28>
   18fd0:	60e2                	ld	ra,24(sp)
   18fd2:	6442                	ld	s0,16(sp)
   18fd4:	64a2                	ld	s1,8(sp)
   18fd6:	6105                	addi	sp,sp,32
   18fd8:	8082                	ret
   18fda:	2581a783          	lw	a5,600(gp) # 1bc28 <errno>
   18fde:	dbed                	beqz	a5,18fd0 <_kill_r+0x1e>
   18fe0:	60e2                	ld	ra,24(sp)
   18fe2:	6442                	ld	s0,16(sp)
   18fe4:	c09c                	sw	a5,0(s1)
   18fe6:	64a2                	ld	s1,8(sp)
   18fe8:	6105                	addi	sp,sp,32
   18fea:	8082                	ret

0000000000018fec <_getpid_r>:
   18fec:	a841                	j	1907c <_getpid>

0000000000018fee <_close>:
   18fee:	03900893          	li	a7,57
   18ff2:	00000073          	ecall
   18ff6:	00054463          	bltz	a0,18ffe <_close+0x10>
   18ffa:	2501                	sext.w	a0,a0
   18ffc:	8082                	ret
   18ffe:	1101                	addi	sp,sp,-32
   19000:	ec06                	sd	ra,24(sp)
   19002:	e42a                	sd	a0,8(sp)
   19004:	f07f80ef          	jal	11f0a <__errno>
   19008:	67a2                	ld	a5,8(sp)
   1900a:	60e2                	ld	ra,24(sp)
   1900c:	40f007bb          	negw	a5,a5
   19010:	c11c                	sw	a5,0(a0)
   19012:	557d                	li	a0,-1
   19014:	6105                	addi	sp,sp,32
   19016:	8082                	ret

0000000000019018 <_exit>:
   19018:	05d00893          	li	a7,93
   1901c:	00000073          	ecall
   19020:	00054363          	bltz	a0,19026 <_exit+0xe>
   19024:	a001                	j	19024 <_exit+0xc>
   19026:	1101                	addi	sp,sp,-32
   19028:	ec06                	sd	ra,24(sp)
   1902a:	e42a                	sd	a0,8(sp)
   1902c:	edff80ef          	jal	11f0a <__errno>
   19030:	67a2                	ld	a5,8(sp)
   19032:	40f007bb          	negw	a5,a5
   19036:	c11c                	sw	a5,0(a0)
   19038:	a001                	j	19038 <_exit+0x20>

000000000001903a <_fstat>:
   1903a:	7135                	addi	sp,sp,-160
   1903c:	872e                	mv	a4,a1
   1903e:	ed06                	sd	ra,152(sp)
   19040:	e922                	sd	s0,144(sp)
   19042:	05000893          	li	a7,80
   19046:	080c                	addi	a1,sp,16
   19048:	00000073          	ecall
   1904c:	00054d63          	bltz	a0,19066 <_fstat+0x2c>
   19050:	0005041b          	sext.w	s0,a0
   19054:	080c                	addi	a1,sp,16
   19056:	853a                	mv	a0,a4
   19058:	134000ef          	jal	1918c <_conv_stat>
   1905c:	60ea                	ld	ra,152(sp)
   1905e:	8522                	mv	a0,s0
   19060:	644a                	ld	s0,144(sp)
   19062:	610d                	addi	sp,sp,160
   19064:	8082                	ret
   19066:	e03a                	sd	a4,0(sp)
   19068:	e42a                	sd	a0,8(sp)
   1906a:	ea1f80ef          	jal	11f0a <__errno>
   1906e:	67a2                	ld	a5,8(sp)
   19070:	6702                	ld	a4,0(sp)
   19072:	547d                	li	s0,-1
   19074:	40f007bb          	negw	a5,a5
   19078:	c11c                	sw	a5,0(a0)
   1907a:	bfe9                	j	19054 <_fstat+0x1a>

000000000001907c <_getpid>:
   1907c:	4505                	li	a0,1
   1907e:	8082                	ret

0000000000019080 <_isatty>:
   19080:	7119                	addi	sp,sp,-128
   19082:	002c                	addi	a1,sp,8
   19084:	fc86                	sd	ra,120(sp)
   19086:	fb5ff0ef          	jal	1903a <_fstat>
   1908a:	57fd                	li	a5,-1
   1908c:	00f50963          	beq	a0,a5,1909e <_isatty+0x1e>
   19090:	4532                	lw	a0,12(sp)
   19092:	70e6                	ld	ra,120(sp)
   19094:	00d5551b          	srliw	a0,a0,0xd
   19098:	8905                	andi	a0,a0,1
   1909a:	6109                	addi	sp,sp,128
   1909c:	8082                	ret
   1909e:	70e6                	ld	ra,120(sp)
   190a0:	4501                	li	a0,0
   190a2:	6109                	addi	sp,sp,128
   190a4:	8082                	ret

00000000000190a6 <_kill>:
   190a6:	1141                	addi	sp,sp,-16
   190a8:	e406                	sd	ra,8(sp)
   190aa:	e61f80ef          	jal	11f0a <__errno>
   190ae:	60a2                	ld	ra,8(sp)
   190b0:	47d9                	li	a5,22
   190b2:	c11c                	sw	a5,0(a0)
   190b4:	557d                	li	a0,-1
   190b6:	0141                	addi	sp,sp,16
   190b8:	8082                	ret

00000000000190ba <_lseek>:
   190ba:	03e00893          	li	a7,62
   190be:	00000073          	ecall
   190c2:	00054363          	bltz	a0,190c8 <_lseek+0xe>
   190c6:	8082                	ret
   190c8:	1101                	addi	sp,sp,-32
   190ca:	ec06                	sd	ra,24(sp)
   190cc:	e42a                	sd	a0,8(sp)
   190ce:	e3df80ef          	jal	11f0a <__errno>
   190d2:	67a2                	ld	a5,8(sp)
   190d4:	60e2                	ld	ra,24(sp)
   190d6:	40f007bb          	negw	a5,a5
   190da:	c11c                	sw	a5,0(a0)
   190dc:	57fd                	li	a5,-1
   190de:	853e                	mv	a0,a5
   190e0:	6105                	addi	sp,sp,32
   190e2:	8082                	ret

00000000000190e4 <_read>:
   190e4:	03f00893          	li	a7,63
   190e8:	00000073          	ecall
   190ec:	00054363          	bltz	a0,190f2 <_read+0xe>
   190f0:	8082                	ret
   190f2:	1101                	addi	sp,sp,-32
   190f4:	ec06                	sd	ra,24(sp)
   190f6:	e42a                	sd	a0,8(sp)
   190f8:	e13f80ef          	jal	11f0a <__errno>
   190fc:	67a2                	ld	a5,8(sp)
   190fe:	60e2                	ld	ra,24(sp)
   19100:	40f007bb          	negw	a5,a5
   19104:	c11c                	sw	a5,0(a0)
   19106:	57fd                	li	a5,-1
   19108:	853e                	mv	a0,a5
   1910a:	6105                	addi	sp,sp,32
   1910c:	8082                	ret

000000000001910e <_sbrk>:
   1910e:	2701b783          	ld	a5,624(gp) # 1bc40 <heap_end.0>
   19112:	1141                	addi	sp,sp,-16
   19114:	e406                	sd	ra,8(sp)
   19116:	872a                	mv	a4,a0
   19118:	ef81                	bnez	a5,19130 <_sbrk+0x22>
   1911a:	0d600893          	li	a7,214
   1911e:	4501                	li	a0,0
   19120:	00000073          	ecall
   19124:	57fd                	li	a5,-1
   19126:	02f50663          	beq	a0,a5,19152 <_sbrk+0x44>
   1912a:	87aa                	mv	a5,a0
   1912c:	26a1b823          	sd	a0,624(gp) # 1bc40 <heap_end.0>
   19130:	00f70533          	add	a0,a4,a5
   19134:	0d600893          	li	a7,214
   19138:	00000073          	ecall
   1913c:	2701b783          	ld	a5,624(gp) # 1bc40 <heap_end.0>
   19140:	973e                	add	a4,a4,a5
   19142:	00e51863          	bne	a0,a4,19152 <_sbrk+0x44>
   19146:	60a2                	ld	ra,8(sp)
   19148:	26a1b823          	sd	a0,624(gp) # 1bc40 <heap_end.0>
   1914c:	853e                	mv	a0,a5
   1914e:	0141                	addi	sp,sp,16
   19150:	8082                	ret
   19152:	db9f80ef          	jal	11f0a <__errno>
   19156:	60a2                	ld	ra,8(sp)
   19158:	47b1                	li	a5,12
   1915a:	c11c                	sw	a5,0(a0)
   1915c:	557d                	li	a0,-1
   1915e:	0141                	addi	sp,sp,16
   19160:	8082                	ret

0000000000019162 <_write>:
   19162:	04000893          	li	a7,64
   19166:	00000073          	ecall
   1916a:	00054363          	bltz	a0,19170 <_write+0xe>
   1916e:	8082                	ret
   19170:	1101                	addi	sp,sp,-32
   19172:	ec06                	sd	ra,24(sp)
   19174:	e42a                	sd	a0,8(sp)
   19176:	d95f80ef          	jal	11f0a <__errno>
   1917a:	67a2                	ld	a5,8(sp)
   1917c:	60e2                	ld	ra,24(sp)
   1917e:	40f007bb          	negw	a5,a5
   19182:	c11c                	sw	a5,0(a0)
   19184:	57fd                	li	a5,-1
   19186:	853e                	mv	a0,a5
   19188:	6105                	addi	sp,sp,32
   1918a:	8082                	ret

000000000001918c <_conv_stat>:
   1918c:	4990                	lw	a2,16(a1)
   1918e:	6198                	ld	a4,0(a1)
   19190:	659c                	ld	a5,8(a1)
   19192:	cce17057          	vsetivli	zero,2,e16,mf4,ta,ma
   19196:	c150                	sw	a2,4(a0)
   19198:	01458693          	addi	a3,a1,20
   1919c:	0206e087          	vle32.v	v1,(a3)
   191a0:	00e51023          	sh	a4,0(a0)
   191a4:	00f51123          	sh	a5,2(a0)
   191a8:	00850793          	addi	a5,a0,8
   191ac:	01c5ae03          	lw	t3,28(a1)
   191b0:	0205b303          	ld	t1,32(a1)
   191b4:	b21030d7          	vnsrl.wi	v1,v1,0
   191b8:	0305b883          	ld	a7,48(a1)
   191bc:	0405b803          	ld	a6,64(a1)
   191c0:	0207d0a7          	vse16.v	v1,(a5)
   191c4:	5d90                	lw	a2,56(a1)
   191c6:	65b4                	ld	a3,72(a1)
   191c8:	6db8                	ld	a4,88(a1)
   191ca:	75bc                	ld	a5,104(a1)
   191cc:	01c51623          	sh	t3,12(a0)
   191d0:	00651723          	sh	t1,14(a0)
   191d4:	01153823          	sd	a7,16(a0)
   191d8:	05053823          	sd	a6,80(a0)
   191dc:	e530                	sd	a2,72(a0)
   191de:	ed14                	sd	a3,24(a0)
   191e0:	f518                	sd	a4,40(a0)
   191e2:	fd1c                	sd	a5,56(a0)
   191e4:	8082                	ret

00000000000191e6 <__eqtf2>:
   191e6:	002027f3          	frrm	a5
   191ea:	68a1                	lui	a7,0x8
   191ec:	0305d813          	srli	a6,a1,0x30
   191f0:	18fd                	addi	a7,a7,-1 # 7fff <exit-0x8121>
   191f2:	577d                	li	a4,-1
   191f4:	8341                	srli	a4,a4,0x10
   191f6:	0306d793          	srli	a5,a3,0x30
   191fa:	01187833          	and	a6,a6,a7
   191fe:	00e5f333          	and	t1,a1,a4
   19202:	0117f7b3          	and	a5,a5,a7
   19206:	8f75                	and	a4,a4,a3
   19208:	91fd                	srli	a1,a1,0x3f
   1920a:	92fd                	srli	a3,a3,0x3f
   1920c:	01181a63          	bne	a6,a7,19220 <__eqtf2+0x3a>
   19210:	006568b3          	or	a7,a0,t1
   19214:	02089063          	bnez	a7,19234 <__eqtf2+0x4e>
   19218:	01078663          	beq	a5,a6,19224 <__eqtf2+0x3e>
   1921c:	4785                	li	a5,1
   1921e:	a0ad                	j	19288 <__eqtf2+0xa2>
   19220:	05179063          	bne	a5,a7,19260 <__eqtf2+0x7a>
   19224:	00e668b3          	or	a7,a2,a4
   19228:	02088c63          	beqz	a7,19260 <__eqtf2+0x7a>
   1922c:	66a1                	lui	a3,0x8
   1922e:	16fd                	addi	a3,a3,-1 # 7fff <exit-0x8121>
   19230:	00d81e63          	bne	a6,a3,1924c <__eqtf2+0x66>
   19234:	00656533          	or	a0,a0,t1
   19238:	c509                	beqz	a0,19242 <__eqtf2+0x5c>
   1923a:	4685                	li	a3,1
   1923c:	16be                	slli	a3,a3,0x2f
   1923e:	00d36d63          	bltu	t1,a3,19258 <__eqtf2+0x72>
   19242:	66a1                	lui	a3,0x8
   19244:	16fd                	addi	a3,a3,-1 # 7fff <exit-0x8121>
   19246:	4505                	li	a0,1
   19248:	04d79263          	bne	a5,a3,1928c <__eqtf2+0xa6>
   1924c:	8e59                	or	a2,a2,a4
   1924e:	c619                	beqz	a2,1925c <__eqtf2+0x76>
   19250:	4785                	li	a5,1
   19252:	17be                	slli	a5,a5,0x2f
   19254:	00f77463          	bgeu	a4,a5,1925c <__eqtf2+0x76>
   19258:	00186073          	csrsi	fflags,16
   1925c:	4505                	li	a0,1
   1925e:	8082                	ret
   19260:	40f807b3          	sub	a5,a6,a5
   19264:	8e09                	sub	a2,a2,a0
   19266:	00f037b3          	snez	a5,a5
   1926a:	00c03633          	snez	a2,a2
   1926e:	8fd1                	or	a5,a5,a2
   19270:	f7d5                	bnez	a5,1921c <__eqtf2+0x36>
   19272:	fae315e3          	bne	t1,a4,1921c <__eqtf2+0x36>
   19276:	00d58963          	beq	a1,a3,19288 <__eqtf2+0xa2>
   1927a:	4785                	li	a5,1
   1927c:	00081663          	bnez	a6,19288 <__eqtf2+0xa2>
   19280:	006567b3          	or	a5,a0,t1
   19284:	00f037b3          	snez	a5,a5
   19288:	853e                	mv	a0,a5
   1928a:	8082                	ret
   1928c:	8082                	ret

000000000001928e <__getf2>:
   1928e:	002027f3          	frrm	a5
   19292:	67a1                	lui	a5,0x8
   19294:	0305d813          	srli	a6,a1,0x30
   19298:	17fd                	addi	a5,a5,-1 # 7fff <exit-0x8121>
   1929a:	537d                	li	t1,-1
   1929c:	01035313          	srli	t1,t1,0x10
   192a0:	0306d713          	srli	a4,a3,0x30
   192a4:	00f87833          	and	a6,a6,a5
   192a8:	0065f8b3          	and	a7,a1,t1
   192ac:	8f7d                	and	a4,a4,a5
   192ae:	91fd                	srli	a1,a1,0x3f
   192b0:	03f6de13          	srli	t3,a3,0x3f
   192b4:	04f80063          	beq	a6,a5,192f4 <__getf2+0x66>
   192b8:	0066f6b3          	and	a3,a3,t1
   192bc:	6321                	lui	t1,0x8
   192be:	137d                	addi	t1,t1,-1 # 7fff <exit-0x8121>
   192c0:	87ba                	mv	a5,a4
   192c2:	00671663          	bne	a4,t1,192ce <__getf2+0x40>
   192c6:	00c6e333          	or	t1,a3,a2
   192ca:	02031863          	bnez	t1,192fa <__getf2+0x6c>
   192ce:	4301                	li	t1,0
   192d0:	00081663          	bnez	a6,192dc <__getf2+0x4e>
   192d4:	00a8e333          	or	t1,a7,a0
   192d8:	00133313          	seqz	t1,t1
   192dc:	eb29                	bnez	a4,1932e <__getf2+0xa0>
   192de:	00c6eeb3          	or	t4,a3,a2
   192e2:	02030063          	beqz	t1,19302 <__getf2+0x74>
   192e6:	020e8263          	beqz	t4,1930a <__getf2+0x7c>
   192ea:	4785                	li	a5,1
   192ec:	000e1f63          	bnez	t3,1930a <__getf2+0x7c>
   192f0:	57fd                	li	a5,-1
   192f2:	a821                	j	1930a <__getf2+0x7c>
   192f4:	00a8e7b3          	or	a5,a7,a0
   192f8:	d3e1                	beqz	a5,192b8 <__getf2+0x2a>
   192fa:	00186073          	csrsi	fflags,16
   192fe:	57f9                	li	a5,-2
   19300:	a029                	j	1930a <__getf2+0x7c>
   19302:	020e9863          	bnez	t4,19332 <__getf2+0xa4>
   19306:	57fd                	li	a5,-1
   19308:	cd85                	beqz	a1,19340 <__getf2+0xb2>
   1930a:	853e                	mv	a0,a5
   1930c:	8082                	ret
   1930e:	fce84ee3          	blt	a6,a4,192ea <__getf2+0x5c>
   19312:	ff16eae3          	bltu	a3,a7,19306 <__getf2+0x78>
   19316:	00a67463          	bgeu	a2,a0,1931e <__getf2+0x90>
   1931a:	fed886e3          	beq	a7,a3,19306 <__getf2+0x78>
   1931e:	00c56563          	bltu	a0,a2,19328 <__getf2+0x9a>
   19322:	4781                	li	a5,0
   19324:	fed8f3e3          	bgeu	a7,a3,1930a <__getf2+0x7c>
   19328:	4785                	li	a5,1
   1932a:	f1e5                	bnez	a1,1930a <__getf2+0x7c>
   1932c:	b7d1                	j	192f0 <__getf2+0x62>
   1932e:	fa031ee3          	bnez	t1,192ea <__getf2+0x5c>
   19332:	fcbe1ae3          	bne	t3,a1,19306 <__getf2+0x78>
   19336:	fd075ce3          	bge	a4,a6,1930e <__getf2+0x80>
   1933a:	57fd                	li	a5,-1
   1933c:	fc0e17e3          	bnez	t3,1930a <__getf2+0x7c>
   19340:	4785                	li	a5,1
   19342:	b7e1                	j	1930a <__getf2+0x7c>

0000000000019344 <__letf2>:
   19344:	002027f3          	frrm	a5
   19348:	67a1                	lui	a5,0x8
   1934a:	0305d813          	srli	a6,a1,0x30
   1934e:	17fd                	addi	a5,a5,-1 # 7fff <exit-0x8121>
   19350:	537d                	li	t1,-1
   19352:	01035313          	srli	t1,t1,0x10
   19356:	0306d713          	srli	a4,a3,0x30
   1935a:	00f87833          	and	a6,a6,a5
   1935e:	0065f8b3          	and	a7,a1,t1
   19362:	8f7d                	and	a4,a4,a5
   19364:	91fd                	srli	a1,a1,0x3f
   19366:	03f6de13          	srli	t3,a3,0x3f
   1936a:	04f80063          	beq	a6,a5,193aa <__letf2+0x66>
   1936e:	0066f6b3          	and	a3,a3,t1
   19372:	6321                	lui	t1,0x8
   19374:	137d                	addi	t1,t1,-1 # 7fff <exit-0x8121>
   19376:	87ba                	mv	a5,a4
   19378:	00671663          	bne	a4,t1,19384 <__letf2+0x40>
   1937c:	00c6e333          	or	t1,a3,a2
   19380:	02031863          	bnez	t1,193b0 <__letf2+0x6c>
   19384:	4301                	li	t1,0
   19386:	00081663          	bnez	a6,19392 <__letf2+0x4e>
   1938a:	00a8e333          	or	t1,a7,a0
   1938e:	00133313          	seqz	t1,t1
   19392:	eb29                	bnez	a4,193e4 <__letf2+0xa0>
   19394:	00c6eeb3          	or	t4,a3,a2
   19398:	02030063          	beqz	t1,193b8 <__letf2+0x74>
   1939c:	020e8263          	beqz	t4,193c0 <__letf2+0x7c>
   193a0:	4785                	li	a5,1
   193a2:	000e1f63          	bnez	t3,193c0 <__letf2+0x7c>
   193a6:	57fd                	li	a5,-1
   193a8:	a821                	j	193c0 <__letf2+0x7c>
   193aa:	00a8e7b3          	or	a5,a7,a0
   193ae:	d3e1                	beqz	a5,1936e <__letf2+0x2a>
   193b0:	00186073          	csrsi	fflags,16
   193b4:	4789                	li	a5,2
   193b6:	a029                	j	193c0 <__letf2+0x7c>
   193b8:	020e9863          	bnez	t4,193e8 <__letf2+0xa4>
   193bc:	57fd                	li	a5,-1
   193be:	cd85                	beqz	a1,193f6 <__letf2+0xb2>
   193c0:	853e                	mv	a0,a5
   193c2:	8082                	ret
   193c4:	fce84ee3          	blt	a6,a4,193a0 <__letf2+0x5c>
   193c8:	ff16eae3          	bltu	a3,a7,193bc <__letf2+0x78>
   193cc:	00a67463          	bgeu	a2,a0,193d4 <__letf2+0x90>
   193d0:	fed886e3          	beq	a7,a3,193bc <__letf2+0x78>
   193d4:	00c56563          	bltu	a0,a2,193de <__letf2+0x9a>
   193d8:	4781                	li	a5,0
   193da:	fed8f3e3          	bgeu	a7,a3,193c0 <__letf2+0x7c>
   193de:	4785                	li	a5,1
   193e0:	f1e5                	bnez	a1,193c0 <__letf2+0x7c>
   193e2:	b7d1                	j	193a6 <__letf2+0x62>
   193e4:	fa031ee3          	bnez	t1,193a0 <__letf2+0x5c>
   193e8:	fcbe1ae3          	bne	t3,a1,193bc <__letf2+0x78>
   193ec:	fd075ce3          	bge	a4,a6,193c4 <__letf2+0x80>
   193f0:	57fd                	li	a5,-1
   193f2:	fc0e17e3          	bnez	t3,193c0 <__letf2+0x7c>
   193f6:	4785                	li	a5,1
   193f8:	b7e1                	j	193c0 <__letf2+0x7c>

00000000000193fa <__multf3>:
   193fa:	711d                	addi	sp,sp,-96
   193fc:	e8a2                	sd	s0,80(sp)
   193fe:	f852                	sd	s4,48(sp)
   19400:	e862                	sd	s8,16(sp)
   19402:	ec86                	sd	ra,88(sp)
   19404:	e4a6                	sd	s1,72(sp)
   19406:	e0ca                	sd	s2,64(sp)
   19408:	fc4e                	sd	s3,56(sp)
   1940a:	f456                	sd	s5,40(sp)
   1940c:	f05a                	sd	s6,32(sp)
   1940e:	ec5e                	sd	s7,24(sp)
   19410:	e466                	sd	s9,8(sp)
   19412:	842a                	mv	s0,a0
   19414:	8c32                	mv	s8,a2
   19416:	8a36                	mv	s4,a3
   19418:	002029f3          	frrm	s3
   1941c:	67a1                	lui	a5,0x8
   1941e:	0305db13          	srli	s6,a1,0x30
   19422:	17fd                	addi	a5,a5,-1 # 7fff <exit-0x8121>
   19424:	01059913          	slli	s2,a1,0x10
   19428:	00fb7b33          	and	s6,s6,a5
   1942c:	2981                	sext.w	s3,s3
   1942e:	01095913          	srli	s2,s2,0x10
   19432:	03f5da93          	srli	s5,a1,0x3f
   19436:	020b0563          	beqz	s6,19460 <__multf3+0x66>
   1943a:	08fb0363          	beq	s6,a5,194c0 <__multf3+0xc6>
   1943e:	090e                	slli	s2,s2,0x3
   19440:	03d55793          	srli	a5,a0,0x3d
   19444:	0127e7b3          	or	a5,a5,s2
   19448:	4905                	li	s2,1
   1944a:	194e                	slli	s2,s2,0x33
   1944c:	0127e933          	or	s2,a5,s2
   19450:	77f1                	lui	a5,0xffffc
   19452:	0785                	addi	a5,a5,1 # ffffffffffffc001 <__BSS_END__+0xfffffffffffdfe31>
   19454:	00351b93          	slli	s7,a0,0x3
   19458:	9b3e                	add	s6,s6,a5
   1945a:	4c81                	li	s9,0
   1945c:	4481                	li	s1,0
   1945e:	a8b5                	j	194da <__multf3+0xe0>
   19460:	01256bb3          	or	s7,a0,s2
   19464:	0e0b8963          	beqz	s7,19556 <__multf3+0x15c>
   19468:	02090d63          	beqz	s2,194a2 <__multf3+0xa8>
   1946c:	854a                	mv	a0,s2
   1946e:	7a5000ef          	jal	1a412 <__clzdi2>
   19472:	2501                	sext.w	a0,a0
   19474:	ff150793          	addi	a5,a0,-15
   19478:	03d00713          	li	a4,61
   1947c:	0037869b          	addiw	a3,a5,3
   19480:	40f707bb          	subw	a5,a4,a5
   19484:	00d91933          	sll	s2,s2,a3
   19488:	00f457b3          	srl	a5,s0,a5
   1948c:	0127e7b3          	or	a5,a5,s2
   19490:	00d41933          	sll	s2,s0,a3
   19494:	7b71                	lui	s6,0xffffc
   19496:	0b45                	addi	s6,s6,17 # ffffffffffffc011 <__BSS_END__+0xfffffffffffdfe41>
   19498:	8bca                	mv	s7,s2
   1949a:	40ab0b33          	sub	s6,s6,a0
   1949e:	893e                	mv	s2,a5
   194a0:	bf6d                	j	1945a <__multf3+0x60>
   194a2:	771000ef          	jal	1a412 <__clzdi2>
   194a6:	0405051b          	addiw	a0,a0,64
   194aa:	ff150793          	addi	a5,a0,-15
   194ae:	03c00713          	li	a4,60
   194b2:	fcf753e3          	bge	a4,a5,19478 <__multf3+0x7e>
   194b6:	fc37879b          	addiw	a5,a5,-61
   194ba:	00f417b3          	sll	a5,s0,a5
   194be:	bfd9                	j	19494 <__multf3+0x9a>
   194c0:	01256bb3          	or	s7,a0,s2
   194c4:	080b8d63          	beqz	s7,1955e <__multf3+0x164>
   194c8:	4485                	li	s1,1
   194ca:	14be                	slli	s1,s1,0x2f
   194cc:	009934b3          	sltu	s1,s2,s1
   194d0:	0044949b          	slliw	s1,s1,0x4
   194d4:	8baa                	mv	s7,a0
   194d6:	2b01                	sext.w	s6,s6
   194d8:	4c8d                	li	s9,3
   194da:	56fd                	li	a3,-1
   194dc:	6621                	lui	a2,0x8
   194de:	030a5713          	srli	a4,s4,0x30
   194e2:	9636                	add	a2,a2,a3
   194e4:	0106d413          	srli	s0,a3,0x10
   194e8:	8f71                	and	a4,a4,a2
   194ea:	008a7433          	and	s0,s4,s0
   194ee:	87e2                	mv	a5,s8
   194f0:	03fa5a13          	srli	s4,s4,0x3f
   194f4:	cb2d                	beqz	a4,19566 <__multf3+0x16c>
   194f6:	0cc70663          	beq	a4,a2,195c2 <__multf3+0x1c8>
   194fa:	040e                	slli	s0,s0,0x3
   194fc:	03dc5693          	srli	a3,s8,0x3d
   19500:	8ec1                	or	a3,a3,s0
   19502:	4405                	li	s0,1
   19504:	144e                	slli	s0,s0,0x33
   19506:	8c55                	or	s0,s0,a3
   19508:	76f1                	lui	a3,0xffffc
   1950a:	0685                	addi	a3,a3,1 # ffffffffffffc001 <__BSS_END__+0xfffffffffffdfe31>
   1950c:	003c1793          	slli	a5,s8,0x3
   19510:	9736                	add	a4,a4,a3
   19512:	4881                	li	a7,0
   19514:	002c9693          	slli	a3,s9,0x2
   19518:	01670833          	add	a6,a4,s6
   1951c:	0116e6b3          	or	a3,a3,a7
   19520:	4729                	li	a4,10
   19522:	00180593          	addi	a1,a6,1
   19526:	0cd74f63          	blt	a4,a3,19604 <__multf3+0x20a>
   1952a:	4509                	li	a0,2
   1952c:	014ac633          	xor	a2,s5,s4
   19530:	4705                	li	a4,1
   19532:	0ad54b63          	blt	a0,a3,195e8 <__multf3+0x1ee>
   19536:	16fd                	addi	a3,a3,-1
   19538:	0ed76063          	bltu	a4,a3,19618 <__multf3+0x21e>
   1953c:	8cc6                	mv	s9,a7
   1953e:	4709                	li	a4,2
   19540:	4cec8263          	beq	s9,a4,19a04 <__multf3+0x60a>
   19544:	468d                	li	a3,3
   19546:	4705                	li	a4,1
   19548:	4adc8863          	beq	s9,a3,199f8 <__multf3+0x5fe>
   1954c:	26ec9763          	bne	s9,a4,197ba <__multf3+0x3c0>
   19550:	4701                	li	a4,0
   19552:	4501                	li	a0,0
   19554:	a151                	j	199d8 <__multf3+0x5de>
   19556:	4901                	li	s2,0
   19558:	4b01                	li	s6,0
   1955a:	4c85                	li	s9,1
   1955c:	b701                	j	1945c <__multf3+0x62>
   1955e:	4901                	li	s2,0
   19560:	2b01                	sext.w	s6,s6
   19562:	4c89                	li	s9,2
   19564:	bde5                	j	1945c <__multf3+0x62>
   19566:	008c67b3          	or	a5,s8,s0
   1956a:	c7b5                	beqz	a5,195d6 <__multf3+0x1dc>
   1956c:	c81d                	beqz	s0,195a2 <__multf3+0x1a8>
   1956e:	8522                	mv	a0,s0
   19570:	6a3000ef          	jal	1a412 <__clzdi2>
   19574:	2501                	sext.w	a0,a0
   19576:	ff150793          	addi	a5,a0,-15
   1957a:	03d00713          	li	a4,61
   1957e:	0037861b          	addiw	a2,a5,3
   19582:	40f707bb          	subw	a5,a4,a5
   19586:	00c41433          	sll	s0,s0,a2
   1958a:	00fc57b3          	srl	a5,s8,a5
   1958e:	0087e6b3          	or	a3,a5,s0
   19592:	00cc1433          	sll	s0,s8,a2
   19596:	7771                	lui	a4,0xffffc
   19598:	0745                	addi	a4,a4,17 # ffffffffffffc011 <__BSS_END__+0xfffffffffffdfe41>
   1959a:	87a2                	mv	a5,s0
   1959c:	8f09                	sub	a4,a4,a0
   1959e:	8436                	mv	s0,a3
   195a0:	bf8d                	j	19512 <__multf3+0x118>
   195a2:	8562                	mv	a0,s8
   195a4:	66f000ef          	jal	1a412 <__clzdi2>
   195a8:	0405051b          	addiw	a0,a0,64
   195ac:	ff150793          	addi	a5,a0,-15
   195b0:	03c00713          	li	a4,60
   195b4:	fcf753e3          	bge	a4,a5,1957a <__multf3+0x180>
   195b8:	fc37879b          	addiw	a5,a5,-61
   195bc:	00fc16b3          	sll	a3,s8,a5
   195c0:	bfd9                	j	19596 <__multf3+0x19c>
   195c2:	008c6633          	or	a2,s8,s0
   195c6:	ce01                	beqz	a2,195de <__multf3+0x1e4>
   195c8:	82c5                	srli	a3,a3,0x11
   195ca:	2701                	sext.w	a4,a4
   195cc:	488d                	li	a7,3
   195ce:	f486e3e3          	bltu	a3,s0,19514 <__multf3+0x11a>
   195d2:	44c1                	li	s1,16
   195d4:	b781                	j	19514 <__multf3+0x11a>
   195d6:	4401                	li	s0,0
   195d8:	4701                	li	a4,0
   195da:	4885                	li	a7,1
   195dc:	bf25                	j	19514 <__multf3+0x11a>
   195de:	4401                	li	s0,0
   195e0:	4781                	li	a5,0
   195e2:	2701                	sext.w	a4,a4
   195e4:	4889                	li	a7,2
   195e6:	b73d                	j	19514 <__multf3+0x11a>
   195e8:	00d716b3          	sll	a3,a4,a3
   195ec:	5306f513          	andi	a0,a3,1328
   195f0:	e10d                	bnez	a0,19612 <__multf3+0x218>
   195f2:	2406f313          	andi	t1,a3,576
   195f6:	3e031a63          	bnez	t1,199ea <__multf3+0x5f0>
   195fa:	0886f693          	andi	a3,a3,136
   195fe:	ce89                	beqz	a3,19618 <__multf3+0x21e>
   19600:	8652                	mv	a2,s4
   19602:	bf2d                	j	1953c <__multf3+0x142>
   19604:	473d                	li	a4,15
   19606:	3ee68863          	beq	a3,a4,199f6 <__multf3+0x5fc>
   1960a:	472d                	li	a4,11
   1960c:	8656                	mv	a2,s5
   1960e:	fee689e3          	beq	a3,a4,19600 <__multf3+0x206>
   19612:	844a                	mv	s0,s2
   19614:	87de                	mv	a5,s7
   19616:	b725                	j	1953e <__multf3+0x144>
   19618:	008786b3          	add	a3,a5,s0
   1961c:	020bd513          	srli	a0,s7,0x20
   19620:	0207d893          	srli	a7,a5,0x20
   19624:	01790733          	add	a4,s2,s7
   19628:	00f6bfb3          	sltu	t6,a3,a5
   1962c:	1b82                	slli	s7,s7,0x20
   1962e:	1782                	slli	a5,a5,0x20
   19630:	020bdb93          	srli	s7,s7,0x20
   19634:	9381                	srli	a5,a5,0x20
   19636:	03778eb3          	mul	t4,a5,s7
   1963a:	01273f33          	sltu	t5,a4,s2
   1963e:	02f507b3          	mul	a5,a0,a5
   19642:	03150533          	mul	a0,a0,a7
   19646:	037888b3          	mul	a7,a7,s7
   1964a:	00f88333          	add	t1,a7,a5
   1964e:	020ed893          	srli	a7,t4,0x20
   19652:	989a                	add	a7,a7,t1
   19654:	00f8f563          	bgeu	a7,a5,1965e <__multf3+0x264>
   19658:	4785                	li	a5,1
   1965a:	1782                	slli	a5,a5,0x20
   1965c:	953e                	add	a0,a0,a5
   1965e:	0208de13          	srli	t3,a7,0x20
   19662:	9e2a                	add	t3,t3,a0
   19664:	1e82                	slli	t4,t4,0x20
   19666:	02071313          	slli	t1,a4,0x20
   1966a:	02069513          	slli	a0,a3,0x20
   1966e:	02035313          	srli	t1,t1,0x20
   19672:	020ede93          	srli	t4,t4,0x20
   19676:	02075293          	srli	t0,a4,0x20
   1967a:	0206d793          	srli	a5,a3,0x20
   1967e:	9101                	srli	a0,a0,0x20
   19680:	1882                	slli	a7,a7,0x20
   19682:	98f6                	add	a7,a7,t4
   19684:	02650eb3          	mul	t4,a0,t1
   19688:	02a28533          	mul	a0,t0,a0
   1968c:	02f282b3          	mul	t0,t0,a5
   19690:	026787b3          	mul	a5,a5,t1
   19694:	020ed313          	srli	t1,t4,0x20
   19698:	97aa                	add	a5,a5,a0
   1969a:	933e                	add	t1,t1,a5
   1969c:	00a37563          	bgeu	t1,a0,196a6 <__multf3+0x2ac>
   196a0:	4785                	li	a5,1
   196a2:	1782                	slli	a5,a5,0x20
   196a4:	92be                	add	t0,t0,a5
   196a6:	02095393          	srli	t2,s2,0x20
   196aa:	02045793          	srli	a5,s0,0x20
   196ae:	1902                	slli	s2,s2,0x20
   196b0:	1402                	slli	s0,s0,0x20
   196b2:	02095913          	srli	s2,s2,0x20
   196b6:	9001                	srli	s0,s0,0x20
   196b8:	03240a33          	mul	s4,s0,s2
   196bc:	1e82                	slli	t4,t4,0x20
   196be:	020ede93          	srli	t4,t4,0x20
   196c2:	02035513          	srli	a0,t1,0x20
   196c6:	1302                	slli	t1,t1,0x20
   196c8:	9376                	add	t1,t1,t4
   196ca:	02838433          	mul	s0,t2,s0
   196ce:	02f383b3          	mul	t2,t2,a5
   196d2:	032787b3          	mul	a5,a5,s2
   196d6:	00878eb3          	add	t4,a5,s0
   196da:	020a5793          	srli	a5,s4,0x20
   196de:	97f6                	add	a5,a5,t4
   196e0:	0087f563          	bgeu	a5,s0,196ea <__multf3+0x2f0>
   196e4:	4e85                	li	t4,1
   196e6:	1e82                	slli	t4,t4,0x20
   196e8:	93f6                	add	t2,t2,t4
   196ea:	0207de93          	srli	t4,a5,0x20
   196ee:	9e9e                	add	t4,t4,t2
   196f0:	020a1393          	slli	t2,s4,0x20
   196f4:	0203d393          	srli	t2,t2,0x20
   196f8:	1782                	slli	a5,a5,0x20
   196fa:	979e                	add	a5,a5,t2
   196fc:	41f003b3          	neg	t2,t6
   19700:	00777733          	and	a4,a4,t2
   19704:	41e003b3          	neg	t2,t5
   19708:	0076f6b3          	and	a3,a3,t2
   1970c:	01c303b3          	add	t2,t1,t3
   19710:	0063b333          	sltu	t1,t2,t1
   19714:	951a                	add	a0,a0,t1
   19716:	9516                	add	a0,a0,t0
   19718:	01ff7f33          	and	t5,t5,t6
   1971c:	00653333          	sltu	t1,a0,t1
   19720:	972a                	add	a4,a4,a0
   19722:	937a                	add	t1,t1,t5
   19724:	00a73533          	sltu	a0,a4,a0
   19728:	9736                	add	a4,a4,a3
   1972a:	951a                	add	a0,a0,t1
   1972c:	00d736b3          	sltu	a3,a4,a3
   19730:	41c70fb3          	sub	t6,a4,t3
   19734:	96aa                	add	a3,a3,a0
   19736:	40ee0e33          	sub	t3,t3,a4
   1973a:	41138533          	sub	a0,t2,a7
   1973e:	00a3b333          	sltu	t1,t2,a0
   19742:	001e3e13          	seqz	t3,t3
   19746:	406f8f33          	sub	t5,t6,t1
   1974a:	01f73733          	sltu	a4,a4,t6
   1974e:	01c37333          	and	t1,t1,t3
   19752:	00676733          	or	a4,a4,t1
   19756:	40f50333          	sub	t1,a0,a5
   1975a:	00653533          	sltu	a0,a0,t1
   1975e:	41df0fb3          	sub	t6,t5,t4
   19762:	40a78e33          	sub	t3,a5,a0
   19766:	9e7e                	add	t3,t3,t6
   19768:	8e99                	sub	a3,a3,a4
   1976a:	00fe3733          	sltu	a4,t3,a5
   1976e:	001fb793          	seqz	a5,t6
   19772:	96f6                	add	a3,a3,t4
   19774:	8d7d                	and	a0,a0,a5
   19776:	01ff37b3          	sltu	a5,t5,t6
   1977a:	9736                	add	a4,a4,a3
   1977c:	8fc9                	or	a5,a5,a0
   1977e:	8f1d                	sub	a4,a4,a5
   19780:	00d31793          	slli	a5,t1,0xd
   19784:	0117e7b3          	or	a5,a5,a7
   19788:	00f037b3          	snez	a5,a5
   1978c:	03335313          	srli	t1,t1,0x33
   19790:	0736                	slli	a4,a4,0xd
   19792:	00de1693          	slli	a3,t3,0xd
   19796:	0067e7b3          	or	a5,a5,t1
   1979a:	033e5413          	srli	s0,t3,0x33
   1979e:	8fd5                	or	a5,a5,a3
   197a0:	00b71693          	slli	a3,a4,0xb
   197a4:	8c59                	or	s0,s0,a4
   197a6:	0406d963          	bgez	a3,197f8 <__multf3+0x3fe>
   197aa:	0017d713          	srli	a4,a5,0x1
   197ae:	8b85                	andi	a5,a5,1
   197b0:	8f5d                	or	a4,a4,a5
   197b2:	03f41793          	slli	a5,s0,0x3f
   197b6:	8fd9                	or	a5,a5,a4
   197b8:	8005                	srli	s0,s0,0x1
   197ba:	6691                	lui	a3,0x4
   197bc:	16fd                	addi	a3,a3,-1 # 3fff <exit-0xc121>
   197be:	96ae                	add	a3,a3,a1
   197c0:	0cd05663          	blez	a3,1988c <__multf3+0x492>
   197c4:	0077f713          	andi	a4,a5,7
   197c8:	cf1d                	beqz	a4,19806 <__multf3+0x40c>
   197ca:	0014e493          	ori	s1,s1,1
   197ce:	4709                	li	a4,2
   197d0:	2481                	sext.w	s1,s1
   197d2:	02e98963          	beq	s3,a4,19804 <__multf3+0x40a>
   197d6:	470d                	li	a4,3
   197d8:	02e98263          	beq	s3,a4,197fc <__multf3+0x402>
   197dc:	02099563          	bnez	s3,19806 <__multf3+0x40c>
   197e0:	00f7f713          	andi	a4,a5,15
   197e4:	4511                	li	a0,4
   197e6:	02a70063          	beq	a4,a0,19806 <__multf3+0x40c>
   197ea:	00a78733          	add	a4,a5,a0
   197ee:	00f73533          	sltu	a0,a4,a5
   197f2:	942a                	add	s0,s0,a0
   197f4:	87ba                	mv	a5,a4
   197f6:	a801                	j	19806 <__multf3+0x40c>
   197f8:	85c2                	mv	a1,a6
   197fa:	b7c1                	j	197ba <__multf3+0x3c0>
   197fc:	e609                	bnez	a2,19806 <__multf3+0x40c>
   197fe:	00878713          	addi	a4,a5,8
   19802:	b7f5                	j	197ee <__multf3+0x3f4>
   19804:	fe6d                	bnez	a2,197fe <__multf3+0x404>
   19806:	00b41713          	slli	a4,s0,0xb
   1980a:	00075863          	bgez	a4,1981a <__multf3+0x420>
   1980e:	577d                	li	a4,-1
   19810:	1752                	slli	a4,a4,0x34
   19812:	177d                	addi	a4,a4,-1
   19814:	6691                	lui	a3,0x4
   19816:	8c79                	and	s0,s0,a4
   19818:	96ae                	add	a3,a3,a1
   1981a:	65a1                	lui	a1,0x8
   1981c:	ffe58713          	addi	a4,a1,-2 # 7ffe <exit-0x8122>
   19820:	04d74063          	blt	a4,a3,19860 <__multf3+0x466>
   19824:	838d                	srli	a5,a5,0x3
   19826:	03d41513          	slli	a0,s0,0x3d
   1982a:	8d5d                	or	a0,a0,a5
   1982c:	00345713          	srli	a4,s0,0x3
   19830:	00f6161b          	slliw	a2,a2,0xf
   19834:	01071593          	slli	a1,a4,0x10
   19838:	8e55                	or	a2,a2,a3
   1983a:	1642                	slli	a2,a2,0x30
   1983c:	81c1                	srli	a1,a1,0x10
   1983e:	8dd1                	or	a1,a1,a2
   19840:	c099                	beqz	s1,19846 <__multf3+0x44c>
   19842:	0014a073          	csrs	fflags,s1
   19846:	60e6                	ld	ra,88(sp)
   19848:	6446                	ld	s0,80(sp)
   1984a:	64a6                	ld	s1,72(sp)
   1984c:	6906                	ld	s2,64(sp)
   1984e:	79e2                	ld	s3,56(sp)
   19850:	7a42                	ld	s4,48(sp)
   19852:	7aa2                	ld	s5,40(sp)
   19854:	7b02                	ld	s6,32(sp)
   19856:	6be2                	ld	s7,24(sp)
   19858:	6c42                	ld	s8,16(sp)
   1985a:	6ca2                	ld	s9,8(sp)
   1985c:	6125                	addi	sp,sp,96
   1985e:	8082                	ret
   19860:	4789                	li	a5,2
   19862:	02f98363          	beq	s3,a5,19888 <__multf3+0x48e>
   19866:	478d                	li	a5,3
   19868:	00f98863          	beq	s3,a5,19878 <__multf3+0x47e>
   1986c:	00099763          	bnez	s3,1987a <__multf3+0x480>
   19870:	4501                	li	a0,0
   19872:	fff58693          	addi	a3,a1,-1
   19876:	a021                	j	1987e <__multf3+0x484>
   19878:	de65                	beqz	a2,19870 <__multf3+0x476>
   1987a:	557d                	li	a0,-1
   1987c:	86ba                	mv	a3,a4
   1987e:	0054e493          	ori	s1,s1,5
   19882:	2481                	sext.w	s1,s1
   19884:	872a                	mv	a4,a0
   19886:	b76d                	j	19830 <__multf3+0x436>
   19888:	f665                	bnez	a2,19870 <__multf3+0x476>
   1988a:	bfc5                	j	1987a <__multf3+0x480>
   1988c:	e2cd                	bnez	a3,1992e <__multf3+0x534>
   1988e:	0077f693          	andi	a3,a5,7
   19892:	8722                	mv	a4,s0
   19894:	ce85                	beqz	a3,198cc <__multf3+0x4d2>
   19896:	0014e493          	ori	s1,s1,1
   1989a:	4689                	li	a3,2
   1989c:	2481                	sext.w	s1,s1
   1989e:	02d98663          	beq	s3,a3,198ca <__multf3+0x4d0>
   198a2:	468d                	li	a3,3
   198a4:	00d98f63          	beq	s3,a3,198c2 <__multf3+0x4c8>
   198a8:	02099263          	bnez	s3,198cc <__multf3+0x4d2>
   198ac:	00f7f693          	andi	a3,a5,15
   198b0:	4591                	li	a1,4
   198b2:	00b68d63          	beq	a3,a1,198cc <__multf3+0x4d2>
   198b6:	ffc7b713          	sltiu	a4,a5,-4
   198ba:	00173713          	seqz	a4,a4
   198be:	9722                	add	a4,a4,s0
   198c0:	a031                	j	198cc <__multf3+0x4d2>
   198c2:	e609                	bnez	a2,198cc <__multf3+0x4d2>
   198c4:	ff87b713          	sltiu	a4,a5,-8
   198c8:	bfcd                	j	198ba <__multf3+0x4c0>
   198ca:	fe6d                	bnez	a2,198c4 <__multf3+0x4ca>
   198cc:	03475593          	srli	a1,a4,0x34
   198d0:	8985                	andi	a1,a1,1
   198d2:	0015c593          	xori	a1,a1,1
   198d6:	4705                	li	a4,1
   198d8:	04000513          	li	a0,64
   198dc:	9d19                	subw	a0,a0,a4
   198de:	00e7d833          	srl	a6,a5,a4
   198e2:	00a416b3          	sll	a3,s0,a0
   198e6:	00a79533          	sll	a0,a5,a0
   198ea:	0106e6b3          	or	a3,a3,a6
   198ee:	00a03533          	snez	a0,a0
   198f2:	00a6e7b3          	or	a5,a3,a0
   198f6:	00e45733          	srl	a4,s0,a4
   198fa:	0077f693          	andi	a3,a5,7
   198fe:	ceb5                	beqz	a3,1997a <__multf3+0x580>
   19900:	0014e493          	ori	s1,s1,1
   19904:	4689                	li	a3,2
   19906:	2481                	sext.w	s1,s1
   19908:	06d98863          	beq	s3,a3,19978 <__multf3+0x57e>
   1990c:	468d                	li	a3,3
   1990e:	06d98163          	beq	s3,a3,19970 <__multf3+0x576>
   19912:	06099463          	bnez	s3,1997a <__multf3+0x580>
   19916:	00f7f693          	andi	a3,a5,15
   1991a:	4511                	li	a0,4
   1991c:	04a68f63          	beq	a3,a0,1997a <__multf3+0x580>
   19920:	00a786b3          	add	a3,a5,a0
   19924:	00f6b533          	sltu	a0,a3,a5
   19928:	972a                	add	a4,a4,a0
   1992a:	87b6                	mv	a5,a3
   1992c:	a0b9                	j	1997a <__multf3+0x580>
   1992e:	f8d00713          	li	a4,-115
   19932:	06e6cf63          	blt	a3,a4,199b0 <__multf3+0x5b6>
   19936:	4585                	li	a1,1
   19938:	fc200513          	li	a0,-62
   1993c:	40d58733          	sub	a4,a1,a3
   19940:	f8a6dce3          	bge	a3,a0,198d8 <__multf3+0x4de>
   19944:	fc07059b          	addiw	a1,a4,-64
   19948:	fc100813          	li	a6,-63
   1994c:	00b455b3          	srl	a1,s0,a1
   19950:	4501                	li	a0,0
   19952:	01068763          	beq	a3,a6,19960 <__multf3+0x566>
   19956:	08000513          	li	a0,128
   1995a:	9d19                	subw	a0,a0,a4
   1995c:	00a41533          	sll	a0,s0,a0
   19960:	8d5d                	or	a0,a0,a5
   19962:	00a03533          	snez	a0,a0
   19966:	00a5e7b3          	or	a5,a1,a0
   1996a:	4701                	li	a4,0
   1996c:	4585                	li	a1,1
   1996e:	b771                	j	198fa <__multf3+0x500>
   19970:	e609                	bnez	a2,1997a <__multf3+0x580>
   19972:	00878693          	addi	a3,a5,8
   19976:	b77d                	j	19924 <__multf3+0x52a>
   19978:	fe6d                	bnez	a2,19972 <__multf3+0x578>
   1997a:	00c71693          	slli	a3,a4,0xc
   1997e:	0206d263          	bgez	a3,199a2 <__multf3+0x5a8>
   19982:	0014e493          	ori	s1,s1,1
   19986:	2481                	sext.w	s1,s1
   19988:	4701                	li	a4,0
   1998a:	4501                	li	a0,0
   1998c:	4685                	li	a3,1
   1998e:	ea0581e3          	beqz	a1,19830 <__multf3+0x436>
   19992:	0014f793          	andi	a5,s1,1
   19996:	0017979b          	slliw	a5,a5,0x1
   1999a:	8fc5                	or	a5,a5,s1
   1999c:	0007849b          	sext.w	s1,a5
   199a0:	bd41                	j	19830 <__multf3+0x436>
   199a2:	03d71513          	slli	a0,a4,0x3d
   199a6:	838d                	srli	a5,a5,0x3
   199a8:	8d5d                	or	a0,a0,a5
   199aa:	830d                	srli	a4,a4,0x3
   199ac:	4681                	li	a3,0
   199ae:	b7c5                	j	1998e <__multf3+0x594>
   199b0:	00f46533          	or	a0,s0,a5
   199b4:	cd11                	beqz	a0,199d0 <__multf3+0x5d6>
   199b6:	4789                	li	a5,2
   199b8:	0014e493          	ori	s1,s1,1
   199bc:	02f98463          	beq	s3,a5,199e4 <__multf3+0x5ea>
   199c0:	478d                	li	a5,3
   199c2:	00f98d63          	beq	s3,a5,199dc <__multf3+0x5e2>
   199c6:	4505                	li	a0,1
   199c8:	00099363          	bnez	s3,199ce <__multf3+0x5d4>
   199cc:	4515                	li	a0,5
   199ce:	810d                	srli	a0,a0,0x3
   199d0:	0024e493          	ori	s1,s1,2
   199d4:	2481                	sext.w	s1,s1
   199d6:	4701                	li	a4,0
   199d8:	4681                	li	a3,0
   199da:	bd99                	j	19830 <__multf3+0x436>
   199dc:	4525                	li	a0,9
   199de:	da65                	beqz	a2,199ce <__multf3+0x5d4>
   199e0:	4505                	li	a0,1
   199e2:	b7f5                	j	199ce <__multf3+0x5d4>
   199e4:	4525                	li	a0,9
   199e6:	f665                	bnez	a2,199ce <__multf3+0x5d4>
   199e8:	bfe5                	j	199e0 <__multf3+0x5e6>
   199ea:	66a1                	lui	a3,0x8
   199ec:	173e                	slli	a4,a4,0x2f
   199ee:	16fd                	addi	a3,a3,-1 # 7fff <exit-0x8121>
   199f0:	4601                	li	a2,0
   199f2:	44c1                	li	s1,16
   199f4:	bd35                	j	19830 <__multf3+0x436>
   199f6:	4705                	li	a4,1
   199f8:	66a1                	lui	a3,0x8
   199fa:	173e                	slli	a4,a4,0x2f
   199fc:	4501                	li	a0,0
   199fe:	16fd                	addi	a3,a3,-1 # 7fff <exit-0x8121>
   19a00:	4601                	li	a2,0
   19a02:	b53d                	j	19830 <__multf3+0x436>
   19a04:	66a1                	lui	a3,0x8
   19a06:	4701                	li	a4,0
   19a08:	4501                	li	a0,0
   19a0a:	16fd                	addi	a3,a3,-1 # 7fff <exit-0x8121>
   19a0c:	b515                	j	19830 <__multf3+0x436>

0000000000019a0e <__subtf3>:
   19a0e:	7179                	addi	sp,sp,-48
   19a10:	f406                	sd	ra,40(sp)
   19a12:	f022                	sd	s0,32(sp)
   19a14:	ec26                	sd	s1,24(sp)
   19a16:	e84a                	sd	s2,16(sp)
   19a18:	e44e                	sd	s3,8(sp)
   19a1a:	e052                	sd	s4,0(sp)
   19a1c:	002029f3          	frrm	s3
   19a20:	577d                	li	a4,-1
   19a22:	8341                	srli	a4,a4,0x10
   19a24:	0305d813          	srli	a6,a1,0x30
   19a28:	03f5d913          	srli	s2,a1,0x3f
   19a2c:	8df9                	and	a1,a1,a4
   19a2e:	058e                	slli	a1,a1,0x3
   19a30:	03d55313          	srli	t1,a0,0x3d
   19a34:	67a1                	lui	a5,0x8
   19a36:	17fd                	addi	a5,a5,-1 # 7fff <exit-0x8121>
   19a38:	0306de93          	srli	t4,a3,0x30
   19a3c:	00b36333          	or	t1,t1,a1
   19a40:	03f6d593          	srli	a1,a3,0x3f
   19a44:	8ef9                	and	a3,a3,a4
   19a46:	03d65e13          	srli	t3,a2,0x3d
   19a4a:	00f87833          	and	a6,a6,a5
   19a4e:	068e                	slli	a3,a3,0x3
   19a50:	00fefeb3          	and	t4,t4,a5
   19a54:	2981                	sext.w	s3,s3
   19a56:	84c2                	mv	s1,a6
   19a58:	050e                	slli	a0,a0,0x3
   19a5a:	00de6e33          	or	t3,t3,a3
   19a5e:	060e                	slli	a2,a2,0x3
   19a60:	00fe9563          	bne	t4,a5,19a6a <__subtf3+0x5c>
   19a64:	00ce67b3          	or	a5,t3,a2
   19a68:	e399                	bnez	a5,19a6e <__subtf3+0x60>
   19a6a:	0015c593          	xori	a1,a1,1
   19a6e:	68a1                	lui	a7,0x8
   19a70:	41d807bb          	subw	a5,a6,t4
   19a74:	18fd                	addi	a7,a7,-1 # 7fff <exit-0x8121>
   19a76:	33259963          	bne	a1,s2,19da8 <__subtf3+0x39a>
   19a7a:	0ef05a63          	blez	a5,19b6e <__subtf3+0x160>
   19a7e:	060e9a63          	bnez	t4,19af2 <__subtf3+0xe4>
   19a82:	00ce6733          	or	a4,t3,a2
   19a86:	e711                	bnez	a4,19a92 <__subtf3+0x84>
   19a88:	862a                	mv	a2,a0
   19a8a:	05180763          	beq	a6,a7,19ad8 <__subtf3+0xca>
   19a8e:	4781                	li	a5,0
   19a90:	a2dd                	j	19c76 <__subtf3+0x268>
   19a92:	37fd                	addiw	a5,a5,-1
   19a94:	e3a1                	bnez	a5,19ad4 <__subtf3+0xc6>
   19a96:	962a                	add	a2,a2,a0
   19a98:	9e1a                	add	t3,t3,t1
   19a9a:	00a63533          	sltu	a0,a2,a0
   19a9e:	00ae0333          	add	t1,t3,a0
   19aa2:	00c31793          	slli	a5,t1,0xc
   19aa6:	0207d563          	bgez	a5,19ad0 <__subtf3+0xc2>
   19aaa:	67a1                	lui	a5,0x8
   19aac:	0485                	addi	s1,s1,1
   19aae:	17fd                	addi	a5,a5,-1 # 7fff <exit-0x8121>
   19ab0:	2cf48863          	beq	s1,a5,19d80 <__subtf3+0x372>
   19ab4:	57fd                	li	a5,-1
   19ab6:	17ce                	slli	a5,a5,0x33
   19ab8:	17fd                	addi	a5,a5,-1
   19aba:	00f377b3          	and	a5,t1,a5
   19abe:	00165713          	srli	a4,a2,0x1
   19ac2:	8a05                	andi	a2,a2,1
   19ac4:	8f51                	or	a4,a4,a2
   19ac6:	03f79613          	slli	a2,a5,0x3f
   19aca:	8e59                	or	a2,a2,a4
   19acc:	0017d313          	srli	t1,a5,0x1
   19ad0:	4781                	li	a5,0
   19ad2:	aca1                	j	19d2a <__subtf3+0x31c>
   19ad4:	03181563          	bne	a6,a7,19afe <__subtf3+0xf0>
   19ad8:	00a36633          	or	a2,t1,a0
   19adc:	70060063          	beqz	a2,1a1dc <__subtf3+0x7ce>
   19ae0:	03235793          	srli	a5,t1,0x32
   19ae4:	8b85                	andi	a5,a5,1
   19ae6:	0017c793          	xori	a5,a5,1
   19aea:	0047979b          	slliw	a5,a5,0x4
   19aee:	862a                	mv	a2,a0
   19af0:	a259                	j	19c76 <__subtf3+0x268>
   19af2:	ff1803e3          	beq	a6,a7,19ad8 <__subtf3+0xca>
   19af6:	4705                	li	a4,1
   19af8:	174e                	slli	a4,a4,0x33
   19afa:	00ee6e33          	or	t3,t3,a4
   19afe:	07400713          	li	a4,116
   19b02:	06f74163          	blt	a4,a5,19b64 <__subtf3+0x156>
   19b06:	03f00713          	li	a4,63
   19b0a:	02f74963          	blt	a4,a5,19b3c <__subtf3+0x12e>
   19b0e:	04000693          	li	a3,64
   19b12:	9e9d                	subw	a3,a3,a5
   19b14:	00de1733          	sll	a4,t3,a3
   19b18:	00f655b3          	srl	a1,a2,a5
   19b1c:	00d616b3          	sll	a3,a2,a3
   19b20:	8f4d                	or	a4,a4,a1
   19b22:	00d036b3          	snez	a3,a3
   19b26:	8f55                	or	a4,a4,a3
   19b28:	00fe57b3          	srl	a5,t3,a5
   19b2c:	00a70633          	add	a2,a4,a0
   19b30:	979a                	add	a5,a5,t1
   19b32:	00e63733          	sltu	a4,a2,a4
   19b36:	00e78333          	add	t1,a5,a4
   19b3a:	b7a5                	j	19aa2 <__subtf3+0x94>
   19b3c:	fc07871b          	addiw	a4,a5,-64
   19b40:	04000593          	li	a1,64
   19b44:	00ee5733          	srl	a4,t3,a4
   19b48:	4681                	li	a3,0
   19b4a:	00b78763          	beq	a5,a1,19b58 <__subtf3+0x14a>
   19b4e:	08000693          	li	a3,128
   19b52:	9e9d                	subw	a3,a3,a5
   19b54:	00de16b3          	sll	a3,t3,a3
   19b58:	8ed1                	or	a3,a3,a2
   19b5a:	00d036b3          	snez	a3,a3
   19b5e:	8f55                	or	a4,a4,a3
   19b60:	4781                	li	a5,0
   19b62:	b7e9                	j	19b2c <__subtf3+0x11e>
   19b64:	00ce6733          	or	a4,t3,a2
   19b68:	00e03733          	snez	a4,a4
   19b6c:	bfd5                	j	19b60 <__subtf3+0x152>
   19b6e:	c7e1                	beqz	a5,19c36 <__subtf3+0x228>
   19b70:	08081163          	bnez	a6,19bf2 <__subtf3+0x1e4>
   19b74:	00a36733          	or	a4,t1,a0
   19b78:	e30d                	bnez	a4,19b9a <__subtf3+0x18c>
   19b7a:	671e9363          	bne	t4,a7,1a1e0 <__subtf3+0x7d2>
   19b7e:	00ce6333          	or	t1,t3,a2
   19b82:	66030363          	beqz	t1,1a1e8 <__subtf3+0x7da>
   19b86:	032e5793          	srli	a5,t3,0x32
   19b8a:	8b85                	andi	a5,a5,1
   19b8c:	0017c793          	xori	a5,a5,1
   19b90:	0047979b          	slliw	a5,a5,0x4
   19b94:	8372                	mv	t1,t3
   19b96:	84f6                	mv	s1,t4
   19b98:	a8f9                	j	19c76 <__subtf3+0x268>
   19b9a:	fff7c793          	not	a5,a5
   19b9e:	2781                	sext.w	a5,a5
   19ba0:	eb89                	bnez	a5,19bb2 <__subtf3+0x1a4>
   19ba2:	962a                	add	a2,a2,a0
   19ba4:	9e1a                	add	t3,t3,t1
   19ba6:	00a63533          	sltu	a0,a2,a0
   19baa:	00ae0333          	add	t1,t3,a0
   19bae:	84f6                	mv	s1,t4
   19bb0:	bdcd                	j	19aa2 <__subtf3+0x94>
   19bb2:	fd1e86e3          	beq	t4,a7,19b7e <__subtf3+0x170>
   19bb6:	07400713          	li	a4,116
   19bba:	06f74963          	blt	a4,a5,19c2c <__subtf3+0x21e>
   19bbe:	03f00713          	li	a4,63
   19bc2:	04f74163          	blt	a4,a5,19c04 <__subtf3+0x1f6>
   19bc6:	04000693          	li	a3,64
   19bca:	9e9d                	subw	a3,a3,a5
   19bcc:	00d31733          	sll	a4,t1,a3
   19bd0:	00f555b3          	srl	a1,a0,a5
   19bd4:	00d516b3          	sll	a3,a0,a3
   19bd8:	8f4d                	or	a4,a4,a1
   19bda:	00d036b3          	snez	a3,a3
   19bde:	8f55                	or	a4,a4,a3
   19be0:	00f357b3          	srl	a5,t1,a5
   19be4:	963a                	add	a2,a2,a4
   19be6:	97f2                	add	a5,a5,t3
   19be8:	00e63733          	sltu	a4,a2,a4
   19bec:	00e78333          	add	t1,a5,a4
   19bf0:	bf7d                	j	19bae <__subtf3+0x1a0>
   19bf2:	f91e86e3          	beq	t4,a7,19b7e <__subtf3+0x170>
   19bf6:	4705                	li	a4,1
   19bf8:	174e                	slli	a4,a4,0x33
   19bfa:	40f007bb          	negw	a5,a5
   19bfe:	00e36333          	or	t1,t1,a4
   19c02:	bf55                	j	19bb6 <__subtf3+0x1a8>
   19c04:	fc07871b          	addiw	a4,a5,-64
   19c08:	04000593          	li	a1,64
   19c0c:	00e35733          	srl	a4,t1,a4
   19c10:	4681                	li	a3,0
   19c12:	00b78763          	beq	a5,a1,19c20 <__subtf3+0x212>
   19c16:	08000693          	li	a3,128
   19c1a:	9e9d                	subw	a3,a3,a5
   19c1c:	00d316b3          	sll	a3,t1,a3
   19c20:	8ec9                	or	a3,a3,a0
   19c22:	00d036b3          	snez	a3,a3
   19c26:	8f55                	or	a4,a4,a3
   19c28:	4781                	li	a5,0
   19c2a:	bf6d                	j	19be4 <__subtf3+0x1d6>
   19c2c:	00a36733          	or	a4,t1,a0
   19c30:	00e03733          	snez	a4,a4
   19c34:	bfd5                	j	19c28 <__subtf3+0x21a>
   19c36:	00180713          	addi	a4,a6,1
   19c3a:	03171693          	slli	a3,a4,0x31
   19c3e:	92c9                	srli	a3,a3,0x32
   19c40:	e6f9                	bnez	a3,19d0e <__subtf3+0x300>
   19c42:	00a36733          	or	a4,t1,a0
   19c46:	08081363          	bnez	a6,19ccc <__subtf3+0x2be>
   19c4a:	4e070663          	beqz	a4,1a136 <__subtf3+0x728>
   19c4e:	00ce6733          	or	a4,t3,a2
   19c52:	4e070663          	beqz	a4,1a13e <__subtf3+0x730>
   19c56:	962a                	add	a2,a2,a0
   19c58:	9e1a                	add	t3,t3,t1
   19c5a:	00a63533          	sltu	a0,a2,a0
   19c5e:	00ae0333          	add	t1,t3,a0
   19c62:	00c31713          	slli	a4,t1,0xc
   19c66:	40075863          	bgez	a4,1a076 <__subtf3+0x668>
   19c6a:	577d                	li	a4,-1
   19c6c:	174e                	slli	a4,a4,0x33
   19c6e:	177d                	addi	a4,a4,-1
   19c70:	00e37333          	and	t1,t1,a4
   19c74:	4485                	li	s1,1
   19c76:	6721                	lui	a4,0x8
   19c78:	03d31513          	slli	a0,t1,0x3d
   19c7c:	820d                	srli	a2,a2,0x3
   19c7e:	177d                	addi	a4,a4,-1 # 7fff <exit-0x8121>
   19c80:	8d51                	or	a0,a0,a2
   19c82:	00335313          	srli	t1,t1,0x3
   19c86:	00e49a63          	bne	s1,a4,19c9a <__subtf3+0x28c>
   19c8a:	00656533          	or	a0,a0,t1
   19c8e:	4301                	li	t1,0
   19c90:	c509                	beqz	a0,19c9a <__subtf3+0x28c>
   19c92:	4305                	li	t1,1
   19c94:	133e                	slli	t1,t1,0x2f
   19c96:	4501                	li	a0,0
   19c98:	4901                	li	s2,0
   19c9a:	03149713          	slli	a4,s1,0x31
   19c9e:	00197913          	andi	s2,s2,1
   19ca2:	9345                	srli	a4,a4,0x31
   19ca4:	093e                	slli	s2,s2,0xf
   19ca6:	01031593          	slli	a1,t1,0x10
   19caa:	00e96933          	or	s2,s2,a4
   19cae:	1942                	slli	s2,s2,0x30
   19cb0:	81c1                	srli	a1,a1,0x10
   19cb2:	0125e5b3          	or	a1,a1,s2
   19cb6:	c399                	beqz	a5,19cbc <__subtf3+0x2ae>
   19cb8:	0017a073          	csrs	fflags,a5
   19cbc:	70a2                	ld	ra,40(sp)
   19cbe:	7402                	ld	s0,32(sp)
   19cc0:	64e2                	ld	s1,24(sp)
   19cc2:	6942                	ld	s2,16(sp)
   19cc4:	69a2                	ld	s3,8(sp)
   19cc6:	6a02                	ld	s4,0(sp)
   19cc8:	6145                	addi	sp,sp,48
   19cca:	8082                	ret
   19ccc:	03181563          	bne	a6,a7,19cf6 <__subtf3+0x2e8>
   19cd0:	c31d                	beqz	a4,19cf6 <__subtf3+0x2e8>
   19cd2:	03235793          	srli	a5,t1,0x32
   19cd6:	8b85                	andi	a5,a5,1
   19cd8:	0017c793          	xori	a5,a5,1
   19cdc:	0047979b          	slliw	a5,a5,0x4
   19ce0:	030e9163          	bne	t4,a6,19d02 <__subtf3+0x2f4>
   19ce4:	00ce66b3          	or	a3,t3,a2
   19ce8:	ca99                	beqz	a3,19cfe <__subtf3+0x2f0>
   19cea:	00de1693          	slli	a3,t3,0xd
   19cee:	0006c863          	bltz	a3,19cfe <__subtf3+0x2f0>
   19cf2:	47c1                	li	a5,16
   19cf4:	a029                	j	19cfe <__subtf3+0x2f0>
   19cf6:	66a1                	lui	a3,0x8
   19cf8:	16fd                	addi	a3,a3,-1 # 7fff <exit-0x8121>
   19cfa:	fede85e3          	beq	t4,a3,19ce4 <__subtf3+0x2d6>
   19cfe:	2e070263          	beqz	a4,19fe2 <__subtf3+0x5d4>
   19d02:	00ce6e33          	or	t3,t3,a2
   19d06:	2e0e1563          	bnez	t3,19ff0 <__subtf3+0x5e2>
   19d0a:	862a                	mv	a2,a0
   19d0c:	ace1                	j	19fe4 <__subtf3+0x5d6>
   19d0e:	03170063          	beq	a4,a7,19d2e <__subtf3+0x320>
   19d12:	962a                	add	a2,a2,a0
   19d14:	9e1a                	add	t3,t3,t1
   19d16:	00a63533          	sltu	a0,a2,a0
   19d1a:	9e2a                	add	t3,t3,a0
   19d1c:	03fe1693          	slli	a3,t3,0x3f
   19d20:	8205                	srli	a2,a2,0x1
   19d22:	8e55                	or	a2,a2,a3
   19d24:	001e5313          	srli	t1,t3,0x1
   19d28:	84ba                	mv	s1,a4
   19d2a:	4701                	li	a4,0
   19d2c:	ae49                	j	1a0be <__subtf3+0x6b0>
   19d2e:	4a098563          	beqz	s3,1a1d8 <__subtf3+0x7ca>
   19d32:	468d                	li	a3,3
   19d34:	02d99a63          	bne	s3,a3,19d68 <__subtf3+0x35a>
   19d38:	4a090063          	beqz	s2,1a1d8 <__subtf3+0x7ca>
   19d3c:	64a1                	lui	s1,0x8
   19d3e:	14f9                	addi	s1,s1,-2 # 7ffe <exit-0x8122>
   19d40:	567d                	li	a2,-1
   19d42:	8332                	mv	t1,a2
   19d44:	4715                	li	a4,5
   19d46:	468d                	li	a3,3
   19d48:	40d98d63          	beq	s3,a3,1a162 <__subtf3+0x754>
   19d4c:	42099363          	bnez	s3,1a172 <__subtf3+0x764>
   19d50:	00f67693          	andi	a3,a2,15
   19d54:	4591                	li	a1,4
   19d56:	40b68e63          	beq	a3,a1,1a172 <__subtf3+0x764>
   19d5a:	00b606b3          	add	a3,a2,a1
   19d5e:	00c6b5b3          	sltu	a1,a3,a2
   19d62:	932e                	add	t1,t1,a1
   19d64:	8636                	mv	a2,a3
   19d66:	a131                	j	1a172 <__subtf3+0x764>
   19d68:	4789                	li	a5,2
   19d6a:	42f99a63          	bne	s3,a5,1a19e <__subtf3+0x790>
   19d6e:	46091563          	bnez	s2,1a1d8 <__subtf3+0x7ca>
   19d72:	64a1                	lui	s1,0x8
   19d74:	567d                	li	a2,-1
   19d76:	14f9                	addi	s1,s1,-2 # 7ffe <exit-0x8122>
   19d78:	8332                	mv	t1,a2
   19d7a:	4715                	li	a4,5
   19d7c:	87ba                	mv	a5,a4
   19d7e:	a109                	j	1a180 <__subtf3+0x772>
   19d80:	02098063          	beqz	s3,19da0 <__subtf3+0x392>
   19d84:	478d                	li	a5,3
   19d86:	00f99863          	bne	s3,a5,19d96 <__subtf3+0x388>
   19d8a:	00090b63          	beqz	s2,19da0 <__subtf3+0x392>
   19d8e:	64a1                	lui	s1,0x8
   19d90:	14f9                	addi	s1,s1,-2 # 7ffe <exit-0x8122>
   19d92:	4781                	li	a5,0
   19d94:	b775                	j	19d40 <__subtf3+0x332>
   19d96:	4789                	li	a5,2
   19d98:	40f99363          	bne	s3,a5,1a19e <__subtf3+0x790>
   19d9c:	fc090be3          	beqz	s2,19d72 <__subtf3+0x364>
   19da0:	4301                	li	t1,0
   19da2:	4601                	li	a2,0
   19da4:	4795                	li	a5,5
   19da6:	bdc1                	j	19c76 <__subtf3+0x268>
   19da8:	0af05d63          	blez	a5,19e62 <__subtf3+0x454>
   19dac:	060e9b63          	bnez	t4,19e22 <__subtf3+0x414>
   19db0:	00ce6733          	or	a4,t3,a2
   19db4:	cc070ae3          	beqz	a4,19a88 <__subtf3+0x7a>
   19db8:	37fd                	addiw	a5,a5,-1
   19dba:	e395                	bnez	a5,19dde <__subtf3+0x3d0>
   19dbc:	40c50633          	sub	a2,a0,a2
   19dc0:	41c30e33          	sub	t3,t1,t3
   19dc4:	00c53533          	sltu	a0,a0,a2
   19dc8:	40ae0333          	sub	t1,t3,a0
   19dcc:	00c31793          	slli	a5,t1,0xc
   19dd0:	d007d0e3          	bgez	a5,19ad0 <__subtf3+0xc2>
   19dd4:	00d31413          	slli	s0,t1,0xd
   19dd8:	8035                	srli	s0,s0,0xd
   19dda:	8a32                	mv	s4,a2
   19ddc:	a499                	j	1a022 <__subtf3+0x614>
   19dde:	cf180de3          	beq	a6,a7,19ad8 <__subtf3+0xca>
   19de2:	07400713          	li	a4,116
   19de6:	06f74963          	blt	a4,a5,19e58 <__subtf3+0x44a>
   19dea:	03f00713          	li	a4,63
   19dee:	04f74163          	blt	a4,a5,19e30 <__subtf3+0x422>
   19df2:	04000693          	li	a3,64
   19df6:	9e9d                	subw	a3,a3,a5
   19df8:	00de1733          	sll	a4,t3,a3
   19dfc:	00f655b3          	srl	a1,a2,a5
   19e00:	00d616b3          	sll	a3,a2,a3
   19e04:	8f4d                	or	a4,a4,a1
   19e06:	00d036b3          	snez	a3,a3
   19e0a:	8f55                	or	a4,a4,a3
   19e0c:	00fe57b3          	srl	a5,t3,a5
   19e10:	40e50633          	sub	a2,a0,a4
   19e14:	40f307b3          	sub	a5,t1,a5
   19e18:	00c53533          	sltu	a0,a0,a2
   19e1c:	40a78333          	sub	t1,a5,a0
   19e20:	b775                	j	19dcc <__subtf3+0x3be>
   19e22:	cb180be3          	beq	a6,a7,19ad8 <__subtf3+0xca>
   19e26:	4705                	li	a4,1
   19e28:	174e                	slli	a4,a4,0x33
   19e2a:	00ee6e33          	or	t3,t3,a4
   19e2e:	bf55                	j	19de2 <__subtf3+0x3d4>
   19e30:	fc07871b          	addiw	a4,a5,-64
   19e34:	04000593          	li	a1,64
   19e38:	00ee5733          	srl	a4,t3,a4
   19e3c:	4681                	li	a3,0
   19e3e:	00b78763          	beq	a5,a1,19e4c <__subtf3+0x43e>
   19e42:	08000693          	li	a3,128
   19e46:	9e9d                	subw	a3,a3,a5
   19e48:	00de16b3          	sll	a3,t3,a3
   19e4c:	8ed1                	or	a3,a3,a2
   19e4e:	00d036b3          	snez	a3,a3
   19e52:	8f55                	or	a4,a4,a3
   19e54:	4781                	li	a5,0
   19e56:	bf6d                	j	19e10 <__subtf3+0x402>
   19e58:	00ce6733          	or	a4,t3,a2
   19e5c:	00e03733          	snez	a4,a4
   19e60:	bfd5                	j	19e54 <__subtf3+0x446>
   19e62:	cfe1                	beqz	a5,19f3a <__subtf3+0x52c>
   19e64:	08081963          	bnez	a6,19ef6 <__subtf3+0x4e8>
   19e68:	00a36733          	or	a4,t1,a0
   19e6c:	e30d                	bnez	a4,19e8e <__subtf3+0x480>
   19e6e:	892e                	mv	s2,a1
   19e70:	371e9863          	bne	t4,a7,1a1e0 <__subtf3+0x7d2>
   19e74:	00ce6333          	or	t1,t3,a2
   19e78:	36030763          	beqz	t1,1a1e6 <__subtf3+0x7d8>
   19e7c:	032e5793          	srli	a5,t3,0x32
   19e80:	8b85                	andi	a5,a5,1
   19e82:	0017c793          	xori	a5,a5,1
   19e86:	0047979b          	slliw	a5,a5,0x4
   19e8a:	892e                	mv	s2,a1
   19e8c:	b321                	j	19b94 <__subtf3+0x186>
   19e8e:	fff7c793          	not	a5,a5
   19e92:	2781                	sext.w	a5,a5
   19e94:	ef89                	bnez	a5,19eae <__subtf3+0x4a0>
   19e96:	40a60533          	sub	a0,a2,a0
   19e9a:	00a637b3          	sltu	a5,a2,a0
   19e9e:	406e0e33          	sub	t3,t3,t1
   19ea2:	862a                	mv	a2,a0
   19ea4:	40fe0333          	sub	t1,t3,a5
   19ea8:	84f6                	mv	s1,t4
   19eaa:	892e                	mv	s2,a1
   19eac:	b705                	j	19dcc <__subtf3+0x3be>
   19eae:	fd1e83e3          	beq	t4,a7,19e74 <__subtf3+0x466>
   19eb2:	07400713          	li	a4,116
   19eb6:	06f74d63          	blt	a4,a5,19f30 <__subtf3+0x522>
   19eba:	03f00713          	li	a4,63
   19ebe:	04f74563          	blt	a4,a5,19f08 <__subtf3+0x4fa>
   19ec2:	04000693          	li	a3,64
   19ec6:	9e9d                	subw	a3,a3,a5
   19ec8:	00d31733          	sll	a4,t1,a3
   19ecc:	00f55833          	srl	a6,a0,a5
   19ed0:	00d516b3          	sll	a3,a0,a3
   19ed4:	01076733          	or	a4,a4,a6
   19ed8:	00d036b3          	snez	a3,a3
   19edc:	8f55                	or	a4,a4,a3
   19ede:	00f357b3          	srl	a5,t1,a5
   19ee2:	40e60733          	sub	a4,a2,a4
   19ee6:	00e63333          	sltu	t1,a2,a4
   19eea:	40fe07b3          	sub	a5,t3,a5
   19eee:	863a                	mv	a2,a4
   19ef0:	40678333          	sub	t1,a5,t1
   19ef4:	bf55                	j	19ea8 <__subtf3+0x49a>
   19ef6:	f71e8fe3          	beq	t4,a7,19e74 <__subtf3+0x466>
   19efa:	4705                	li	a4,1
   19efc:	174e                	slli	a4,a4,0x33
   19efe:	40f007bb          	negw	a5,a5
   19f02:	00e36333          	or	t1,t1,a4
   19f06:	b775                	j	19eb2 <__subtf3+0x4a4>
   19f08:	fc07871b          	addiw	a4,a5,-64
   19f0c:	04000813          	li	a6,64
   19f10:	00e35733          	srl	a4,t1,a4
   19f14:	4681                	li	a3,0
   19f16:	01078763          	beq	a5,a6,19f24 <__subtf3+0x516>
   19f1a:	08000693          	li	a3,128
   19f1e:	9e9d                	subw	a3,a3,a5
   19f20:	00d316b3          	sll	a3,t1,a3
   19f24:	8ec9                	or	a3,a3,a0
   19f26:	00d036b3          	snez	a3,a3
   19f2a:	8f55                	or	a4,a4,a3
   19f2c:	4781                	li	a5,0
   19f2e:	bf55                	j	19ee2 <__subtf3+0x4d4>
   19f30:	00a36733          	or	a4,t1,a0
   19f34:	00e03733          	snez	a4,a4
   19f38:	bfd5                	j	19f2c <__subtf3+0x51e>
   19f3a:	00180713          	addi	a4,a6,1
   19f3e:	03171693          	slli	a3,a4,0x31
   19f42:	92c9                	srli	a3,a3,0x32
   19f44:	eadd                	bnez	a3,19ffa <__subtf3+0x5ec>
   19f46:	00ce6733          	or	a4,t3,a2
   19f4a:	00a366b3          	or	a3,t1,a0
   19f4e:	04081f63          	bnez	a6,19fac <__subtf3+0x59e>
   19f52:	ea91                	bnez	a3,19f66 <__subtf3+0x558>
   19f54:	1e071363          	bnez	a4,1a13a <__subtf3+0x72c>
   19f58:	ffe98913          	addi	s2,s3,-2
   19f5c:	00193913          	seqz	s2,s2
   19f60:	4301                	li	t1,0
   19f62:	4601                	li	a2,0
   19f64:	bb09                	j	19c76 <__subtf3+0x268>
   19f66:	1c070c63          	beqz	a4,1a13e <__subtf3+0x730>
   19f6a:	40c506b3          	sub	a3,a0,a2
   19f6e:	00d53833          	sltu	a6,a0,a3
   19f72:	41c30733          	sub	a4,t1,t3
   19f76:	41070733          	sub	a4,a4,a6
   19f7a:	00c71813          	slli	a6,a4,0xc
   19f7e:	00085d63          	bgez	a6,19f98 <__subtf3+0x58a>
   19f82:	40a60533          	sub	a0,a2,a0
   19f86:	00a637b3          	sltu	a5,a2,a0
   19f8a:	406e0e33          	sub	t3,t3,t1
   19f8e:	862a                	mv	a2,a0
   19f90:	40fe0333          	sub	t1,t3,a5
   19f94:	892e                	mv	s2,a1
   19f96:	a0c5                	j	1a076 <__subtf3+0x668>
   19f98:	00e6e633          	or	a2,a3,a4
   19f9c:	1a061363          	bnez	a2,1a142 <__subtf3+0x734>
   19fa0:	ffe98913          	addi	s2,s3,-2
   19fa4:	00193913          	seqz	s2,s2
   19fa8:	4301                	li	t1,0
   19faa:	b1f1                	j	19c76 <__subtf3+0x268>
   19fac:	03181563          	bne	a6,a7,19fd6 <__subtf3+0x5c8>
   19fb0:	24068a63          	beqz	a3,1a204 <__subtf3+0x7f6>
   19fb4:	03235793          	srli	a5,t1,0x32
   19fb8:	8b85                	andi	a5,a5,1
   19fba:	0017c793          	xori	a5,a5,1
   19fbe:	0047979b          	slliw	a5,a5,0x4
   19fc2:	030e9563          	bne	t4,a6,19fec <__subtf3+0x5de>
   19fc6:	cb11                	beqz	a4,19fda <__subtf3+0x5cc>
   19fc8:	00de1813          	slli	a6,t3,0xd
   19fcc:	00084763          	bltz	a6,19fda <__subtf3+0x5cc>
   19fd0:	47c1                	li	a5,16
   19fd2:	c699                	beqz	a3,19fe0 <__subtf3+0x5d2>
   19fd4:	a831                	j	19ff0 <__subtf3+0x5e2>
   19fd6:	ff1e88e3          	beq	t4,a7,19fc6 <__subtf3+0x5b8>
   19fda:	ea89                	bnez	a3,19fec <__subtf3+0x5de>
   19fdc:	20070863          	beqz	a4,1a1ec <__subtf3+0x7de>
   19fe0:	892e                	mv	s2,a1
   19fe2:	8372                	mv	t1,t3
   19fe4:	6721                	lui	a4,0x8
   19fe6:	fff70493          	addi	s1,a4,-1 # 7fff <exit-0x8121>
   19fea:	b171                	j	19c76 <__subtf3+0x268>
   19fec:	d0070fe3          	beqz	a4,19d0a <__subtf3+0x2fc>
   19ff0:	4305                	li	t1,1
   19ff2:	4901                	li	s2,0
   19ff4:	134a                	slli	t1,t1,0x32
   19ff6:	4601                	li	a2,0
   19ff8:	b7f5                	j	19fe4 <__subtf3+0x5d6>
   19ffa:	40c50733          	sub	a4,a0,a2
   19ffe:	00e536b3          	sltu	a3,a0,a4
   1a002:	41c30433          	sub	s0,t1,t3
   1a006:	8c15                	sub	s0,s0,a3
   1a008:	00c41693          	slli	a3,s0,0xc
   1a00c:	8a3a                	mv	s4,a4
   1a00e:	0c06d063          	bgez	a3,1a0ce <__subtf3+0x6c0>
   1a012:	40a60a33          	sub	s4,a2,a0
   1a016:	406e0433          	sub	s0,t3,t1
   1a01a:	01463633          	sltu	a2,a2,s4
   1a01e:	8c11                	sub	s0,s0,a2
   1a020:	892e                	mv	s2,a1
   1a022:	c061                	beqz	s0,1a0e2 <__subtf3+0x6d4>
   1a024:	8522                	mv	a0,s0
   1a026:	3ec000ef          	jal	1a412 <__clzdi2>
   1a02a:	ff45061b          	addiw	a2,a0,-12
   1a02e:	04000313          	li	t1,64
   1a032:	40c3033b          	subw	t1,t1,a2
   1a036:	00c41433          	sll	s0,s0,a2
   1a03a:	006a5333          	srl	t1,s4,t1
   1a03e:	00836333          	or	t1,t1,s0
   1a042:	00ca1433          	sll	s0,s4,a2
   1a046:	0e964063          	blt	a2,s1,1a126 <__subtf3+0x718>
   1a04a:	9e05                	subw	a2,a2,s1
   1a04c:	0016071b          	addiw	a4,a2,1 # 8001 <exit-0x811f>
   1a050:	03f00793          	li	a5,63
   1a054:	0ae7c563          	blt	a5,a4,1a0fe <__subtf3+0x6f0>
   1a058:	04000793          	li	a5,64
   1a05c:	9f99                	subw	a5,a5,a4
   1a05e:	00f31633          	sll	a2,t1,a5
   1a062:	00e456b3          	srl	a3,s0,a4
   1a066:	00f417b3          	sll	a5,s0,a5
   1a06a:	8e55                	or	a2,a2,a3
   1a06c:	00f037b3          	snez	a5,a5
   1a070:	8e5d                	or	a2,a2,a5
   1a072:	00e35333          	srl	t1,t1,a4
   1a076:	00c367b3          	or	a5,t1,a2
   1a07a:	18078263          	beqz	a5,1a1fe <__subtf3+0x7f0>
   1a07e:	00161693          	slli	a3,a2,0x1
   1a082:	03f65713          	srli	a4,a2,0x3f
   1a086:	00131793          	slli	a5,t1,0x1
   1a08a:	0076f593          	andi	a1,a3,7
   1a08e:	97ba                	add	a5,a5,a4
   1a090:	4701                	li	a4,0
   1a092:	c18d                	beqz	a1,1a0b4 <__subtf3+0x6a6>
   1a094:	4709                	li	a4,2
   1a096:	0ce98263          	beq	s3,a4,1a15a <__subtf3+0x74c>
   1a09a:	470d                	li	a4,3
   1a09c:	0ae98663          	beq	s3,a4,1a148 <__subtf3+0x73a>
   1a0a0:	4705                	li	a4,1
   1a0a2:	00099963          	bnez	s3,1a0b4 <__subtf3+0x6a6>
   1a0a6:	00f6f593          	andi	a1,a3,15
   1a0aa:	4511                	li	a0,4
   1a0ac:	ffc6b693          	sltiu	a3,a3,-4
   1a0b0:	0aa59163          	bne	a1,a0,1a152 <__subtf3+0x744>
   1a0b4:	93d1                	srli	a5,a5,0x34
   1a0b6:	8b85                	andi	a5,a5,1
   1a0b8:	0017c793          	xori	a5,a5,1
   1a0bc:	4481                	li	s1,0
   1a0be:	00767693          	andi	a3,a2,7
   1a0c2:	cac5                	beqz	a3,1a172 <__subtf3+0x764>
   1a0c4:	4709                	li	a4,2
   1a0c6:	0ae98363          	beq	s3,a4,1a16c <__subtf3+0x75e>
   1a0ca:	4705                	li	a4,1
   1a0cc:	b9ad                	j	19d46 <__subtf3+0x338>
   1a0ce:	00876633          	or	a2,a4,s0
   1a0d2:	fa21                	bnez	a2,1a022 <__subtf3+0x614>
   1a0d4:	ffe98913          	addi	s2,s3,-2
   1a0d8:	00193913          	seqz	s2,s2
   1a0dc:	4301                	li	t1,0
   1a0de:	4481                	li	s1,0
   1a0e0:	be59                	j	19c76 <__subtf3+0x268>
   1a0e2:	8552                	mv	a0,s4
   1a0e4:	32e000ef          	jal	1a412 <__clzdi2>
   1a0e8:	0345061b          	addiw	a2,a0,52
   1a0ec:	03f00793          	li	a5,63
   1a0f0:	f2c7dfe3          	bge	a5,a2,1a02e <__subtf3+0x620>
   1a0f4:	ff45031b          	addiw	t1,a0,-12
   1a0f8:	006a1333          	sll	t1,s4,t1
   1a0fc:	b7a9                	j	1a046 <__subtf3+0x638>
   1a0fe:	fc16061b          	addiw	a2,a2,-63
   1a102:	04000693          	li	a3,64
   1a106:	00c35633          	srl	a2,t1,a2
   1a10a:	4781                	li	a5,0
   1a10c:	00d70763          	beq	a4,a3,1a11a <__subtf3+0x70c>
   1a110:	08000793          	li	a5,128
   1a114:	9f99                	subw	a5,a5,a4
   1a116:	00f317b3          	sll	a5,t1,a5
   1a11a:	8fc1                	or	a5,a5,s0
   1a11c:	00f037b3          	snez	a5,a5
   1a120:	8e5d                	or	a2,a2,a5
   1a122:	4301                	li	t1,0
   1a124:	bf89                	j	1a076 <__subtf3+0x668>
   1a126:	57fd                	li	a5,-1
   1a128:	17ce                	slli	a5,a5,0x33
   1a12a:	17fd                	addi	a5,a5,-1
   1a12c:	8c91                	sub	s1,s1,a2
   1a12e:	00f37333          	and	t1,t1,a5
   1a132:	8622                	mv	a2,s0
   1a134:	ba71                	j	19ad0 <__subtf3+0xc2>
   1a136:	8372                	mv	t1,t3
   1a138:	bf3d                	j	1a076 <__subtf3+0x668>
   1a13a:	8372                	mv	t1,t3
   1a13c:	bda1                	j	19f94 <__subtf3+0x586>
   1a13e:	862a                	mv	a2,a0
   1a140:	bf1d                	j	1a076 <__subtf3+0x668>
   1a142:	833a                	mv	t1,a4
   1a144:	8636                	mv	a2,a3
   1a146:	bf05                	j	1a076 <__subtf3+0x668>
   1a148:	4705                	li	a4,1
   1a14a:	f60915e3          	bnez	s2,1a0b4 <__subtf3+0x6a6>
   1a14e:	ff86b693          	sltiu	a3,a3,-8
   1a152:	0016b693          	seqz	a3,a3
   1a156:	97b6                	add	a5,a5,a3
   1a158:	bfb1                	j	1a0b4 <__subtf3+0x6a6>
   1a15a:	4705                	li	a4,1
   1a15c:	f4090ce3          	beqz	s2,1a0b4 <__subtf3+0x6a6>
   1a160:	b7fd                	j	1a14e <__subtf3+0x740>
   1a162:	00091863          	bnez	s2,1a172 <__subtf3+0x764>
   1a166:	00860693          	addi	a3,a2,8
   1a16a:	bed5                	j	19d5e <__subtf3+0x350>
   1a16c:	4705                	li	a4,1
   1a16e:	fe091ce3          	bnez	s2,1a166 <__subtf3+0x758>
   1a172:	c00785e3          	beqz	a5,19d7c <__subtf3+0x36e>
   1a176:	00177793          	andi	a5,a4,1
   1a17a:	0017979b          	slliw	a5,a5,0x1
   1a17e:	8fd9                	or	a5,a5,a4
   1a180:	00c31713          	slli	a4,t1,0xc
   1a184:	ae0759e3          	bgez	a4,19c76 <__subtf3+0x268>
   1a188:	6721                	lui	a4,0x8
   1a18a:	0485                	addi	s1,s1,1
   1a18c:	177d                	addi	a4,a4,-1 # 7fff <exit-0x8121>
   1a18e:	00e48e63          	beq	s1,a4,1a1aa <__subtf3+0x79c>
   1a192:	577d                	li	a4,-1
   1a194:	174e                	slli	a4,a4,0x33
   1a196:	177d                	addi	a4,a4,-1
   1a198:	00e37333          	and	t1,t1,a4
   1a19c:	bce9                	j	19c76 <__subtf3+0x268>
   1a19e:	64a1                	lui	s1,0x8
   1a1a0:	537d                	li	t1,-1
   1a1a2:	14f9                	addi	s1,s1,-2 # 7ffe <exit-0x8122>
   1a1a4:	861a                	mv	a2,t1
   1a1a6:	4795                	li	a5,5
   1a1a8:	bfe1                	j	1a180 <__subtf3+0x772>
   1a1aa:	4601                	li	a2,0
   1a1ac:	02098163          	beqz	s3,1a1ce <__subtf3+0x7c0>
   1a1b0:	470d                	li	a4,3
   1a1b2:	00e99863          	bne	s3,a4,1a1c2 <__subtf3+0x7b4>
   1a1b6:	00090c63          	beqz	s2,1a1ce <__subtf3+0x7c0>
   1a1ba:	64a1                	lui	s1,0x8
   1a1bc:	567d                	li	a2,-1
   1a1be:	14f9                	addi	s1,s1,-2 # 7ffe <exit-0x8122>
   1a1c0:	a039                	j	1a1ce <__subtf3+0x7c0>
   1a1c2:	ffe98693          	addi	a3,s3,-2
   1a1c6:	faf5                	bnez	a3,1a1ba <__subtf3+0x7ac>
   1a1c8:	00197713          	andi	a4,s2,1
   1a1cc:	d77d                	beqz	a4,1a1ba <__subtf3+0x7ac>
   1a1ce:	0057e793          	ori	a5,a5,5
   1a1d2:	2781                	sext.w	a5,a5
   1a1d4:	8332                	mv	t1,a2
   1a1d6:	b445                	j	19c76 <__subtf3+0x268>
   1a1d8:	84ba                	mv	s1,a4
   1a1da:	b6d9                	j	19da0 <__subtf3+0x392>
   1a1dc:	4301                	li	t1,0
   1a1de:	b845                	j	19a8e <__subtf3+0x80>
   1a1e0:	8372                	mv	t1,t3
   1a1e2:	84f6                	mv	s1,t4
   1a1e4:	b06d                	j	19a8e <__subtf3+0x80>
   1a1e6:	892e                	mv	s2,a1
   1a1e8:	4601                	li	a2,0
   1a1ea:	bfe5                	j	1a1e2 <__subtf3+0x7d4>
   1a1ec:	4305                	li	t1,1
   1a1ee:	6721                	lui	a4,0x8
   1a1f0:	4901                	li	s2,0
   1a1f2:	4601                	li	a2,0
   1a1f4:	134a                	slli	t1,t1,0x32
   1a1f6:	fff70493          	addi	s1,a4,-1 # 7fff <exit-0x8121>
   1a1fa:	47c1                	li	a5,16
   1a1fc:	bcad                	j	19c76 <__subtf3+0x268>
   1a1fe:	4301                	li	t1,0
   1a200:	4601                	li	a2,0
   1a202:	bdf1                	j	1a0de <__subtf3+0x6d0>
   1a204:	dd0e9ce3          	bne	t4,a6,19fdc <__subtf3+0x5ce>
   1a208:	bb7d                	j	19fc6 <__subtf3+0x5b8>

000000000001a20a <__unordtf2>:
   1a20a:	882a                	mv	a6,a0
   1a20c:	002027f3          	frrm	a5
   1a210:	57fd                	li	a5,-1
   1a212:	83c1                	srli	a5,a5,0x10
   1a214:	6721                	lui	a4,0x8
   1a216:	00f5f8b3          	and	a7,a1,a5
   1a21a:	177d                	addi	a4,a4,-1 # 7fff <exit-0x8121>
   1a21c:	91c1                	srli	a1,a1,0x30
   1a21e:	8ff5                	and	a5,a5,a3
   1a220:	8df9                	and	a1,a1,a4
   1a222:	92c1                	srli	a3,a3,0x30
   1a224:	8ef9                	and	a3,a3,a4
   1a226:	00e59563          	bne	a1,a4,1a230 <__unordtf2+0x26>
   1a22a:	01156533          	or	a0,a0,a7
   1a22e:	e909                	bnez	a0,1a240 <__unordtf2+0x36>
   1a230:	4501                	li	a0,0
   1a232:	02e69d63          	bne	a3,a4,1a26c <__unordtf2+0x62>
   1a236:	00f66733          	or	a4,a2,a5
   1a23a:	cb0d                	beqz	a4,1a26c <__unordtf2+0x62>
   1a23c:	00d59f63          	bne	a1,a3,1a25a <__unordtf2+0x50>
   1a240:	01186833          	or	a6,a6,a7
   1a244:	00080663          	beqz	a6,1a250 <__unordtf2+0x46>
   1a248:	4705                	li	a4,1
   1a24a:	173e                	slli	a4,a4,0x2f
   1a24c:	00e8ed63          	bltu	a7,a4,1a266 <__unordtf2+0x5c>
   1a250:	6721                	lui	a4,0x8
   1a252:	177d                	addi	a4,a4,-1 # 7fff <exit-0x8121>
   1a254:	4505                	li	a0,1
   1a256:	00e69b63          	bne	a3,a4,1a26c <__unordtf2+0x62>
   1a25a:	8e5d                	or	a2,a2,a5
   1a25c:	c619                	beqz	a2,1a26a <__unordtf2+0x60>
   1a25e:	4705                	li	a4,1
   1a260:	173e                	slli	a4,a4,0x2f
   1a262:	00e7f463          	bgeu	a5,a4,1a26a <__unordtf2+0x60>
   1a266:	00186073          	csrsi	fflags,16
   1a26a:	4505                	li	a0,1
   1a26c:	8082                	ret

000000000001a26e <__fixtfsi>:
   1a26e:	862a                	mv	a2,a0
   1a270:	002027f3          	frrm	a5
   1a274:	00159713          	slli	a4,a1,0x1
   1a278:	03175693          	srli	a3,a4,0x31
   1a27c:	6711                	lui	a4,0x4
   1a27e:	01059793          	slli	a5,a1,0x10
   1a282:	1779                	addi	a4,a4,-2 # 3ffe <exit-0xc122>
   1a284:	83c1                	srli	a5,a5,0x10
   1a286:	91fd                	srli	a1,a1,0x3f
   1a288:	00d74863          	blt	a4,a3,1a298 <__fixtfsi+0x2a>
   1a28c:	e2a5                	bnez	a3,1a2ec <__fixtfsi+0x7e>
   1a28e:	00f56633          	or	a2,a0,a5
   1a292:	4501                	li	a0,0
   1a294:	ea31                	bnez	a2,1a2e8 <__fixtfsi+0x7a>
   1a296:	8082                	ret
   1a298:	6711                	lui	a4,0x4
   1a29a:	0775                	addi	a4,a4,29 # 401d <exit-0xc103>
   1a29c:	02d75063          	bge	a4,a3,1a2bc <__fixtfsi+0x4e>
   1a2a0:	80000537          	lui	a0,0x80000
   1a2a4:	c5b1                	beqz	a1,1a2f0 <__fixtfsi+0x82>
   1a2a6:	6711                	lui	a4,0x4
   1a2a8:	0779                	addi	a4,a4,30 # 401e <exit-0xc102>
   1a2aa:	04e69563          	bne	a3,a4,1a2f4 <__fixtfsi+0x86>
   1a2ae:	0117d713          	srli	a4,a5,0x11
   1a2b2:	e329                	bnez	a4,1a2f4 <__fixtfsi+0x86>
   1a2b4:	17be                	slli	a5,a5,0x2f
   1a2b6:	8fd1                	or	a5,a5,a2
   1a2b8:	eb85                	bnez	a5,1a2e8 <__fixtfsi+0x7a>
   1a2ba:	8082                	ret
   1a2bc:	4705                	li	a4,1
   1a2be:	1742                	slli	a4,a4,0x30
   1a2c0:	8fd9                	or	a5,a5,a4
   1a2c2:	6611                	lui	a2,0x4
   1a2c4:	7771                	lui	a4,0xffffc
   1a2c6:	2745                	addiw	a4,a4,17 # ffffffffffffc011 <__BSS_END__+0xfffffffffffdfe41>
   1a2c8:	02f6061b          	addiw	a2,a2,47 # 402f <exit-0xc0f1>
   1a2cc:	9f35                	addw	a4,a4,a3
   1a2ce:	40d606bb          	subw	a3,a2,a3
   1a2d2:	00e79733          	sll	a4,a5,a4
   1a2d6:	00d7d7b3          	srl	a5,a5,a3
   1a2da:	8f49                	or	a4,a4,a0
   1a2dc:	0007851b          	sext.w	a0,a5
   1a2e0:	c199                	beqz	a1,1a2e6 <__fixtfsi+0x78>
   1a2e2:	40a0053b          	negw	a0,a0
   1a2e6:	cb11                	beqz	a4,1a2fa <__fixtfsi+0x8c>
   1a2e8:	4785                	li	a5,1
   1a2ea:	a031                	j	1a2f6 <__fixtfsi+0x88>
   1a2ec:	4501                	li	a0,0
   1a2ee:	bfed                	j	1a2e8 <__fixtfsi+0x7a>
   1a2f0:	fff54513          	not	a0,a0
   1a2f4:	47c1                	li	a5,16
   1a2f6:	0017a073          	csrs	fflags,a5
   1a2fa:	8082                	ret

000000000001a2fc <__floatsitf>:
   1a2fc:	1101                	addi	sp,sp,-32
   1a2fe:	ec06                	sd	ra,24(sp)
   1a300:	e822                	sd	s0,16(sp)
   1a302:	e426                	sd	s1,8(sp)
   1a304:	c129                	beqz	a0,1a346 <__floatsitf+0x4a>
   1a306:	41f5579b          	sraiw	a5,a0,0x1f
   1a30a:	00f54433          	xor	s0,a0,a5
   1a30e:	9c1d                	subw	s0,s0,a5
   1a310:	1402                	slli	s0,s0,0x20
   1a312:	9001                	srli	s0,s0,0x20
   1a314:	01f5549b          	srliw	s1,a0,0x1f
   1a318:	8522                	mv	a0,s0
   1a31a:	0f8000ef          	jal	1a412 <__clzdi2>
   1a31e:	6791                	lui	a5,0x4
   1a320:	03e7879b          	addiw	a5,a5,62 # 403e <exit-0xc0e2>
   1a324:	9f89                	subw	a5,a5,a0
   1a326:	3545                	addiw	a0,a0,-15 # 7ffffff1 <__BSS_END__+0x7ffe3e21>
   1a328:	00a41433          	sll	s0,s0,a0
   1a32c:	00f4959b          	slliw	a1,s1,0xf
   1a330:	0442                	slli	s0,s0,0x10
   1a332:	8ddd                	or	a1,a1,a5
   1a334:	8041                	srli	s0,s0,0x10
   1a336:	15c2                	slli	a1,a1,0x30
   1a338:	60e2                	ld	ra,24(sp)
   1a33a:	8dc1                	or	a1,a1,s0
   1a33c:	6442                	ld	s0,16(sp)
   1a33e:	64a2                	ld	s1,8(sp)
   1a340:	4501                	li	a0,0
   1a342:	6105                	addi	sp,sp,32
   1a344:	8082                	ret
   1a346:	4481                	li	s1,0
   1a348:	4401                	li	s0,0
   1a34a:	4781                	li	a5,0
   1a34c:	b7c5                	j	1a32c <__floatsitf+0x30>

000000000001a34e <__extenddftf2>:
   1a34e:	1101                	addi	sp,sp,-32
   1a350:	e20507d3          	fmv.x.d	a5,fa0
   1a354:	ec06                	sd	ra,24(sp)
   1a356:	e822                	sd	s0,16(sp)
   1a358:	e426                	sd	s1,8(sp)
   1a35a:	00202773          	frrm	a4
   1a35e:	0347d513          	srli	a0,a5,0x34
   1a362:	7ff57513          	andi	a0,a0,2047
   1a366:	00150713          	addi	a4,a0,1
   1a36a:	00c79413          	slli	s0,a5,0xc
   1a36e:	7fe77713          	andi	a4,a4,2046
   1a372:	8031                	srli	s0,s0,0xc
   1a374:	03f7d493          	srli	s1,a5,0x3f
   1a378:	cb11                	beqz	a4,1a38c <__extenddftf2+0x3e>
   1a37a:	6711                	lui	a4,0x4
   1a37c:	c0070713          	addi	a4,a4,-1024 # 3c00 <exit-0xc520>
   1a380:	00445793          	srli	a5,s0,0x4
   1a384:	953a                	add	a0,a0,a4
   1a386:	1472                	slli	s0,s0,0x3c
   1a388:	4701                	li	a4,0
   1a38a:	a8b9                	j	1a3e8 <__extenddftf2+0x9a>
   1a38c:	ed1d                	bnez	a0,1a3ca <__extenddftf2+0x7c>
   1a38e:	4781                	li	a5,0
   1a390:	dc65                	beqz	s0,1a388 <__extenddftf2+0x3a>
   1a392:	8522                	mv	a0,s0
   1a394:	07e000ef          	jal	1a412 <__clzdi2>
   1a398:	0005071b          	sext.w	a4,a0
   1a39c:	47b9                	li	a5,14
   1a39e:	02e7c063          	blt	a5,a4,1a3be <__extenddftf2+0x70>
   1a3a2:	47bd                	li	a5,15
   1a3a4:	9f89                	subw	a5,a5,a0
   1a3a6:	0315071b          	addiw	a4,a0,49
   1a3aa:	00f457b3          	srl	a5,s0,a5
   1a3ae:	00e41433          	sll	s0,s0,a4
   1a3b2:	6711                	lui	a4,0x4
   1a3b4:	c0c7071b          	addiw	a4,a4,-1012 # 3c0c <exit-0xc514>
   1a3b8:	40a7053b          	subw	a0,a4,a0
   1a3bc:	b7f1                	j	1a388 <__extenddftf2+0x3a>
   1a3be:	ff15079b          	addiw	a5,a0,-15
   1a3c2:	00f417b3          	sll	a5,s0,a5
   1a3c6:	4401                	li	s0,0
   1a3c8:	b7ed                	j	1a3b2 <__extenddftf2+0x64>
   1a3ca:	c021                	beqz	s0,1a40a <__extenddftf2+0xbc>
   1a3cc:	4685                	li	a3,1
   1a3ce:	03369713          	slli	a4,a3,0x33
   1a3d2:	00e43733          	sltu	a4,s0,a4
   1a3d6:	00445793          	srli	a5,s0,0x4
   1a3da:	16be                	slli	a3,a3,0x2f
   1a3dc:	6521                	lui	a0,0x8
   1a3de:	0047171b          	slliw	a4,a4,0x4
   1a3e2:	8fd5                	or	a5,a5,a3
   1a3e4:	1472                	slli	s0,s0,0x3c
   1a3e6:	157d                	addi	a0,a0,-1 # 7fff <exit-0x8121>
   1a3e8:	01079593          	slli	a1,a5,0x10
   1a3ec:	00f4979b          	slliw	a5,s1,0xf
   1a3f0:	8fc9                	or	a5,a5,a0
   1a3f2:	17c2                	slli	a5,a5,0x30
   1a3f4:	81c1                	srli	a1,a1,0x10
   1a3f6:	8ddd                	or	a1,a1,a5
   1a3f8:	c319                	beqz	a4,1a3fe <__extenddftf2+0xb0>
   1a3fa:	00186073          	csrsi	fflags,16
   1a3fe:	60e2                	ld	ra,24(sp)
   1a400:	8522                	mv	a0,s0
   1a402:	6442                	ld	s0,16(sp)
   1a404:	64a2                	ld	s1,8(sp)
   1a406:	6105                	addi	sp,sp,32
   1a408:	8082                	ret
   1a40a:	6521                	lui	a0,0x8
   1a40c:	4781                	li	a5,0
   1a40e:	157d                	addi	a0,a0,-1 # 7fff <exit-0x8121>
   1a410:	bfa5                	j	1a388 <__extenddftf2+0x3a>

000000000001a412 <__clzdi2>:
   1a412:	03800793          	li	a5,56
   1a416:	00f55733          	srl	a4,a0,a5
   1a41a:	0ff77693          	zext.b	a3,a4
   1a41e:	ee99                	bnez	a3,1a43c <__clzdi2+0x2a>
   1a420:	17e1                	addi	a5,a5,-8
   1a422:	fbf5                	bnez	a5,1a416 <__clzdi2+0x4>
   1a424:	04000713          	li	a4,64
   1a428:	8f1d                	sub	a4,a4,a5
   1a42a:	67ed                	lui	a5,0x1b
   1a42c:	d6078793          	addi	a5,a5,-672 # 1ad60 <__clz_tab>
   1a430:	97aa                	add	a5,a5,a0
   1a432:	0007c503          	lbu	a0,0(a5)
   1a436:	40a7053b          	subw	a0,a4,a0
   1a43a:	8082                	ret
   1a43c:	853a                	mv	a0,a4
   1a43e:	b7dd                	j	1a424 <__clzdi2+0x12>
