
bin/sls/sls_vector:     file format elf64-littleriscv


Disassembly of section .text:

0000000000010120 <exit>:
   10120:	1141                	addi	sp,sp,-16
   10122:	4581                	li	a1,0
   10124:	e022                	sd	s0,0(sp)
   10126:	e406                	sd	ra,8(sp)
   10128:	842a                	mv	s0,a0
   1012a:	107010ef          	jal	11a30 <__call_exitprocs>
   1012e:	2501b783          	ld	a5,592(gp) # 1c320 <__stdio_exit_handler>
   10132:	c391                	beqz	a5,10136 <exit+0x16>
   10134:	9782                	jalr	a5
   10136:	8522                	mv	a0,s0
   10138:	0f5080ef          	jal	18a2c <_exit>

000000000001013c <main>:
   1013c:	7159                	addi	sp,sp,-112
   1013e:	f486                	sd	ra,104(sp)
   10140:	4799                	li	a5,6
   10142:	36f51f63          	bne	a0,a5,104c0 <main+0x384>
   10146:	6588                	ld	a0,8(a1)
   10148:	f0a2                	sd	s0,96(sp)
   1014a:	eca6                	sd	s1,88(sp)
   1014c:	e8ca                	sd	s2,80(sp)
   1014e:	e4ce                	sd	s3,72(sp)
   10150:	e0d2                	sd	s4,64(sp)
   10152:	89ae                	mv	s3,a1
   10154:	fc56                	sd	s5,56(sp)
   10156:	51a000ef          	jal	10670 <atoi>
   1015a:	8a2a                	mv	s4,a0
   1015c:	8aaa                	mv	s5,a0
   1015e:	0109b503          	ld	a0,16(s3)
   10162:	50e000ef          	jal	10670 <atoi>
   10166:	84aa                	mv	s1,a0
   10168:	0189b503          	ld	a0,24(s3)
   1016c:	504000ef          	jal	10670 <atoi>
   10170:	892a                	mv	s2,a0
   10172:	0209b503          	ld	a0,32(s3)
   10176:	4fa000ef          	jal	10670 <atoi>
   1017a:	842a                	mv	s0,a0
   1017c:	0289b503          	ld	a0,40(s3)
   10180:	4601                	li	a2,0
   10182:	4581                	li	a1,0
   10184:	7cd000ef          	jal	11150 <strtoull>
   10188:	30905663          	blez	s1,10494 <main+0x358>
   1018c:	fff4879b          	addiw	a5,s1,-1
   10190:	8fe5                	and	a5,a5,s1
   10192:	2781                	sext.w	a5,a5
   10194:	30079063          	bnez	a5,10494 <main+0x358>
   10198:	001a2793          	slti	a5,s4,1
   1019c:	00192713          	slti	a4,s2,1
   101a0:	8fd9                	or	a5,a5,a4
   101a2:	2e079963          	bnez	a5,10494 <main+0x358>
   101a6:	2e805763          	blez	s0,10494 <main+0x358>
   101aa:	029a09b3          	mul	s3,s4,s1
   101ae:	f42a                	sd	a0,40(sp)
   101b0:	f85a                	sd	s6,48(sp)
   101b2:	00299693          	slli	a3,s3,0x2
   101b6:	8536                	mv	a0,a3
   101b8:	f036                	sd	a3,32(sp)
   101ba:	4de000ef          	jal	10698 <malloc>
   101be:	02890fb3          	mul	t6,s2,s0
   101c2:	ec2a                	sd	a0,24(sp)
   101c4:	0f8e                	slli	t6,t6,0x3
   101c6:	857e                	mv	a0,t6
   101c8:	e87e                	sd	t6,16(sp)
   101ca:	4ce000ef          	jal	10698 <malloc>
   101ce:	032487b3          	mul	a5,s1,s2
   101d2:	e42a                	sd	a0,8(sp)
   101d4:	00279a13          	slli	s4,a5,0x2
   101d8:	8552                	mv	a0,s4
   101da:	8b3e                	mv	s6,a5
   101dc:	4bc000ef          	jal	10698 <malloc>
   101e0:	e02a                	sd	a0,0(sp)
   101e2:	8552                	mv	a0,s4
   101e4:	4b4000ef          	jal	10698 <malloc>
   101e8:	6862                	ld	a6,24(sp)
   101ea:	8e2a                	mv	t3,a0
   101ec:	2e080763          	beqz	a6,104da <main+0x39e>
   101f0:	6f22                	ld	t5,8(sp)
   101f2:	2e0f0463          	beqz	t5,104da <main+0x39e>
   101f6:	6302                	ld	t1,0(sp)
   101f8:	2e030163          	beqz	t1,104da <main+0x39e>
   101fc:	6fc2                	ld	t6,16(sp)
   101fe:	7682                	ld	a3,32(sp)
   10200:	73a2                	ld	t2,40(sp)
   10202:	2c050c63          	beqz	a0,104da <main+0x39e>
   10206:	94d058b7          	lui	a7,0x94d05
   1020a:	9e378637          	lui	a2,0x9e378
   1020e:	bf584eb7          	lui	t4,0xbf584
   10212:	0000c517          	auipc	a0,0xc
   10216:	0c652707          	flw	fa4,198(a0) # 1c2d8 <mask+0x8>
   1021a:	9bb88893          	addi	a7,a7,-1605 # ffffffff94d049bb <__BSS_END__+0xffffffff94ce80eb>
   1021e:	133115b7          	lui	a1,0x13311
   10222:	9b960613          	addi	a2,a2,-1607 # ffffffff9e3779b9 <__BSS_END__+0xffffffff9e35b0e9>
   10226:	7f4a8737          	lui	a4,0x7f4a8
   1022a:	76de8e93          	addi	t4,t4,1901 # ffffffffbf58476d <__BSS_END__+0xffffffffbf567e9d>
   1022e:	1ce4e7b7          	lui	a5,0x1ce4e
   10232:	1eb58593          	addi	a1,a1,491 # 133111eb <__BSS_END__+0x132f491b>
   10236:	1882                	slli	a7,a7,0x20
   10238:	1602                	slli	a2,a2,0x20
   1023a:	c1570713          	addi	a4,a4,-1003 # 7f4a7c15 <__BSS_END__+0x7f48b345>
   1023e:	1e82                	slli	t4,t4,0x20
   10240:	5b978793          	addi	a5,a5,1465 # 1ce4e5b9 <__BSS_END__+0x1ce31ce9>
   10244:	00d802b3          	add	t0,a6,a3
   10248:	98ae                	add	a7,a7,a1
   1024a:	963a                	add	a2,a2,a4
   1024c:	9ebe                	add	t4,t4,a5
   1024e:	8542                	mv	a0,a6
   10250:	859e                	mv	a1,t2
   10252:	ff8006b7          	lui	a3,0xff800
   10256:	95b2                	add	a1,a1,a2
   10258:	01e5d793          	srli	a5,a1,0x1e
   1025c:	8fad                	xor	a5,a5,a1
   1025e:	03d787b3          	mul	a5,a5,t4
   10262:	0511                	addi	a0,a0,4
   10264:	01b7d713          	srli	a4,a5,0x1b
   10268:	8f3d                	xor	a4,a4,a5
   1026a:	03170733          	mul	a4,a4,a7
   1026e:	01f75793          	srli	a5,a4,0x1f
   10272:	8fb9                	xor	a5,a5,a4
   10274:	93a1                	srli	a5,a5,0x28
   10276:	97b6                	add	a5,a5,a3
   10278:	d027f7d3          	fcvt.s.l	fa5,a5
   1027c:	10e7f7d3          	fmul.s	fa5,fa5,fa4
   10280:	fef52e27          	fsw	fa5,-4(a0)
   10284:	fca299e3          	bne	t0,a0,10256 <main+0x11a>
   10288:	02c98633          	mul	a2,s3,a2
   1028c:	94d05537          	lui	a0,0x94d05
   10290:	9bb50513          	addi	a0,a0,-1605 # ffffffff94d049bb <__BSS_END__+0xffffffff94ce80eb>
   10294:	133117b7          	lui	a5,0x13311
   10298:	1eb78793          	addi	a5,a5,491 # 133111eb <__BSS_END__+0x132f491b>
   1029c:	1502                	slli	a0,a0,0x20
   1029e:	9e3782b7          	lui	t0,0x9e378
   102a2:	bf5848b7          	lui	a7,0xbf584
   102a6:	9b928293          	addi	t0,t0,-1607 # ffffffff9e3779b9 <__BSS_END__+0xffffffff9e35b0e9>
   102aa:	76d88893          	addi	a7,a7,1901 # ffffffffbf58476d <__BSS_END__+0xffffffffbf567e9d>
   102ae:	953e                	add	a0,a0,a5
   102b0:	7f4a8737          	lui	a4,0x7f4a8
   102b4:	1ce4e7b7          	lui	a5,0x1ce4e
   102b8:	1282                	slli	t0,t0,0x20
   102ba:	1882                	slli	a7,a7,0x20
   102bc:	c1570713          	addi	a4,a4,-1003 # 7f4a7c15 <__BSS_END__+0x7f48b345>
   102c0:	5b978793          	addi	a5,a5,1465 # 1ce4e5b9 <__BSS_END__+0x1ce31ce9>
   102c4:	961e                	add	a2,a2,t2
   102c6:	9ffa                	add	t6,t6,t5
   102c8:	92ba                	add	t0,t0,a4
   102ca:	98be                	add	a7,a7,a5
   102cc:	8efa                	mv	t4,t5
   102ce:	85fa                	mv	a1,t5
   102d0:	9616                	add	a2,a2,t0
   102d2:	01e65713          	srli	a4,a2,0x1e
   102d6:	8f31                	xor	a4,a4,a2
   102d8:	03170733          	mul	a4,a4,a7
   102dc:	05a1                	addi	a1,a1,8
   102de:	01b75793          	srli	a5,a4,0x1b
   102e2:	8fb9                	xor	a5,a5,a4
   102e4:	02a787b3          	mul	a5,a5,a0
   102e8:	01f7d713          	srli	a4,a5,0x1f
   102ec:	8fb9                	xor	a5,a5,a4
   102ee:	0357f7b3          	remu	a5,a5,s5
   102f2:	fef5bc23          	sd	a5,-8(a1)
   102f6:	fcbf9de3          	bne	t6,a1,102d0 <main+0x194>
   102fa:	4581                	li	a1,0
   102fc:	4501                	li	a0,0
   102fe:	f072                	sd	t3,32(sp)
   10300:	ec1a                	sd	t1,24(sp)
   10302:	e87a                	sd	t5,16(sp)
   10304:	e442                	sd	a6,8(sp)
   10306:	e076                	sd	t4,0(sp)
   10308:	2e0000ef          	jal	105e8 <m5_reset_stats>
   1030c:	c00027f3          	rdcycle	a5
   10310:	02049513          	slli	a0,s1,0x20
   10314:	9101                	srli	a0,a0,0x20
   10316:	22f1b823          	sd	a5,560(gp) # 1c300 <roi_start_cycles_>
   1031a:	328000ef          	jal	10642 <__ctzdi2>
   1031e:	6822                	ld	a6,8(sp)
   10320:	cd00f057          	vsetivli	zero,1,e32,m1,ta,ma
   10324:	7e02                	ld	t3,32(sp)
   10326:	6362                	ld	t1,24(sp)
   10328:	6f42                	ld	t5,16(sp)
   1032a:	6e82                	ld	t4,0(sp)
   1032c:	00249793          	slli	a5,s1,0x2
   10330:	42006257          	vmv.s.x	v4,zero
   10334:	2509                	addiw	a0,a0,2
   10336:	00f802b3          	add	t0,a6,a5
   1033a:	4981                	li	s3,0
   1033c:	4581                	li	a1,0
   1033e:	4381                	li	t2,0
   10340:	00239f93          	slli	t6,t2,0x2
   10344:	9f9a                	add	t6,t6,t1
   10346:	889a                	mv	a7,t1
   10348:	8642                	mv	a2,a6
   1034a:	9e4030d7          	vmv1r.v	v1,v4
   1034e:	4681                	li	a3,0
   10350:	00b68733          	add	a4,a3,a1
   10354:	40d407bb          	subw	a5,s0,a3
   10358:	070e                	slli	a4,a4,0x3
   1035a:	0d97f7d7          	vsetvli	a5,a5,e64,m2,ta,ma
   1035e:	977a                	add	a4,a4,t5
   10360:	02077107          	vle64.v	v2,(a4)
   10364:	9ebd                	addw	a3,a3,a5
   10366:	96254157          	vsll.vx	v2,v2,a0
   1036a:	0d007057          	vsetvli	zero,zero,e32,m1,ta,ma
   1036e:	06267107          	vluxei64.v	v2,(a2),v2
   10372:	0e2090d7          	vfredosum.vs	v1,v2,v1
   10376:	fc86cde3          	blt	a3,s0,10350 <main+0x214>
   1037a:	421017d7          	vfmv.f.s	fa5,v1
   1037e:	0611                	addi	a2,a2,4
   10380:	00ffa027          	fsw	fa5,0(t6)
   10384:	0f91                	addi	t6,t6,4
   10386:	fcc292e3          	bne	t0,a2,1034a <main+0x20e>
   1038a:	2985                	addiw	s3,s3,1
   1038c:	93a6                	add	t2,t2,s1
   1038e:	95a2                	add	a1,a1,s0
   10390:	fb29c8e3          	blt	s3,s2,10340 <main+0x204>
   10394:	f072                	sd	t3,32(sp)
   10396:	ec1a                	sd	t1,24(sp)
   10398:	e842                	sd	a6,16(sp)
   1039a:	e446                	sd	a7,8(sp)
   1039c:	e076                	sd	t4,0(sp)
   1039e:	c00029f3          	rdcycle	s3
   103a2:	4581                	li	a1,0
   103a4:	4501                	li	a0,0
   103a6:	24e000ef          	jal	105f4 <m5_dump_reset_stats>
   103aa:	2301b583          	ld	a1,560(gp) # 1c300 <roi_start_cycles_>
   103ae:	0000a517          	auipc	a0,0xa
   103b2:	b3250513          	addi	a0,a0,-1230 # 19ee0 <__clzdi2+0xba>
   103b6:	40b985b3          	sub	a1,s3,a1
   103ba:	274010ef          	jal	1162e <printf>
   103be:	6e82                	ld	t4,0(sp)
   103c0:	68a2                	ld	a7,8(sp)
   103c2:	6842                	ld	a6,16(sp)
   103c4:	6362                	ld	t1,24(sp)
   103c6:	7e02                	ld	t3,32(sp)
   103c8:	00341f93          	slli	t6,s0,0x3
   103cc:	4f01                	li	t5,0
   103ce:	4501                	li	a0,0
   103d0:	00251593          	slli	a1,a0,0x2
   103d4:	95f2                	add	a1,a1,t3
   103d6:	4601                	li	a2,0
   103d8:	f00007d3          	fmv.w.x	fa5,zero
   103dc:	86f6                	mv	a3,t4
   103de:	4701                	li	a4,0
   103e0:	629c                	ld	a5,0(a3)
   103e2:	2705                	addiw	a4,a4,1
   103e4:	06a1                	addi	a3,a3,8 # ffffffffff800008 <__BSS_END__+0xffffffffff7e3738>
   103e6:	02f487b3          	mul	a5,s1,a5
   103ea:	97b2                	add	a5,a5,a2
   103ec:	078a                	slli	a5,a5,0x2
   103ee:	97c2                	add	a5,a5,a6
   103f0:	0007a707          	flw	fa4,0(a5)
   103f4:	00e7f7d3          	fadd.s	fa5,fa5,fa4
   103f8:	fe8744e3          	blt	a4,s0,103e0 <main+0x2a4>
   103fc:	0605                	addi	a2,a2,1
   103fe:	00f5a027          	fsw	fa5,0(a1)
   10402:	0006079b          	sext.w	a5,a2
   10406:	0591                	addi	a1,a1,4
   10408:	fc97c8e3          	blt	a5,s1,103d8 <main+0x29c>
   1040c:	2f05                	addiw	t5,t5,1
   1040e:	9526                	add	a0,a0,s1
   10410:	9efe                	add	t4,t4,t6
   10412:	fb2f4fe3          	blt	t5,s2,103d0 <main+0x294>
   10416:	851a                	mv	a0,t1
   10418:	8652                	mv	a2,s4
   1041a:	85f2                	mv	a1,t3
   1041c:	e446                	sd	a7,8(sp)
   1041e:	e01a                	sd	t1,0(sp)
   10420:	310010ef          	jal	11730 <memcmp>
   10424:	6302                	ld	t1,0(sp)
   10426:	f2000753          	fmv.d.x	fa4,zero
   1042a:	68a2                	ld	a7,8(sp)
   1042c:	002b1793          	slli	a5,s6,0x2
   10430:	842a                	mv	s0,a0
   10432:	933e                	add	t1,t1,a5
   10434:	0008a787          	flw	fa5,0(a7)
   10438:	0891                	addi	a7,a7,4
   1043a:	420787d3          	fcvt.d.s	fa5,fa5
   1043e:	02f77753          	fadd.d	fa4,fa4,fa5
   10442:	ff1319e3          	bne	t1,a7,10434 <main+0x2f8>
   10446:	e20706d3          	fmv.x.d	a3,fa4
   1044a:	e2070653          	fmv.x.d	a2,fa4
   1044e:	0000a597          	auipc	a1,0xa
   10452:	aaa58593          	addi	a1,a1,-1366 # 19ef8 <__clzdi2+0xd2>
   10456:	0000a517          	auipc	a0,0xa
   1045a:	aaa50513          	addi	a0,a0,-1366 # 19f00 <__clzdi2+0xda>
   1045e:	1d0010ef          	jal	1162e <printf>
   10462:	0000a597          	auipc	a1,0xa
   10466:	a0658593          	addi	a1,a1,-1530 # 19e68 <__clzdi2+0x42>
   1046a:	e409                	bnez	s0,10474 <main+0x338>
   1046c:	0000a597          	auipc	a1,0xa
   10470:	9f458593          	addi	a1,a1,-1548 # 19e60 <__clzdi2+0x3a>
   10474:	0000a517          	auipc	a0,0xa
   10478:	aac50513          	addi	a0,a0,-1364 # 19f20 <__clzdi2+0xfa>
   1047c:	1b2010ef          	jal	1162e <printf>
   10480:	00803533          	snez	a0,s0
   10484:	64e6                	ld	s1,88(sp)
   10486:	7406                	ld	s0,96(sp)
   10488:	6946                	ld	s2,80(sp)
   1048a:	69a6                	ld	s3,72(sp)
   1048c:	6a06                	ld	s4,64(sp)
   1048e:	7ae2                	ld	s5,56(sp)
   10490:	7b42                	ld	s6,48(sp)
   10492:	a025                	j	104ba <main+0x37e>
   10494:	2281b783          	ld	a5,552(gp) # 1c2f8 <_impure_ptr>
   10498:	02d00613          	li	a2,45
   1049c:	4585                	li	a1,1
   1049e:	6f94                	ld	a3,24(a5)
   104a0:	0000a517          	auipc	a0,0xa
   104a4:	a0850513          	addi	a0,a0,-1528 # 19ea8 <__clzdi2+0x82>
   104a8:	0c2010ef          	jal	1156a <fwrite>
   104ac:	7406                	ld	s0,96(sp)
   104ae:	64e6                	ld	s1,88(sp)
   104b0:	6946                	ld	s2,80(sp)
   104b2:	69a6                	ld	s3,72(sp)
   104b4:	6a06                	ld	s4,64(sp)
   104b6:	7ae2                	ld	s5,56(sp)
   104b8:	4509                	li	a0,2
   104ba:	70a6                	ld	ra,104(sp)
   104bc:	6165                	addi	sp,sp,112
   104be:	8082                	ret
   104c0:	2281b783          	ld	a5,552(gp) # 1c2f8 <_impure_ptr>
   104c4:	03600613          	li	a2,54
   104c8:	4585                	li	a1,1
   104ca:	6f94                	ld	a3,24(a5)
   104cc:	0000a517          	auipc	a0,0xa
   104d0:	9a450513          	addi	a0,a0,-1628 # 19e70 <__clzdi2+0x4a>
   104d4:	096010ef          	jal	1156a <fwrite>
   104d8:	b7c5                	j	104b8 <main+0x37c>
   104da:	2281b783          	ld	a5,552(gp) # 1c2f8 <_impure_ptr>
   104de:	4611                	li	a2,4
   104e0:	4585                	li	a1,1
   104e2:	6f94                	ld	a3,24(a5)
   104e4:	0000a517          	auipc	a0,0xa
   104e8:	9f450513          	addi	a0,a0,-1548 # 19ed8 <__clzdi2+0xb2>
   104ec:	07e010ef          	jal	1156a <fwrite>
   104f0:	7406                	ld	s0,96(sp)
   104f2:	64e6                	ld	s1,88(sp)
   104f4:	6946                	ld	s2,80(sp)
   104f6:	69a6                	ld	s3,72(sp)
   104f8:	6a06                	ld	s4,64(sp)
   104fa:	7ae2                	ld	s5,56(sp)
   104fc:	7b42                	ld	s6,48(sp)
   104fe:	bf6d                	j	104b8 <main+0x37c>

0000000000010500 <register_fini>:
   10500:	00000793          	li	a5,0
   10504:	c791                	beqz	a5,10510 <register_fini+0x10>
   10506:	6555                	lui	a0,0x15
   10508:	81650513          	addi	a0,a0,-2026 # 14816 <__libc_fini_array>
   1050c:	5f60106f          	j	11b02 <atexit>
   10510:	8082                	ret

0000000000010512 <_start>:
   10512:	0000c197          	auipc	gp,0xc
   10516:	bbe18193          	addi	gp,gp,-1090 # 1c0d0 <__global_pointer$>
   1051a:	0000c517          	auipc	a0,0xc
   1051e:	de650513          	addi	a0,a0,-538 # 1c300 <roi_start_cycles_>
   10522:	0000c617          	auipc	a2,0xc
   10526:	3ae60613          	addi	a2,a2,942 # 1c8d0 <__BSS_END__>
   1052a:	8e09                	sub	a2,a2,a0
   1052c:	4581                	li	a1,0
   1052e:	458010ef          	jal	11986 <memset>
   10532:	00001517          	auipc	a0,0x1
   10536:	5d050513          	addi	a0,a0,1488 # 11b02 <atexit>
   1053a:	c519                	beqz	a0,10548 <_start+0x36>
   1053c:	00004517          	auipc	a0,0x4
   10540:	2da50513          	addi	a0,a0,730 # 14816 <__libc_fini_array>
   10544:	5be010ef          	jal	11b02 <atexit>
   10548:	3dc010ef          	jal	11924 <__libc_init_array>
   1054c:	4502                	lw	a0,0(sp)
   1054e:	002c                	addi	a1,sp,8
   10550:	4601                	li	a2,0
   10552:	bebff0ef          	jal	1013c <main>
   10556:	b6e9                	j	10120 <exit>

0000000000010558 <__do_global_dtors_aux>:
   10558:	1141                	addi	sp,sp,-16
   1055a:	e022                	sd	s0,0(sp)
   1055c:	2781c783          	lbu	a5,632(gp) # 1c348 <completed.1>
   10560:	e406                	sd	ra,8(sp)
   10562:	ef91                	bnez	a5,1057e <__do_global_dtors_aux+0x26>
   10564:	00000793          	li	a5,0
   10568:	cb81                	beqz	a5,10578 <__do_global_dtors_aux+0x20>
   1056a:	6569                	lui	a0,0x1a
   1056c:	72050513          	addi	a0,a0,1824 # 1a720 <__EH_FRAME_BEGIN__>
   10570:	00000097          	auipc	ra,0x0
   10574:	000000e7          	jalr	zero # 0 <exit-0x10120>
   10578:	4785                	li	a5,1
   1057a:	26f18c23          	sb	a5,632(gp) # 1c348 <completed.1>
   1057e:	60a2                	ld	ra,8(sp)
   10580:	6402                	ld	s0,0(sp)
   10582:	0141                	addi	sp,sp,16
   10584:	8082                	ret

0000000000010586 <frame_dummy>:
   10586:	00000793          	li	a5,0
   1058a:	cb91                	beqz	a5,1059e <frame_dummy+0x18>
   1058c:	6569                	lui	a0,0x1a
   1058e:	28018593          	addi	a1,gp,640 # 1c350 <object.0>
   10592:	72050513          	addi	a0,a0,1824 # 1a720 <__EH_FRAME_BEGIN__>
   10596:	00000317          	auipc	t1,0x0
   1059a:	00000067          	jr	zero # 0 <exit-0x10120>
   1059e:	8082                	ret

00000000000105a0 <m5_arm>:
   105a0:	0000007b          	.word	0x0000007b
   105a4:	8082                	ret

00000000000105a6 <m5_quiesce>:
   105a6:	0200007b          	.word	0x0200007b
   105aa:	8082                	ret

00000000000105ac <m5_quiesce_ns>:
   105ac:	0400007b          	.word	0x0400007b
   105b0:	8082                	ret

00000000000105b2 <m5_quiesce_cycle>:
   105b2:	0600007b          	.word	0x0600007b
   105b6:	8082                	ret

00000000000105b8 <m5_quiesce_time>:
   105b8:	0800007b          	.word	0x0800007b
   105bc:	8082                	ret

00000000000105be <m5_rpns>:
   105be:	0e00007b          	.word	0x0e00007b
   105c2:	8082                	ret

00000000000105c4 <m5_wake_cpu>:
   105c4:	1200007b          	.word	0x1200007b
   105c8:	8082                	ret

00000000000105ca <m5_exit>:
   105ca:	4200007b          	.word	0x4200007b
   105ce:	8082                	ret

00000000000105d0 <m5_fail>:
   105d0:	4400007b          	.word	0x4400007b
   105d4:	8082                	ret

00000000000105d6 <m5_sum>:
   105d6:	4600007b          	.word	0x4600007b
   105da:	8082                	ret

00000000000105dc <m5_init_param>:
   105dc:	6000007b          	.word	0x6000007b
   105e0:	8082                	ret

00000000000105e2 <m5_load_symbol>:
   105e2:	6200007b          	.word	0x6200007b
   105e6:	8082                	ret

00000000000105e8 <m5_reset_stats>:
   105e8:	8000007b          	.word	0x8000007b
   105ec:	8082                	ret

00000000000105ee <m5_dump_stats>:
   105ee:	8200007b          	.word	0x8200007b
   105f2:	8082                	ret

00000000000105f4 <m5_dump_reset_stats>:
   105f4:	8400007b          	.word	0x8400007b
   105f8:	8082                	ret

00000000000105fa <m5_checkpoint>:
   105fa:	8600007b          	.word	0x8600007b
   105fe:	8082                	ret

0000000000010600 <m5_write_file>:
   10600:	9e00007b          	.word	0x9e00007b
   10604:	8082                	ret

0000000000010606 <m5_read_file>:
   10606:	a000007b          	.word	0xa000007b
   1060a:	8082                	ret

000000000001060c <m5_debug_break>:
   1060c:	a200007b          	.word	0xa200007b
   10610:	8082                	ret

0000000000010612 <m5_switch_cpu>:
   10612:	a400007b          	.word	0xa400007b
   10616:	8082                	ret

0000000000010618 <m5_add_symbol>:
   10618:	a600007b          	.word	0xa600007b
   1061c:	8082                	ret

000000000001061e <m5_panic>:
   1061e:	a800007b          	.word	0xa800007b
   10622:	8082                	ret

0000000000010624 <m5_work_begin>:
   10624:	b400007b          	.word	0xb400007b
   10628:	8082                	ret

000000000001062a <m5_work_end>:
   1062a:	b600007b          	.word	0xb600007b
   1062e:	8082                	ret

0000000000010630 <m5_dist_toggle_sync>:
   10630:	c400007b          	.word	0xc400007b
   10634:	8082                	ret

0000000000010636 <m5_workload>:
   10636:	e000007b          	.word	0xe000007b
   1063a:	8082                	ret

000000000001063c <m5_hypercall>:
   1063c:	e200007b          	.word	0xe200007b
   10640:	8082                	ret

0000000000010642 <__ctzdi2>:
   10642:	40a00733          	neg	a4,a0
   10646:	8f69                	and	a4,a4,a0
   10648:	03800793          	li	a5,56
   1064c:	00f756b3          	srl	a3,a4,a5
   10650:	0ff6f613          	zext.b	a2,a3
   10654:	ee01                	bnez	a2,1066c <__ctzdi2+0x2a>
   10656:	17e1                	addi	a5,a5,-8
   10658:	fbf5                	bnez	a5,1064c <__ctzdi2+0xa>
   1065a:	6569                	lui	a0,0x1a
   1065c:	0a850513          	addi	a0,a0,168 # 1a0a8 <__clz_tab>
   10660:	953a                	add	a0,a0,a4
   10662:	00054503          	lbu	a0,0(a0)
   10666:	17fd                	addi	a5,a5,-1
   10668:	9d3d                	addw	a0,a0,a5
   1066a:	8082                	ret
   1066c:	8736                	mv	a4,a3
   1066e:	b7f5                	j	1065a <__ctzdi2+0x18>

0000000000010670 <atoi>:
   10670:	1141                	addi	sp,sp,-16
   10672:	4629                	li	a2,10
   10674:	4581                	li	a1,0
   10676:	e406                	sd	ra,8(sp)
   10678:	13b000ef          	jal	10fb2 <strtol>
   1067c:	60a2                	ld	ra,8(sp)
   1067e:	2501                	sext.w	a0,a0
   10680:	0141                	addi	sp,sp,16
   10682:	8082                	ret

0000000000010684 <_atoi_r>:
   10684:	1141                	addi	sp,sp,-16
   10686:	46a9                	li	a3,10
   10688:	4601                	li	a2,0
   1068a:	e406                	sd	ra,8(sp)
   1068c:	0d3000ef          	jal	10f5e <_strtol_r>
   10690:	60a2                	ld	ra,8(sp)
   10692:	2501                	sext.w	a0,a0
   10694:	0141                	addi	sp,sp,16
   10696:	8082                	ret

0000000000010698 <malloc>:
   10698:	85aa                	mv	a1,a0
   1069a:	2281b503          	ld	a0,552(gp) # 1c2f8 <_impure_ptr>
   1069e:	a031                	j	106aa <_malloc_r>

00000000000106a0 <free>:
   106a0:	85aa                	mv	a1,a0
   106a2:	2281b503          	ld	a0,552(gp) # 1c2f8 <_impure_ptr>
   106a6:	52e0106f          	j	11bd4 <_free_r>

00000000000106aa <_malloc_r>:
   106aa:	711d                	addi	sp,sp,-96
   106ac:	e8a2                	sd	s0,80(sp)
   106ae:	ec86                	sd	ra,88(sp)
   106b0:	01758713          	addi	a4,a1,23
   106b4:	02e00793          	li	a5,46
   106b8:	842a                	mv	s0,a0
   106ba:	06e7e363          	bltu	a5,a4,10720 <_malloc_r+0x76>
   106be:	02000713          	li	a4,32
   106c2:	04b76863          	bltu	a4,a1,10712 <_malloc_r+0x68>
   106c6:	660000ef          	jal	10d26 <__malloc_lock>
   106ca:	02000713          	li	a4,32
   106ce:	05000693          	li	a3,80
   106d2:	4891                	li	a7,4
   106d4:	686d                	lui	a6,0x1b
   106d6:	74080813          	addi	a6,a6,1856 # 1b740 <__malloc_av_>
   106da:	96c2                	add	a3,a3,a6
   106dc:	669c                	ld	a5,8(a3)
   106de:	ff068613          	addi	a2,a3,-16
   106e2:	32c78963          	beq	a5,a2,10a14 <_malloc_r+0x36a>
   106e6:	6798                	ld	a4,8(a5)
   106e8:	6f90                	ld	a2,24(a5)
   106ea:	6b8c                	ld	a1,16(a5)
   106ec:	9b71                	andi	a4,a4,-4
   106ee:	973e                	add	a4,a4,a5
   106f0:	6714                	ld	a3,8(a4)
   106f2:	ed90                	sd	a2,24(a1)
   106f4:	ea0c                	sd	a1,16(a2)
   106f6:	0016e693          	ori	a3,a3,1
   106fa:	8522                	mv	a0,s0
   106fc:	e714                	sd	a3,8(a4)
   106fe:	e43e                	sd	a5,8(sp)
   10700:	628000ef          	jal	10d28 <__malloc_unlock>
   10704:	67a2                	ld	a5,8(sp)
   10706:	60e6                	ld	ra,88(sp)
   10708:	6446                	ld	s0,80(sp)
   1070a:	01078513          	addi	a0,a5,16
   1070e:	6125                	addi	sp,sp,96
   10710:	8082                	ret
   10712:	47b1                	li	a5,12
   10714:	c01c                	sw	a5,0(s0)
   10716:	4501                	li	a0,0
   10718:	60e6                	ld	ra,88(sp)
   1071a:	6446                	ld	s0,80(sp)
   1071c:	6125                	addi	sp,sp,96
   1071e:	8082                	ret
   10720:	4785                	li	a5,1
   10722:	9b41                	andi	a4,a4,-16
   10724:	07fe                	slli	a5,a5,0x1f
   10726:	fef776e3          	bgeu	a4,a5,10712 <_malloc_r+0x68>
   1072a:	feb764e3          	bltu	a4,a1,10712 <_malloc_r+0x68>
   1072e:	e43a                	sd	a4,8(sp)
   10730:	5f6000ef          	jal	10d26 <__malloc_lock>
   10734:	6722                	ld	a4,8(sp)
   10736:	1f700793          	li	a5,503
   1073a:	38e7fb63          	bgeu	a5,a4,10ad0 <_malloc_r+0x426>
   1073e:	00975793          	srli	a5,a4,0x9
   10742:	12078463          	beqz	a5,1086a <_malloc_r+0x1c0>
   10746:	4691                	li	a3,4
   10748:	30f6ed63          	bltu	a3,a5,10a62 <_malloc_r+0x3b8>
   1074c:	00675793          	srli	a5,a4,0x6
   10750:	0397889b          	addiw	a7,a5,57
   10754:	0018951b          	slliw	a0,a7,0x1
   10758:	03878e1b          	addiw	t3,a5,56
   1075c:	050e                	slli	a0,a0,0x3
   1075e:	686d                	lui	a6,0x1b
   10760:	74080813          	addi	a6,a6,1856 # 1b740 <__malloc_av_>
   10764:	9542                	add	a0,a0,a6
   10766:	651c                	ld	a5,8(a0)
   10768:	1541                	addi	a0,a0,-16
   1076a:	02f50163          	beq	a0,a5,1078c <_malloc_r+0xe2>
   1076e:	437d                	li	t1,31
   10770:	a039                	j	1077e <_malloc_r+0xd4>
   10772:	6f8c                	ld	a1,24(a5)
   10774:	26065d63          	bgez	a2,109ee <_malloc_r+0x344>
   10778:	00b50a63          	beq	a0,a1,1078c <_malloc_r+0xe2>
   1077c:	87ae                	mv	a5,a1
   1077e:	6794                	ld	a3,8(a5)
   10780:	9af1                	andi	a3,a3,-4
   10782:	40e68633          	sub	a2,a3,a4
   10786:	fec356e3          	bge	t1,a2,10772 <_malloc_r+0xc8>
   1078a:	88f2                	mv	a7,t3
   1078c:	02083783          	ld	a5,32(a6)
   10790:	6e6d                	lui	t3,0x1b
   10792:	750e0e13          	addi	t3,t3,1872 # 1b750 <__malloc_av_+0x10>
   10796:	23c78563          	beq	a5,t3,109c0 <_malloc_r+0x316>
   1079a:	0087b303          	ld	t1,8(a5)
   1079e:	467d                	li	a2,31
   107a0:	ffc37313          	andi	t1,t1,-4
   107a4:	40e306b3          	sub	a3,t1,a4
   107a8:	34d64b63          	blt	a2,a3,10afe <_malloc_r+0x454>
   107ac:	03c83423          	sd	t3,40(a6)
   107b0:	03c83023          	sd	t3,32(a6)
   107b4:	3206d663          	bgez	a3,10ae0 <_malloc_r+0x436>
   107b8:	1ff00693          	li	a3,511
   107bc:	00883583          	ld	a1,8(a6)
   107c0:	2466ef63          	bltu	a3,t1,10a1e <_malloc_r+0x374>
   107c4:	00335313          	srli	t1,t1,0x3
   107c8:	00131693          	slli	a3,t1,0x1
   107cc:	2689                	addiw	a3,a3,2
   107ce:	068e                	slli	a3,a3,0x3
   107d0:	96c2                	add	a3,a3,a6
   107d2:	6288                	ld	a0,0(a3)
   107d4:	4023531b          	sraiw	t1,t1,0x2
   107d8:	4605                	li	a2,1
   107da:	00661633          	sll	a2,a2,t1
   107de:	8dd1                	or	a1,a1,a2
   107e0:	ff068613          	addi	a2,a3,-16
   107e4:	eb88                	sd	a0,16(a5)
   107e6:	ef90                	sd	a2,24(a5)
   107e8:	00b83423          	sd	a1,8(a6)
   107ec:	e29c                	sd	a5,0(a3)
   107ee:	ed1c                	sd	a5,24(a0)
   107f0:	4028d79b          	sraiw	a5,a7,0x2
   107f4:	4505                	li	a0,1
   107f6:	00f51533          	sll	a0,a0,a5
   107fa:	06a5ef63          	bltu	a1,a0,10878 <_malloc_r+0x1ce>
   107fe:	00b577b3          	and	a5,a0,a1
   10802:	ef89                	bnez	a5,1081c <_malloc_r+0x172>
   10804:	0506                	slli	a0,a0,0x1
   10806:	ffc8f893          	andi	a7,a7,-4
   1080a:	00b577b3          	and	a5,a0,a1
   1080e:	2891                	addiw	a7,a7,4
   10810:	e791                	bnez	a5,1081c <_malloc_r+0x172>
   10812:	0506                	slli	a0,a0,0x1
   10814:	00b577b3          	and	a5,a0,a1
   10818:	2891                	addiw	a7,a7,4
   1081a:	dfe5                	beqz	a5,10812 <_malloc_r+0x168>
   1081c:	4efd                	li	t4,31
   1081e:	00189f13          	slli	t5,a7,0x1
   10822:	2f09                	addiw	t5,t5,2
   10824:	0f0e                	slli	t5,t5,0x3
   10826:	1f41                	addi	t5,t5,-16
   10828:	9f42                	add	t5,t5,a6
   1082a:	837a                	mv	t1,t5
   1082c:	01833683          	ld	a3,24(t1) # 105ae <m5_quiesce_ns+0x2>
   10830:	8fc6                	mv	t6,a7
   10832:	24d30963          	beq	t1,a3,10a84 <_malloc_r+0x3da>
   10836:	6690                	ld	a2,8(a3)
   10838:	87b6                	mv	a5,a3
   1083a:	6e94                	ld	a3,24(a3)
   1083c:	9a71                	andi	a2,a2,-4
   1083e:	40e605b3          	sub	a1,a2,a4
   10842:	24beca63          	blt	t4,a1,10a96 <_malloc_r+0x3ec>
   10846:	fe05c6e3          	bltz	a1,10832 <_malloc_r+0x188>
   1084a:	963e                	add	a2,a2,a5
   1084c:	6618                	ld	a4,8(a2)
   1084e:	6b8c                	ld	a1,16(a5)
   10850:	8522                	mv	a0,s0
   10852:	00176713          	ori	a4,a4,1
   10856:	e618                	sd	a4,8(a2)
   10858:	ed94                	sd	a3,24(a1)
   1085a:	ea8c                	sd	a1,16(a3)
   1085c:	e43e                	sd	a5,8(sp)
   1085e:	4ca000ef          	jal	10d28 <__malloc_unlock>
   10862:	67a2                	ld	a5,8(sp)
   10864:	01078513          	addi	a0,a5,16
   10868:	bd45                	j	10718 <_malloc_r+0x6e>
   1086a:	40000513          	li	a0,1024
   1086e:	04000893          	li	a7,64
   10872:	03f00e13          	li	t3,63
   10876:	b5e5                	j	1075e <_malloc_r+0xb4>
   10878:	01083783          	ld	a5,16(a6)
   1087c:	6794                	ld	a3,8(a5)
   1087e:	ffc6f893          	andi	a7,a3,-4
   10882:	40e88633          	sub	a2,a7,a4
   10886:	00e8e663          	bltu	a7,a4,10892 <_malloc_r+0x1e8>
   1088a:	02062693          	slti	a3,a2,32
   1088e:	12068c63          	beqz	a3,109c6 <_malloc_r+0x31c>
   10892:	2481b583          	ld	a1,584(gp) # 1c318 <__malloc_top_pad>
   10896:	2181b603          	ld	a2,536(gp) # 1c2e8 <__malloc_sbrk_base>
   1089a:	56fd                	li	a3,-1
   1089c:	95ba                	add	a1,a1,a4
   1089e:	30d60d63          	beq	a2,a3,10bb8 <_malloc_r+0x50e>
   108a2:	6685                	lui	a3,0x1
   108a4:	06fd                	addi	a3,a3,31 # 101f <exit-0xf101>
   108a6:	95b6                	add	a1,a1,a3
   108a8:	76fd                	lui	a3,0xfffff
   108aa:	8df5                	and	a1,a1,a3
   108ac:	8522                	mv	a0,s0
   108ae:	f442                	sd	a6,40(sp)
   108b0:	f03e                	sd	a5,32(sp)
   108b2:	ec3a                	sd	a4,24(sp)
   108b4:	e846                	sd	a7,16(sp)
   108b6:	e42e                	sd	a1,8(sp)
   108b8:	7f5000ef          	jal	118ac <_sbrk_r>
   108bc:	56fd                	li	a3,-1
   108be:	65a2                	ld	a1,8(sp)
   108c0:	68c2                	ld	a7,16(sp)
   108c2:	6762                	ld	a4,24(sp)
   108c4:	7782                	ld	a5,32(sp)
   108c6:	7822                	ld	a6,40(sp)
   108c8:	832a                	mv	t1,a0
   108ca:	28d50063          	beq	a0,a3,10b4a <_malloc_r+0x4a0>
   108ce:	011786b3          	add	a3,a5,a7
   108d2:	26d56a63          	bltu	a0,a3,10b46 <_malloc_r+0x49c>
   108d6:	2b018e13          	addi	t3,gp,688 # 1c380 <__malloc_current_mallinfo>
   108da:	000e2603          	lw	a2,0(t3)
   108de:	9e2d                	addw	a2,a2,a1
   108e0:	00ce2023          	sw	a2,0(t3)
   108e4:	8532                	mv	a0,a2
   108e6:	36668863          	beq	a3,t1,10c56 <_malloc_r+0x5ac>
   108ea:	2181bf03          	ld	t5,536(gp) # 1c2e8 <__malloc_sbrk_base>
   108ee:	567d                	li	a2,-1
   108f0:	36cf0f63          	beq	t5,a2,10c6e <_malloc_r+0x5c4>
   108f4:	40d306b3          	sub	a3,t1,a3
   108f8:	9ea9                	addw	a3,a3,a0
   108fa:	00de2023          	sw	a3,0(t3)
   108fe:	00f37e93          	andi	t4,t1,15
   10902:	2c0e8763          	beqz	t4,10bd0 <_malloc_r+0x526>
   10906:	ff037313          	andi	t1,t1,-16
   1090a:	6685                	lui	a3,0x1
   1090c:	0341                	addi	t1,t1,16
   1090e:	06c1                	addi	a3,a3,16 # 1010 <exit-0xf110>
   10910:	00b30633          	add	a2,t1,a1
   10914:	41d685b3          	sub	a1,a3,t4
   10918:	8d91                	sub	a1,a1,a2
   1091a:	15d2                	slli	a1,a1,0x34
   1091c:	91d1                	srli	a1,a1,0x34
   1091e:	8522                	mv	a0,s0
   10920:	e0c2                	sd	a6,64(sp)
   10922:	fc72                	sd	t3,56(sp)
   10924:	f83e                	sd	a5,48(sp)
   10926:	f43a                	sd	a4,40(sp)
   10928:	f046                	sd	a7,32(sp)
   1092a:	ec1a                	sd	t1,24(sp)
   1092c:	e876                	sd	t4,16(sp)
   1092e:	e432                	sd	a2,8(sp)
   10930:	e4ae                	sd	a1,72(sp)
   10932:	77b000ef          	jal	118ac <_sbrk_r>
   10936:	86aa                	mv	a3,a0
   10938:	557d                	li	a0,-1
   1093a:	6622                	ld	a2,8(sp)
   1093c:	6ec2                	ld	t4,16(sp)
   1093e:	6362                	ld	t1,24(sp)
   10940:	7882                	ld	a7,32(sp)
   10942:	7722                	ld	a4,40(sp)
   10944:	77c2                	ld	a5,48(sp)
   10946:	7e62                	ld	t3,56(sp)
   10948:	6806                	ld	a6,64(sp)
   1094a:	36a68563          	beq	a3,a0,10cb4 <_malloc_r+0x60a>
   1094e:	65a6                	ld	a1,72(sp)
   10950:	0005851b          	sext.w	a0,a1
   10954:	000e2603          	lw	a2,0(t3)
   10958:	406686b3          	sub	a3,a3,t1
   1095c:	96ae                	add	a3,a3,a1
   1095e:	0016e693          	ori	a3,a3,1
   10962:	00683823          	sd	t1,16(a6)
   10966:	9e29                	addw	a2,a2,a0
   10968:	00d33423          	sd	a3,8(t1)
   1096c:	00ce2023          	sw	a2,0(t3)
   10970:	03078a63          	beq	a5,a6,109a4 <_malloc_r+0x2fa>
   10974:	457d                	li	a0,31
   10976:	2f157f63          	bgeu	a0,a7,10c74 <_malloc_r+0x5ca>
   1097a:	678c                	ld	a1,8(a5)
   1097c:	fe888693          	addi	a3,a7,-24
   10980:	cd817057          	vsetivli	zero,2,e64,m1,ta,ma
   10984:	9ac1                	andi	a3,a3,-16
   10986:	5e04b0d7          	vmv.v.i	v1,9
   1098a:	8985                	andi	a1,a1,1
   1098c:	8dd5                	or	a1,a1,a3
   1098e:	00d788b3          	add	a7,a5,a3
   10992:	e78c                	sd	a1,8(a5)
   10994:	00888593          	addi	a1,a7,8
   10998:	0205f0a7          	vse64.v	v1,(a1)
   1099c:	32d56663          	bltu	a0,a3,10cc8 <_malloc_r+0x61e>
   109a0:	00833683          	ld	a3,8(t1)
   109a4:	2401b583          	ld	a1,576(gp) # 1c310 <__malloc_max_sbrked_mem>
   109a8:	00c5f463          	bgeu	a1,a2,109b0 <_malloc_r+0x306>
   109ac:	24c1b023          	sd	a2,576(gp) # 1c310 <__malloc_max_sbrked_mem>
   109b0:	2381b583          	ld	a1,568(gp) # 1c308 <__malloc_max_total_mem>
   109b4:	00c5f463          	bgeu	a1,a2,109bc <_malloc_r+0x312>
   109b8:	22c1bc23          	sd	a2,568(gp) # 1c308 <__malloc_max_total_mem>
   109bc:	879a                	mv	a5,t1
   109be:	aa49                	j	10b50 <_malloc_r+0x4a6>
   109c0:	00883583          	ld	a1,8(a6)
   109c4:	b535                	j	107f0 <_malloc_r+0x146>
   109c6:	00176693          	ori	a3,a4,1
   109ca:	e794                	sd	a3,8(a5)
   109cc:	973e                	add	a4,a4,a5
   109ce:	00166613          	ori	a2,a2,1
   109d2:	00e83823          	sd	a4,16(a6)
   109d6:	8522                	mv	a0,s0
   109d8:	e710                	sd	a2,8(a4)
   109da:	e43e                	sd	a5,8(sp)
   109dc:	34c000ef          	jal	10d28 <__malloc_unlock>
   109e0:	67a2                	ld	a5,8(sp)
   109e2:	60e6                	ld	ra,88(sp)
   109e4:	6446                	ld	s0,80(sp)
   109e6:	01078513          	addi	a0,a5,16
   109ea:	6125                	addi	sp,sp,96
   109ec:	8082                	ret
   109ee:	6b90                	ld	a2,16(a5)
   109f0:	96be                	add	a3,a3,a5
   109f2:	6698                	ld	a4,8(a3)
   109f4:	ee0c                	sd	a1,24(a2)
   109f6:	e990                	sd	a2,16(a1)
   109f8:	00176713          	ori	a4,a4,1
   109fc:	8522                	mv	a0,s0
   109fe:	e698                	sd	a4,8(a3)
   10a00:	e43e                	sd	a5,8(sp)
   10a02:	326000ef          	jal	10d28 <__malloc_unlock>
   10a06:	67a2                	ld	a5,8(sp)
   10a08:	60e6                	ld	ra,88(sp)
   10a0a:	6446                	ld	s0,80(sp)
   10a0c:	01078513          	addi	a0,a5,16
   10a10:	6125                	addi	sp,sp,96
   10a12:	8082                	ret
   10a14:	6e9c                	ld	a5,24(a3)
   10a16:	2889                	addiw	a7,a7,2
   10a18:	d6f68ae3          	beq	a3,a5,1078c <_malloc_r+0xe2>
   10a1c:	b1e9                	j	106e6 <_malloc_r+0x3c>
   10a1e:	00935693          	srli	a3,t1,0x9
   10a22:	4611                	li	a2,4
   10a24:	10d67763          	bgeu	a2,a3,10b32 <_malloc_r+0x488>
   10a28:	4651                	li	a2,20
   10a2a:	1ed66263          	bltu	a2,a3,10c0e <_malloc_r+0x564>
   10a2e:	00169513          	slli	a0,a3,0x1
   10a32:	0b85051b          	addiw	a0,a0,184
   10a36:	050e                	slli	a0,a0,0x3
   10a38:	05b6861b          	addiw	a2,a3,91
   10a3c:	9542                	add	a0,a0,a6
   10a3e:	6114                	ld	a3,0(a0)
   10a40:	1541                	addi	a0,a0,-16
   10a42:	00d51663          	bne	a0,a3,10a4e <_malloc_r+0x3a4>
   10a46:	aaa5                	j	10bbe <_malloc_r+0x514>
   10a48:	6a94                	ld	a3,16(a3)
   10a4a:	00d50663          	beq	a0,a3,10a56 <_malloc_r+0x3ac>
   10a4e:	6690                	ld	a2,8(a3)
   10a50:	9a71                	andi	a2,a2,-4
   10a52:	fec36be3          	bltu	t1,a2,10a48 <_malloc_r+0x39e>
   10a56:	6e88                	ld	a0,24(a3)
   10a58:	ef88                	sd	a0,24(a5)
   10a5a:	eb94                	sd	a3,16(a5)
   10a5c:	e91c                	sd	a5,16(a0)
   10a5e:	ee9c                	sd	a5,24(a3)
   10a60:	bb41                	j	107f0 <_malloc_r+0x146>
   10a62:	46d1                	li	a3,20
   10a64:	10f6f363          	bgeu	a3,a5,10b6a <_malloc_r+0x4c0>
   10a68:	05400693          	li	a3,84
   10a6c:	1af6ef63          	bltu	a3,a5,10c2a <_malloc_r+0x580>
   10a70:	00c75793          	srli	a5,a4,0xc
   10a74:	06f7889b          	addiw	a7,a5,111
   10a78:	0018951b          	slliw	a0,a7,0x1
   10a7c:	06e78e1b          	addiw	t3,a5,110
   10a80:	050e                	slli	a0,a0,0x3
   10a82:	b9f1                	j	1075e <_malloc_r+0xb4>
   10a84:	2f85                	addiw	t6,t6,1
   10a86:	003ff793          	andi	a5,t6,3
   10a8a:	0341                	addi	t1,t1,16
   10a8c:	0e078c63          	beqz	a5,10b84 <_malloc_r+0x4da>
   10a90:	01833683          	ld	a3,24(t1)
   10a94:	bb79                	j	10832 <_malloc_r+0x188>
   10a96:	6b88                	ld	a0,16(a5)
   10a98:	00176893          	ori	a7,a4,1
   10a9c:	0117b423          	sd	a7,8(a5)
   10aa0:	ed14                	sd	a3,24(a0)
   10aa2:	ea88                	sd	a0,16(a3)
   10aa4:	973e                	add	a4,a4,a5
   10aa6:	02e83423          	sd	a4,40(a6)
   10aaa:	02e83023          	sd	a4,32(a6)
   10aae:	0015e693          	ori	a3,a1,1
   10ab2:	963e                	add	a2,a2,a5
   10ab4:	01c73c23          	sd	t3,24(a4)
   10ab8:	01c73823          	sd	t3,16(a4)
   10abc:	e714                	sd	a3,8(a4)
   10abe:	8522                	mv	a0,s0
   10ac0:	e20c                	sd	a1,0(a2)
   10ac2:	e43e                	sd	a5,8(sp)
   10ac4:	264000ef          	jal	10d28 <__malloc_unlock>
   10ac8:	67a2                	ld	a5,8(sp)
   10aca:	01078513          	addi	a0,a5,16
   10ace:	b1a9                	j	10718 <_malloc_r+0x6e>
   10ad0:	00375893          	srli	a7,a4,0x3
   10ad4:	00189693          	slli	a3,a7,0x1
   10ad8:	2689                	addiw	a3,a3,2
   10ada:	068e                	slli	a3,a3,0x3
   10adc:	2881                	sext.w	a7,a7
   10ade:	bedd                	j	106d4 <_malloc_r+0x2a>
   10ae0:	933e                	add	t1,t1,a5
   10ae2:	00833703          	ld	a4,8(t1)
   10ae6:	8522                	mv	a0,s0
   10ae8:	e43e                	sd	a5,8(sp)
   10aea:	00176713          	ori	a4,a4,1
   10aee:	00e33423          	sd	a4,8(t1)
   10af2:	236000ef          	jal	10d28 <__malloc_unlock>
   10af6:	67a2                	ld	a5,8(sp)
   10af8:	01078513          	addi	a0,a5,16
   10afc:	b931                	j	10718 <_malloc_r+0x6e>
   10afe:	00176613          	ori	a2,a4,1
   10b02:	e790                	sd	a2,8(a5)
   10b04:	973e                	add	a4,a4,a5
   10b06:	02e83423          	sd	a4,40(a6)
   10b0a:	02e83023          	sd	a4,32(a6)
   10b0e:	0016e613          	ori	a2,a3,1
   10b12:	933e                	add	t1,t1,a5
   10b14:	01c73c23          	sd	t3,24(a4)
   10b18:	01c73823          	sd	t3,16(a4)
   10b1c:	e710                	sd	a2,8(a4)
   10b1e:	8522                	mv	a0,s0
   10b20:	00d33023          	sd	a3,0(t1)
   10b24:	e43e                	sd	a5,8(sp)
   10b26:	202000ef          	jal	10d28 <__malloc_unlock>
   10b2a:	67a2                	ld	a5,8(sp)
   10b2c:	01078513          	addi	a0,a5,16
   10b30:	b6e5                	j	10718 <_malloc_r+0x6e>
   10b32:	00635693          	srli	a3,t1,0x6
   10b36:	00169513          	slli	a0,a3,0x1
   10b3a:	0725051b          	addiw	a0,a0,114
   10b3e:	050e                	slli	a0,a0,0x3
   10b40:	0386861b          	addiw	a2,a3,56
   10b44:	bde5                	j	10a3c <_malloc_r+0x392>
   10b46:	11078063          	beq	a5,a6,10c46 <_malloc_r+0x59c>
   10b4a:	01083783          	ld	a5,16(a6)
   10b4e:	6794                	ld	a3,8(a5)
   10b50:	9af1                	andi	a3,a3,-4
   10b52:	40e68633          	sub	a2,a3,a4
   10b56:	00e6e663          	bltu	a3,a4,10b62 <_malloc_r+0x4b8>
   10b5a:	02062693          	slti	a3,a2,32
   10b5e:	e60684e3          	beqz	a3,109c6 <_malloc_r+0x31c>
   10b62:	8522                	mv	a0,s0
   10b64:	1c4000ef          	jal	10d28 <__malloc_unlock>
   10b68:	b67d                	j	10716 <_malloc_r+0x6c>
   10b6a:	05c7889b          	addiw	a7,a5,92
   10b6e:	0018951b          	slliw	a0,a7,0x1
   10b72:	05b78e1b          	addiw	t3,a5,91
   10b76:	050e                	slli	a0,a0,0x3
   10b78:	b6dd                	j	1075e <_malloc_r+0xb4>
   10b7a:	010f3783          	ld	a5,16(t5)
   10b7e:	38fd                	addiw	a7,a7,-1
   10b80:	1be79063          	bne	a5,t5,10d20 <_malloc_r+0x676>
   10b84:	0038f793          	andi	a5,a7,3
   10b88:	1f41                	addi	t5,t5,-16
   10b8a:	fbe5                	bnez	a5,10b7a <_malloc_r+0x4d0>
   10b8c:	00883683          	ld	a3,8(a6)
   10b90:	fff54793          	not	a5,a0
   10b94:	8ff5                	and	a5,a5,a3
   10b96:	00f83423          	sd	a5,8(a6)
   10b9a:	0506                	slli	a0,a0,0x1
   10b9c:	fff50693          	addi	a3,a0,-1
   10ba0:	ccf6fce3          	bgeu	a3,a5,10878 <_malloc_r+0x1ce>
   10ba4:	00f576b3          	and	a3,a0,a5
   10ba8:	e691                	bnez	a3,10bb4 <_malloc_r+0x50a>
   10baa:	0506                	slli	a0,a0,0x1
   10bac:	00f576b3          	and	a3,a0,a5
   10bb0:	2f91                	addiw	t6,t6,4
   10bb2:	dee5                	beqz	a3,10baa <_malloc_r+0x500>
   10bb4:	88fe                	mv	a7,t6
   10bb6:	b1a5                	j	1081e <_malloc_r+0x174>
   10bb8:	02058593          	addi	a1,a1,32
   10bbc:	b9c5                	j	108ac <_malloc_r+0x202>
   10bbe:	4026561b          	sraiw	a2,a2,0x2
   10bc2:	4305                	li	t1,1
   10bc4:	00c31633          	sll	a2,t1,a2
   10bc8:	8dd1                	or	a1,a1,a2
   10bca:	00b83423          	sd	a1,8(a6)
   10bce:	b569                	j	10a58 <_malloc_r+0x3ae>
   10bd0:	00b30633          	add	a2,t1,a1
   10bd4:	40c005b3          	neg	a1,a2
   10bd8:	15d2                	slli	a1,a1,0x34
   10bda:	91d1                	srli	a1,a1,0x34
   10bdc:	8522                	mv	a0,s0
   10bde:	fc42                	sd	a6,56(sp)
   10be0:	f872                	sd	t3,48(sp)
   10be2:	f43e                	sd	a5,40(sp)
   10be4:	f03a                	sd	a4,32(sp)
   10be6:	ec46                	sd	a7,24(sp)
   10be8:	e81a                	sd	t1,16(sp)
   10bea:	e432                	sd	a2,8(sp)
   10bec:	e0ae                	sd	a1,64(sp)
   10bee:	4bf000ef          	jal	118ac <_sbrk_r>
   10bf2:	86aa                	mv	a3,a0
   10bf4:	557d                	li	a0,-1
   10bf6:	6342                	ld	t1,16(sp)
   10bf8:	68e2                	ld	a7,24(sp)
   10bfa:	7702                	ld	a4,32(sp)
   10bfc:	77a2                	ld	a5,40(sp)
   10bfe:	7e42                	ld	t3,48(sp)
   10c00:	7862                	ld	a6,56(sp)
   10c02:	0aa68f63          	beq	a3,a0,10cc0 <_malloc_r+0x616>
   10c06:	6586                	ld	a1,64(sp)
   10c08:	0005851b          	sext.w	a0,a1
   10c0c:	b3a1                	j	10954 <_malloc_r+0x2aa>
   10c0e:	05400613          	li	a2,84
   10c12:	06d66563          	bltu	a2,a3,10c7c <_malloc_r+0x5d2>
   10c16:	00c35693          	srli	a3,t1,0xc
   10c1a:	00169513          	slli	a0,a3,0x1
   10c1e:	0de5051b          	addiw	a0,a0,222
   10c22:	050e                	slli	a0,a0,0x3
   10c24:	06e6861b          	addiw	a2,a3,110
   10c28:	bd11                	j	10a3c <_malloc_r+0x392>
   10c2a:	15400693          	li	a3,340
   10c2e:	06f6e563          	bltu	a3,a5,10c98 <_malloc_r+0x5ee>
   10c32:	00f75793          	srli	a5,a4,0xf
   10c36:	0787889b          	addiw	a7,a5,120
   10c3a:	0018951b          	slliw	a0,a7,0x1
   10c3e:	07778e1b          	addiw	t3,a5,119
   10c42:	050e                	slli	a0,a0,0x3
   10c44:	be29                	j	1075e <_malloc_r+0xb4>
   10c46:	2b018e13          	addi	t3,gp,688 # 1c380 <__malloc_current_mallinfo>
   10c4a:	000e2503          	lw	a0,0(t3)
   10c4e:	9d2d                	addw	a0,a0,a1
   10c50:	00ae2023          	sw	a0,0(t3)
   10c54:	b959                	j	108ea <_malloc_r+0x240>
   10c56:	03431f13          	slli	t5,t1,0x34
   10c5a:	c80f18e3          	bnez	t5,108ea <_malloc_r+0x240>
   10c5e:	01083303          	ld	t1,16(a6)
   10c62:	95c6                	add	a1,a1,a7
   10c64:	0015e693          	ori	a3,a1,1
   10c68:	00d33423          	sd	a3,8(t1)
   10c6c:	bb25                	j	109a4 <_malloc_r+0x2fa>
   10c6e:	2061bc23          	sd	t1,536(gp) # 1c2e8 <__malloc_sbrk_base>
   10c72:	b171                	j	108fe <_malloc_r+0x254>
   10c74:	4785                	li	a5,1
   10c76:	00f33423          	sd	a5,8(t1)
   10c7a:	b5e5                	j	10b62 <_malloc_r+0x4b8>
   10c7c:	15400613          	li	a2,340
   10c80:	06d66663          	bltu	a2,a3,10cec <_malloc_r+0x642>
   10c84:	00f35693          	srli	a3,t1,0xf
   10c88:	00169513          	slli	a0,a3,0x1
   10c8c:	0f05051b          	addiw	a0,a0,240
   10c90:	050e                	slli	a0,a0,0x3
   10c92:	0776861b          	addiw	a2,a3,119
   10c96:	b35d                	j	10a3c <_malloc_r+0x392>
   10c98:	55400693          	li	a3,1364
   10c9c:	06f6e663          	bltu	a3,a5,10d08 <_malloc_r+0x65e>
   10ca0:	01275793          	srli	a5,a4,0x12
   10ca4:	07d7889b          	addiw	a7,a5,125
   10ca8:	0018951b          	slliw	a0,a7,0x1
   10cac:	07c78e1b          	addiw	t3,a5,124
   10cb0:	050e                	slli	a0,a0,0x3
   10cb2:	b475                	j	1075e <_malloc_r+0xb4>
   10cb4:	1ec1                	addi	t4,t4,-16
   10cb6:	01d606b3          	add	a3,a2,t4
   10cba:	4501                	li	a0,0
   10cbc:	4581                	li	a1,0
   10cbe:	b959                	j	10954 <_malloc_r+0x2aa>
   10cc0:	66a2                	ld	a3,8(sp)
   10cc2:	4581                	li	a1,0
   10cc4:	4501                	li	a0,0
   10cc6:	b179                	j	10954 <_malloc_r+0x2aa>
   10cc8:	01078593          	addi	a1,a5,16
   10ccc:	8522                	mv	a0,s0
   10cce:	ec42                	sd	a6,24(sp)
   10cd0:	e872                	sd	t3,16(sp)
   10cd2:	e43a                	sd	a4,8(sp)
   10cd4:	701000ef          	jal	11bd4 <_free_r>
   10cd8:	6862                	ld	a6,24(sp)
   10cda:	6e42                	ld	t3,16(sp)
   10cdc:	6722                	ld	a4,8(sp)
   10cde:	01083303          	ld	t1,16(a6)
   10ce2:	000e2603          	lw	a2,0(t3)
   10ce6:	00833683          	ld	a3,8(t1)
   10cea:	b96d                	j	109a4 <_malloc_r+0x2fa>
   10cec:	55400613          	li	a2,1364
   10cf0:	02d66363          	bltu	a2,a3,10d16 <_malloc_r+0x66c>
   10cf4:	01235693          	srli	a3,t1,0x12
   10cf8:	00169513          	slli	a0,a3,0x1
   10cfc:	0fa5051b          	addiw	a0,a0,250
   10d00:	050e                	slli	a0,a0,0x3
   10d02:	07c6861b          	addiw	a2,a3,124
   10d06:	bb1d                	j	10a3c <_malloc_r+0x392>
   10d08:	7f000513          	li	a0,2032
   10d0c:	07f00893          	li	a7,127
   10d10:	07e00e13          	li	t3,126
   10d14:	b4a9                	j	1075e <_malloc_r+0xb4>
   10d16:	7f000513          	li	a0,2032
   10d1a:	07e00613          	li	a2,126
   10d1e:	bb39                	j	10a3c <_malloc_r+0x392>
   10d20:	00883783          	ld	a5,8(a6)
   10d24:	bd9d                	j	10b9a <_malloc_r+0x4f0>

0000000000010d26 <__malloc_lock>:
   10d26:	8082                	ret

0000000000010d28 <__malloc_unlock>:
   10d28:	8082                	ret

0000000000010d2a <_strtol_l.part.0>:
   10d2a:	1141                	addi	sp,sp,-16
   10d2c:	68e9                	lui	a7,0x1a
   10d2e:	e422                	sd	s0,8(sp)
   10d30:	87ae                	mv	a5,a1
   10d32:	842a                	mv	s0,a0
   10d34:	1a988893          	addi	a7,a7,425 # 1a1a9 <_ctype_+0x1>
   10d38:	833e                	mv	t1,a5
   10d3a:	0007c803          	lbu	a6,0(a5)
   10d3e:	0785                	addi	a5,a5,1
   10d40:	01088733          	add	a4,a7,a6
   10d44:	00074703          	lbu	a4,0(a4)
   10d48:	8b21                	andi	a4,a4,8
   10d4a:	f77d                	bnez	a4,10d38 <_strtol_l.part.0+0xe>
   10d4c:	02d00713          	li	a4,45
   10d50:	0008089b          	sext.w	a7,a6
   10d54:	fef6ff93          	andi	t6,a3,-17
   10d58:	0ee80063          	beq	a6,a4,10e38 <_strtol_l.part.0+0x10e>
   10d5c:	02b00713          	li	a4,43
   10d60:	02e88563          	beq	a7,a4,10d8a <_strtol_l.part.0+0x60>
   10d64:	020f9963          	bnez	t6,10d96 <_strtol_l.part.0+0x6c>
   10d68:	03000713          	li	a4,48
   10d6c:	16e88d63          	beq	a7,a4,10ee6 <_strtol_l.part.0+0x1bc>
   10d70:	14068c63          	beqz	a3,10ec8 <_strtol_l.part.0+0x19e>
   10d74:	537d                	li	t1,-1
   10d76:	46c1                	li	a3,16
   10d78:	00535313          	srli	t1,t1,0x5
   10d7c:	82b6                	mv	t0,a3
   10d7e:	4fbd                	li	t6,15
   10d80:	577d                	li	a4,-1
   10d82:	00175393          	srli	t2,a4,0x1
   10d86:	4f01                	li	t5,0
   10d88:	a01d                	j	10dae <_strtol_l.part.0+0x84>
   10d8a:	0007c883          	lbu	a7,0(a5)
   10d8e:	00230793          	addi	a5,t1,2
   10d92:	0e0f8f63          	beqz	t6,10e90 <_strtol_l.part.0+0x166>
   10d96:	537d                	li	t1,-1
   10d98:	00135313          	srli	t1,t1,0x1
   10d9c:	02d37533          	remu	a0,t1,a3
   10da0:	839a                	mv	t2,t1
   10da2:	82b6                	mv	t0,a3
   10da4:	4f01                	li	t5,0
   10da6:	02d35333          	divu	t1,t1,a3
   10daa:	00050f9b          	sext.w	t6,a0
   10dae:	4801                	li	a6,0
   10db0:	4501                	li	a0,0
   10db2:	4e25                	li	t3,9
   10db4:	4ee5                	li	t4,25
   10db6:	fd08871b          	addiw	a4,a7,-48
   10dba:	00ee7863          	bgeu	t3,a4,10dca <_strtol_l.part.0+0xa0>
   10dbe:	fbf8871b          	addiw	a4,a7,-65
   10dc2:	02eee663          	bltu	t4,a4,10dee <_strtol_l.part.0+0xc4>
   10dc6:	fc98871b          	addiw	a4,a7,-55
   10dca:	02d75a63          	bge	a4,a3,10dfe <_strtol_l.part.0+0xd4>
   10dce:	0805                	addi	a6,a6,1
   10dd0:	00080d63          	beqz	a6,10dea <_strtol_l.part.0+0xc0>
   10dd4:	00a36b63          	bltu	t1,a0,10dea <_strtol_l.part.0+0xc0>
   10dd8:	04651163          	bne	a0,t1,10e1a <_strtol_l.part.0+0xf0>
   10ddc:	587d                	li	a6,-1
   10dde:	02efde63          	bge	t6,a4,10e1a <_strtol_l.part.0+0xf0>
   10de2:	0785                	addi	a5,a5,1
   10de4:	fff7c883          	lbu	a7,-1(a5)
   10de8:	b7f9                	j	10db6 <_strtol_l.part.0+0x8c>
   10dea:	587d                	li	a6,-1
   10dec:	bfdd                	j	10de2 <_strtol_l.part.0+0xb8>
   10dee:	f9f8871b          	addiw	a4,a7,-97
   10df2:	00eee663          	bltu	t4,a4,10dfe <_strtol_l.part.0+0xd4>
   10df6:	fa98871b          	addiw	a4,a7,-87
   10dfa:	fcd74ae3          	blt	a4,a3,10dce <_strtol_l.part.0+0xa4>
   10dfe:	577d                	li	a4,-1
   10e00:	02e80363          	beq	a6,a4,10e26 <_strtol_l.part.0+0xfc>
   10e04:	000f0463          	beqz	t5,10e0c <_strtol_l.part.0+0xe2>
   10e08:	40a00533          	neg	a0,a0
   10e0c:	c601                	beqz	a2,10e14 <_strtol_l.part.0+0xea>
   10e0e:	06081f63          	bnez	a6,10e8c <_strtol_l.part.0+0x162>
   10e12:	e20c                	sd	a1,0(a2)
   10e14:	6422                	ld	s0,8(sp)
   10e16:	0141                	addi	sp,sp,16
   10e18:	8082                	ret
   10e1a:	025508b3          	mul	a7,a0,t0
   10e1e:	4805                	li	a6,1
   10e20:	01170533          	add	a0,a4,a7
   10e24:	bf7d                	j	10de2 <_strtol_l.part.0+0xb8>
   10e26:	02200693          	li	a3,34
   10e2a:	c014                	sw	a3,0(s0)
   10e2c:	851e                	mv	a0,t2
   10e2e:	d27d                	beqz	a2,10e14 <_strtol_l.part.0+0xea>
   10e30:	fff78593          	addi	a1,a5,-1
   10e34:	851e                	mv	a0,t2
   10e36:	bff1                	j	10e12 <_strtol_l.part.0+0xe8>
   10e38:	0007c883          	lbu	a7,0(a5)
   10e3c:	00230793          	addi	a5,t1,2
   10e40:	020f9a63          	bnez	t6,10e74 <_strtol_l.part.0+0x14a>
   10e44:	03000713          	li	a4,48
   10e48:	0ce88263          	beq	a7,a4,10f0c <_strtol_l.part.0+0x1e2>
   10e4c:	e2f5                	bnez	a3,10f30 <_strtol_l.part.0+0x206>
   10e4e:	33333737          	lui	a4,0x33333
   10e52:	03333337          	lui	t1,0x3333
   10e56:	33370713          	addi	a4,a4,819 # 33333333 <__BSS_END__+0x33316a63>
   10e5a:	33330313          	addi	t1,t1,819 # 3333333 <__BSS_END__+0x3316a63>
   10e5e:	070a                	slli	a4,a4,0x2
   10e60:	130a                	slli	t1,t1,0x22
   10e62:	933a                	add	t1,t1,a4
   10e64:	46a9                	li	a3,10
   10e66:	577d                	li	a4,-1
   10e68:	82b6                	mv	t0,a3
   10e6a:	03f71393          	slli	t2,a4,0x3f
   10e6e:	4fa1                	li	t6,8
   10e70:	4f05                	li	t5,1
   10e72:	bf35                	j	10dae <_strtol_l.part.0+0x84>
   10e74:	537d                	li	t1,-1
   10e76:	137e                	slli	t1,t1,0x3f
   10e78:	02d37533          	remu	a0,t1,a3
   10e7c:	839a                	mv	t2,t1
   10e7e:	82b6                	mv	t0,a3
   10e80:	4f05                	li	t5,1
   10e82:	02d35333          	divu	t1,t1,a3
   10e86:	00050f9b          	sext.w	t6,a0
   10e8a:	b715                	j	10dae <_strtol_l.part.0+0x84>
   10e8c:	83aa                	mv	t2,a0
   10e8e:	b74d                	j	10e30 <_strtol_l.part.0+0x106>
   10e90:	03000713          	li	a4,48
   10e94:	ece89ee3          	bne	a7,a4,10d70 <_strtol_l.part.0+0x46>
   10e98:	00234703          	lbu	a4,2(t1)
   10e9c:	05800513          	li	a0,88
   10ea0:	0df77713          	andi	a4,a4,223
   10ea4:	06a71063          	bne	a4,a0,10f04 <_strtol_l.part.0+0x1da>
   10ea8:	00334883          	lbu	a7,3(t1)
   10eac:	46c1                	li	a3,16
   10eae:	82b6                	mv	t0,a3
   10eb0:	00430793          	addi	a5,t1,4
   10eb4:	537d                	li	t1,-1
   10eb6:	00135313          	srli	t1,t1,0x1
   10eba:	02537533          	remu	a0,t1,t0
   10ebe:	02535333          	divu	t1,t1,t0
   10ec2:	00050f9b          	sext.w	t6,a0
   10ec6:	bd6d                	j	10d80 <_strtol_l.part.0+0x56>
   10ec8:	33333737          	lui	a4,0x33333
   10ecc:	03333337          	lui	t1,0x3333
   10ed0:	33370713          	addi	a4,a4,819 # 33333333 <__BSS_END__+0x33316a63>
   10ed4:	33330313          	addi	t1,t1,819 # 3333333 <__BSS_END__+0x3316a63>
   10ed8:	070a                	slli	a4,a4,0x2
   10eda:	130a                	slli	t1,t1,0x22
   10edc:	46a9                	li	a3,10
   10ede:	933a                	add	t1,t1,a4
   10ee0:	82b6                	mv	t0,a3
   10ee2:	4f9d                	li	t6,7
   10ee4:	bd71                	j	10d80 <_strtol_l.part.0+0x56>
   10ee6:	0007c703          	lbu	a4,0(a5)
   10eea:	05800513          	li	a0,88
   10eee:	0df77713          	andi	a4,a4,223
   10ef2:	00a71963          	bne	a4,a0,10f04 <_strtol_l.part.0+0x1da>
   10ef6:	46c1                	li	a3,16
   10ef8:	0017c883          	lbu	a7,1(a5)
   10efc:	82b6                	mv	t0,a3
   10efe:	00330793          	addi	a5,t1,3
   10f02:	bf4d                	j	10eb4 <_strtol_l.part.0+0x18a>
   10f04:	e6b9                	bnez	a3,10f52 <_strtol_l.part.0+0x228>
   10f06:	46a1                	li	a3,8
   10f08:	82b6                	mv	t0,a3
   10f0a:	b76d                	j	10eb4 <_strtol_l.part.0+0x18a>
   10f0c:	00234703          	lbu	a4,2(t1)
   10f10:	05800513          	li	a0,88
   10f14:	0df77713          	andi	a4,a4,223
   10f18:	02a70663          	beq	a4,a0,10f44 <_strtol_l.part.0+0x21a>
   10f1c:	ce95                	beqz	a3,10f58 <_strtol_l.part.0+0x22e>
   10f1e:	46c1                	li	a3,16
   10f20:	82b6                	mv	t0,a3
   10f22:	577d                	li	a4,-1
   10f24:	177e                	slli	a4,a4,0x3f
   10f26:	02575333          	divu	t1,a4,t0
   10f2a:	83ba                	mv	t2,a4
   10f2c:	4f05                	li	t5,1
   10f2e:	b541                	j	10dae <_strtol_l.part.0+0x84>
   10f30:	4505                	li	a0,1
   10f32:	46c1                	li	a3,16
   10f34:	577d                	li	a4,-1
   10f36:	03b51313          	slli	t1,a0,0x3b
   10f3a:	8f2a                	mv	t5,a0
   10f3c:	82b6                	mv	t0,a3
   10f3e:	03f71393          	slli	t2,a4,0x3f
   10f42:	b5b5                	j	10dae <_strtol_l.part.0+0x84>
   10f44:	46c1                	li	a3,16
   10f46:	00334883          	lbu	a7,3(t1)
   10f4a:	82b6                	mv	t0,a3
   10f4c:	00430793          	addi	a5,t1,4
   10f50:	bfc9                	j	10f22 <_strtol_l.part.0+0x1f8>
   10f52:	46c1                	li	a3,16
   10f54:	82b6                	mv	t0,a3
   10f56:	bfb9                	j	10eb4 <_strtol_l.part.0+0x18a>
   10f58:	46a1                	li	a3,8
   10f5a:	82b6                	mv	t0,a3
   10f5c:	b7d9                	j	10f22 <_strtol_l.part.0+0x1f8>

0000000000010f5e <_strtol_r>:
   10f5e:	02400713          	li	a4,36
   10f62:	00d76663          	bltu	a4,a3,10f6e <_strtol_r+0x10>
   10f66:	fff68793          	addi	a5,a3,-1
   10f6a:	c391                	beqz	a5,10f6e <_strtol_r+0x10>
   10f6c:	bb7d                	j	10d2a <_strtol_l.part.0>
   10f6e:	1141                	addi	sp,sp,-16
   10f70:	e406                	sd	ra,8(sp)
   10f72:	1ad000ef          	jal	1191e <__errno>
   10f76:	60a2                	ld	ra,8(sp)
   10f78:	47d9                	li	a5,22
   10f7a:	c11c                	sw	a5,0(a0)
   10f7c:	4501                	li	a0,0
   10f7e:	0141                	addi	sp,sp,16
   10f80:	8082                	ret

0000000000010f82 <strtol_l>:
   10f82:	02400793          	li	a5,36
   10f86:	00c7ec63          	bltu	a5,a2,10f9e <strtol_l+0x1c>
   10f8a:	fff60793          	addi	a5,a2,-1
   10f8e:	cb81                	beqz	a5,10f9e <strtol_l+0x1c>
   10f90:	872a                	mv	a4,a0
   10f92:	2281b503          	ld	a0,552(gp) # 1c2f8 <_impure_ptr>
   10f96:	86b2                	mv	a3,a2
   10f98:	862e                	mv	a2,a1
   10f9a:	85ba                	mv	a1,a4
   10f9c:	b379                	j	10d2a <_strtol_l.part.0>
   10f9e:	1141                	addi	sp,sp,-16
   10fa0:	e406                	sd	ra,8(sp)
   10fa2:	17d000ef          	jal	1191e <__errno>
   10fa6:	60a2                	ld	ra,8(sp)
   10fa8:	47d9                	li	a5,22
   10faa:	c11c                	sw	a5,0(a0)
   10fac:	4501                	li	a0,0
   10fae:	0141                	addi	sp,sp,16
   10fb0:	8082                	ret

0000000000010fb2 <strtol>:
   10fb2:	02400793          	li	a5,36
   10fb6:	00c7ec63          	bltu	a5,a2,10fce <strtol+0x1c>
   10fba:	fff60793          	addi	a5,a2,-1
   10fbe:	cb81                	beqz	a5,10fce <strtol+0x1c>
   10fc0:	872a                	mv	a4,a0
   10fc2:	2281b503          	ld	a0,552(gp) # 1c2f8 <_impure_ptr>
   10fc6:	86b2                	mv	a3,a2
   10fc8:	862e                	mv	a2,a1
   10fca:	85ba                	mv	a1,a4
   10fcc:	bbb9                	j	10d2a <_strtol_l.part.0>
   10fce:	1141                	addi	sp,sp,-16
   10fd0:	e406                	sd	ra,8(sp)
   10fd2:	14d000ef          	jal	1191e <__errno>
   10fd6:	60a2                	ld	ra,8(sp)
   10fd8:	47d9                	li	a5,22
   10fda:	c11c                	sw	a5,0(a0)
   10fdc:	4501                	li	a0,0
   10fde:	0141                	addi	sp,sp,16
   10fe0:	8082                	ret

0000000000010fe2 <_strtoull_l.isra.0>:
   10fe2:	6769                	lui	a4,0x1a
   10fe4:	8eaa                	mv	t4,a0
   10fe6:	87ae                	mv	a5,a1
   10fe8:	1a970513          	addi	a0,a4,425 # 1a1a9 <_ctype_+0x1>
   10fec:	833e                	mv	t1,a5
   10fee:	0007c803          	lbu	a6,0(a5)
   10ff2:	0785                	addi	a5,a5,1
   10ff4:	01050733          	add	a4,a0,a6
   10ff8:	00074703          	lbu	a4,0(a4)
   10ffc:	8b21                	andi	a4,a4,8
   10ffe:	f77d                	bnez	a4,10fec <_strtoull_l.isra.0+0xa>
   11000:	02d00713          	li	a4,45
   11004:	0008089b          	sext.w	a7,a6
   11008:	0ce80f63          	beq	a6,a4,110e6 <_strtoull_l.isra.0+0x104>
   1100c:	02b00713          	li	a4,43
   11010:	4f81                	li	t6,0
   11012:	0ae88b63          	beq	a7,a4,110c8 <_strtoull_l.isra.0+0xe6>
   11016:	fef6f713          	andi	a4,a3,-17
   1101a:	c341                	beqz	a4,1109a <_strtoull_l.isra.0+0xb8>
   1101c:	537d                	li	t1,-1
   1101e:	02d372b3          	remu	t0,t1,a3
   11022:	83b6                	mv	t2,a3
   11024:	02d35333          	divu	t1,t1,a3
   11028:	2281                	sext.w	t0,t0
   1102a:	4801                	li	a6,0
   1102c:	4501                	li	a0,0
   1102e:	4e25                	li	t3,9
   11030:	4f65                	li	t5,25
   11032:	fd08871b          	addiw	a4,a7,-48
   11036:	00ee7863          	bgeu	t3,a4,11046 <_strtoull_l.isra.0+0x64>
   1103a:	fbf8871b          	addiw	a4,a7,-65
   1103e:	02ef6663          	bltu	t5,a4,1106a <_strtoull_l.isra.0+0x88>
   11042:	fc98871b          	addiw	a4,a7,-55
   11046:	02d75a63          	bge	a4,a3,1107a <_strtoull_l.isra.0+0x98>
   1104a:	0805                	addi	a6,a6,1
   1104c:	00080d63          	beqz	a6,11066 <_strtoull_l.isra.0+0x84>
   11050:	00a36b63          	bltu	t1,a0,11066 <_strtoull_l.isra.0+0x84>
   11054:	02651d63          	bne	a0,t1,1108e <_strtoull_l.isra.0+0xac>
   11058:	587d                	li	a6,-1
   1105a:	02e2da63          	bge	t0,a4,1108e <_strtoull_l.isra.0+0xac>
   1105e:	0785                	addi	a5,a5,1
   11060:	fff7c883          	lbu	a7,-1(a5)
   11064:	b7f9                	j	11032 <_strtoull_l.isra.0+0x50>
   11066:	587d                	li	a6,-1
   11068:	bfdd                	j	1105e <_strtoull_l.isra.0+0x7c>
   1106a:	f9f8871b          	addiw	a4,a7,-97
   1106e:	00ef6663          	bltu	t5,a4,1107a <_strtoull_l.isra.0+0x98>
   11072:	fa98871b          	addiw	a4,a7,-87
   11076:	fcd74ae3          	blt	a4,a3,1104a <_strtoull_l.isra.0+0x68>
   1107a:	577d                	li	a4,-1
   1107c:	04e80b63          	beq	a6,a4,110d2 <_strtoull_l.isra.0+0xf0>
   11080:	040f9163          	bnez	t6,110c2 <_strtoull_l.isra.0+0xe0>
   11084:	c601                	beqz	a2,1108c <_strtoull_l.isra.0+0xaa>
   11086:	04081c63          	bnez	a6,110de <_strtoull_l.isra.0+0xfc>
   1108a:	e20c                	sd	a1,0(a2)
   1108c:	8082                	ret
   1108e:	027508b3          	mul	a7,a0,t2
   11092:	4805                	li	a6,1
   11094:	01170533          	add	a0,a4,a7
   11098:	b7d9                	j	1105e <_strtoull_l.isra.0+0x7c>
   1109a:	03000713          	li	a4,48
   1109e:	04e88a63          	beq	a7,a4,110f2 <_strtoull_l.isra.0+0x110>
   110a2:	eab5                	bnez	a3,11116 <_strtoull_l.isra.0+0x134>
   110a4:	4cccd737          	lui	a4,0x4cccd
   110a8:	1999a337          	lui	t1,0x1999a
   110ac:	0706                	slli	a4,a4,0x1
   110ae:	99930313          	addi	t1,t1,-1639 # 19999999 <__BSS_END__+0x1997d0c9>
   110b2:	99970713          	addi	a4,a4,-1639 # 4cccc999 <__BSS_END__+0x4ccb00c9>
   110b6:	1302                	slli	t1,t1,0x20
   110b8:	46a9                	li	a3,10
   110ba:	933a                	add	t1,t1,a4
   110bc:	83b6                	mv	t2,a3
   110be:	4295                	li	t0,5
   110c0:	b7ad                	j	1102a <_strtoull_l.isra.0+0x48>
   110c2:	40a00533          	neg	a0,a0
   110c6:	bf7d                	j	11084 <_strtoull_l.isra.0+0xa2>
   110c8:	0007c883          	lbu	a7,0(a5)
   110cc:	00230793          	addi	a5,t1,2
   110d0:	b799                	j	11016 <_strtoull_l.isra.0+0x34>
   110d2:	02200713          	li	a4,34
   110d6:	00eea023          	sw	a4,0(t4)
   110da:	8542                	mv	a0,a6
   110dc:	c621                	beqz	a2,11124 <_strtoull_l.isra.0+0x142>
   110de:	fff78593          	addi	a1,a5,-1
   110e2:	e20c                	sd	a1,0(a2)
   110e4:	8082                	ret
   110e6:	0007c883          	lbu	a7,0(a5)
   110ea:	4f85                	li	t6,1
   110ec:	00230793          	addi	a5,t1,2
   110f0:	b71d                	j	11016 <_strtoull_l.isra.0+0x34>
   110f2:	0007c703          	lbu	a4,0(a5)
   110f6:	05800513          	li	a0,88
   110fa:	537d                	li	t1,-1
   110fc:	0df77713          	andi	a4,a4,223
   11100:	02a71363          	bne	a4,a0,11126 <_strtoull_l.isra.0+0x144>
   11104:	46c1                	li	a3,16
   11106:	0017c883          	lbu	a7,1(a5)
   1110a:	00435313          	srli	t1,t1,0x4
   1110e:	83b6                	mv	t2,a3
   11110:	42bd                	li	t0,15
   11112:	0789                	addi	a5,a5,2
   11114:	bf19                	j	1102a <_strtoull_l.isra.0+0x48>
   11116:	537d                	li	t1,-1
   11118:	46c1                	li	a3,16
   1111a:	00435313          	srli	t1,t1,0x4
   1111e:	83b6                	mv	t2,a3
   11120:	42bd                	li	t0,15
   11122:	b721                	j	1102a <_strtoull_l.isra.0+0x48>
   11124:	8082                	ret
   11126:	e699                	bnez	a3,11134 <_strtoull_l.isra.0+0x152>
   11128:	46a1                	li	a3,8
   1112a:	00335313          	srli	t1,t1,0x3
   1112e:	83b6                	mv	t2,a3
   11130:	429d                	li	t0,7
   11132:	bde5                	j	1102a <_strtoull_l.isra.0+0x48>
   11134:	46c1                	li	a3,16
   11136:	00435313          	srli	t1,t1,0x4
   1113a:	83b6                	mv	t2,a3
   1113c:	42bd                	li	t0,15
   1113e:	b5f5                	j	1102a <_strtoull_l.isra.0+0x48>

0000000000011140 <_strtoull_r>:
   11140:	b54d                	j	10fe2 <_strtoull_l.isra.0>

0000000000011142 <strtoull_l>:
   11142:	872a                	mv	a4,a0
   11144:	2281b503          	ld	a0,552(gp) # 1c2f8 <_impure_ptr>
   11148:	86b2                	mv	a3,a2
   1114a:	862e                	mv	a2,a1
   1114c:	85ba                	mv	a1,a4
   1114e:	bd51                	j	10fe2 <_strtoull_l.isra.0>

0000000000011150 <strtoull>:
   11150:	872a                	mv	a4,a0
   11152:	2281b503          	ld	a0,552(gp) # 1c2f8 <_impure_ptr>
   11156:	86b2                	mv	a3,a2
   11158:	862e                	mv	a2,a1
   1115a:	85ba                	mv	a1,a4
   1115c:	b559                	j	10fe2 <_strtoull_l.isra.0>

000000000001115e <__fp_lock>:
   1115e:	4501                	li	a0,0
   11160:	8082                	ret

0000000000011162 <stdio_exit_handler>:
   11162:	65d1                	lui	a1,0x14
   11164:	e8018613          	addi	a2,gp,-384 # 1bf50 <__sglue>
   11168:	fc658593          	addi	a1,a1,-58 # 13fc6 <_fclose_r>
   1116c:	e9818513          	addi	a0,gp,-360 # 1bf68 <_impure_data>
   11170:	a4c5                	j	11450 <_fwalk_sglue>

0000000000011172 <cleanup_stdio>:
   11172:	650c                	ld	a1,8(a0)
   11174:	1141                	addi	sp,sp,-16
   11176:	e022                	sd	s0,0(sp)
   11178:	e406                	sd	ra,8(sp)
   1117a:	2d818793          	addi	a5,gp,728 # 1c3a8 <__sf>
   1117e:	842a                	mv	s0,a0
   11180:	00f58463          	beq	a1,a5,11188 <cleanup_stdio+0x16>
   11184:	643020ef          	jal	13fc6 <_fclose_r>
   11188:	680c                	ld	a1,16(s0)
   1118a:	38818793          	addi	a5,gp,904 # 1c458 <__sf+0xb0>
   1118e:	00f58563          	beq	a1,a5,11198 <cleanup_stdio+0x26>
   11192:	8522                	mv	a0,s0
   11194:	633020ef          	jal	13fc6 <_fclose_r>
   11198:	6c0c                	ld	a1,24(s0)
   1119a:	43818793          	addi	a5,gp,1080 # 1c508 <__sf+0x160>
   1119e:	00f58863          	beq	a1,a5,111ae <cleanup_stdio+0x3c>
   111a2:	8522                	mv	a0,s0
   111a4:	6402                	ld	s0,0(sp)
   111a6:	60a2                	ld	ra,8(sp)
   111a8:	0141                	addi	sp,sp,16
   111aa:	61d0206f          	j	13fc6 <_fclose_r>
   111ae:	60a2                	ld	ra,8(sp)
   111b0:	6402                	ld	s0,0(sp)
   111b2:	0141                	addi	sp,sp,16
   111b4:	8082                	ret

00000000000111b6 <__fp_unlock>:
   111b6:	4501                	li	a0,0
   111b8:	8082                	ret

00000000000111ba <global_stdio_init.part.0>:
   111ba:	cce17057          	vsetivli	zero,2,e16,mf4,ta,ma
   111be:	5208a0d7          	vid.v	v1
   111c2:	57f1                	li	a5,-4
   111c4:	9617e0d7          	vmul.vx	v1,v1,a5
   111c8:	0d707057          	vsetvli	zero,zero,e32,mf2,ta,ma
   111cc:	7179                	addi	sp,sp,-48
   111ce:	5e003157          	vmv.v.i	v2,0
   111d2:	0ce07057          	vsetvli	zero,zero,e16,mf4,ta,ma
   111d6:	f022                	sd	s0,32(sp)
   111d8:	021230d7          	vadd.vi	v1,v1,4
   111dc:	2d818413          	addi	s0,gp,728 # 1c3a8 <__sf>
   111e0:	f406                	sd	ra,40(sp)
   111e2:	ec26                	sd	s1,24(sp)
   111e4:	e84a                	sd	s2,16(sp)
   111e6:	e44e                	sd	s3,8(sp)
   111e8:	e052                	sd	s4,0(sp)
   111ea:	01040713          	addi	a4,s0,16
   111ee:	020750a7          	vse16.v	v1,(a4)
   111f2:	67c5                	lui	a5,0x11
   111f4:	00840713          	addi	a4,s0,8
   111f8:	02076127          	vse32.v	v2,(a4)
   111fc:	16278793          	addi	a5,a5,354 # 11162 <stdio_exit_handler>
   11200:	4621                	li	a2,8
   11202:	4581                	li	a1,0
   11204:	37c18513          	addi	a0,gp,892 # 1c44c <__sf+0xa4>
   11208:	24f1b823          	sd	a5,592(gp) # 1c320 <__stdio_exit_handler>
   1120c:	00043023          	sd	zero,0(s0)
   11210:	0a042623          	sw	zero,172(s0)
   11214:	00043c23          	sd	zero,24(s0)
   11218:	02042023          	sw	zero,32(s0)
   1121c:	02042423          	sw	zero,40(s0)
   11220:	766000ef          	jal	11986 <memset>
   11224:	cce17057          	vsetivli	zero,2,e16,mf4,ta,ma
   11228:	5208a0d7          	vid.v	v1
   1122c:	57e1                	li	a5,-8
   1122e:	9617e0d7          	vmul.vx	v1,v1,a5
   11232:	0d707057          	vsetvli	zero,zero,e32,mf2,ta,ma
   11236:	5e003157          	vmv.v.i	v2,0
   1123a:	0ce07057          	vsetvli	zero,zero,e16,mf4,ta,ma
   1123e:	0214b0d7          	vadd.vi	v1,v1,9
   11242:	0c040793          	addi	a5,s0,192
   11246:	6a45                	lui	s4,0x11
   11248:	69c5                	lui	s3,0x11
   1124a:	6945                	lui	s2,0x11
   1124c:	64c5                	lui	s1,0x11
   1124e:	0207d0a7          	vse16.v	v1,(a5)
   11252:	65aa0a13          	addi	s4,s4,1626 # 1165a <__sread>
   11256:	0b840793          	addi	a5,s0,184
   1125a:	69698993          	addi	s3,s3,1686 # 11696 <__swrite>
   1125e:	6e890913          	addi	s2,s2,1768 # 116e8 <__sseek>
   11262:	72a48493          	addi	s1,s1,1834 # 1172a <__sclose>
   11266:	4621                	li	a2,8
   11268:	4581                	li	a1,0
   1126a:	42c18513          	addi	a0,gp,1068 # 1c4fc <__sf+0x154>
   1126e:	0207e127          	vse32.v	v2,(a5)
   11272:	03443c23          	sd	s4,56(s0)
   11276:	05343023          	sd	s3,64(s0)
   1127a:	05243423          	sd	s2,72(s0)
   1127e:	e824                	sd	s1,80(s0)
   11280:	f800                	sd	s0,48(s0)
   11282:	0a043823          	sd	zero,176(s0)
   11286:	14042e23          	sw	zero,348(s0)
   1128a:	0c043423          	sd	zero,200(s0)
   1128e:	0c042823          	sw	zero,208(s0)
   11292:	0c042c23          	sw	zero,216(s0)
   11296:	6f0000ef          	jal	11986 <memset>
   1129a:	cce17057          	vsetivli	zero,2,e16,mf4,ta,ma
   1129e:	5208a0d7          	vid.v	v1
   112a2:	57c1                	li	a5,-16
   112a4:	9617e0d7          	vmul.vx	v1,v1,a5
   112a8:	0d707057          	vsetvli	zero,zero,e32,mf2,ta,ma
   112ac:	5e003157          	vmv.v.i	v2,0
   112b0:	4749                	li	a4,18
   112b2:	0ce07057          	vsetvli	zero,zero,e16,mf4,ta,ma
   112b6:	021740d7          	vadd.vx	v1,v1,a4
   112ba:	17040693          	addi	a3,s0,368
   112be:	38818793          	addi	a5,gp,904 # 1c458 <__sf+0xb0>
   112c2:	16840713          	addi	a4,s0,360
   112c6:	4dc18513          	addi	a0,gp,1244 # 1c5ac <__sf+0x204>
   112ca:	4621                	li	a2,8
   112cc:	4581                	li	a1,0
   112ce:	0f443423          	sd	s4,232(s0)
   112d2:	0f343823          	sd	s3,240(s0)
   112d6:	0f243c23          	sd	s2,248(s0)
   112da:	10943023          	sd	s1,256(s0)
   112de:	f07c                	sd	a5,224(s0)
   112e0:	16043023          	sd	zero,352(s0)
   112e4:	20042623          	sw	zero,524(s0)
   112e8:	16043c23          	sd	zero,376(s0)
   112ec:	18042023          	sw	zero,384(s0)
   112f0:	18042423          	sw	zero,392(s0)
   112f4:	0206d0a7          	vse16.v	v1,(a3)
   112f8:	02076127          	vse32.v	v2,(a4)
   112fc:	68a000ef          	jal	11986 <memset>
   11300:	43818793          	addi	a5,gp,1080 # 1c508 <__sf+0x160>
   11304:	19443c23          	sd	s4,408(s0)
   11308:	1b343023          	sd	s3,416(s0)
   1130c:	1b243423          	sd	s2,424(s0)
   11310:	1a943823          	sd	s1,432(s0)
   11314:	70a2                	ld	ra,40(sp)
   11316:	18f43823          	sd	a5,400(s0)
   1131a:	7402                	ld	s0,32(sp)
   1131c:	64e2                	ld	s1,24(sp)
   1131e:	6942                	ld	s2,16(sp)
   11320:	69a2                	ld	s3,8(sp)
   11322:	6a02                	ld	s4,0(sp)
   11324:	6145                	addi	sp,sp,48
   11326:	8082                	ret

0000000000011328 <__sfp>:
   11328:	2501b783          	ld	a5,592(gp) # 1c320 <__stdio_exit_handler>
   1132c:	7179                	addi	sp,sp,-48
   1132e:	ec26                	sd	s1,24(sp)
   11330:	f406                	sd	ra,40(sp)
   11332:	f022                	sd	s0,32(sp)
   11334:	84aa                	mv	s1,a0
   11336:	cbf1                	beqz	a5,1140a <__sfp+0xe2>
   11338:	e8018693          	addi	a3,gp,-384 # 1bf50 <__sglue>
   1133c:	0b000813          	li	a6,176
   11340:	4698                	lw	a4,8(a3)
   11342:	08e05563          	blez	a4,113cc <__sfp+0xa4>
   11346:	1702                	slli	a4,a4,0x20
   11348:	9301                	srli	a4,a4,0x20
   1134a:	03070733          	mul	a4,a4,a6
   1134e:	6a80                	ld	s0,16(a3)
   11350:	9722                	add	a4,a4,s0
   11352:	a029                	j	1135c <__sfp+0x34>
   11354:	0b040413          	addi	s0,s0,176
   11358:	06e40a63          	beq	s0,a4,113cc <__sfp+0xa4>
   1135c:	01041783          	lh	a5,16(s0)
   11360:	fbf5                	bnez	a5,11354 <__sfp+0x2c>
   11362:	cce17057          	vsetivli	zero,2,e16,mf4,ta,ma
   11366:	5208a0d7          	vid.v	v1
   1136a:	57f9                	li	a5,-2
   1136c:	9617e0d7          	vmul.vx	v1,v1,a5
   11370:	0d707057          	vsetvli	zero,zero,e32,mf2,ta,ma
   11374:	5e003157          	vmv.v.i	v2,0
   11378:	0ce07057          	vsetvli	zero,zero,e16,mf4,ta,ma
   1137c:	0210b0d7          	vadd.vi	v1,v1,1
   11380:	01040713          	addi	a4,s0,16
   11384:	00840793          	addi	a5,s0,8
   11388:	020750a7          	vse16.v	v1,(a4)
   1138c:	4621                	li	a2,8
   1138e:	4581                	li	a1,0
   11390:	0a440513          	addi	a0,s0,164
   11394:	0a042623          	sw	zero,172(s0)
   11398:	00043023          	sd	zero,0(s0)
   1139c:	0207e127          	vse32.v	v2,(a5)
   113a0:	00043c23          	sd	zero,24(s0)
   113a4:	02042023          	sw	zero,32(s0)
   113a8:	02042423          	sw	zero,40(s0)
   113ac:	5da000ef          	jal	11986 <memset>
   113b0:	04043c23          	sd	zero,88(s0)
   113b4:	06042023          	sw	zero,96(s0)
   113b8:	06043c23          	sd	zero,120(s0)
   113bc:	08042023          	sw	zero,128(s0)
   113c0:	70a2                	ld	ra,40(sp)
   113c2:	8522                	mv	a0,s0
   113c4:	7402                	ld	s0,32(sp)
   113c6:	64e2                	ld	s1,24(sp)
   113c8:	6145                	addi	sp,sp,48
   113ca:	8082                	ret
   113cc:	6280                	ld	s0,0(a3)
   113ce:	c019                	beqz	s0,113d4 <__sfp+0xac>
   113d0:	86a2                	mv	a3,s0
   113d2:	b7bd                	j	11340 <__sfp+0x18>
   113d4:	2d800593          	li	a1,728
   113d8:	8526                	mv	a0,s1
   113da:	e436                	sd	a3,8(sp)
   113dc:	aceff0ef          	jal	106aa <_malloc_r>
   113e0:	66a2                	ld	a3,8(sp)
   113e2:	842a                	mv	s0,a0
   113e4:	c515                	beqz	a0,11410 <__sfp+0xe8>
   113e6:	4791                	li	a5,4
   113e8:	c51c                	sw	a5,8(a0)
   113ea:	0561                	addi	a0,a0,24
   113ec:	00043023          	sd	zero,0(s0)
   113f0:	e808                	sd	a0,16(s0)
   113f2:	2c000613          	li	a2,704
   113f6:	4581                	li	a1,0
   113f8:	e436                	sd	a3,8(sp)
   113fa:	58c000ef          	jal	11986 <memset>
   113fe:	66a2                	ld	a3,8(sp)
   11400:	0b000813          	li	a6,176
   11404:	e280                	sd	s0,0(a3)
   11406:	86a2                	mv	a3,s0
   11408:	bf25                	j	11340 <__sfp+0x18>
   1140a:	db1ff0ef          	jal	111ba <global_stdio_init.part.0>
   1140e:	b72d                	j	11338 <__sfp+0x10>
   11410:	0006b023          	sd	zero,0(a3)
   11414:	47b1                	li	a5,12
   11416:	c09c                	sw	a5,0(s1)
   11418:	b765                	j	113c0 <__sfp+0x98>

000000000001141a <__sinit>:
   1141a:	653c                	ld	a5,72(a0)
   1141c:	c391                	beqz	a5,11420 <__sinit+0x6>
   1141e:	8082                	ret
   11420:	67c5                	lui	a5,0x11
   11422:	2501b703          	ld	a4,592(gp) # 1c320 <__stdio_exit_handler>
   11426:	17278793          	addi	a5,a5,370 # 11172 <cleanup_stdio>
   1142a:	e53c                	sd	a5,72(a0)
   1142c:	fb6d                	bnez	a4,1141e <__sinit+0x4>
   1142e:	b371                	j	111ba <global_stdio_init.part.0>

0000000000011430 <__sfp_lock_acquire>:
   11430:	8082                	ret

0000000000011432 <__sfp_lock_release>:
   11432:	8082                	ret

0000000000011434 <__fp_lock_all>:
   11434:	65c5                	lui	a1,0x11
   11436:	e8018613          	addi	a2,gp,-384 # 1bf50 <__sglue>
   1143a:	15e58593          	addi	a1,a1,350 # 1115e <__fp_lock>
   1143e:	4501                	li	a0,0
   11440:	a801                	j	11450 <_fwalk_sglue>

0000000000011442 <__fp_unlock_all>:
   11442:	65c5                	lui	a1,0x11
   11444:	e8018613          	addi	a2,gp,-384 # 1bf50 <__sglue>
   11448:	1b658593          	addi	a1,a1,438 # 111b6 <__fp_unlock>
   1144c:	4501                	li	a0,0
   1144e:	a009                	j	11450 <_fwalk_sglue>

0000000000011450 <_fwalk_sglue>:
   11450:	715d                	addi	sp,sp,-80
   11452:	f84a                	sd	s2,48(sp)
   11454:	f44e                	sd	s3,40(sp)
   11456:	f052                	sd	s4,32(sp)
   11458:	ec56                	sd	s5,24(sp)
   1145a:	e85a                	sd	s6,16(sp)
   1145c:	e45e                	sd	s7,8(sp)
   1145e:	e062                	sd	s8,0(sp)
   11460:	e486                	sd	ra,72(sp)
   11462:	e0a2                	sd	s0,64(sp)
   11464:	fc26                	sd	s1,56(sp)
   11466:	89b2                	mv	s3,a2
   11468:	8aaa                	mv	s5,a0
   1146a:	8b2e                	mv	s6,a1
   1146c:	4901                	li	s2,0
   1146e:	0b000b93          	li	s7,176
   11472:	4c05                	li	s8,1
   11474:	5a7d                	li	s4,-1
   11476:	0089a483          	lw	s1,8(s3)
   1147a:	02905b63          	blez	s1,114b0 <_fwalk_sglue+0x60>
   1147e:	1482                	slli	s1,s1,0x20
   11480:	9081                	srli	s1,s1,0x20
   11482:	037484b3          	mul	s1,s1,s7
   11486:	0109b403          	ld	s0,16(s3)
   1148a:	94a2                	add	s1,s1,s0
   1148c:	01045783          	lhu	a5,16(s0)
   11490:	00fc7c63          	bgeu	s8,a5,114a8 <_fwalk_sglue+0x58>
   11494:	01241783          	lh	a5,18(s0)
   11498:	85a2                	mv	a1,s0
   1149a:	8556                	mv	a0,s5
   1149c:	01478663          	beq	a5,s4,114a8 <_fwalk_sglue+0x58>
   114a0:	9b02                	jalr	s6
   114a2:	01256933          	or	s2,a0,s2
   114a6:	2901                	sext.w	s2,s2
   114a8:	0b040413          	addi	s0,s0,176
   114ac:	fe9410e3          	bne	s0,s1,1148c <_fwalk_sglue+0x3c>
   114b0:	0009b983          	ld	s3,0(s3)
   114b4:	fc0991e3          	bnez	s3,11476 <_fwalk_sglue+0x26>
   114b8:	60a6                	ld	ra,72(sp)
   114ba:	6406                	ld	s0,64(sp)
   114bc:	74e2                	ld	s1,56(sp)
   114be:	79a2                	ld	s3,40(sp)
   114c0:	7a02                	ld	s4,32(sp)
   114c2:	6ae2                	ld	s5,24(sp)
   114c4:	6b42                	ld	s6,16(sp)
   114c6:	6ba2                	ld	s7,8(sp)
   114c8:	6c02                	ld	s8,0(sp)
   114ca:	854a                	mv	a0,s2
   114cc:	7942                	ld	s2,48(sp)
   114ce:	6161                	addi	sp,sp,80
   114d0:	8082                	ret

00000000000114d2 <_fwrite_r>:
   114d2:	02c687b3          	mul	a5,a3,a2
   114d6:	7159                	addi	sp,sp,-112
   114d8:	03810813          	addi	a6,sp,56
   114dc:	88b2                	mv	a7,a2
   114de:	4605                	li	a2,1
   114e0:	e4c2                	sd	a6,72(sp)
   114e2:	f486                	sd	ra,104(sp)
   114e4:	fc2e                	sd	a1,56(sp)
   114e6:	c8b2                	sw	a2,80(sp)
   114e8:	882a                	mv	a6,a0
   114ea:	e0be                	sd	a5,64(sp)
   114ec:	ecbe                	sd	a5,88(sp)
   114ee:	c119                	beqz	a0,114f4 <_fwrite_r+0x22>
   114f0:	6530                	ld	a2,72(a0)
   114f2:	ce39                	beqz	a2,11550 <_fwrite_r+0x7e>
   114f4:	01071603          	lh	a2,16(a4)
   114f8:	0ac72583          	lw	a1,172(a4)
   114fc:	6309                	lui	t1,0x2
   114fe:	03261513          	slli	a0,a2,0x32
   11502:	02054f63          	bltz	a0,11540 <_fwrite_r+0x6e>
   11506:	7579                	lui	a0,0xffffe
   11508:	157d                	addi	a0,a0,-1 # ffffffffffffdfff <__BSS_END__+0xfffffffffffe172f>
   1150a:	00666633          	or	a2,a2,t1
   1150e:	8de9                	and	a1,a1,a0
   11510:	00c71823          	sh	a2,16(a4)
   11514:	0ab72623          	sw	a1,172(a4)
   11518:	85ba                	mv	a1,a4
   1151a:	8542                	mv	a0,a6
   1151c:	00b0                	addi	a2,sp,72
   1151e:	e436                	sd	a3,8(sp)
   11520:	ec46                	sd	a7,24(sp)
   11522:	e83e                	sd	a5,16(sp)
   11524:	579020ef          	jal	1429c <__sfvwrite_r>
   11528:	872a                	mv	a4,a0
   1152a:	6522                	ld	a0,8(sp)
   1152c:	c719                	beqz	a4,1153a <_fwrite_r+0x68>
   1152e:	6766                	ld	a4,88(sp)
   11530:	67c2                	ld	a5,16(sp)
   11532:	68e2                	ld	a7,24(sp)
   11534:	8f99                	sub	a5,a5,a4
   11536:	0317d533          	divu	a0,a5,a7
   1153a:	70a6                	ld	ra,104(sp)
   1153c:	6165                	addi	sp,sp,112
   1153e:	8082                	ret
   11540:	03259613          	slli	a2,a1,0x32
   11544:	4501                	li	a0,0
   11546:	fc0659e3          	bgez	a2,11518 <_fwrite_r+0x46>
   1154a:	70a6                	ld	ra,104(sp)
   1154c:	6165                	addi	sp,sp,112
   1154e:	8082                	ret
   11550:	f43a                	sd	a4,40(sp)
   11552:	f036                	sd	a3,32(sp)
   11554:	ec46                	sd	a7,24(sp)
   11556:	e43e                	sd	a5,8(sp)
   11558:	e82a                	sd	a0,16(sp)
   1155a:	ec1ff0ef          	jal	1141a <__sinit>
   1155e:	7722                	ld	a4,40(sp)
   11560:	7682                	ld	a3,32(sp)
   11562:	68e2                	ld	a7,24(sp)
   11564:	6842                	ld	a6,16(sp)
   11566:	67a2                	ld	a5,8(sp)
   11568:	b771                	j	114f4 <_fwrite_r+0x22>

000000000001156a <fwrite>:
   1156a:	02c587b3          	mul	a5,a1,a2
   1156e:	7159                	addi	sp,sp,-112
   11570:	8832                	mv	a6,a2
   11572:	2281b603          	ld	a2,552(gp) # 1c2f8 <_impure_ptr>
   11576:	88ae                	mv	a7,a1
   11578:	4705                	li	a4,1
   1157a:	182c                	addi	a1,sp,56
   1157c:	f486                	sd	ra,104(sp)
   1157e:	fc2a                	sd	a0,56(sp)
   11580:	e4ae                	sd	a1,72(sp)
   11582:	c8ba                	sw	a4,80(sp)
   11584:	e0be                	sd	a5,64(sp)
   11586:	ecbe                	sd	a5,88(sp)
   11588:	c219                	beqz	a2,1158e <fwrite+0x24>
   1158a:	6638                	ld	a4,72(a2)
   1158c:	cf39                	beqz	a4,115ea <fwrite+0x80>
   1158e:	01069703          	lh	a4,16(a3)
   11592:	0ac6a583          	lw	a1,172(a3)
   11596:	6309                	lui	t1,0x2
   11598:	03271513          	slli	a0,a4,0x32
   1159c:	02054f63          	bltz	a0,115da <fwrite+0x70>
   115a0:	7579                	lui	a0,0xffffe
   115a2:	157d                	addi	a0,a0,-1 # ffffffffffffdfff <__BSS_END__+0xfffffffffffe172f>
   115a4:	00676733          	or	a4,a4,t1
   115a8:	8de9                	and	a1,a1,a0
   115aa:	00e69823          	sh	a4,16(a3)
   115ae:	0ab6a623          	sw	a1,172(a3)
   115b2:	8532                	mv	a0,a2
   115b4:	85b6                	mv	a1,a3
   115b6:	00b0                	addi	a2,sp,72
   115b8:	e442                	sd	a6,8(sp)
   115ba:	ec46                	sd	a7,24(sp)
   115bc:	e83e                	sd	a5,16(sp)
   115be:	4df020ef          	jal	1429c <__sfvwrite_r>
   115c2:	872a                	mv	a4,a0
   115c4:	6522                	ld	a0,8(sp)
   115c6:	c719                	beqz	a4,115d4 <fwrite+0x6a>
   115c8:	6766                	ld	a4,88(sp)
   115ca:	67c2                	ld	a5,16(sp)
   115cc:	68e2                	ld	a7,24(sp)
   115ce:	8f99                	sub	a5,a5,a4
   115d0:	0317d533          	divu	a0,a5,a7
   115d4:	70a6                	ld	ra,104(sp)
   115d6:	6165                	addi	sp,sp,112
   115d8:	8082                	ret
   115da:	03259713          	slli	a4,a1,0x32
   115de:	4501                	li	a0,0
   115e0:	fc0759e3          	bgez	a4,115b2 <fwrite+0x48>
   115e4:	70a6                	ld	ra,104(sp)
   115e6:	6165                	addi	sp,sp,112
   115e8:	8082                	ret
   115ea:	8532                	mv	a0,a2
   115ec:	f436                	sd	a3,40(sp)
   115ee:	f042                	sd	a6,32(sp)
   115f0:	ec46                	sd	a7,24(sp)
   115f2:	e83e                	sd	a5,16(sp)
   115f4:	e432                	sd	a2,8(sp)
   115f6:	e25ff0ef          	jal	1141a <__sinit>
   115fa:	76a2                	ld	a3,40(sp)
   115fc:	7802                	ld	a6,32(sp)
   115fe:	68e2                	ld	a7,24(sp)
   11600:	67c2                	ld	a5,16(sp)
   11602:	6622                	ld	a2,8(sp)
   11604:	b769                	j	1158e <fwrite+0x24>

0000000000011606 <_printf_r>:
   11606:	715d                	addi	sp,sp,-80
   11608:	8e2e                	mv	t3,a1
   1160a:	690c                	ld	a1,16(a0)
   1160c:	02010313          	addi	t1,sp,32
   11610:	f032                	sd	a2,32(sp)
   11612:	f436                	sd	a3,40(sp)
   11614:	8672                	mv	a2,t3
   11616:	869a                	mv	a3,t1
   11618:	ec06                	sd	ra,24(sp)
   1161a:	f83a                	sd	a4,48(sp)
   1161c:	fc3e                	sd	a5,56(sp)
   1161e:	e0c2                	sd	a6,64(sp)
   11620:	e4c6                	sd	a7,72(sp)
   11622:	e41a                	sd	t1,8(sp)
   11624:	7ec000ef          	jal	11e10 <_vfprintf_r>
   11628:	60e2                	ld	ra,24(sp)
   1162a:	6161                	addi	sp,sp,80
   1162c:	8082                	ret

000000000001162e <printf>:
   1162e:	2281b303          	ld	t1,552(gp) # 1c2f8 <_impure_ptr>
   11632:	711d                	addi	sp,sp,-96
   11634:	f832                	sd	a2,48(sp)
   11636:	fc36                	sd	a3,56(sp)
   11638:	f42e                	sd	a1,40(sp)
   1163a:	e0ba                	sd	a4,64(sp)
   1163c:	e4be                	sd	a5,72(sp)
   1163e:	e8c2                	sd	a6,80(sp)
   11640:	ecc6                	sd	a7,88(sp)
   11642:	01033583          	ld	a1,16(t1) # 2010 <exit-0xe110>
   11646:	1034                	addi	a3,sp,40
   11648:	862a                	mv	a2,a0
   1164a:	851a                	mv	a0,t1
   1164c:	ec06                	sd	ra,24(sp)
   1164e:	e436                	sd	a3,8(sp)
   11650:	7c0000ef          	jal	11e10 <_vfprintf_r>
   11654:	60e2                	ld	ra,24(sp)
   11656:	6125                	addi	sp,sp,96
   11658:	8082                	ret

000000000001165a <__sread>:
   1165a:	1141                	addi	sp,sp,-16
   1165c:	e022                	sd	s0,0(sp)
   1165e:	842e                	mv	s0,a1
   11660:	01259583          	lh	a1,18(a1)
   11664:	e406                	sd	ra,8(sp)
   11666:	20a000ef          	jal	11870 <_read_r>
   1166a:	00054963          	bltz	a0,1167c <__sread+0x22>
   1166e:	685c                	ld	a5,144(s0)
   11670:	60a2                	ld	ra,8(sp)
   11672:	97aa                	add	a5,a5,a0
   11674:	e85c                	sd	a5,144(s0)
   11676:	6402                	ld	s0,0(sp)
   11678:	0141                	addi	sp,sp,16
   1167a:	8082                	ret
   1167c:	01045783          	lhu	a5,16(s0)
   11680:	777d                	lui	a4,0xfffff
   11682:	177d                	addi	a4,a4,-1 # ffffffffffffefff <__BSS_END__+0xfffffffffffe272f>
   11684:	8ff9                	and	a5,a5,a4
   11686:	60a2                	ld	ra,8(sp)
   11688:	00f41823          	sh	a5,16(s0)
   1168c:	6402                	ld	s0,0(sp)
   1168e:	0141                	addi	sp,sp,16
   11690:	8082                	ret

0000000000011692 <__seofread>:
   11692:	4501                	li	a0,0
   11694:	8082                	ret

0000000000011696 <__swrite>:
   11696:	01059783          	lh	a5,16(a1)
   1169a:	7179                	addi	sp,sp,-48
   1169c:	8336                	mv	t1,a3
   1169e:	f406                	sd	ra,40(sp)
   116a0:	1007f693          	andi	a3,a5,256
   116a4:	872e                	mv	a4,a1
   116a6:	88b2                	mv	a7,a2
   116a8:	882a                	mv	a6,a0
   116aa:	ee91                	bnez	a3,116c6 <__swrite+0x30>
   116ac:	76fd                	lui	a3,0xfffff
   116ae:	16fd                	addi	a3,a3,-1 # ffffffffffffefff <__BSS_END__+0xfffffffffffe272f>
   116b0:	70a2                	ld	ra,40(sp)
   116b2:	8ff5                	and	a5,a5,a3
   116b4:	01271583          	lh	a1,18(a4)
   116b8:	00f71823          	sh	a5,16(a4)
   116bc:	869a                	mv	a3,t1
   116be:	8646                	mv	a2,a7
   116c0:	8542                	mv	a0,a6
   116c2:	6145                	addi	sp,sp,48
   116c4:	ac39                	j	118e2 <_write_r>
   116c6:	01259583          	lh	a1,18(a1)
   116ca:	e832                	sd	a2,16(sp)
   116cc:	4689                	li	a3,2
   116ce:	4601                	li	a2,0
   116d0:	ec1a                	sd	t1,24(sp)
   116d2:	e03a                	sd	a4,0(sp)
   116d4:	e42a                	sd	a0,8(sp)
   116d6:	15e000ef          	jal	11834 <_lseek_r>
   116da:	6702                	ld	a4,0(sp)
   116dc:	6362                	ld	t1,24(sp)
   116de:	68c2                	ld	a7,16(sp)
   116e0:	01071783          	lh	a5,16(a4)
   116e4:	6822                	ld	a6,8(sp)
   116e6:	b7d9                	j	116ac <__swrite+0x16>

00000000000116e8 <__sseek>:
   116e8:	1141                	addi	sp,sp,-16
   116ea:	e022                	sd	s0,0(sp)
   116ec:	842e                	mv	s0,a1
   116ee:	01259583          	lh	a1,18(a1)
   116f2:	e406                	sd	ra,8(sp)
   116f4:	140000ef          	jal	11834 <_lseek_r>
   116f8:	577d                	li	a4,-1
   116fa:	01041783          	lh	a5,16(s0)
   116fe:	00e50b63          	beq	a0,a4,11714 <__sseek+0x2c>
   11702:	6705                	lui	a4,0x1
   11704:	8fd9                	or	a5,a5,a4
   11706:	60a2                	ld	ra,8(sp)
   11708:	e848                	sd	a0,144(s0)
   1170a:	00f41823          	sh	a5,16(s0)
   1170e:	6402                	ld	s0,0(sp)
   11710:	0141                	addi	sp,sp,16
   11712:	8082                	ret
   11714:	80050713          	addi	a4,a0,-2048
   11718:	80070713          	addi	a4,a4,-2048 # 800 <exit-0xf920>
   1171c:	8ff9                	and	a5,a5,a4
   1171e:	60a2                	ld	ra,8(sp)
   11720:	00f41823          	sh	a5,16(s0)
   11724:	6402                	ld	s0,0(sp)
   11726:	0141                	addi	sp,sp,16
   11728:	8082                	ret

000000000001172a <__sclose>:
   1172a:	01259583          	lh	a1,18(a1)
   1172e:	a0a9                	j	11778 <_close_r>

0000000000011730 <memcmp>:
   11730:	469d                	li	a3,7
   11732:	04c6f063          	bgeu	a3,a2,11772 <memcmp+0x42>
   11736:	00a5e7b3          	or	a5,a1,a0
   1173a:	8b9d                	andi	a5,a5,7
   1173c:	c395                	beqz	a5,11760 <memcmp+0x30>
   1173e:	167d                	addi	a2,a2,-1
   11740:	0605                	addi	a2,a2,1
   11742:	962a                	add	a2,a2,a0
   11744:	a019                	j	1174a <memcmp+0x1a>
   11746:	02c50763          	beq	a0,a2,11774 <memcmp+0x44>
   1174a:	00054783          	lbu	a5,0(a0)
   1174e:	0005c703          	lbu	a4,0(a1)
   11752:	0505                	addi	a0,a0,1
   11754:	0585                	addi	a1,a1,1
   11756:	fee788e3          	beq	a5,a4,11746 <memcmp+0x16>
   1175a:	40e7853b          	subw	a0,a5,a4
   1175e:	8082                	ret
   11760:	6118                	ld	a4,0(a0)
   11762:	619c                	ld	a5,0(a1)
   11764:	fcf71de3          	bne	a4,a5,1173e <memcmp+0xe>
   11768:	1661                	addi	a2,a2,-8
   1176a:	0521                	addi	a0,a0,8
   1176c:	05a1                	addi	a1,a1,8
   1176e:	fec6e9e3          	bltu	a3,a2,11760 <memcmp+0x30>
   11772:	f671                	bnez	a2,1173e <memcmp+0xe>
   11774:	4501                	li	a0,0
   11776:	8082                	ret

0000000000011778 <_close_r>:
   11778:	1101                	addi	sp,sp,-32
   1177a:	e822                	sd	s0,16(sp)
   1177c:	e426                	sd	s1,8(sp)
   1177e:	84aa                	mv	s1,a0
   11780:	852e                	mv	a0,a1
   11782:	ec06                	sd	ra,24(sp)
   11784:	2401ac23          	sw	zero,600(gp) # 1c328 <errno>
   11788:	27a070ef          	jal	18a02 <_close>
   1178c:	57fd                	li	a5,-1
   1178e:	00f50763          	beq	a0,a5,1179c <_close_r+0x24>
   11792:	60e2                	ld	ra,24(sp)
   11794:	6442                	ld	s0,16(sp)
   11796:	64a2                	ld	s1,8(sp)
   11798:	6105                	addi	sp,sp,32
   1179a:	8082                	ret
   1179c:	2581a783          	lw	a5,600(gp) # 1c328 <errno>
   117a0:	dbed                	beqz	a5,11792 <_close_r+0x1a>
   117a2:	60e2                	ld	ra,24(sp)
   117a4:	6442                	ld	s0,16(sp)
   117a6:	c09c                	sw	a5,0(s1)
   117a8:	64a2                	ld	s1,8(sp)
   117aa:	6105                	addi	sp,sp,32
   117ac:	8082                	ret

00000000000117ae <_reclaim_reent>:
   117ae:	2281b783          	ld	a5,552(gp) # 1c2f8 <_impure_ptr>
   117b2:	08a78063          	beq	a5,a0,11832 <_reclaim_reent+0x84>
   117b6:	752c                	ld	a1,104(a0)
   117b8:	7179                	addi	sp,sp,-48
   117ba:	ec26                	sd	s1,24(sp)
   117bc:	f406                	sd	ra,40(sp)
   117be:	f022                	sd	s0,32(sp)
   117c0:	84aa                	mv	s1,a0
   117c2:	c98d                	beqz	a1,117f4 <_reclaim_reent+0x46>
   117c4:	e84a                	sd	s2,16(sp)
   117c6:	e44e                	sd	s3,8(sp)
   117c8:	4901                	li	s2,0
   117ca:	20000993          	li	s3,512
   117ce:	012587b3          	add	a5,a1,s2
   117d2:	6380                	ld	s0,0(a5)
   117d4:	c801                	beqz	s0,117e4 <_reclaim_reent+0x36>
   117d6:	85a2                	mv	a1,s0
   117d8:	6000                	ld	s0,0(s0)
   117da:	8526                	mv	a0,s1
   117dc:	3f8000ef          	jal	11bd4 <_free_r>
   117e0:	f87d                	bnez	s0,117d6 <_reclaim_reent+0x28>
   117e2:	74ac                	ld	a1,104(s1)
   117e4:	0921                	addi	s2,s2,8
   117e6:	ff3914e3          	bne	s2,s3,117ce <_reclaim_reent+0x20>
   117ea:	8526                	mv	a0,s1
   117ec:	3e8000ef          	jal	11bd4 <_free_r>
   117f0:	6942                	ld	s2,16(sp)
   117f2:	69a2                	ld	s3,8(sp)
   117f4:	68ac                	ld	a1,80(s1)
   117f6:	c581                	beqz	a1,117fe <_reclaim_reent+0x50>
   117f8:	8526                	mv	a0,s1
   117fa:	3da000ef          	jal	11bd4 <_free_r>
   117fe:	70a0                	ld	s0,96(s1)
   11800:	c419                	beqz	s0,1180e <_reclaim_reent+0x60>
   11802:	85a2                	mv	a1,s0
   11804:	6000                	ld	s0,0(s0)
   11806:	8526                	mv	a0,s1
   11808:	3cc000ef          	jal	11bd4 <_free_r>
   1180c:	f87d                	bnez	s0,11802 <_reclaim_reent+0x54>
   1180e:	7cac                	ld	a1,120(s1)
   11810:	c581                	beqz	a1,11818 <_reclaim_reent+0x6a>
   11812:	8526                	mv	a0,s1
   11814:	3c0000ef          	jal	11bd4 <_free_r>
   11818:	64bc                	ld	a5,72(s1)
   1181a:	c799                	beqz	a5,11828 <_reclaim_reent+0x7a>
   1181c:	7402                	ld	s0,32(sp)
   1181e:	70a2                	ld	ra,40(sp)
   11820:	8526                	mv	a0,s1
   11822:	64e2                	ld	s1,24(sp)
   11824:	6145                	addi	sp,sp,48
   11826:	8782                	jr	a5
   11828:	70a2                	ld	ra,40(sp)
   1182a:	7402                	ld	s0,32(sp)
   1182c:	64e2                	ld	s1,24(sp)
   1182e:	6145                	addi	sp,sp,48
   11830:	8082                	ret
   11832:	8082                	ret

0000000000011834 <_lseek_r>:
   11834:	1101                	addi	sp,sp,-32
   11836:	87ae                	mv	a5,a1
   11838:	e822                	sd	s0,16(sp)
   1183a:	e426                	sd	s1,8(sp)
   1183c:	85b2                	mv	a1,a2
   1183e:	84aa                	mv	s1,a0
   11840:	8636                	mv	a2,a3
   11842:	853e                	mv	a0,a5
   11844:	ec06                	sd	ra,24(sp)
   11846:	2401ac23          	sw	zero,600(gp) # 1c328 <errno>
   1184a:	284070ef          	jal	18ace <_lseek>
   1184e:	57fd                	li	a5,-1
   11850:	00f50763          	beq	a0,a5,1185e <_lseek_r+0x2a>
   11854:	60e2                	ld	ra,24(sp)
   11856:	6442                	ld	s0,16(sp)
   11858:	64a2                	ld	s1,8(sp)
   1185a:	6105                	addi	sp,sp,32
   1185c:	8082                	ret
   1185e:	2581a783          	lw	a5,600(gp) # 1c328 <errno>
   11862:	dbed                	beqz	a5,11854 <_lseek_r+0x20>
   11864:	60e2                	ld	ra,24(sp)
   11866:	6442                	ld	s0,16(sp)
   11868:	c09c                	sw	a5,0(s1)
   1186a:	64a2                	ld	s1,8(sp)
   1186c:	6105                	addi	sp,sp,32
   1186e:	8082                	ret

0000000000011870 <_read_r>:
   11870:	1101                	addi	sp,sp,-32
   11872:	87ae                	mv	a5,a1
   11874:	e822                	sd	s0,16(sp)
   11876:	e426                	sd	s1,8(sp)
   11878:	85b2                	mv	a1,a2
   1187a:	84aa                	mv	s1,a0
   1187c:	8636                	mv	a2,a3
   1187e:	853e                	mv	a0,a5
   11880:	ec06                	sd	ra,24(sp)
   11882:	2401ac23          	sw	zero,600(gp) # 1c328 <errno>
   11886:	272070ef          	jal	18af8 <_read>
   1188a:	57fd                	li	a5,-1
   1188c:	00f50763          	beq	a0,a5,1189a <_read_r+0x2a>
   11890:	60e2                	ld	ra,24(sp)
   11892:	6442                	ld	s0,16(sp)
   11894:	64a2                	ld	s1,8(sp)
   11896:	6105                	addi	sp,sp,32
   11898:	8082                	ret
   1189a:	2581a783          	lw	a5,600(gp) # 1c328 <errno>
   1189e:	dbed                	beqz	a5,11890 <_read_r+0x20>
   118a0:	60e2                	ld	ra,24(sp)
   118a2:	6442                	ld	s0,16(sp)
   118a4:	c09c                	sw	a5,0(s1)
   118a6:	64a2                	ld	s1,8(sp)
   118a8:	6105                	addi	sp,sp,32
   118aa:	8082                	ret

00000000000118ac <_sbrk_r>:
   118ac:	1101                	addi	sp,sp,-32
   118ae:	e822                	sd	s0,16(sp)
   118b0:	e426                	sd	s1,8(sp)
   118b2:	84aa                	mv	s1,a0
   118b4:	852e                	mv	a0,a1
   118b6:	ec06                	sd	ra,24(sp)
   118b8:	2401ac23          	sw	zero,600(gp) # 1c328 <errno>
   118bc:	266070ef          	jal	18b22 <_sbrk>
   118c0:	57fd                	li	a5,-1
   118c2:	00f50763          	beq	a0,a5,118d0 <_sbrk_r+0x24>
   118c6:	60e2                	ld	ra,24(sp)
   118c8:	6442                	ld	s0,16(sp)
   118ca:	64a2                	ld	s1,8(sp)
   118cc:	6105                	addi	sp,sp,32
   118ce:	8082                	ret
   118d0:	2581a783          	lw	a5,600(gp) # 1c328 <errno>
   118d4:	dbed                	beqz	a5,118c6 <_sbrk_r+0x1a>
   118d6:	60e2                	ld	ra,24(sp)
   118d8:	6442                	ld	s0,16(sp)
   118da:	c09c                	sw	a5,0(s1)
   118dc:	64a2                	ld	s1,8(sp)
   118de:	6105                	addi	sp,sp,32
   118e0:	8082                	ret

00000000000118e2 <_write_r>:
   118e2:	1101                	addi	sp,sp,-32
   118e4:	87ae                	mv	a5,a1
   118e6:	e822                	sd	s0,16(sp)
   118e8:	e426                	sd	s1,8(sp)
   118ea:	85b2                	mv	a1,a2
   118ec:	84aa                	mv	s1,a0
   118ee:	8636                	mv	a2,a3
   118f0:	853e                	mv	a0,a5
   118f2:	ec06                	sd	ra,24(sp)
   118f4:	2401ac23          	sw	zero,600(gp) # 1c328 <errno>
   118f8:	27e070ef          	jal	18b76 <_write>
   118fc:	57fd                	li	a5,-1
   118fe:	00f50763          	beq	a0,a5,1190c <_write_r+0x2a>
   11902:	60e2                	ld	ra,24(sp)
   11904:	6442                	ld	s0,16(sp)
   11906:	64a2                	ld	s1,8(sp)
   11908:	6105                	addi	sp,sp,32
   1190a:	8082                	ret
   1190c:	2581a783          	lw	a5,600(gp) # 1c328 <errno>
   11910:	dbed                	beqz	a5,11902 <_write_r+0x20>
   11912:	60e2                	ld	ra,24(sp)
   11914:	6442                	ld	s0,16(sp)
   11916:	c09c                	sw	a5,0(s1)
   11918:	64a2                	ld	s1,8(sp)
   1191a:	6105                	addi	sp,sp,32
   1191c:	8082                	ret

000000000001191e <__errno>:
   1191e:	2281b503          	ld	a0,552(gp) # 1c2f8 <_impure_ptr>
   11922:	8082                	ret

0000000000011924 <__libc_init_array>:
   11924:	1101                	addi	sp,sp,-32
   11926:	e822                	sd	s0,16(sp)
   11928:	e04a                	sd	s2,0(sp)
   1192a:	646d                	lui	s0,0x1b
   1192c:	696d                	lui	s2,0x1b
   1192e:	ec06                	sd	ra,24(sp)
   11930:	e426                	sd	s1,8(sp)
   11932:	72490913          	addi	s2,s2,1828 # 1b724 <__preinit_array_end>
   11936:	72440413          	addi	s0,s0,1828 # 1b724 <__preinit_array_end>
   1193a:	00890d63          	beq	s2,s0,11954 <__libc_init_array+0x30>
   1193e:	40890933          	sub	s2,s2,s0
   11942:	40395913          	srai	s2,s2,0x3
   11946:	4481                	li	s1,0
   11948:	601c                	ld	a5,0(s0)
   1194a:	0485                	addi	s1,s1,1
   1194c:	0421                	addi	s0,s0,8
   1194e:	9782                	jalr	a5
   11950:	ff24ece3          	bltu	s1,s2,11948 <__libc_init_array+0x24>
   11954:	696d                	lui	s2,0x1b
   11956:	646d                	lui	s0,0x1b
   11958:	73890913          	addi	s2,s2,1848 # 1b738 <__do_global_dtors_aux_fini_array_entry>
   1195c:	72840413          	addi	s0,s0,1832 # 1b728 <__init_array_start>
   11960:	00890d63          	beq	s2,s0,1197a <__libc_init_array+0x56>
   11964:	40890933          	sub	s2,s2,s0
   11968:	40395913          	srai	s2,s2,0x3
   1196c:	4481                	li	s1,0
   1196e:	601c                	ld	a5,0(s0)
   11970:	0485                	addi	s1,s1,1
   11972:	0421                	addi	s0,s0,8
   11974:	9782                	jalr	a5
   11976:	ff24ece3          	bltu	s1,s2,1196e <__libc_init_array+0x4a>
   1197a:	60e2                	ld	ra,24(sp)
   1197c:	6442                	ld	s0,16(sp)
   1197e:	64a2                	ld	s1,8(sp)
   11980:	6902                	ld	s2,0(sp)
   11982:	6105                	addi	sp,sp,32
   11984:	8082                	ret

0000000000011986 <memset>:
   11986:	433d                	li	t1,15
   11988:	872a                	mv	a4,a0
   1198a:	02c37163          	bgeu	t1,a2,119ac <memset+0x26>
   1198e:	00f77793          	andi	a5,a4,15
   11992:	e3c1                	bnez	a5,11a12 <memset+0x8c>
   11994:	e1bd                	bnez	a1,119fa <memset+0x74>
   11996:	ff067693          	andi	a3,a2,-16
   1199a:	8a3d                	andi	a2,a2,15
   1199c:	96ba                	add	a3,a3,a4
   1199e:	e30c                	sd	a1,0(a4)
   119a0:	e70c                	sd	a1,8(a4)
   119a2:	0741                	addi	a4,a4,16
   119a4:	fed76de3          	bltu	a4,a3,1199e <memset+0x18>
   119a8:	e211                	bnez	a2,119ac <memset+0x26>
   119aa:	8082                	ret
   119ac:	40c306b3          	sub	a3,t1,a2
   119b0:	068a                	slli	a3,a3,0x2
   119b2:	00000297          	auipc	t0,0x0
   119b6:	9696                	add	a3,a3,t0
   119b8:	00a68067          	jr	10(a3)
   119bc:	00b70723          	sb	a1,14(a4)
   119c0:	00b706a3          	sb	a1,13(a4)
   119c4:	00b70623          	sb	a1,12(a4)
   119c8:	00b705a3          	sb	a1,11(a4)
   119cc:	00b70523          	sb	a1,10(a4)
   119d0:	00b704a3          	sb	a1,9(a4)
   119d4:	00b70423          	sb	a1,8(a4)
   119d8:	00b703a3          	sb	a1,7(a4)
   119dc:	00b70323          	sb	a1,6(a4)
   119e0:	00b702a3          	sb	a1,5(a4)
   119e4:	00b70223          	sb	a1,4(a4)
   119e8:	00b701a3          	sb	a1,3(a4)
   119ec:	00b70123          	sb	a1,2(a4)
   119f0:	00b700a3          	sb	a1,1(a4)
   119f4:	00b70023          	sb	a1,0(a4)
   119f8:	8082                	ret
   119fa:	0ff5f593          	zext.b	a1,a1
   119fe:	00859693          	slli	a3,a1,0x8
   11a02:	8dd5                	or	a1,a1,a3
   11a04:	01059693          	slli	a3,a1,0x10
   11a08:	8dd5                	or	a1,a1,a3
   11a0a:	02059693          	slli	a3,a1,0x20
   11a0e:	8dd5                	or	a1,a1,a3
   11a10:	b759                	j	11996 <memset+0x10>
   11a12:	00279693          	slli	a3,a5,0x2
   11a16:	00000297          	auipc	t0,0x0
   11a1a:	9696                	add	a3,a3,t0
   11a1c:	8286                	mv	t0,ra
   11a1e:	fa2680e7          	jalr	-94(a3)
   11a22:	8096                	mv	ra,t0
   11a24:	17c1                	addi	a5,a5,-16
   11a26:	8f1d                	sub	a4,a4,a5
   11a28:	963e                	add	a2,a2,a5
   11a2a:	f8c371e3          	bgeu	t1,a2,119ac <memset+0x26>
   11a2e:	b79d                	j	11994 <memset+0xe>

0000000000011a30 <__call_exitprocs>:
   11a30:	715d                	addi	sp,sp,-80
   11a32:	f052                	sd	s4,32(sp)
   11a34:	f84a                	sd	s2,48(sp)
   11a36:	2601b903          	ld	s2,608(gp) # 1c330 <__atexit>
   11a3a:	e486                	sd	ra,72(sp)
   11a3c:	04090863          	beqz	s2,11a8c <__call_exitprocs+0x5c>
   11a40:	f44e                	sd	s3,40(sp)
   11a42:	ec56                	sd	s5,24(sp)
   11a44:	e85a                	sd	s6,16(sp)
   11a46:	e45e                	sd	s7,8(sp)
   11a48:	e0a2                	sd	s0,64(sp)
   11a4a:	fc26                	sd	s1,56(sp)
   11a4c:	e062                	sd	s8,0(sp)
   11a4e:	8b2a                	mv	s6,a0
   11a50:	8bae                	mv	s7,a1
   11a52:	59fd                	li	s3,-1
   11a54:	4a85                	li	s5,1
   11a56:	00892403          	lw	s0,8(s2)
   11a5a:	347d                	addiw	s0,s0,-1
   11a5c:	02044163          	bltz	s0,11a7e <__call_exitprocs+0x4e>
   11a60:	01090493          	addi	s1,s2,16
   11a64:	00341793          	slli	a5,s0,0x3
   11a68:	94be                	add	s1,s1,a5
   11a6a:	020b8663          	beqz	s7,11a96 <__call_exitprocs+0x66>
   11a6e:	2004b783          	ld	a5,512(s1)
   11a72:	03778263          	beq	a5,s7,11a96 <__call_exitprocs+0x66>
   11a76:	347d                	addiw	s0,s0,-1
   11a78:	14e1                	addi	s1,s1,-8
   11a7a:	ff341ae3          	bne	s0,s3,11a6e <__call_exitprocs+0x3e>
   11a7e:	6406                	ld	s0,64(sp)
   11a80:	74e2                	ld	s1,56(sp)
   11a82:	79a2                	ld	s3,40(sp)
   11a84:	6ae2                	ld	s5,24(sp)
   11a86:	6b42                	ld	s6,16(sp)
   11a88:	6ba2                	ld	s7,8(sp)
   11a8a:	6c02                	ld	s8,0(sp)
   11a8c:	60a6                	ld	ra,72(sp)
   11a8e:	7942                	ld	s2,48(sp)
   11a90:	7a02                	ld	s4,32(sp)
   11a92:	6161                	addi	sp,sp,80
   11a94:	8082                	ret
   11a96:	00892783          	lw	a5,8(s2)
   11a9a:	6094                	ld	a3,0(s1)
   11a9c:	37fd                	addiw	a5,a5,-1
   11a9e:	04878c63          	beq	a5,s0,11af6 <__call_exitprocs+0xc6>
   11aa2:	0004b023          	sd	zero,0(s1)
   11aa6:	c295                	beqz	a3,11aca <__call_exitprocs+0x9a>
   11aa8:	31092783          	lw	a5,784(s2)
   11aac:	008a973b          	sllw	a4,s5,s0
   11ab0:	00892c03          	lw	s8,8(s2)
   11ab4:	8ff9                	and	a5,a5,a4
   11ab6:	ef99                	bnez	a5,11ad4 <__call_exitprocs+0xa4>
   11ab8:	9682                	jalr	a3
   11aba:	00892703          	lw	a4,8(s2)
   11abe:	2601b783          	ld	a5,608(gp) # 1c330 <__atexit>
   11ac2:	03871763          	bne	a4,s8,11af0 <__call_exitprocs+0xc0>
   11ac6:	03279563          	bne	a5,s2,11af0 <__call_exitprocs+0xc0>
   11aca:	347d                	addiw	s0,s0,-1
   11acc:	14e1                	addi	s1,s1,-8
   11ace:	f9341ee3          	bne	s0,s3,11a6a <__call_exitprocs+0x3a>
   11ad2:	b775                	j	11a7e <__call_exitprocs+0x4e>
   11ad4:	31492783          	lw	a5,788(s2)
   11ad8:	1004b583          	ld	a1,256(s1)
   11adc:	8f7d                	and	a4,a4,a5
   11ade:	ef19                	bnez	a4,11afc <__call_exitprocs+0xcc>
   11ae0:	855a                	mv	a0,s6
   11ae2:	9682                	jalr	a3
   11ae4:	00892703          	lw	a4,8(s2)
   11ae8:	2601b783          	ld	a5,608(gp) # 1c330 <__atexit>
   11aec:	fd870de3          	beq	a4,s8,11ac6 <__call_exitprocs+0x96>
   11af0:	d7d9                	beqz	a5,11a7e <__call_exitprocs+0x4e>
   11af2:	893e                	mv	s2,a5
   11af4:	b78d                	j	11a56 <__call_exitprocs+0x26>
   11af6:	00892423          	sw	s0,8(s2)
   11afa:	b775                	j	11aa6 <__call_exitprocs+0x76>
   11afc:	852e                	mv	a0,a1
   11afe:	9682                	jalr	a3
   11b00:	bf6d                	j	11aba <__call_exitprocs+0x8a>

0000000000011b02 <atexit>:
   11b02:	85aa                	mv	a1,a0
   11b04:	4681                	li	a3,0
   11b06:	4601                	li	a2,0
   11b08:	4501                	li	a0,0
   11b0a:	0600306f          	j	14b6a <__register_exitproc>

0000000000011b0e <_malloc_trim_r>:
   11b0e:	7179                	addi	sp,sp,-48
   11b10:	e84a                	sd	s2,16(sp)
   11b12:	696d                	lui	s2,0x1b
   11b14:	f022                	sd	s0,32(sp)
   11b16:	ec26                	sd	s1,24(sp)
   11b18:	e44e                	sd	s3,8(sp)
   11b1a:	842e                	mv	s0,a1
   11b1c:	f406                	sd	ra,40(sp)
   11b1e:	89aa                	mv	s3,a0
   11b20:	74090913          	addi	s2,s2,1856 # 1b740 <__malloc_av_>
   11b24:	a02ff0ef          	jal	10d26 <__malloc_lock>
   11b28:	01093783          	ld	a5,16(s2)
   11b2c:	6705                	lui	a4,0x1
   11b2e:	6784                	ld	s1,8(a5)
   11b30:	98f1                	andi	s1,s1,-4
   11b32:	7ff48793          	addi	a5,s1,2047
   11b36:	7e078793          	addi	a5,a5,2016
   11b3a:	40878433          	sub	s0,a5,s0
   11b3e:	8031                	srli	s0,s0,0xc
   11b40:	147d                	addi	s0,s0,-1
   11b42:	0432                	slli	s0,s0,0xc
   11b44:	00e44b63          	blt	s0,a4,11b5a <_malloc_trim_r+0x4c>
   11b48:	4581                	li	a1,0
   11b4a:	854e                	mv	a0,s3
   11b4c:	d61ff0ef          	jal	118ac <_sbrk_r>
   11b50:	01093783          	ld	a5,16(s2)
   11b54:	97a6                	add	a5,a5,s1
   11b56:	00f50d63          	beq	a0,a5,11b70 <_malloc_trim_r+0x62>
   11b5a:	854e                	mv	a0,s3
   11b5c:	9ccff0ef          	jal	10d28 <__malloc_unlock>
   11b60:	70a2                	ld	ra,40(sp)
   11b62:	7402                	ld	s0,32(sp)
   11b64:	64e2                	ld	s1,24(sp)
   11b66:	6942                	ld	s2,16(sp)
   11b68:	69a2                	ld	s3,8(sp)
   11b6a:	4501                	li	a0,0
   11b6c:	6145                	addi	sp,sp,48
   11b6e:	8082                	ret
   11b70:	408005b3          	neg	a1,s0
   11b74:	854e                	mv	a0,s3
   11b76:	d37ff0ef          	jal	118ac <_sbrk_r>
   11b7a:	57fd                	li	a5,-1
   11b7c:	02f50863          	beq	a0,a5,11bac <_malloc_trim_r+0x9e>
   11b80:	01093683          	ld	a3,16(s2)
   11b84:	2b01a783          	lw	a5,688(gp) # 1c380 <__malloc_current_mallinfo>
   11b88:	8c81                	sub	s1,s1,s0
   11b8a:	0014e493          	ori	s1,s1,1
   11b8e:	854e                	mv	a0,s3
   11b90:	9f81                	subw	a5,a5,s0
   11b92:	e684                	sd	s1,8(a3)
   11b94:	2af1a823          	sw	a5,688(gp) # 1c380 <__malloc_current_mallinfo>
   11b98:	990ff0ef          	jal	10d28 <__malloc_unlock>
   11b9c:	70a2                	ld	ra,40(sp)
   11b9e:	7402                	ld	s0,32(sp)
   11ba0:	64e2                	ld	s1,24(sp)
   11ba2:	6942                	ld	s2,16(sp)
   11ba4:	69a2                	ld	s3,8(sp)
   11ba6:	4505                	li	a0,1
   11ba8:	6145                	addi	sp,sp,48
   11baa:	8082                	ret
   11bac:	4581                	li	a1,0
   11bae:	854e                	mv	a0,s3
   11bb0:	cfdff0ef          	jal	118ac <_sbrk_r>
   11bb4:	01093703          	ld	a4,16(s2)
   11bb8:	46fd                	li	a3,31
   11bba:	40e507b3          	sub	a5,a0,a4
   11bbe:	f8f6dee3          	bge	a3,a5,11b5a <_malloc_trim_r+0x4c>
   11bc2:	2181b603          	ld	a2,536(gp) # 1c2e8 <__malloc_sbrk_base>
   11bc6:	0017e793          	ori	a5,a5,1
   11bca:	8d11                	sub	a0,a0,a2
   11bcc:	e71c                	sd	a5,8(a4)
   11bce:	2aa1a823          	sw	a0,688(gp) # 1c380 <__malloc_current_mallinfo>
   11bd2:	b761                	j	11b5a <_malloc_trim_r+0x4c>

0000000000011bd4 <_free_r>:
   11bd4:	c1ed                	beqz	a1,11cb6 <_free_r+0xe2>
   11bd6:	1101                	addi	sp,sp,-32
   11bd8:	e822                	sd	s0,16(sp)
   11bda:	e42e                	sd	a1,8(sp)
   11bdc:	842a                	mv	s0,a0
   11bde:	ec06                	sd	ra,24(sp)
   11be0:	946ff0ef          	jal	10d26 <__malloc_lock>
   11be4:	65a2                	ld	a1,8(sp)
   11be6:	686d                	lui	a6,0x1b
   11be8:	74080813          	addi	a6,a6,1856 # 1b740 <__malloc_av_>
   11bec:	ff85b503          	ld	a0,-8(a1)
   11bf0:	ff058713          	addi	a4,a1,-16
   11bf4:	01083883          	ld	a7,16(a6)
   11bf8:	ffe57793          	andi	a5,a0,-2
   11bfc:	00f70633          	add	a2,a4,a5
   11c00:	6614                	ld	a3,8(a2)
   11c02:	00157313          	andi	t1,a0,1
   11c06:	9af1                	andi	a3,a3,-4
   11c08:	12c88463          	beq	a7,a2,11d30 <_free_r+0x15c>
   11c0c:	e614                	sd	a3,8(a2)
   11c0e:	00d608b3          	add	a7,a2,a3
   11c12:	0088b883          	ld	a7,8(a7)
   11c16:	0018f893          	andi	a7,a7,1
   11c1a:	06031a63          	bnez	t1,11c8e <_free_r+0xba>
   11c1e:	ff05b303          	ld	t1,-16(a1)
   11c22:	65ed                	lui	a1,0x1b
   11c24:	75058593          	addi	a1,a1,1872 # 1b750 <__malloc_av_+0x10>
   11c28:	40670733          	sub	a4,a4,t1
   11c2c:	6b08                	ld	a0,16(a4)
   11c2e:	979a                	add	a5,a5,t1
   11c30:	0eb50363          	beq	a0,a1,11d16 <_free_r+0x142>
   11c34:	01873303          	ld	t1,24(a4) # 1018 <exit-0xf108>
   11c38:	00653c23          	sd	t1,24(a0)
   11c3c:	00a33823          	sd	a0,16(t1)
   11c40:	12088263          	beqz	a7,11d64 <_free_r+0x190>
   11c44:	0017e693          	ori	a3,a5,1
   11c48:	e714                	sd	a3,8(a4)
   11c4a:	e21c                	sd	a5,0(a2)
   11c4c:	1ff00693          	li	a3,511
   11c50:	06f6ed63          	bltu	a3,a5,11cca <_free_r+0xf6>
   11c54:	838d                	srli	a5,a5,0x3
   11c56:	00179693          	slli	a3,a5,0x1
   11c5a:	2689                	addiw	a3,a3,2
   11c5c:	068e                	slli	a3,a3,0x3
   11c5e:	00883503          	ld	a0,8(a6)
   11c62:	96c2                	add	a3,a3,a6
   11c64:	628c                	ld	a1,0(a3)
   11c66:	4027d61b          	sraiw	a2,a5,0x2
   11c6a:	4785                	li	a5,1
   11c6c:	00c797b3          	sll	a5,a5,a2
   11c70:	8fc9                	or	a5,a5,a0
   11c72:	ff068613          	addi	a2,a3,-16
   11c76:	eb0c                	sd	a1,16(a4)
   11c78:	ef10                	sd	a2,24(a4)
   11c7a:	00f83423          	sd	a5,8(a6)
   11c7e:	e298                	sd	a4,0(a3)
   11c80:	ed98                	sd	a4,24(a1)
   11c82:	8522                	mv	a0,s0
   11c84:	6442                	ld	s0,16(sp)
   11c86:	60e2                	ld	ra,24(sp)
   11c88:	6105                	addi	sp,sp,32
   11c8a:	89eff06f          	j	10d28 <__malloc_unlock>
   11c8e:	02089563          	bnez	a7,11cb8 <_free_r+0xe4>
   11c92:	65ed                	lui	a1,0x1b
   11c94:	97b6                	add	a5,a5,a3
   11c96:	75058593          	addi	a1,a1,1872 # 1b750 <__malloc_av_+0x10>
   11c9a:	6a14                	ld	a3,16(a2)
   11c9c:	0017e893          	ori	a7,a5,1
   11ca0:	00f70533          	add	a0,a4,a5
   11ca4:	10b68063          	beq	a3,a1,11da4 <_free_r+0x1d0>
   11ca8:	6e10                	ld	a2,24(a2)
   11caa:	ee90                	sd	a2,24(a3)
   11cac:	ea14                	sd	a3,16(a2)
   11cae:	01173423          	sd	a7,8(a4)
   11cb2:	e11c                	sd	a5,0(a0)
   11cb4:	bf61                	j	11c4c <_free_r+0x78>
   11cb6:	8082                	ret
   11cb8:	00156513          	ori	a0,a0,1
   11cbc:	fea5bc23          	sd	a0,-8(a1)
   11cc0:	e21c                	sd	a5,0(a2)
   11cc2:	1ff00693          	li	a3,511
   11cc6:	f8f6f7e3          	bgeu	a3,a5,11c54 <_free_r+0x80>
   11cca:	0097d693          	srli	a3,a5,0x9
   11cce:	4611                	li	a2,4
   11cd0:	08d66c63          	bltu	a2,a3,11d68 <_free_r+0x194>
   11cd4:	0067d693          	srli	a3,a5,0x6
   11cd8:	00169593          	slli	a1,a3,0x1
   11cdc:	0725859b          	addiw	a1,a1,114
   11ce0:	058e                	slli	a1,a1,0x3
   11ce2:	0386861b          	addiw	a2,a3,56
   11ce6:	95c2                	add	a1,a1,a6
   11ce8:	6194                	ld	a3,0(a1)
   11cea:	15c1                	addi	a1,a1,-16
   11cec:	00d59663          	bne	a1,a3,11cf8 <_free_r+0x124>
   11cf0:	a0e1                	j	11db8 <_free_r+0x1e4>
   11cf2:	6a94                	ld	a3,16(a3)
   11cf4:	00d58663          	beq	a1,a3,11d00 <_free_r+0x12c>
   11cf8:	6690                	ld	a2,8(a3)
   11cfa:	9a71                	andi	a2,a2,-4
   11cfc:	fec7ebe3          	bltu	a5,a2,11cf2 <_free_r+0x11e>
   11d00:	6e8c                	ld	a1,24(a3)
   11d02:	ef0c                	sd	a1,24(a4)
   11d04:	eb14                	sd	a3,16(a4)
   11d06:	8522                	mv	a0,s0
   11d08:	6442                	ld	s0,16(sp)
   11d0a:	60e2                	ld	ra,24(sp)
   11d0c:	e998                	sd	a4,16(a1)
   11d0e:	ee98                	sd	a4,24(a3)
   11d10:	6105                	addi	sp,sp,32
   11d12:	816ff06f          	j	10d28 <__malloc_unlock>
   11d16:	06089a63          	bnez	a7,11d8a <_free_r+0x1b6>
   11d1a:	6e0c                	ld	a1,24(a2)
   11d1c:	6a10                	ld	a2,16(a2)
   11d1e:	96be                	add	a3,a3,a5
   11d20:	0016e793          	ori	a5,a3,1
   11d24:	ee0c                	sd	a1,24(a2)
   11d26:	e990                	sd	a2,16(a1)
   11d28:	e71c                	sd	a5,8(a4)
   11d2a:	9736                	add	a4,a4,a3
   11d2c:	e314                	sd	a3,0(a4)
   11d2e:	bf91                	j	11c82 <_free_r+0xae>
   11d30:	96be                	add	a3,a3,a5
   11d32:	00031a63          	bnez	t1,11d46 <_free_r+0x172>
   11d36:	ff05b783          	ld	a5,-16(a1)
   11d3a:	8f1d                	sub	a4,a4,a5
   11d3c:	6b10                	ld	a2,16(a4)
   11d3e:	96be                	add	a3,a3,a5
   11d40:	6f1c                	ld	a5,24(a4)
   11d42:	ee1c                	sd	a5,24(a2)
   11d44:	eb90                	sd	a2,16(a5)
   11d46:	0016e613          	ori	a2,a3,1
   11d4a:	2201b783          	ld	a5,544(gp) # 1c2f0 <__malloc_trim_threshold>
   11d4e:	e710                	sd	a2,8(a4)
   11d50:	00e83823          	sd	a4,16(a6)
   11d54:	f2f6e7e3          	bltu	a3,a5,11c82 <_free_r+0xae>
   11d58:	2481b583          	ld	a1,584(gp) # 1c318 <__malloc_top_pad>
   11d5c:	8522                	mv	a0,s0
   11d5e:	db1ff0ef          	jal	11b0e <_malloc_trim_r>
   11d62:	b705                	j	11c82 <_free_r+0xae>
   11d64:	97b6                	add	a5,a5,a3
   11d66:	bf15                	j	11c9a <_free_r+0xc6>
   11d68:	4651                	li	a2,20
   11d6a:	02d67563          	bgeu	a2,a3,11d94 <_free_r+0x1c0>
   11d6e:	05400613          	li	a2,84
   11d72:	04d66e63          	bltu	a2,a3,11dce <_free_r+0x1fa>
   11d76:	00c7d693          	srli	a3,a5,0xc
   11d7a:	00169593          	slli	a1,a3,0x1
   11d7e:	0de5859b          	addiw	a1,a1,222
   11d82:	058e                	slli	a1,a1,0x3
   11d84:	06e6861b          	addiw	a2,a3,110
   11d88:	bfb9                	j	11ce6 <_free_r+0x112>
   11d8a:	0017e693          	ori	a3,a5,1
   11d8e:	e714                	sd	a3,8(a4)
   11d90:	e21c                	sd	a5,0(a2)
   11d92:	bdc5                	j	11c82 <_free_r+0xae>
   11d94:	00169593          	slli	a1,a3,0x1
   11d98:	0b85859b          	addiw	a1,a1,184
   11d9c:	058e                	slli	a1,a1,0x3
   11d9e:	05b6861b          	addiw	a2,a3,91
   11da2:	b791                	j	11ce6 <_free_r+0x112>
   11da4:	02e83423          	sd	a4,40(a6)
   11da8:	02e83023          	sd	a4,32(a6)
   11dac:	ef0c                	sd	a1,24(a4)
   11dae:	eb0c                	sd	a1,16(a4)
   11db0:	01173423          	sd	a7,8(a4)
   11db4:	e11c                	sd	a5,0(a0)
   11db6:	b5f1                	j	11c82 <_free_r+0xae>
   11db8:	00883503          	ld	a0,8(a6)
   11dbc:	4026561b          	sraiw	a2,a2,0x2
   11dc0:	4785                	li	a5,1
   11dc2:	00c797b3          	sll	a5,a5,a2
   11dc6:	8fc9                	or	a5,a5,a0
   11dc8:	00f83423          	sd	a5,8(a6)
   11dcc:	bf1d                	j	11d02 <_free_r+0x12e>
   11dce:	15400613          	li	a2,340
   11dd2:	00d66c63          	bltu	a2,a3,11dea <_free_r+0x216>
   11dd6:	00f7d693          	srli	a3,a5,0xf
   11dda:	00169593          	slli	a1,a3,0x1
   11dde:	0f05859b          	addiw	a1,a1,240
   11de2:	058e                	slli	a1,a1,0x3
   11de4:	0776861b          	addiw	a2,a3,119
   11de8:	bdfd                	j	11ce6 <_free_r+0x112>
   11dea:	55400613          	li	a2,1364
   11dee:	00d66c63          	bltu	a2,a3,11e06 <_free_r+0x232>
   11df2:	0127d693          	srli	a3,a5,0x12
   11df6:	00169593          	slli	a1,a3,0x1
   11dfa:	0fa5859b          	addiw	a1,a1,250
   11dfe:	058e                	slli	a1,a1,0x3
   11e00:	07c6861b          	addiw	a2,a3,124
   11e04:	b5cd                	j	11ce6 <_free_r+0x112>
   11e06:	7f000593          	li	a1,2032
   11e0a:	07e00613          	li	a2,126
   11e0e:	bde1                	j	11ce6 <_free_r+0x112>

0000000000011e10 <_vfprintf_r>:
   11e10:	db010113          	addi	sp,sp,-592
   11e14:	24113423          	sd	ra,584(sp)
   11e18:	24813023          	sd	s0,576(sp)
   11e1c:	22913c23          	sd	s1,568(sp)
   11e20:	21613823          	sd	s6,528(sp)
   11e24:	ec36                	sd	a3,24(sp)
   11e26:	8b32                	mv	s6,a2
   11e28:	84ae                	mv	s1,a1
   11e2a:	842a                	mv	s0,a0
   11e2c:	e02a                	sd	a0,0(sp)
   11e2e:	1dd020ef          	jal	1480a <_localeconv_r>
   11e32:	611c                	ld	a5,0(a0)
   11e34:	853e                	mv	a0,a5
   11e36:	e8be                	sd	a5,80(sp)
   11e38:	401020ef          	jal	14a38 <strlen>
   11e3c:	e4aa                	sd	a0,72(sp)
   11e3e:	e982                	sd	zero,208(sp)
   11e40:	ed82                	sd	zero,216(sp)
   11e42:	c409                	beqz	s0,11e4c <_vfprintf_r+0x3c>
   11e44:	643c                	ld	a5,72(s0)
   11e46:	e399                	bnez	a5,11e4c <_vfprintf_r+0x3c>
   11e48:	3c20106f          	j	1320a <_vfprintf_r+0x13fa>
   11e4c:	01049783          	lh	a5,16(s1)
   11e50:	0ac4a703          	lw	a4,172(s1)
   11e54:	6609                	lui	a2,0x2
   11e56:	03279693          	slli	a3,a5,0x32
   11e5a:	2606cb63          	bltz	a3,120d0 <_vfprintf_r+0x2c0>
   11e5e:	76f9                	lui	a3,0xffffe
   11e60:	8fd1                	or	a5,a5,a2
   11e62:	16fd                	addi	a3,a3,-1 # ffffffffffffdfff <__BSS_END__+0xfffffffffffe172f>
   11e64:	8f75                	and	a4,a4,a3
   11e66:	00f49823          	sh	a5,16(s1)
   11e6a:	0107979b          	slliw	a5,a5,0x10
   11e6e:	4107d79b          	sraiw	a5,a5,0x10
   11e72:	0ae4a623          	sw	a4,172(s1)
   11e76:	0087f713          	andi	a4,a5,8
   11e7a:	20070763          	beqz	a4,12088 <_vfprintf_r+0x278>
   11e7e:	6c98                	ld	a4,24(s1)
   11e80:	20070463          	beqz	a4,12088 <_vfprintf_r+0x278>
   11e84:	8be9                	andi	a5,a5,26
   11e86:	4729                	li	a4,10
   11e88:	20e78b63          	beq	a5,a4,1209e <_vfprintf_r+0x28e>
   11e8c:	67e9                	lui	a5,0x1a
   11e8e:	23313423          	sd	s3,552(sp)
   11e92:	23413023          	sd	s4,544(sp)
   11e96:	16010993          	addi	s3,sp,352
   11e9a:	6a69                	lui	s4,0x1a
   11e9c:	2ac78793          	addi	a5,a5,684 # 1a2ac <_ctype_+0x104>
   11ea0:	21713423          	sd	s7,520(sp)
   11ea4:	ffe6                	sd	s9,504(sp)
   11ea6:	23213823          	sd	s2,560(sp)
   11eaa:	21513c23          	sd	s5,536(sp)
   11eae:	21813023          	sd	s8,512(sp)
   11eb2:	fbea                	sd	s10,496(sp)
   11eb4:	f7ee                	sd	s11,488(sp)
   11eb6:	f982                	sd	zero,240(sp)
   11eb8:	d582                	sw	zero,232(sp)
   11eba:	f1ce                	sd	s3,224(sp)
   11ebc:	8bce                	mv	s7,s3
   11ebe:	f43e                	sd	a5,40(sp)
   11ec0:	418a0a13          	addi	s4,s4,1048 # 1a418 <zeroes.0>
   11ec4:	f802                	sd	zero,48(sp)
   11ec6:	f482                	sd	zero,104(sp)
   11ec8:	fc82                	sd	zero,120(sp)
   11eca:	e502                	sd	zero,136(sp)
   11ecc:	f882                	sd	zero,112(sp)
   11ece:	e802                	sd	zero,16(sp)
   11ed0:	4441                	li	s0,16
   11ed2:	8cda                	mv	s9,s6
   11ed4:	e426                	sd	s1,8(sp)
   11ed6:	cc517057          	vsetivli	zero,2,e8,mf8,ta,ma
   11eda:	000cc703          	lbu	a4,0(s9)
   11ede:	8966                	mv	s2,s9
   11ee0:	fdb70793          	addi	a5,a4,-37
   11ee4:	0007069b          	sext.w	a3,a4
   11ee8:	c7a1                	beqz	a5,11f30 <_vfprintf_r+0x120>
   11eea:	c2b9                	beqz	a3,11f30 <_vfprintf_r+0x120>
   11eec:	8aca                	mv	s5,s2
   11eee:	00194703          	lbu	a4,1(s2)
   11ef2:	0905                	addi	s2,s2,1
   11ef4:	0007079b          	sext.w	a5,a4
   11ef8:	c701                	beqz	a4,11f00 <_vfprintf_r+0xf0>
   11efa:	fdb78793          	addi	a5,a5,-37
   11efe:	f7fd                	bnez	a5,11eec <_vfprintf_r+0xdc>
   11f00:	41990b3b          	subw	s6,s2,s9
   11f04:	020b0663          	beqz	s6,11f30 <_vfprintf_r+0x120>
   11f08:	774e                	ld	a4,240(sp)
   11f0a:	57ae                	lw	a5,232(sp)
   11f0c:	019bb023          	sd	s9,0(s7)
   11f10:	975a                	add	a4,a4,s6
   11f12:	2785                	addiw	a5,a5,1
   11f14:	016bb423          	sd	s6,8(s7)
   11f18:	f9ba                	sd	a4,240(sp)
   11f1a:	d5be                	sw	a5,232(sp)
   11f1c:	471d                	li	a4,7
   11f1e:	0bc1                	addi	s7,s7,16
   11f20:	18f74c63          	blt	a4,a5,120b8 <_vfprintf_r+0x2a8>
   11f24:	67c2                	ld	a5,16(sp)
   11f26:	001ac703          	lbu	a4,1(s5)
   11f2a:	016787bb          	addw	a5,a5,s6
   11f2e:	e83e                	sd	a5,16(sp)
   11f30:	e319                	bnez	a4,11f36 <_vfprintf_r+0x126>
   11f32:	36a0106f          	j	1329c <_vfprintf_r+0x148c>
   11f36:	00194303          	lbu	t1,1(s2)
   11f3a:	00190c93          	addi	s9,s2,1
   11f3e:	0a0103a3          	sb	zero,167(sp)
   11f42:	5afd                	li	s5,-1
   11f44:	4d01                	li	s10,0
   11f46:	05a00913          	li	s2,90
   11f4a:	4481                	li	s1,0
   11f4c:	0c85                	addi	s9,s9,1
   11f4e:	00030d9b          	sext.w	s11,t1
   11f52:	fe0d879b          	addiw	a5,s11,-32
   11f56:	04f96363          	bltu	s2,a5,11f9c <_vfprintf_r+0x18c>
   11f5a:	02079713          	slli	a4,a5,0x20
   11f5e:	01e75793          	srli	a5,a4,0x1e
   11f62:	7722                	ld	a4,40(sp)
   11f64:	97ba                	add	a5,a5,a4
   11f66:	439c                	lw	a5,0(a5)
   11f68:	8782                	jr	a5
   11f6a:	4d01                	li	s10,0
   11f6c:	46a5                	li	a3,9
   11f6e:	002d179b          	slliw	a5,s10,0x2
   11f72:	0c85                	addi	s9,s9,1
   11f74:	01a78d3b          	addw	s10,a5,s10
   11f78:	fffcc783          	lbu	a5,-1(s9)
   11f7c:	fd0d8d9b          	addiw	s11,s11,-48
   11f80:	001d1d1b          	slliw	s10,s10,0x1
   11f84:	fd07871b          	addiw	a4,a5,-48
   11f88:	01ad8d3b          	addw	s10,s11,s10
   11f8c:	00078d9b          	sext.w	s11,a5
   11f90:	fce6ffe3          	bgeu	a3,a4,11f6e <_vfprintf_r+0x15e>
   11f94:	fe0d879b          	addiw	a5,s11,-32
   11f98:	fcf971e3          	bgeu	s2,a5,11f5a <_vfprintf_r+0x14a>
   11f9c:	8e26                	mv	t3,s1
   11f9e:	000d9463          	bnez	s11,11fa6 <_vfprintf_r+0x196>
   11fa2:	2fa0106f          	j	1329c <_vfprintf_r+0x148c>
   11fa6:	4885                	li	a7,1
   11fa8:	0fb10c23          	sb	s11,248(sp)
   11fac:	0a0103a3          	sb	zero,167(sp)
   11fb0:	8846                	mv	a6,a7
   11fb2:	f002                	sd	zero,32(sp)
   11fb4:	4a81                	li	s5,0
   11fb6:	e082                	sd	zero,64(sp)
   11fb8:	fc02                	sd	zero,56(sp)
   11fba:	4481                	li	s1,0
   11fbc:	19bc                	addi	a5,sp,248
   11fbe:	794e                	ld	s2,240(sp)
   11fc0:	084e7b13          	andi	s6,t3,132
   11fc4:	85ca                	mv	a1,s2
   11fc6:	6e0b0563          	beqz	s6,126b0 <_vfprintf_r+0x8a0>
   11fca:	0a714703          	lbu	a4,167(sp)
   11fce:	c339                	beqz	a4,12014 <_vfprintf_r+0x204>
   11fd0:	562e                	lw	a2,232(sp)
   11fd2:	4381                	li	t2,0
   11fd4:	0a710713          	addi	a4,sp,167
   11fd8:	00ebb023          	sd	a4,0(s7)
   11fdc:	0905                	addi	s2,s2,1
   11fde:	4705                	li	a4,1
   11fe0:	2605                	addiw	a2,a2,1 # 2001 <exit-0xe11f>
   11fe2:	00ebb423          	sd	a4,8(s7)
   11fe6:	f9ca                	sd	s2,240(sp)
   11fe8:	d5b2                	sw	a2,232(sp)
   11fea:	471d                	li	a4,7
   11fec:	0bc1                	addi	s7,s7,16
   11fee:	2ec74363          	blt	a4,a2,122d4 <_vfprintf_r+0x4c4>
   11ff2:	02038163          	beqz	t2,12014 <_vfprintf_r+0x204>
   11ff6:	562e                	lw	a2,232(sp)
   11ff8:	1138                	addi	a4,sp,168
   11ffa:	00ebb023          	sd	a4,0(s7)
   11ffe:	0909                	addi	s2,s2,2
   12000:	4709                	li	a4,2
   12002:	2605                	addiw	a2,a2,1
   12004:	00ebb423          	sd	a4,8(s7)
   12008:	f9ca                	sd	s2,240(sp)
   1200a:	d5b2                	sw	a2,232(sp)
   1200c:	471d                	li	a4,7
   1200e:	0bc1                	addi	s7,s7,16
   12010:	32c744e3          	blt	a4,a2,12b38 <_vfprintf_r+0xd28>
   12014:	08000713          	li	a4,128
   12018:	12eb02e3          	beq	s6,a4,1293c <_vfprintf_r+0xb2c>
   1201c:	411a8abb          	subw	s5,s5,a7
   12020:	6b504463          	bgtz	s5,126c8 <_vfprintf_r+0x8b8>
   12024:	100e7713          	andi	a4,t3,256
   12028:	74071b63          	bnez	a4,1277e <_vfprintf_r+0x96e>
   1202c:	00fbb023          	sd	a5,0(s7)
   12030:	57ae                	lw	a5,232(sp)
   12032:	9946                	add	s2,s2,a7
   12034:	f9ca                	sd	s2,240(sp)
   12036:	2785                	addiw	a5,a5,1
   12038:	011bb423          	sd	a7,8(s7)
   1203c:	471d                	li	a4,7
   1203e:	d5be                	sw	a5,232(sp)
   12040:	2ef74063          	blt	a4,a5,12320 <_vfprintf_r+0x510>
   12044:	0bc1                	addi	s7,s7,16
   12046:	004e7f13          	andi	t5,t3,4
   1204a:	000f0663          	beqz	t5,12056 <_vfprintf_r+0x246>
   1204e:	410d0abb          	subw	s5,s10,a6
   12052:	315047e3          	bgtz	s5,12b60 <_vfprintf_r+0xd50>
   12056:	87ea                	mv	a5,s10
   12058:	010d5363          	bge	s10,a6,1205e <_vfprintf_r+0x24e>
   1205c:	87c2                	mv	a5,a6
   1205e:	6742                	ld	a4,16(sp)
   12060:	9fb9                	addw	a5,a5,a4
   12062:	e83e                	sd	a5,16(sp)
   12064:	18091ce3          	bnez	s2,129fc <_vfprintf_r+0xbec>
   12068:	7782                	ld	a5,32(sp)
   1206a:	d582                	sw	zero,232(sp)
   1206c:	c799                	beqz	a5,1207a <_vfprintf_r+0x26a>
   1206e:	7582                	ld	a1,32(sp)
   12070:	6502                	ld	a0,0(sp)
   12072:	b63ff0ef          	jal	11bd4 <_free_r>
   12076:	cc517057          	vsetivli	zero,2,e8,mf8,ta,ma
   1207a:	8bce                	mv	s7,s3
   1207c:	bdb9                	j	11eda <_vfprintf_r+0xca>
   1207e:	000cc303          	lbu	t1,0(s9)
   12082:	0104e493          	ori	s1,s1,16
   12086:	b5d9                	j	11f4c <_vfprintf_r+0x13c>
   12088:	6502                	ld	a0,0(sp)
   1208a:	85a6                	mv	a1,s1
   1208c:	56e020ef          	jal	145fa <__swsetup_r>
   12090:	e521                	bnez	a0,120d8 <_vfprintf_r+0x2c8>
   12092:	01049783          	lh	a5,16(s1)
   12096:	4729                	li	a4,10
   12098:	8be9                	andi	a5,a5,26
   1209a:	dee799e3          	bne	a5,a4,11e8c <_vfprintf_r+0x7c>
   1209e:	01249783          	lh	a5,18(s1)
   120a2:	de07c5e3          	bltz	a5,11e8c <_vfprintf_r+0x7c>
   120a6:	66e2                	ld	a3,24(sp)
   120a8:	6502                	ld	a0,0(sp)
   120aa:	865a                	mv	a2,s6
   120ac:	85a6                	mv	a1,s1
   120ae:	661010ef          	jal	13f0e <__sbprintf>
   120b2:	e82a                	sd	a0,16(sp)
   120b4:	26d0006f          	j	12b20 <_vfprintf_r+0xd10>
   120b8:	65a2                	ld	a1,8(sp)
   120ba:	6502                	ld	a0,0(sp)
   120bc:	1190                	addi	a2,sp,224
   120be:	6e3010ef          	jal	13fa0 <__sprint_r>
   120c2:	c119                	beqz	a0,120c8 <_vfprintf_r+0x2b8>
   120c4:	4310106f          	j	13cf4 <_vfprintf_r+0x1ee4>
   120c8:	8bce                	mv	s7,s3
   120ca:	cc517057          	vsetivli	zero,2,e8,mf8,ta,ma
   120ce:	bd99                	j	11f24 <_vfprintf_r+0x114>
   120d0:	03271693          	slli	a3,a4,0x32
   120d4:	da06d1e3          	bgez	a3,11e76 <_vfprintf_r+0x66>
   120d8:	57fd                	li	a5,-1
   120da:	e83e                	sd	a5,16(sp)
   120dc:	2450006f          	j	12b20 <_vfprintf_r+0xd10>
   120e0:	0084f793          	andi	a5,s1,8
   120e4:	8e26                	mv	t3,s1
   120e6:	580793e3          	bnez	a5,12e6c <_vfprintf_r+0x105c>
   120ea:	f026                	sd	s1,32(sp)
   120ec:	64e2                	ld	s1,24(sp)
   120ee:	2088                	fld	fa0,0(s1)
   120f0:	473070ef          	jal	19d62 <__extenddftf2>
   120f4:	7e02                	ld	t3,32(sp)
   120f6:	00848793          	addi	a5,s1,8
   120fa:	ec3e                	sd	a5,24(sp)
   120fc:	e9aa                	sd	a0,208(sp)
   120fe:	0988                	addi	a0,sp,208
   12100:	f072                	sd	t3,32(sp)
   12102:	edae                	sd	a1,216(sp)
   12104:	445020ef          	jal	14d48 <_ldcheck>
   12108:	d92a                	sw	a0,176(sp)
   1210a:	4789                	li	a5,2
   1210c:	7e02                	ld	t3,32(sp)
   1210e:	00f51463          	bne	a0,a5,12116 <_vfprintf_r+0x306>
   12112:	1460106f          	j	13258 <_vfprintf_r+0x1448>
   12116:	4785                	li	a5,1
   12118:	00f51463          	bne	a0,a5,12120 <_vfprintf_r+0x310>
   1211c:	2300106f          	j	1334c <_vfprintf_r+0x153c>
   12120:	fdfdf913          	andi	s2,s11,-33
   12124:	04100793          	li	a5,65
   12128:	00f90463          	beq	s2,a5,12130 <_vfprintf_r+0x320>
   1212c:	25a0106f          	j	13386 <_vfprintf_r+0x1576>
   12130:	03000793          	li	a5,48
   12134:	0af10423          	sb	a5,168(sp)
   12138:	06100713          	li	a4,97
   1213c:	05800793          	li	a5,88
   12140:	00ed9463          	bne	s11,a4,12148 <_vfprintf_r+0x338>
   12144:	5ce0106f          	j	13712 <_vfprintf_r+0x1902>
   12148:	0af104a3          	sb	a5,169(sp)
   1214c:	06300793          	li	a5,99
   12150:	0157d463          	bge	a5,s5,12158 <_vfprintf_r+0x348>
   12154:	58a0106f          	j	136de <_vfprintf_r+0x18ce>
   12158:	65ee                	ld	a1,216(sp)
   1215a:	654e                	ld	a0,208(sp)
   1215c:	0005d463          	bgez	a1,12164 <_vfprintf_r+0x354>
   12160:	2c70106f          	j	13c26 <_vfprintf_r+0x1e16>
   12164:	ec82                	sd	zero,88(sp)
   12166:	f002                	sd	zero,32(sp)
   12168:	19bc                	addi	a5,sp,248
   1216a:	f83e                	sd	a5,48(sp)
   1216c:	1910                	addi	a2,sp,176
   1216e:	002e6793          	ori	a5,t3,2
   12172:	fc3e                	sd	a5,56(sp)
   12174:	15f020ef          	jal	14ad2 <frexpl>
   12178:	00fff6b7          	lui	a3,0xfff
   1217c:	169a                	slli	a3,a3,0x26
   1217e:	4601                	li	a2,0
   12180:	48f060ef          	jal	18e0e <__multf3>
   12184:	4601                	li	a2,0
   12186:	4681                	li	a3,0
   12188:	84aa                	mv	s1,a0
   1218a:	892e                	mv	s2,a1
   1218c:	26f060ef          	jal	18bfa <__eqtf2>
   12190:	77c2                	ld	a5,48(sp)
   12192:	e119                	bnez	a0,12198 <_vfprintf_r+0x388>
   12194:	4705                	li	a4,1
   12196:	d93a                	sw	a4,176(sp)
   12198:	06100713          	li	a4,97
   1219c:	00ed9463          	bne	s11,a4,121a4 <_vfprintf_r+0x394>
   121a0:	4470106f          	j	13de6 <_vfprintf_r+0x1fd6>
   121a4:	6769                	lui	a4,0x1a
   121a6:	f6870713          	addi	a4,a4,-152 # 19f68 <__clzdi2+0x142>
   121aa:	f83a                	sd	a4,48(sp)
   121ac:	e0de                	sd	s7,64(sp)
   121ae:	f0e6                	sd	s9,96(sp)
   121b0:	7bc2                	ld	s7,48(sp)
   121b2:	8b3e                	mv	s6,a5
   121b4:	8cbe                	mv	s9,a5
   121b6:	a809                	j	121c8 <_vfprintf_r+0x3b8>
   121b8:	4601                	li	a2,0
   121ba:	4681                	li	a3,0
   121bc:	23f060ef          	jal	18bfa <__eqtf2>
   121c0:	e119                	bnez	a0,121c6 <_vfprintf_r+0x3b6>
   121c2:	3430106f          	j	13d04 <_vfprintf_r+0x1ef4>
   121c6:	3afd                	addiw	s5,s5,-1
   121c8:	040036b7          	lui	a3,0x4003
   121cc:	1692                	slli	a3,a3,0x24
   121ce:	4601                	li	a2,0
   121d0:	8526                	mv	a0,s1
   121d2:	85ca                	mv	a1,s2
   121d4:	43b060ef          	jal	18e0e <__multf3>
   121d8:	84ae                	mv	s1,a1
   121da:	892a                	mv	s2,a0
   121dc:	2a7070ef          	jal	19c82 <__fixtfsi>
   121e0:	00050c1b          	sext.w	s8,a0
   121e4:	8562                	mv	a0,s8
   121e6:	32b070ef          	jal	19d10 <__floatsitf>
   121ea:	862a                	mv	a2,a0
   121ec:	86ae                	mv	a3,a1
   121ee:	854a                	mv	a0,s2
   121f0:	85a6                	mv	a1,s1
   121f2:	230070ef          	jal	19422 <__subtf3>
   121f6:	018b86b3          	add	a3,s7,s8
   121fa:	0006c683          	lbu	a3,0(a3) # 4003000 <__BSS_END__+0x3fe6730>
   121fe:	865a                	mv	a2,s6
   12200:	84aa                	mv	s1,a0
   12202:	00db0023          	sb	a3,0(s6)
   12206:	0b05                	addi	s6,s6,1
   12208:	892e                	mv	s2,a1
   1220a:	fa0a97e3          	bnez	s5,121b8 <_vfprintf_r+0x3a8>
   1220e:	01fff6b7          	lui	a3,0x1fff
   12212:	875a                	mv	a4,s6
   12214:	84b2                	mv	s1,a2
   12216:	1696                	slli	a3,a3,0x25
   12218:	4601                	li	a2,0
   1221a:	6b86                	ld	s7,64(sp)
   1221c:	8b62                	mv	s6,s8
   1221e:	e0e6                	sd	s9,64(sp)
   12220:	8aaa                	mv	s5,a0
   12222:	8c3a                	mv	s8,a4
   12224:	27f060ef          	jal	18ca2 <__getf2>
   12228:	7c86                	ld	s9,96(sp)
   1222a:	6786                	ld	a5,64(sp)
   1222c:	00a04f63          	bgtz	a0,1224a <_vfprintf_r+0x43a>
   12230:	01fff6b7          	lui	a3,0x1fff
   12234:	8556                	mv	a0,s5
   12236:	85ca                	mv	a1,s2
   12238:	1696                	slli	a3,a3,0x25
   1223a:	4601                	li	a2,0
   1223c:	1bf060ef          	jal	18bfa <__eqtf2>
   12240:	6786                	ld	a5,64(sp)
   12242:	e521                	bnez	a0,1228a <_vfprintf_r+0x47a>
   12244:	001b7713          	andi	a4,s6,1
   12248:	c329                	beqz	a4,1228a <_vfprintf_r+0x47a>
   1224a:	7742                	ld	a4,48(sp)
   1224c:	e5a6                	sd	s1,200(sp)
   1224e:	fffc4683          	lbu	a3,-1(s8)
   12252:	00f74603          	lbu	a2,15(a4)
   12256:	8762                	mv	a4,s8
   12258:	00d61e63          	bne	a2,a3,12274 <_vfprintf_r+0x464>
   1225c:	03000593          	li	a1,48
   12260:	feb70fa3          	sb	a1,-1(a4)
   12264:	672e                	ld	a4,200(sp)
   12266:	fff70693          	addi	a3,a4,-1
   1226a:	e5b6                	sd	a3,200(sp)
   1226c:	fff74683          	lbu	a3,-1(a4)
   12270:	fec688e3          	beq	a3,a2,12260 <_vfprintf_r+0x450>
   12274:	03900613          	li	a2,57
   12278:	00c69463          	bne	a3,a2,12280 <_vfprintf_r+0x470>
   1227c:	4170106f          	j	13e92 <_vfprintf_r+0x2082>
   12280:	2685                	addiw	a3,a3,1 # 1fff001 <__BSS_END__+0x1fe2731>
   12282:	0ff6f693          	zext.b	a3,a3
   12286:	fed70fa3          	sb	a3,-1(a4)
   1228a:	56ca                	lw	a3,176(sp)
   1228c:	00fd871b          	addiw	a4,s11,15
   12290:	0ae10c23          	sb	a4,184(sp)
   12294:	40fc063b          	subw	a2,s8,a5
   12298:	fff6871b          	addiw	a4,a3,-1
   1229c:	d93a                	sw	a4,176(sp)
   1229e:	f832                	sd	a2,48(sp)
   122a0:	00075463          	bgez	a4,122a8 <_vfprintf_r+0x498>
   122a4:	37f0106f          	j	13e22 <_vfprintf_r+0x2012>
   122a8:	02b00693          	li	a3,43
   122ac:	0ad10ca3          	sb	a3,185(sp)
   122b0:	46a5                	li	a3,9
   122b2:	00e6d463          	bge	a3,a4,122ba <_vfprintf_r+0x4aa>
   122b6:	5b60106f          	j	1386c <_vfprintf_r+0x1a5c>
   122ba:	0ba10693          	addi	a3,sp,186
   122be:	0307071b          	addiw	a4,a4,48
   122c2:	00e68023          	sb	a4,0(a3)
   122c6:	1398                	addi	a4,sp,480
   122c8:	8e99                	sub	a3,a3,a4
   122ca:	1296871b          	addiw	a4,a3,297
   122ce:	f4ba                	sd	a4,104(sp)
   122d0:	6180106f          	j	138e8 <_vfprintf_r+0x1ad8>
   122d4:	65a2                	ld	a1,8(sp)
   122d6:	6502                	ld	a0,0(sp)
   122d8:	1190                	addi	a2,sp,224
   122da:	ed46                	sd	a7,152(sp)
   122dc:	e942                	sd	a6,144(sp)
   122de:	e172                	sd	t3,128(sp)
   122e0:	f0be                	sd	a5,96(sp)
   122e2:	ec9e                	sd	t2,88(sp)
   122e4:	4bd010ef          	jal	13fa0 <__sprint_r>
   122e8:	000511e3          	bnez	a0,12aea <_vfprintf_r+0xcda>
   122ec:	794e                	ld	s2,240(sp)
   122ee:	68ea                	ld	a7,152(sp)
   122f0:	684a                	ld	a6,144(sp)
   122f2:	6e0a                	ld	t3,128(sp)
   122f4:	7786                	ld	a5,96(sp)
   122f6:	63e6                	ld	t2,88(sp)
   122f8:	8bce                	mv	s7,s3
   122fa:	cc517057          	vsetivli	zero,2,e8,mf8,ta,ma
   122fe:	b9d5                	j	11ff2 <_vfprintf_r+0x1e2>
   12300:	8e4a                	mv	t3,s2
   12302:	8856                	mv	a6,s5
   12304:	893a                	mv	s2,a4
   12306:	8aa6                	mv	s5,s1
   12308:	86e2                	mv	a3,s8
   1230a:	9956                	add	s2,s2,s5
   1230c:	2785                	addiw	a5,a5,1
   1230e:	f9ca                	sd	s2,240(sp)
   12310:	d5be                	sw	a5,232(sp)
   12312:	00dbb023          	sd	a3,0(s7)
   12316:	015bb423          	sd	s5,8(s7)
   1231a:	471d                	li	a4,7
   1231c:	d2f754e3          	bge	a4,a5,12044 <_vfprintf_r+0x234>
   12320:	65a2                	ld	a1,8(sp)
   12322:	6502                	ld	a0,0(sp)
   12324:	1190                	addi	a2,sp,224
   12326:	e0c2                	sd	a6,64(sp)
   12328:	fc72                	sd	t3,56(sp)
   1232a:	477010ef          	jal	13fa0 <__sprint_r>
   1232e:	7a051e63          	bnez	a0,12aea <_vfprintf_r+0xcda>
   12332:	794e                	ld	s2,240(sp)
   12334:	7e62                	ld	t3,56(sp)
   12336:	6806                	ld	a6,64(sp)
   12338:	8bce                	mv	s7,s3
   1233a:	cc517057          	vsetivli	zero,2,e8,mf8,ta,ma
   1233e:	b321                	j	12046 <_vfprintf_r+0x236>
   12340:	6762                	ld	a4,24(sp)
   12342:	8e26                	mv	t3,s1
   12344:	4885                	li	a7,1
   12346:	431c                	lw	a5,0(a4)
   12348:	0a0103a3          	sb	zero,167(sp)
   1234c:	0ef10c23          	sb	a5,248(sp)
   12350:	00870793          	addi	a5,a4,8
   12354:	ec3e                	sd	a5,24(sp)
   12356:	b9a9                	j	11fb0 <_vfprintf_r+0x1a0>
   12358:	6762                	ld	a4,24(sp)
   1235a:	0a0103a3          	sb	zero,167(sp)
   1235e:	8e26                	mv	t3,s1
   12360:	631c                	ld	a5,0(a4)
   12362:	00870493          	addi	s1,a4,8
   12366:	4c0784e3          	beqz	a5,1302e <_vfprintf_r+0x121e>
   1236a:	740ac4e3          	bltz	s5,132b2 <_vfprintf_r+0x14a2>
   1236e:	853e                	mv	a0,a5
   12370:	8656                	mv	a2,s5
   12372:	4581                	li	a1,0
   12374:	fc72                	sd	t3,56(sp)
   12376:	ec3e                	sd	a5,24(sp)
   12378:	372020ef          	jal	146ea <memchr>
   1237c:	f02a                	sd	a0,32(sp)
   1237e:	0a714703          	lbu	a4,167(sp)
   12382:	67e2                	ld	a5,24(sp)
   12384:	7e62                	ld	t3,56(sp)
   12386:	e119                	bnez	a0,1238c <_vfprintf_r+0x57c>
   12388:	71a0106f          	j	13aa2 <_vfprintf_r+0x1c92>
   1238c:	40f508bb          	subw	a7,a0,a5
   12390:	86c6                	mv	a3,a7
   12392:	0008d463          	bgez	a7,1239a <_vfprintf_r+0x58a>
   12396:	3100106f          	j	136a6 <_vfprintf_r+0x1896>
   1239a:	0006881b          	sext.w	a6,a3
   1239e:	c319                	beqz	a4,123a4 <_vfprintf_r+0x594>
   123a0:	0016881b          	addiw	a6,a3,1
   123a4:	ec26                	sd	s1,24(sp)
   123a6:	cc517057          	vsetivli	zero,2,e8,mf8,ta,ma
   123aa:	4990006f          	j	13042 <_vfprintf_r+0x1232>
   123ae:	6762                	ld	a4,24(sp)
   123b0:	0204f793          	andi	a5,s1,32
   123b4:	8e26                	mv	t3,s1
   123b6:	0721                	addi	a4,a4,8
   123b8:	e7c9                	bnez	a5,12442 <_vfprintf_r+0x632>
   123ba:	0104f793          	andi	a5,s1,16
   123be:	c399                	beqz	a5,123c4 <_vfprintf_r+0x5b4>
   123c0:	7a80106f          	j	13b68 <_vfprintf_r+0x1d58>
   123c4:	66e2                	ld	a3,24(sp)
   123c6:	0404f793          	andi	a5,s1,64
   123ca:	0006a903          	lw	s2,0(a3)
   123ce:	74078ae3          	beqz	a5,13322 <_vfprintf_r+0x1512>
   123d2:	0109191b          	slliw	s2,s2,0x10
   123d6:	4109591b          	sraiw	s2,s2,0x10
   123da:	ec3a                	sd	a4,24(sp)
   123dc:	87ca                	mv	a5,s2
   123de:	0607c863          	bltz	a5,1244e <_vfprintf_r+0x63e>
   123e2:	080ac063          	bltz	s5,12462 <_vfprintf_r+0x652>
   123e6:	f7fe7e13          	andi	t3,t3,-129
   123ea:	06091c63          	bnez	s2,12462 <_vfprintf_r+0x652>
   123ee:	060a9a63          	bnez	s5,12462 <_vfprintf_r+0x652>
   123f2:	0a714503          	lbu	a0,167(sp)
   123f6:	740502e3          	beqz	a0,1333a <_vfprintf_r+0x152a>
   123fa:	4801                	li	a6,0
   123fc:	4481                	li	s1,0
   123fe:	f002                	sd	zero,32(sp)
   12400:	4881                	li	a7,0
   12402:	4a81                	li	s5,0
   12404:	0afc                	addi	a5,sp,348
   12406:	2805                	addiw	a6,a6,1
   12408:	e099                	bnez	s1,1240e <_vfprintf_r+0x5fe>
   1240a:	2d70106f          	j	13ee0 <_vfprintf_r+0x20d0>
   1240e:	794e                	ld	s2,240(sp)
   12410:	562e                	lw	a2,232(sp)
   12412:	084e7b13          	andi	s6,t3,132
   12416:	2809                	addiw	a6,a6,2
   12418:	85ca                	mv	a1,s2
   1241a:	86b2                	mv	a3,a2
   1241c:	5e0b0a63          	beqz	s6,12a10 <_vfprintf_r+0xc00>
   12420:	e082                	sd	zero,64(sp)
   12422:	fc02                	sd	zero,56(sp)
   12424:	4481                	li	s1,0
   12426:	bc0509e3          	beqz	a0,11ff8 <_vfprintf_r+0x1e8>
   1242a:	4389                	li	t2,2
   1242c:	b665                	j	11fd4 <_vfprintf_r+0x1c4>
   1242e:	0204f793          	andi	a5,s1,32
   12432:	0104ef13          	ori	t5,s1,16
   12436:	260787e3          	beqz	a5,12ea4 <_vfprintf_r+0x1094>
   1243a:	67e2                	ld	a5,24(sp)
   1243c:	8e7a                	mv	t3,t5
   1243e:	00878713          	addi	a4,a5,8
   12442:	67e2                	ld	a5,24(sp)
   12444:	ec3a                	sd	a4,24(sp)
   12446:	639c                	ld	a5,0(a5)
   12448:	893e                	mv	s2,a5
   1244a:	f807dce3          	bgez	a5,123e2 <_vfprintf_r+0x5d2>
   1244e:	02d00793          	li	a5,45
   12452:	0af103a3          	sb	a5,167(sp)
   12456:	41200933          	neg	s2,s2
   1245a:	000ac463          	bltz	s5,12462 <_vfprintf_r+0x652>
   1245e:	f7fe7e13          	andi	t3,t3,-129
   12462:	4c25                	li	s8,9
   12464:	112c6463          	bltu	s8,s2,1256c <_vfprintf_r+0x75c>
   12468:	0309091b          	addiw	s2,s2,48
   1246c:	15210da3          	sb	s2,347(sp)
   12470:	000a881b          	sext.w	a6,s5
   12474:	255052e3          	blez	s5,12eb8 <_vfprintf_r+0x10a8>
   12478:	0a714503          	lbu	a0,167(sp)
   1247c:	4481                	li	s1,0
   1247e:	4885                	li	a7,1
   12480:	15b10793          	addi	a5,sp,347
   12484:	f002                	sd	zero,32(sp)
   12486:	d149                	beqz	a0,12408 <_vfprintf_r+0x5f8>
   12488:	2805                	addiw	a6,a6,1
   1248a:	bfbd                	j	12408 <_vfprintf_r+0x5f8>
   1248c:	67e2                	ld	a5,24(sp)
   1248e:	0007ad03          	lw	s10,0(a5)
   12492:	160d57e3          	bgez	s10,12e00 <_vfprintf_r+0xff0>
   12496:	67e2                	ld	a5,24(sp)
   12498:	41a00d3b          	negw	s10,s10
   1249c:	07a1                	addi	a5,a5,8
   1249e:	ec3e                	sd	a5,24(sp)
   124a0:	000cc303          	lbu	t1,0(s9)
   124a4:	0044e493          	ori	s1,s1,4
   124a8:	b455                	j	11f4c <_vfprintf_r+0x13c>
   124aa:	02b00793          	li	a5,43
   124ae:	000cc303          	lbu	t1,0(s9)
   124b2:	0af103a3          	sb	a5,167(sp)
   124b6:	bc59                	j	11f4c <_vfprintf_r+0x13c>
   124b8:	000cc303          	lbu	t1,0(s9)
   124bc:	0804e493          	ori	s1,s1,128
   124c0:	b471                	j	11f4c <_vfprintf_r+0x13c>
   124c2:	000ccd83          	lbu	s11,0(s9)
   124c6:	02a00793          	li	a5,42
   124ca:	001c8613          	addi	a2,s9,1
   124ce:	00fd9463          	bne	s11,a5,124d6 <_vfprintf_r+0x6c6>
   124d2:	1670106f          	j	13e38 <_vfprintf_r+0x2028>
   124d6:	fd0d871b          	addiw	a4,s11,-48
   124da:	45a5                	li	a1,9
   124dc:	4681                	li	a3,0
   124de:	8cb2                	mv	s9,a2
   124e0:	4a81                	li	s5,0
   124e2:	a6e5e8e3          	bltu	a1,a4,11f52 <_vfprintf_r+0x142>
   124e6:	0026979b          	slliw	a5,a3,0x2
   124ea:	00064d83          	lbu	s11,0(a2)
   124ee:	9fb5                	addw	a5,a5,a3
   124f0:	0017979b          	slliw	a5,a5,0x1
   124f4:	00e786bb          	addw	a3,a5,a4
   124f8:	fd0d871b          	addiw	a4,s11,-48
   124fc:	0605                	addi	a2,a2,1
   124fe:	fee5f4e3          	bgeu	a1,a4,124e6 <_vfprintf_r+0x6d6>
   12502:	00068a9b          	sext.w	s5,a3
   12506:	2a06cce3          	bltz	a3,12fbe <_vfprintf_r+0x11ae>
   1250a:	8cb2                	mv	s9,a2
   1250c:	b499                	j	11f52 <_vfprintf_r+0x142>
   1250e:	0204f793          	andi	a5,s1,32
   12512:	0104ef13          	ori	t5,s1,16
   12516:	eb8d                	bnez	a5,12548 <_vfprintf_r+0x738>
   12518:	6762                	ld	a4,24(sp)
   1251a:	0a0103a3          	sb	zero,167(sp)
   1251e:	00073903          	ld	s2,0(a4)
   12522:	00870793          	addi	a5,a4,8
   12526:	1a0ac2e3          	bltz	s5,12eca <_vfprintf_r+0x10ba>
   1252a:	ec3e                	sd	a5,24(sp)
   1252c:	f7ff7e13          	andi	t3,t5,-129
   12530:	f20919e3          	bnez	s2,12462 <_vfprintf_r+0x652>
   12534:	f20a97e3          	bnez	s5,12462 <_vfprintf_r+0x652>
   12538:	4481                	li	s1,0
   1253a:	aeb5                	j	128b6 <_vfprintf_r+0xaa6>
   1253c:	0204f793          	andi	a5,s1,32
   12540:	8e26                	mv	t3,s1
   12542:	0e0787e3          	beqz	a5,12e30 <_vfprintf_r+0x1020>
   12546:	8f26                	mv	t5,s1
   12548:	6762                	ld	a4,24(sp)
   1254a:	0a0103a3          	sb	zero,167(sp)
   1254e:	00073903          	ld	s2,0(a4)
   12552:	00870793          	addi	a5,a4,8
   12556:	160acae3          	bltz	s5,12eca <_vfprintf_r+0x10ba>
   1255a:	ec3e                	sd	a5,24(sp)
   1255c:	f7ff7e13          	andi	t3,t5,-129
   12560:	f00a91e3          	bnez	s5,12462 <_vfprintf_r+0x652>
   12564:	ee091fe3          	bnez	s2,12462 <_vfprintf_r+0x652>
   12568:	4481                	li	s1,0
   1256a:	a6b1                	j	128b6 <_vfprintf_r+0xaa6>
   1256c:	ccccd7b7          	lui	a5,0xccccd
   12570:	ccd78793          	addi	a5,a5,-819 # ffffffffcccccccd <__BSS_END__+0xffffffffcccb03fd>
   12574:	02079b13          	slli	s6,a5,0x20
   12578:	15c10893          	addi	a7,sp,348
   1257c:	74e6                	ld	s1,120(sp)
   1257e:	9b3e                	add	s6,s6,a5
   12580:	8646                	mv	a2,a7
   12582:	4581                	li	a1,0
   12584:	400e7813          	andi	a6,t3,1024
   12588:	a809                	j	1259a <_vfprintf_r+0x78a>
   1258a:	874a                	mv	a4,s2
   1258c:	03693933          	mulhu	s2,s2,s6
   12590:	863e                	mv	a2,a5
   12592:	00395913          	srli	s2,s2,0x3
   12596:	02ec7f63          	bgeu	s8,a4,125d4 <_vfprintf_r+0x7c4>
   1259a:	036936b3          	mulhu	a3,s2,s6
   1259e:	2585                	addiw	a1,a1,1
   125a0:	fff60793          	addi	a5,a2,-1
   125a4:	828d                	srli	a3,a3,0x3
   125a6:	00269713          	slli	a4,a3,0x2
   125aa:	9736                	add	a4,a4,a3
   125ac:	0706                	slli	a4,a4,0x1
   125ae:	40e90733          	sub	a4,s2,a4
   125b2:	0307071b          	addiw	a4,a4,48
   125b6:	fee60fa3          	sb	a4,-1(a2)
   125ba:	fc0808e3          	beqz	a6,1258a <_vfprintf_r+0x77a>
   125be:	0004c703          	lbu	a4,0(s1)
   125c2:	f0170693          	addi	a3,a4,-255
   125c6:	d2f1                	beqz	a3,1258a <_vfprintf_r+0x77a>
   125c8:	fcb711e3          	bne	a4,a1,1258a <_vfprintf_r+0x77a>
   125cc:	012c7463          	bgeu	s8,s2,125d4 <_vfprintf_r+0x7c4>
   125d0:	4ee0106f          	j	13abe <_vfprintf_r+0x1cae>
   125d4:	fca6                	sd	s1,120(sp)
   125d6:	f82e                	sd	a1,48(sp)
   125d8:	40f888bb          	subw	a7,a7,a5
   125dc:	000a881b          	sext.w	a6,s5
   125e0:	011ad463          	bge	s5,a7,125e8 <_vfprintf_r+0x7d8>
   125e4:	0008881b          	sext.w	a6,a7
   125e8:	0a714503          	lbu	a0,167(sp)
   125ec:	4481                	li	s1,0
   125ee:	f002                	sd	zero,32(sp)
   125f0:	bd59                	j	12486 <_vfprintf_r+0x676>
   125f2:	6b02                	ld	s6,0(sp)
   125f4:	855a                	mv	a0,s6
   125f6:	214020ef          	jal	1480a <_localeconv_r>
   125fa:	651c                	ld	a5,8(a0)
   125fc:	853e                	mv	a0,a5
   125fe:	f8be                	sd	a5,112(sp)
   12600:	438020ef          	jal	14a38 <strlen>
   12604:	87aa                	mv	a5,a0
   12606:	855a                	mv	a0,s6
   12608:	e53e                	sd	a5,136(sp)
   1260a:	8b3e                	mv	s6,a5
   1260c:	1fe020ef          	jal	1480a <_localeconv_r>
   12610:	6918                	ld	a4,16(a0)
   12612:	000cc303          	lbu	t1,0(s9)
   12616:	fcba                	sd	a4,120(sp)
   12618:	280b07e3          	beqz	s6,130a6 <_vfprintf_r+0x1296>
   1261c:	4e070fe3          	beqz	a4,1331a <_vfprintf_r+0x150a>
   12620:	00074783          	lbu	a5,0(a4)
   12624:	4e0787e3          	beqz	a5,13312 <_vfprintf_r+0x1502>
   12628:	4004e493          	ori	s1,s1,1024
   1262c:	cc517057          	vsetivli	zero,2,e8,mf8,ta,ma
   12630:	ba31                	j	11f4c <_vfprintf_r+0x13c>
   12632:	000cc303          	lbu	t1,0(s9)
   12636:	0014e493          	ori	s1,s1,1
   1263a:	ba09                	j	11f4c <_vfprintf_r+0x13c>
   1263c:	0a714783          	lbu	a5,167(sp)
   12640:	000cc303          	lbu	t1,0(s9)
   12644:	900794e3          	bnez	a5,11f4c <_vfprintf_r+0x13c>
   12648:	02000793          	li	a5,32
   1264c:	0af103a3          	sb	a5,167(sp)
   12650:	b8f5                	j	11f4c <_vfprintf_r+0x13c>
   12652:	000cc303          	lbu	t1,0(s9)
   12656:	0084e493          	ori	s1,s1,8
   1265a:	b8cd                	j	11f4c <_vfprintf_r+0x13c>
   1265c:	67e2                	ld	a5,24(sp)
   1265e:	0104e813          	ori	a6,s1,16
   12662:	00878713          	addi	a4,a5,8
   12666:	67e2                	ld	a5,24(sp)
   12668:	6394                	ld	a3,0(a5)
   1266a:	ec3a                	sd	a4,24(sp)
   1266c:	0a0103a3          	sb	zero,167(sp)
   12670:	bff87e13          	andi	t3,a6,-1025
   12674:	560acd63          	bltz	s5,12bee <_vfprintf_r+0xdde>
   12678:	b7f87e13          	andi	t3,a6,-1153
   1267c:	560a9963          	bnez	s5,12bee <_vfprintf_r+0xdde>
   12680:	56069763          	bnez	a3,12bee <_vfprintf_r+0xdde>
   12684:	00187813          	andi	a6,a6,1
   12688:	70080b63          	beqz	a6,12d9e <_vfprintf_r+0xf8e>
   1268c:	794e                	ld	s2,240(sp)
   1268e:	03000793          	li	a5,48
   12692:	14f10da3          	sb	a5,347(sp)
   12696:	f002                	sd	zero,32(sp)
   12698:	e082                	sd	zero,64(sp)
   1269a:	fc02                	sd	zero,56(sp)
   1269c:	084e7b13          	andi	s6,t3,132
   126a0:	88c2                	mv	a7,a6
   126a2:	4a81                	li	s5,0
   126a4:	4481                	li	s1,0
   126a6:	15b10793          	addi	a5,sp,347
   126aa:	85ca                	mv	a1,s2
   126ac:	900b1fe3          	bnez	s6,11fca <_vfprintf_r+0x1ba>
   126b0:	410d073b          	subw	a4,s10,a6
   126b4:	6ee04163          	bgtz	a4,12d96 <_vfprintf_r+0xf86>
   126b8:	0a714703          	lbu	a4,167(sp)
   126bc:	90071ae3          	bnez	a4,11fd0 <_vfprintf_r+0x1c0>
   126c0:	411a8abb          	subw	s5,s5,a7
   126c4:	975050e3          	blez	s5,12024 <_vfprintf_r+0x214>
   126c8:	66e9                	lui	a3,0x1a
   126ca:	562e                	lw	a2,232(sp)
   126cc:	41868693          	addi	a3,a3,1048 # 1a418 <zeroes.0>
   126d0:	07545463          	bge	s0,s5,12738 <_vfprintf_r+0x928>
   126d4:	85a6                	mv	a1,s1
   126d6:	ecbe                	sd	a5,88(sp)
   126d8:	84d6                	mv	s1,s5
   126da:	87de                	mv	a5,s7
   126dc:	874a                	mv	a4,s2
   126de:	4b1d                	li	s6,7
   126e0:	8c72                	mv	s8,t3
   126e2:	f0c2                	sd	a6,96(sp)
   126e4:	8946                	mv	s2,a7
   126e6:	8bd2                	mv	s7,s4
   126e8:	8aae                	mv	s5,a1
   126ea:	a021                	j	126f2 <_vfprintf_r+0x8e2>
   126ec:	34c1                	addiw	s1,s1,-16
   126ee:	02945b63          	bge	s0,s1,12724 <_vfprintf_r+0x914>
   126f2:	0741                	addi	a4,a4,16
   126f4:	2605                	addiw	a2,a2,1
   126f6:	0147b023          	sd	s4,0(a5)
   126fa:	e780                	sd	s0,8(a5)
   126fc:	f9ba                	sd	a4,240(sp)
   126fe:	d5b2                	sw	a2,232(sp)
   12700:	07c1                	addi	a5,a5,16
   12702:	fecb55e3          	bge	s6,a2,126ec <_vfprintf_r+0x8dc>
   12706:	65a2                	ld	a1,8(sp)
   12708:	6502                	ld	a0,0(sp)
   1270a:	1190                	addi	a2,sp,224
   1270c:	095010ef          	jal	13fa0 <__sprint_r>
   12710:	3c051d63          	bnez	a0,12aea <_vfprintf_r+0xcda>
   12714:	34c1                	addiw	s1,s1,-16
   12716:	774e                	ld	a4,240(sp)
   12718:	562e                	lw	a2,232(sp)
   1271a:	87ce                	mv	a5,s3
   1271c:	cc517057          	vsetivli	zero,2,e8,mf8,ta,ma
   12720:	fc9449e3          	blt	s0,s1,126f2 <_vfprintf_r+0x8e2>
   12724:	86de                	mv	a3,s7
   12726:	7806                	ld	a6,96(sp)
   12728:	8bbe                	mv	s7,a5
   1272a:	67e6                	ld	a5,88(sp)
   1272c:	85d6                	mv	a1,s5
   1272e:	88ca                	mv	a7,s2
   12730:	8aa6                	mv	s5,s1
   12732:	8e62                	mv	t3,s8
   12734:	893a                	mv	s2,a4
   12736:	84ae                	mv	s1,a1
   12738:	9956                	add	s2,s2,s5
   1273a:	2605                	addiw	a2,a2,1
   1273c:	00dbb023          	sd	a3,0(s7)
   12740:	015bb423          	sd	s5,8(s7)
   12744:	f9ca                	sd	s2,240(sp)
   12746:	d5b2                	sw	a2,232(sp)
   12748:	471d                	li	a4,7
   1274a:	0bc1                	addi	s7,s7,16
   1274c:	8cc75ce3          	bge	a4,a2,12024 <_vfprintf_r+0x214>
   12750:	65a2                	ld	a1,8(sp)
   12752:	6502                	ld	a0,0(sp)
   12754:	1190                	addi	a2,sp,224
   12756:	e946                	sd	a7,144(sp)
   12758:	e142                	sd	a6,128(sp)
   1275a:	f0f2                	sd	t3,96(sp)
   1275c:	ecbe                	sd	a5,88(sp)
   1275e:	043010ef          	jal	13fa0 <__sprint_r>
   12762:	38051463          	bnez	a0,12aea <_vfprintf_r+0xcda>
   12766:	7e06                	ld	t3,96(sp)
   12768:	794e                	ld	s2,240(sp)
   1276a:	68ca                	ld	a7,144(sp)
   1276c:	100e7713          	andi	a4,t3,256
   12770:	680a                	ld	a6,128(sp)
   12772:	67e6                	ld	a5,88(sp)
   12774:	8bce                	mv	s7,s3
   12776:	cc517057          	vsetivli	zero,2,e8,mf8,ta,ma
   1277a:	8a0709e3          	beqz	a4,1202c <_vfprintf_r+0x21c>
   1277e:	06500713          	li	a4,101
   12782:	2bb75363          	bge	a4,s11,12a28 <_vfprintf_r+0xc18>
   12786:	654e                	ld	a0,208(sp)
   12788:	65ee                	ld	a1,216(sp)
   1278a:	4601                	li	a2,0
   1278c:	4681                	li	a3,0
   1278e:	e142                	sd	a6,128(sp)
   12790:	f0f2                	sd	t3,96(sp)
   12792:	ecbe                	sd	a5,88(sp)
   12794:	466060ef          	jal	18bfa <__eqtf2>
   12798:	67e6                	ld	a5,88(sp)
   1279a:	7e06                	ld	t3,96(sp)
   1279c:	680a                	ld	a6,128(sp)
   1279e:	48051a63          	bnez	a0,12c32 <_vfprintf_r+0xe22>
   127a2:	57ae                	lw	a5,232(sp)
   127a4:	6769                	lui	a4,0x1a
   127a6:	f8870713          	addi	a4,a4,-120 # 19f88 <__clzdi2+0x162>
   127aa:	00ebb023          	sd	a4,0(s7)
   127ae:	0905                	addi	s2,s2,1
   127b0:	4705                	li	a4,1
   127b2:	2785                	addiw	a5,a5,1
   127b4:	00ebb423          	sd	a4,8(s7)
   127b8:	f9ca                	sd	s2,240(sp)
   127ba:	d5be                	sw	a5,232(sp)
   127bc:	471d                	li	a4,7
   127be:	0bc1                	addi	s7,s7,16
   127c0:	24f74ae3          	blt	a4,a5,13214 <_vfprintf_r+0x1404>
   127c4:	57ca                	lw	a5,176(sp)
   127c6:	7742                	ld	a4,48(sp)
   127c8:	62e7c963          	blt	a5,a4,12dfa <_vfprintf_r+0xfea>
   127cc:	001e7793          	andi	a5,t3,1
   127d0:	cc517057          	vsetivli	zero,2,e8,mf8,ta,ma
   127d4:	860789e3          	beqz	a5,12046 <_vfprintf_r+0x236>
   127d8:	6726                	ld	a4,72(sp)
   127da:	57ae                	lw	a5,232(sp)
   127dc:	66c6                	ld	a3,80(sp)
   127de:	993a                	add	s2,s2,a4
   127e0:	2785                	addiw	a5,a5,1
   127e2:	00ebb423          	sd	a4,8(s7)
   127e6:	00dbb023          	sd	a3,0(s7)
   127ea:	f9ca                	sd	s2,240(sp)
   127ec:	d5be                	sw	a5,232(sp)
   127ee:	471d                	li	a4,7
   127f0:	0bc1                	addi	s7,s7,16
   127f2:	24f742e3          	blt	a4,a5,13236 <_vfprintf_r+0x1426>
   127f6:	77c2                	ld	a5,48(sp)
   127f8:	fff78a9b          	addiw	s5,a5,-1
   127fc:	855055e3          	blez	s5,12046 <_vfprintf_r+0x236>
   12800:	4b41                	li	s6,16
   12802:	57ae                	lw	a5,232(sp)
   12804:	66e9                	lui	a3,0x1a
   12806:	015b4463          	blt	s6,s5,1280e <_vfprintf_r+0x9fe>
   1280a:	1960106f          	j	139a0 <_vfprintf_r+0x1b90>
   1280e:	84d6                	mv	s1,s5
   12810:	874a                	mv	a4,s2
   12812:	4d9d                	li	s11,7
   12814:	8ac2                	mv	s5,a6
   12816:	8972                	mv	s2,t3
   12818:	41868c13          	addi	s8,a3,1048 # 1a418 <zeroes.0>
   1281c:	a021                	j	12824 <_vfprintf_r+0xa14>
   1281e:	34c1                	addiw	s1,s1,-16
   12820:	ae9b50e3          	bge	s6,s1,12300 <_vfprintf_r+0x4f0>
   12824:	0741                	addi	a4,a4,16
   12826:	2785                	addiw	a5,a5,1
   12828:	018bb023          	sd	s8,0(s7)
   1282c:	016bb423          	sd	s6,8(s7)
   12830:	f9ba                	sd	a4,240(sp)
   12832:	d5be                	sw	a5,232(sp)
   12834:	0bc1                	addi	s7,s7,16
   12836:	fefdd4e3          	bge	s11,a5,1281e <_vfprintf_r+0xa0e>
   1283a:	65a2                	ld	a1,8(sp)
   1283c:	6502                	ld	a0,0(sp)
   1283e:	1190                	addi	a2,sp,224
   12840:	760010ef          	jal	13fa0 <__sprint_r>
   12844:	2a051363          	bnez	a0,12aea <_vfprintf_r+0xcda>
   12848:	774e                	ld	a4,240(sp)
   1284a:	57ae                	lw	a5,232(sp)
   1284c:	8bce                	mv	s7,s3
   1284e:	cc517057          	vsetivli	zero,2,e8,mf8,ta,ma
   12852:	b7f1                	j	1281e <_vfprintf_r+0xa0e>
   12854:	000cc303          	lbu	t1,0(s9)
   12858:	06800793          	li	a5,104
   1285c:	76f30563          	beq	t1,a5,12fc6 <_vfprintf_r+0x11b6>
   12860:	0404e493          	ori	s1,s1,64
   12864:	ee8ff06f          	j	11f4c <_vfprintf_r+0x13c>
   12868:	000cc303          	lbu	t1,0(s9)
   1286c:	0204e493          	ori	s1,s1,32
   12870:	edcff06f          	j	11f4c <_vfprintf_r+0x13c>
   12874:	5208a0d7          	vid.v	v1
   12878:	04800793          	li	a5,72
   1287c:	9617e0d7          	vmul.vx	v1,v1,a5
   12880:	03000713          	li	a4,48
   12884:	113c                	addi	a5,sp,168
   12886:	0a0103a3          	sb	zero,167(sp)
   1288a:	021740d7          	vadd.vx	v1,v1,a4
   1288e:	6762                	ld	a4,24(sp)
   12890:	020780a7          	vse8.v	v1,(a5)
   12894:	00870593          	addi	a1,a4,8
   12898:	6318                	ld	a4,0(a4)
   1289a:	620acc63          	bltz	s5,12ed2 <_vfprintf_r+0x10c2>
   1289e:	f7f4ff13          	andi	t5,s1,-129
   128a2:	002f6e13          	ori	t3,t5,2
   128a6:	1e0a94e3          	bnez	s5,1328e <_vfprintf_r+0x147e>
   128aa:	1e0712e3          	bnez	a4,1328e <_vfprintf_r+0x147e>
   128ae:	ec2e                	sd	a1,24(sp)
   128b0:	4489                	li	s1,2
   128b2:	07800d93          	li	s11,120
   128b6:	0a714503          	lbu	a0,167(sp)
   128ba:	4a81                	li	s5,0
   128bc:	4801                	li	a6,0
   128be:	4881                	li	a7,0
   128c0:	0afc                	addi	a5,sp,348
   128c2:	f002                	sd	zero,32(sp)
   128c4:	b6c9                	j	12486 <_vfprintf_r+0x676>
   128c6:	6762                	ld	a4,24(sp)
   128c8:	0204f793          	andi	a5,s1,32
   128cc:	8e26                	mv	t3,s1
   128ce:	0721                	addi	a4,a4,8
   128d0:	54079d63          	bnez	a5,12e2a <_vfprintf_r+0x101a>
   128d4:	0104f793          	andi	a5,s1,16
   128d8:	54079963          	bnez	a5,12e2a <_vfprintf_r+0x101a>
   128dc:	66e2                	ld	a3,24(sp)
   128de:	0404f793          	andi	a5,s1,64
   128e2:	4294                	lw	a3,0(a3)
   128e4:	20078de3          	beqz	a5,132fe <_vfprintf_r+0x14ee>
   128e8:	16c2                	slli	a3,a3,0x30
   128ea:	92c1                	srli	a3,a3,0x30
   128ec:	ec3a                	sd	a4,24(sp)
   128ee:	8826                	mv	a6,s1
   128f0:	bbb5                	j	1266c <_vfprintf_r+0x85c>
   128f2:	66e2                	ld	a3,24(sp)
   128f4:	0204f793          	andi	a5,s1,32
   128f8:	6298                	ld	a4,0(a3)
   128fa:	06a1                	addi	a3,a3,8
   128fc:	ec36                	sd	a3,24(sp)
   128fe:	52079263          	bnez	a5,12e22 <_vfprintf_r+0x1012>
   12902:	0104f793          	andi	a5,s1,16
   12906:	50079e63          	bnez	a5,12e22 <_vfprintf_r+0x1012>
   1290a:	0404f793          	andi	a5,s1,64
   1290e:	580795e3          	bnez	a5,13698 <_vfprintf_r+0x1888>
   12912:	2004ff13          	andi	t5,s1,512
   12916:	67c2                	ld	a5,16(sp)
   12918:	000f1463          	bnez	t5,12920 <_vfprintf_r+0xb10>
   1291c:	2fa0106f          	j	13c16 <_vfprintf_r+0x1e06>
   12920:	00f70023          	sb	a5,0(a4)
   12924:	db6ff06f          	j	11eda <_vfprintf_r+0xca>
   12928:	000cc303          	lbu	t1,0(s9)
   1292c:	06c00793          	li	a5,108
   12930:	6af30263          	beq	t1,a5,12fd4 <_vfprintf_r+0x11c4>
   12934:	0104e493          	ori	s1,s1,16
   12938:	e14ff06f          	j	11f4c <_vfprintf_r+0x13c>
   1293c:	410d0b3b          	subw	s6,s10,a6
   12940:	ed605e63          	blez	s6,1201c <_vfprintf_r+0x20c>
   12944:	42c1                	li	t0,16
   12946:	562e                	lw	a2,232(sp)
   12948:	66e9                	lui	a3,0x1a
   1294a:	0162c463          	blt	t0,s6,12952 <_vfprintf_r+0xb42>
   1294e:	2c00106f          	j	13c0e <_vfprintf_r+0x1dfe>
   12952:	8c3e                	mv	s8,a5
   12954:	874a                	mv	a4,s2
   12956:	87de                	mv	a5,s7
   12958:	439d                	li	t2,7
   1295a:	8ba6                	mv	s7,s1
   1295c:	ecf2                	sd	t3,88(sp)
   1295e:	84da                	mv	s1,s6
   12960:	f0c2                	sd	a6,96(sp)
   12962:	8b46                	mv	s6,a7
   12964:	41868913          	addi	s2,a3,1048 # 1a418 <zeroes.0>
   12968:	a021                	j	12970 <_vfprintf_r+0xb60>
   1296a:	34c1                	addiw	s1,s1,-16
   1296c:	0292de63          	bge	t0,s1,129a8 <_vfprintf_r+0xb98>
   12970:	0741                	addi	a4,a4,16
   12972:	2605                	addiw	a2,a2,1
   12974:	0127b023          	sd	s2,0(a5)
   12978:	0057b423          	sd	t0,8(a5)
   1297c:	f9ba                	sd	a4,240(sp)
   1297e:	d5b2                	sw	a2,232(sp)
   12980:	07c1                	addi	a5,a5,16
   12982:	fec3d4e3          	bge	t2,a2,1296a <_vfprintf_r+0xb5a>
   12986:	65a2                	ld	a1,8(sp)
   12988:	6502                	ld	a0,0(sp)
   1298a:	1190                	addi	a2,sp,224
   1298c:	614010ef          	jal	13fa0 <__sprint_r>
   12990:	14051d63          	bnez	a0,12aea <_vfprintf_r+0xcda>
   12994:	42c1                	li	t0,16
   12996:	34c1                	addiw	s1,s1,-16
   12998:	774e                	ld	a4,240(sp)
   1299a:	562e                	lw	a2,232(sp)
   1299c:	87ce                	mv	a5,s3
   1299e:	439d                	li	t2,7
   129a0:	cc517057          	vsetivli	zero,2,e8,mf8,ta,ma
   129a4:	fc92c6e3          	blt	t0,s1,12970 <_vfprintf_r+0xb60>
   129a8:	6e66                	ld	t3,88(sp)
   129aa:	7806                	ld	a6,96(sp)
   129ac:	88da                	mv	a7,s6
   129ae:	86ca                	mv	a3,s2
   129b0:	8b26                	mv	s6,s1
   129b2:	893a                	mv	s2,a4
   129b4:	84de                	mv	s1,s7
   129b6:	8bbe                	mv	s7,a5
   129b8:	87e2                	mv	a5,s8
   129ba:	995a                	add	s2,s2,s6
   129bc:	2605                	addiw	a2,a2,1
   129be:	00dbb023          	sd	a3,0(s7)
   129c2:	016bb423          	sd	s6,8(s7)
   129c6:	f9ca                	sd	s2,240(sp)
   129c8:	d5b2                	sw	a2,232(sp)
   129ca:	471d                	li	a4,7
   129cc:	0bc1                	addi	s7,s7,16
   129ce:	e4c75763          	bge	a4,a2,1201c <_vfprintf_r+0x20c>
   129d2:	65a2                	ld	a1,8(sp)
   129d4:	6502                	ld	a0,0(sp)
   129d6:	1190                	addi	a2,sp,224
   129d8:	e946                	sd	a7,144(sp)
   129da:	e142                	sd	a6,128(sp)
   129dc:	f0f2                	sd	t3,96(sp)
   129de:	ecbe                	sd	a5,88(sp)
   129e0:	5c0010ef          	jal	13fa0 <__sprint_r>
   129e4:	10051363          	bnez	a0,12aea <_vfprintf_r+0xcda>
   129e8:	794e                	ld	s2,240(sp)
   129ea:	67e6                	ld	a5,88(sp)
   129ec:	7e06                	ld	t3,96(sp)
   129ee:	680a                	ld	a6,128(sp)
   129f0:	68ca                	ld	a7,144(sp)
   129f2:	8bce                	mv	s7,s3
   129f4:	cc517057          	vsetivli	zero,2,e8,mf8,ta,ma
   129f8:	e24ff06f          	j	1201c <_vfprintf_r+0x20c>
   129fc:	65a2                	ld	a1,8(sp)
   129fe:	6502                	ld	a0,0(sp)
   12a00:	1190                	addi	a2,sp,224
   12a02:	59e010ef          	jal	13fa0 <__sprint_r>
   12a06:	e175                	bnez	a0,12aea <_vfprintf_r+0xcda>
   12a08:	cc517057          	vsetivli	zero,2,e8,mf8,ta,ma
   12a0c:	e5cff06f          	j	12068 <_vfprintf_r+0x258>
   12a10:	410d073b          	subw	a4,s10,a6
   12a14:	e082                	sd	zero,64(sp)
   12a16:	fc02                	sd	zero,56(sp)
   12a18:	2ee04063          	bgtz	a4,12cf8 <_vfprintf_r+0xee8>
   12a1c:	4481                	li	s1,0
   12a1e:	dc050d63          	beqz	a0,11ff8 <_vfprintf_r+0x1e8>
   12a22:	4389                	li	t2,2
   12a24:	db0ff06f          	j	11fd4 <_vfprintf_r+0x1c4>
   12a28:	5aae                	lw	s5,232(sp)
   12a2a:	7642                	ld	a2,48(sp)
   12a2c:	4685                	li	a3,1
   12a2e:	2a85                	addiw	s5,s5,1
   12a30:	9936                	add	s2,s2,a3
   12a32:	8756                	mv	a4,s5
   12a34:	010b8b13          	addi	s6,s7,16
   12a38:	36c6dc63          	bge	a3,a2,12db0 <_vfprintf_r+0xfa0>
   12a3c:	4685                	li	a3,1
   12a3e:	00dbb423          	sd	a3,8(s7)
   12a42:	00fbb023          	sd	a5,0(s7)
   12a46:	f9ca                	sd	s2,240(sp)
   12a48:	d5ba                	sw	a4,232(sp)
   12a4a:	469d                	li	a3,7
   12a4c:	6ae6c663          	blt	a3,a4,130f8 <_vfprintf_r+0x12e8>
   12a50:	6726                	ld	a4,72(sp)
   12a52:	66c6                	ld	a3,80(sp)
   12a54:	2a85                	addiw	s5,s5,1
   12a56:	993a                	add	s2,s2,a4
   12a58:	00eb3423          	sd	a4,8(s6)
   12a5c:	00db3023          	sd	a3,0(s6)
   12a60:	f9ca                	sd	s2,240(sp)
   12a62:	d5d6                	sw	s5,232(sp)
   12a64:	471d                	li	a4,7
   12a66:	0b41                	addi	s6,s6,16
   12a68:	67574763          	blt	a4,s5,130d6 <_vfprintf_r+0x12c6>
   12a6c:	ecbe                	sd	a5,88(sp)
   12a6e:	654e                	ld	a0,208(sp)
   12a70:	77c2                	ld	a5,48(sp)
   12a72:	65ee                	ld	a1,216(sp)
   12a74:	4601                	li	a2,0
   12a76:	4681                	li	a3,0
   12a78:	e0c2                	sd	a6,64(sp)
   12a7a:	fc72                	sd	t3,56(sp)
   12a7c:	fff78b9b          	addiw	s7,a5,-1
   12a80:	17a060ef          	jal	18bfa <__eqtf2>
   12a84:	7e62                	ld	t3,56(sp)
   12a86:	6806                	ld	a6,64(sp)
   12a88:	36050263          	beqz	a0,12dec <_vfprintf_r+0xfdc>
   12a8c:	67e6                	ld	a5,88(sp)
   12a8e:	2a85                	addiw	s5,s5,1
   12a90:	995e                	add	s2,s2,s7
   12a92:	0785                	addi	a5,a5,1
   12a94:	d5d6                	sw	s5,232(sp)
   12a96:	f9ca                	sd	s2,240(sp)
   12a98:	00fb3023          	sd	a5,0(s6)
   12a9c:	017b3423          	sd	s7,8(s6)
   12aa0:	479d                	li	a5,7
   12aa2:	4f57cd63          	blt	a5,s5,12f9c <_vfprintf_r+0x118c>
   12aa6:	cc517057          	vsetivli	zero,2,e8,mf8,ta,ma
   12aaa:	0b41                	addi	s6,s6,16
   12aac:	7726                	ld	a4,104(sp)
   12aae:	193c                	addi	a5,sp,184
   12ab0:	2a85                	addiw	s5,s5,1
   12ab2:	993a                	add	s2,s2,a4
   12ab4:	00fb3023          	sd	a5,0(s6)
   12ab8:	f9ca                	sd	s2,240(sp)
   12aba:	d5d6                	sw	s5,232(sp)
   12abc:	00eb3423          	sd	a4,8(s6)
   12ac0:	479d                	li	a5,7
   12ac2:	010b0b93          	addi	s7,s6,16
   12ac6:	d957d063          	bge	a5,s5,12046 <_vfprintf_r+0x236>
   12aca:	65a2                	ld	a1,8(sp)
   12acc:	6502                	ld	a0,0(sp)
   12ace:	1190                	addi	a2,sp,224
   12ad0:	e0c2                	sd	a6,64(sp)
   12ad2:	fc72                	sd	t3,56(sp)
   12ad4:	4cc010ef          	jal	13fa0 <__sprint_r>
   12ad8:	e909                	bnez	a0,12aea <_vfprintf_r+0xcda>
   12ada:	794e                	ld	s2,240(sp)
   12adc:	6806                	ld	a6,64(sp)
   12ade:	7e62                	ld	t3,56(sp)
   12ae0:	8bce                	mv	s7,s3
   12ae2:	cc517057          	vsetivli	zero,2,e8,mf8,ta,ma
   12ae6:	d60ff06f          	j	12046 <_vfprintf_r+0x236>
   12aea:	64a2                	ld	s1,8(sp)
   12aec:	7582                	ld	a1,32(sp)
   12aee:	c581                	beqz	a1,12af6 <_vfprintf_r+0xce6>
   12af0:	6502                	ld	a0,0(sp)
   12af2:	8e2ff0ef          	jal	11bd4 <_free_r>
   12af6:	0104d783          	lhu	a5,16(s1)
   12afa:	23013903          	ld	s2,560(sp)
   12afe:	22813983          	ld	s3,552(sp)
   12b02:	0407f793          	andi	a5,a5,64
   12b06:	22013a03          	ld	s4,544(sp)
   12b0a:	21813a83          	ld	s5,536(sp)
   12b0e:	20813b83          	ld	s7,520(sp)
   12b12:	20013c03          	ld	s8,512(sp)
   12b16:	7cfe                	ld	s9,504(sp)
   12b18:	7d5e                	ld	s10,496(sp)
   12b1a:	7dbe                	ld	s11,488(sp)
   12b1c:	da079e63          	bnez	a5,120d8 <_vfprintf_r+0x2c8>
   12b20:	24813083          	ld	ra,584(sp)
   12b24:	24013403          	ld	s0,576(sp)
   12b28:	6542                	ld	a0,16(sp)
   12b2a:	23813483          	ld	s1,568(sp)
   12b2e:	21013b03          	ld	s6,528(sp)
   12b32:	25010113          	addi	sp,sp,592
   12b36:	8082                	ret
   12b38:	65a2                	ld	a1,8(sp)
   12b3a:	6502                	ld	a0,0(sp)
   12b3c:	1190                	addi	a2,sp,224
   12b3e:	e946                	sd	a7,144(sp)
   12b40:	e142                	sd	a6,128(sp)
   12b42:	f0f2                	sd	t3,96(sp)
   12b44:	ecbe                	sd	a5,88(sp)
   12b46:	45a010ef          	jal	13fa0 <__sprint_r>
   12b4a:	f145                	bnez	a0,12aea <_vfprintf_r+0xcda>
   12b4c:	794e                	ld	s2,240(sp)
   12b4e:	68ca                	ld	a7,144(sp)
   12b50:	680a                	ld	a6,128(sp)
   12b52:	7e06                	ld	t3,96(sp)
   12b54:	67e6                	ld	a5,88(sp)
   12b56:	8bce                	mv	s7,s3
   12b58:	cc517057          	vsetivli	zero,2,e8,mf8,ta,ma
   12b5c:	cb8ff06f          	j	12014 <_vfprintf_r+0x204>
   12b60:	4b41                	li	s6,16
   12b62:	57ae                	lw	a5,232(sp)
   12b64:	66e9                	lui	a3,0x1a
   12b66:	015b4463          	blt	s6,s5,12b6e <_vfprintf_r+0xd5e>
   12b6a:	0560106f          	j	13bc0 <_vfprintf_r+0x1db0>
   12b6e:	874a                	mv	a4,s2
   12b70:	6c22                	ld	s8,8(sp)
   12b72:	4d9d                	li	s11,7
   12b74:	8942                	mv	s2,a6
   12b76:	42868493          	addi	s1,a3,1064 # 1a428 <blanks.1>
   12b7a:	a021                	j	12b82 <_vfprintf_r+0xd72>
   12b7c:	3ac1                	addiw	s5,s5,-16
   12b7e:	035b5c63          	bge	s6,s5,12bb6 <_vfprintf_r+0xda6>
   12b82:	0741                	addi	a4,a4,16
   12b84:	2785                	addiw	a5,a5,1
   12b86:	009bb023          	sd	s1,0(s7)
   12b8a:	016bb423          	sd	s6,8(s7)
   12b8e:	f9ba                	sd	a4,240(sp)
   12b90:	d5be                	sw	a5,232(sp)
   12b92:	0bc1                	addi	s7,s7,16
   12b94:	fefdd4e3          	bge	s11,a5,12b7c <_vfprintf_r+0xd6c>
   12b98:	6502                	ld	a0,0(sp)
   12b9a:	1190                	addi	a2,sp,224
   12b9c:	85e2                	mv	a1,s8
   12b9e:	402010ef          	jal	13fa0 <__sprint_r>
   12ba2:	68051863          	bnez	a0,13232 <_vfprintf_r+0x1422>
   12ba6:	3ac1                	addiw	s5,s5,-16
   12ba8:	774e                	ld	a4,240(sp)
   12baa:	57ae                	lw	a5,232(sp)
   12bac:	8bce                	mv	s7,s3
   12bae:	cc517057          	vsetivli	zero,2,e8,mf8,ta,ma
   12bb2:	fd5b48e3          	blt	s6,s5,12b82 <_vfprintf_r+0xd72>
   12bb6:	884a                	mv	a6,s2
   12bb8:	86a6                	mv	a3,s1
   12bba:	893a                	mv	s2,a4
   12bbc:	9956                	add	s2,s2,s5
   12bbe:	2785                	addiw	a5,a5,1
   12bc0:	f9ca                	sd	s2,240(sp)
   12bc2:	d5be                	sw	a5,232(sp)
   12bc4:	00dbb023          	sd	a3,0(s7)
   12bc8:	015bb423          	sd	s5,8(s7)
   12bcc:	471d                	li	a4,7
   12bce:	c8f75463          	bge	a4,a5,12056 <_vfprintf_r+0x246>
   12bd2:	65a2                	ld	a1,8(sp)
   12bd4:	6502                	ld	a0,0(sp)
   12bd6:	1190                	addi	a2,sp,224
   12bd8:	fc42                	sd	a6,56(sp)
   12bda:	3c6010ef          	jal	13fa0 <__sprint_r>
   12bde:	f00516e3          	bnez	a0,12aea <_vfprintf_r+0xcda>
   12be2:	794e                	ld	s2,240(sp)
   12be4:	7862                	ld	a6,56(sp)
   12be6:	cc517057          	vsetivli	zero,2,e8,mf8,ta,ma
   12bea:	c6cff06f          	j	12056 <_vfprintf_r+0x246>
   12bee:	15c10893          	addi	a7,sp,348
   12bf2:	87c6                	mv	a5,a7
   12bf4:	0076f713          	andi	a4,a3,7
   12bf8:	863e                	mv	a2,a5
   12bfa:	03070713          	addi	a4,a4,48
   12bfe:	828d                	srli	a3,a3,0x3
   12c00:	fee78fa3          	sb	a4,-1(a5)
   12c04:	17fd                	addi	a5,a5,-1
   12c06:	f6fd                	bnez	a3,12bf4 <_vfprintf_r+0xde4>
   12c08:	fd070713          	addi	a4,a4,-48
   12c0c:	03000693          	li	a3,48
   12c10:	c709                	beqz	a4,12c1a <_vfprintf_r+0xe0a>
   12c12:	001e7713          	andi	a4,t3,1
   12c16:	26071563          	bnez	a4,12e80 <_vfprintf_r+0x1070>
   12c1a:	40f888bb          	subw	a7,a7,a5
   12c1e:	000a881b          	sext.w	a6,s5
   12c22:	1f1ac863          	blt	s5,a7,12e12 <_vfprintf_r+0x1002>
   12c26:	f002                	sd	zero,32(sp)
   12c28:	e082                	sd	zero,64(sp)
   12c2a:	fc02                	sd	zero,56(sp)
   12c2c:	4481                	li	s1,0
   12c2e:	b90ff06f          	j	11fbe <_vfprintf_r+0x1ae>
   12c32:	564a                	lw	a2,176(sp)
   12c34:	52c05763          	blez	a2,13162 <_vfprintf_r+0x1352>
   12c38:	76c2                	ld	a3,48(sp)
   12c3a:	8726                	mv	a4,s1
   12c3c:	2c96cd63          	blt	a3,s1,12f16 <_vfprintf_r+0x1106>
   12c40:	00070d9b          	sext.w	s11,a4
   12c44:	01b05f63          	blez	s11,12c62 <_vfprintf_r+0xe52>
   12c48:	572e                	lw	a4,232(sp)
   12c4a:	996e                	add	s2,s2,s11
   12c4c:	00fbb023          	sd	a5,0(s7)
   12c50:	2705                	addiw	a4,a4,1
   12c52:	01bbb423          	sd	s11,8(s7)
   12c56:	f9ca                	sd	s2,240(sp)
   12c58:	d5ba                	sw	a4,232(sp)
   12c5a:	469d                	li	a3,7
   12c5c:	0bc1                	addi	s7,s7,16
   12c5e:	16e6cce3          	blt	a3,a4,135d6 <_vfprintf_r+0x17c6>
   12c62:	8aee                	mv	s5,s11
   12c64:	3a0dce63          	bltz	s11,13020 <_vfprintf_r+0x1210>
   12c68:	41548abb          	subw	s5,s1,s5
   12c6c:	3f504263          	bgtz	s5,13050 <_vfprintf_r+0x1240>
   12c70:	400e7713          	andi	a4,t3,1024
   12c74:	00978db3          	add	s11,a5,s1
   12c78:	7a071463          	bnez	a4,13420 <_vfprintf_r+0x1610>
   12c7c:	5aca                	lw	s5,176(sp)
   12c7e:	76c2                	ld	a3,48(sp)
   12c80:	00dac663          	blt	s5,a3,12c8c <_vfprintf_r+0xe7c>
   12c84:	001e7713          	andi	a4,t3,1
   12c88:	1a070de3          	beqz	a4,13642 <_vfprintf_r+0x1832>
   12c8c:	66a6                	ld	a3,72(sp)
   12c8e:	572e                	lw	a4,232(sp)
   12c90:	6646                	ld	a2,80(sp)
   12c92:	9936                	add	s2,s2,a3
   12c94:	2705                	addiw	a4,a4,1
   12c96:	00dbb423          	sd	a3,8(s7)
   12c9a:	00cbb023          	sd	a2,0(s7)
   12c9e:	f9ca                	sd	s2,240(sp)
   12ca0:	d5ba                	sw	a4,232(sp)
   12ca2:	469d                	li	a3,7
   12ca4:	0bc1                	addi	s7,s7,16
   12ca6:	56e6c3e3          	blt	a3,a4,13a0c <_vfprintf_r+0x1bfc>
   12caa:	7742                	ld	a4,48(sp)
   12cac:	97ba                	add	a5,a5,a4
   12cae:	41b78b33          	sub	s6,a5,s11
   12cb2:	41570abb          	subw	s5,a4,s5
   12cb6:	000b079b          	sext.w	a5,s6
   12cba:	00fad363          	bge	s5,a5,12cc0 <_vfprintf_r+0xeb0>
   12cbe:	8b56                	mv	s6,s5
   12cc0:	2b01                	sext.w	s6,s6
   12cc2:	01605f63          	blez	s6,12ce0 <_vfprintf_r+0xed0>
   12cc6:	57ae                	lw	a5,232(sp)
   12cc8:	995a                	add	s2,s2,s6
   12cca:	01bbb023          	sd	s11,0(s7)
   12cce:	2785                	addiw	a5,a5,1
   12cd0:	016bb423          	sd	s6,8(s7)
   12cd4:	f9ca                	sd	s2,240(sp)
   12cd6:	d5be                	sw	a5,232(sp)
   12cd8:	471d                	li	a4,7
   12cda:	0bc1                	addi	s7,s7,16
   12cdc:	64f74fe3          	blt	a4,a5,13b3a <_vfprintf_r+0x1d2a>
   12ce0:	87da                	mv	a5,s6
   12ce2:	000b5363          	bgez	s6,12ce8 <_vfprintf_r+0xed8>
   12ce6:	4781                	li	a5,0
   12ce8:	40fa8abb          	subw	s5,s5,a5
   12cec:	6d504e63          	bgtz	s5,133c8 <_vfprintf_r+0x15b8>
   12cf0:	cc517057          	vsetivli	zero,2,e8,mf8,ta,ma
   12cf4:	b52ff06f          	j	12046 <_vfprintf_r+0x236>
   12cf8:	4389                	li	t2,2
   12cfa:	4941                	li	s2,16
   12cfc:	8636                	mv	a2,a3
   12cfe:	66e9                	lui	a3,0x1a
   12d00:	62e953e3          	bge	s2,a4,13b26 <_vfprintf_r+0x1d16>
   12d04:	f0be                	sd	a5,96(sp)
   12d06:	e956                	sd	s5,144(sp)
   12d08:	87de                	mv	a5,s7
   12d0a:	4f9d                	li	t6,7
   12d0c:	84ba                	mv	s1,a4
   12d0e:	ec9e                	sd	t2,88(sp)
   12d10:	e172                	sd	t3,128(sp)
   12d12:	8c42                	mv	s8,a6
   12d14:	8bc6                	mv	s7,a7
   12d16:	42868a93          	addi	s5,a3,1064 # 1a428 <blanks.1>
   12d1a:	a021                	j	12d22 <_vfprintf_r+0xf12>
   12d1c:	34c1                	addiw	s1,s1,-16
   12d1e:	02995d63          	bge	s2,s1,12d58 <_vfprintf_r+0xf48>
   12d22:	05c1                	addi	a1,a1,16
   12d24:	2605                	addiw	a2,a2,1
   12d26:	0157b023          	sd	s5,0(a5)
   12d2a:	0127b423          	sd	s2,8(a5)
   12d2e:	f9ae                	sd	a1,240(sp)
   12d30:	d5b2                	sw	a2,232(sp)
   12d32:	07c1                	addi	a5,a5,16
   12d34:	fecfd4e3          	bge	t6,a2,12d1c <_vfprintf_r+0xf0c>
   12d38:	65a2                	ld	a1,8(sp)
   12d3a:	6502                	ld	a0,0(sp)
   12d3c:	1190                	addi	a2,sp,224
   12d3e:	262010ef          	jal	13fa0 <__sprint_r>
   12d42:	da0514e3          	bnez	a0,12aea <_vfprintf_r+0xcda>
   12d46:	34c1                	addiw	s1,s1,-16
   12d48:	75ce                	ld	a1,240(sp)
   12d4a:	562e                	lw	a2,232(sp)
   12d4c:	87ce                	mv	a5,s3
   12d4e:	4f9d                	li	t6,7
   12d50:	cc517057          	vsetivli	zero,2,e8,mf8,ta,ma
   12d54:	fc9947e3          	blt	s2,s1,12d22 <_vfprintf_r+0xf12>
   12d58:	88de                	mv	a7,s7
   12d5a:	86d6                	mv	a3,s5
   12d5c:	8bbe                	mv	s7,a5
   12d5e:	63e6                	ld	t2,88(sp)
   12d60:	6e0a                	ld	t3,128(sp)
   12d62:	7786                	ld	a5,96(sp)
   12d64:	6aca                	ld	s5,144(sp)
   12d66:	8726                	mv	a4,s1
   12d68:	8862                	mv	a6,s8
   12d6a:	00b70933          	add	s2,a4,a1
   12d6e:	2605                	addiw	a2,a2,1
   12d70:	00ebb423          	sd	a4,8(s7)
   12d74:	f9ca                	sd	s2,240(sp)
   12d76:	d5b2                	sw	a2,232(sp)
   12d78:	00dbb023          	sd	a3,0(s7)
   12d7c:	471d                	li	a4,7
   12d7e:	3ac74463          	blt	a4,a2,13126 <_vfprintf_r+0x1316>
   12d82:	0a714703          	lbu	a4,167(sp)
   12d86:	0bc1                	addi	s7,s7,16
   12d88:	84da                	mv	s1,s6
   12d8a:	e349                	bnez	a4,12e0c <_vfprintf_r+0xffc>
   12d8c:	a8038863          	beqz	t2,1201c <_vfprintf_r+0x20c>
   12d90:	4b01                	li	s6,0
   12d92:	a66ff06f          	j	11ff8 <_vfprintf_r+0x1e8>
   12d96:	56ae                	lw	a3,232(sp)
   12d98:	8b26                	mv	s6,s1
   12d9a:	4381                	li	t2,0
   12d9c:	bfb9                	j	12cfa <_vfprintf_r+0xeea>
   12d9e:	4881                	li	a7,0
   12da0:	4a81                	li	s5,0
   12da2:	e082                	sd	zero,64(sp)
   12da4:	fc02                	sd	zero,56(sp)
   12da6:	4481                	li	s1,0
   12da8:	f002                	sd	zero,32(sp)
   12daa:	0afc                	addi	a5,sp,348
   12dac:	a12ff06f          	j	11fbe <_vfprintf_r+0x1ae>
   12db0:	00de7633          	and	a2,t3,a3
   12db4:	c80614e3          	bnez	a2,12a3c <_vfprintf_r+0xc2c>
   12db8:	00fbb023          	sd	a5,0(s7)
   12dbc:	00dbb423          	sd	a3,8(s7)
   12dc0:	f9ca                	sd	s2,240(sp)
   12dc2:	d5d6                	sw	s5,232(sp)
   12dc4:	479d                	li	a5,7
   12dc6:	cf57d3e3          	bge	a5,s5,12aac <_vfprintf_r+0xc9c>
   12dca:	65a2                	ld	a1,8(sp)
   12dcc:	6502                	ld	a0,0(sp)
   12dce:	1190                	addi	a2,sp,224
   12dd0:	e0c2                	sd	a6,64(sp)
   12dd2:	fc72                	sd	t3,56(sp)
   12dd4:	1cc010ef          	jal	13fa0 <__sprint_r>
   12dd8:	d00519e3          	bnez	a0,12aea <_vfprintf_r+0xcda>
   12ddc:	794e                	ld	s2,240(sp)
   12dde:	5aae                	lw	s5,232(sp)
   12de0:	6806                	ld	a6,64(sp)
   12de2:	7e62                	ld	t3,56(sp)
   12de4:	8b4e                	mv	s6,s3
   12de6:	cc517057          	vsetivli	zero,2,e8,mf8,ta,ma
   12dea:	b1c9                	j	12aac <_vfprintf_r+0xc9c>
   12dec:	7742                	ld	a4,48(sp)
   12dee:	4785                	li	a5,1
   12df0:	12e7c963          	blt	a5,a4,12f22 <_vfprintf_r+0x1112>
   12df4:	cc517057          	vsetivli	zero,2,e8,mf8,ta,ma
   12df8:	b955                	j	12aac <_vfprintf_r+0xc9c>
   12dfa:	cc517057          	vsetivli	zero,2,e8,mf8,ta,ma
   12dfe:	bae9                	j	127d8 <_vfprintf_r+0x9c8>
   12e00:	07a1                	addi	a5,a5,8
   12e02:	000cc303          	lbu	t1,0(s9)
   12e06:	ec3e                	sd	a5,24(sp)
   12e08:	944ff06f          	j	11f4c <_vfprintf_r+0x13c>
   12e0c:	4b01                	li	s6,0
   12e0e:	9c6ff06f          	j	11fd4 <_vfprintf_r+0x1c4>
   12e12:	0008881b          	sext.w	a6,a7
   12e16:	f002                	sd	zero,32(sp)
   12e18:	e082                	sd	zero,64(sp)
   12e1a:	fc02                	sd	zero,56(sp)
   12e1c:	4481                	li	s1,0
   12e1e:	9a0ff06f          	j	11fbe <_vfprintf_r+0x1ae>
   12e22:	67c2                	ld	a5,16(sp)
   12e24:	e31c                	sd	a5,0(a4)
   12e26:	8b4ff06f          	j	11eda <_vfprintf_r+0xca>
   12e2a:	8872                	mv	a6,t3
   12e2c:	83bff06f          	j	12666 <_vfprintf_r+0x856>
   12e30:	0104f793          	andi	a5,s1,16
   12e34:	520797e3          	bnez	a5,13b62 <_vfprintf_r+0x1d52>
   12e38:	66e2                	ld	a3,24(sp)
   12e3a:	0404f793          	andi	a5,s1,64
   12e3e:	0006a903          	lw	s2,0(a3)
   12e42:	00868713          	addi	a4,a3,8
   12e46:	26078463          	beqz	a5,130ae <_vfprintf_r+0x129e>
   12e4a:	1942                	slli	s2,s2,0x30
   12e4c:	0a0103a3          	sb	zero,167(sp)
   12e50:	03095913          	srli	s2,s2,0x30
   12e54:	260ac763          	bltz	s5,130c2 <_vfprintf_r+0x12b2>
   12e58:	012aefb3          	or	t6,s5,s2
   12e5c:	000f849b          	sext.w	s1,t6
   12e60:	ec3a                	sd	a4,24(sp)
   12e62:	f7fe7e13          	andi	t3,t3,-129
   12e66:	de049e63          	bnez	s1,12462 <_vfprintf_r+0x652>
   12e6a:	b4b1                	j	128b6 <_vfprintf_r+0xaa6>
   12e6c:	67e2                	ld	a5,24(sp)
   12e6e:	07bd                	addi	a5,a5,15
   12e70:	9bc1                	andi	a5,a5,-16
   12e72:	01078713          	addi	a4,a5,16
   12e76:	6388                	ld	a0,0(a5)
   12e78:	678c                	ld	a1,8(a5)
   12e7a:	ec3a                	sd	a4,24(sp)
   12e7c:	a80ff06f          	j	120fc <_vfprintf_r+0x2ec>
   12e80:	1679                	addi	a2,a2,-2
   12e82:	40c888bb          	subw	a7,a7,a2
   12e86:	fed78fa3          	sb	a3,-1(a5)
   12e8a:	000a881b          	sext.w	a6,s5
   12e8e:	011ad463          	bge	s5,a7,12e96 <_vfprintf_r+0x1086>
   12e92:	0008881b          	sext.w	a6,a7
   12e96:	87b2                	mv	a5,a2
   12e98:	f002                	sd	zero,32(sp)
   12e9a:	e082                	sd	zero,64(sp)
   12e9c:	fc02                	sd	zero,56(sp)
   12e9e:	4481                	li	s1,0
   12ea0:	91eff06f          	j	11fbe <_vfprintf_r+0x1ae>
   12ea4:	67e2                	ld	a5,24(sp)
   12ea6:	00878713          	addi	a4,a5,8
   12eaa:	67e2                	ld	a5,24(sp)
   12eac:	8e7a                	mv	t3,t5
   12eae:	ec3a                	sd	a4,24(sp)
   12eb0:	639c                	ld	a5,0(a5)
   12eb2:	893e                	mv	s2,a5
   12eb4:	d2aff06f          	j	123de <_vfprintf_r+0x5ce>
   12eb8:	0a714503          	lbu	a0,167(sp)
   12ebc:	4805                	li	a6,1
   12ebe:	4481                	li	s1,0
   12ec0:	4885                	li	a7,1
   12ec2:	15b10793          	addi	a5,sp,347
   12ec6:	dbeff06f          	j	12484 <_vfprintf_r+0x674>
   12eca:	ec3e                	sd	a5,24(sp)
   12ecc:	8e7a                	mv	t3,t5
   12ece:	d94ff06f          	j	12462 <_vfprintf_r+0x652>
   12ed2:	6669                	lui	a2,0x1a
   12ed4:	0024ee13          	ori	t3,s1,2
   12ed8:	ec2e                	sd	a1,24(sp)
   12eda:	f5060613          	addi	a2,a2,-176 # 19f50 <__clzdi2+0x12a>
   12ede:	4489                	li	s1,2
   12ee0:	4501                	li	a0,0
   12ee2:	07800d93          	li	s11,120
   12ee6:	15c10893          	addi	a7,sp,348
   12eea:	87c6                	mv	a5,a7
   12eec:	00f77693          	andi	a3,a4,15
   12ef0:	96b2                	add	a3,a3,a2
   12ef2:	0006c683          	lbu	a3,0(a3)
   12ef6:	8311                	srli	a4,a4,0x4
   12ef8:	17fd                	addi	a5,a5,-1
   12efa:	00d78023          	sb	a3,0(a5)
   12efe:	f77d                	bnez	a4,12eec <_vfprintf_r+0x10dc>
   12f00:	40f888bb          	subw	a7,a7,a5
   12f04:	000a881b          	sext.w	a6,s5
   12f08:	d71ade63          	bge	s5,a7,12484 <_vfprintf_r+0x674>
   12f0c:	0008881b          	sext.w	a6,a7
   12f10:	f002                	sd	zero,32(sp)
   12f12:	d74ff06f          	j	12486 <_vfprintf_r+0x676>
   12f16:	8736                	mv	a4,a3
   12f18:	00070d9b          	sext.w	s11,a4
   12f1c:	d3b046e3          	bgtz	s11,12c48 <_vfprintf_r+0xe38>
   12f20:	b389                	j	12c62 <_vfprintf_r+0xe52>
   12f22:	47c5                	li	a5,17
   12f24:	cc517057          	vsetivli	zero,2,e8,mf8,ta,ma
   12f28:	66e9                	lui	a3,0x1a
   12f2a:	00e7c463          	blt	a5,a4,12f32 <_vfprintf_r+0x1122>
   12f2e:	74f0006f          	j	13e7c <_vfprintf_r+0x206c>
   12f32:	874a                	mv	a4,s2
   12f34:	84de                	mv	s1,s7
   12f36:	4dc1                	li	s11,16
   12f38:	479d                	li	a5,7
   12f3a:	8972                	mv	s2,t3
   12f3c:	8bc2                	mv	s7,a6
   12f3e:	41868c13          	addi	s8,a3,1048 # 1a418 <zeroes.0>
   12f42:	a021                	j	12f4a <_vfprintf_r+0x113a>
   12f44:	34c1                	addiw	s1,s1,-16
   12f46:	029ddb63          	bge	s11,s1,12f7c <_vfprintf_r+0x116c>
   12f4a:	0741                	addi	a4,a4,16
   12f4c:	2a85                	addiw	s5,s5,1
   12f4e:	018b3023          	sd	s8,0(s6)
   12f52:	01bb3423          	sd	s11,8(s6)
   12f56:	f9ba                	sd	a4,240(sp)
   12f58:	d5d6                	sw	s5,232(sp)
   12f5a:	0b41                	addi	s6,s6,16
   12f5c:	ff57d4e3          	bge	a5,s5,12f44 <_vfprintf_r+0x1134>
   12f60:	65a2                	ld	a1,8(sp)
   12f62:	6502                	ld	a0,0(sp)
   12f64:	1190                	addi	a2,sp,224
   12f66:	03a010ef          	jal	13fa0 <__sprint_r>
   12f6a:	b80510e3          	bnez	a0,12aea <_vfprintf_r+0xcda>
   12f6e:	774e                	ld	a4,240(sp)
   12f70:	5aae                	lw	s5,232(sp)
   12f72:	8b4e                	mv	s6,s3
   12f74:	479d                	li	a5,7
   12f76:	cc517057          	vsetivli	zero,2,e8,mf8,ta,ma
   12f7a:	b7e9                	j	12f44 <_vfprintf_r+0x1134>
   12f7c:	8e4a                	mv	t3,s2
   12f7e:	885e                	mv	a6,s7
   12f80:	893a                	mv	s2,a4
   12f82:	8ba6                	mv	s7,s1
   12f84:	86e2                	mv	a3,s8
   12f86:	995e                	add	s2,s2,s7
   12f88:	2a85                	addiw	s5,s5,1
   12f8a:	f9ca                	sd	s2,240(sp)
   12f8c:	d5d6                	sw	s5,232(sp)
   12f8e:	00db3023          	sd	a3,0(s6)
   12f92:	017b3423          	sd	s7,8(s6)
   12f96:	479d                	li	a5,7
   12f98:	b157d9e3          	bge	a5,s5,12aaa <_vfprintf_r+0xc9a>
   12f9c:	65a2                	ld	a1,8(sp)
   12f9e:	6502                	ld	a0,0(sp)
   12fa0:	1190                	addi	a2,sp,224
   12fa2:	e0c2                	sd	a6,64(sp)
   12fa4:	fc72                	sd	t3,56(sp)
   12fa6:	7fb000ef          	jal	13fa0 <__sprint_r>
   12faa:	b40510e3          	bnez	a0,12aea <_vfprintf_r+0xcda>
   12fae:	794e                	ld	s2,240(sp)
   12fb0:	5aae                	lw	s5,232(sp)
   12fb2:	7e62                	ld	t3,56(sp)
   12fb4:	6806                	ld	a6,64(sp)
   12fb6:	8b4e                	mv	s6,s3
   12fb8:	cc517057          	vsetivli	zero,2,e8,mf8,ta,ma
   12fbc:	bcc5                	j	12aac <_vfprintf_r+0xc9c>
   12fbe:	5afd                	li	s5,-1
   12fc0:	8cb2                	mv	s9,a2
   12fc2:	f91fe06f          	j	11f52 <_vfprintf_r+0x142>
   12fc6:	001cc303          	lbu	t1,1(s9)
   12fca:	2004e493          	ori	s1,s1,512
   12fce:	0c85                	addi	s9,s9,1
   12fd0:	f7dfe06f          	j	11f4c <_vfprintf_r+0x13c>
   12fd4:	001cc303          	lbu	t1,1(s9)
   12fd8:	0204e493          	ori	s1,s1,32
   12fdc:	0c85                	addi	s9,s9,1
   12fde:	f6ffe06f          	j	11f4c <_vfprintf_r+0x13c>
   12fe2:	6669                	lui	a2,0x1a
   12fe4:	8e26                	mv	t3,s1
   12fe6:	f6860613          	addi	a2,a2,-152 # 19f68 <__clzdi2+0x142>
   12fea:	6762                	ld	a4,24(sp)
   12fec:	020e7793          	andi	a5,t3,32
   12ff0:	00870593          	addi	a1,a4,8
   12ff4:	cbf1                	beqz	a5,130c8 <_vfprintf_r+0x12b8>
   12ff6:	6318                	ld	a4,0(a4)
   12ff8:	001e7793          	andi	a5,t3,1
   12ffc:	00e036b3          	snez	a3,a4
   13000:	c399                	beqz	a5,13006 <_vfprintf_r+0x11f6>
   13002:	1c069663          	bnez	a3,131ce <_vfprintf_r+0x13be>
   13006:	0a0103a3          	sb	zero,167(sp)
   1300a:	100ac863          	bltz	s5,1311a <_vfprintf_r+0x130a>
   1300e:	b7fe7e13          	andi	t3,t3,-1153
   13012:	1e0a9a63          	bnez	s5,13206 <_vfprintf_r+0x13f6>
   13016:	1e069863          	bnez	a3,13206 <_vfprintf_r+0x13f6>
   1301a:	ec2e                	sd	a1,24(sp)
   1301c:	4481                	li	s1,0
   1301e:	b861                	j	128b6 <_vfprintf_r+0xaa6>
   13020:	4a81                	li	s5,0
   13022:	b199                	j	12c68 <_vfprintf_r+0xe58>
   13024:	6669                	lui	a2,0x1a
   13026:	8e26                	mv	t3,s1
   13028:	f5060613          	addi	a2,a2,-176 # 19f50 <__clzdi2+0x12a>
   1302c:	bf7d                	j	12fea <_vfprintf_r+0x11da>
   1302e:	4799                	li	a5,6
   13030:	000a881b          	sext.w	a6,s5
   13034:	5957ee63          	bltu	a5,s5,135d0 <_vfprintf_r+0x17c0>
   13038:	67e9                	lui	a5,0x1a
   1303a:	ec26                	sd	s1,24(sp)
   1303c:	88c2                	mv	a7,a6
   1303e:	f8078793          	addi	a5,a5,-128 # 19f80 <__clzdi2+0x15a>
   13042:	f002                	sd	zero,32(sp)
   13044:	4a81                	li	s5,0
   13046:	e082                	sd	zero,64(sp)
   13048:	fc02                	sd	zero,56(sp)
   1304a:	4481                	li	s1,0
   1304c:	f73fe06f          	j	11fbe <_vfprintf_r+0x1ae>
   13050:	48c1                	li	a7,16
   13052:	572e                	lw	a4,232(sp)
   13054:	66e9                	lui	a3,0x1a
   13056:	6358d7e3          	bge	a7,s5,13e84 <_vfprintf_r+0x2074>
   1305a:	85a6                	mv	a1,s1
   1305c:	8b56                	mv	s6,s5
   1305e:	84be                	mv	s1,a5
   13060:	864a                	mv	a2,s2
   13062:	87de                	mv	a5,s7
   13064:	4d9d                	li	s11,7
   13066:	8ac2                	mv	s5,a6
   13068:	8972                	mv	s2,t3
   1306a:	41868c13          	addi	s8,a3,1048 # 1a418 <zeroes.0>
   1306e:	8bae                	mv	s7,a1
   13070:	a021                	j	13078 <_vfprintf_r+0x1268>
   13072:	3b41                	addiw	s6,s6,-16
   13074:	5168d863          	bge	a7,s6,13584 <_vfprintf_r+0x1774>
   13078:	0641                	addi	a2,a2,16
   1307a:	2705                	addiw	a4,a4,1
   1307c:	0187b023          	sd	s8,0(a5)
   13080:	0117b423          	sd	a7,8(a5)
   13084:	f9b2                	sd	a2,240(sp)
   13086:	d5ba                	sw	a4,232(sp)
   13088:	07c1                	addi	a5,a5,16
   1308a:	feedd4e3          	bge	s11,a4,13072 <_vfprintf_r+0x1262>
   1308e:	65a2                	ld	a1,8(sp)
   13090:	6502                	ld	a0,0(sp)
   13092:	1190                	addi	a2,sp,224
   13094:	70d000ef          	jal	13fa0 <__sprint_r>
   13098:	a40519e3          	bnez	a0,12aea <_vfprintf_r+0xcda>
   1309c:	764e                	ld	a2,240(sp)
   1309e:	572e                	lw	a4,232(sp)
   130a0:	87ce                	mv	a5,s3
   130a2:	48c1                	li	a7,16
   130a4:	b7f9                	j	13072 <_vfprintf_r+0x1262>
   130a6:	cc517057          	vsetivli	zero,2,e8,mf8,ta,ma
   130aa:	ea3fe06f          	j	11f4c <_vfprintf_r+0x13c>
   130ae:	2004f493          	andi	s1,s1,512
   130b2:	0a0103a3          	sb	zero,167(sp)
   130b6:	5a048763          	beqz	s1,13664 <_vfprintf_r+0x1854>
   130ba:	0ff97913          	zext.b	s2,s2
   130be:	d80adde3          	bgez	s5,12e58 <_vfprintf_r+0x1048>
   130c2:	ec3a                	sd	a4,24(sp)
   130c4:	b9eff06f          	j	12462 <_vfprintf_r+0x652>
   130c8:	010e7793          	andi	a5,t3,16
   130cc:	12078463          	beqz	a5,131f4 <_vfprintf_r+0x13e4>
   130d0:	67e2                	ld	a5,24(sp)
   130d2:	6398                	ld	a4,0(a5)
   130d4:	b715                	j	12ff8 <_vfprintf_r+0x11e8>
   130d6:	65a2                	ld	a1,8(sp)
   130d8:	6502                	ld	a0,0(sp)
   130da:	1190                	addi	a2,sp,224
   130dc:	ecc2                	sd	a6,88(sp)
   130de:	e0f2                	sd	t3,64(sp)
   130e0:	fc3e                	sd	a5,56(sp)
   130e2:	6bf000ef          	jal	13fa0 <__sprint_r>
   130e6:	a00512e3          	bnez	a0,12aea <_vfprintf_r+0xcda>
   130ea:	794e                	ld	s2,240(sp)
   130ec:	5aae                	lw	s5,232(sp)
   130ee:	6866                	ld	a6,88(sp)
   130f0:	6e06                	ld	t3,64(sp)
   130f2:	77e2                	ld	a5,56(sp)
   130f4:	8b4e                	mv	s6,s3
   130f6:	ba9d                	j	12a6c <_vfprintf_r+0xc5c>
   130f8:	65a2                	ld	a1,8(sp)
   130fa:	6502                	ld	a0,0(sp)
   130fc:	1190                	addi	a2,sp,224
   130fe:	ecc2                	sd	a6,88(sp)
   13100:	e0f2                	sd	t3,64(sp)
   13102:	fc3e                	sd	a5,56(sp)
   13104:	69d000ef          	jal	13fa0 <__sprint_r>
   13108:	9e0511e3          	bnez	a0,12aea <_vfprintf_r+0xcda>
   1310c:	794e                	ld	s2,240(sp)
   1310e:	5aae                	lw	s5,232(sp)
   13110:	6866                	ld	a6,88(sp)
   13112:	6e06                	ld	t3,64(sp)
   13114:	77e2                	ld	a5,56(sp)
   13116:	8b4e                	mv	s6,s3
   13118:	ba25                	j	12a50 <_vfprintf_r+0xc40>
   1311a:	bffe7e13          	andi	t3,t3,-1025
   1311e:	ec2e                	sd	a1,24(sp)
   13120:	4481                	li	s1,0
   13122:	4501                	li	a0,0
   13124:	b3c9                	j	12ee6 <_vfprintf_r+0x10d6>
   13126:	65a2                	ld	a1,8(sp)
   13128:	6502                	ld	a0,0(sp)
   1312a:	1190                	addi	a2,sp,224
   1312c:	ed46                	sd	a7,152(sp)
   1312e:	e942                	sd	a6,144(sp)
   13130:	e172                	sd	t3,128(sp)
   13132:	f0be                	sd	a5,96(sp)
   13134:	ec9e                	sd	t2,88(sp)
   13136:	66b000ef          	jal	13fa0 <__sprint_r>
   1313a:	9a0518e3          	bnez	a0,12aea <_vfprintf_r+0xcda>
   1313e:	0a714703          	lbu	a4,167(sp)
   13142:	794e                	ld	s2,240(sp)
   13144:	63e6                	ld	t2,88(sp)
   13146:	7786                	ld	a5,96(sp)
   13148:	6e0a                	ld	t3,128(sp)
   1314a:	684a                	ld	a6,144(sp)
   1314c:	68ea                	ld	a7,152(sp)
   1314e:	84da                	mv	s1,s6
   13150:	18070763          	beqz	a4,132de <_vfprintf_r+0x14ce>
   13154:	562e                	lw	a2,232(sp)
   13156:	4b01                	li	s6,0
   13158:	8bce                	mv	s7,s3
   1315a:	cc517057          	vsetivli	zero,2,e8,mf8,ta,ma
   1315e:	e77fe06f          	j	11fd4 <_vfprintf_r+0x1c4>
   13162:	572e                	lw	a4,232(sp)
   13164:	66e9                	lui	a3,0x1a
   13166:	f8868693          	addi	a3,a3,-120 # 19f88 <__clzdi2+0x162>
   1316a:	00dbb023          	sd	a3,0(s7)
   1316e:	0905                	addi	s2,s2,1
   13170:	4685                	li	a3,1
   13172:	2705                	addiw	a4,a4,1
   13174:	00dbb423          	sd	a3,8(s7)
   13178:	f9ca                	sd	s2,240(sp)
   1317a:	d5ba                	sw	a4,232(sp)
   1317c:	469d                	li	a3,7
   1317e:	0bc1                	addi	s7,s7,16
   13180:	02e6c4e3          	blt	a3,a4,139a8 <_vfprintf_r+0x1b98>
   13184:	7742                	ld	a4,48(sp)
   13186:	8f51                	or	a4,a4,a2
   13188:	100705e3          	beqz	a4,13a92 <_vfprintf_r+0x1c82>
   1318c:	66a6                	ld	a3,72(sp)
   1318e:	572e                	lw	a4,232(sp)
   13190:	65c6                	ld	a1,80(sp)
   13192:	9936                	add	s2,s2,a3
   13194:	2705                	addiw	a4,a4,1
   13196:	00dbb423          	sd	a3,8(s7)
   1319a:	00bbb023          	sd	a1,0(s7)
   1319e:	f9ca                	sd	s2,240(sp)
   131a0:	d5ba                	sw	a4,232(sp)
   131a2:	469d                	li	a3,7
   131a4:	0bc1                	addi	s7,s7,16
   131a6:	46e6c763          	blt	a3,a4,13614 <_vfprintf_r+0x1804>
   131aa:	1c0642e3          	bltz	a2,13b6e <_vfprintf_r+0x1d5e>
   131ae:	76c2                	ld	a3,48(sp)
   131b0:	2705                	addiw	a4,a4,1
   131b2:	00fbb023          	sd	a5,0(s7)
   131b6:	9936                	add	s2,s2,a3
   131b8:	f9ca                	sd	s2,240(sp)
   131ba:	d5ba                	sw	a4,232(sp)
   131bc:	00dbb423          	sd	a3,8(s7)
   131c0:	479d                	li	a5,7
   131c2:	94e7cf63          	blt	a5,a4,12320 <_vfprintf_r+0x510>
   131c6:	cc517057          	vsetivli	zero,2,e8,mf8,ta,ma
   131ca:	e7bfe06f          	j	12044 <_vfprintf_r+0x234>
   131ce:	03000793          	li	a5,48
   131d2:	0bb104a3          	sb	s11,169(sp)
   131d6:	0a0103a3          	sb	zero,167(sp)
   131da:	0af10423          	sb	a5,168(sp)
   131de:	1c0acd63          	bltz	s5,133b8 <_vfprintf_r+0x15a8>
   131e2:	b7fe7f13          	andi	t5,t3,-1153
   131e6:	002f6e13          	ori	t3,t5,2
   131ea:	4489                	li	s1,2
   131ec:	0a714503          	lbu	a0,167(sp)
   131f0:	ec2e                	sd	a1,24(sp)
   131f2:	b9d5                	j	12ee6 <_vfprintf_r+0x10d6>
   131f4:	6762                	ld	a4,24(sp)
   131f6:	040e7793          	andi	a5,t3,64
   131fa:	4318                	lw	a4,0(a4)
   131fc:	0e078a63          	beqz	a5,132f0 <_vfprintf_r+0x14e0>
   13200:	1742                	slli	a4,a4,0x30
   13202:	9341                	srli	a4,a4,0x30
   13204:	bbd5                	j	12ff8 <_vfprintf_r+0x11e8>
   13206:	4481                	li	s1,0
   13208:	b7d5                	j	131ec <_vfprintf_r+0x13dc>
   1320a:	6502                	ld	a0,0(sp)
   1320c:	a0efe0ef          	jal	1141a <__sinit>
   13210:	c3dfe06f          	j	11e4c <_vfprintf_r+0x3c>
   13214:	65a2                	ld	a1,8(sp)
   13216:	6502                	ld	a0,0(sp)
   13218:	1190                	addi	a2,sp,224
   1321a:	e0c2                	sd	a6,64(sp)
   1321c:	fc72                	sd	t3,56(sp)
   1321e:	583000ef          	jal	13fa0 <__sprint_r>
   13222:	8c0514e3          	bnez	a0,12aea <_vfprintf_r+0xcda>
   13226:	794e                	ld	s2,240(sp)
   13228:	6806                	ld	a6,64(sp)
   1322a:	7e62                	ld	t3,56(sp)
   1322c:	8bce                	mv	s7,s3
   1322e:	d96ff06f          	j	127c4 <_vfprintf_r+0x9b4>
   13232:	84e2                	mv	s1,s8
   13234:	b865                	j	12aec <_vfprintf_r+0xcdc>
   13236:	65a2                	ld	a1,8(sp)
   13238:	6502                	ld	a0,0(sp)
   1323a:	1190                	addi	a2,sp,224
   1323c:	e0c2                	sd	a6,64(sp)
   1323e:	fc72                	sd	t3,56(sp)
   13240:	561000ef          	jal	13fa0 <__sprint_r>
   13244:	8a0513e3          	bnez	a0,12aea <_vfprintf_r+0xcda>
   13248:	794e                	ld	s2,240(sp)
   1324a:	6806                	ld	a6,64(sp)
   1324c:	7e62                	ld	t3,56(sp)
   1324e:	8bce                	mv	s7,s3
   13250:	cc517057          	vsetivli	zero,2,e8,mf8,ta,ma
   13254:	da2ff06f          	j	127f6 <_vfprintf_r+0x9e6>
   13258:	654e                	ld	a0,208(sp)
   1325a:	65ee                	ld	a1,216(sp)
   1325c:	f7fe7e13          	andi	t3,t3,-129
   13260:	4601                	li	a2,0
   13262:	4681                	li	a3,0
   13264:	f072                	sd	t3,32(sp)
   13266:	2f3050ef          	jal	18d58 <__letf2>
   1326a:	7e02                	ld	t3,32(sp)
   1326c:	76054363          	bltz	a0,139d2 <_vfprintf_r+0x1bc2>
   13270:	04700793          	li	a5,71
   13274:	0a714703          	lbu	a4,167(sp)
   13278:	45b7cf63          	blt	a5,s11,136d6 <_vfprintf_r+0x18c6>
   1327c:	67e9                	lui	a5,0x1a
   1327e:	f3078793          	addi	a5,a5,-208 # 19f30 <__clzdi2+0x10a>
   13282:	e77d                	bnez	a4,13370 <_vfprintf_r+0x1560>
   13284:	488d                	li	a7,3
   13286:	8846                	mv	a6,a7
   13288:	cc517057          	vsetivli	zero,2,e8,mf8,ta,ma
   1328c:	bb5d                	j	13042 <_vfprintf_r+0x1232>
   1328e:	6669                	lui	a2,0x1a
   13290:	f5060613          	addi	a2,a2,-176 # 19f50 <__clzdi2+0x12a>
   13294:	4489                	li	s1,2
   13296:	07800d93          	li	s11,120
   1329a:	bf89                	j	131ec <_vfprintf_r+0x13dc>
   1329c:	77ce                	ld	a5,240(sp)
   1329e:	64a2                	ld	s1,8(sp)
   132a0:	84078be3          	beqz	a5,12af6 <_vfprintf_r+0xce6>
   132a4:	6502                	ld	a0,0(sp)
   132a6:	1190                	addi	a2,sp,224
   132a8:	85a6                	mv	a1,s1
   132aa:	4f7000ef          	jal	13fa0 <__sprint_r>
   132ae:	849ff06f          	j	12af6 <_vfprintf_r+0xce6>
   132b2:	853e                	mv	a0,a5
   132b4:	f072                	sd	t3,32(sp)
   132b6:	ec3e                	sd	a5,24(sp)
   132b8:	780010ef          	jal	14a38 <strlen>
   132bc:	0005089b          	sext.w	a7,a0
   132c0:	67e2                	ld	a5,24(sp)
   132c2:	7e02                	ld	t3,32(sp)
   132c4:	8746                	mv	a4,a7
   132c6:	3c08ce63          	bltz	a7,136a2 <_vfprintf_r+0x1892>
   132ca:	0a714683          	lbu	a3,167(sp)
   132ce:	0007081b          	sext.w	a6,a4
   132d2:	8c068963          	beqz	a3,123a4 <_vfprintf_r+0x594>
   132d6:	0017081b          	addiw	a6,a4,1
   132da:	8caff06f          	j	123a4 <_vfprintf_r+0x594>
   132de:	34038d63          	beqz	t2,13638 <_vfprintf_r+0x1828>
   132e2:	562e                	lw	a2,232(sp)
   132e4:	4b01                	li	s6,0
   132e6:	8bce                	mv	s7,s3
   132e8:	cc517057          	vsetivli	zero,2,e8,mf8,ta,ma
   132ec:	d0dfe06f          	j	11ff8 <_vfprintf_r+0x1e8>
   132f0:	200e7793          	andi	a5,t3,512
   132f4:	36078563          	beqz	a5,1365e <_vfprintf_r+0x184e>
   132f8:	0ff77713          	zext.b	a4,a4
   132fc:	b9f5                	j	12ff8 <_vfprintf_r+0x11e8>
   132fe:	2004f793          	andi	a5,s1,512
   13302:	38078563          	beqz	a5,1368c <_vfprintf_r+0x187c>
   13306:	0ff6f693          	zext.b	a3,a3
   1330a:	ec3a                	sd	a4,24(sp)
   1330c:	8826                	mv	a6,s1
   1330e:	b5eff06f          	j	1266c <_vfprintf_r+0x85c>
   13312:	cc517057          	vsetivli	zero,2,e8,mf8,ta,ma
   13316:	c37fe06f          	j	11f4c <_vfprintf_r+0x13c>
   1331a:	cc517057          	vsetivli	zero,2,e8,mf8,ta,ma
   1331e:	c2ffe06f          	j	11f4c <_vfprintf_r+0x13c>
   13322:	2004f793          	andi	a5,s1,512
   13326:	34078f63          	beqz	a5,13684 <_vfprintf_r+0x1874>
   1332a:	0189191b          	slliw	s2,s2,0x18
   1332e:	4189591b          	sraiw	s2,s2,0x18
   13332:	ec3a                	sd	a4,24(sp)
   13334:	87ca                	mv	a5,s2
   13336:	8a8ff06f          	j	123de <_vfprintf_r+0x5ce>
   1333a:	f002                	sd	zero,32(sp)
   1333c:	4881                	li	a7,0
   1333e:	e082                	sd	zero,64(sp)
   13340:	fc02                	sd	zero,56(sp)
   13342:	4481                	li	s1,0
   13344:	0afc                	addi	a5,sp,348
   13346:	4801                	li	a6,0
   13348:	c77fe06f          	j	11fbe <_vfprintf_r+0x1ae>
   1334c:	67ee                	ld	a5,216(sp)
   1334e:	f7fe7e13          	andi	t3,t3,-129
   13352:	03f7d493          	srli	s1,a5,0x3f
   13356:	3407db63          	bgez	a5,136ac <_vfprintf_r+0x189c>
   1335a:	02d00793          	li	a5,45
   1335e:	0af103a3          	sb	a5,167(sp)
   13362:	04700793          	li	a5,71
   13366:	19b7dae3          	bge	a5,s11,13cfa <_vfprintf_r+0x1eea>
   1336a:	67e9                	lui	a5,0x1a
   1336c:	f4878793          	addi	a5,a5,-184 # 19f48 <__clzdi2+0x122>
   13370:	f002                	sd	zero,32(sp)
   13372:	488d                	li	a7,3
   13374:	4a81                	li	s5,0
   13376:	e082                	sd	zero,64(sp)
   13378:	fc02                	sd	zero,56(sp)
   1337a:	4481                	li	s1,0
   1337c:	4811                	li	a6,4
   1337e:	cc517057          	vsetivli	zero,2,e8,mf8,ta,ma
   13382:	c3dfe06f          	j	11fbe <_vfprintf_r+0x1ae>
   13386:	100e6713          	ori	a4,t3,256
   1338a:	57fd                	li	a5,-1
   1338c:	f03a                	sd	a4,32(sp)
   1338e:	64ce                	ld	s1,208(sp)
   13390:	6b6e                	ld	s6,216(sp)
   13392:	38fa8463          	beq	s5,a5,1371a <_vfprintf_r+0x190a>
   13396:	ec82                	sd	zero,88(sp)
   13398:	000a9663          	bnez	s5,133a4 <_vfprintf_r+0x1594>
   1339c:	fb990713          	addi	a4,s2,-71
   133a0:	44070c63          	beqz	a4,137f8 <_vfprintf_r+0x19e8>
   133a4:	360b5f63          	bgez	s6,13722 <_vfprintf_r+0x1912>
   133a8:	57fd                	li	a5,-1
   133aa:	17fe                	slli	a5,a5,0x3f
   133ac:	00fb4b33          	xor	s6,s6,a5
   133b0:	02d00793          	li	a5,45
   133b4:	ecbe                	sd	a5,88(sp)
   133b6:	a6b5                	j	13722 <_vfprintf_r+0x1912>
   133b8:	bffe7f13          	andi	t5,t3,-1025
   133bc:	002f6e13          	ori	t3,t5,2
   133c0:	ec2e                	sd	a1,24(sp)
   133c2:	4489                	li	s1,2
   133c4:	4501                	li	a0,0
   133c6:	b605                	j	12ee6 <_vfprintf_r+0x10d6>
   133c8:	4b41                	li	s6,16
   133ca:	57ae                	lw	a5,232(sp)
   133cc:	cc517057          	vsetivli	zero,2,e8,mf8,ta,ma
   133d0:	66e9                	lui	a3,0x1a
   133d2:	5d5b5763          	bge	s6,s5,139a0 <_vfprintf_r+0x1b90>
   133d6:	84d6                	mv	s1,s5
   133d8:	874a                	mv	a4,s2
   133da:	4d9d                	li	s11,7
   133dc:	8ac2                	mv	s5,a6
   133de:	8972                	mv	s2,t3
   133e0:	41868c13          	addi	s8,a3,1048 # 1a418 <zeroes.0>
   133e4:	a031                	j	133f0 <_vfprintf_r+0x15e0>
   133e6:	34c1                	addiw	s1,s1,-16
   133e8:	009b4463          	blt	s6,s1,133f0 <_vfprintf_r+0x15e0>
   133ec:	f15fe06f          	j	12300 <_vfprintf_r+0x4f0>
   133f0:	0741                	addi	a4,a4,16
   133f2:	2785                	addiw	a5,a5,1
   133f4:	018bb023          	sd	s8,0(s7)
   133f8:	016bb423          	sd	s6,8(s7)
   133fc:	f9ba                	sd	a4,240(sp)
   133fe:	d5be                	sw	a5,232(sp)
   13400:	0bc1                	addi	s7,s7,16
   13402:	fefdd2e3          	bge	s11,a5,133e6 <_vfprintf_r+0x15d6>
   13406:	65a2                	ld	a1,8(sp)
   13408:	6502                	ld	a0,0(sp)
   1340a:	1190                	addi	a2,sp,224
   1340c:	395000ef          	jal	13fa0 <__sprint_r>
   13410:	ec051d63          	bnez	a0,12aea <_vfprintf_r+0xcda>
   13414:	774e                	ld	a4,240(sp)
   13416:	57ae                	lw	a5,232(sp)
   13418:	8bce                	mv	s7,s3
   1341a:	cc517057          	vsetivli	zero,2,e8,mf8,ta,ma
   1341e:	b7e1                	j	133e6 <_vfprintf_r+0x15d6>
   13420:	7662                	ld	a2,56(sp)
   13422:	6586                	ld	a1,64(sp)
   13424:	00b66733          	or	a4,a2,a1
   13428:	2a0708e3          	beqz	a4,13ed8 <_vfprintf_r+0x20c8>
   1342c:	7742                	ld	a4,48(sp)
   1342e:	ecea                	sd	s10,88(sp)
   13430:	ed66                	sd	s9,152(sp)
   13432:	7d66                	ld	s10,120(sp)
   13434:	6caa                	ld	s9,136(sp)
   13436:	6aa2                	ld	s5,8(sp)
   13438:	00e78333          	add	t1,a5,a4
   1343c:	68e9                	lui	a7,0x1a
   1343e:	8c6e                	mv	s8,s11
   13440:	f0be                	sd	a5,96(sp)
   13442:	874a                	mv	a4,s2
   13444:	87de                	mv	a5,s7
   13446:	41888893          	addi	a7,a7,1048 # 1a418 <zeroes.0>
   1344a:	469d                	li	a3,7
   1344c:	4b41                	li	s6,16
   1344e:	e172                	sd	t3,128(sp)
   13450:	8dae                	mv	s11,a1
   13452:	e942                	sd	a6,144(sp)
   13454:	8932                	mv	s2,a2
   13456:	8b9a                	mv	s7,t1
   13458:	07b04c63          	bgtz	s11,134d0 <_vfprintf_r+0x16c0>
   1345c:	1d7d                	addi	s10,s10,-1
   1345e:	397d                	addiw	s2,s2,-1
   13460:	562e                	lw	a2,232(sp)
   13462:	75c6                	ld	a1,112(sp)
   13464:	9766                	add	a4,a4,s9
   13466:	2605                	addiw	a2,a2,1
   13468:	e38c                	sd	a1,0(a5)
   1346a:	0197b423          	sd	s9,8(a5)
   1346e:	f9ba                	sd	a4,240(sp)
   13470:	d5b2                	sw	a2,232(sp)
   13472:	07c1                	addi	a5,a5,16
   13474:	0cc6c663          	blt	a3,a2,13540 <_vfprintf_r+0x1730>
   13478:	000d4603          	lbu	a2,0(s10)
   1347c:	418b83b3          	sub	t2,s7,s8
   13480:	0003859b          	sext.w	a1,t2
   13484:	0006081b          	sext.w	a6,a2
   13488:	82de                	mv	t0,s7
   1348a:	00b65363          	bge	a2,a1,13490 <_vfprintf_r+0x1680>
   1348e:	83c2                	mv	t2,a6
   13490:	0003849b          	sext.w	s1,t2
   13494:	02905163          	blez	s1,134b6 <_vfprintf_r+0x16a6>
   13498:	562e                	lw	a2,232(sp)
   1349a:	9726                	add	a4,a4,s1
   1349c:	f9ba                	sd	a4,240(sp)
   1349e:	2605                	addiw	a2,a2,1
   134a0:	0187b023          	sd	s8,0(a5)
   134a4:	e784                	sd	s1,8(a5)
   134a6:	d5b2                	sw	a2,232(sp)
   134a8:	0ac6ca63          	blt	a3,a2,1355c <_vfprintf_r+0x174c>
   134ac:	000d4603          	lbu	a2,0(s10)
   134b0:	07c1                	addi	a5,a5,16
   134b2:	0006081b          	sext.w	a6,a2
   134b6:	85a6                	mv	a1,s1
   134b8:	0004d363          	bgez	s1,134be <_vfprintf_r+0x16ae>
   134bc:	4581                	li	a1,0
   134be:	40b804bb          	subw	s1,a6,a1
   134c2:	00904963          	bgtz	s1,134d4 <_vfprintf_r+0x16c4>
   134c6:	9c32                	add	s8,s8,a2
   134c8:	f92048e3          	bgtz	s2,13458 <_vfprintf_r+0x1648>
   134cc:	4bb05b63          	blez	s11,13982 <_vfprintf_r+0x1b72>
   134d0:	3dfd                	addiw	s11,s11,-1
   134d2:	b779                	j	13460 <_vfprintf_r+0x1650>
   134d4:	65e9                	lui	a1,0x1a
   134d6:	562e                	lw	a2,232(sp)
   134d8:	41858593          	addi	a1,a1,1048 # 1a418 <zeroes.0>
   134dc:	049b5663          	bge	s6,s1,13528 <_vfprintf_r+0x1718>
   134e0:	fc16                	sd	t0,56(sp)
   134e2:	e0c6                	sd	a7,64(sp)
   134e4:	a021                	j	134ec <_vfprintf_r+0x16dc>
   134e6:	34c1                	addiw	s1,s1,-16
   134e8:	029b5e63          	bge	s6,s1,13524 <_vfprintf_r+0x1714>
   134ec:	0741                	addi	a4,a4,16
   134ee:	2605                	addiw	a2,a2,1
   134f0:	0117b023          	sd	a7,0(a5)
   134f4:	0167b423          	sd	s6,8(a5)
   134f8:	f9ba                	sd	a4,240(sp)
   134fa:	d5b2                	sw	a2,232(sp)
   134fc:	07c1                	addi	a5,a5,16
   134fe:	fec6d4e3          	bge	a3,a2,134e6 <_vfprintf_r+0x16d6>
   13502:	6502                	ld	a0,0(sp)
   13504:	1190                	addi	a2,sp,224
   13506:	85d6                	mv	a1,s5
   13508:	299000ef          	jal	13fa0 <__sprint_r>
   1350c:	4c051063          	bnez	a0,139cc <_vfprintf_r+0x1bbc>
   13510:	66e9                	lui	a3,0x1a
   13512:	34c1                	addiw	s1,s1,-16
   13514:	41868893          	addi	a7,a3,1048 # 1a418 <zeroes.0>
   13518:	774e                	ld	a4,240(sp)
   1351a:	562e                	lw	a2,232(sp)
   1351c:	87ce                	mv	a5,s3
   1351e:	469d                	li	a3,7
   13520:	fc9b46e3          	blt	s6,s1,134ec <_vfprintf_r+0x16dc>
   13524:	72e2                	ld	t0,56(sp)
   13526:	6586                	ld	a1,64(sp)
   13528:	9726                	add	a4,a4,s1
   1352a:	2605                	addiw	a2,a2,1
   1352c:	f9ba                	sd	a4,240(sp)
   1352e:	d5b2                	sw	a2,232(sp)
   13530:	e38c                	sd	a1,0(a5)
   13532:	e784                	sd	s1,8(a5)
   13534:	4ac6cb63          	blt	a3,a2,139ea <_vfprintf_r+0x1bda>
   13538:	000d4603          	lbu	a2,0(s10)
   1353c:	07c1                	addi	a5,a5,16
   1353e:	b761                	j	134c6 <_vfprintf_r+0x16b6>
   13540:	6502                	ld	a0,0(sp)
   13542:	1190                	addi	a2,sp,224
   13544:	85d6                	mv	a1,s5
   13546:	25b000ef          	jal	13fa0 <__sprint_r>
   1354a:	48051163          	bnez	a0,139cc <_vfprintf_r+0x1bbc>
   1354e:	66e9                	lui	a3,0x1a
   13550:	41868893          	addi	a7,a3,1048 # 1a418 <zeroes.0>
   13554:	774e                	ld	a4,240(sp)
   13556:	87ce                	mv	a5,s3
   13558:	469d                	li	a3,7
   1355a:	bf39                	j	13478 <_vfprintf_r+0x1668>
   1355c:	6502                	ld	a0,0(sp)
   1355e:	1190                	addi	a2,sp,224
   13560:	85d6                	mv	a1,s5
   13562:	fc16                	sd	t0,56(sp)
   13564:	23d000ef          	jal	13fa0 <__sprint_r>
   13568:	46051263          	bnez	a0,139cc <_vfprintf_r+0x1bbc>
   1356c:	000d4603          	lbu	a2,0(s10)
   13570:	66e9                	lui	a3,0x1a
   13572:	41868893          	addi	a7,a3,1048 # 1a418 <zeroes.0>
   13576:	774e                	ld	a4,240(sp)
   13578:	72e2                	ld	t0,56(sp)
   1357a:	87ce                	mv	a5,s3
   1357c:	0006081b          	sext.w	a6,a2
   13580:	469d                	li	a3,7
   13582:	bf15                	j	134b6 <_vfprintf_r+0x16a6>
   13584:	85de                	mv	a1,s7
   13586:	8e4a                	mv	t3,s2
   13588:	8856                	mv	a6,s5
   1358a:	8bbe                	mv	s7,a5
   1358c:	8ada                	mv	s5,s6
   1358e:	87a6                	mv	a5,s1
   13590:	8932                	mv	s2,a2
   13592:	86e2                	mv	a3,s8
   13594:	84ae                	mv	s1,a1
   13596:	9956                	add	s2,s2,s5
   13598:	2705                	addiw	a4,a4,1
   1359a:	00dbb023          	sd	a3,0(s7)
   1359e:	015bb423          	sd	s5,8(s7)
   135a2:	f9ca                	sd	s2,240(sp)
   135a4:	d5ba                	sw	a4,232(sp)
   135a6:	469d                	li	a3,7
   135a8:	0bc1                	addi	s7,s7,16
   135aa:	ece6d363          	bge	a3,a4,12c70 <_vfprintf_r+0xe60>
   135ae:	65a2                	ld	a1,8(sp)
   135b0:	6502                	ld	a0,0(sp)
   135b2:	1190                	addi	a2,sp,224
   135b4:	e142                	sd	a6,128(sp)
   135b6:	f0f2                	sd	t3,96(sp)
   135b8:	ecbe                	sd	a5,88(sp)
   135ba:	1e7000ef          	jal	13fa0 <__sprint_r>
   135be:	d2051663          	bnez	a0,12aea <_vfprintf_r+0xcda>
   135c2:	794e                	ld	s2,240(sp)
   135c4:	680a                	ld	a6,128(sp)
   135c6:	7e06                	ld	t3,96(sp)
   135c8:	67e6                	ld	a5,88(sp)
   135ca:	8bce                	mv	s7,s3
   135cc:	ea4ff06f          	j	12c70 <_vfprintf_r+0xe60>
   135d0:	0007881b          	sext.w	a6,a5
   135d4:	b495                	j	13038 <_vfprintf_r+0x1228>
   135d6:	65a2                	ld	a1,8(sp)
   135d8:	6502                	ld	a0,0(sp)
   135da:	1190                	addi	a2,sp,224
   135dc:	e142                	sd	a6,128(sp)
   135de:	f0f2                	sd	t3,96(sp)
   135e0:	ecbe                	sd	a5,88(sp)
   135e2:	1bf000ef          	jal	13fa0 <__sprint_r>
   135e6:	d0051263          	bnez	a0,12aea <_vfprintf_r+0xcda>
   135ea:	794e                	ld	s2,240(sp)
   135ec:	680a                	ld	a6,128(sp)
   135ee:	7e06                	ld	t3,96(sp)
   135f0:	67e6                	ld	a5,88(sp)
   135f2:	8bce                	mv	s7,s3
   135f4:	e6eff06f          	j	12c62 <_vfprintf_r+0xe52>
   135f8:	66a6                	ld	a3,72(sp)
   135fa:	572e                	lw	a4,232(sp)
   135fc:	6646                	ld	a2,80(sp)
   135fe:	9936                	add	s2,s2,a3
   13600:	2705                	addiw	a4,a4,1
   13602:	00dbb423          	sd	a3,8(s7)
   13606:	f9ca                	sd	s2,240(sp)
   13608:	00cbb023          	sd	a2,0(s7)
   1360c:	d5ba                	sw	a4,232(sp)
   1360e:	469d                	li	a3,7
   13610:	62e6d563          	bge	a3,a4,13c3a <_vfprintf_r+0x1e2a>
   13614:	65a2                	ld	a1,8(sp)
   13616:	6502                	ld	a0,0(sp)
   13618:	1190                	addi	a2,sp,224
   1361a:	ecc2                	sd	a6,88(sp)
   1361c:	e0f2                	sd	t3,64(sp)
   1361e:	fc3e                	sd	a5,56(sp)
   13620:	181000ef          	jal	13fa0 <__sprint_r>
   13624:	cc051363          	bnez	a0,12aea <_vfprintf_r+0xcda>
   13628:	564a                	lw	a2,176(sp)
   1362a:	794e                	ld	s2,240(sp)
   1362c:	572e                	lw	a4,232(sp)
   1362e:	6866                	ld	a6,88(sp)
   13630:	6e06                	ld	t3,64(sp)
   13632:	77e2                	ld	a5,56(sp)
   13634:	8bce                	mv	s7,s3
   13636:	be95                	j	131aa <_vfprintf_r+0x139a>
   13638:	8bce                	mv	s7,s3
   1363a:	cc517057          	vsetivli	zero,2,e8,mf8,ta,ma
   1363e:	9dffe06f          	j	1201c <_vfprintf_r+0x20c>
   13642:	00d78b33          	add	s6,a5,a3
   13646:	41bb0b33          	sub	s6,s6,s11
   1364a:	41568abb          	subw	s5,a3,s5
   1364e:	000b079b          	sext.w	a5,s6
   13652:	00fad363          	bge	s5,a5,13658 <_vfprintf_r+0x1848>
   13656:	8b56                	mv	s6,s5
   13658:	2b01                	sext.w	s6,s6
   1365a:	e86ff06f          	j	12ce0 <_vfprintf_r+0xed0>
   1365e:	1702                	slli	a4,a4,0x20
   13660:	9301                	srli	a4,a4,0x20
   13662:	ba59                	j	12ff8 <_vfprintf_r+0x11e8>
   13664:	1902                	slli	s2,s2,0x20
   13666:	02095913          	srli	s2,s2,0x20
   1366a:	a40acce3          	bltz	s5,130c2 <_vfprintf_r+0x12b2>
   1366e:	ec3a                	sd	a4,24(sp)
   13670:	f7fe7e13          	andi	t3,t3,-129
   13674:	000a8463          	beqz	s5,1367c <_vfprintf_r+0x186c>
   13678:	debfe06f          	j	12462 <_vfprintf_r+0x652>
   1367c:	a2090d63          	beqz	s2,128b6 <_vfprintf_r+0xaa6>
   13680:	de3fe06f          	j	12462 <_vfprintf_r+0x652>
   13684:	ec3a                	sd	a4,24(sp)
   13686:	87ca                	mv	a5,s2
   13688:	d57fe06f          	j	123de <_vfprintf_r+0x5ce>
   1368c:	1682                	slli	a3,a3,0x20
   1368e:	9281                	srli	a3,a3,0x20
   13690:	ec3a                	sd	a4,24(sp)
   13692:	8826                	mv	a6,s1
   13694:	fd9fe06f          	j	1266c <_vfprintf_r+0x85c>
   13698:	67c2                	ld	a5,16(sp)
   1369a:	00f71023          	sh	a5,0(a4)
   1369e:	83dfe06f          	j	11eda <_vfprintf_r+0xca>
   136a2:	4701                	li	a4,0
   136a4:	b11d                	j	132ca <_vfprintf_r+0x14ba>
   136a6:	4681                	li	a3,0
   136a8:	cf3fe06f          	j	1239a <_vfprintf_r+0x58a>
   136ac:	04700793          	li	a5,71
   136b0:	0a714703          	lbu	a4,167(sp)
   136b4:	5fb7d863          	bge	a5,s11,13ca4 <_vfprintf_r+0x1e94>
   136b8:	67e9                	lui	a5,0x1a
   136ba:	f4878793          	addi	a5,a5,-184 # 19f48 <__clzdi2+0x122>
   136be:	7e071f63          	bnez	a4,13ebc <_vfprintf_r+0x20ac>
   136c2:	488d                	li	a7,3
   136c4:	8846                	mv	a6,a7
   136c6:	4a81                	li	s5,0
   136c8:	e082                	sd	zero,64(sp)
   136ca:	fc02                	sd	zero,56(sp)
   136cc:	f002                	sd	zero,32(sp)
   136ce:	cc517057          	vsetivli	zero,2,e8,mf8,ta,ma
   136d2:	8edfe06f          	j	11fbe <_vfprintf_r+0x1ae>
   136d6:	67e9                	lui	a5,0x1a
   136d8:	f3878793          	addi	a5,a5,-200 # 19f38 <__clzdi2+0x112>
   136dc:	b65d                	j	13282 <_vfprintf_r+0x1472>
   136de:	6502                	ld	a0,0(sp)
   136e0:	001a859b          	addiw	a1,s5,1
   136e4:	f072                	sd	t3,32(sp)
   136e6:	fc5fc0ef          	jal	106aa <_malloc_r>
   136ea:	7e02                	ld	t3,32(sp)
   136ec:	87aa                	mv	a5,a0
   136ee:	7e050d63          	beqz	a0,13ee8 <_vfprintf_r+0x20d8>
   136f2:	65ee                	ld	a1,216(sp)
   136f4:	f03e                	sd	a5,32(sp)
   136f6:	ec82                	sd	zero,88(sp)
   136f8:	654e                	ld	a0,208(sp)
   136fa:	0005c463          	bltz	a1,13702 <_vfprintf_r+0x18f2>
   136fe:	a6dfe06f          	j	1216a <_vfprintf_r+0x35a>
   13702:	577d                	li	a4,-1
   13704:	177e                	slli	a4,a4,0x3f
   13706:	8db9                	xor	a1,a1,a4
   13708:	02d00713          	li	a4,45
   1370c:	ecba                	sd	a4,88(sp)
   1370e:	a5dfe06f          	j	1216a <_vfprintf_r+0x35a>
   13712:	07800793          	li	a5,120
   13716:	a33fe06f          	j	12148 <_vfprintf_r+0x338>
   1371a:	740b4963          	bltz	s6,13e6c <_vfprintf_r+0x205c>
   1371e:	ec82                	sd	zero,88(sp)
   13720:	4a99                	li	s5,6
   13722:	04600793          	li	a5,70
   13726:	30f91563          	bne	s2,a5,13a30 <_vfprintf_r+0x1c20>
   1372a:	6502                	ld	a0,0(sp)
   1372c:	191c                	addi	a5,sp,176
   1372e:	8756                	mv	a4,s5
   13730:	468d                	li	a3,3
   13732:	865a                	mv	a2,s6
   13734:	0c810893          	addi	a7,sp,200
   13738:	0b410813          	addi	a6,sp,180
   1373c:	85a6                	mv	a1,s1
   1373e:	f872                	sd	t3,48(sp)
   13740:	49a010ef          	jal	14bda <_ldtoa_r>
   13744:	00054603          	lbu	a2,0(a0)
   13748:	03000693          	li	a3,48
   1374c:	7e42                	ld	t3,48(sp)
   1374e:	87aa                	mv	a5,a0
   13750:	01550733          	add	a4,a0,s5
   13754:	66d60763          	beq	a2,a3,13dc2 <_vfprintf_r+0x1fb2>
   13758:	56ca                	lw	a3,176(sp)
   1375a:	00d70c33          	add	s8,a4,a3
   1375e:	8526                	mv	a0,s1
   13760:	85da                	mv	a1,s6
   13762:	4601                	li	a2,0
   13764:	4681                	li	a3,0
   13766:	fc72                	sd	t3,56(sp)
   13768:	f83e                	sd	a5,48(sp)
   1376a:	490050ef          	jal	18bfa <__eqtf2>
   1376e:	77c2                	ld	a5,48(sp)
   13770:	7e62                	ld	t3,56(sp)
   13772:	56050c63          	beqz	a0,13cea <_vfprintf_r+0x1eda>
   13776:	68ae                	ld	a7,200(sp)
   13778:	7388f963          	bgeu	a7,s8,13eaa <_vfprintf_r+0x209a>
   1377c:	03000693          	li	a3,48
   13780:	00188713          	addi	a4,a7,1
   13784:	e5ba                	sd	a4,200(sp)
   13786:	00d88023          	sb	a3,0(a7)
   1378a:	68ae                	ld	a7,200(sp)
   1378c:	ff88eae3          	bltu	a7,s8,13780 <_vfprintf_r+0x1970>
   13790:	40f888b3          	sub	a7,a7,a5
   13794:	0008869b          	sext.w	a3,a7
   13798:	04700713          	li	a4,71
   1379c:	f836                	sd	a3,48(sp)
   1379e:	54ca                	lw	s1,176(sp)
   137a0:	0ae90063          	beq	s2,a4,13840 <_vfprintf_r+0x1a30>
   137a4:	04600713          	li	a4,70
   137a8:	0ae91263          	bne	s2,a4,1384c <_vfprintf_r+0x1a3c>
   137ac:	001e7713          	andi	a4,t3,1
   137b0:	00eae733          	or	a4,s5,a4
   137b4:	2701                	sext.w	a4,a4
   137b6:	62905e63          	blez	s1,13df2 <_vfprintf_r+0x1fe2>
   137ba:	5e071963          	bnez	a4,13dac <_vfprintf_r+0x1f9c>
   137be:	88a6                	mv	a7,s1
   137c0:	06600d93          	li	s11,102
   137c4:	400e7f13          	andi	t5,t3,1024
   137c8:	4e0f1463          	bnez	t5,13cb0 <_vfprintf_r+0x1ea0>
   137cc:	0008881b          	sext.w	a6,a7
   137d0:	0008d363          	bgez	a7,137d6 <_vfprintf_r+0x19c6>
   137d4:	4801                	li	a6,0
   137d6:	6766                	ld	a4,88(sp)
   137d8:	34070b63          	beqz	a4,13b2e <_vfprintf_r+0x1d1e>
   137dc:	02d00713          	li	a4,45
   137e0:	0ae103a3          	sb	a4,167(sp)
   137e4:	2805                	addiw	a6,a6,1
   137e6:	7e02                	ld	t3,32(sp)
   137e8:	4a81                	li	s5,0
   137ea:	f002                	sd	zero,32(sp)
   137ec:	e082                	sd	zero,64(sp)
   137ee:	fc02                	sd	zero,56(sp)
   137f0:	cc517057          	vsetivli	zero,2,e8,mf8,ta,ma
   137f4:	fcafe06f          	j	11fbe <_vfprintf_r+0x1ae>
   137f8:	000b5863          	bgez	s6,13808 <_vfprintf_r+0x19f8>
   137fc:	17fe                	slli	a5,a5,0x3f
   137fe:	00fb4b33          	xor	s6,s6,a5
   13802:	02d00793          	li	a5,45
   13806:	ecbe                	sd	a5,88(sp)
   13808:	6502                	ld	a0,0(sp)
   1380a:	191c                	addi	a5,sp,176
   1380c:	0c810893          	addi	a7,sp,200
   13810:	0b410813          	addi	a6,sp,180
   13814:	4705                	li	a4,1
   13816:	4689                	li	a3,2
   13818:	85a6                	mv	a1,s1
   1381a:	865a                	mv	a2,s6
   1381c:	fc72                	sd	t3,56(sp)
   1381e:	3bc010ef          	jal	14bda <_ldtoa_r>
   13822:	7e62                	ld	t3,56(sp)
   13824:	4a85                	li	s5,1
   13826:	87aa                	mv	a5,a0
   13828:	f856                	sd	s5,48(sp)
   1382a:	001e7713          	andi	a4,t3,1
   1382e:	38071d63          	bnez	a4,13bc8 <_vfprintf_r+0x1db8>
   13832:	68ae                	ld	a7,200(sp)
   13834:	54ca                	lw	s1,176(sp)
   13836:	40f888b3          	sub	a7,a7,a5
   1383a:	0008871b          	sext.w	a4,a7
   1383e:	f83a                	sd	a4,48(sp)
   13840:	ffd4a713          	slti	a4,s1,-3
   13844:	e319                	bnez	a4,1384a <_vfprintf_r+0x1a3a>
   13846:	0e9ad563          	bge	s5,s1,13930 <_vfprintf_r+0x1b20>
   1384a:	3df9                	addiw	s11,s11,-2
   1384c:	fff4871b          	addiw	a4,s1,-1
   13850:	0bb10c23          	sb	s11,184(sp)
   13854:	d93a                	sw	a4,176(sp)
   13856:	4e074a63          	bltz	a4,13d4a <_vfprintf_r+0x1f3a>
   1385a:	02b00693          	li	a3,43
   1385e:	0ad10ca3          	sb	a3,185(sp)
   13862:	46a5                	li	a3,9
   13864:	4ee6dc63          	bge	a3,a4,13d5c <_vfprintf_r+0x1f4c>
   13868:	fc72                	sd	t3,56(sp)
   1386a:	f002                	sd	zero,32(sp)
   1386c:	0c710f93          	addi	t6,sp,199
   13870:	666668b7          	lui	a7,0x66666
   13874:	857e                	mv	a0,t6
   13876:	66788893          	addi	a7,a7,1639 # 66666667 <__BSS_END__+0x66649d97>
   1387a:	06300f13          	li	t5,99
   1387e:	031706b3          	mul	a3,a4,a7
   13882:	41f7561b          	sraiw	a2,a4,0x1f
   13886:	883a                	mv	a6,a4
   13888:	85aa                	mv	a1,a0
   1388a:	157d                	addi	a0,a0,-1
   1388c:	9689                	srai	a3,a3,0x22
   1388e:	9e91                	subw	a3,a3,a2
   13890:	0026961b          	slliw	a2,a3,0x2
   13894:	9e35                	addw	a2,a2,a3
   13896:	0016161b          	slliw	a2,a2,0x1
   1389a:	9f11                	subw	a4,a4,a2
   1389c:	0307071b          	addiw	a4,a4,48
   138a0:	fee58fa3          	sb	a4,-1(a1)
   138a4:	8736                	mv	a4,a3
   138a6:	fd0f4ce3          	blt	t5,a6,1387e <_vfprintf_r+0x1a6e>
   138aa:	0306871b          	addiw	a4,a3,48
   138ae:	fee50fa3          	sb	a4,-1(a0)
   138b2:	ffe58513          	addi	a0,a1,-2
   138b6:	5df57b63          	bgeu	a0,t6,13e8c <_vfprintf_r+0x207c>
   138ba:	0c910693          	addi	a3,sp,201
   138be:	8e8d                	sub	a3,a3,a1
   138c0:	0ba10613          	addi	a2,sp,186
   138c4:	0c06f757          	vsetvli	a4,a3,e8,m1,ta,ma
   138c8:	02050087          	vle8.v	v1,(a0)
   138cc:	8e99                	sub	a3,a3,a4
   138ce:	953a                	add	a0,a0,a4
   138d0:	020600a7          	vse8.v	v1,(a2)
   138d4:	963a                	add	a2,a2,a4
   138d6:	f6fd                	bnez	a3,138c4 <_vfprintf_r+0x1ab4>
   138d8:	0ba10713          	addi	a4,sp,186
   138dc:	977e                	add	a4,a4,t6
   138de:	0709                	addi	a4,a4,2
   138e0:	8f0d                	sub	a4,a4,a1
   138e2:	1934                	addi	a3,sp,184
   138e4:	9f15                	subw	a4,a4,a3
   138e6:	f4ba                	sd	a4,104(sp)
   138e8:	7642                	ld	a2,48(sp)
   138ea:	7726                	ld	a4,104(sp)
   138ec:	4685                	li	a3,1
   138ee:	9f31                	addw	a4,a4,a2
   138f0:	88ba                	mv	a7,a4
   138f2:	3ac6d463          	bge	a3,a2,13c9a <_vfprintf_r+0x1e8a>
   138f6:	66a6                	ld	a3,72(sp)
   138f8:	00e688bb          	addw	a7,a3,a4
   138fc:	7762                	ld	a4,56(sp)
   138fe:	0008881b          	sext.w	a6,a7
   13902:	bff77f13          	andi	t5,a4,-1025
   13906:	100f6e13          	ori	t3,t5,256
   1390a:	0008d363          	bgez	a7,13910 <_vfprintf_r+0x1b00>
   1390e:	4801                	li	a6,0
   13910:	7762                	ld	a4,56(sp)
   13912:	00277493          	andi	s1,a4,2
   13916:	6766                	ld	a4,88(sp)
   13918:	2e070163          	beqz	a4,13bfa <_vfprintf_r+0x1dea>
   1391c:	02d00513          	li	a0,45
   13920:	0aa103a3          	sb	a0,167(sp)
   13924:	4a81                	li	s5,0
   13926:	cc517057          	vsetivli	zero,2,e8,mf8,ta,ma
   1392a:	2805                	addiw	a6,a6,1
   1392c:	addfe06f          	j	12408 <_vfprintf_r+0x5f8>
   13930:	7742                	ld	a4,48(sp)
   13932:	02e4c663          	blt	s1,a4,1395e <_vfprintf_r+0x1b4e>
   13936:	001e7713          	andi	a4,t3,1
   1393a:	88a6                	mv	a7,s1
   1393c:	c701                	beqz	a4,13944 <_vfprintf_r+0x1b34>
   1393e:	6726                	ld	a4,72(sp)
   13940:	009708bb          	addw	a7,a4,s1
   13944:	400e7f13          	andi	t5,t3,1024
   13948:	000f0463          	beqz	t5,13950 <_vfprintf_r+0x1b40>
   1394c:	36904063          	bgtz	s1,13cac <_vfprintf_r+0x1e9c>
   13950:	0008881b          	sext.w	a6,a7
   13954:	0208c363          	bltz	a7,1397a <_vfprintf_r+0x1b6a>
   13958:	06700d93          	li	s11,103
   1395c:	bdad                	j	137d6 <_vfprintf_r+0x19c6>
   1395e:	6726                	ld	a4,72(sp)
   13960:	06700d93          	li	s11,103
   13964:	011708bb          	addw	a7,a4,a7
   13968:	e4904ee3          	bgtz	s1,137c4 <_vfprintf_r+0x19b4>
   1396c:	409888bb          	subw	a7,a7,s1
   13970:	2885                	addiw	a7,a7,1
   13972:	0008881b          	sext.w	a6,a7
   13976:	fe08d1e3          	bgez	a7,13958 <_vfprintf_r+0x1b48>
   1397a:	4801                	li	a6,0
   1397c:	06700d93          	li	s11,103
   13980:	bd99                	j	137d6 <_vfprintf_r+0x19c6>
   13982:	8bbe                	mv	s7,a5
   13984:	fcea                	sd	s10,120(sp)
   13986:	7786                	ld	a5,96(sp)
   13988:	6e0a                	ld	t3,128(sp)
   1398a:	6d66                	ld	s10,88(sp)
   1398c:	684a                	ld	a6,144(sp)
   1398e:	6cea                	ld	s9,152(sp)
   13990:	8de2                	mv	s11,s8
   13992:	893a                	mv	s2,a4
   13994:	8c16                	mv	s8,t0
   13996:	afbc7363          	bgeu	s8,s11,12c7c <_vfprintf_r+0xe6c>
   1399a:	8de2                	mv	s11,s8
   1399c:	ae0ff06f          	j	12c7c <_vfprintf_r+0xe6c>
   139a0:	41868693          	addi	a3,a3,1048
   139a4:	967fe06f          	j	1230a <_vfprintf_r+0x4fa>
   139a8:	65a2                	ld	a1,8(sp)
   139aa:	6502                	ld	a0,0(sp)
   139ac:	1190                	addi	a2,sp,224
   139ae:	ecc2                	sd	a6,88(sp)
   139b0:	e0f2                	sd	t3,64(sp)
   139b2:	fc3e                	sd	a5,56(sp)
   139b4:	5ec000ef          	jal	13fa0 <__sprint_r>
   139b8:	92051963          	bnez	a0,12aea <_vfprintf_r+0xcda>
   139bc:	564a                	lw	a2,176(sp)
   139be:	794e                	ld	s2,240(sp)
   139c0:	6866                	ld	a6,88(sp)
   139c2:	6e06                	ld	t3,64(sp)
   139c4:	77e2                	ld	a5,56(sp)
   139c6:	8bce                	mv	s7,s3
   139c8:	fbcff06f          	j	13184 <_vfprintf_r+0x1374>
   139cc:	84d6                	mv	s1,s5
   139ce:	91eff06f          	j	12aec <_vfprintf_r+0xcdc>
   139d2:	02d00793          	li	a5,45
   139d6:	0af103a3          	sb	a5,167(sp)
   139da:	04700793          	li	a5,71
   139de:	23b7df63          	bge	a5,s11,13c1c <_vfprintf_r+0x1e0c>
   139e2:	67e9                	lui	a5,0x1a
   139e4:	f3878793          	addi	a5,a5,-200 # 19f38 <__clzdi2+0x112>
   139e8:	b261                	j	13370 <_vfprintf_r+0x1560>
   139ea:	6502                	ld	a0,0(sp)
   139ec:	1190                	addi	a2,sp,224
   139ee:	85d6                	mv	a1,s5
   139f0:	fc16                	sd	t0,56(sp)
   139f2:	5ae000ef          	jal	13fa0 <__sprint_r>
   139f6:	f979                	bnez	a0,139cc <_vfprintf_r+0x1bbc>
   139f8:	66e9                	lui	a3,0x1a
   139fa:	41868893          	addi	a7,a3,1048 # 1a418 <zeroes.0>
   139fe:	000d4603          	lbu	a2,0(s10)
   13a02:	774e                	ld	a4,240(sp)
   13a04:	72e2                	ld	t0,56(sp)
   13a06:	87ce                	mv	a5,s3
   13a08:	469d                	li	a3,7
   13a0a:	bc75                	j	134c6 <_vfprintf_r+0x16b6>
   13a0c:	65a2                	ld	a1,8(sp)
   13a0e:	6502                	ld	a0,0(sp)
   13a10:	1190                	addi	a2,sp,224
   13a12:	ecc2                	sd	a6,88(sp)
   13a14:	e0f2                	sd	t3,64(sp)
   13a16:	fc3e                	sd	a5,56(sp)
   13a18:	588000ef          	jal	13fa0 <__sprint_r>
   13a1c:	8c051763          	bnez	a0,12aea <_vfprintf_r+0xcda>
   13a20:	5aca                	lw	s5,176(sp)
   13a22:	794e                	ld	s2,240(sp)
   13a24:	6866                	ld	a6,88(sp)
   13a26:	6e06                	ld	t3,64(sp)
   13a28:	77e2                	ld	a5,56(sp)
   13a2a:	8bce                	mv	s7,s3
   13a2c:	a7eff06f          	j	12caa <_vfprintf_r+0xe9a>
   13a30:	fbb90793          	addi	a5,s2,-69
   13a34:	6502                	ld	a0,0(sp)
   13a36:	0017b793          	seqz	a5,a5
   13a3a:	015787bb          	addw	a5,a5,s5
   13a3e:	873e                	mv	a4,a5
   13a40:	f83e                	sd	a5,48(sp)
   13a42:	0c810893          	addi	a7,sp,200
   13a46:	191c                	addi	a5,sp,176
   13a48:	0b410813          	addi	a6,sp,180
   13a4c:	4689                	li	a3,2
   13a4e:	85a6                	mv	a1,s1
   13a50:	865a                	mv	a2,s6
   13a52:	fc72                	sd	t3,56(sp)
   13a54:	186010ef          	jal	14bda <_ldtoa_r>
   13a58:	04700713          	li	a4,71
   13a5c:	7e62                	ld	t3,56(sp)
   13a5e:	87aa                	mv	a5,a0
   13a60:	dce905e3          	beq	s2,a4,1382a <_vfprintf_r+0x1a1a>
   13a64:	fc2a                	sd	a0,56(sp)
   13a66:	85da                	mv	a1,s6
   13a68:	8526                	mv	a0,s1
   13a6a:	4601                	li	a2,0
   13a6c:	4681                	li	a3,0
   13a6e:	e0f2                	sd	t3,64(sp)
   13a70:	18a050ef          	jal	18bfa <__eqtf2>
   13a74:	77e2                	ld	a5,56(sp)
   13a76:	6e06                	ld	t3,64(sp)
   13a78:	48050163          	beqz	a0,13efa <_vfprintf_r+0x20ea>
   13a7c:	7742                	ld	a4,48(sp)
   13a7e:	68ae                	ld	a7,200(sp)
   13a80:	00e78c33          	add	s8,a5,a4
   13a84:	cf88ece3          	bltu	a7,s8,1377c <_vfprintf_r+0x196c>
   13a88:	40f8873b          	subw	a4,a7,a5
   13a8c:	54ca                	lw	s1,176(sp)
   13a8e:	f83a                	sd	a4,48(sp)
   13a90:	bb75                	j	1384c <_vfprintf_r+0x1a3c>
   13a92:	001e7713          	andi	a4,t3,1
   13a96:	b60711e3          	bnez	a4,135f8 <_vfprintf_r+0x17e8>
   13a9a:	cc517057          	vsetivli	zero,2,e8,mf8,ta,ma
   13a9e:	da8fe06f          	j	12046 <_vfprintf_r+0x236>
   13aa2:	ec26                	sd	s1,24(sp)
   13aa4:	18070e63          	beqz	a4,13c40 <_vfprintf_r+0x1e30>
   13aa8:	001a881b          	addiw	a6,s5,1
   13aac:	88d6                	mv	a7,s5
   13aae:	e082                	sd	zero,64(sp)
   13ab0:	4a81                	li	s5,0
   13ab2:	fc02                	sd	zero,56(sp)
   13ab4:	4481                	li	s1,0
   13ab6:	cc517057          	vsetivli	zero,2,e8,mf8,ta,ma
   13aba:	d04fe06f          	j	11fbe <_vfprintf_r+0x1ae>
   13abe:	662a                	ld	a2,136(sp)
   13ac0:	75c6                	ld	a1,112(sp)
   13ac2:	e0c6                	sd	a7,64(sp)
   13ac4:	40c78333          	sub	t1,a5,a2
   13ac8:	851a                	mv	a0,t1
   13aca:	fc42                	sd	a6,56(sp)
   13acc:	f872                	sd	t3,48(sp)
   13ace:	f01a                	sd	t1,32(sp)
   13ad0:	4a9000ef          	jal	14778 <strncpy>
   13ad4:	ccccd7b7          	lui	a5,0xccccd
   13ad8:	ccd78793          	addi	a5,a5,-819 # ffffffffcccccccd <__BSS_END__+0xffffffffcccb03fd>
   13adc:	02079713          	slli	a4,a5,0x20
   13ae0:	973e                	add	a4,a4,a5
   13ae2:	02e93933          	mulhu	s2,s2,a4
   13ae6:	0014c683          	lbu	a3,1(s1)
   13aea:	7302                	ld	t1,32(sp)
   13aec:	7e42                	ld	t3,48(sp)
   13aee:	00d036b3          	snez	a3,a3
   13af2:	94b6                	add	s1,s1,a3
   13af4:	7862                	ld	a6,56(sp)
   13af6:	6886                	ld	a7,64(sp)
   13af8:	fff30793          	addi	a5,t1,-1
   13afc:	4585                	li	a1,1
   13afe:	00395913          	srli	s2,s2,0x3
   13b02:	02e93733          	mulhu	a4,s2,a4
   13b06:	cc517057          	vsetivli	zero,2,e8,mf8,ta,ma
   13b0a:	00375693          	srli	a3,a4,0x3
   13b0e:	00269713          	slli	a4,a3,0x2
   13b12:	9736                	add	a4,a4,a3
   13b14:	0706                	slli	a4,a4,0x1
   13b16:	40e90733          	sub	a4,s2,a4
   13b1a:	0307071b          	addiw	a4,a4,48
   13b1e:	fee30fa3          	sb	a4,-1(t1)
   13b22:	a9dfe06f          	j	125be <_vfprintf_r+0x7ae>
   13b26:	42868693          	addi	a3,a3,1064
   13b2a:	a40ff06f          	j	12d6a <_vfprintf_r+0xf5a>
   13b2e:	0a714703          	lbu	a4,167(sp)
   13b32:	ca070ae3          	beqz	a4,137e6 <_vfprintf_r+0x19d6>
   13b36:	2805                	addiw	a6,a6,1
   13b38:	b17d                	j	137e6 <_vfprintf_r+0x19d6>
   13b3a:	65a2                	ld	a1,8(sp)
   13b3c:	6502                	ld	a0,0(sp)
   13b3e:	1190                	addi	a2,sp,224
   13b40:	e0c2                	sd	a6,64(sp)
   13b42:	fc72                	sd	t3,56(sp)
   13b44:	45c000ef          	jal	13fa0 <__sprint_r>
   13b48:	c119                	beqz	a0,13b4e <_vfprintf_r+0x1d3e>
   13b4a:	fa1fe06f          	j	12aea <_vfprintf_r+0xcda>
   13b4e:	5aca                	lw	s5,176(sp)
   13b50:	77c2                	ld	a5,48(sp)
   13b52:	794e                	ld	s2,240(sp)
   13b54:	6806                	ld	a6,64(sp)
   13b56:	7e62                	ld	t3,56(sp)
   13b58:	8bce                	mv	s7,s3
   13b5a:	41578abb          	subw	s5,a5,s5
   13b5e:	982ff06f          	j	12ce0 <_vfprintf_r+0xed0>
   13b62:	8f26                	mv	t5,s1
   13b64:	9b5fe06f          	j	12518 <_vfprintf_r+0x708>
   13b68:	8f26                	mv	t5,s1
   13b6a:	b40ff06f          	j	12eaa <_vfprintf_r+0x109a>
   13b6e:	56c1                	li	a3,-16
   13b70:	40c00abb          	negw	s5,a2
   13b74:	34d65063          	bge	a2,a3,13eb4 <_vfprintf_r+0x20a4>
   13b78:	66e9                	lui	a3,0x1a
   13b7a:	fc3e                	sd	a5,56(sp)
   13b7c:	4b41                	li	s6,16
   13b7e:	87ca                	mv	a5,s2
   13b80:	4d9d                	li	s11,7
   13b82:	8c72                	mv	s8,t3
   13b84:	8942                	mv	s2,a6
   13b86:	41868493          	addi	s1,a3,1048 # 1a418 <zeroes.0>
   13b8a:	a021                	j	13b92 <_vfprintf_r+0x1d82>
   13b8c:	3ac1                	addiw	s5,s5,-16
   13b8e:	0d5b5363          	bge	s6,s5,13c54 <_vfprintf_r+0x1e44>
   13b92:	07c1                	addi	a5,a5,16
   13b94:	2705                	addiw	a4,a4,1
   13b96:	009bb023          	sd	s1,0(s7)
   13b9a:	016bb423          	sd	s6,8(s7)
   13b9e:	f9be                	sd	a5,240(sp)
   13ba0:	d5ba                	sw	a4,232(sp)
   13ba2:	0bc1                	addi	s7,s7,16
   13ba4:	feedd4e3          	bge	s11,a4,13b8c <_vfprintf_r+0x1d7c>
   13ba8:	65a2                	ld	a1,8(sp)
   13baa:	6502                	ld	a0,0(sp)
   13bac:	1190                	addi	a2,sp,224
   13bae:	3f2000ef          	jal	13fa0 <__sprint_r>
   13bb2:	c119                	beqz	a0,13bb8 <_vfprintf_r+0x1da8>
   13bb4:	f37fe06f          	j	12aea <_vfprintf_r+0xcda>
   13bb8:	77ce                	ld	a5,240(sp)
   13bba:	572e                	lw	a4,232(sp)
   13bbc:	8bce                	mv	s7,s3
   13bbe:	b7f9                	j	13b8c <_vfprintf_r+0x1d7c>
   13bc0:	42868693          	addi	a3,a3,1064
   13bc4:	ff9fe06f          	j	12bbc <_vfprintf_r+0xdac>
   13bc8:	8526                	mv	a0,s1
   13bca:	85da                	mv	a1,s6
   13bcc:	4601                	li	a2,0
   13bce:	4681                	li	a3,0
   13bd0:	e0f2                	sd	t3,64(sp)
   13bd2:	fc3e                	sd	a5,56(sp)
   13bd4:	026050ef          	jal	18bfa <__eqtf2>
   13bd8:	77e2                	ld	a5,56(sp)
   13bda:	6e06                	ld	t3,64(sp)
   13bdc:	1e050063          	beqz	a0,13dbc <_vfprintf_r+0x1fac>
   13be0:	7742                	ld	a4,48(sp)
   13be2:	68ae                	ld	a7,200(sp)
   13be4:	00e78c33          	add	s8,a5,a4
   13be8:	b988eae3          	bltu	a7,s8,1377c <_vfprintf_r+0x196c>
   13bec:	40f888b3          	sub	a7,a7,a5
   13bf0:	0008871b          	sext.w	a4,a7
   13bf4:	54ca                	lw	s1,176(sp)
   13bf6:	f83a                	sd	a4,48(sp)
   13bf8:	b1a1                	j	13840 <_vfprintf_r+0x1a30>
   13bfa:	0a714503          	lbu	a0,167(sp)
   13bfe:	4a81                	li	s5,0
   13c00:	cc517057          	vsetivli	zero,2,e8,mf8,ta,ma
   13c04:	c119                	beqz	a0,13c0a <_vfprintf_r+0x1dfa>
   13c06:	883fe06f          	j	12488 <_vfprintf_r+0x678>
   13c0a:	ffefe06f          	j	12408 <_vfprintf_r+0x5f8>
   13c0e:	41868693          	addi	a3,a3,1048
   13c12:	da9fe06f          	j	129ba <_vfprintf_r+0xbaa>
   13c16:	c31c                	sw	a5,0(a4)
   13c18:	ac2fe06f          	j	11eda <_vfprintf_r+0xca>
   13c1c:	67e9                	lui	a5,0x1a
   13c1e:	f3078793          	addi	a5,a5,-208 # 19f30 <__clzdi2+0x10a>
   13c22:	f4eff06f          	j	13370 <_vfprintf_r+0x1560>
   13c26:	57fd                	li	a5,-1
   13c28:	17fe                	slli	a5,a5,0x3f
   13c2a:	8dbd                	xor	a1,a1,a5
   13c2c:	02d00793          	li	a5,45
   13c30:	ecbe                	sd	a5,88(sp)
   13c32:	f002                	sd	zero,32(sp)
   13c34:	19bc                	addi	a5,sp,248
   13c36:	d34fe06f          	j	1216a <_vfprintf_r+0x35a>
   13c3a:	0bc1                	addi	s7,s7,16
   13c3c:	d72ff06f          	j	131ae <_vfprintf_r+0x139e>
   13c40:	88d6                	mv	a7,s5
   13c42:	8856                	mv	a6,s5
   13c44:	e082                	sd	zero,64(sp)
   13c46:	4a81                	li	s5,0
   13c48:	fc02                	sd	zero,56(sp)
   13c4a:	4481                	li	s1,0
   13c4c:	cc517057          	vsetivli	zero,2,e8,mf8,ta,ma
   13c50:	b6efe06f          	j	11fbe <_vfprintf_r+0x1ae>
   13c54:	884a                	mv	a6,s2
   13c56:	893e                	mv	s2,a5
   13c58:	77e2                	ld	a5,56(sp)
   13c5a:	8e62                	mv	t3,s8
   13c5c:	86a6                	mv	a3,s1
   13c5e:	9956                	add	s2,s2,s5
   13c60:	2705                	addiw	a4,a4,1
   13c62:	00dbb023          	sd	a3,0(s7)
   13c66:	f9ca                	sd	s2,240(sp)
   13c68:	d5ba                	sw	a4,232(sp)
   13c6a:	015bb423          	sd	s5,8(s7)
   13c6e:	469d                	li	a3,7
   13c70:	fce6d5e3          	bge	a3,a4,13c3a <_vfprintf_r+0x1e2a>
   13c74:	65a2                	ld	a1,8(sp)
   13c76:	6502                	ld	a0,0(sp)
   13c78:	1190                	addi	a2,sp,224
   13c7a:	ecc2                	sd	a6,88(sp)
   13c7c:	e0f2                	sd	t3,64(sp)
   13c7e:	fc3e                	sd	a5,56(sp)
   13c80:	320000ef          	jal	13fa0 <__sprint_r>
   13c84:	c119                	beqz	a0,13c8a <_vfprintf_r+0x1e7a>
   13c86:	e65fe06f          	j	12aea <_vfprintf_r+0xcda>
   13c8a:	794e                	ld	s2,240(sp)
   13c8c:	572e                	lw	a4,232(sp)
   13c8e:	6866                	ld	a6,88(sp)
   13c90:	6e06                	ld	t3,64(sp)
   13c92:	77e2                	ld	a5,56(sp)
   13c94:	8bce                	mv	s7,s3
   13c96:	d18ff06f          	j	131ae <_vfprintf_r+0x139e>
   13c9a:	76e2                	ld	a3,56(sp)
   13c9c:	8a85                	andi	a3,a3,1
   13c9e:	c4068fe3          	beqz	a3,138fc <_vfprintf_r+0x1aec>
   13ca2:	b991                	j	138f6 <_vfprintf_r+0x1ae6>
   13ca4:	67e9                	lui	a5,0x1a
   13ca6:	f4078793          	addi	a5,a5,-192 # 19f40 <__clzdi2+0x11a>
   13caa:	bc11                	j	136be <_vfprintf_r+0x18ae>
   13cac:	06700d93          	li	s11,103
   13cb0:	7666                	ld	a2,120(sp)
   13cb2:	00064703          	lbu	a4,0(a2)
   13cb6:	f0170693          	addi	a3,a4,-255
   13cba:	20068b63          	beqz	a3,13ed0 <_vfprintf_r+0x20c0>
   13cbe:	20975963          	bge	a4,s1,13ed0 <_vfprintf_r+0x20c0>
   13cc2:	46aa                	lw	a3,136(sp)
   13cc4:	4801                	li	a6,0
   13cc6:	4501                	li	a0,0
   13cc8:	a809                	j	13cda <_vfprintf_r+0x1eca>
   13cca:	2505                	addiw	a0,a0,1
   13ccc:	0605                	addi	a2,a2,1
   13cce:	f0170593          	addi	a1,a4,-255
   13cd2:	2701                	sext.w	a4,a4
   13cd4:	cdd1                	beqz	a1,13d70 <_vfprintf_r+0x1f60>
   13cd6:	08975d63          	bge	a4,s1,13d70 <_vfprintf_r+0x1f60>
   13cda:	9c99                	subw	s1,s1,a4
   13cdc:	00164703          	lbu	a4,1(a2)
   13ce0:	f76d                	bnez	a4,13cca <_vfprintf_r+0x1eba>
   13ce2:	00064703          	lbu	a4,0(a2)
   13ce6:	2805                	addiw	a6,a6,1
   13ce8:	b7dd                	j	13cce <_vfprintf_r+0x1ebe>
   13cea:	40fc073b          	subw	a4,s8,a5
   13cee:	54ca                	lw	s1,176(sp)
   13cf0:	f83a                	sd	a4,48(sp)
   13cf2:	bc6d                	j	137ac <_vfprintf_r+0x199c>
   13cf4:	64a2                	ld	s1,8(sp)
   13cf6:	e01fe06f          	j	12af6 <_vfprintf_r+0xce6>
   13cfa:	67e9                	lui	a5,0x1a
   13cfc:	f4078793          	addi	a5,a5,-192 # 19f40 <__clzdi2+0x11a>
   13d00:	e70ff06f          	j	13370 <_vfprintf_r+0x1560>
   13d04:	8c5a                	mv	s8,s6
   13d06:	fffa8b1b          	addiw	s6,s5,-1
   13d0a:	87e6                	mv	a5,s9
   13d0c:	6b86                	ld	s7,64(sp)
   13d0e:	7c86                	ld	s9,96(sp)
   13d10:	000b5463          	bgez	s6,13d18 <_vfprintf_r+0x1f08>
   13d14:	d76fe06f          	j	1228a <_vfprintf_r+0x47a>
   13d18:	0c0076d7          	vsetvli	a3,zero,e8,m1,ta,ma
   13d1c:	03000613          	li	a2,48
   13d20:	5e0640d7          	vmv.v.x	v1,a2
   13d24:	1a82                	slli	s5,s5,0x20
   13d26:	020ada93          	srli	s5,s5,0x20
   13d2a:	86e2                	mv	a3,s8
   13d2c:	0c0af757          	vsetvli	a4,s5,e8,m1,ta,ma
   13d30:	020680a7          	vse8.v	v1,(a3)
   13d34:	40ea8ab3          	sub	s5,s5,a4
   13d38:	96ba                	add	a3,a3,a4
   13d3a:	fe0a99e3          	bnez	s5,13d2c <_vfprintf_r+0x1f1c>
   13d3e:	001c0813          	addi	a6,s8,1
   13d42:	01680c33          	add	s8,a6,s6
   13d46:	d44fe06f          	j	1228a <_vfprintf_r+0x47a>
   13d4a:	02d00713          	li	a4,45
   13d4e:	0ae10ca3          	sb	a4,185(sp)
   13d52:	56e1                	li	a3,-8
   13d54:	4705                	li	a4,1
   13d56:	9f05                	subw	a4,a4,s1
   13d58:	b0d4c8e3          	blt	s1,a3,13868 <_vfprintf_r+0x1a58>
   13d5c:	03000693          	li	a3,48
   13d60:	0ad10d23          	sb	a3,186(sp)
   13d64:	fc72                	sd	t3,56(sp)
   13d66:	f002                	sd	zero,32(sp)
   13d68:	0bb10693          	addi	a3,sp,187
   13d6c:	d52fe06f          	j	122be <_vfprintf_r+0x4ae>
   13d70:	00a8073b          	addw	a4,a6,a0
   13d74:	02d7073b          	mulw	a4,a4,a3
   13d78:	fcb2                	sd	a2,120(sp)
   13d7a:	fc2a                	sd	a0,56(sp)
   13d7c:	e0c2                	sd	a6,64(sp)
   13d7e:	00e888bb          	addw	a7,a7,a4
   13d82:	8746                	mv	a4,a7
   13d84:	0008d363          	bgez	a7,13d8a <_vfprintf_r+0x1f7a>
   13d88:	4701                	li	a4,0
   13d8a:	66e6                	ld	a3,88(sp)
   13d8c:	0007081b          	sext.w	a6,a4
   13d90:	c2f1                	beqz	a3,13e54 <_vfprintf_r+0x2044>
   13d92:	02d00693          	li	a3,45
   13d96:	7e02                	ld	t3,32(sp)
   13d98:	0ad103a3          	sb	a3,167(sp)
   13d9c:	0017081b          	addiw	a6,a4,1
   13da0:	f002                	sd	zero,32(sp)
   13da2:	4a81                	li	s5,0
   13da4:	cc517057          	vsetivli	zero,2,e8,mf8,ta,ma
   13da8:	a16fe06f          	j	11fbe <_vfprintf_r+0x1ae>
   13dac:	6726                	ld	a4,72(sp)
   13dae:	009a88bb          	addw	a7,s5,s1
   13db2:	06600d93          	li	s11,102
   13db6:	00e888bb          	addw	a7,a7,a4
   13dba:	b429                	j	137c4 <_vfprintf_r+0x19b4>
   13dbc:	54ca                	lw	s1,176(sp)
   13dbe:	78c2                	ld	a7,48(sp)
   13dc0:	b441                	j	13840 <_vfprintf_r+0x1a30>
   13dc2:	4601                	li	a2,0
   13dc4:	4681                	li	a3,0
   13dc6:	8526                	mv	a0,s1
   13dc8:	85da                	mv	a1,s6
   13dca:	e0f2                	sd	t3,64(sp)
   13dcc:	fc3e                	sd	a5,56(sp)
   13dce:	f83a                	sd	a4,48(sp)
   13dd0:	62b040ef          	jal	18bfa <__eqtf2>
   13dd4:	7742                	ld	a4,48(sp)
   13dd6:	77e2                	ld	a5,56(sp)
   13dd8:	6e06                	ld	t3,64(sp)
   13dda:	ed1d                	bnez	a0,13e18 <_vfprintf_r+0x2008>
   13ddc:	54ca                	lw	s1,176(sp)
   13dde:	9726                	add	a4,a4,s1
   13de0:	9f1d                	subw	a4,a4,a5
   13de2:	f83a                	sd	a4,48(sp)
   13de4:	b2c1                	j	137a4 <_vfprintf_r+0x1994>
   13de6:	6769                	lui	a4,0x1a
   13de8:	f5070713          	addi	a4,a4,-176 # 19f50 <__clzdi2+0x12a>
   13dec:	f83a                	sd	a4,48(sp)
   13dee:	bbefe06f          	j	121ac <_vfprintf_r+0x39c>
   13df2:	e711                	bnez	a4,13dfe <_vfprintf_r+0x1fee>
   13df4:	4805                	li	a6,1
   13df6:	88c2                	mv	a7,a6
   13df8:	06600d93          	li	s11,102
   13dfc:	bae9                	j	137d6 <_vfprintf_r+0x19c6>
   13dfe:	6726                	ld	a4,72(sp)
   13e00:	0017089b          	addiw	a7,a4,1
   13e04:	015888bb          	addw	a7,a7,s5
   13e08:	0008881b          	sext.w	a6,a7
   13e0c:	fe08d6e3          	bgez	a7,13df8 <_vfprintf_r+0x1fe8>
   13e10:	4801                	li	a6,0
   13e12:	06600d93          	li	s11,102
   13e16:	b2c1                	j	137d6 <_vfprintf_r+0x19c6>
   13e18:	4685                	li	a3,1
   13e1a:	415686bb          	subw	a3,a3,s5
   13e1e:	d936                	sw	a3,176(sp)
   13e20:	ba2d                	j	1375a <_vfprintf_r+0x194a>
   13e22:	02d00713          	li	a4,45
   13e26:	0ae10ca3          	sb	a4,185(sp)
   13e2a:	5661                	li	a2,-8
   13e2c:	4705                	li	a4,1
   13e2e:	9f15                	subw	a4,a4,a3
   13e30:	a2c6cee3          	blt	a3,a2,1386c <_vfprintf_r+0x1a5c>
   13e34:	c86fe06f          	j	122ba <_vfprintf_r+0x4aa>
   13e38:	6762                	ld	a4,24(sp)
   13e3a:	431c                	lw	a5,0(a4)
   13e3c:	0721                	addi	a4,a4,8
   13e3e:	00078a9b          	sext.w	s5,a5
   13e42:	0007d363          	bgez	a5,13e48 <_vfprintf_r+0x2038>
   13e46:	5afd                	li	s5,-1
   13e48:	001cc303          	lbu	t1,1(s9)
   13e4c:	ec3a                	sd	a4,24(sp)
   13e4e:	8cb2                	mv	s9,a2
   13e50:	8fcfe06f          	j	11f4c <_vfprintf_r+0x13c>
   13e54:	0a714683          	lbu	a3,167(sp)
   13e58:	c2b1                	beqz	a3,13e9c <_vfprintf_r+0x208c>
   13e5a:	7e02                	ld	t3,32(sp)
   13e5c:	0017081b          	addiw	a6,a4,1
   13e60:	f002                	sd	zero,32(sp)
   13e62:	4a81                	li	s5,0
   13e64:	cc517057          	vsetivli	zero,2,e8,mf8,ta,ma
   13e68:	956fe06f          	j	11fbe <_vfprintf_r+0x1ae>
   13e6c:	1afe                	slli	s5,s5,0x3f
   13e6e:	02d00793          	li	a5,45
   13e72:	015b4b33          	xor	s6,s6,s5
   13e76:	ecbe                	sd	a5,88(sp)
   13e78:	4a99                	li	s5,6
   13e7a:	b065                	j	13722 <_vfprintf_r+0x1912>
   13e7c:	41868693          	addi	a3,a3,1048
   13e80:	906ff06f          	j	12f86 <_vfprintf_r+0x1176>
   13e84:	41868693          	addi	a3,a3,1048
   13e88:	f0eff06f          	j	13596 <_vfprintf_r+0x1786>
   13e8c:	4709                	li	a4,2
   13e8e:	f4ba                	sd	a4,104(sp)
   13e90:	bca1                	j	138e8 <_vfprintf_r+0x1ad8>
   13e92:	76c2                	ld	a3,48(sp)
   13e94:	00a6c683          	lbu	a3,10(a3)
   13e98:	beefe06f          	j	12286 <_vfprintf_r+0x476>
   13e9c:	7e02                	ld	t3,32(sp)
   13e9e:	4a81                	li	s5,0
   13ea0:	f002                	sd	zero,32(sp)
   13ea2:	cc517057          	vsetivli	zero,2,e8,mf8,ta,ma
   13ea6:	918fe06f          	j	11fbe <_vfprintf_r+0x1ae>
   13eaa:	40f8873b          	subw	a4,a7,a5
   13eae:	54ca                	lw	s1,176(sp)
   13eb0:	f83a                	sd	a4,48(sp)
   13eb2:	b8cd                	j	137a4 <_vfprintf_r+0x1994>
   13eb4:	66e9                	lui	a3,0x1a
   13eb6:	41868693          	addi	a3,a3,1048 # 1a418 <zeroes.0>
   13eba:	b355                	j	13c5e <_vfprintf_r+0x1e4e>
   13ebc:	4a81                	li	s5,0
   13ebe:	e082                	sd	zero,64(sp)
   13ec0:	fc02                	sd	zero,56(sp)
   13ec2:	f002                	sd	zero,32(sp)
   13ec4:	488d                	li	a7,3
   13ec6:	4811                	li	a6,4
   13ec8:	cc517057          	vsetivli	zero,2,e8,mf8,ta,ma
   13ecc:	8f2fe06f          	j	11fbe <_vfprintf_r+0x1ae>
   13ed0:	4701                	li	a4,0
   13ed2:	e082                	sd	zero,64(sp)
   13ed4:	fc02                	sd	zero,56(sp)
   13ed6:	b565                	j	13d7e <_vfprintf_r+0x1f6e>
   13ed8:	7742                	ld	a4,48(sp)
   13eda:	00e78c33          	add	s8,a5,a4
   13ede:	bc65                	j	13996 <_vfprintf_r+0x1b86>
   13ee0:	e082                	sd	zero,64(sp)
   13ee2:	fc02                	sd	zero,56(sp)
   13ee4:	8dafe06f          	j	11fbe <_vfprintf_r+0x1ae>
   13ee8:	64a2                	ld	s1,8(sp)
   13eea:	0104d783          	lhu	a5,16(s1)
   13eee:	0407e793          	ori	a5,a5,64
   13ef2:	00f49823          	sh	a5,16(s1)
   13ef6:	c01fe06f          	j	12af6 <_vfprintf_r+0xce6>
   13efa:	54ca                	lw	s1,176(sp)
   13efc:	ba81                	j	1384c <_vfprintf_r+0x1a3c>

0000000000013efe <vfprintf>:
   13efe:	872a                	mv	a4,a0
   13f00:	2281b503          	ld	a0,552(gp) # 1c2f8 <_impure_ptr>
   13f04:	86b2                	mv	a3,a2
   13f06:	862e                	mv	a2,a1
   13f08:	85ba                	mv	a1,a4
   13f0a:	f07fd06f          	j	11e10 <_vfprintf_r>

0000000000013f0e <__sbprintf>:
   13f0e:	0105d783          	lhu	a5,16(a1)
   13f12:	0ac5ae83          	lw	t4,172(a1)
   13f16:	0125de03          	lhu	t3,18(a1)
   13f1a:	0305b303          	ld	t1,48(a1)
   13f1e:	0405b883          	ld	a7,64(a1)
   13f22:	b2010113          	addi	sp,sp,-1248
   13f26:	9bf5                	andi	a5,a5,-3
   13f28:	0c010813          	addi	a6,sp,192
   13f2c:	40000713          	li	a4,1024
   13f30:	4c813823          	sd	s0,1232(sp)
   13f34:	842e                	mv	s0,a1
   13f36:	080c                	addi	a1,sp,16
   13f38:	4c913423          	sd	s1,1224(sp)
   13f3c:	02f11023          	sh	a5,32(sp)
   13f40:	4c113c23          	sd	ra,1240(sp)
   13f44:	dc02                	sw	zero,56(sp)
   13f46:	df76                	sw	t4,188(sp)
   13f48:	03c11123          	sh	t3,34(sp)
   13f4c:	e09a                	sd	t1,64(sp)
   13f4e:	e8c6                	sd	a7,80(sp)
   13f50:	e842                	sd	a6,16(sp)
   13f52:	f442                	sd	a6,40(sp)
   13f54:	ce3a                	sw	a4,28(sp)
   13f56:	d83a                	sw	a4,48(sp)
   13f58:	84aa                	mv	s1,a0
   13f5a:	eb7fd0ef          	jal	11e10 <_vfprintf_r>
   13f5e:	87aa                	mv	a5,a0
   13f60:	02055763          	bgez	a0,13f8e <__sbprintf+0x80>
   13f64:	02015703          	lhu	a4,32(sp)
   13f68:	04077713          	andi	a4,a4,64
   13f6c:	c719                	beqz	a4,13f7a <__sbprintf+0x6c>
   13f6e:	01045703          	lhu	a4,16(s0)
   13f72:	04076713          	ori	a4,a4,64
   13f76:	00e41823          	sh	a4,16(s0)
   13f7a:	4d813083          	ld	ra,1240(sp)
   13f7e:	4d013403          	ld	s0,1232(sp)
   13f82:	4c813483          	ld	s1,1224(sp)
   13f86:	853e                	mv	a0,a5
   13f88:	4e010113          	addi	sp,sp,1248
   13f8c:	8082                	ret
   13f8e:	e42a                	sd	a0,8(sp)
   13f90:	080c                	addi	a1,sp,16
   13f92:	8526                	mv	a0,s1
   13f94:	27c000ef          	jal	14210 <_fflush_r>
   13f98:	67a2                	ld	a5,8(sp)
   13f9a:	d569                	beqz	a0,13f64 <__sbprintf+0x56>
   13f9c:	57fd                	li	a5,-1
   13f9e:	b7d9                	j	13f64 <__sbprintf+0x56>

0000000000013fa0 <__sprint_r>:
   13fa0:	6a18                	ld	a4,16(a2)
   13fa2:	e709                	bnez	a4,13fac <__sprint_r+0xc>
   13fa4:	4501                	li	a0,0
   13fa6:	00062423          	sw	zero,8(a2)
   13faa:	8082                	ret
   13fac:	1101                	addi	sp,sp,-32
   13fae:	ec06                	sd	ra,24(sp)
   13fb0:	e432                	sd	a2,8(sp)
   13fb2:	2ea000ef          	jal	1429c <__sfvwrite_r>
   13fb6:	67a2                	ld	a5,8(sp)
   13fb8:	60e2                	ld	ra,24(sp)
   13fba:	0007b823          	sd	zero,16(a5)
   13fbe:	0007a423          	sw	zero,8(a5)
   13fc2:	6105                	addi	sp,sp,32
   13fc4:	8082                	ret

0000000000013fc6 <_fclose_r>:
   13fc6:	1101                	addi	sp,sp,-32
   13fc8:	ec06                	sd	ra,24(sp)
   13fca:	e04a                	sd	s2,0(sp)
   13fcc:	cd89                	beqz	a1,13fe6 <_fclose_r+0x20>
   13fce:	e822                	sd	s0,16(sp)
   13fd0:	e426                	sd	s1,8(sp)
   13fd2:	842e                	mv	s0,a1
   13fd4:	84aa                	mv	s1,a0
   13fd6:	c119                	beqz	a0,13fdc <_fclose_r+0x16>
   13fd8:	653c                	ld	a5,72(a0)
   13fda:	c7d9                	beqz	a5,14068 <_fclose_r+0xa2>
   13fdc:	01041783          	lh	a5,16(s0)
   13fe0:	eb89                	bnez	a5,13ff2 <_fclose_r+0x2c>
   13fe2:	6442                	ld	s0,16(sp)
   13fe4:	64a2                	ld	s1,8(sp)
   13fe6:	60e2                	ld	ra,24(sp)
   13fe8:	4901                	li	s2,0
   13fea:	854a                	mv	a0,s2
   13fec:	6902                	ld	s2,0(sp)
   13fee:	6105                	addi	sp,sp,32
   13ff0:	8082                	ret
   13ff2:	85a2                	mv	a1,s0
   13ff4:	8526                	mv	a0,s1
   13ff6:	080000ef          	jal	14076 <__sflush_r>
   13ffa:	683c                	ld	a5,80(s0)
   13ffc:	892a                	mv	s2,a0
   13ffe:	c791                	beqz	a5,1400a <_fclose_r+0x44>
   14000:	780c                	ld	a1,48(s0)
   14002:	8526                	mv	a0,s1
   14004:	9782                	jalr	a5
   14006:	04054663          	bltz	a0,14052 <_fclose_r+0x8c>
   1400a:	01045783          	lhu	a5,16(s0)
   1400e:	0807f793          	andi	a5,a5,128
   14012:	e7b1                	bnez	a5,1405e <_fclose_r+0x98>
   14014:	6c2c                	ld	a1,88(s0)
   14016:	c991                	beqz	a1,1402a <_fclose_r+0x64>
   14018:	07440793          	addi	a5,s0,116
   1401c:	00f58563          	beq	a1,a5,14026 <_fclose_r+0x60>
   14020:	8526                	mv	a0,s1
   14022:	bb3fd0ef          	jal	11bd4 <_free_r>
   14026:	04043c23          	sd	zero,88(s0)
   1402a:	7c2c                	ld	a1,120(s0)
   1402c:	c591                	beqz	a1,14038 <_fclose_r+0x72>
   1402e:	8526                	mv	a0,s1
   14030:	ba5fd0ef          	jal	11bd4 <_free_r>
   14034:	06043c23          	sd	zero,120(s0)
   14038:	bf8fd0ef          	jal	11430 <__sfp_lock_acquire>
   1403c:	00041823          	sh	zero,16(s0)
   14040:	bf2fd0ef          	jal	11432 <__sfp_lock_release>
   14044:	60e2                	ld	ra,24(sp)
   14046:	6442                	ld	s0,16(sp)
   14048:	64a2                	ld	s1,8(sp)
   1404a:	854a                	mv	a0,s2
   1404c:	6902                	ld	s2,0(sp)
   1404e:	6105                	addi	sp,sp,32
   14050:	8082                	ret
   14052:	01045783          	lhu	a5,16(s0)
   14056:	597d                	li	s2,-1
   14058:	0807f793          	andi	a5,a5,128
   1405c:	dfc5                	beqz	a5,14014 <_fclose_r+0x4e>
   1405e:	6c0c                	ld	a1,24(s0)
   14060:	8526                	mv	a0,s1
   14062:	b73fd0ef          	jal	11bd4 <_free_r>
   14066:	b77d                	j	14014 <_fclose_r+0x4e>
   14068:	bb2fd0ef          	jal	1141a <__sinit>
   1406c:	bf85                	j	13fdc <_fclose_r+0x16>

000000000001406e <fclose>:
   1406e:	85aa                	mv	a1,a0
   14070:	2281b503          	ld	a0,552(gp) # 1c2f8 <_impure_ptr>
   14074:	bf89                	j	13fc6 <_fclose_r>

0000000000014076 <__sflush_r>:
   14076:	01059703          	lh	a4,16(a1)
   1407a:	7179                	addi	sp,sp,-48
   1407c:	f022                	sd	s0,32(sp)
   1407e:	e44e                	sd	s3,8(sp)
   14080:	f406                	sd	ra,40(sp)
   14082:	00877793          	andi	a5,a4,8
   14086:	842e                	mv	s0,a1
   14088:	89aa                	mv	s3,a0
   1408a:	e7f1                	bnez	a5,14156 <__sflush_r+0xe0>
   1408c:	6785                	lui	a5,0x1
   1408e:	80078793          	addi	a5,a5,-2048 # 800 <exit-0xf920>
   14092:	4594                	lw	a3,8(a1)
   14094:	8fd9                	or	a5,a5,a4
   14096:	00f59823          	sh	a5,16(a1)
   1409a:	10d05b63          	blez	a3,141b0 <__sflush_r+0x13a>
   1409e:	04843803          	ld	a6,72(s0)
   140a2:	0a080463          	beqz	a6,1414a <__sflush_r+0xd4>
   140a6:	ec26                	sd	s1,24(sp)
   140a8:	03371693          	slli	a3,a4,0x33
   140ac:	0009a483          	lw	s1,0(s3)
   140b0:	0009a023          	sw	zero,0(s3)
   140b4:	1006c563          	bltz	a3,141be <__sflush_r+0x148>
   140b8:	780c                	ld	a1,48(s0)
   140ba:	4601                	li	a2,0
   140bc:	4685                	li	a3,1
   140be:	854e                	mv	a0,s3
   140c0:	9802                	jalr	a6
   140c2:	57fd                	li	a5,-1
   140c4:	862a                	mv	a2,a0
   140c6:	12f50363          	beq	a0,a5,141ec <__sflush_r+0x176>
   140ca:	01041783          	lh	a5,16(s0)
   140ce:	04843803          	ld	a6,72(s0)
   140d2:	8b91                	andi	a5,a5,4
   140d4:	c799                	beqz	a5,140e2 <__sflush_r+0x6c>
   140d6:	4418                	lw	a4,8(s0)
   140d8:	6c3c                	ld	a5,88(s0)
   140da:	8e19                	sub	a2,a2,a4
   140dc:	c399                	beqz	a5,140e2 <__sflush_r+0x6c>
   140de:	583c                	lw	a5,112(s0)
   140e0:	8e1d                	sub	a2,a2,a5
   140e2:	780c                	ld	a1,48(s0)
   140e4:	4681                	li	a3,0
   140e6:	854e                	mv	a0,s3
   140e8:	9802                	jalr	a6
   140ea:	577d                	li	a4,-1
   140ec:	01041783          	lh	a5,16(s0)
   140f0:	0ce51963          	bne	a0,a4,141c2 <__sflush_r+0x14c>
   140f4:	0009a683          	lw	a3,0(s3)
   140f8:	4775                	li	a4,29
   140fa:	10d76463          	bltu	a4,a3,14202 <__sflush_r+0x18c>
   140fe:	20400737          	lui	a4,0x20400
   14102:	0705                	addi	a4,a4,1 # 20400001 <__BSS_END__+0x203e3731>
   14104:	00d75733          	srl	a4,a4,a3
   14108:	8b05                	andi	a4,a4,1
   1410a:	cf65                	beqz	a4,14202 <__sflush_r+0x18c>
   1410c:	6c14                	ld	a3,24(s0)
   1410e:	777d                	lui	a4,0xfffff
   14110:	7ff70713          	addi	a4,a4,2047 # fffffffffffff7ff <__BSS_END__+0xfffffffffffe2f2f>
   14114:	8f7d                	and	a4,a4,a5
   14116:	00e41823          	sh	a4,16(s0)
   1411a:	00042423          	sw	zero,8(s0)
   1411e:	e014                	sd	a3,0(s0)
   14120:	03379713          	slli	a4,a5,0x33
   14124:	00075563          	bgez	a4,1412e <__sflush_r+0xb8>
   14128:	0009a783          	lw	a5,0(s3)
   1412c:	cbcd                	beqz	a5,141de <__sflush_r+0x168>
   1412e:	6c2c                	ld	a1,88(s0)
   14130:	0099a023          	sw	s1,0(s3)
   14134:	c9d5                	beqz	a1,141e8 <__sflush_r+0x172>
   14136:	07440793          	addi	a5,s0,116
   1413a:	00f58563          	beq	a1,a5,14144 <__sflush_r+0xce>
   1413e:	854e                	mv	a0,s3
   14140:	a95fd0ef          	jal	11bd4 <_free_r>
   14144:	64e2                	ld	s1,24(sp)
   14146:	04043c23          	sd	zero,88(s0)
   1414a:	70a2                	ld	ra,40(sp)
   1414c:	7402                	ld	s0,32(sp)
   1414e:	69a2                	ld	s3,8(sp)
   14150:	4501                	li	a0,0
   14152:	6145                	addi	sp,sp,48
   14154:	8082                	ret
   14156:	e84a                	sd	s2,16(sp)
   14158:	0185b903          	ld	s2,24(a1)
   1415c:	04090f63          	beqz	s2,141ba <__sflush_r+0x144>
   14160:	ec26                	sd	s1,24(sp)
   14162:	6184                	ld	s1,0(a1)
   14164:	8b0d                	andi	a4,a4,3
   14166:	0125b023          	sd	s2,0(a1)
   1416a:	412484bb          	subw	s1,s1,s2
   1416e:	4781                	li	a5,0
   14170:	e311                	bnez	a4,14174 <__sflush_r+0xfe>
   14172:	519c                	lw	a5,32(a1)
   14174:	c45c                	sw	a5,12(s0)
   14176:	00904663          	bgtz	s1,14182 <__sflush_r+0x10c>
   1417a:	a83d                	j	141b8 <__sflush_r+0x142>
   1417c:	992a                	add	s2,s2,a0
   1417e:	02905d63          	blez	s1,141b8 <__sflush_r+0x142>
   14182:	603c                	ld	a5,64(s0)
   14184:	780c                	ld	a1,48(s0)
   14186:	86a6                	mv	a3,s1
   14188:	864a                	mv	a2,s2
   1418a:	854e                	mv	a0,s3
   1418c:	9782                	jalr	a5
   1418e:	9c89                	subw	s1,s1,a0
   14190:	fea046e3          	bgtz	a0,1417c <__sflush_r+0x106>
   14194:	01045783          	lhu	a5,16(s0)
   14198:	6942                	ld	s2,16(sp)
   1419a:	0407e793          	ori	a5,a5,64
   1419e:	70a2                	ld	ra,40(sp)
   141a0:	00f41823          	sh	a5,16(s0)
   141a4:	7402                	ld	s0,32(sp)
   141a6:	64e2                	ld	s1,24(sp)
   141a8:	69a2                	ld	s3,8(sp)
   141aa:	557d                	li	a0,-1
   141ac:	6145                	addi	sp,sp,48
   141ae:	8082                	ret
   141b0:	59b4                	lw	a3,112(a1)
   141b2:	eed046e3          	bgtz	a3,1409e <__sflush_r+0x28>
   141b6:	bf51                	j	1414a <__sflush_r+0xd4>
   141b8:	64e2                	ld	s1,24(sp)
   141ba:	6942                	ld	s2,16(sp)
   141bc:	b779                	j	1414a <__sflush_r+0xd4>
   141be:	6850                	ld	a2,144(s0)
   141c0:	bf09                	j	140d2 <__sflush_r+0x5c>
   141c2:	6c14                	ld	a3,24(s0)
   141c4:	777d                	lui	a4,0xfffff
   141c6:	7ff70713          	addi	a4,a4,2047 # fffffffffffff7ff <__BSS_END__+0xfffffffffffe2f2f>
   141ca:	8f7d                	and	a4,a4,a5
   141cc:	00e41823          	sh	a4,16(s0)
   141d0:	00042423          	sw	zero,8(s0)
   141d4:	e014                	sd	a3,0(s0)
   141d6:	03379713          	slli	a4,a5,0x33
   141da:	f4075ae3          	bgez	a4,1412e <__sflush_r+0xb8>
   141de:	6c2c                	ld	a1,88(s0)
   141e0:	e848                	sd	a0,144(s0)
   141e2:	0099a023          	sw	s1,0(s3)
   141e6:	f9a1                	bnez	a1,14136 <__sflush_r+0xc0>
   141e8:	64e2                	ld	s1,24(sp)
   141ea:	b785                	j	1414a <__sflush_r+0xd4>
   141ec:	0009a783          	lw	a5,0(s3)
   141f0:	ec078de3          	beqz	a5,140ca <__sflush_r+0x54>
   141f4:	fe378713          	addi	a4,a5,-29
   141f8:	cb01                	beqz	a4,14208 <__sflush_r+0x192>
   141fa:	17a9                	addi	a5,a5,-22
   141fc:	c791                	beqz	a5,14208 <__sflush_r+0x192>
   141fe:	01045783          	lhu	a5,16(s0)
   14202:	0407e793          	ori	a5,a5,64
   14206:	bf61                	j	1419e <__sflush_r+0x128>
   14208:	0099a023          	sw	s1,0(s3)
   1420c:	64e2                	ld	s1,24(sp)
   1420e:	bf35                	j	1414a <__sflush_r+0xd4>

0000000000014210 <_fflush_r>:
   14210:	87aa                	mv	a5,a0
   14212:	c119                	beqz	a0,14218 <_fflush_r+0x8>
   14214:	6538                	ld	a4,72(a0)
   14216:	cb01                	beqz	a4,14226 <_fflush_r+0x16>
   14218:	01059703          	lh	a4,16(a1)
   1421c:	e319                	bnez	a4,14222 <_fflush_r+0x12>
   1421e:	4501                	li	a0,0
   14220:	8082                	ret
   14222:	853e                	mv	a0,a5
   14224:	bd89                	j	14076 <__sflush_r>
   14226:	1101                	addi	sp,sp,-32
   14228:	e42e                	sd	a1,8(sp)
   1422a:	ec06                	sd	ra,24(sp)
   1422c:	e02a                	sd	a0,0(sp)
   1422e:	9ecfd0ef          	jal	1141a <__sinit>
   14232:	65a2                	ld	a1,8(sp)
   14234:	6782                	ld	a5,0(sp)
   14236:	01059703          	lh	a4,16(a1)
   1423a:	c709                	beqz	a4,14244 <_fflush_r+0x34>
   1423c:	60e2                	ld	ra,24(sp)
   1423e:	853e                	mv	a0,a5
   14240:	6105                	addi	sp,sp,32
   14242:	bd15                	j	14076 <__sflush_r>
   14244:	60e2                	ld	ra,24(sp)
   14246:	4501                	li	a0,0
   14248:	6105                	addi	sp,sp,32
   1424a:	8082                	ret

000000000001424c <fflush>:
   1424c:	cd05                	beqz	a0,14284 <fflush+0x38>
   1424e:	85aa                	mv	a1,a0
   14250:	2281b503          	ld	a0,552(gp) # 1c2f8 <_impure_ptr>
   14254:	c119                	beqz	a0,1425a <fflush+0xe>
   14256:	653c                	ld	a5,72(a0)
   14258:	c799                	beqz	a5,14266 <fflush+0x1a>
   1425a:	01059783          	lh	a5,16(a1)
   1425e:	e399                	bnez	a5,14264 <fflush+0x18>
   14260:	4501                	li	a0,0
   14262:	8082                	ret
   14264:	bd09                	j	14076 <__sflush_r>
   14266:	1101                	addi	sp,sp,-32
   14268:	e42e                	sd	a1,8(sp)
   1426a:	e02a                	sd	a0,0(sp)
   1426c:	ec06                	sd	ra,24(sp)
   1426e:	9acfd0ef          	jal	1141a <__sinit>
   14272:	65a2                	ld	a1,8(sp)
   14274:	6502                	ld	a0,0(sp)
   14276:	01059783          	lh	a5,16(a1)
   1427a:	ef91                	bnez	a5,14296 <fflush+0x4a>
   1427c:	60e2                	ld	ra,24(sp)
   1427e:	4501                	li	a0,0
   14280:	6105                	addi	sp,sp,32
   14282:	8082                	ret
   14284:	65d1                	lui	a1,0x14
   14286:	e8018613          	addi	a2,gp,-384 # 1bf50 <__sglue>
   1428a:	21058593          	addi	a1,a1,528 # 14210 <_fflush_r>
   1428e:	e9818513          	addi	a0,gp,-360 # 1bf68 <_impure_data>
   14292:	9befd06f          	j	11450 <_fwalk_sglue>
   14296:	60e2                	ld	ra,24(sp)
   14298:	6105                	addi	sp,sp,32
   1429a:	bbf1                	j	14076 <__sflush_r>

000000000001429c <__sfvwrite_r>:
   1429c:	6a1c                	ld	a5,16(a2)
   1429e:	18078d63          	beqz	a5,14438 <__sfvwrite_r+0x19c>
   142a2:	01059683          	lh	a3,16(a1)
   142a6:	711d                	addi	sp,sp,-96
   142a8:	e8a2                	sd	s0,80(sp)
   142aa:	f852                	sd	s4,48(sp)
   142ac:	f456                	sd	s5,40(sp)
   142ae:	ec86                	sd	ra,88(sp)
   142b0:	0086f793          	andi	a5,a3,8
   142b4:	842e                	mv	s0,a1
   142b6:	8aaa                	mv	s5,a0
   142b8:	8a32                	mv	s4,a2
   142ba:	c7bd                	beqz	a5,14328 <__sfvwrite_r+0x8c>
   142bc:	6d9c                	ld	a5,24(a1)
   142be:	c7ad                	beqz	a5,14328 <__sfvwrite_r+0x8c>
   142c0:	e4a6                	sd	s1,72(sp)
   142c2:	e0ca                	sd	s2,64(sp)
   142c4:	fc4e                	sd	s3,56(sp)
   142c6:	f05a                	sd	s6,32(sp)
   142c8:	0026f793          	andi	a5,a3,2
   142cc:	000a3483          	ld	s1,0(s4)
   142d0:	cfad                	beqz	a5,1434a <__sfvwrite_r+0xae>
   142d2:	80000b37          	lui	s6,0x80000
   142d6:	c00b4b13          	xori	s6,s6,-1024
   142da:	4981                	li	s3,0
   142dc:	4901                	li	s2,0
   142de:	864e                	mv	a2,s3
   142e0:	8556                	mv	a0,s5
   142e2:	14090563          	beqz	s2,1442c <__sfvwrite_r+0x190>
   142e6:	86ca                	mv	a3,s2
   142e8:	012b7663          	bgeu	s6,s2,142f4 <__sfvwrite_r+0x58>
   142ec:	800006b7          	lui	a3,0x80000
   142f0:	c006c693          	xori	a3,a3,-1024
   142f4:	603c                	ld	a5,64(s0)
   142f6:	780c                	ld	a1,48(s0)
   142f8:	2681                	sext.w	a3,a3
   142fa:	9782                	jalr	a5
   142fc:	2ea05363          	blez	a0,145e2 <__sfvwrite_r+0x346>
   14300:	010a3783          	ld	a5,16(s4)
   14304:	99aa                	add	s3,s3,a0
   14306:	40a90933          	sub	s2,s2,a0
   1430a:	8f89                	sub	a5,a5,a0
   1430c:	00fa3823          	sd	a5,16(s4)
   14310:	f7f9                	bnez	a5,142de <__sfvwrite_r+0x42>
   14312:	64a6                	ld	s1,72(sp)
   14314:	6906                	ld	s2,64(sp)
   14316:	79e2                	ld	s3,56(sp)
   14318:	7b02                	ld	s6,32(sp)
   1431a:	4501                	li	a0,0
   1431c:	60e6                	ld	ra,88(sp)
   1431e:	6446                	ld	s0,80(sp)
   14320:	7a42                	ld	s4,48(sp)
   14322:	7aa2                	ld	s5,40(sp)
   14324:	6125                	addi	sp,sp,96
   14326:	8082                	ret
   14328:	85a2                	mv	a1,s0
   1432a:	8556                	mv	a0,s5
   1432c:	2ce000ef          	jal	145fa <__swsetup_r>
   14330:	1e051263          	bnez	a0,14514 <__sfvwrite_r+0x278>
   14334:	01041683          	lh	a3,16(s0)
   14338:	e4a6                	sd	s1,72(sp)
   1433a:	e0ca                	sd	s2,64(sp)
   1433c:	fc4e                	sd	s3,56(sp)
   1433e:	f05a                	sd	s6,32(sp)
   14340:	0026f793          	andi	a5,a3,2
   14344:	000a3483          	ld	s1,0(s4)
   14348:	f7c9                	bnez	a5,142d2 <__sfvwrite_r+0x36>
   1434a:	ec5e                	sd	s7,24(sp)
   1434c:	e862                	sd	s8,16(sp)
   1434e:	e466                	sd	s9,8(sp)
   14350:	0016f793          	andi	a5,a3,1
   14354:	e7e5                	bnez	a5,1443c <__sfvwrite_r+0x1a0>
   14356:	601c                	ld	a5,0(s0)
   14358:	80000737          	lui	a4,0x80000
   1435c:	fff74c13          	not	s8,a4
   14360:	4b01                	li	s6,0
   14362:	4981                	li	s3,0
   14364:	0a098e63          	beqz	s3,14420 <__sfvwrite_r+0x184>
   14368:	2006f713          	andi	a4,a3,512
   1436c:	00c42903          	lw	s2,12(s0)
   14370:	853e                	mv	a0,a5
   14372:	1a070363          	beqz	a4,14518 <__sfvwrite_r+0x27c>
   14376:	0729ee63          	bltu	s3,s2,143f2 <__sfvwrite_r+0x156>
   1437a:	4806f713          	andi	a4,a3,1152
   1437e:	8bca                	mv	s7,s2
   14380:	cb3d                	beqz	a4,143f6 <__sfvwrite_r+0x15a>
   14382:	5010                	lw	a2,32(s0)
   14384:	6c0c                	ld	a1,24(s0)
   14386:	0016171b          	slliw	a4,a2,0x1
   1438a:	9f31                	addw	a4,a4,a2
   1438c:	8f8d                	sub	a5,a5,a1
   1438e:	01f7591b          	srliw	s2,a4,0x1f
   14392:	00078b9b          	sext.w	s7,a5
   14396:	00e9093b          	addw	s2,s2,a4
   1439a:	001b8713          	addi	a4,s7,1
   1439e:	4019591b          	sraiw	s2,s2,0x1
   143a2:	974e                	add	a4,a4,s3
   143a4:	00e97563          	bgeu	s2,a4,143ae <__sfvwrite_r+0x112>
   143a8:	2785                	addiw	a5,a5,1
   143aa:	0137893b          	addw	s2,a5,s3
   143ae:	4006f693          	andi	a3,a3,1024
   143b2:	1e068b63          	beqz	a3,145a8 <__sfvwrite_r+0x30c>
   143b6:	85ca                	mv	a1,s2
   143b8:	8556                	mv	a0,s5
   143ba:	af0fc0ef          	jal	106aa <_malloc_r>
   143be:	8caa                	mv	s9,a0
   143c0:	22050463          	beqz	a0,145e8 <__sfvwrite_r+0x34c>
   143c4:	6c0c                	ld	a1,24(s0)
   143c6:	865e                	mv	a2,s7
   143c8:	564000ef          	jal	1492c <memcpy>
   143cc:	01045703          	lhu	a4,16(s0)
   143d0:	b7f77713          	andi	a4,a4,-1153
   143d4:	08076713          	ori	a4,a4,128
   143d8:	00e41823          	sh	a4,16(s0)
   143dc:	017c8533          	add	a0,s9,s7
   143e0:	41790bbb          	subw	s7,s2,s7
   143e4:	01943c23          	sd	s9,24(s0)
   143e8:	e008                	sd	a0,0(s0)
   143ea:	01742623          	sw	s7,12(s0)
   143ee:	03242023          	sw	s2,32(s0)
   143f2:	8bce                	mv	s7,s3
   143f4:	894e                	mv	s2,s3
   143f6:	85da                	mv	a1,s6
   143f8:	864a                	mv	a2,s2
   143fa:	450000ef          	jal	1484a <memmove>
   143fe:	4454                	lw	a3,12(s0)
   14400:	601c                	ld	a5,0(s0)
   14402:	010a3703          	ld	a4,16(s4)
   14406:	417686bb          	subw	a3,a3,s7
   1440a:	97ca                	add	a5,a5,s2
   1440c:	c454                	sw	a3,12(s0)
   1440e:	e01c                	sd	a5,0(s0)
   14410:	41370733          	sub	a4,a4,s3
   14414:	00ea3823          	sd	a4,16(s4)
   14418:	1c070163          	beqz	a4,145da <__sfvwrite_r+0x33e>
   1441c:	01041683          	lh	a3,16(s0)
   14420:	0004bb03          	ld	s6,0(s1)
   14424:	0084b983          	ld	s3,8(s1)
   14428:	04c1                	addi	s1,s1,16
   1442a:	bf2d                	j	14364 <__sfvwrite_r+0xc8>
   1442c:	0004b983          	ld	s3,0(s1)
   14430:	0084b903          	ld	s2,8(s1)
   14434:	04c1                	addi	s1,s1,16
   14436:	b565                	j	142de <__sfvwrite_r+0x42>
   14438:	4501                	li	a0,0
   1443a:	8082                	ret
   1443c:	4b81                	li	s7,0
   1443e:	4c01                	li	s8,0
   14440:	4501                	li	a0,0
   14442:	4c81                	li	s9,0
   14444:	060b8063          	beqz	s7,144a4 <__sfvwrite_r+0x208>
   14448:	c535                	beqz	a0,144b4 <__sfvwrite_r+0x218>
   1444a:	8b62                	mv	s6,s8
   1444c:	018bf363          	bgeu	s7,s8,14452 <__sfvwrite_r+0x1b6>
   14450:	8b5e                	mv	s6,s7
   14452:	5014                	lw	a3,32(s0)
   14454:	445c                	lw	a5,12(s0)
   14456:	6008                	ld	a0,0(s0)
   14458:	6c18                	ld	a4,24(s0)
   1445a:	00d789bb          	addw	s3,a5,a3
   1445e:	895a                	mv	s2,s6
   14460:	00a77463          	bgeu	a4,a0,14468 <__sfvwrite_r+0x1cc>
   14464:	0769c363          	blt	s3,s6,144ca <__sfvwrite_r+0x22e>
   14468:	12db4263          	blt	s6,a3,1458c <__sfvwrite_r+0x2f0>
   1446c:	603c                	ld	a5,64(s0)
   1446e:	780c                	ld	a1,48(s0)
   14470:	8666                	mv	a2,s9
   14472:	8556                	mv	a0,s5
   14474:	9782                	jalr	a5
   14476:	892a                	mv	s2,a0
   14478:	08a05163          	blez	a0,144fa <__sfvwrite_r+0x25e>
   1447c:	0005079b          	sext.w	a5,a0
   14480:	40fc0c3b          	subw	s8,s8,a5
   14484:	4505                	li	a0,1
   14486:	060c0563          	beqz	s8,144f0 <__sfvwrite_r+0x254>
   1448a:	010a3783          	ld	a5,16(s4)
   1448e:	412787b3          	sub	a5,a5,s2
   14492:	00fa3823          	sd	a5,16(s4)
   14496:	14078263          	beqz	a5,145da <__sfvwrite_r+0x33e>
   1449a:	412b8bb3          	sub	s7,s7,s2
   1449e:	9cca                	add	s9,s9,s2
   144a0:	fa0b94e3          	bnez	s7,14448 <__sfvwrite_r+0x1ac>
   144a4:	0084bb83          	ld	s7,8(s1)
   144a8:	87a6                	mv	a5,s1
   144aa:	04c1                	addi	s1,s1,16
   144ac:	fe0b8ce3          	beqz	s7,144a4 <__sfvwrite_r+0x208>
   144b0:	0007bc83          	ld	s9,0(a5)
   144b4:	865e                	mv	a2,s7
   144b6:	45a9                	li	a1,10
   144b8:	8566                	mv	a0,s9
   144ba:	230000ef          	jal	146ea <memchr>
   144be:	10050b63          	beqz	a0,145d4 <__sfvwrite_r+0x338>
   144c2:	0505                	addi	a0,a0,1
   144c4:	41950c3b          	subw	s8,a0,s9
   144c8:	b749                	j	1444a <__sfvwrite_r+0x1ae>
   144ca:	85e6                	mv	a1,s9
   144cc:	864e                	mv	a2,s3
   144ce:	37c000ef          	jal	1484a <memmove>
   144d2:	601c                	ld	a5,0(s0)
   144d4:	85a2                	mv	a1,s0
   144d6:	8556                	mv	a0,s5
   144d8:	97ce                	add	a5,a5,s3
   144da:	e01c                	sd	a5,0(s0)
   144dc:	d35ff0ef          	jal	14210 <_fflush_r>
   144e0:	ed09                	bnez	a0,144fa <__sfvwrite_r+0x25e>
   144e2:	87ce                	mv	a5,s3
   144e4:	40fc0c3b          	subw	s8,s8,a5
   144e8:	894e                	mv	s2,s3
   144ea:	4505                	li	a0,1
   144ec:	f80c1fe3          	bnez	s8,1448a <__sfvwrite_r+0x1ee>
   144f0:	85a2                	mv	a1,s0
   144f2:	8556                	mv	a0,s5
   144f4:	d1dff0ef          	jal	14210 <_fflush_r>
   144f8:	d949                	beqz	a0,1448a <__sfvwrite_r+0x1ee>
   144fa:	01041783          	lh	a5,16(s0)
   144fe:	6be2                	ld	s7,24(sp)
   14500:	6c42                	ld	s8,16(sp)
   14502:	6ca2                	ld	s9,8(sp)
   14504:	64a6                	ld	s1,72(sp)
   14506:	6906                	ld	s2,64(sp)
   14508:	79e2                	ld	s3,56(sp)
   1450a:	7b02                	ld	s6,32(sp)
   1450c:	0407e793          	ori	a5,a5,64
   14510:	00f41823          	sh	a5,16(s0)
   14514:	557d                	li	a0,-1
   14516:	b519                	j	1431c <__sfvwrite_r+0x80>
   14518:	6c18                	ld	a4,24(s0)
   1451a:	04f76363          	bltu	a4,a5,14560 <__sfvwrite_r+0x2c4>
   1451e:	5018                	lw	a4,32(s0)
   14520:	04e9e063          	bltu	s3,a4,14560 <__sfvwrite_r+0x2c4>
   14524:	86ce                	mv	a3,s3
   14526:	013c7363          	bgeu	s8,s3,1452c <__sfvwrite_r+0x290>
   1452a:	86e2                	mv	a3,s8
   1452c:	02e6c6bb          	divw	a3,a3,a4
   14530:	603c                	ld	a5,64(s0)
   14532:	780c                	ld	a1,48(s0)
   14534:	865a                	mv	a2,s6
   14536:	8556                	mv	a0,s5
   14538:	02e686bb          	mulw	a3,a3,a4
   1453c:	9782                	jalr	a5
   1453e:	faa05ee3          	blez	a0,144fa <__sfvwrite_r+0x25e>
   14542:	892a                	mv	s2,a0
   14544:	010a3783          	ld	a5,16(s4)
   14548:	412989b3          	sub	s3,s3,s2
   1454c:	412787b3          	sub	a5,a5,s2
   14550:	00fa3823          	sd	a5,16(s4)
   14554:	c3d9                	beqz	a5,145da <__sfvwrite_r+0x33e>
   14556:	01041683          	lh	a3,16(s0)
   1455a:	601c                	ld	a5,0(s0)
   1455c:	9b4a                	add	s6,s6,s2
   1455e:	b519                	j	14364 <__sfvwrite_r+0xc8>
   14560:	0129f363          	bgeu	s3,s2,14566 <__sfvwrite_r+0x2ca>
   14564:	894e                	mv	s2,s3
   14566:	853e                	mv	a0,a5
   14568:	864a                	mv	a2,s2
   1456a:	85da                	mv	a1,s6
   1456c:	2de000ef          	jal	1484a <memmove>
   14570:	601c                	ld	a5,0(s0)
   14572:	4458                	lw	a4,12(s0)
   14574:	97ca                	add	a5,a5,s2
   14576:	4127073b          	subw	a4,a4,s2
   1457a:	e01c                	sd	a5,0(s0)
   1457c:	c458                	sw	a4,12(s0)
   1457e:	f379                	bnez	a4,14544 <__sfvwrite_r+0x2a8>
   14580:	85a2                	mv	a1,s0
   14582:	8556                	mv	a0,s5
   14584:	c8dff0ef          	jal	14210 <_fflush_r>
   14588:	dd55                	beqz	a0,14544 <__sfvwrite_r+0x2a8>
   1458a:	bf85                	j	144fa <__sfvwrite_r+0x25e>
   1458c:	865a                	mv	a2,s6
   1458e:	85e6                	mv	a1,s9
   14590:	2ba000ef          	jal	1484a <memmove>
   14594:	4454                	lw	a3,12(s0)
   14596:	6018                	ld	a4,0(s0)
   14598:	000b079b          	sext.w	a5,s6
   1459c:	416686bb          	subw	a3,a3,s6
   145a0:	975a                	add	a4,a4,s6
   145a2:	c454                	sw	a3,12(s0)
   145a4:	e018                	sd	a4,0(s0)
   145a6:	bde9                	j	14480 <__sfvwrite_r+0x1e4>
   145a8:	864a                	mv	a2,s2
   145aa:	8556                	mv	a0,s5
   145ac:	187020ef          	jal	16f32 <_realloc_r>
   145b0:	8caa                	mv	s9,a0
   145b2:	e20515e3          	bnez	a0,143dc <__sfvwrite_r+0x140>
   145b6:	6c0c                	ld	a1,24(s0)
   145b8:	8556                	mv	a0,s5
   145ba:	e1afd0ef          	jal	11bd4 <_free_r>
   145be:	01045783          	lhu	a5,16(s0)
   145c2:	4731                	li	a4,12
   145c4:	6be2                	ld	s7,24(sp)
   145c6:	6c42                	ld	s8,16(sp)
   145c8:	6ca2                	ld	s9,8(sp)
   145ca:	00eaa023          	sw	a4,0(s5)
   145ce:	f7f7f793          	andi	a5,a5,-129
   145d2:	bf0d                	j	14504 <__sfvwrite_r+0x268>
   145d4:	001b8c1b          	addiw	s8,s7,1
   145d8:	bd8d                	j	1444a <__sfvwrite_r+0x1ae>
   145da:	6be2                	ld	s7,24(sp)
   145dc:	6c42                	ld	s8,16(sp)
   145de:	6ca2                	ld	s9,8(sp)
   145e0:	bb0d                	j	14312 <__sfvwrite_r+0x76>
   145e2:	01041783          	lh	a5,16(s0)
   145e6:	bf39                	j	14504 <__sfvwrite_r+0x268>
   145e8:	47b1                	li	a5,12
   145ea:	00faa023          	sw	a5,0(s5)
   145ee:	6be2                	ld	s7,24(sp)
   145f0:	01041783          	lh	a5,16(s0)
   145f4:	6c42                	ld	s8,16(sp)
   145f6:	6ca2                	ld	s9,8(sp)
   145f8:	b731                	j	14504 <__sfvwrite_r+0x268>

00000000000145fa <__swsetup_r>:
   145fa:	2281b703          	ld	a4,552(gp) # 1c2f8 <_impure_ptr>
   145fe:	1101                	addi	sp,sp,-32
   14600:	ec06                	sd	ra,24(sp)
   14602:	862a                	mv	a2,a0
   14604:	87ae                	mv	a5,a1
   14606:	c319                	beqz	a4,1460c <__swsetup_r+0x12>
   14608:	6734                	ld	a3,72(a4)
   1460a:	c2e1                	beqz	a3,146ca <__swsetup_r+0xd0>
   1460c:	01079703          	lh	a4,16(a5)
   14610:	00877693          	andi	a3,a4,8
   14614:	c29d                	beqz	a3,1463a <__swsetup_r+0x40>
   14616:	6f94                	ld	a3,24(a5)
   14618:	ce8d                	beqz	a3,14652 <__swsetup_r+0x58>
   1461a:	01079703          	lh	a4,16(a5)
   1461e:	00177613          	andi	a2,a4,1
   14622:	ca39                	beqz	a2,14678 <__swsetup_r+0x7e>
   14624:	5390                	lw	a2,32(a5)
   14626:	0007a623          	sw	zero,12(a5)
   1462a:	4501                	li	a0,0
   1462c:	40c0063b          	negw	a2,a2
   14630:	d790                	sw	a2,40(a5)
   14632:	cab9                	beqz	a3,14688 <__swsetup_r+0x8e>
   14634:	60e2                	ld	ra,24(sp)
   14636:	6105                	addi	sp,sp,32
   14638:	8082                	ret
   1463a:	01077693          	andi	a3,a4,16
   1463e:	ced1                	beqz	a3,146da <__swsetup_r+0xe0>
   14640:	00477693          	andi	a3,a4,4
   14644:	eab9                	bnez	a3,1469a <__swsetup_r+0xa0>
   14646:	6f94                	ld	a3,24(a5)
   14648:	00876713          	ori	a4,a4,8
   1464c:	00e79823          	sh	a4,16(a5)
   14650:	f6e9                	bnez	a3,1461a <__swsetup_r+0x20>
   14652:	6b98                	ld	a4,16(a5)
   14654:	20000593          	li	a1,512
   14658:	28077713          	andi	a4,a4,640
   1465c:	fab70fe3          	beq	a4,a1,1461a <__swsetup_r+0x20>
   14660:	8532                	mv	a0,a2
   14662:	85be                	mv	a1,a5
   14664:	e03e                	sd	a5,0(sp)
   14666:	547020ef          	jal	173ac <__smakebuf_r>
   1466a:	6782                	ld	a5,0(sp)
   1466c:	01079703          	lh	a4,16(a5)
   14670:	6f94                	ld	a3,24(a5)
   14672:	00177613          	andi	a2,a4,1
   14676:	f65d                	bnez	a2,14624 <__swsetup_r+0x2a>
   14678:	00277613          	andi	a2,a4,2
   1467c:	4581                	li	a1,0
   1467e:	e211                	bnez	a2,14682 <__swsetup_r+0x88>
   14680:	538c                	lw	a1,32(a5)
   14682:	c7cc                	sw	a1,12(a5)
   14684:	4501                	li	a0,0
   14686:	f6dd                	bnez	a3,14634 <__swsetup_r+0x3a>
   14688:	08077693          	andi	a3,a4,128
   1468c:	d6c5                	beqz	a3,14634 <__swsetup_r+0x3a>
   1468e:	04076713          	ori	a4,a4,64
   14692:	00e79823          	sh	a4,16(a5)
   14696:	557d                	li	a0,-1
   14698:	bf71                	j	14634 <__swsetup_r+0x3a>
   1469a:	6fac                	ld	a1,88(a5)
   1469c:	c185                	beqz	a1,146bc <__swsetup_r+0xc2>
   1469e:	07478693          	addi	a3,a5,116
   146a2:	00d58b63          	beq	a1,a3,146b8 <__swsetup_r+0xbe>
   146a6:	8532                	mv	a0,a2
   146a8:	e43e                	sd	a5,8(sp)
   146aa:	e032                	sd	a2,0(sp)
   146ac:	d28fd0ef          	jal	11bd4 <_free_r>
   146b0:	67a2                	ld	a5,8(sp)
   146b2:	6602                	ld	a2,0(sp)
   146b4:	01079703          	lh	a4,16(a5)
   146b8:	0407bc23          	sd	zero,88(a5)
   146bc:	6f94                	ld	a3,24(a5)
   146be:	fdb77713          	andi	a4,a4,-37
   146c2:	0007a423          	sw	zero,8(a5)
   146c6:	e394                	sd	a3,0(a5)
   146c8:	b741                	j	14648 <__swsetup_r+0x4e>
   146ca:	e02a                	sd	a0,0(sp)
   146cc:	853a                	mv	a0,a4
   146ce:	e42e                	sd	a1,8(sp)
   146d0:	d4bfc0ef          	jal	1141a <__sinit>
   146d4:	67a2                	ld	a5,8(sp)
   146d6:	6602                	ld	a2,0(sp)
   146d8:	bf15                	j	1460c <__swsetup_r+0x12>
   146da:	46a5                	li	a3,9
   146dc:	04076713          	ori	a4,a4,64
   146e0:	c214                	sw	a3,0(a2)
   146e2:	00e79823          	sh	a4,16(a5)
   146e6:	557d                	li	a0,-1
   146e8:	b7b1                	j	14634 <__swsetup_r+0x3a>

00000000000146ea <memchr>:
   146ea:	00757793          	andi	a5,a0,7
   146ee:	0ff5f313          	zext.b	t1,a1
   146f2:	cb99                	beqz	a5,14708 <memchr+0x1e>
   146f4:	c241                	beqz	a2,14774 <memchr+0x8a>
   146f6:	00054783          	lbu	a5,0(a0)
   146fa:	167d                	addi	a2,a2,-1
   146fc:	06678b63          	beq	a5,t1,14772 <memchr+0x88>
   14700:	0505                	addi	a0,a0,1
   14702:	00757793          	andi	a5,a0,7
   14706:	f7fd                	bnez	a5,146f4 <memchr+0xa>
   14708:	481d                	li	a6,7
   1470a:	04c87a63          	bgeu	a6,a2,1475e <memchr+0x74>
   1470e:	0ff5f593          	zext.b	a1,a1
   14712:	0085979b          	slliw	a5,a1,0x8
   14716:	97ae                	add	a5,a5,a1
   14718:	01079693          	slli	a3,a5,0x10
   1471c:	7f7f8737          	lui	a4,0x7f7f8
   14720:	96be                	add	a3,a3,a5
   14722:	f7f70713          	addi	a4,a4,-129 # 7f7f7f7f <__BSS_END__+0x7f7db6af>
   14726:	feff07b7          	lui	a5,0xfeff0
   1472a:	eff78793          	addi	a5,a5,-257 # fffffffffefefeff <__BSS_END__+0xfffffffffefd362f>
   1472e:	02071593          	slli	a1,a4,0x20
   14732:	02069e13          	slli	t3,a3,0x20
   14736:	95ba                	add	a1,a1,a4
   14738:	02079893          	slli	a7,a5,0x20
   1473c:	96f2                	add	a3,a3,t3
   1473e:	fff5c593          	not	a1,a1
   14742:	98be                	add	a7,a7,a5
   14744:	611c                	ld	a5,0(a0)
   14746:	8fb5                	xor	a5,a5,a3
   14748:	01178733          	add	a4,a5,a7
   1474c:	fff7c793          	not	a5,a5
   14750:	8ff9                	and	a5,a5,a4
   14752:	8fed                	and	a5,a5,a1
   14754:	e791                	bnez	a5,14760 <memchr+0x76>
   14756:	1661                	addi	a2,a2,-8
   14758:	0521                	addi	a0,a0,8
   1475a:	fec865e3          	bltu	a6,a2,14744 <memchr+0x5a>
   1475e:	ca19                	beqz	a2,14774 <memchr+0x8a>
   14760:	962a                	add	a2,a2,a0
   14762:	a021                	j	1476a <memchr+0x80>
   14764:	0505                	addi	a0,a0,1
   14766:	00c50763          	beq	a0,a2,14774 <memchr+0x8a>
   1476a:	00054783          	lbu	a5,0(a0)
   1476e:	fe679be3          	bne	a5,t1,14764 <memchr+0x7a>
   14772:	8082                	ret
   14774:	4501                	li	a0,0
   14776:	8082                	ret

0000000000014778 <strncpy>:
   14778:	00a5e7b3          	or	a5,a1,a0
   1477c:	8b9d                	andi	a5,a5,7
   1477e:	e781                	bnez	a5,14786 <strncpy+0xe>
   14780:	00863793          	sltiu	a5,a2,8
   14784:	cf85                	beqz	a5,147bc <strncpy+0x44>
   14786:	87aa                	mv	a5,a0
   14788:	a809                	j	1479a <strncpy+0x22>
   1478a:	fff5c683          	lbu	a3,-1(a1)
   1478e:	fff60713          	addi	a4,a2,-1
   14792:	863a                	mv	a2,a4
   14794:	fed78fa3          	sb	a3,-1(a5)
   14798:	c689                	beqz	a3,147a2 <strncpy+0x2a>
   1479a:	0585                	addi	a1,a1,1
   1479c:	0785                	addi	a5,a5,1
   1479e:	f675                	bnez	a2,1478a <strncpy+0x12>
   147a0:	8082                	ret
   147a2:	c325                	beqz	a4,14802 <strncpy+0x8a>
   147a4:	0c0076d7          	vsetvli	a3,zero,e8,m1,ta,ma
   147a8:	5e0030d7          	vmv.v.i	v1,0
   147ac:	0c0776d7          	vsetvli	a3,a4,e8,m1,ta,ma
   147b0:	020780a7          	vse8.v	v1,(a5)
   147b4:	8f15                	sub	a4,a4,a3
   147b6:	97b6                	add	a5,a5,a3
   147b8:	fb75                	bnez	a4,147ac <strncpy+0x34>
   147ba:	8082                	ret
   147bc:	7f7f8737          	lui	a4,0x7f7f8
   147c0:	f7f70713          	addi	a4,a4,-129 # 7f7f7f7f <__BSS_END__+0x7f7db6af>
   147c4:	feff07b7          	lui	a5,0xfeff0
   147c8:	eff78793          	addi	a5,a5,-257 # fffffffffefefeff <__BSS_END__+0xfffffffffefd362f>
   147cc:	02071893          	slli	a7,a4,0x20
   147d0:	02079313          	slli	t1,a5,0x20
   147d4:	98ba                	add	a7,a7,a4
   147d6:	933e                	add	t1,t1,a5
   147d8:	fff8c893          	not	a7,a7
   147dc:	87aa                	mv	a5,a0
   147de:	4e1d                	li	t3,7
   147e0:	6194                	ld	a3,0(a1)
   147e2:	00668733          	add	a4,a3,t1
   147e6:	fff6c813          	not	a6,a3
   147ea:	01077733          	and	a4,a4,a6
   147ee:	01177733          	and	a4,a4,a7
   147f2:	f745                	bnez	a4,1479a <strncpy+0x22>
   147f4:	1661                	addi	a2,a2,-8
   147f6:	e394                	sd	a3,0(a5)
   147f8:	07a1                	addi	a5,a5,8
   147fa:	05a1                	addi	a1,a1,8
   147fc:	fece62e3          	bltu	t3,a2,147e0 <strncpy+0x68>
   14800:	bf69                	j	1479a <strncpy+0x22>
   14802:	8082                	ret

0000000000014804 <__localeconv_l>:
   14804:	10050513          	addi	a0,a0,256
   14808:	8082                	ret

000000000001480a <_localeconv_r>:
   1480a:	0f018513          	addi	a0,gp,240 # 1c1c0 <__global_pointer$+0xf0>
   1480e:	8082                	ret

0000000000014810 <localeconv>:
   14810:	0f018513          	addi	a0,gp,240 # 1c1c0 <__global_pointer$+0xf0>
   14814:	8082                	ret

0000000000014816 <__libc_fini_array>:
   14816:	1101                	addi	sp,sp,-32
   14818:	e822                	sd	s0,16(sp)
   1481a:	67ed                	lui	a5,0x1b
   1481c:	646d                	lui	s0,0x1b
   1481e:	74078793          	addi	a5,a5,1856 # 1b740 <__malloc_av_>
   14822:	73840413          	addi	s0,s0,1848 # 1b738 <__do_global_dtors_aux_fini_array_entry>
   14826:	8f81                	sub	a5,a5,s0
   14828:	e426                	sd	s1,8(sp)
   1482a:	ec06                	sd	ra,24(sp)
   1482c:	4037d493          	srai	s1,a5,0x3
   14830:	c881                	beqz	s1,14840 <__libc_fini_array+0x2a>
   14832:	1461                	addi	s0,s0,-8
   14834:	943e                	add	s0,s0,a5
   14836:	601c                	ld	a5,0(s0)
   14838:	14fd                	addi	s1,s1,-1
   1483a:	1461                	addi	s0,s0,-8
   1483c:	9782                	jalr	a5
   1483e:	fce5                	bnez	s1,14836 <__libc_fini_array+0x20>
   14840:	60e2                	ld	ra,24(sp)
   14842:	6442                	ld	s0,16(sp)
   14844:	64a2                	ld	s1,8(sp)
   14846:	6105                	addi	sp,sp,32
   14848:	8082                	ret

000000000001484a <memmove>:
   1484a:	02a5f163          	bgeu	a1,a0,1486c <memmove+0x22>
   1484e:	00c587b3          	add	a5,a1,a2
   14852:	00f57d63          	bgeu	a0,a5,1486c <memmove+0x22>
   14856:	ce05                	beqz	a2,1488e <memmove+0x44>
   14858:	962a                	add	a2,a2,a0
   1485a:	fff7c703          	lbu	a4,-1(a5)
   1485e:	167d                	addi	a2,a2,-1
   14860:	17fd                	addi	a5,a5,-1
   14862:	00e60023          	sb	a4,0(a2)
   14866:	fec51ae3          	bne	a0,a2,1485a <memmove+0x10>
   1486a:	8082                	ret
   1486c:	47fd                	li	a5,31
   1486e:	02c7e163          	bltu	a5,a2,14890 <memmove+0x46>
   14872:	87aa                	mv	a5,a0
   14874:	fff60693          	addi	a3,a2,-1
   14878:	c65d                	beqz	a2,14926 <memmove+0xdc>
   1487a:	0685                	addi	a3,a3,1 # ffffffff80000001 <__BSS_END__+0xffffffff7ffe3731>
   1487c:	96be                	add	a3,a3,a5
   1487e:	0005c703          	lbu	a4,0(a1)
   14882:	0785                	addi	a5,a5,1
   14884:	0585                	addi	a1,a1,1
   14886:	fee78fa3          	sb	a4,-1(a5)
   1488a:	fed79ae3          	bne	a5,a3,1487e <memmove+0x34>
   1488e:	8082                	ret
   14890:	00b567b3          	or	a5,a0,a1
   14894:	8b9d                	andi	a5,a5,7
   14896:	88ae                	mv	a7,a1
   14898:	e3d9                	bnez	a5,1491e <memmove+0xd4>
   1489a:	00565793          	srli	a5,a2,0x5
   1489e:	00579813          	slli	a6,a5,0x5
   148a2:	982a                	add	a6,a6,a0
   148a4:	17fd                	addi	a5,a5,-1
   148a6:	872a                	mv	a4,a0
   148a8:	6194                	ld	a3,0(a1)
   148aa:	02058593          	addi	a1,a1,32
   148ae:	02070713          	addi	a4,a4,32
   148b2:	fed73023          	sd	a3,-32(a4)
   148b6:	fe85b683          	ld	a3,-24(a1)
   148ba:	fed73423          	sd	a3,-24(a4)
   148be:	ff05b683          	ld	a3,-16(a1)
   148c2:	fed73823          	sd	a3,-16(a4)
   148c6:	ff85b683          	ld	a3,-8(a1)
   148ca:	fed73c23          	sd	a3,-8(a4)
   148ce:	fd071de3          	bne	a4,a6,148a8 <memmove+0x5e>
   148d2:	0796                	slli	a5,a5,0x5
   148d4:	01178733          	add	a4,a5,a7
   148d8:	02070593          	addi	a1,a4,32
   148dc:	97aa                	add	a5,a5,a0
   148de:	01867813          	andi	a6,a2,24
   148e2:	02078793          	addi	a5,a5,32
   148e6:	8e2e                	mv	t3,a1
   148e8:	01f67693          	andi	a3,a2,31
   148ec:	02080e63          	beqz	a6,14928 <memmove+0xde>
   148f0:	16e1                	addi	a3,a3,-8
   148f2:	9ae1                	andi	a3,a3,-8
   148f4:	9736                	add	a4,a4,a3
   148f6:	02870713          	addi	a4,a4,40
   148fa:	41150833          	sub	a6,a0,a7
   148fe:	0005b303          	ld	t1,0(a1)
   14902:	010588b3          	add	a7,a1,a6
   14906:	05a1                	addi	a1,a1,8
   14908:	0068b023          	sd	t1,0(a7)
   1490c:	fee599e3          	bne	a1,a4,148fe <memmove+0xb4>
   14910:	00868713          	addi	a4,a3,8
   14914:	01c705b3          	add	a1,a4,t3
   14918:	97ba                	add	a5,a5,a4
   1491a:	8a1d                	andi	a2,a2,7
   1491c:	bfa1                	j	14874 <memmove+0x2a>
   1491e:	fff60693          	addi	a3,a2,-1
   14922:	87aa                	mv	a5,a0
   14924:	bf99                	j	1487a <memmove+0x30>
   14926:	8082                	ret
   14928:	8636                	mv	a2,a3
   1492a:	b7a9                	j	14874 <memmove+0x2a>

000000000001492c <memcpy>:
   1492c:	00a5c7b3          	xor	a5,a1,a0
   14930:	8b9d                	andi	a5,a5,7
   14932:	00c508b3          	add	a7,a0,a2
   14936:	e7c9                	bnez	a5,149c0 <memcpy+0x94>
   14938:	00863613          	sltiu	a2,a2,8
   1493c:	e251                	bnez	a2,149c0 <memcpy+0x94>
   1493e:	00757713          	andi	a4,a0,7
   14942:	87aa                	mv	a5,a0
   14944:	eb39                	bnez	a4,1499a <memcpy+0x6e>
   14946:	ff88f713          	andi	a4,a7,-8
   1494a:	40f70633          	sub	a2,a4,a5
   1494e:	04000693          	li	a3,64
   14952:	08c6c763          	blt	a3,a2,149e0 <memcpy+0xb4>
   14956:	02e7ff63          	bgeu	a5,a4,14994 <memcpy+0x68>
   1495a:	fff70313          	addi	t1,a4,-1
   1495e:	40f30333          	sub	t1,t1,a5
   14962:	00335313          	srli	t1,t1,0x3
   14966:	00130693          	addi	a3,t1,1
   1496a:	8e3e                	mv	t3,a5
   1496c:	862e                	mv	a2,a1
   1496e:	0c56f757          	vsetvli	a4,a3,e8,mf8,ta,ma
   14972:	02067087          	vle64.v	v1,(a2)
   14976:	00371813          	slli	a6,a4,0x3
   1497a:	8e99                	sub	a3,a3,a4
   1497c:	9642                	add	a2,a2,a6
   1497e:	0207f0a7          	vse64.v	v1,(a5)
   14982:	97c2                	add	a5,a5,a6
   14984:	f6ed                	bnez	a3,1496e <memcpy+0x42>
   14986:	00331793          	slli	a5,t1,0x3
   1498a:	05a1                	addi	a1,a1,8
   1498c:	008e0713          	addi	a4,t3,8
   14990:	95be                	add	a1,a1,a5
   14992:	97ba                	add	a5,a5,a4
   14994:	0317e963          	bltu	a5,a7,149c6 <memcpy+0x9a>
   14998:	8082                	ret
   1499a:	0005c683          	lbu	a3,0(a1)
   1499e:	0785                	addi	a5,a5,1
   149a0:	0077f713          	andi	a4,a5,7
   149a4:	fed78fa3          	sb	a3,-1(a5)
   149a8:	0585                	addi	a1,a1,1
   149aa:	df51                	beqz	a4,14946 <memcpy+0x1a>
   149ac:	0005c683          	lbu	a3,0(a1)
   149b0:	0785                	addi	a5,a5,1
   149b2:	0077f713          	andi	a4,a5,7
   149b6:	fed78fa3          	sb	a3,-1(a5)
   149ba:	0585                	addi	a1,a1,1
   149bc:	ff79                	bnez	a4,1499a <memcpy+0x6e>
   149be:	b761                	j	14946 <memcpy+0x1a>
   149c0:	87aa                	mv	a5,a0
   149c2:	07157a63          	bgeu	a0,a7,14a36 <memcpy+0x10a>
   149c6:	40f886b3          	sub	a3,a7,a5
   149ca:	0c06f757          	vsetvli	a4,a3,e8,m1,ta,ma
   149ce:	02058087          	vle8.v	v1,(a1)
   149d2:	8e99                	sub	a3,a3,a4
   149d4:	95ba                	add	a1,a1,a4
   149d6:	020780a7          	vse8.v	v1,(a5)
   149da:	97ba                	add	a5,a5,a4
   149dc:	f6fd                	bnez	a3,149ca <memcpy+0x9e>
   149de:	8082                	ret
   149e0:	cd817057          	vsetivli	zero,2,e64,m1,ta,ma
   149e4:	01058613          	addi	a2,a1,16
   149e8:	0205f207          	vle64.v	v4,(a1)
   149ec:	02067187          	vle64.v	v3,(a2)
   149f0:	02058613          	addi	a2,a1,32
   149f4:	02067107          	vle64.v	v2,(a2)
   149f8:	03058613          	addi	a2,a1,48
   149fc:	02067087          	vle64.v	v1,(a2)
   14a00:	0207f227          	vse64.v	v4,(a5)
   14a04:	01078613          	addi	a2,a5,16
   14a08:	020671a7          	vse64.v	v3,(a2)
   14a0c:	02078613          	addi	a2,a5,32
   14a10:	02067127          	vse64.v	v2,(a2)
   14a14:	03078613          	addi	a2,a5,48
   14a18:	020670a7          	vse64.v	v1,(a2)
   14a1c:	0405b803          	ld	a6,64(a1)
   14a20:	04878793          	addi	a5,a5,72
   14a24:	40f70633          	sub	a2,a4,a5
   14a28:	04858593          	addi	a1,a1,72
   14a2c:	ff07bc23          	sd	a6,-8(a5)
   14a30:	fac6cae3          	blt	a3,a2,149e4 <memcpy+0xb8>
   14a34:	b70d                	j	14956 <memcpy+0x2a>
   14a36:	8082                	ret

0000000000014a38 <strlen>:
   14a38:	00757793          	andi	a5,a0,7
   14a3c:	872a                	mv	a4,a0
   14a3e:	efb1                	bnez	a5,14a9a <strlen+0x62>
   14a40:	7f7f87b7          	lui	a5,0x7f7f8
   14a44:	f7f78793          	addi	a5,a5,-129 # 7f7f7f7f <__BSS_END__+0x7f7db6af>
   14a48:	02079693          	slli	a3,a5,0x20
   14a4c:	96be                	add	a3,a3,a5
   14a4e:	55fd                	li	a1,-1
   14a50:	6310                	ld	a2,0(a4)
   14a52:	0721                	addi	a4,a4,8
   14a54:	00d677b3          	and	a5,a2,a3
   14a58:	97b6                	add	a5,a5,a3
   14a5a:	8fd1                	or	a5,a5,a2
   14a5c:	8fd5                	or	a5,a5,a3
   14a5e:	feb789e3          	beq	a5,a1,14a50 <strlen+0x18>
   14a62:	ff874783          	lbu	a5,-8(a4)
   14a66:	40a706b3          	sub	a3,a4,a0
   14a6a:	c7a9                	beqz	a5,14ab4 <strlen+0x7c>
   14a6c:	ff974783          	lbu	a5,-7(a4)
   14a70:	cf9d                	beqz	a5,14aae <strlen+0x76>
   14a72:	ffa74783          	lbu	a5,-6(a4)
   14a76:	c7a9                	beqz	a5,14ac0 <strlen+0x88>
   14a78:	ffb74783          	lbu	a5,-5(a4)
   14a7c:	cf9d                	beqz	a5,14aba <strlen+0x82>
   14a7e:	ffc74783          	lbu	a5,-4(a4)
   14a82:	c3b1                	beqz	a5,14ac6 <strlen+0x8e>
   14a84:	ffd74783          	lbu	a5,-3(a4)
   14a88:	c3b1                	beqz	a5,14acc <strlen+0x94>
   14a8a:	ffe74783          	lbu	a5,-2(a4)
   14a8e:	00f03533          	snez	a0,a5
   14a92:	9536                	add	a0,a0,a3
   14a94:	1579                	addi	a0,a0,-2
   14a96:	8082                	ret
   14a98:	d6c5                	beqz	a3,14a40 <strlen+0x8>
   14a9a:	00074783          	lbu	a5,0(a4)
   14a9e:	0705                	addi	a4,a4,1
   14aa0:	00777693          	andi	a3,a4,7
   14aa4:	fbf5                	bnez	a5,14a98 <strlen+0x60>
   14aa6:	8f09                	sub	a4,a4,a0
   14aa8:	fff70513          	addi	a0,a4,-1
   14aac:	8082                	ret
   14aae:	ff968513          	addi	a0,a3,-7
   14ab2:	8082                	ret
   14ab4:	ff868513          	addi	a0,a3,-8
   14ab8:	8082                	ret
   14aba:	ffb68513          	addi	a0,a3,-5
   14abe:	8082                	ret
   14ac0:	ffa68513          	addi	a0,a3,-6
   14ac4:	8082                	ret
   14ac6:	ffc68513          	addi	a0,a3,-4
   14aca:	8082                	ret
   14acc:	ffd68513          	addi	a0,a3,-3
   14ad0:	8082                	ret

0000000000014ad2 <frexpl>:
   14ad2:	715d                	addi	sp,sp,-80
   14ad4:	fc26                	sd	s1,56(sp)
   14ad6:	64a1                	lui	s1,0x8
   14ad8:	e486                	sd	ra,72(sp)
   14ada:	0305d793          	srli	a5,a1,0x30
   14ade:	14fd                	addi	s1,s1,-1 # 7fff <exit-0x8121>
   14ae0:	00062023          	sw	zero,0(a2)
   14ae4:	8fe5                	and	a5,a5,s1
   14ae6:	872e                	mv	a4,a1
   14ae8:	832a                	mv	t1,a0
   14aea:	06978a63          	beq	a5,s1,14b5e <frexpl+0x8c>
   14aee:	e0a2                	sd	s0,64(sp)
   14af0:	4681                	li	a3,0
   14af2:	8432                	mv	s0,a2
   14af4:	4601                	li	a2,0
   14af6:	e82e                	sd	a1,16(sp)
   14af8:	e42a                	sd	a0,8(sp)
   14afa:	ec3e                	sd	a5,24(sp)
   14afc:	f02a                	sd	a0,32(sp)
   14afe:	f42e                	sd	a1,40(sp)
   14b00:	0fa040ef          	jal	18bfa <__eqtf2>
   14b04:	6322                	ld	t1,8(sp)
   14b06:	6742                	ld	a4,16(sp)
   14b08:	c931                	beqz	a0,14b5c <frexpl+0x8a>
   14b0a:	67e2                	ld	a5,24(sp)
   14b0c:	4601                	li	a2,0
   14b0e:	889a                	mv	a7,t1
   14b10:	883a                	mv	a6,a4
   14b12:	ef99                	bnez	a5,14b30 <frexpl+0x5e>
   14b14:	040716b7          	lui	a3,0x4071
   14b18:	851a                	mv	a0,t1
   14b1a:	85ba                	mv	a1,a4
   14b1c:	1692                	slli	a3,a3,0x24
   14b1e:	2f0040ef          	jal	18e0e <__multf3>
   14b22:	0305d793          	srli	a5,a1,0x30
   14b26:	882e                	mv	a6,a1
   14b28:	88aa                	mv	a7,a0
   14b2a:	8fe5                	and	a5,a5,s1
   14b2c:	f8e00613          	li	a2,-114
   14b30:	7771                	lui	a4,0xffffc
   14b32:	2709                	addiw	a4,a4,2 # ffffffffffffc002 <__BSS_END__+0xfffffffffffdf732>
   14b34:	9fb9                	addw	a5,a5,a4
   14b36:	f80016b7          	lui	a3,0xf8001
   14b3a:	9fb1                	addw	a5,a5,a2
   14b3c:	60a6                	ld	ra,72(sp)
   14b3e:	c01c                	sw	a5,0(s0)
   14b40:	1692                	slli	a3,a3,0x24
   14b42:	6406                	ld	s0,64(sp)
   14b44:	16fd                	addi	a3,a3,-1 # fffffffff8000fff <__BSS_END__+0xfffffffff7fe472f>
   14b46:	01fff737          	lui	a4,0x1fff
   14b4a:	00d87833          	and	a6,a6,a3
   14b4e:	1716                	slli	a4,a4,0x25
   14b50:	74e2                	ld	s1,56(sp)
   14b52:	8546                	mv	a0,a7
   14b54:	00e865b3          	or	a1,a6,a4
   14b58:	6161                	addi	sp,sp,80
   14b5a:	8082                	ret
   14b5c:	6406                	ld	s0,64(sp)
   14b5e:	60a6                	ld	ra,72(sp)
   14b60:	74e2                	ld	s1,56(sp)
   14b62:	851a                	mv	a0,t1
   14b64:	85ba                	mv	a1,a4
   14b66:	6161                	addi	sp,sp,80
   14b68:	8082                	ret

0000000000014b6a <__register_exitproc>:
   14b6a:	2601b783          	ld	a5,608(gp) # 1c330 <__atexit>
   14b6e:	c3a9                	beqz	a5,14bb0 <__register_exitproc+0x46>
   14b70:	4798                	lw	a4,8(a5)
   14b72:	487d                	li	a6,31
   14b74:	06e84163          	blt	a6,a4,14bd6 <__register_exitproc+0x6c>
   14b78:	c505                	beqz	a0,14ba0 <__register_exitproc+0x36>
   14b7a:	00371813          	slli	a6,a4,0x3
   14b7e:	983e                	add	a6,a6,a5
   14b80:	10c83823          	sd	a2,272(a6)
   14b84:	3107a883          	lw	a7,784(a5)
   14b88:	4605                	li	a2,1
   14b8a:	00e6163b          	sllw	a2,a2,a4
   14b8e:	00c8e8b3          	or	a7,a7,a2
   14b92:	3117a823          	sw	a7,784(a5)
   14b96:	20d83823          	sd	a3,528(a6)
   14b9a:	4689                	li	a3,2
   14b9c:	02d50063          	beq	a0,a3,14bbc <__register_exitproc+0x52>
   14ba0:	0017069b          	addiw	a3,a4,1 # 1fff001 <__BSS_END__+0x1fe2731>
   14ba4:	070e                	slli	a4,a4,0x3
   14ba6:	c794                	sw	a3,8(a5)
   14ba8:	97ba                	add	a5,a5,a4
   14baa:	eb8c                	sd	a1,16(a5)
   14bac:	4501                	li	a0,0
   14bae:	8082                	ret
   14bb0:	67f1                	lui	a5,0x1c
   14bb2:	5b878793          	addi	a5,a5,1464 # 1c5b8 <__atexit0>
   14bb6:	26f1b023          	sd	a5,608(gp) # 1c330 <__atexit>
   14bba:	bf5d                	j	14b70 <__register_exitproc+0x6>
   14bbc:	3147a683          	lw	a3,788(a5)
   14bc0:	4501                	li	a0,0
   14bc2:	8e55                	or	a2,a2,a3
   14bc4:	0017069b          	addiw	a3,a4,1
   14bc8:	070e                	slli	a4,a4,0x3
   14bca:	30c7aa23          	sw	a2,788(a5)
   14bce:	c794                	sw	a3,8(a5)
   14bd0:	97ba                	add	a5,a5,a4
   14bd2:	eb8c                	sd	a1,16(a5)
   14bd4:	8082                	ret
   14bd6:	557d                	li	a0,-1
   14bd8:	8082                	ret

0000000000014bda <_ldtoa_r>:
   14bda:	7131                	addi	sp,sp,-192
   14bdc:	ec2e                	sd	a1,24(sp)
   14bde:	65e9                	lui	a1,0x1a
   14be0:	45058593          	addi	a1,a1,1104 # 1a450 <blanks.1+0x28>
   14be4:	0005be83          	ld	t4,0(a1)
   14be8:	0085be03          	ld	t3,8(a1)
   14bec:	0105a303          	lw	t1,16(a1)
   14bf0:	692c                	ld	a1,80(a0)
   14bf2:	f526                	sd	s1,168(sp)
   14bf4:	ed4e                	sd	s3,152(sp)
   14bf6:	e952                	sd	s4,144(sp)
   14bf8:	e556                	sd	s5,136(sp)
   14bfa:	f4e6                	sd	s9,104(sp)
   14bfc:	f0ea                	sd	s10,96(sp)
   14bfe:	ecee                	sd	s11,88(sp)
   14c00:	fd06                	sd	ra,184(sp)
   14c02:	f922                	sd	s0,176(sp)
   14c04:	f14a                	sd	s2,160(sp)
   14c06:	e15a                	sd	s6,128(sp)
   14c08:	fcde                	sd	s7,120(sp)
   14c0a:	f8e2                	sd	s8,112(sp)
   14c0c:	fc76                	sd	t4,56(sp)
   14c0e:	e0f2                	sd	t3,64(sp)
   14c10:	c49a                	sw	t1,72(sp)
   14c12:	89aa                	mv	s3,a0
   14c14:	84b2                	mv	s1,a2
   14c16:	8cb6                	mv	s9,a3
   14c18:	8d3a                	mv	s10,a4
   14c1a:	8a3e                	mv	s4,a5
   14c1c:	8ac2                	mv	s5,a6
   14c1e:	8dc6                	mv	s11,a7
   14c20:	c589                	beqz	a1,14c2a <_ldtoa_r+0x50>
   14c22:	350010ef          	jal	15f72 <__freedtoa>
   14c26:	0409b823          	sd	zero,80(s3)
   14c2a:	4716                	lw	a4,68(sp)
   14c2c:	0004a793          	slti	a5,s1,0
   14c30:	cd717057          	vsetivli	zero,2,e32,mf2,ta,ma
   14c34:	4017569b          	sraiw	a3,a4,0x1
   14c38:	8ff5                	and	a5,a5,a3
   14c3a:	8f3d                	xor	a4,a4,a5
   14c3c:	c2ba                	sw	a4,68(sp)
   14c3e:	0004a713          	slti	a4,s1,0
   14c42:	00eaa023          	sw	a4,0(s5)
   14c46:	77f1                	lui	a5,0xffffc
   14c48:	00149713          	slli	a4,s1,0x1
   14c4c:	f917879b          	addiw	a5,a5,-111 # ffffffffffffbf91 <__BSS_END__+0xfffffffffffdf6c1>
   14c50:	03175b93          	srli	s7,a4,0x31
   14c54:	00fb8c3b          	addw	s8,s7,a5
   14c58:	083c                	addi	a5,sp,24
   14c5a:	0207e087          	vle32.v	v1,(a5)
   14c5e:	02810a93          	addi	s5,sp,40
   14c62:	6662                	ld	a2,24(sp)
   14c64:	597d                	li	s2,-1
   14c66:	00195413          	srli	s0,s2,0x1
   14c6a:	8c65                	and	s0,s0,s1
   14c6c:	020ae0a7          	vse32.v	v1,(s5)
   14c70:	01049713          	slli	a4,s1,0x10
   14c74:	03075b13          	srli	s6,a4,0x30
   14c78:	86a2                	mv	a3,s0
   14c7a:	85a2                	mv	a1,s0
   14c7c:	8532                	mv	a0,a2
   14c7e:	d826                	sw	s1,48(sp)
   14c80:	da5a                	sw	s6,52(sp)
   14c82:	79d040ef          	jal	19c1e <__unordtf2>
   14c86:	ed55                	bnez	a0,14d42 <_ldtoa_r+0x168>
   14c88:	07fff6b7          	lui	a3,0x7fff
   14c8c:	6562                	ld	a0,24(sp)
   14c8e:	1692                	slli	a3,a3,0x24
   14c90:	96ca                	add	a3,a3,s2
   14c92:	864a                	mv	a2,s2
   14c94:	85a2                	mv	a1,s0
   14c96:	789040ef          	jal	19c1e <__unordtf2>
   14c9a:	e135                	bnez	a0,14cfe <_ldtoa_r+0x124>
   14c9c:	07fff6b7          	lui	a3,0x7fff
   14ca0:	6562                	ld	a0,24(sp)
   14ca2:	1692                	slli	a3,a3,0x24
   14ca4:	864a                	mv	a2,s2
   14ca6:	96ca                	add	a3,a3,s2
   14ca8:	85a2                	mv	a1,s0
   14caa:	0ae040ef          	jal	18d58 <__letf2>
   14cae:	04a05863          	blez	a0,14cfe <_ldtoa_r+0x124>
   14cb2:	478d                	li	a5,3
   14cb4:	d23e                	sw	a5,36(sp)
   14cb6:	87e6                	mv	a5,s9
   14cb8:	1058                	addi	a4,sp,36
   14cba:	e06e                	sd	s11,0(sp)
   14cbc:	886a                	mv	a6,s10
   14cbe:	86d6                	mv	a3,s5
   14cc0:	8662                	mv	a2,s8
   14cc2:	854e                	mv	a0,s3
   14cc4:	88d2                	mv	a7,s4
   14cc6:	182c                	addi	a1,sp,56
   14cc8:	102000ef          	jal	14dca <__gdtoa>
   14ccc:	000a2703          	lw	a4,0(s4)
   14cd0:	77e1                	lui	a5,0xffff8
   14cd2:	00f71763          	bne	a4,a5,14ce0 <_ldtoa_r+0x106>
   14cd6:	800007b7          	lui	a5,0x80000
   14cda:	17fd                	addi	a5,a5,-1 # ffffffff7fffffff <__BSS_END__+0xffffffff7ffe372f>
   14cdc:	00fa2023          	sw	a5,0(s4)
   14ce0:	70ea                	ld	ra,184(sp)
   14ce2:	744a                	ld	s0,176(sp)
   14ce4:	74aa                	ld	s1,168(sp)
   14ce6:	790a                	ld	s2,160(sp)
   14ce8:	69ea                	ld	s3,152(sp)
   14cea:	6a4a                	ld	s4,144(sp)
   14cec:	6aaa                	ld	s5,136(sp)
   14cee:	6b0a                	ld	s6,128(sp)
   14cf0:	7be6                	ld	s7,120(sp)
   14cf2:	7c46                	ld	s8,112(sp)
   14cf4:	7ca6                	ld	s9,104(sp)
   14cf6:	7d06                	ld	s10,96(sp)
   14cf8:	6de6                	ld	s11,88(sp)
   14cfa:	6129                	addi	sp,sp,192
   14cfc:	8082                	ret
   14cfe:	67e9                	lui	a5,0x1a
   14d00:	4487b683          	ld	a3,1096(a5) # 1a448 <blanks.1+0x20>
   14d04:	6562                	ld	a0,24(sp)
   14d06:	85a2                	mv	a1,s0
   14d08:	4601                	li	a2,0
   14d0a:	799030ef          	jal	18ca2 <__getf2>
   14d0e:	00054963          	bltz	a0,14d20 <_ldtoa_r+0x146>
   14d12:	67c1                	lui	a5,0x10
   14d14:	0167e7b3          	or	a5,a5,s6
   14d18:	4705                	li	a4,1
   14d1a:	da3e                	sw	a5,52(sp)
   14d1c:	d23a                	sw	a4,36(sp)
   14d1e:	bf61                	j	14cb6 <_ldtoa_r+0xdc>
   14d20:	6562                	ld	a0,24(sp)
   14d22:	85a6                	mv	a1,s1
   14d24:	4601                	li	a2,0
   14d26:	4681                	li	a3,0
   14d28:	6d3030ef          	jal	18bfa <__eqtf2>
   14d2c:	e119                	bnez	a0,14d32 <_ldtoa_r+0x158>
   14d2e:	d202                	sw	zero,36(sp)
   14d30:	b759                	j	14cb6 <_ldtoa_r+0xdc>
   14d32:	77f1                	lui	a5,0xffffc
   14d34:	f927879b          	addiw	a5,a5,-110 # ffffffffffffbf92 <__BSS_END__+0xfffffffffffdf6c2>
   14d38:	4709                	li	a4,2
   14d3a:	00fb8c3b          	addw	s8,s7,a5
   14d3e:	d23a                	sw	a4,36(sp)
   14d40:	bf9d                	j	14cb6 <_ldtoa_r+0xdc>
   14d42:	4791                	li	a5,4
   14d44:	d23e                	sw	a5,36(sp)
   14d46:	bf85                	j	14cb6 <_ldtoa_r+0xdc>

0000000000014d48 <_ldcheck>:
   14d48:	7179                	addi	sp,sp,-48
   14d4a:	ec26                	sd	s1,24(sp)
   14d4c:	6504                	ld	s1,8(a0)
   14d4e:	e84a                	sd	s2,16(sp)
   14d50:	e44e                	sd	s3,8(sp)
   14d52:	00053903          	ld	s2,0(a0)
   14d56:	59fd                	li	s3,-1
   14d58:	0019d793          	srli	a5,s3,0x1
   14d5c:	8cfd                	and	s1,s1,a5
   14d5e:	86a6                	mv	a3,s1
   14d60:	85a6                	mv	a1,s1
   14d62:	864a                	mv	a2,s2
   14d64:	854a                	mv	a0,s2
   14d66:	f406                	sd	ra,40(sp)
   14d68:	6b7040ef          	jal	19c1e <__unordtf2>
   14d6c:	e921                	bnez	a0,14dbc <_ldcheck+0x74>
   14d6e:	07fff6b7          	lui	a3,0x7fff
   14d72:	1692                	slli	a3,a3,0x24
   14d74:	96ce                	add	a3,a3,s3
   14d76:	864e                	mv	a2,s3
   14d78:	854a                	mv	a0,s2
   14d7a:	85a6                	mv	a1,s1
   14d7c:	f022                	sd	s0,32(sp)
   14d7e:	4405                	li	s0,1
   14d80:	69f040ef          	jal	19c1e <__unordtf2>
   14d84:	cd11                	beqz	a0,14da0 <_ldcheck+0x58>
   14d86:	70a2                	ld	ra,40(sp)
   14d88:	00144513          	xori	a0,s0,1
   14d8c:	7402                	ld	s0,32(sp)
   14d8e:	0ff57513          	zext.b	a0,a0
   14d92:	64e2                	ld	s1,24(sp)
   14d94:	6942                	ld	s2,16(sp)
   14d96:	69a2                	ld	s3,8(sp)
   14d98:	0015151b          	slliw	a0,a0,0x1
   14d9c:	6145                	addi	sp,sp,48
   14d9e:	8082                	ret
   14da0:	07fff7b7          	lui	a5,0x7fff
   14da4:	1792                	slli	a5,a5,0x24
   14da6:	864e                	mv	a2,s3
   14da8:	013786b3          	add	a3,a5,s3
   14dac:	854a                	mv	a0,s2
   14dae:	85a6                	mv	a1,s1
   14db0:	7a9030ef          	jal	18d58 <__letf2>
   14db4:	fca059e3          	blez	a0,14d86 <_ldcheck+0x3e>
   14db8:	4401                	li	s0,0
   14dba:	b7f1                	j	14d86 <_ldcheck+0x3e>
   14dbc:	70a2                	ld	ra,40(sp)
   14dbe:	64e2                	ld	s1,24(sp)
   14dc0:	6942                	ld	s2,16(sp)
   14dc2:	69a2                	ld	s3,8(sp)
   14dc4:	4505                	li	a0,1
   14dc6:	6145                	addi	sp,sp,48
   14dc8:	8082                	ret

0000000000014dca <__gdtoa>:
   14dca:	00072303          	lw	t1,0(a4)
   14dce:	7111                	addi	sp,sp,-256
   14dd0:	f9a2                	sd	s0,240(sp)
   14dd2:	6412                	ld	s0,256(sp)
   14dd4:	edce                	sd	s3,216(sp)
   14dd6:	fcf37e13          	andi	t3,t1,-49
   14dda:	fd86                	sd	ra,248(sp)
   14ddc:	01c72023          	sw	t3,0(a4)
   14de0:	4e8d                	li	t4,3
   14de2:	00f37e13          	andi	t3,t1,15
   14de6:	89a2                	mv	s3,s0
   14de8:	27de0763          	beq	t3,t4,15056 <__gdtoa+0x28c>
   14dec:	fd5e                	sd	s7,184(sp)
   14dee:	00c37413          	andi	s0,t1,12
   14df2:	8ba2                	mv	s7,s0
   14df4:	1c041163          	bnez	s0,14fb6 <__gdtoa+0x1ec>
   14df8:	e9d2                	sd	s4,208(sp)
   14dfa:	f962                	sd	s8,176(sp)
   14dfc:	f566                	sd	s9,168(sp)
   14dfe:	f16a                	sd	s10,160(sp)
   14e00:	ed6e                	sd	s11,152(sp)
   14e02:	e03a                	sd	a4,0(sp)
   14e04:	8a2a                	mv	s4,a0
   14e06:	8cc6                	mv	s9,a7
   14e08:	8c36                	mv	s8,a3
   14e0a:	8d32                	mv	s10,a2
   14e0c:	8dae                	mv	s11,a1
   14e0e:	200e0d63          	beqz	t3,15028 <__gdtoa+0x25e>
   14e12:	4194                	lw	a3,0(a1)
   14e14:	e5d6                	sd	s5,200(sp)
   14e16:	e1da                	sd	s6,192(sp)
   14e18:	8abe                	mv	s5,a5
   14e1a:	02000793          	li	a5,32
   14e1e:	8b42                	mv	s6,a6
   14e20:	4581                	li	a1,0
   14e22:	00d7d763          	bge	a5,a3,14e30 <__gdtoa+0x66>
   14e26:	0017979b          	slliw	a5,a5,0x1
   14e2a:	2585                	addiw	a1,a1,1
   14e2c:	fed7cde3          	blt	a5,a3,14e26 <__gdtoa+0x5c>
   14e30:	8552                	mv	a0,s4
   14e32:	e836                	sd	a3,16(sp)
   14e34:	e41a                	sd	t1,8(sp)
   14e36:	3aa010ef          	jal	161e0 <_Balloc>
   14e3a:	6322                	ld	t1,8(sp)
   14e3c:	66c2                	ld	a3,16(sp)
   14e3e:	842a                	mv	s0,a0
   14e40:	1a050f63          	beqz	a0,14ffe <__gdtoa+0x234>
   14e44:	fff6871b          	addiw	a4,a3,-1 # 7ffefff <__BSS_END__+0x7fe272f>
   14e48:	4057571b          	sraiw	a4,a4,0x5
   14e4c:	070a                	slli	a4,a4,0x2
   14e4e:	87e2                	mv	a5,s8
   14e50:	00ec0533          	add	a0,s8,a4
   14e54:	01840613          	addi	a2,s0,24
   14e58:	438c                	lw	a1,0(a5)
   14e5a:	0791                	addi	a5,a5,4 # 7fff004 <__BSS_END__+0x7fe2734>
   14e5c:	0611                	addi	a2,a2,4
   14e5e:	feb62e23          	sw	a1,-4(a2)
   14e62:	fef57be3          	bgeu	a0,a5,14e58 <__gdtoa+0x8e>
   14e66:	001c0793          	addi	a5,s8,1
   14e6a:	0505                	addi	a0,a0,1
   14e6c:	00f53533          	sltu	a0,a0,a5
   14e70:	157d                	addi	a0,a0,-1
   14e72:	8f69                	and	a4,a4,a0
   14e74:	0711                	addi	a4,a4,4
   14e76:	40275793          	srai	a5,a4,0x2
   14e7a:	9722                	add	a4,a4,s0
   14e7c:	a021                	j	14e84 <__gdtoa+0xba>
   14e7e:	1771                	addi	a4,a4,-4
   14e80:	1e078963          	beqz	a5,15072 <__gdtoa+0x2a8>
   14e84:	4b50                	lw	a2,20(a4)
   14e86:	85be                	mv	a1,a5
   14e88:	37fd                	addiw	a5,a5,-1
   14e8a:	da75                	beqz	a2,14e7e <__gdtoa+0xb4>
   14e8c:	078a                	slli	a5,a5,0x2
   14e8e:	97a2                	add	a5,a5,s0
   14e90:	4f88                	lw	a0,24(a5)
   14e92:	c84c                	sw	a1,20(s0)
   14e94:	ec1a                	sd	t1,24(sp)
   14e96:	e836                	sd	a3,16(sp)
   14e98:	e42e                	sd	a1,8(sp)
   14e9a:	5a4010ef          	jal	1643e <__hi0bits>
   14e9e:	65a2                	ld	a1,8(sp)
   14ea0:	6362                	ld	t1,24(sp)
   14ea2:	66c2                	ld	a3,16(sp)
   14ea4:	0055959b          	slliw	a1,a1,0x5
   14ea8:	40a587bb          	subw	a5,a1,a0
   14eac:	8522                	mv	a0,s0
   14eae:	ec3e                	sd	a5,24(sp)
   14eb0:	e836                	sd	a3,16(sp)
   14eb2:	e41a                	sd	t1,8(sp)
   14eb4:	2ec010ef          	jal	161a0 <__trailz_D2A>
   14eb8:	c72a                	sw	a0,140(sp)
   14eba:	6322                	ld	t1,8(sp)
   14ebc:	66c2                	ld	a3,16(sp)
   14ebe:	67e2                	ld	a5,24(sp)
   14ec0:	866a                	mv	a2,s10
   14ec2:	3a051963          	bnez	a0,15274 <__gdtoa+0x4aa>
   14ec6:	4858                	lw	a4,20(s0)
   14ec8:	14070a63          	beqz	a4,1501c <__gdtoa+0x252>
   14ecc:	016c                	addi	a1,sp,140
   14ece:	8522                	mv	a0,s0
   14ed0:	f03e                	sd	a5,32(sp)
   14ed2:	ec36                	sd	a3,24(sp)
   14ed4:	e832                	sd	a2,16(sp)
   14ed6:	e41a                	sd	t1,8(sp)
   14ed8:	f5a6                	sd	s1,232(sp)
   14eda:	549010ef          	jal	16c22 <__b2d>
   14ede:	e2050753          	fmv.x.d	a4,fa0
   14ee2:	3ff00537          	lui	a0,0x3ff00
   14ee6:	00c71593          	slli	a1,a4,0xc
   14eea:	02071f13          	slli	t5,a4,0x20
   14eee:	02c5d713          	srli	a4,a1,0x2c
   14ef2:	00a765b3          	or	a1,a4,a0
   14ef6:	02059713          	slli	a4,a1,0x20
   14efa:	020f5f13          	srli	t5,t5,0x20
   14efe:	00ef6f33          	or	t5,t5,a4
   14f02:	f20f07d3          	fmv.d.x	fa5,t5
   14f06:	1981b707          	fld	fa4,408(gp) # 1c268 <__SDATA_BEGIN__>
   14f0a:	1a01b687          	fld	fa3,416(gp) # 1c270 <__SDATA_BEGIN__+0x8>
   14f0e:	0ae7f753          	fsub.d	fa4,fa5,fa4
   14f12:	1a81b787          	fld	fa5,424(gp) # 1c278 <__SDATA_BEGIN__+0x10>
   14f16:	6642                	ld	a2,16(sp)
   14f18:	7782                	ld	a5,32(sp)
   14f1a:	852e                	mv	a0,a1
   14f1c:	7ad77743          	fmadd.d	fa4,fa4,fa3,fa5
   14f20:	00f608bb          	addw	a7,a2,a5
   14f24:	fff8859b          	addiw	a1,a7,-1
   14f28:	1b01b687          	fld	fa3,432(gp) # 1c280 <__SDATA_BEGIN__+0x18>
   14f2c:	d20587d3          	fcvt.d.w	fa5,a1
   14f30:	6322                	ld	t1,8(sp)
   14f32:	66e2                	ld	a3,24(sp)
   14f34:	72d7f7c3          	fmadd.d	fa5,fa5,fa3,fa4
   14f38:	872e                	mv	a4,a1
   14f3a:	0005d563          	bgez	a1,14f44 <__gdtoa+0x17a>
   14f3e:	4705                	li	a4,1
   14f40:	4117073b          	subw	a4,a4,a7
   14f44:	bcb7071b          	addiw	a4,a4,-1077
   14f48:	00e05863          	blez	a4,14f58 <__gdtoa+0x18e>
   14f4c:	1b81b707          	fld	fa4,440(gp) # 1c288 <__SDATA_BEGIN__+0x20>
   14f50:	d20706d3          	fcvt.d.w	fa3,a4
   14f54:	7ae6f7c3          	fmadd.d	fa5,fa3,fa4,fa5
   14f58:	f2000753          	fmv.d.x	fa4,zero
   14f5c:	c2079853          	fcvt.w.d	a6,fa5,rtz
   14f60:	a2e79753          	flt.d	a4,fa5,fa4
   14f64:	42071763          	bnez	a4,15392 <__gdtoa+0x5c8>
   14f68:	0145971b          	slliw	a4,a1,0x14
   14f6c:	1f02                	slli	t5,t5,0x20
   14f6e:	9f29                	addw	a4,a4,a0
   14f70:	1702                	slli	a4,a4,0x20
   14f72:	020f5f13          	srli	t5,t5,0x20
   14f76:	40b785bb          	subw	a1,a5,a1
   14f7a:	00ef6f33          	or	t5,t5,a4
   14f7e:	fff58e9b          	addiw	t4,a1,-1
   14f82:	4759                	li	a4,22
   14f84:	8e76                	mv	t3,t4
   14f86:	0f076963          	bltu	a4,a6,15078 <__gdtoa+0x2ae>
   14f8a:	6569                	lui	a0,0x1a
   14f8c:	4c850513          	addi	a0,a0,1224 # 1a4c8 <__mprec_tens>
   14f90:	00381713          	slli	a4,a6,0x3
   14f94:	972a                	add	a4,a4,a0
   14f96:	231c                	fld	fa5,0(a4)
   14f98:	f20f0753          	fmv.d.x	fa4,t5
   14f9c:	a2f71753          	flt.d	a4,fa4,fa5
   14fa0:	30071263          	bnez	a4,152a4 <__gdtoa+0x4da>
   14fa4:	0cb051e3          	blez	a1,15866 <__gdtoa+0xa9c>
   14fa8:	01d80ebb          	addw	t4,a6,t4
   14fac:	f082                	sd	zero,96(sp)
   14fae:	e8c2                	sd	a6,80(sp)
   14fb0:	e802                	sd	zero,16(sp)
   14fb2:	e482                	sd	zero,72(sp)
   14fb4:	a0cd                	j	15096 <__gdtoa+0x2cc>
   14fb6:	4791                	li	a5,4
   14fb8:	04fe1a63          	bne	t3,a5,1500c <__gdtoa+0x242>
   14fbc:	744e                	ld	s0,240(sp)
   14fbe:	7bea                	ld	s7,184(sp)
   14fc0:	70ee                	ld	ra,248(sp)
   14fc2:	77e1                	lui	a5,0xffff8
   14fc4:	864e                	mv	a2,s3
   14fc6:	69ee                	ld	s3,216(sp)
   14fc8:	65e9                	lui	a1,0x1a
   14fca:	00f8a023          	sw	a5,0(a7)
   14fce:	86f6                	mv	a3,t4
   14fd0:	fa058593          	addi	a1,a1,-96 # 19fa0 <__clzdi2+0x17a>
   14fd4:	6111                	addi	sp,sp,256
   14fd6:	72b0006f          	j	15f00 <__nrv_alloc_D2A>
   14fda:	85fa                	mv	a1,t5
   14fdc:	8552                	mv	a0,s4
   14fde:	fc3a                	sd	a4,56(sp)
   14fe0:	f872                	sd	t3,48(sp)
   14fe2:	f442                	sd	a6,40(sp)
   14fe4:	f03e                	sd	a5,32(sp)
   14fe6:	ec46                	sd	a7,24(sp)
   14fe8:	0d7010ef          	jal	168be <__lshift>
   14fec:	68e2                	ld	a7,24(sp)
   14fee:	7782                	ld	a5,32(sp)
   14ff0:	7822                	ld	a6,40(sp)
   14ff2:	7e42                	ld	t3,48(sp)
   14ff4:	7762                	ld	a4,56(sp)
   14ff6:	8f2a                	mv	t5,a0
   14ff8:	4e051063          	bnez	a0,154d8 <__gdtoa+0x70e>
   14ffc:	74ae                	ld	s1,232(sp)
   14ffe:	6a4e                	ld	s4,208(sp)
   15000:	6aae                	ld	s5,200(sp)
   15002:	6b0e                	ld	s6,192(sp)
   15004:	7c4a                	ld	s8,176(sp)
   15006:	7caa                	ld	s9,168(sp)
   15008:	7d0a                	ld	s10,160(sp)
   1500a:	6dea                	ld	s11,152(sp)
   1500c:	4701                	li	a4,0
   1500e:	70ee                	ld	ra,248(sp)
   15010:	744e                	ld	s0,240(sp)
   15012:	7bea                	ld	s7,184(sp)
   15014:	69ee                	ld	s3,216(sp)
   15016:	853a                	mv	a0,a4
   15018:	6111                	addi	sp,sp,256
   1501a:	8082                	ret
   1501c:	85a2                	mv	a1,s0
   1501e:	8552                	mv	a0,s4
   15020:	230010ef          	jal	16250 <_Bfree>
   15024:	6aae                	ld	s5,200(sp)
   15026:	6b0e                	ld	s6,192(sp)
   15028:	4685                	li	a3,1
   1502a:	65e9                	lui	a1,0x1a
   1502c:	864e                	mv	a2,s3
   1502e:	8552                	mv	a0,s4
   15030:	00dca023          	sw	a3,0(s9)
   15034:	f8858593          	addi	a1,a1,-120 # 19f88 <__clzdi2+0x162>
   15038:	6c9000ef          	jal	15f00 <__nrv_alloc_D2A>
   1503c:	70ee                	ld	ra,248(sp)
   1503e:	744e                	ld	s0,240(sp)
   15040:	872a                	mv	a4,a0
   15042:	6a4e                	ld	s4,208(sp)
   15044:	7c4a                	ld	s8,176(sp)
   15046:	7caa                	ld	s9,168(sp)
   15048:	7d0a                	ld	s10,160(sp)
   1504a:	6dea                	ld	s11,152(sp)
   1504c:	7bea                	ld	s7,184(sp)
   1504e:	69ee                	ld	s3,216(sp)
   15050:	853a                	mv	a0,a4
   15052:	6111                	addi	sp,sp,256
   15054:	8082                	ret
   15056:	8622                	mv	a2,s0
   15058:	744e                	ld	s0,240(sp)
   1505a:	70ee                	ld	ra,248(sp)
   1505c:	69ee                	ld	s3,216(sp)
   1505e:	77e1                	lui	a5,0xffff8
   15060:	65e9                	lui	a1,0x1a
   15062:	00f8a023          	sw	a5,0(a7)
   15066:	f9058593          	addi	a1,a1,-112 # 19f90 <__clzdi2+0x16a>
   1506a:	46a1                	li	a3,8
   1506c:	6111                	addi	sp,sp,256
   1506e:	6930006f          	j	15f00 <__nrv_alloc_D2A>
   15072:	00042a23          	sw	zero,20(s0)
   15076:	bd1d                	j	14eac <__gdtoa+0xe2>
   15078:	4705                	li	a4,1
   1507a:	f0ba                	sd	a4,96(sp)
   1507c:	e802                	sd	zero,16(sp)
   1507e:	200e4c63          	bltz	t3,15296 <__gdtoa+0x4cc>
   15082:	20085563          	bgez	a6,1528c <__gdtoa+0x4c2>
   15086:	6742                	ld	a4,16(sp)
   15088:	e882                	sd	zero,80(sp)
   1508a:	4107073b          	subw	a4,a4,a6
   1508e:	e83a                	sd	a4,16(sp)
   15090:	4100073b          	negw	a4,a6
   15094:	e4ba                	sd	a4,72(sp)
   15096:	4725                	li	a4,9
   15098:	2d576763          	bltu	a4,s5,15366 <__gdtoa+0x59c>
   1509c:	4715                	li	a4,5
   1509e:	55575063          	bge	a4,s5,155de <__gdtoa+0x814>
   150a2:	ffca851b          	addiw	a0,s5,-4
   150a6:	4591                	li	a1,4
   150a8:	8aaa                	mv	s5,a0
   150aa:	2eb50c63          	beq	a0,a1,153a2 <__gdtoa+0x5d8>
   150ae:	6ee50163          	beq	a0,a4,15790 <__gdtoa+0x9c6>
   150b2:	4709                	li	a4,2
   150b4:	f482                	sd	zero,104(sp)
   150b6:	4481                	li	s1,0
   150b8:	2ee50863          	beq	a0,a4,153a8 <__gdtoa+0x5de>
   150bc:	4a8d                	li	s5,3
   150be:	010b073b          	addw	a4,s6,a6
   150c2:	f8ba                	sd	a4,112(sp)
   150c4:	0017089b          	addiw	a7,a4,1
   150c8:	6d105163          	blez	a7,1578a <__gdtoa+0x9c0>
   150cc:	8746                	mv	a4,a7
   150ce:	85c6                	mv	a1,a7
   150d0:	8552                	mv	a0,s4
   150d2:	c73a                	sw	a4,140(sp)
   150d4:	e0fa                	sd	t5,64(sp)
   150d6:	fc76                	sd	t4,56(sp)
   150d8:	f83e                	sd	a5,48(sp)
   150da:	f436                	sd	a3,40(sp)
   150dc:	f042                	sd	a6,32(sp)
   150de:	ec32                	sd	a2,24(sp)
   150e0:	e446                	sd	a7,8(sp)
   150e2:	ec9a                	sd	t1,88(sp)
   150e4:	5d9000ef          	jal	15ebc <__rv_alloc_D2A>
   150e8:	872a                	mv	a4,a0
   150ea:	f00509e3          	beqz	a0,14ffc <__gdtoa+0x232>
   150ee:	00cdae03          	lw	t3,12(s11)
   150f2:	68a2                	ld	a7,8(sp)
   150f4:	6662                	ld	a2,24(sp)
   150f6:	3e7d                	addiw	t3,t3,-1
   150f8:	7802                	ld	a6,32(sp)
   150fa:	76a2                	ld	a3,40(sp)
   150fc:	77c2                	ld	a5,48(sp)
   150fe:	7ee2                	ld	t4,56(sp)
   15100:	6f06                	ld	t5,64(sp)
   15102:	000e0d63          	beqz	t3,1511c <__gdtoa+0x352>
   15106:	6366                	ld	t1,88(sp)
   15108:	000e5363          	bgez	t3,1510e <__gdtoa+0x344>
   1510c:	4e09                	li	t3,2
   1510e:	10037313          	andi	t1,t1,256
   15112:	1e030463          	beqz	t1,152fa <__gdtoa+0x530>
   15116:	458d                	li	a1,3
   15118:	41c58e3b          	subw	t3,a1,t3
   1511c:	00f8b593          	sltiu	a1,a7,15
   15120:	1c058d63          	beqz	a1,152fa <__gdtoa+0x530>
   15124:	1c048b63          	beqz	s1,152fa <__gdtoa+0x530>
   15128:	010e65b3          	or	a1,t3,a6
   1512c:	1c059763          	bnez	a1,152fa <__gdtoa+0x530>
   15130:	7586                	ld	a1,96(sp)
   15132:	c702                	sw	zero,140(sp)
   15134:	f20f06d3          	fmv.d.x	fa3,t5
   15138:	c599                	beqz	a1,15146 <__gdtoa+0x37c>
   1513a:	1c81b787          	fld	fa5,456(gp) # 1c298 <__SDATA_BEGIN__+0x30>
   1513e:	a2f695d3          	flt.d	a1,fa3,fa5
   15142:	16059463          	bnez	a1,152aa <__gdtoa+0x4e0>
   15146:	1d01b787          	fld	fa5,464(gp) # 1c2a0 <__SDATA_BEGIN__+0x38>
   1514a:	fcc00537          	lui	a0,0xfcc00
   1514e:	a43e                	fsd	fa5,8(sp)
   15150:	2722                	fld	fa4,8(sp)
   15152:	1d81b787          	fld	fa5,472(gp) # 1c2a8 <__SDATA_BEGIN__+0x40>
   15156:	7ae6f7c3          	fmadd.d	fa5,fa3,fa4,fa5
   1515a:	e20785d3          	fmv.x.d	a1,fa5
   1515e:	02059e13          	slli	t3,a1,0x20
   15162:	9181                	srli	a1,a1,0x20
   15164:	9da9                	addw	a1,a1,a0
   15166:	020e5e13          	srli	t3,t3,0x20
   1516a:	1582                	slli	a1,a1,0x20
   1516c:	00be6e33          	or	t3,t3,a1
   15170:	16088463          	beqz	a7,152d8 <__gdtoa+0x50e>
   15174:	22d687d3          	fmv.d	fa5,fa3
   15178:	4581                	li	a1,0
   1517a:	8fc6                	mv	t6,a7
   1517c:	6569                	lui	a0,0x1a
   1517e:	ffff831b          	addiw	t1,t6,-1
   15182:	74a6                	ld	s1,104(sp)
   15184:	4c850513          	addi	a0,a0,1224 # 1a4c8 <__mprec_tens>
   15188:	030e                	slli	t1,t1,0x3
   1518a:	932a                	add	t1,t1,a0
   1518c:	00033607          	fld	fa2,0(t1)
   15190:	120486e3          	beqz	s1,15abc <__gdtoa+0xcf2>
   15194:	1f81b707          	fld	fa4,504(gp) # 1c2c8 <__SDATA_BEGIN__+0x60>
   15198:	c20792d3          	fcvt.w.d	t0,fa5,rtz
   1519c:	00170313          	addi	t1,a4,1
   151a0:	1ac77753          	fdiv.d	fa4,fa4,fa2
   151a4:	d20286d3          	fcvt.d.w	fa3,t0
   151a8:	0302829b          	addiw	t0,t0,48 # 11a46 <__call_exitprocs+0x16>
   151ac:	00570023          	sb	t0,0(a4)
   151b0:	0ad7f7d3          	fsub.d	fa5,fa5,fa3
   151b4:	f20e06d3          	fmv.d.x	fa3,t3
   151b8:	0ad77753          	fsub.d	fa4,fa4,fa3
   151bc:	a2e79e53          	flt.d	t3,fa5,fa4
   151c0:	2c0e16e3          	bnez	t3,15c8c <__gdtoa+0xec2>
   151c4:	1c81b587          	fld	fa1,456(gp) # 1c298 <__SDATA_BEGIN__+0x30>
   151c8:	1e01b607          	fld	fa2,480(gp) # 1c2b0 <__SDATA_BEGIN__+0x48>
   151cc:	a80d                	j	151fe <__gdtoa+0x434>
   151ce:	4e3a                	lw	t3,140(sp)
   151d0:	0305                	addi	t1,t1,1
   151d2:	2e05                	addiw	t3,t3,1
   151d4:	c772                	sw	t3,140(sp)
   151d6:	39fe59e3          	bge	t3,t6,15d68 <__gdtoa+0xf9e>
   151da:	12c7f7d3          	fmul.d	fa5,fa5,fa2
   151de:	12c77753          	fmul.d	fa4,fa4,fa2
   151e2:	c2079e53          	fcvt.w.d	t3,fa5,rtz
   151e6:	d20e06d3          	fcvt.d.w	fa3,t3
   151ea:	030e0e1b          	addiw	t3,t3,48
   151ee:	ffc30fa3          	sb	t3,-1(t1)
   151f2:	0ad7f7d3          	fsub.d	fa5,fa5,fa3
   151f6:	a2e79e53          	flt.d	t3,fa5,fa4
   151fa:	280e19e3          	bnez	t3,15c8c <__gdtoa+0xec2>
   151fe:	0af5f6d3          	fsub.d	fa3,fa1,fa5
   15202:	a2e69e53          	flt.d	t3,fa3,fa4
   15206:	fc0e04e3          	beqz	t3,151ce <__gdtoa+0x404>
   1520a:	fff34683          	lbu	a3,-1(t1)
   1520e:	03900613          	li	a2,57
   15212:	a031                	j	1521e <__gdtoa+0x454>
   15214:	18f70ae3          	beq	a4,a5,15ba8 <__gdtoa+0xdde>
   15218:	fff7c683          	lbu	a3,-1(a5) # ffffffffffff7fff <__BSS_END__+0xfffffffffffdb72f>
   1521c:	833e                	mv	t1,a5
   1521e:	fff30793          	addi	a5,t1,-1
   15222:	fec689e3          	beq	a3,a2,15214 <__gdtoa+0x44a>
   15226:	0685                	addi	a3,a3,1
   15228:	00d78023          	sb	a3,0(a5)
   1522c:	0015861b          	addiw	a2,a1,1
   15230:	02000b93          	li	s7,32
   15234:	85a2                	mv	a1,s0
   15236:	8552                	mv	a0,s4
   15238:	ec3a                	sd	a4,24(sp)
   1523a:	e832                	sd	a2,16(sp)
   1523c:	e41a                	sd	t1,8(sp)
   1523e:	012010ef          	jal	16250 <_Bfree>
   15242:	6322                	ld	t1,8(sp)
   15244:	6642                	ld	a2,16(sp)
   15246:	6762                	ld	a4,24(sp)
   15248:	00030023          	sb	zero,0(t1)
   1524c:	00cca023          	sw	a2,0(s9)
   15250:	00098463          	beqz	s3,15258 <__gdtoa+0x48e>
   15254:	0069b023          	sd	t1,0(s3)
   15258:	6682                	ld	a3,0(sp)
   1525a:	74ae                	ld	s1,232(sp)
   1525c:	6a4e                	ld	s4,208(sp)
   1525e:	429c                	lw	a5,0(a3)
   15260:	6aae                	ld	s5,200(sp)
   15262:	6b0e                	ld	s6,192(sp)
   15264:	00fbe7b3          	or	a5,s7,a5
   15268:	7c4a                	ld	s8,176(sp)
   1526a:	7caa                	ld	s9,168(sp)
   1526c:	7d0a                	ld	s10,160(sp)
   1526e:	6dea                	ld	s11,152(sp)
   15270:	c29c                	sw	a5,0(a3)
   15272:	bb71                	j	1500e <__gdtoa+0x244>
   15274:	85aa                	mv	a1,a0
   15276:	8522                	mv	a0,s0
   15278:	685000ef          	jal	160fc <__rshift_D2A>
   1527c:	463a                	lw	a2,140(sp)
   1527e:	67e2                	ld	a5,24(sp)
   15280:	66c2                	ld	a3,16(sp)
   15282:	6322                	ld	t1,8(sp)
   15284:	9f91                	subw	a5,a5,a2
   15286:	01a6063b          	addw	a2,a2,s10
   1528a:	b935                	j	14ec6 <__gdtoa+0xfc>
   1528c:	01d80ebb          	addw	t4,a6,t4
   15290:	e8c2                	sd	a6,80(sp)
   15292:	e482                	sd	zero,72(sp)
   15294:	b509                	j	15096 <__gdtoa+0x2cc>
   15296:	4705                	li	a4,1
   15298:	9f0d                	subw	a4,a4,a1
   1529a:	e83a                	sd	a4,16(sp)
   1529c:	4e81                	li	t4,0
   1529e:	de0844e3          	bltz	a6,15086 <__gdtoa+0x2bc>
   152a2:	b7ed                	j	1528c <__gdtoa+0x4c2>
   152a4:	387d                	addiw	a6,a6,-1
   152a6:	f082                	sd	zero,96(sp)
   152a8:	bbd1                	j	1507c <__gdtoa+0x2b2>
   152aa:	180896e3          	bnez	a7,15c36 <__gdtoa+0xe6c>
   152ae:	1d01b787          	fld	fa5,464(gp) # 1c2a0 <__SDATA_BEGIN__+0x38>
   152b2:	fcc00537          	lui	a0,0xfcc00
   152b6:	a43e                	fsd	fa5,8(sp)
   152b8:	2722                	fld	fa4,8(sp)
   152ba:	1d81b787          	fld	fa5,472(gp) # 1c2a8 <__SDATA_BEGIN__+0x40>
   152be:	7ad777c3          	fmadd.d	fa5,fa4,fa3,fa5
   152c2:	e20785d3          	fmv.x.d	a1,fa5
   152c6:	02059e13          	slli	t3,a1,0x20
   152ca:	9181                	srli	a1,a1,0x20
   152cc:	9da9                	addw	a1,a1,a0
   152ce:	020e5e13          	srli	t3,t3,0x20
   152d2:	1582                	slli	a1,a1,0x20
   152d4:	00be6e33          	or	t3,t3,a1
   152d8:	1f01b787          	fld	fa5,496(gp) # 1c2c0 <__SDATA_BEGIN__+0x58>
   152dc:	0af6f6d3          	fsub.d	fa3,fa3,fa5
   152e0:	f20e07d3          	fmv.d.x	fa5,t3
   152e4:	a2d795d3          	flt.d	a1,fa5,fa3
   152e8:	08059de3          	bnez	a1,15b82 <__gdtoa+0xdb8>
   152ec:	22f797d3          	fneg.d	fa5,fa5
   152f0:	a2f695d3          	flt.d	a1,fa3,fa5
   152f4:	48059063          	bnez	a1,15774 <__gdtoa+0x9aa>
   152f8:	4e01                	li	t3,0
   152fa:	fff64593          	not	a1,a2
   152fe:	01f5d59b          	srliw	a1,a1,0x1f
   15302:	cdcd                	beqz	a1,153bc <__gdtoa+0x5f2>
   15304:	00f82593          	slti	a1,a6,15
   15308:	c9d5                	beqz	a1,153bc <__gdtoa+0x5f2>
   1530a:	6569                	lui	a0,0x1a
   1530c:	4c850513          	addi	a0,a0,1224 # 1a4c8 <__mprec_tens>
   15310:	00381693          	slli	a3,a6,0x3
   15314:	96aa                	add	a3,a3,a0
   15316:	01fb579b          	srliw	a5,s6,0x1f
   1531a:	2298                	fld	fa4,0(a3)
   1531c:	30078863          	beqz	a5,1562c <__gdtoa+0x862>
   15320:	31104663          	bgtz	a7,1562c <__gdtoa+0x862>
   15324:	44089863          	bnez	a7,15774 <__gdtoa+0x9aa>
   15328:	1f01b787          	fld	fa5,496(gp) # 1c2c0 <__SDATA_BEGIN__+0x58>
   1532c:	12f77753          	fmul.d	fa4,fa4,fa5
   15330:	f20f07d3          	fmv.d.x	fa5,t5
   15334:	a2e787d3          	fle.d	a5,fa5,fa4
   15338:	42079e63          	bnez	a5,15774 <__gdtoa+0x9aa>
   1533c:	03100793          	li	a5,49
   15340:	00170313          	addi	t1,a4,1
   15344:	00f70023          	sb	a5,0(a4)
   15348:	4581                	li	a1,0
   1534a:	8552                	mv	a0,s4
   1534c:	ec42                	sd	a6,24(sp)
   1534e:	e83a                	sd	a4,16(sp)
   15350:	e41a                	sd	t1,8(sp)
   15352:	6ff000ef          	jal	16250 <_Bfree>
   15356:	6862                	ld	a6,24(sp)
   15358:	6322                	ld	t1,8(sp)
   1535a:	6742                	ld	a4,16(sp)
   1535c:	0028061b          	addiw	a2,a6,2
   15360:	02000b93          	li	s7,32
   15364:	bdc1                	j	15234 <__gdtoa+0x46a>
   15366:	3fd8889b          	addiw	a7,a7,1021
   1536a:	7f88b493          	sltiu	s1,a7,2040
   1536e:	4a81                	li	s5,0
   15370:	1c01b707          	fld	fa4,448(gp) # 1c290 <__SDATA_BEGIN__+0x28>
   15374:	d20687d3          	fcvt.d.w	fa5,a3
   15378:	577d                	li	a4,-1
   1537a:	f8ba                	sd	a4,112(sp)
   1537c:	12e7f7d3          	fmul.d	fa5,fa5,fa4
   15380:	88ba                	mv	a7,a4
   15382:	4705                	li	a4,1
   15384:	f4ba                	sd	a4,104(sp)
   15386:	4b01                	li	s6,0
   15388:	c20795d3          	fcvt.w.d	a1,fa5,rtz
   1538c:	258d                	addiw	a1,a1,3
   1538e:	872e                	mv	a4,a1
   15390:	b381                	j	150d0 <__gdtoa+0x306>
   15392:	d2080753          	fcvt.d.w	fa4,a6
   15396:	a2f72753          	feq.d	a4,fa4,fa5
   1539a:	bc0717e3          	bnez	a4,14f68 <__gdtoa+0x19e>
   1539e:	387d                	addiw	a6,a6,-1
   153a0:	b6e1                	j	14f68 <__gdtoa+0x19e>
   153a2:	4705                	li	a4,1
   153a4:	4481                	li	s1,0
   153a6:	f4ba                	sd	a4,104(sp)
   153a8:	000b059b          	sext.w	a1,s6
   153ac:	01604363          	bgtz	s6,153b2 <__gdtoa+0x5e8>
   153b0:	4585                	li	a1,1
   153b2:	872e                	mv	a4,a1
   153b4:	f8ae                	sd	a1,112(sp)
   153b6:	88ae                	mv	a7,a1
   153b8:	8b2e                	mv	s6,a1
   153ba:	bb19                	j	150d0 <__gdtoa+0x306>
   153bc:	75a6                	ld	a1,104(sp)
   153be:	24058163          	beqz	a1,15600 <__gdtoa+0x836>
   153c2:	9e9d                	subw	a3,a3,a5
   153c4:	004da503          	lw	a0,4(s11)
   153c8:	0016859b          	addiw	a1,a3,1
   153cc:	c72e                	sw	a1,140(sp)
   153ce:	40d606bb          	subw	a3,a2,a3
   153d2:	4ea6d063          	bge	a3,a0,158b2 <__gdtoa+0xae8>
   153d6:	ffda869b          	addiw	a3,s5,-3
   153da:	9af5                	andi	a3,a3,-3
   153dc:	3e068c63          	beqz	a3,157d4 <__gdtoa+0xa0a>
   153e0:	40a606bb          	subw	a3,a2,a0
   153e4:	4605                	li	a2,1
   153e6:	2685                	addiw	a3,a3,1
   153e8:	01562633          	slt	a2,a2,s5
   153ec:	011025b3          	sgtz	a1,a7
   153f0:	c736                	sw	a3,140(sp)
   153f2:	8e6d                	and	a2,a2,a1
   153f4:	c219                	beqz	a2,153fa <__gdtoa+0x630>
   153f6:	20d8cfe3          	blt	a7,a3,15e14 <__gdtoa+0x104a>
   153fa:	6642                	ld	a2,16(sp)
   153fc:	64a6                	ld	s1,72(sp)
   153fe:	01d68ebb          	addw	t4,a3,t4
   15402:	9eb1                	addw	a3,a3,a2
   15404:	ec36                	sd	a3,24(sp)
   15406:	4585                	li	a1,1
   15408:	8552                	mv	a0,s4
   1540a:	ecba                	sd	a4,88(sp)
   1540c:	e0f6                	sd	t4,64(sp)
   1540e:	fc3e                	sd	a5,56(sp)
   15410:	f872                	sd	t3,48(sp)
   15412:	f442                	sd	a6,40(sp)
   15414:	f046                	sd	a7,32(sp)
   15416:	14c010ef          	jal	16562 <__i2b>
   1541a:	e42a                	sd	a0,8(sp)
   1541c:	be0500e3          	beqz	a0,14ffc <__gdtoa+0x232>
   15420:	66c2                	ld	a3,16(sp)
   15422:	7882                	ld	a7,32(sp)
   15424:	7822                	ld	a6,40(sp)
   15426:	7e42                	ld	t3,48(sp)
   15428:	77e2                	ld	a5,56(sp)
   1542a:	6e86                	ld	t4,64(sp)
   1542c:	6766                	ld	a4,88(sp)
   1542e:	c28d                	beqz	a3,15450 <__gdtoa+0x686>
   15430:	03d05063          	blez	t4,15450 <__gdtoa+0x686>
   15434:	6642                	ld	a2,16(sp)
   15436:	86b2                	mv	a3,a2
   15438:	00ced363          	bge	t4,a2,1543e <__gdtoa+0x674>
   1543c:	86f6                	mv	a3,t4
   1543e:	6662                	ld	a2,24(sp)
   15440:	c736                	sw	a3,140(sp)
   15442:	40de8ebb          	subw	t4,t4,a3
   15446:	9e15                	subw	a2,a2,a3
   15448:	ec32                	sd	a2,24(sp)
   1544a:	6642                	ld	a2,16(sp)
   1544c:	9e15                	subw	a2,a2,a3
   1544e:	e832                	sd	a2,16(sp)
   15450:	66a6                	ld	a3,72(sp)
   15452:	c69d                	beqz	a3,15480 <__gdtoa+0x6b6>
   15454:	60049a63          	bnez	s1,15a68 <__gdtoa+0xc9e>
   15458:	6626                	ld	a2,72(sp)
   1545a:	85a2                	mv	a1,s0
   1545c:	8552                	mv	a0,s4
   1545e:	ecba                	sd	a4,88(sp)
   15460:	e0f6                	sd	t4,64(sp)
   15462:	fc3e                	sd	a5,56(sp)
   15464:	f872                	sd	t3,48(sp)
   15466:	f442                	sd	a6,40(sp)
   15468:	f046                	sd	a7,32(sp)
   1546a:	36c010ef          	jal	167d6 <__pow5mult>
   1546e:	7882                	ld	a7,32(sp)
   15470:	7822                	ld	a6,40(sp)
   15472:	7e42                	ld	t3,48(sp)
   15474:	77e2                	ld	a5,56(sp)
   15476:	6e86                	ld	t4,64(sp)
   15478:	6766                	ld	a4,88(sp)
   1547a:	842a                	mv	s0,a0
   1547c:	b80500e3          	beqz	a0,14ffc <__gdtoa+0x232>
   15480:	4585                	li	a1,1
   15482:	8552                	mv	a0,s4
   15484:	e4ba                	sd	a4,72(sp)
   15486:	e0f6                	sd	t4,64(sp)
   15488:	fc3e                	sd	a5,56(sp)
   1548a:	f872                	sd	t3,48(sp)
   1548c:	f442                	sd	a6,40(sp)
   1548e:	f046                	sd	a7,32(sp)
   15490:	0d2010ef          	jal	16562 <__i2b>
   15494:	8f2a                	mv	t5,a0
   15496:	b60503e3          	beqz	a0,14ffc <__gdtoa+0x232>
   1549a:	66c6                	ld	a3,80(sp)
   1549c:	7882                	ld	a7,32(sp)
   1549e:	7822                	ld	a6,40(sp)
   154a0:	7e42                	ld	t3,48(sp)
   154a2:	77e2                	ld	a5,56(sp)
   154a4:	6e86                	ld	t4,64(sp)
   154a6:	6726                	ld	a4,72(sp)
   154a8:	34069763          	bnez	a3,157f6 <__gdtoa+0xa2c>
   154ac:	002aa693          	slti	a3,s5,2
   154b0:	c681                	beqz	a3,154b8 <__gdtoa+0x6ee>
   154b2:	17fd                	addi	a5,a5,-1
   154b4:	10078963          	beqz	a5,155c6 <__gdtoa+0x7fc>
   154b8:	457d                	li	a0,31
   154ba:	66e2                	ld	a3,24(sp)
   154bc:	41d507bb          	subw	a5,a0,t4
   154c0:	37f1                	addiw	a5,a5,-4
   154c2:	8bfd                	andi	a5,a5,31
   154c4:	00d7863b          	addw	a2,a5,a3
   154c8:	c73e                	sw	a5,140(sp)
   154ca:	86be                	mv	a3,a5
   154cc:	2cc04763          	bgtz	a2,1579a <__gdtoa+0x9d0>
   154d0:	00de863b          	addw	a2,t4,a3
   154d4:	b0c043e3          	bgtz	a2,14fda <__gdtoa+0x210>
   154d8:	7686                	ld	a3,96(sp)
   154da:	e6d1                	bnez	a3,15566 <__gdtoa+0x79c>
   154dc:	1d104863          	bgtz	a7,156ac <__gdtoa+0x8e2>
   154e0:	4689                	li	a3,2
   154e2:	1d56d563          	bge	a3,s5,156ac <__gdtoa+0x8e2>
   154e6:	85fa                	mv	a1,t5
   154e8:	4681                	li	a3,0
   154ea:	4615                	li	a2,5
   154ec:	8552                	mv	a0,s4
   154ee:	f03a                	sd	a4,32(sp)
   154f0:	ec42                	sd	a6,24(sp)
   154f2:	e846                	sd	a7,16(sp)
   154f4:	56f000ef          	jal	16262 <__multadd>
   154f8:	85aa                	mv	a1,a0
   154fa:	b00501e3          	beqz	a0,14ffc <__gdtoa+0x232>
   154fe:	68c2                	ld	a7,16(sp)
   15500:	6862                	ld	a6,24(sp)
   15502:	7702                	ld	a4,32(sp)
   15504:	52089863          	bnez	a7,15a34 <__gdtoa+0xc6a>
   15508:	e82a                	sd	a0,16(sp)
   1550a:	8522                	mv	a0,s0
   1550c:	f03a                	sd	a4,32(sp)
   1550e:	ec42                	sd	a6,24(sp)
   15510:	4c8010ef          	jal	169d8 <__mcmp>
   15514:	65c2                	ld	a1,16(sp)
   15516:	6862                	ld	a6,24(sp)
   15518:	7702                	ld	a4,32(sp)
   1551a:	50a05d63          	blez	a0,15a34 <__gdtoa+0xc6a>
   1551e:	03100793          	li	a5,49
   15522:	00f70023          	sb	a5,0(a4)
   15526:	2805                	addiw	a6,a6,1
   15528:	00170313          	addi	t1,a4,1
   1552c:	02000b93          	li	s7,32
   15530:	8552                	mv	a0,s4
   15532:	f03a                	sd	a4,32(sp)
   15534:	ec1a                	sd	t1,24(sp)
   15536:	e842                	sd	a6,16(sp)
   15538:	519000ef          	jal	16250 <_Bfree>
   1553c:	6842                	ld	a6,16(sp)
   1553e:	67a2                	ld	a5,8(sp)
   15540:	6362                	ld	t1,24(sp)
   15542:	7702                	ld	a4,32(sp)
   15544:	0018061b          	addiw	a2,a6,1
   15548:	ce0786e3          	beqz	a5,15234 <__gdtoa+0x46a>
   1554c:	65a2                	ld	a1,8(sp)
   1554e:	8552                	mv	a0,s4
   15550:	f03a                	sd	a4,32(sp)
   15552:	ec1a                	sd	t1,24(sp)
   15554:	e842                	sd	a6,16(sp)
   15556:	4fb000ef          	jal	16250 <_Bfree>
   1555a:	6842                	ld	a6,16(sp)
   1555c:	6362                	ld	t1,24(sp)
   1555e:	7702                	ld	a4,32(sp)
   15560:	0018061b          	addiw	a2,a6,1
   15564:	b9c1                	j	15234 <__gdtoa+0x46a>
   15566:	85fa                	mv	a1,t5
   15568:	8522                	mv	a0,s0
   1556a:	e0ba                	sd	a4,64(sp)
   1556c:	fc72                	sd	t3,56(sp)
   1556e:	f842                	sd	a6,48(sp)
   15570:	f43e                	sd	a5,40(sp)
   15572:	f046                	sd	a7,32(sp)
   15574:	ec7a                	sd	t5,24(sp)
   15576:	462010ef          	jal	169d8 <__mcmp>
   1557a:	6f62                	ld	t5,24(sp)
   1557c:	7882                	ld	a7,32(sp)
   1557e:	77a2                	ld	a5,40(sp)
   15580:	7842                	ld	a6,48(sp)
   15582:	7e62                	ld	t3,56(sp)
   15584:	6706                	ld	a4,64(sp)
   15586:	f4055be3          	bgez	a0,154dc <__gdtoa+0x712>
   1558a:	85a2                	mv	a1,s0
   1558c:	4681                	li	a3,0
   1558e:	4629                	li	a2,10
   15590:	8552                	mv	a0,s4
   15592:	fc3a                	sd	a4,56(sp)
   15594:	f87a                	sd	t5,48(sp)
   15596:	f472                	sd	t3,40(sp)
   15598:	f042                	sd	a6,32(sp)
   1559a:	ec3e                	sd	a5,24(sp)
   1559c:	4c7000ef          	jal	16262 <__multadd>
   155a0:	842a                	mv	s0,a0
   155a2:	a4050de3          	beqz	a0,14ffc <__gdtoa+0x232>
   155a6:	7802                	ld	a6,32(sp)
   155a8:	76a6                	ld	a3,104(sp)
   155aa:	7e22                	ld	t3,40(sp)
   155ac:	7f42                	ld	t5,48(sp)
   155ae:	7762                	ld	a4,56(sp)
   155b0:	387d                	addiw	a6,a6,-1
   155b2:	30069a63          	bnez	a3,158c6 <__gdtoa+0xafc>
   155b6:	77c6                	ld	a5,112(sp)
   155b8:	00f041e3          	bgtz	a5,15dba <__gdtoa+0xff0>
   155bc:	4789                	li	a5,2
   155be:	7f57de63          	bge	a5,s5,15dba <__gdtoa+0xff0>
   155c2:	78c6                	ld	a7,112(sp)
   155c4:	b70d                	j	154e6 <__gdtoa+0x71c>
   155c6:	004da783          	lw	a5,4(s11)
   155ca:	2785                	addiw	a5,a5,1
   155cc:	efa7d6e3          	bge	a5,s10,154b8 <__gdtoa+0x6ee>
   155d0:	67e2                	ld	a5,24(sp)
   155d2:	2e85                	addiw	t4,t4,1
   155d4:	2785                	addiw	a5,a5,1
   155d6:	ec3e                	sd	a5,24(sp)
   155d8:	4785                	li	a5,1
   155da:	e8be                	sd	a5,80(sp)
   155dc:	bdf1                	j	154b8 <__gdtoa+0x6ee>
   155de:	3fd8889b          	addiw	a7,a7,1021
   155e2:	4591                	li	a1,4
   155e4:	7f88b493          	sltiu	s1,a7,2040
   155e8:	44ba8b63          	beq	s5,a1,15a3e <__gdtoa+0xc74>
   155ec:	1aea8363          	beq	s5,a4,15792 <__gdtoa+0x9c8>
   155f0:	4709                	li	a4,2
   155f2:	44ea8963          	beq	s5,a4,15a44 <__gdtoa+0xc7a>
   155f6:	470d                	li	a4,3
   155f8:	f482                	sd	zero,104(sp)
   155fa:	acea82e3          	beq	s5,a4,150be <__gdtoa+0x2f4>
   155fe:	bb8d                	j	15370 <__gdtoa+0x5a6>
   15600:	66c2                	ld	a3,16(sp)
   15602:	26068b63          	beqz	a3,15878 <__gdtoa+0xaae>
   15606:	260e8963          	beqz	t4,15878 <__gdtoa+0xaae>
   1560a:	6642                	ld	a2,16(sp)
   1560c:	86b2                	mv	a3,a2
   1560e:	00ced363          	bge	t4,a2,15614 <__gdtoa+0x84a>
   15612:	86f6                	mv	a3,t4
   15614:	6642                	ld	a2,16(sp)
   15616:	c736                	sw	a3,140(sp)
   15618:	40de8ebb          	subw	t4,t4,a3
   1561c:	9e15                	subw	a2,a2,a3
   1561e:	66a6                	ld	a3,72(sp)
   15620:	ec32                	sd	a2,24(sp)
   15622:	26069063          	bnez	a3,15882 <__gdtoa+0xab8>
   15626:	e832                	sd	a2,16(sp)
   15628:	e402                	sd	zero,8(sp)
   1562a:	bd99                	j	15480 <__gdtoa+0x6b6>
   1562c:	f20f06d3          	fmv.d.x	fa3,t5
   15630:	1ae6f7d3          	fdiv.d	fa5,fa3,fa4
   15634:	4785                	li	a5,1
   15636:	c73e                	sw	a5,140(sp)
   15638:	00f70333          	add	t1,a4,a5
   1563c:	f2000653          	fmv.d.x	fa2,zero
   15640:	0018061b          	addiw	a2,a6,1
   15644:	c20797d3          	fcvt.w.d	a5,fa5,rtz
   15648:	d20787d3          	fcvt.d.w	fa5,a5
   1564c:	0307869b          	addiw	a3,a5,48
   15650:	00d70023          	sb	a3,0(a4)
   15654:	6ae7f7cb          	fnmsub.d	fa5,fa5,fa4,fa3
   15658:	a2c7a6d3          	feq.d	a3,fa5,fa2
   1565c:	bc069ce3          	bnez	a3,15234 <__gdtoa+0x46a>
   15660:	1e01b587          	fld	fa1,480(gp) # 1c2b0 <__SDATA_BEGIN__+0x48>
   15664:	a02d                	j	1568e <__gdtoa+0x8c4>
   15666:	12b7f7d3          	fmul.d	fa5,fa5,fa1
   1566a:	c72e                	sw	a1,140(sp)
   1566c:	0305                	addi	t1,t1,1
   1566e:	1ae7f6d3          	fdiv.d	fa3,fa5,fa4
   15672:	c20697d3          	fcvt.w.d	a5,fa3,rtz
   15676:	d20786d3          	fcvt.d.w	fa3,a5
   1567a:	0307869b          	addiw	a3,a5,48
   1567e:	fed30fa3          	sb	a3,-1(t1)
   15682:	7ae6f7cb          	fnmsub.d	fa5,fa3,fa4,fa5
   15686:	a2c7a6d3          	feq.d	a3,fa5,fa2
   1568a:	ba0695e3          	bnez	a3,15234 <__gdtoa+0x46a>
   1568e:	46ba                	lw	a3,140(sp)
   15690:	0016859b          	addiw	a1,a3,1
   15694:	fd1699e3          	bne	a3,a7,15666 <__gdtoa+0x89c>
   15698:	500e0d63          	beqz	t3,15bb2 <__gdtoa+0xde8>
   1569c:	4785                	li	a5,1
   1569e:	4bc1                	li	s7,16
   156a0:	b8fe1ae3          	bne	t3,a5,15234 <__gdtoa+0x46a>
   156a4:	fff34683          	lbu	a3,-1(t1)
   156a8:	85c2                	mv	a1,a6
   156aa:	b695                	j	1520e <__gdtoa+0x444>
   156ac:	76a6                	ld	a3,104(sp)
   156ae:	24069263          	bnez	a3,158f2 <__gdtoa+0xb28>
   156b2:	f1ca                	sd	s2,224(sp)
   156b4:	4685                	li	a3,1
   156b6:	8ac6                	mv	s5,a7
   156b8:	8b42                	mv	s6,a6
   156ba:	8bf2                	mv	s7,t3
   156bc:	84ba                	mv	s1,a4
   156be:	897a                	mv	s2,t5
   156c0:	8c3a                	mv	s8,a4
   156c2:	a811                	j	156d6 <__gdtoa+0x90c>
   156c4:	85a2                	mv	a1,s0
   156c6:	8552                	mv	a0,s4
   156c8:	39b000ef          	jal	16262 <__multadd>
   156cc:	842a                	mv	s0,a0
   156ce:	0e050f63          	beqz	a0,157cc <__gdtoa+0xa02>
   156d2:	46ba                	lw	a3,140(sp)
   156d4:	2685                	addiw	a3,a3,1
   156d6:	85ca                	mv	a1,s2
   156d8:	8522                	mv	a0,s0
   156da:	c736                	sw	a3,140(sp)
   156dc:	0a5000ef          	jal	15f80 <__quorem_D2A>
   156e0:	00148793          	addi	a5,s1,1
   156e4:	03050e9b          	addiw	t4,a0,48
   156e8:	ffd78fa3          	sb	t4,-1(a5)
   156ec:	84be                	mv	s1,a5
   156ee:	47ba                	lw	a5,140(sp)
   156f0:	4681                	li	a3,0
   156f2:	4629                	li	a2,10
   156f4:	fd57c8e3          	blt	a5,s5,156c4 <__gdtoa+0x8fa>
   156f8:	885a                	mv	a6,s6
   156fa:	8e5e                	mv	t3,s7
   156fc:	87a6                	mv	a5,s1
   156fe:	8f4a                	mv	t5,s2
   15700:	8762                	mv	a4,s8
   15702:	4881                	li	a7,0
   15704:	5a0e0063          	beqz	t3,15ca4 <__gdtoa+0xeda>
   15708:	4689                	li	a3,2
   1570a:	5cde0b63          	beq	t3,a3,15ce0 <__gdtoa+0xf16>
   1570e:	4850                	lw	a2,20(s0)
   15710:	4685                	li	a3,1
   15712:	42c6c163          	blt	a3,a2,15b34 <__gdtoa+0xd6a>
   15716:	4c14                	lw	a3,24(s0)
   15718:	40069e63          	bnez	a3,15b34 <__gdtoa+0xd6a>
   1571c:	00d036b3          	snez	a3,a3
   15720:	00469b9b          	slliw	s7,a3,0x4
   15724:	03000613          	li	a2,48
   15728:	833e                	mv	t1,a5
   1572a:	fff7c683          	lbu	a3,-1(a5)
   1572e:	17fd                	addi	a5,a5,-1
   15730:	fec68ce3          	beq	a3,a2,15728 <__gdtoa+0x95e>
   15734:	85fa                	mv	a1,t5
   15736:	8552                	mv	a0,s4
   15738:	f43a                	sd	a4,40(sp)
   1573a:	f01a                	sd	t1,32(sp)
   1573c:	ec46                	sd	a7,24(sp)
   1573e:	e842                	sd	a6,16(sp)
   15740:	311000ef          	jal	16250 <_Bfree>
   15744:	67a2                	ld	a5,8(sp)
   15746:	6842                	ld	a6,16(sp)
   15748:	68e2                	ld	a7,24(sp)
   1574a:	7302                	ld	t1,32(sp)
   1574c:	7722                	ld	a4,40(sp)
   1574e:	72078a63          	beqz	a5,15e82 <__gdtoa+0x10b8>
   15752:	06088b63          	beqz	a7,157c8 <__gdtoa+0x9fe>
   15756:	67a2                	ld	a5,8(sp)
   15758:	06f88863          	beq	a7,a5,157c8 <__gdtoa+0x9fe>
   1575c:	85c6                	mv	a1,a7
   1575e:	8552                	mv	a0,s4
   15760:	f03a                	sd	a4,32(sp)
   15762:	ec1a                	sd	t1,24(sp)
   15764:	e842                	sd	a6,16(sp)
   15766:	2eb000ef          	jal	16250 <_Bfree>
   1576a:	7702                	ld	a4,32(sp)
   1576c:	6362                	ld	t1,24(sp)
   1576e:	6842                	ld	a6,16(sp)
   15770:	790e                	ld	s2,224(sp)
   15772:	bbe9                	j	1554c <__gdtoa+0x782>
   15774:	4581                	li	a1,0
   15776:	8552                	mv	a0,s4
   15778:	e43a                	sd	a4,8(sp)
   1577a:	2d7000ef          	jal	16250 <_Bfree>
   1577e:	6722                	ld	a4,8(sp)
   15780:	4160063b          	negw	a2,s6
   15784:	4bc1                	li	s7,16
   15786:	833a                	mv	t1,a4
   15788:	b475                	j	15234 <__gdtoa+0x46a>
   1578a:	4705                	li	a4,1
   1578c:	85ba                	mv	a1,a4
   1578e:	b289                	j	150d0 <__gdtoa+0x306>
   15790:	4481                	li	s1,0
   15792:	4705                	li	a4,1
   15794:	4a95                	li	s5,5
   15796:	f4ba                	sd	a4,104(sp)
   15798:	b21d                	j	150be <__gdtoa+0x2f4>
   1579a:	85a2                	mv	a1,s0
   1579c:	8552                	mv	a0,s4
   1579e:	e4ba                	sd	a4,72(sp)
   157a0:	e0f6                	sd	t4,64(sp)
   157a2:	fc7a                	sd	t5,56(sp)
   157a4:	f872                	sd	t3,48(sp)
   157a6:	f442                	sd	a6,40(sp)
   157a8:	f03e                	sd	a5,32(sp)
   157aa:	ec46                	sd	a7,24(sp)
   157ac:	112010ef          	jal	168be <__lshift>
   157b0:	842a                	mv	s0,a0
   157b2:	840505e3          	beqz	a0,14ffc <__gdtoa+0x232>
   157b6:	46ba                	lw	a3,140(sp)
   157b8:	6726                	ld	a4,72(sp)
   157ba:	6e86                	ld	t4,64(sp)
   157bc:	7f62                	ld	t5,56(sp)
   157be:	7e42                	ld	t3,48(sp)
   157c0:	7822                	ld	a6,40(sp)
   157c2:	7782                	ld	a5,32(sp)
   157c4:	68e2                	ld	a7,24(sp)
   157c6:	b329                	j	154d0 <__gdtoa+0x706>
   157c8:	790e                	ld	s2,224(sp)
   157ca:	b349                	j	1554c <__gdtoa+0x782>
   157cc:	74ae                	ld	s1,232(sp)
   157ce:	790e                	ld	s2,224(sp)
   157d0:	82fff06f          	j	14ffe <__gdtoa+0x234>
   157d4:	65a6                	ld	a1,72(sp)
   157d6:	fff8869b          	addiw	a3,a7,-1
   157da:	8636                	mv	a2,a3
   157dc:	26d5c663          	blt	a1,a3,15a48 <__gdtoa+0xc7e>
   157e0:	40d584bb          	subw	s1,a1,a3
   157e4:	6408d963          	bgez	a7,15e36 <__gdtoa+0x106c>
   157e8:	66c2                	ld	a3,16(sp)
   157ea:	c702                	sw	zero,140(sp)
   157ec:	ec36                	sd	a3,24(sp)
   157ee:	411686bb          	subw	a3,a3,a7
   157f2:	e836                	sd	a3,16(sp)
   157f4:	b909                	j	15406 <__gdtoa+0x63c>
   157f6:	85aa                	mv	a1,a0
   157f8:	8636                	mv	a2,a3
   157fa:	8552                	mv	a0,s4
   157fc:	e0ba                	sd	a4,64(sp)
   157fe:	fc76                	sd	t4,56(sp)
   15800:	e4be                	sd	a5,72(sp)
   15802:	7d5000ef          	jal	167d6 <__pow5mult>
   15806:	8f2a                	mv	t5,a0
   15808:	fe050a63          	beqz	a0,14ffc <__gdtoa+0x232>
   1580c:	002aa693          	slti	a3,s5,2
   15810:	7882                	ld	a7,32(sp)
   15812:	7822                	ld	a6,40(sp)
   15814:	7e42                	ld	t3,48(sp)
   15816:	7ee2                	ld	t4,56(sp)
   15818:	6706                	ld	a4,64(sp)
   1581a:	c681                	beqz	a3,15822 <__gdtoa+0xa58>
   1581c:	67a6                	ld	a5,72(sp)
   1581e:	17fd                	addi	a5,a5,-1
   15820:	c79d                	beqz	a5,1584e <__gdtoa+0xa84>
   15822:	e882                	sd	zero,80(sp)
   15824:	014f2783          	lw	a5,20(t5)
   15828:	e4ba                	sd	a4,72(sp)
   1582a:	e0f6                	sd	t4,64(sp)
   1582c:	37fd                	addiw	a5,a5,-1
   1582e:	078a                	slli	a5,a5,0x2
   15830:	97fa                	add	a5,a5,t5
   15832:	4f88                	lw	a0,24(a5)
   15834:	fc72                	sd	t3,56(sp)
   15836:	f842                	sd	a6,48(sp)
   15838:	f446                	sd	a7,40(sp)
   1583a:	f07a                	sd	t5,32(sp)
   1583c:	403000ef          	jal	1643e <__hi0bits>
   15840:	6726                	ld	a4,72(sp)
   15842:	6e86                	ld	t4,64(sp)
   15844:	7e62                	ld	t3,56(sp)
   15846:	7842                	ld	a6,48(sp)
   15848:	78a2                	ld	a7,40(sp)
   1584a:	7f02                	ld	t5,32(sp)
   1584c:	b1bd                	j	154ba <__gdtoa+0x6f0>
   1584e:	004da783          	lw	a5,4(s11)
   15852:	2785                	addiw	a5,a5,1
   15854:	fda7d7e3          	bge	a5,s10,15822 <__gdtoa+0xa58>
   15858:	67e2                	ld	a5,24(sp)
   1585a:	2e85                	addiw	t4,t4,1
   1585c:	2785                	addiw	a5,a5,1
   1585e:	ec3e                	sd	a5,24(sp)
   15860:	4785                	li	a5,1
   15862:	e8be                	sd	a5,80(sp)
   15864:	b7c1                	j	15824 <__gdtoa+0xa5a>
   15866:	4705                	li	a4,1
   15868:	9f0d                	subw	a4,a4,a1
   1586a:	e83a                	sd	a4,16(sp)
   1586c:	8ec2                	mv	t4,a6
   1586e:	f082                	sd	zero,96(sp)
   15870:	e8c2                	sd	a6,80(sp)
   15872:	e482                	sd	zero,72(sp)
   15874:	823ff06f          	j	15096 <__gdtoa+0x2cc>
   15878:	66c2                	ld	a3,16(sp)
   1587a:	ec36                	sd	a3,24(sp)
   1587c:	66a6                	ld	a3,72(sp)
   1587e:	da0685e3          	beqz	a3,15628 <__gdtoa+0x85e>
   15882:	6626                	ld	a2,72(sp)
   15884:	85a2                	mv	a1,s0
   15886:	8552                	mv	a0,s4
   15888:	ecba                	sd	a4,88(sp)
   1588a:	e0f6                	sd	t4,64(sp)
   1588c:	fc3e                	sd	a5,56(sp)
   1588e:	f872                	sd	t3,48(sp)
   15890:	f442                	sd	a6,40(sp)
   15892:	f046                	sd	a7,32(sp)
   15894:	743000ef          	jal	167d6 <__pow5mult>
   15898:	842a                	mv	s0,a0
   1589a:	f6050163          	beqz	a0,14ffc <__gdtoa+0x232>
   1589e:	67e2                	ld	a5,24(sp)
   158a0:	6766                	ld	a4,88(sp)
   158a2:	6e86                	ld	t4,64(sp)
   158a4:	e83e                	sd	a5,16(sp)
   158a6:	7e42                	ld	t3,48(sp)
   158a8:	77e2                	ld	a5,56(sp)
   158aa:	7822                	ld	a6,40(sp)
   158ac:	7882                	ld	a7,32(sp)
   158ae:	e402                	sd	zero,8(sp)
   158b0:	bec1                	j	15480 <__gdtoa+0x6b6>
   158b2:	4685                	li	a3,1
   158b4:	f356c0e3          	blt	a3,s5,157d4 <__gdtoa+0xa0a>
   158b8:	66c2                	ld	a3,16(sp)
   158ba:	64a6                	ld	s1,72(sp)
   158bc:	01d58ebb          	addw	t4,a1,t4
   158c0:	9ead                	addw	a3,a3,a1
   158c2:	ec36                	sd	a3,24(sp)
   158c4:	b689                	j	15406 <__gdtoa+0x63c>
   158c6:	65a2                	ld	a1,8(sp)
   158c8:	4681                	li	a3,0
   158ca:	4629                	li	a2,10
   158cc:	8552                	mv	a0,s4
   158ce:	f042                	sd	a6,32(sp)
   158d0:	193000ef          	jal	16262 <__multadd>
   158d4:	e42a                	sd	a0,8(sp)
   158d6:	f2050363          	beqz	a0,14ffc <__gdtoa+0x232>
   158da:	76c6                	ld	a3,112(sp)
   158dc:	67e2                	ld	a5,24(sp)
   158de:	7802                	ld	a6,32(sp)
   158e0:	7e22                	ld	t3,40(sp)
   158e2:	7f42                	ld	t5,48(sp)
   158e4:	7762                	ld	a4,56(sp)
   158e6:	78c6                	ld	a7,112(sp)
   158e8:	00d04563          	bgtz	a3,158f2 <__gdtoa+0xb28>
   158ec:	4689                	li	a3,2
   158ee:	bf56cce3          	blt	a3,s5,154e6 <__gdtoa+0x71c>
   158f2:	66c2                	ld	a3,16(sp)
   158f4:	00d7863b          	addw	a2,a5,a3
   158f8:	26c04163          	bgtz	a2,15b5a <__gdtoa+0xd90>
   158fc:	67c6                	ld	a5,80(sp)
   158fe:	6b22                	ld	s6,8(sp)
   15900:	2e079463          	bnez	a5,15be8 <__gdtoa+0xe1e>
   15904:	ffee0793          	addi	a5,t3,-2
   15908:	e0be                	sd	a5,64(sp)
   1590a:	f1ca                	sd	s2,224(sp)
   1590c:	4785                	li	a5,1
   1590e:	f446                	sd	a7,40(sp)
   15910:	e4c2                	sd	a6,72(sp)
   15912:	f872                	sd	t3,48(sp)
   15914:	8d3a                	mv	s10,a4
   15916:	f07a                	sd	t5,32(sp)
   15918:	e8ba                	sd	a4,80(sp)
   1591a:	a051                	j	1599e <__gdtoa+0xbd4>
   1591c:	8552                	mv	a0,s4
   1591e:	ec76                	sd	t4,24(sp)
   15920:	131000ef          	jal	16250 <_Bfree>
   15924:	6ee2                	ld	t4,24(sp)
   15926:	4685                	li	a3,1
   15928:	67c2                	ld	a5,16(sp)
   1592a:	3c07c263          	bltz	a5,15cee <__gdtoa+0xf24>
   1592e:	0157e7b3          	or	a5,a5,s5
   15932:	2781                	sext.w	a5,a5
   15934:	e791                	bnez	a5,15940 <__gdtoa+0xb76>
   15936:	000c2783          	lw	a5,0(s8)
   1593a:	8b85                	andi	a5,a5,1
   1593c:	3a078963          	beqz	a5,15cee <__gdtoa+0xf24>
   15940:	001d0793          	addi	a5,s10,1
   15944:	893e                	mv	s2,a5
   15946:	00d05563          	blez	a3,15950 <__gdtoa+0xb86>
   1594a:	6706                	ld	a4,64(sp)
   1594c:	42071d63          	bnez	a4,15d86 <__gdtoa+0xfbc>
   15950:	ffb90fa3          	sb	s11,-1(s2)
   15954:	473a                	lw	a4,140(sp)
   15956:	76a2                	ld	a3,40(sp)
   15958:	44d70a63          	beq	a4,a3,15dac <__gdtoa+0xfe2>
   1595c:	85a2                	mv	a1,s0
   1595e:	4681                	li	a3,0
   15960:	4629                	li	a2,10
   15962:	8552                	mv	a0,s4
   15964:	0ff000ef          	jal	16262 <__multadd>
   15968:	842a                	mv	s0,a0
   1596a:	e60501e3          	beqz	a0,157cc <__gdtoa+0xa02>
   1596e:	67a2                	ld	a5,8(sp)
   15970:	65a2                	ld	a1,8(sp)
   15972:	4681                	li	a3,0
   15974:	4629                	li	a2,10
   15976:	8552                	mv	a0,s4
   15978:	0b678763          	beq	a5,s6,15a26 <__gdtoa+0xc5c>
   1597c:	0e7000ef          	jal	16262 <__multadd>
   15980:	e42a                	sd	a0,8(sp)
   15982:	e40505e3          	beqz	a0,157cc <__gdtoa+0xa02>
   15986:	85da                	mv	a1,s6
   15988:	4681                	li	a3,0
   1598a:	4629                	li	a2,10
   1598c:	8552                	mv	a0,s4
   1598e:	0d5000ef          	jal	16262 <__multadd>
   15992:	8b2a                	mv	s6,a0
   15994:	e2050ce3          	beqz	a0,157cc <__gdtoa+0xa02>
   15998:	47ba                	lw	a5,140(sp)
   1599a:	8d4a                	mv	s10,s2
   1599c:	2785                	addiw	a5,a5,1
   1599e:	7482                	ld	s1,32(sp)
   159a0:	8522                	mv	a0,s0
   159a2:	c73e                	sw	a5,140(sp)
   159a4:	85a6                	mv	a1,s1
   159a6:	5da000ef          	jal	15f80 <__quorem_D2A>
   159aa:	65a2                	ld	a1,8(sp)
   159ac:	892a                	mv	s2,a0
   159ae:	8522                	mv	a0,s0
   159b0:	028010ef          	jal	169d8 <__mcmp>
   159b4:	e82a                	sd	a0,16(sp)
   159b6:	85a6                	mv	a1,s1
   159b8:	865a                	mv	a2,s6
   159ba:	8552                	mv	a0,s4
   159bc:	052010ef          	jal	16a0e <__mdiff>
   159c0:	85aa                	mv	a1,a0
   159c2:	e00505e3          	beqz	a0,157cc <__gdtoa+0xa02>
   159c6:	491c                	lw	a5,16(a0)
   159c8:	03090e9b          	addiw	t4,s2,48
   159cc:	8df6                	mv	s11,t4
   159ce:	f7b9                	bnez	a5,1591c <__gdtoa+0xb52>
   159d0:	ec2a                	sd	a0,24(sp)
   159d2:	8522                	mv	a0,s0
   159d4:	fc76                	sd	t4,56(sp)
   159d6:	002010ef          	jal	169d8 <__mcmp>
   159da:	65e2                	ld	a1,24(sp)
   159dc:	84aa                	mv	s1,a0
   159de:	8552                	mv	a0,s4
   159e0:	071000ef          	jal	16250 <_Bfree>
   159e4:	0154e6b3          	or	a3,s1,s5
   159e8:	2681                	sext.w	a3,a3
   159ea:	7ee2                	ld	t4,56(sp)
   159ec:	16069563          	bnez	a3,15b56 <__gdtoa+0xd8c>
   159f0:	000c2783          	lw	a5,0(s8)
   159f4:	7742                	ld	a4,48(sp)
   159f6:	8b85                	andi	a5,a5,1
   159f8:	8fd9                	or	a5,a5,a4
   159fa:	f79d                	bnez	a5,15928 <__gdtoa+0xb5e>
   159fc:	03900793          	li	a5,57
   15a00:	6826                	ld	a6,72(sp)
   15a02:	7f02                	ld	t5,32(sp)
   15a04:	6746                	ld	a4,80(sp)
   15a06:	6542                	ld	a0,16(sp)
   15a08:	836a                	mv	t1,s10
   15a0a:	10fe8c63          	beq	t4,a5,15b22 <__gdtoa+0xd58>
   15a0e:	46a05f63          	blez	a0,15e8c <__gdtoa+0x10c2>
   15a12:	03190e9b          	addiw	t4,s2,49
   15a16:	02000b93          	li	s7,32
   15a1a:	68a2                	ld	a7,8(sp)
   15a1c:	01d30023          	sb	t4,0(t1)
   15a20:	e45a                	sd	s6,8(sp)
   15a22:	0305                	addi	t1,t1,1
   15a24:	bb01                	j	15734 <__gdtoa+0x96a>
   15a26:	03d000ef          	jal	16262 <__multadd>
   15a2a:	e42a                	sd	a0,8(sp)
   15a2c:	da0500e3          	beqz	a0,157cc <__gdtoa+0xa02>
   15a30:	8b2a                	mv	s6,a0
   15a32:	b79d                	j	15998 <__gdtoa+0xbce>
   15a34:	fffb4813          	not	a6,s6
   15a38:	833a                	mv	t1,a4
   15a3a:	4bc1                	li	s7,16
   15a3c:	bcd5                	j	15530 <__gdtoa+0x766>
   15a3e:	4705                	li	a4,1
   15a40:	f4ba                	sd	a4,104(sp)
   15a42:	b29d                	j	153a8 <__gdtoa+0x5de>
   15a44:	f482                	sd	zero,104(sp)
   15a46:	b28d                	j	153a8 <__gdtoa+0x5de>
   15a48:	66a6                	ld	a3,72(sp)
   15a4a:	65c6                	ld	a1,80(sp)
   15a4c:	c746                	sw	a7,140(sp)
   15a4e:	40d606bb          	subw	a3,a2,a3
   15a52:	9ead                	addw	a3,a3,a1
   15a54:	e8b6                	sd	a3,80(sp)
   15a56:	66c2                	ld	a3,16(sp)
   15a58:	01d88ebb          	addw	t4,a7,t4
   15a5c:	e4b2                	sd	a2,72(sp)
   15a5e:	011686bb          	addw	a3,a3,a7
   15a62:	ec36                	sd	a3,24(sp)
   15a64:	4481                	li	s1,0
   15a66:	b245                	j	15406 <__gdtoa+0x63c>
   15a68:	65a2                	ld	a1,8(sp)
   15a6a:	8626                	mv	a2,s1
   15a6c:	8552                	mv	a0,s4
   15a6e:	f1ca                	sd	s2,224(sp)
   15a70:	ecba                	sd	a4,88(sp)
   15a72:	e0f6                	sd	t4,64(sp)
   15a74:	fc3e                	sd	a5,56(sp)
   15a76:	f872                	sd	t3,48(sp)
   15a78:	f442                	sd	a6,40(sp)
   15a7a:	f046                	sd	a7,32(sp)
   15a7c:	55b000ef          	jal	167d6 <__pow5mult>
   15a80:	e42a                	sd	a0,8(sp)
   15a82:	d40505e3          	beqz	a0,157cc <__gdtoa+0xa02>
   15a86:	85aa                	mv	a1,a0
   15a88:	8622                	mv	a2,s0
   15a8a:	8552                	mv	a0,s4
   15a8c:	367000ef          	jal	165f2 <__multiply>
   15a90:	d2050ee3          	beqz	a0,157cc <__gdtoa+0xa02>
   15a94:	85a2                	mv	a1,s0
   15a96:	fcaa                	sd	a0,120(sp)
   15a98:	8552                	mv	a0,s4
   15a9a:	7b6000ef          	jal	16250 <_Bfree>
   15a9e:	67a6                	ld	a5,72(sp)
   15aa0:	7466                	ld	s0,120(sp)
   15aa2:	7882                	ld	a7,32(sp)
   15aa4:	9f85                	subw	a5,a5,s1
   15aa6:	e4be                	sd	a5,72(sp)
   15aa8:	86be                	mv	a3,a5
   15aaa:	7822                	ld	a6,40(sp)
   15aac:	7e42                	ld	t3,48(sp)
   15aae:	77e2                	ld	a5,56(sp)
   15ab0:	6e86                	ld	t4,64(sp)
   15ab2:	6766                	ld	a4,88(sp)
   15ab4:	790e                	ld	s2,224(sp)
   15ab6:	9c0685e3          	beqz	a3,15480 <__gdtoa+0x6b6>
   15aba:	ba79                	j	15458 <__gdtoa+0x68e>
   15abc:	f20e0753          	fmv.d.x	fa4,t3
   15ac0:	833a                	mv	t1,a4
   15ac2:	12e675d3          	fmul.d	fa1,fa2,fa4
   15ac6:	4e05                	li	t3,1
   15ac8:	1e01b707          	fld	fa4,480(gp) # 1c2b0 <__SDATA_BEGIN__+0x48>
   15acc:	a021                	j	15ad4 <__gdtoa+0xd0a>
   15ace:	12e7f7d3          	fmul.d	fa5,fa5,fa4
   15ad2:	2e05                	addiw	t3,t3,1
   15ad4:	c772                	sw	t3,140(sp)
   15ad6:	c2079e53          	fcvt.w.d	t3,fa5,rtz
   15ada:	0305                	addi	t1,t1,1
   15adc:	030e069b          	addiw	a3,t3,48
   15ae0:	0ff6f693          	zext.b	a3,a3
   15ae4:	000e0663          	beqz	t3,15af0 <__gdtoa+0xd26>
   15ae8:	d20e0653          	fcvt.d.w	fa2,t3
   15aec:	0ac7f7d3          	fsub.d	fa5,fa5,fa2
   15af0:	fed30fa3          	sb	a3,-1(t1)
   15af4:	4e3a                	lw	t3,140(sp)
   15af6:	fdfe1ce3          	bne	t3,t6,15ace <__gdtoa+0xd04>
   15afa:	1f81b707          	fld	fa4,504(gp) # 1c2c8 <__SDATA_BEGIN__+0x60>
   15afe:	02e5f653          	fadd.d	fa2,fa1,fa4
   15b02:	a2f61e53          	flt.d	t3,fa2,fa5
   15b06:	f00e1463          	bnez	t3,1520e <__gdtoa+0x444>
   15b0a:	0ab77753          	fsub.d	fa4,fa4,fa1
   15b0e:	a2e796d3          	flt.d	a3,fa5,fa4
   15b12:	26069063          	bnez	a3,15d72 <__gdtoa+0xfa8>
   15b16:	4e01                	li	t3,0
   15b18:	ae0644e3          	bltz	a2,15600 <__gdtoa+0x836>
   15b1c:	2118                	fld	fa4,0(a0)
   15b1e:	4e01                	li	t3,0
   15b20:	be01                	j	15630 <__gdtoa+0x866>
   15b22:	00130613          	addi	a2,t1,1
   15b26:	03900693          	li	a3,57
   15b2a:	68a2                	ld	a7,8(sp)
   15b2c:	87b2                	mv	a5,a2
   15b2e:	e45a                	sd	s6,8(sp)
   15b30:	00d30023          	sb	a3,0(t1)
   15b34:	03900613          	li	a2,57
   15b38:	a019                	j	15b3e <__gdtoa+0xd74>
   15b3a:	14f70163          	beq	a4,a5,15c7c <__gdtoa+0xeb2>
   15b3e:	fff7c683          	lbu	a3,-1(a5)
   15b42:	833e                	mv	t1,a5
   15b44:	17fd                	addi	a5,a5,-1
   15b46:	fec68ae3          	beq	a3,a2,15b3a <__gdtoa+0xd70>
   15b4a:	2685                	addiw	a3,a3,1
   15b4c:	00d78023          	sb	a3,0(a5)
   15b50:	02000b93          	li	s7,32
   15b54:	b6c5                	j	15734 <__gdtoa+0x96a>
   15b56:	86a6                	mv	a3,s1
   15b58:	bbc1                	j	15928 <__gdtoa+0xb5e>
   15b5a:	65a2                	ld	a1,8(sp)
   15b5c:	8552                	mv	a0,s4
   15b5e:	f83a                	sd	a4,48(sp)
   15b60:	f47a                	sd	t5,40(sp)
   15b62:	f072                	sd	t3,32(sp)
   15b64:	ec42                	sd	a6,24(sp)
   15b66:	e846                	sd	a7,16(sp)
   15b68:	557000ef          	jal	168be <__lshift>
   15b6c:	e42a                	sd	a0,8(sp)
   15b6e:	68c2                	ld	a7,16(sp)
   15b70:	6862                	ld	a6,24(sp)
   15b72:	7e02                	ld	t3,32(sp)
   15b74:	7f22                	ld	t5,40(sp)
   15b76:	7742                	ld	a4,48(sp)
   15b78:	d80512e3          	bnez	a0,158fc <__gdtoa+0xb32>
   15b7c:	74ae                	ld	s1,232(sp)
   15b7e:	c80ff06f          	j	14ffe <__gdtoa+0x234>
   15b82:	03100793          	li	a5,49
   15b86:	00170313          	addi	t1,a4,1
   15b8a:	00f70023          	sb	a5,0(a4)
   15b8e:	4581                	li	a1,0
   15b90:	8552                	mv	a0,s4
   15b92:	e83a                	sd	a4,16(sp)
   15b94:	e41a                	sd	t1,8(sp)
   15b96:	6ba000ef          	jal	16250 <_Bfree>
   15b9a:	6322                	ld	t1,8(sp)
   15b9c:	6742                	ld	a4,16(sp)
   15b9e:	4609                	li	a2,2
   15ba0:	02000b93          	li	s7,32
   15ba4:	e90ff06f          	j	15234 <__gdtoa+0x46a>
   15ba8:	2585                	addiw	a1,a1,1
   15baa:	03100693          	li	a3,49
   15bae:	e7aff06f          	j	15228 <__gdtoa+0x45e>
   15bb2:	02f7f7d3          	fadd.d	fa5,fa5,fa5
   15bb6:	fff34683          	lbu	a3,-1(t1)
   15bba:	a2f71653          	flt.d	a2,fa4,fa5
   15bbe:	ee45                	bnez	a2,15c76 <__gdtoa+0xeac>
   15bc0:	a2e7a653          	feq.d	a2,fa5,fa4
   15bc4:	c219                	beqz	a2,15bca <__gdtoa+0xe00>
   15bc6:	8b85                	andi	a5,a5,1
   15bc8:	e7dd                	bnez	a5,15c76 <__gdtoa+0xeac>
   15bca:	879a                	mv	a5,t1
   15bcc:	85c2                	mv	a1,a6
   15bce:	4bc1                	li	s7,16
   15bd0:	03000613          	li	a2,48
   15bd4:	fff7c683          	lbu	a3,-1(a5)
   15bd8:	833e                	mv	t1,a5
   15bda:	17fd                	addi	a5,a5,-1
   15bdc:	fec68ce3          	beq	a3,a2,15bd4 <__gdtoa+0xe0a>
   15be0:	0015861b          	addiw	a2,a1,1
   15be4:	e50ff06f          	j	15234 <__gdtoa+0x46a>
   15be8:	008b2583          	lw	a1,8(s6) # ffffffff80000008 <__BSS_END__+0xffffffff7ffe3738>
   15bec:	8552                	mv	a0,s4
   15bee:	fc3a                	sd	a4,56(sp)
   15bf0:	f87a                	sd	t5,48(sp)
   15bf2:	f472                	sd	t3,40(sp)
   15bf4:	f042                	sd	a6,32(sp)
   15bf6:	ec46                	sd	a7,24(sp)
   15bf8:	5e8000ef          	jal	161e0 <_Balloc>
   15bfc:	87aa                	mv	a5,a0
   15bfe:	be050f63          	beqz	a0,14ffc <__gdtoa+0x232>
   15c02:	014b2603          	lw	a2,20(s6)
   15c06:	010b0593          	addi	a1,s6,16
   15c0a:	0541                	addi	a0,a0,16
   15c0c:	060a                	slli	a2,a2,0x2
   15c0e:	0621                	addi	a2,a2,8
   15c10:	e83e                	sd	a5,16(sp)
   15c12:	d1bfe0ef          	jal	1492c <memcpy>
   15c16:	65c2                	ld	a1,16(sp)
   15c18:	8552                	mv	a0,s4
   15c1a:	4605                	li	a2,1
   15c1c:	4a3000ef          	jal	168be <__lshift>
   15c20:	68e2                	ld	a7,24(sp)
   15c22:	7802                	ld	a6,32(sp)
   15c24:	7e22                	ld	t3,40(sp)
   15c26:	7f42                	ld	t5,48(sp)
   15c28:	7762                	ld	a4,56(sp)
   15c2a:	8b2a                	mv	s6,a0
   15c2c:	cc051ce3          	bnez	a0,15904 <__gdtoa+0xb3a>
   15c30:	74ae                	ld	s1,232(sp)
   15c32:	bccff06f          	j	14ffe <__gdtoa+0x234>
   15c36:	7fc6                	ld	t6,112(sp)
   15c38:	edf05063          	blez	t6,152f8 <__gdtoa+0x52e>
   15c3c:	1e01b787          	fld	fa5,480(gp) # 1c2b0 <__SDATA_BEGIN__+0x48>
   15c40:	1e81b707          	fld	fa4,488(gp) # 1c2b8 <__SDATA_BEGIN__+0x50>
   15c44:	12f6f7d3          	fmul.d	fa5,fa3,fa5
   15c48:	a43a                	fsd	fa4,8(sp)
   15c4a:	2622                	fld	fa2,8(sp)
   15c4c:	1d81b707          	fld	fa4,472(gp) # 1c2a8 <__SDATA_BEGIN__+0x40>
   15c50:	fcc00337          	lui	t1,0xfcc00
   15c54:	55fd                	li	a1,-1
   15c56:	72c7f743          	fmadd.d	fa4,fa5,fa2,fa4
   15c5a:	e2070553          	fmv.x.d	a0,fa4
   15c5e:	02051e13          	slli	t3,a0,0x20
   15c62:	9101                	srli	a0,a0,0x20
   15c64:	0065053b          	addw	a0,a0,t1
   15c68:	020e5e13          	srli	t3,t3,0x20
   15c6c:	1502                	slli	a0,a0,0x20
   15c6e:	00ae6e33          	or	t3,t3,a0
   15c72:	d0aff06f          	j	1517c <__gdtoa+0x3b2>
   15c76:	85c2                	mv	a1,a6
   15c78:	d96ff06f          	j	1520e <__gdtoa+0x444>
   15c7c:	03100793          	li	a5,49
   15c80:	2805                	addiw	a6,a6,1
   15c82:	00f70023          	sb	a5,0(a4)
   15c86:	02000b93          	li	s7,32
   15c8a:	b46d                	j	15734 <__gdtoa+0x96a>
   15c8c:	f2000753          	fmv.d.x	fa4,zero
   15c90:	0015861b          	addiw	a2,a1,1
   15c94:	a2e7a7d3          	feq.d	a5,fa5,fa4
   15c98:	0017b793          	seqz	a5,a5
   15c9c:	00479b9b          	slliw	s7,a5,0x4
   15ca0:	d94ff06f          	j	15234 <__gdtoa+0x46a>
   15ca4:	85a2                	mv	a1,s0
   15ca6:	4605                	li	a2,1
   15ca8:	8552                	mv	a0,s4
   15caa:	fc3a                	sd	a4,56(sp)
   15cac:	e87a                	sd	t5,16(sp)
   15cae:	f83e                	sd	a5,48(sp)
   15cb0:	f446                	sd	a7,40(sp)
   15cb2:	f042                	sd	a6,32(sp)
   15cb4:	ec76                	sd	t4,24(sp)
   15cb6:	409000ef          	jal	168be <__lshift>
   15cba:	842a                	mv	s0,a0
   15cbc:	b00508e3          	beqz	a0,157cc <__gdtoa+0xa02>
   15cc0:	65c2                	ld	a1,16(sp)
   15cc2:	517000ef          	jal	169d8 <__mcmp>
   15cc6:	6f42                	ld	t5,16(sp)
   15cc8:	7802                	ld	a6,32(sp)
   15cca:	78a2                	ld	a7,40(sp)
   15ccc:	77c2                	ld	a5,48(sp)
   15cce:	7762                	ld	a4,56(sp)
   15cd0:	e6a042e3          	bgtz	a0,15b34 <__gdtoa+0xd6a>
   15cd4:	e511                	bnez	a0,15ce0 <__gdtoa+0xf16>
   15cd6:	6ee2                	ld	t4,24(sp)
   15cd8:	001efe93          	andi	t4,t4,1
   15cdc:	e40e9ce3          	bnez	t4,15b34 <__gdtoa+0xd6a>
   15ce0:	4850                	lw	a2,20(s0)
   15ce2:	4685                	li	a3,1
   15ce4:	4bc1                	li	s7,16
   15ce6:	a2c6cfe3          	blt	a3,a2,15724 <__gdtoa+0x95a>
   15cea:	4c14                	lw	a3,24(s0)
   15cec:	bc05                	j	1571c <__gdtoa+0x952>
   15cee:	7e42                	ld	t3,48(sp)
   15cf0:	6826                	ld	a6,72(sp)
   15cf2:	7f02                	ld	t5,32(sp)
   15cf4:	6746                	ld	a4,80(sp)
   15cf6:	836a                	mv	t1,s10
   15cf8:	0c0e0463          	beqz	t3,15dc0 <__gdtoa+0xff6>
   15cfc:	4850                	lw	a2,20(s0)
   15cfe:	4785                	li	a5,1
   15d00:	14c7d463          	bge	a5,a2,15e48 <__gdtoa+0x107e>
   15d04:	4789                	li	a5,2
   15d06:	14fe0763          	beq	t3,a5,15e54 <__gdtoa+0x108a>
   15d0a:	8aa2                	mv	s5,s0
   15d0c:	8c42                	mv	s8,a6
   15d0e:	841a                	mv	s0,t1
   15d10:	8bfa                	mv	s7,t5
   15d12:	8d3a                	mv	s10,a4
   15d14:	a821                	j	15d2c <__gdtoa+0xf62>
   15d16:	54c000ef          	jal	16262 <__multadd>
   15d1a:	85de                	mv	a1,s7
   15d1c:	8aaa                	mv	s5,a0
   15d1e:	0405                	addi	s0,s0,1
   15d20:	aa0506e3          	beqz	a0,157cc <__gdtoa+0xa02>
   15d24:	25c000ef          	jal	15f80 <__quorem_D2A>
   15d28:	03050e9b          	addiw	t4,a0,48
   15d2c:	85da                	mv	a1,s6
   15d2e:	855e                	mv	a0,s7
   15d30:	e876                	sd	t4,16(sp)
   15d32:	4a7000ef          	jal	169d8 <__mcmp>
   15d36:	6ec2                	ld	t4,16(sp)
   15d38:	4681                	li	a3,0
   15d3a:	4629                	li	a2,10
   15d3c:	10a05e63          	blez	a0,15e58 <__gdtoa+0x108e>
   15d40:	85da                	mv	a1,s6
   15d42:	01d40023          	sb	t4,0(s0)
   15d46:	8552                	mv	a0,s4
   15d48:	51a000ef          	jal	16262 <__multadd>
   15d4c:	87aa                	mv	a5,a0
   15d4e:	84da                	mv	s1,s6
   15d50:	4681                	li	a3,0
   15d52:	8b2a                	mv	s6,a0
   15d54:	4629                	li	a2,10
   15d56:	85d6                	mv	a1,s5
   15d58:	8552                	mv	a0,s4
   15d5a:	a60789e3          	beqz	a5,157cc <__gdtoa+0xa02>
   15d5e:	67a2                	ld	a5,8(sp)
   15d60:	fa979be3          	bne	a5,s1,15d16 <__gdtoa+0xf4c>
   15d64:	e45a                	sd	s6,8(sp)
   15d66:	bf45                	j	15d16 <__gdtoa+0xf4c>
   15d68:	4e01                	li	t3,0
   15d6a:	da065363          	bgez	a2,15310 <__gdtoa+0x546>
   15d6e:	e54ff06f          	j	153c2 <__gdtoa+0x5f8>
   15d72:	f2000753          	fmv.d.x	fa4,zero
   15d76:	879a                	mv	a5,t1
   15d78:	a2e7a6d3          	feq.d	a3,fa5,fa4
   15d7c:	0016b693          	seqz	a3,a3
   15d80:	00469b9b          	slliw	s7,a3,0x4
   15d84:	b5b1                	j	15bd0 <__gdtoa+0xe06>
   15d86:	863e                	mv	a2,a5
   15d88:	03900793          	li	a5,57
   15d8c:	6826                	ld	a6,72(sp)
   15d8e:	7f02                	ld	t5,32(sp)
   15d90:	6746                	ld	a4,80(sp)
   15d92:	836a                	mv	t1,s10
   15d94:	d8fd89e3          	beq	s11,a5,15b26 <__gdtoa+0xd5c>
   15d98:	001d879b          	addiw	a5,s11,1
   15d9c:	68a2                	ld	a7,8(sp)
   15d9e:	00fd0023          	sb	a5,0(s10)
   15da2:	834a                	mv	t1,s2
   15da4:	e45a                	sd	s6,8(sp)
   15da6:	02000b93          	li	s7,32
   15daa:	b269                	j	15734 <__gdtoa+0x96a>
   15dac:	68a2                	ld	a7,8(sp)
   15dae:	6826                	ld	a6,72(sp)
   15db0:	7e42                	ld	t3,48(sp)
   15db2:	7f02                	ld	t5,32(sp)
   15db4:	6746                	ld	a4,80(sp)
   15db6:	e45a                	sd	s6,8(sp)
   15db8:	b2b1                	j	15704 <__gdtoa+0x93a>
   15dba:	78c6                	ld	a7,112(sp)
   15dbc:	f1ca                	sd	s2,224(sp)
   15dbe:	b8dd                	j	156b4 <__gdtoa+0x8ea>
   15dc0:	04d05063          	blez	a3,15e00 <__gdtoa+0x1036>
   15dc4:	85a2                	mv	a1,s0
   15dc6:	4605                	li	a2,1
   15dc8:	8552                	mv	a0,s4
   15dca:	f83a                	sd	a4,48(sp)
   15dcc:	e87a                	sd	t5,16(sp)
   15dce:	f41a                	sd	t1,40(sp)
   15dd0:	f042                	sd	a6,32(sp)
   15dd2:	ec76                	sd	t4,24(sp)
   15dd4:	2eb000ef          	jal	168be <__lshift>
   15dd8:	842a                	mv	s0,a0
   15dda:	9e0509e3          	beqz	a0,157cc <__gdtoa+0xa02>
   15dde:	65c2                	ld	a1,16(sp)
   15de0:	3f9000ef          	jal	169d8 <__mcmp>
   15de4:	6f42                	ld	t5,16(sp)
   15de6:	7802                	ld	a6,32(sp)
   15de8:	7322                	ld	t1,40(sp)
   15dea:	7742                	ld	a4,48(sp)
   15dec:	08a05363          	blez	a0,15e72 <__gdtoa+0x10a8>
   15df0:	03900793          	li	a5,57
   15df4:	d2fd87e3          	beq	s11,a5,15b22 <__gdtoa+0xd58>
   15df8:	03190e9b          	addiw	t4,s2,49
   15dfc:	02000e13          	li	t3,32
   15e00:	4854                	lw	a3,20(s0)
   15e02:	4785                	li	a5,1
   15e04:	4bc1                	li	s7,16
   15e06:	c0d7cae3          	blt	a5,a3,15a1a <__gdtoa+0xc50>
   15e0a:	4c1c                	lw	a5,24(s0)
   15e0c:	c00797e3          	bnez	a5,15a1a <__gdtoa+0xc50>
   15e10:	8bf2                	mv	s7,t3
   15e12:	b121                	j	15a1a <__gdtoa+0xc50>
   15e14:	65a6                	ld	a1,72(sp)
   15e16:	fff8869b          	addiw	a3,a7,-1
   15e1a:	8636                	mv	a2,a3
   15e1c:	c2d5c6e3          	blt	a1,a3,15a48 <__gdtoa+0xc7e>
   15e20:	40d584bb          	subw	s1,a1,a3
   15e24:	66c2                	ld	a3,16(sp)
   15e26:	01d88ebb          	addw	t4,a7,t4
   15e2a:	c746                	sw	a7,140(sp)
   15e2c:	011686bb          	addw	a3,a3,a7
   15e30:	ec36                	sd	a3,24(sp)
   15e32:	dd4ff06f          	j	15406 <__gdtoa+0x63c>
   15e36:	66c2                	ld	a3,16(sp)
   15e38:	c746                	sw	a7,140(sp)
   15e3a:	01d88ebb          	addw	t4,a7,t4
   15e3e:	011686bb          	addw	a3,a3,a7
   15e42:	ec36                	sd	a3,24(sp)
   15e44:	dc2ff06f          	j	15406 <__gdtoa+0x63c>
   15e48:	4c1c                	lw	a5,24(s0)
   15e4a:	ea079de3          	bnez	a5,15d04 <__gdtoa+0xf3a>
   15e4e:	f6d04be3          	bgtz	a3,15dc4 <__gdtoa+0xffa>
   15e52:	b6e1                	j	15a1a <__gdtoa+0xc50>
   15e54:	4bc1                	li	s7,16
   15e56:	b6d1                	j	15a1a <__gdtoa+0xc50>
   15e58:	03900793          	li	a5,57
   15e5c:	8322                	mv	t1,s0
   15e5e:	8862                	mv	a6,s8
   15e60:	8456                	mv	s0,s5
   15e62:	8f5e                	mv	t5,s7
   15e64:	876a                	mv	a4,s10
   15e66:	cafe8ee3          	beq	t4,a5,15b22 <__gdtoa+0xd58>
   15e6a:	2e85                	addiw	t4,t4,1
   15e6c:	02000b93          	li	s7,32
   15e70:	b66d                	j	15a1a <__gdtoa+0xc50>
   15e72:	6ee2                	ld	t4,24(sp)
   15e74:	e501                	bnez	a0,15e7c <__gdtoa+0x10b2>
   15e76:	001df793          	andi	a5,s11,1
   15e7a:	fbbd                	bnez	a5,15df0 <__gdtoa+0x1026>
   15e7c:	02000e13          	li	t3,32
   15e80:	b741                	j	15e00 <__gdtoa+0x1036>
   15e82:	790e                	ld	s2,224(sp)
   15e84:	0018061b          	addiw	a2,a6,1
   15e88:	bacff06f          	j	15234 <__gdtoa+0x46a>
   15e8c:	4854                	lw	a3,20(s0)
   15e8e:	4785                	li	a5,1
   15e90:	4bc1                	li	s7,16
   15e92:	b8d7c4e3          	blt	a5,a3,15a1a <__gdtoa+0xc50>
   15e96:	4c1c                	lw	a5,24(s0)
   15e98:	00f037b3          	snez	a5,a5
   15e9c:	00479b9b          	slliw	s7,a5,0x4
   15ea0:	bead                	j	15a1a <__gdtoa+0xc50>

0000000000015ea2 <__rv_alloc_D2A.part.0>:
   15ea2:	66e9                	lui	a3,0x1a
   15ea4:	6569                	lui	a0,0x1a
   15ea6:	1141                	addi	sp,sp,-16
   15ea8:	fa868693          	addi	a3,a3,-88 # 19fa8 <__clzdi2+0x182>
   15eac:	fc050513          	addi	a0,a0,-64 # 19fc0 <__clzdi2+0x19a>
   15eb0:	4601                	li	a2,0
   15eb2:	03900593          	li	a1,57
   15eb6:	e406                	sd	ra,8(sp)
   15eb8:	08f010ef          	jal	17746 <__assert_func>

0000000000015ebc <__rv_alloc_D2A>:
   15ebc:	1141                	addi	sp,sp,-16
   15ebe:	e022                	sd	s0,0(sp)
   15ec0:	e406                	sd	ra,8(sp)
   15ec2:	46fd                	li	a3,31
   15ec4:	842a                	mv	s0,a0
   15ec6:	4705                	li	a4,1
   15ec8:	4791                	li	a5,4
   15eca:	02b6f563          	bgeu	a3,a1,15ef4 <__rv_alloc_D2A+0x38>
   15ece:	0017979b          	slliw	a5,a5,0x1
   15ed2:	01c78693          	addi	a3,a5,28
   15ed6:	863a                	mv	a2,a4
   15ed8:	2705                	addiw	a4,a4,1
   15eda:	fed5fae3          	bgeu	a1,a3,15ece <__rv_alloc_D2A+0x12>
   15ede:	85b2                	mv	a1,a2
   15ee0:	cc30                	sw	a2,88(s0)
   15ee2:	8522                	mv	a0,s0
   15ee4:	2fc000ef          	jal	161e0 <_Balloc>
   15ee8:	c911                	beqz	a0,15efc <__rv_alloc_D2A+0x40>
   15eea:	60a2                	ld	ra,8(sp)
   15eec:	e828                	sd	a0,80(s0)
   15eee:	6402                	ld	s0,0(sp)
   15ef0:	0141                	addi	sp,sp,16
   15ef2:	8082                	ret
   15ef4:	04052c23          	sw	zero,88(a0)
   15ef8:	4581                	li	a1,0
   15efa:	b7e5                	j	15ee2 <__rv_alloc_D2A+0x26>
   15efc:	fa7ff0ef          	jal	15ea2 <__rv_alloc_D2A.part.0>

0000000000015f00 <__nrv_alloc_D2A>:
   15f00:	7179                	addi	sp,sp,-48
   15f02:	f022                	sd	s0,32(sp)
   15f04:	ec26                	sd	s1,24(sp)
   15f06:	f406                	sd	ra,40(sp)
   15f08:	487d                	li	a6,31
   15f0a:	84aa                	mv	s1,a0
   15f0c:	842e                	mv	s0,a1
   15f0e:	4705                	li	a4,1
   15f10:	4791                	li	a5,4
   15f12:	04d87863          	bgeu	a6,a3,15f62 <__nrv_alloc_D2A+0x62>
   15f16:	0017979b          	slliw	a5,a5,0x1
   15f1a:	01c78513          	addi	a0,a5,28
   15f1e:	85ba                	mv	a1,a4
   15f20:	2705                	addiw	a4,a4,1
   15f22:	fea6fae3          	bgeu	a3,a0,15f16 <__nrv_alloc_D2A+0x16>
   15f26:	ccac                	sw	a1,88(s1)
   15f28:	8526                	mv	a0,s1
   15f2a:	e432                	sd	a2,8(sp)
   15f2c:	2b4000ef          	jal	161e0 <_Balloc>
   15f30:	6622                	ld	a2,8(sp)
   15f32:	cd15                	beqz	a0,15f6e <__nrv_alloc_D2A+0x6e>
   15f34:	e8a8                	sd	a0,80(s1)
   15f36:	00044783          	lbu	a5,0(s0)
   15f3a:	00f50023          	sb	a5,0(a0)
   15f3e:	c795                	beqz	a5,15f6a <__nrv_alloc_D2A+0x6a>
   15f40:	00140593          	addi	a1,s0,1
   15f44:	87aa                	mv	a5,a0
   15f46:	0005c703          	lbu	a4,0(a1)
   15f4a:	0585                	addi	a1,a1,1
   15f4c:	0785                	addi	a5,a5,1
   15f4e:	00e78023          	sb	a4,0(a5)
   15f52:	fb75                	bnez	a4,15f46 <__nrv_alloc_D2A+0x46>
   15f54:	c211                	beqz	a2,15f58 <__nrv_alloc_D2A+0x58>
   15f56:	e21c                	sd	a5,0(a2)
   15f58:	70a2                	ld	ra,40(sp)
   15f5a:	7402                	ld	s0,32(sp)
   15f5c:	64e2                	ld	s1,24(sp)
   15f5e:	6145                	addi	sp,sp,48
   15f60:	8082                	ret
   15f62:	04052c23          	sw	zero,88(a0)
   15f66:	4581                	li	a1,0
   15f68:	b7c1                	j	15f28 <__nrv_alloc_D2A+0x28>
   15f6a:	87aa                	mv	a5,a0
   15f6c:	b7e5                	j	15f54 <__nrv_alloc_D2A+0x54>
   15f6e:	f35ff0ef          	jal	15ea2 <__rv_alloc_D2A.part.0>

0000000000015f72 <__freedtoa>:
   15f72:	4d38                	lw	a4,88(a0)
   15f74:	4785                	li	a5,1
   15f76:	00e797bb          	sllw	a5,a5,a4
   15f7a:	c5dc                	sw	a5,12(a1)
   15f7c:	c598                	sw	a4,8(a1)
   15f7e:	acc9                	j	16250 <_Bfree>

0000000000015f80 <__quorem_D2A>:
   15f80:	0145a803          	lw	a6,20(a1)
   15f84:	495c                	lw	a5,20(a0)
   15f86:	1707c763          	blt	a5,a6,160f4 <__quorem_D2A+0x174>
   15f8a:	387d                	addiw	a6,a6,-1
   15f8c:	00281393          	slli	t2,a6,0x2
   15f90:	01858613          	addi	a2,a1,24
   15f94:	007608b3          	add	a7,a2,t2
   15f98:	01850313          	addi	t1,a0,24
   15f9c:	0008a783          	lw	a5,0(a7)
   15fa0:	939a                	add	t2,t2,t1
   15fa2:	0003a703          	lw	a4,0(t2)
   15fa6:	2785                	addiw	a5,a5,1
   15fa8:	715d                	addi	sp,sp,-80
   15faa:	02f752bb          	divuw	t0,a4,a5
   15fae:	e486                	sd	ra,72(sp)
   15fb0:	e0a2                	sd	s0,64(sp)
   15fb2:	8e16                	mv	t3,t0
   15fb4:	0af76063          	bltu	a4,a5,16054 <__quorem_D2A+0xd4>
   15fb8:	fc26                	sd	s1,56(sp)
   15fba:	8fb2                	mv	t6,a2
   15fbc:	8f1a                	mv	t5,t1
   15fbe:	4481                	li	s1,0
   15fc0:	4401                	li	s0,0
   15fc2:	000fa703          	lw	a4,0(t6)
   15fc6:	000f2683          	lw	a3,0(t5)
   15fca:	0f11                	addi	t5,t5,4
   15fcc:	03071793          	slli	a5,a4,0x30
   15fd0:	93c1                	srli	a5,a5,0x30
   15fd2:	025787bb          	mulw	a5,a5,t0
   15fd6:	0107571b          	srliw	a4,a4,0x10
   15fda:	0f91                	addi	t6,t6,4
   15fdc:	02570ebb          	mulw	t4,a4,t0
   15fe0:	9fa5                	addw	a5,a5,s1
   15fe2:	03069713          	slli	a4,a3,0x30
   15fe6:	03079493          	slli	s1,a5,0x30
   15fea:	90c1                	srli	s1,s1,0x30
   15fec:	9341                	srli	a4,a4,0x30
   15fee:	9f05                	subw	a4,a4,s1
   15ff0:	0107d79b          	srliw	a5,a5,0x10
   15ff4:	9f01                	subw	a4,a4,s0
   15ff6:	02f71493          	slli	s1,a4,0x2f
   15ffa:	01d787bb          	addw	a5,a5,t4
   15ffe:	03079413          	slli	s0,a5,0x30
   16002:	9041                	srli	s0,s0,0x30
   16004:	03f4de93          	srli	t4,s1,0x3f
   16008:	9ea2                	add	t4,t4,s0
   1600a:	0106d69b          	srliw	a3,a3,0x10
   1600e:	41d686bb          	subw	a3,a3,t4
   16012:	1742                	slli	a4,a4,0x30
   16014:	01069e9b          	slliw	t4,a3,0x10
   16018:	9341                	srli	a4,a4,0x30
   1601a:	00eee733          	or	a4,t4,a4
   1601e:	0106d69b          	srliw	a3,a3,0x10
   16022:	feef2e23          	sw	a4,-4(t5)
   16026:	0107d49b          	srliw	s1,a5,0x10
   1602a:	0016f413          	andi	s0,a3,1
   1602e:	f9f8fae3          	bgeu	a7,t6,15fc2 <__quorem_D2A+0x42>
   16032:	0003a783          	lw	a5,0(t2)
   16036:	e3e9                	bnez	a5,160f8 <__quorem_D2A+0x178>
   16038:	13f1                	addi	t2,t2,-4
   1603a:	00736663          	bltu	t1,t2,16046 <__quorem_D2A+0xc6>
   1603e:	a801                	j	1604e <__quorem_D2A+0xce>
   16040:	387d                	addiw	a6,a6,-1
   16042:	00737663          	bgeu	t1,t2,1604e <__quorem_D2A+0xce>
   16046:	0003a783          	lw	a5,0(t2)
   1604a:	13f1                	addi	t2,t2,-4
   1604c:	dbf5                	beqz	a5,16040 <__quorem_D2A+0xc0>
   1604e:	74e2                	ld	s1,56(sp)
   16050:	01052a23          	sw	a6,20(a0)
   16054:	e072                	sd	t3,0(sp)
   16056:	f416                	sd	t0,40(sp)
   16058:	f01a                	sd	t1,32(sp)
   1605a:	ec46                	sd	a7,24(sp)
   1605c:	e832                	sd	a2,16(sp)
   1605e:	e442                	sd	a6,8(sp)
   16060:	842a                	mv	s0,a0
   16062:	177000ef          	jal	169d8 <__mcmp>
   16066:	6e02                	ld	t3,0(sp)
   16068:	08054163          	bltz	a0,160ea <__quorem_D2A+0x16a>
   1606c:	72a2                	ld	t0,40(sp)
   1606e:	7302                	ld	t1,32(sp)
   16070:	68e2                	ld	a7,24(sp)
   16072:	6642                	ld	a2,16(sp)
   16074:	6822                	ld	a6,8(sp)
   16076:	00128e1b          	addiw	t3,t0,1
   1607a:	859a                	mv	a1,t1
   1607c:	4501                	li	a0,0
   1607e:	419c                	lw	a5,0(a1)
   16080:	4214                	lw	a3,0(a2)
   16082:	0591                	addi	a1,a1,4
   16084:	03079713          	slli	a4,a5,0x30
   16088:	03069e93          	slli	t4,a3,0x30
   1608c:	030ede93          	srli	t4,t4,0x30
   16090:	9341                	srli	a4,a4,0x30
   16092:	41d7073b          	subw	a4,a4,t4
   16096:	9f09                	subw	a4,a4,a0
   16098:	02f71e93          	slli	t4,a4,0x2f
   1609c:	03fed513          	srli	a0,t4,0x3f
   160a0:	0106d69b          	srliw	a3,a3,0x10
   160a4:	96aa                	add	a3,a3,a0
   160a6:	0107d79b          	srliw	a5,a5,0x10
   160aa:	9f95                	subw	a5,a5,a3
   160ac:	1742                	slli	a4,a4,0x30
   160ae:	0107969b          	slliw	a3,a5,0x10
   160b2:	9341                	srli	a4,a4,0x30
   160b4:	8f55                	or	a4,a4,a3
   160b6:	0611                	addi	a2,a2,4
   160b8:	0107d79b          	srliw	a5,a5,0x10
   160bc:	fee5ae23          	sw	a4,-4(a1)
   160c0:	0017f513          	andi	a0,a5,1
   160c4:	fac8fde3          	bgeu	a7,a2,1607e <__quorem_D2A+0xfe>
   160c8:	00281793          	slli	a5,a6,0x2
   160cc:	979a                	add	a5,a5,t1
   160ce:	4398                	lw	a4,0(a5)
   160d0:	ef09                	bnez	a4,160ea <__quorem_D2A+0x16a>
   160d2:	17f1                	addi	a5,a5,-4
   160d4:	00f36663          	bltu	t1,a5,160e0 <__quorem_D2A+0x160>
   160d8:	a039                	j	160e6 <__quorem_D2A+0x166>
   160da:	387d                	addiw	a6,a6,-1
   160dc:	00f37563          	bgeu	t1,a5,160e6 <__quorem_D2A+0x166>
   160e0:	4398                	lw	a4,0(a5)
   160e2:	17f1                	addi	a5,a5,-4
   160e4:	db7d                	beqz	a4,160da <__quorem_D2A+0x15a>
   160e6:	01042a23          	sw	a6,20(s0)
   160ea:	60a6                	ld	ra,72(sp)
   160ec:	6406                	ld	s0,64(sp)
   160ee:	8572                	mv	a0,t3
   160f0:	6161                	addi	sp,sp,80
   160f2:	8082                	ret
   160f4:	4501                	li	a0,0
   160f6:	8082                	ret
   160f8:	74e2                	ld	s1,56(sp)
   160fa:	bfa9                	j	16054 <__quorem_D2A+0xd4>

00000000000160fc <__rshift_D2A>:
   160fc:	4954                	lw	a3,20(a0)
   160fe:	4055d31b          	sraiw	t1,a1,0x5
   16102:	00d34763          	blt	t1,a3,16110 <__rshift_D2A+0x14>
   16106:	00052a23          	sw	zero,20(a0)
   1610a:	00052c23          	sw	zero,24(a0)
   1610e:	8082                	ret
   16110:	01850e13          	addi	t3,a0,24
   16114:	00269813          	slli	a6,a3,0x2
   16118:	00231793          	slli	a5,t1,0x2
   1611c:	89fd                	andi	a1,a1,31
   1611e:	9872                	add	a6,a6,t3
   16120:	97f2                	add	a5,a5,t3
   16122:	c5a9                	beqz	a1,1616c <__rshift_D2A+0x70>
   16124:	4390                	lw	a2,0(a5)
   16126:	0791                	addi	a5,a5,4
   16128:	00b6563b          	srlw	a2,a2,a1
   1612c:	0707f563          	bgeu	a5,a6,16196 <__rshift_D2A+0x9a>
   16130:	02000e93          	li	t4,32
   16134:	40be8ebb          	subw	t4,t4,a1
   16138:	88f2                	mv	a7,t3
   1613a:	4398                	lw	a4,0(a5)
   1613c:	0891                	addi	a7,a7,4
   1613e:	0791                	addi	a5,a5,4
   16140:	01d7173b          	sllw	a4,a4,t4
   16144:	8f51                	or	a4,a4,a2
   16146:	fee8ae23          	sw	a4,-4(a7)
   1614a:	ffc7a603          	lw	a2,-4(a5)
   1614e:	00b6563b          	srlw	a2,a2,a1
   16152:	ff07e4e3          	bltu	a5,a6,1613a <__rshift_D2A+0x3e>
   16156:	406687b3          	sub	a5,a3,t1
   1615a:	078a                	slli	a5,a5,0x2
   1615c:	17e1                	addi	a5,a5,-8
   1615e:	004e0713          	addi	a4,t3,4
   16162:	97ba                	add	a5,a5,a4
   16164:	c390                	sw	a2,0(a5)
   16166:	c20d                	beqz	a2,16188 <__rshift_D2A+0x8c>
   16168:	0791                	addi	a5,a5,4
   1616a:	a839                	j	16188 <__rshift_D2A+0x8c>
   1616c:	8772                	mv	a4,t3
   1616e:	f907fce3          	bgeu	a5,a6,16106 <__rshift_D2A+0xa>
   16172:	4390                	lw	a2,0(a5)
   16174:	0791                	addi	a5,a5,4
   16176:	0711                	addi	a4,a4,4
   16178:	fec72e23          	sw	a2,-4(a4)
   1617c:	ff07ebe3          	bltu	a5,a6,16172 <__rshift_D2A+0x76>
   16180:	406687b3          	sub	a5,a3,t1
   16184:	078a                	slli	a5,a5,0x2
   16186:	97f2                	add	a5,a5,t3
   16188:	41c787b3          	sub	a5,a5,t3
   1618c:	8789                	srai	a5,a5,0x2
   1618e:	2781                	sext.w	a5,a5
   16190:	c95c                	sw	a5,20(a0)
   16192:	dfa5                	beqz	a5,1610a <__rshift_D2A+0xe>
   16194:	8082                	ret
   16196:	cd10                	sw	a2,24(a0)
   16198:	87f2                	mv	a5,t3
   1619a:	d635                	beqz	a2,16106 <__rshift_D2A+0xa>
   1619c:	0791                	addi	a5,a5,4
   1619e:	b7ed                	j	16188 <__rshift_D2A+0x8c>

00000000000161a0 <__trailz_D2A>:
   161a0:	4954                	lw	a3,20(a0)
   161a2:	0561                	addi	a0,a0,24
   161a4:	4781                	li	a5,0
   161a6:	068a                	slli	a3,a3,0x2
   161a8:	96aa                	add	a3,a3,a0
   161aa:	00d56863          	bltu	a0,a3,161ba <__trailz_D2A+0x1a>
   161ae:	a03d                	j	161dc <__trailz_D2A+0x3c>
   161b0:	0511                	addi	a0,a0,4
   161b2:	0207879b          	addiw	a5,a5,32
   161b6:	02d57363          	bgeu	a0,a3,161dc <__trailz_D2A+0x3c>
   161ba:	4118                	lw	a4,0(a0)
   161bc:	db75                	beqz	a4,161b0 <__trailz_D2A+0x10>
   161be:	00d57f63          	bgeu	a0,a3,161dc <__trailz_D2A+0x3c>
   161c2:	7179                	addi	sp,sp,-48
   161c4:	0868                	addi	a0,sp,28
   161c6:	f406                	sd	ra,40(sp)
   161c8:	e43e                	sd	a5,8(sp)
   161ca:	ce3a                	sw	a4,28(sp)
   161cc:	2da000ef          	jal	164a6 <__lo0bits>
   161d0:	67a2                	ld	a5,8(sp)
   161d2:	70a2                	ld	ra,40(sp)
   161d4:	9fa9                	addw	a5,a5,a0
   161d6:	853e                	mv	a0,a5
   161d8:	6145                	addi	sp,sp,48
   161da:	8082                	ret
   161dc:	853e                	mv	a0,a5
   161de:	8082                	ret

00000000000161e0 <_Balloc>:
   161e0:	753c                	ld	a5,104(a0)
   161e2:	1101                	addi	sp,sp,-32
   161e4:	ec06                	sd	ra,24(sp)
   161e6:	872a                	mv	a4,a0
   161e8:	86ae                	mv	a3,a1
   161ea:	c39d                	beqz	a5,16210 <_Balloc+0x30>
   161ec:	00369613          	slli	a2,a3,0x3
   161f0:	97b2                	add	a5,a5,a2
   161f2:	6388                	ld	a0,0(a5)
   161f4:	cd05                	beqz	a0,1622c <_Balloc+0x4c>
   161f6:	6118                	ld	a4,0(a0)
   161f8:	e398                	sd	a4,0(a5)
   161fa:	cd717057          	vsetivli	zero,2,e32,mf2,ta,ma
   161fe:	5e0030d7          	vmv.v.i	v1,0
   16202:	01050793          	addi	a5,a0,16
   16206:	0207e0a7          	vse32.v	v1,(a5)
   1620a:	60e2                	ld	ra,24(sp)
   1620c:	6105                	addi	sp,sp,32
   1620e:	8082                	ret
   16210:	e42e                	sd	a1,8(sp)
   16212:	04100613          	li	a2,65
   16216:	45a1                	li	a1,8
   16218:	e02a                	sd	a0,0(sp)
   1621a:	56e010ef          	jal	17788 <_calloc_r>
   1621e:	6702                	ld	a4,0(sp)
   16220:	66a2                	ld	a3,8(sp)
   16222:	87aa                	mv	a5,a0
   16224:	f728                	sd	a0,104(a4)
   16226:	f179                	bnez	a0,161ec <_Balloc+0xc>
   16228:	4501                	li	a0,0
   1622a:	b7c5                	j	1620a <_Balloc+0x2a>
   1622c:	4785                	li	a5,1
   1622e:	00d797bb          	sllw	a5,a5,a3
   16232:	00279613          	slli	a2,a5,0x2
   16236:	853a                	mv	a0,a4
   16238:	0671                	addi	a2,a2,28
   1623a:	4585                	li	a1,1
   1623c:	e436                	sd	a3,8(sp)
   1623e:	e03e                	sd	a5,0(sp)
   16240:	548010ef          	jal	17788 <_calloc_r>
   16244:	d175                	beqz	a0,16228 <_Balloc+0x48>
   16246:	66a2                	ld	a3,8(sp)
   16248:	6782                	ld	a5,0(sp)
   1624a:	c514                	sw	a3,8(a0)
   1624c:	c55c                	sw	a5,12(a0)
   1624e:	b775                	j	161fa <_Balloc+0x1a>

0000000000016250 <_Bfree>:
   16250:	c981                	beqz	a1,16260 <_Bfree+0x10>
   16252:	4598                	lw	a4,8(a1)
   16254:	753c                	ld	a5,104(a0)
   16256:	070e                	slli	a4,a4,0x3
   16258:	97ba                	add	a5,a5,a4
   1625a:	6398                	ld	a4,0(a5)
   1625c:	e198                	sd	a4,0(a1)
   1625e:	e38c                	sd	a1,0(a5)
   16260:	8082                	ret

0000000000016262 <__multadd>:
   16262:	0145a303          	lw	t1,20(a1)
   16266:	8e2e                	mv	t3,a1
   16268:	8736                	mv	a4,a3
   1626a:	01858813          	addi	a6,a1,24
   1626e:	4881                	li	a7,0
   16270:	00082783          	lw	a5,0(a6)
   16274:	0811                	addi	a6,a6,4
   16276:	2885                	addiw	a7,a7,1
   16278:	03079693          	slli	a3,a5,0x30
   1627c:	92c1                	srli	a3,a3,0x30
   1627e:	02c686bb          	mulw	a3,a3,a2
   16282:	0107d79b          	srliw	a5,a5,0x10
   16286:	02c787bb          	mulw	a5,a5,a2
   1628a:	9eb9                	addw	a3,a3,a4
   1628c:	0106d71b          	srliw	a4,a3,0x10
   16290:	16c2                	slli	a3,a3,0x30
   16292:	92c1                	srli	a3,a3,0x30
   16294:	9fb9                	addw	a5,a5,a4
   16296:	0107971b          	slliw	a4,a5,0x10
   1629a:	9f35                	addw	a4,a4,a3
   1629c:	fee82e23          	sw	a4,-4(a6)
   162a0:	0107d71b          	srliw	a4,a5,0x10
   162a4:	fc68c6e3          	blt	a7,t1,16270 <__multadd+0xe>
   162a8:	cf09                	beqz	a4,162c2 <__multadd+0x60>
   162aa:	00ce2783          	lw	a5,12(t3)
   162ae:	00f35c63          	bge	t1,a5,162c6 <__multadd+0x64>
   162b2:	00231693          	slli	a3,t1,0x2
   162b6:	96f2                	add	a3,a3,t3
   162b8:	ce98                	sw	a4,24(a3)
   162ba:	0013079b          	addiw	a5,t1,1 # fffffffffcc00001 <__BSS_END__+0xfffffffffcbe3731>
   162be:	00fe2a23          	sw	a5,20(t3)
   162c2:	8572                	mv	a0,t3
   162c4:	8082                	ret
   162c6:	008e2583          	lw	a1,8(t3)
   162ca:	7179                	addi	sp,sp,-48
   162cc:	f022                	sd	s0,32(sp)
   162ce:	2585                	addiw	a1,a1,1
   162d0:	e83a                	sd	a4,16(sp)
   162d2:	e41a                	sd	t1,8(sp)
   162d4:	e072                	sd	t3,0(sp)
   162d6:	f406                	sd	ra,40(sp)
   162d8:	842a                	mv	s0,a0
   162da:	f07ff0ef          	jal	161e0 <_Balloc>
   162de:	6e02                	ld	t3,0(sp)
   162e0:	6322                	ld	t1,8(sp)
   162e2:	6742                	ld	a4,16(sp)
   162e4:	86aa                	mv	a3,a0
   162e6:	c929                	beqz	a0,16338 <__multadd+0xd6>
   162e8:	014e2603          	lw	a2,20(t3)
   162ec:	010e0593          	addi	a1,t3,16
   162f0:	0541                	addi	a0,a0,16
   162f2:	060a                	slli	a2,a2,0x2
   162f4:	0621                	addi	a2,a2,8
   162f6:	ec3a                	sd	a4,24(sp)
   162f8:	e81a                	sd	t1,16(sp)
   162fa:	e472                	sd	t3,8(sp)
   162fc:	e036                	sd	a3,0(sp)
   162fe:	e2efe0ef          	jal	1492c <memcpy>
   16302:	6e22                	ld	t3,8(sp)
   16304:	743c                	ld	a5,104(s0)
   16306:	6342                	ld	t1,16(sp)
   16308:	008e2603          	lw	a2,8(t3)
   1630c:	6762                	ld	a4,24(sp)
   1630e:	00231693          	slli	a3,t1,0x2
   16312:	060e                	slli	a2,a2,0x3
   16314:	97b2                	add	a5,a5,a2
   16316:	6390                	ld	a2,0(a5)
   16318:	70a2                	ld	ra,40(sp)
   1631a:	7402                	ld	s0,32(sp)
   1631c:	00ce3023          	sd	a2,0(t3)
   16320:	01c7b023          	sd	t3,0(a5)
   16324:	6e02                	ld	t3,0(sp)
   16326:	0013079b          	addiw	a5,t1,1
   1632a:	96f2                	add	a3,a3,t3
   1632c:	ce98                	sw	a4,24(a3)
   1632e:	00fe2a23          	sw	a5,20(t3)
   16332:	8572                	mv	a0,t3
   16334:	6145                	addi	sp,sp,48
   16336:	8082                	ret
   16338:	66e9                	lui	a3,0x1a
   1633a:	6569                	lui	a0,0x1a
   1633c:	fa868693          	addi	a3,a3,-88 # 19fa8 <__clzdi2+0x182>
   16340:	00850513          	addi	a0,a0,8 # 1a008 <__clzdi2+0x1e2>
   16344:	4601                	li	a2,0
   16346:	0ba00593          	li	a1,186
   1634a:	3fc010ef          	jal	17746 <__assert_func>

000000000001634e <__s2b>:
   1634e:	7139                	addi	sp,sp,-64
   16350:	f822                	sd	s0,48(sp)
   16352:	f04a                	sd	s2,32(sp)
   16354:	ec4e                	sd	s3,24(sp)
   16356:	e852                	sd	s4,16(sp)
   16358:	e456                	sd	s5,8(sp)
   1635a:	fc06                	sd	ra,56(sp)
   1635c:	47a5                	li	a5,9
   1635e:	89b6                	mv	s3,a3
   16360:	8a32                	mv	s4,a2
   16362:	892a                	mv	s2,a0
   16364:	8aae                	mv	s5,a1
   16366:	843a                	mv	s0,a4
   16368:	0ad7dd63          	bge	a5,a3,16422 <__s2b+0xd4>
   1636c:	26a1                	addiw	a3,a3,8
   1636e:	1682                	slli	a3,a3,0x20
   16370:	38e397b7          	lui	a5,0x38e39
   16374:	e3978793          	addi	a5,a5,-455 # 38e38e39 <__BSS_END__+0x38e1c569>
   16378:	9281                	srli	a3,a3,0x20
   1637a:	02f686b3          	mul	a3,a3,a5
   1637e:	4581                	li	a1,0
   16380:	4785                	li	a5,1
   16382:	9285                	srli	a3,a3,0x21
   16384:	0017979b          	slliw	a5,a5,0x1
   16388:	2585                	addiw	a1,a1,1
   1638a:	fed7cde3          	blt	a5,a3,16384 <__s2b+0x36>
   1638e:	854a                	mv	a0,s2
   16390:	e51ff0ef          	jal	161e0 <_Balloc>
   16394:	f426                	sd	s1,40(sp)
   16396:	85aa                	mv	a1,a0
   16398:	c559                	beqz	a0,16426 <__s2b+0xd8>
   1639a:	4785                	li	a5,1
   1639c:	c95c                	sw	a5,20(a0)
   1639e:	cd00                	sw	s0,24(a0)
   163a0:	47a5                	li	a5,9
   163a2:	0747dc63          	bge	a5,s4,1641a <__s2b+0xcc>
   163a6:	ff6a071b          	addiw	a4,s4,-10
   163aa:	020a1793          	slli	a5,s4,0x20
   163ae:	009a8413          	addi	s0,s5,9
   163b2:	e05a                	sd	s6,0(sp)
   163b4:	9381                	srli	a5,a5,0x20
   163b6:	02071b13          	slli	s6,a4,0x20
   163ba:	020b5b13          	srli	s6,s6,0x20
   163be:	9abe                	add	s5,s5,a5
   163c0:	84a2                	mv	s1,s0
   163c2:	0004c683          	lbu	a3,0(s1)
   163c6:	4629                	li	a2,10
   163c8:	854a                	mv	a0,s2
   163ca:	fd06869b          	addiw	a3,a3,-48
   163ce:	0485                	addi	s1,s1,1
   163d0:	e93ff0ef          	jal	16262 <__multadd>
   163d4:	85aa                	mv	a1,a0
   163d6:	ff5496e3          	bne	s1,s5,163c2 <__s2b+0x74>
   163da:	945a                	add	s0,s0,s6
   163dc:	6b02                	ld	s6,0(sp)
   163de:	0409                	addi	s0,s0,2
   163e0:	033a5363          	bge	s4,s3,16406 <__s2b+0xb8>
   163e4:	414984bb          	subw	s1,s3,s4
   163e8:	1482                	slli	s1,s1,0x20
   163ea:	9081                	srli	s1,s1,0x20
   163ec:	94a2                	add	s1,s1,s0
   163ee:	00044683          	lbu	a3,0(s0)
   163f2:	4629                	li	a2,10
   163f4:	854a                	mv	a0,s2
   163f6:	fd06869b          	addiw	a3,a3,-48
   163fa:	0405                	addi	s0,s0,1
   163fc:	e67ff0ef          	jal	16262 <__multadd>
   16400:	85aa                	mv	a1,a0
   16402:	fe9416e3          	bne	s0,s1,163ee <__s2b+0xa0>
   16406:	70e2                	ld	ra,56(sp)
   16408:	7442                	ld	s0,48(sp)
   1640a:	74a2                	ld	s1,40(sp)
   1640c:	7902                	ld	s2,32(sp)
   1640e:	69e2                	ld	s3,24(sp)
   16410:	6a42                	ld	s4,16(sp)
   16412:	6aa2                	ld	s5,8(sp)
   16414:	852e                	mv	a0,a1
   16416:	6121                	addi	sp,sp,64
   16418:	8082                	ret
   1641a:	00aa8413          	addi	s0,s5,10
   1641e:	8a3e                	mv	s4,a5
   16420:	b7c1                	j	163e0 <__s2b+0x92>
   16422:	4581                	li	a1,0
   16424:	b7ad                	j	1638e <__s2b+0x40>
   16426:	66e9                	lui	a3,0x1a
   16428:	6569                	lui	a0,0x1a
   1642a:	fa868693          	addi	a3,a3,-88 # 19fa8 <__clzdi2+0x182>
   1642e:	00850513          	addi	a0,a0,8 # 1a008 <__clzdi2+0x1e2>
   16432:	4601                	li	a2,0
   16434:	0d300593          	li	a1,211
   16438:	e05a                	sd	s6,0(sp)
   1643a:	30c010ef          	jal	17746 <__assert_func>

000000000001643e <__hi0bits>:
   1643e:	87aa                	mv	a5,a0
   16440:	6741                	lui	a4,0x10
   16442:	4501                	li	a0,0
   16444:	00e7f563          	bgeu	a5,a4,1644e <__hi0bits+0x10>
   16448:	0107979b          	slliw	a5,a5,0x10
   1644c:	4541                	li	a0,16
   1644e:	01000737          	lui	a4,0x1000
   16452:	00e7f563          	bgeu	a5,a4,1645c <__hi0bits+0x1e>
   16456:	2521                	addiw	a0,a0,8
   16458:	0087979b          	slliw	a5,a5,0x8
   1645c:	10000737          	lui	a4,0x10000
   16460:	00e7ec63          	bltu	a5,a4,16478 <__hi0bits+0x3a>
   16464:	40000737          	lui	a4,0x40000
   16468:	02e7f863          	bgeu	a5,a4,16498 <__hi0bits+0x5a>
   1646c:	02279713          	slli	a4,a5,0x22
   16470:	02074963          	bltz	a4,164a2 <__hi0bits+0x64>
   16474:	250d                	addiw	a0,a0,3
   16476:	8082                	ret
   16478:	0047971b          	slliw	a4,a5,0x4
   1647c:	400006b7          	lui	a3,0x40000
   16480:	2511                	addiw	a0,a0,4
   16482:	00d77c63          	bgeu	a4,a3,1649a <__hi0bits+0x5c>
   16486:	0067979b          	slliw	a5,a5,0x6
   1648a:	0007cc63          	bltz	a5,164a2 <__hi0bits+0x64>
   1648e:	8ff5                	and	a5,a5,a3
   16490:	f3f5                	bnez	a5,16474 <__hi0bits+0x36>
   16492:	02000513          	li	a0,32
   16496:	8082                	ret
   16498:	873e                	mv	a4,a5
   1649a:	fe074ee3          	bltz	a4,16496 <__hi0bits+0x58>
   1649e:	2505                	addiw	a0,a0,1
   164a0:	8082                	ret
   164a2:	2509                	addiw	a0,a0,2
   164a4:	8082                	ret

00000000000164a6 <__lo0bits>:
   164a6:	411c                	lw	a5,0(a0)
   164a8:	0077f713          	andi	a4,a5,7
   164ac:	86be                	mv	a3,a5
   164ae:	cf11                	beqz	a4,164ca <__lo0bits+0x24>
   164b0:	0017f693          	andi	a3,a5,1
   164b4:	4701                	li	a4,0
   164b6:	ea81                	bnez	a3,164c6 <__lo0bits+0x20>
   164b8:	0027f713          	andi	a4,a5,2
   164bc:	cf3d                	beqz	a4,1653a <__lo0bits+0x94>
   164be:	0017d79b          	srliw	a5,a5,0x1
   164c2:	c11c                	sw	a5,0(a0)
   164c4:	4705                	li	a4,1
   164c6:	853a                	mv	a0,a4
   164c8:	8082                	ret
   164ca:	03079713          	slli	a4,a5,0x30
   164ce:	9341                	srli	a4,a4,0x30
   164d0:	eb0d                	bnez	a4,16502 <__lo0bits+0x5c>
   164d2:	0107d79b          	srliw	a5,a5,0x10
   164d6:	0ff7f693          	zext.b	a3,a5
   164da:	4741                	li	a4,16
   164dc:	e681                	bnez	a3,164e4 <__lo0bits+0x3e>
   164de:	4761                	li	a4,24
   164e0:	0087d79b          	srliw	a5,a5,0x8
   164e4:	00f7f693          	andi	a3,a5,15
   164e8:	c2a9                	beqz	a3,1652a <__lo0bits+0x84>
   164ea:	0037f693          	andi	a3,a5,3
   164ee:	c68d                	beqz	a3,16518 <__lo0bits+0x72>
   164f0:	0017f693          	andi	a3,a5,1
   164f4:	e681                	bnez	a3,164fc <__lo0bits+0x56>
   164f6:	2705                	addiw	a4,a4,1 # 40000001 <__BSS_END__+0x3ffe3731>
   164f8:	0017d79b          	srliw	a5,a5,0x1
   164fc:	c11c                	sw	a5,0(a0)
   164fe:	853a                	mv	a0,a4
   16500:	8082                	ret
   16502:	0ff7f713          	zext.b	a4,a5
   16506:	c715                	beqz	a4,16532 <__lo0bits+0x8c>
   16508:	8abd                	andi	a3,a3,15
   1650a:	e6a1                	bnez	a3,16552 <__lo0bits+0xac>
   1650c:	4711                	li	a4,4
   1650e:	0047d79b          	srliw	a5,a5,0x4
   16512:	0037f693          	andi	a3,a5,3
   16516:	fee9                	bnez	a3,164f0 <__lo0bits+0x4a>
   16518:	0027d69b          	srliw	a3,a5,0x2
   1651c:	0016f613          	andi	a2,a3,1
   16520:	c21d                	beqz	a2,16546 <__lo0bits+0xa0>
   16522:	87b6                	mv	a5,a3
   16524:	2709                	addiw	a4,a4,2
   16526:	c11c                	sw	a5,0(a0)
   16528:	bfd9                	j	164fe <__lo0bits+0x58>
   1652a:	2711                	addiw	a4,a4,4
   1652c:	0047d79b          	srliw	a5,a5,0x4
   16530:	b7cd                	j	16512 <__lo0bits+0x6c>
   16532:	4721                	li	a4,8
   16534:	0087d79b          	srliw	a5,a5,0x8
   16538:	b775                	j	164e4 <__lo0bits+0x3e>
   1653a:	0027d79b          	srliw	a5,a5,0x2
   1653e:	4709                	li	a4,2
   16540:	c11c                	sw	a5,0(a0)
   16542:	853a                	mv	a0,a4
   16544:	8082                	ret
   16546:	0037d79b          	srliw	a5,a5,0x3
   1654a:	eb89                	bnez	a5,1655c <__lo0bits+0xb6>
   1654c:	02000713          	li	a4,32
   16550:	bf9d                	j	164c6 <__lo0bits+0x20>
   16552:	0037d79b          	srliw	a5,a5,0x3
   16556:	470d                	li	a4,3
   16558:	c11c                	sw	a5,0(a0)
   1655a:	b755                	j	164fe <__lo0bits+0x58>
   1655c:	270d                	addiw	a4,a4,3
   1655e:	c11c                	sw	a5,0(a0)
   16560:	bf79                	j	164fe <__lo0bits+0x58>

0000000000016562 <__i2b>:
   16562:	753c                	ld	a5,104(a0)
   16564:	1101                	addi	sp,sp,-32
   16566:	ec06                	sd	ra,24(sp)
   16568:	872a                	mv	a4,a0
   1656a:	86ae                	mv	a3,a1
   1656c:	c38d                	beqz	a5,1658e <__i2b+0x2c>
   1656e:	6788                	ld	a0,8(a5)
   16570:	c531                	beqz	a0,165bc <__i2b+0x5a>
   16572:	6118                	ld	a4,0(a0)
   16574:	cd717057          	vsetivli	zero,2,e32,mf2,ta,ma
   16578:	5208a0d7          	vid.v	v1
   1657c:	e798                	sd	a4,8(a5)
   1657e:	cd14                	sw	a3,24(a0)
   16580:	01050793          	addi	a5,a0,16
   16584:	0207e0a7          	vse32.v	v1,(a5)
   16588:	60e2                	ld	ra,24(sp)
   1658a:	6105                	addi	sp,sp,32
   1658c:	8082                	ret
   1658e:	e42e                	sd	a1,8(sp)
   16590:	04100613          	li	a2,65
   16594:	45a1                	li	a1,8
   16596:	e02a                	sd	a0,0(sp)
   16598:	1f0010ef          	jal	17788 <_calloc_r>
   1659c:	6702                	ld	a4,0(sp)
   1659e:	66a2                	ld	a3,8(sp)
   165a0:	87aa                	mv	a5,a0
   165a2:	f728                	sd	a0,104(a4)
   165a4:	f569                	bnez	a0,1656e <__i2b+0xc>
   165a6:	66e9                	lui	a3,0x1a
   165a8:	6569                	lui	a0,0x1a
   165aa:	fa868693          	addi	a3,a3,-88 # 19fa8 <__clzdi2+0x182>
   165ae:	00850513          	addi	a0,a0,8 # 1a008 <__clzdi2+0x1e2>
   165b2:	4601                	li	a2,0
   165b4:	14500593          	li	a1,325
   165b8:	18e010ef          	jal	17746 <__assert_func>
   165bc:	853a                	mv	a0,a4
   165be:	02400613          	li	a2,36
   165c2:	4585                	li	a1,1
   165c4:	e036                	sd	a3,0(sp)
   165c6:	1c2010ef          	jal	17788 <_calloc_r>
   165ca:	dd71                	beqz	a0,165a6 <__i2b+0x44>
   165cc:	cd717057          	vsetivli	zero,2,e32,mf2,ta,ma
   165d0:	5208a0d7          	vid.v	v1
   165d4:	00850793          	addi	a5,a0,8
   165d8:	0210b157          	vadd.vi	v2,v1,1
   165dc:	6682                	ld	a3,0(sp)
   165de:	60e2                	ld	ra,24(sp)
   165e0:	0207e127          	vse32.v	v2,(a5)
   165e4:	01050793          	addi	a5,a0,16
   165e8:	cd14                	sw	a3,24(a0)
   165ea:	0207e0a7          	vse32.v	v1,(a5)
   165ee:	6105                	addi	sp,sp,32
   165f0:	8082                	ret

00000000000165f2 <__multiply>:
   165f2:	7139                	addi	sp,sp,-64
   165f4:	ec4e                	sd	s3,24(sp)
   165f6:	e852                	sd	s4,16(sp)
   165f8:	0145a983          	lw	s3,20(a1)
   165fc:	01462a03          	lw	s4,20(a2)
   16600:	f04a                	sd	s2,32(sp)
   16602:	e456                	sd	s5,8(sp)
   16604:	fc06                	sd	ra,56(sp)
   16606:	f822                	sd	s0,48(sp)
   16608:	f426                	sd	s1,40(sp)
   1660a:	8aae                	mv	s5,a1
   1660c:	8932                	mv	s2,a2
   1660e:	0149c763          	blt	s3,s4,1661c <__multiply+0x2a>
   16612:	8752                	mv	a4,s4
   16614:	892e                	mv	s2,a1
   16616:	8a4e                	mv	s4,s3
   16618:	8ab2                	mv	s5,a2
   1661a:	89ba                	mv	s3,a4
   1661c:	00c92783          	lw	a5,12(s2)
   16620:	013a04bb          	addw	s1,s4,s3
   16624:	00892583          	lw	a1,8(s2)
   16628:	8426                	mv	s0,s1
   1662a:	0097d363          	bge	a5,s1,16630 <__multiply+0x3e>
   1662e:	2585                	addiw	a1,a1,1
   16630:	bb1ff0ef          	jal	161e0 <_Balloc>
   16634:	18050663          	beqz	a0,167c0 <__multiply+0x1ce>
   16638:	01850893          	addi	a7,a0,24
   1663c:	00249813          	slli	a6,s1,0x2
   16640:	9846                	add	a6,a6,a7
   16642:	0308f463          	bgeu	a7,a6,1666a <__multiply+0x78>
   16646:	40a80733          	sub	a4,a6,a0
   1664a:	0d0077d7          	vsetvli	a5,zero,e32,m1,ta,ma
   1664e:	171d                	addi	a4,a4,-25
   16650:	5e0030d7          	vmv.v.i	v1,0
   16654:	8309                	srli	a4,a4,0x2
   16656:	0705                	addi	a4,a4,1
   16658:	8e46                	mv	t3,a7
   1665a:	0c6777d7          	vsetvli	a5,a4,e8,mf4,ta,ma
   1665e:	020e60a7          	vse32.v	v1,(t3)
   16662:	8f1d                	sub	a4,a4,a5
   16664:	078a                	slli	a5,a5,0x2
   16666:	9e3e                	add	t3,t3,a5
   16668:	fb6d                	bnez	a4,1665a <__multiply+0x68>
   1666a:	018a8593          	addi	a1,s5,24
   1666e:	00299313          	slli	t1,s3,0x2
   16672:	932e                	add	t1,t1,a1
   16674:	1265f363          	bgeu	a1,t1,1679a <__multiply+0x1a8>
   16678:	002a1693          	slli	a3,s4,0x2
   1667c:	01890e93          	addi	t4,s2,24
   16680:	96f6                	add	a3,a3,t4
   16682:	01990e13          	addi	t3,s2,25
   16686:	01c6be33          	sltu	t3,a3,t3
   1668a:	41268633          	sub	a2,a3,s2
   1668e:	001e4e13          	xori	t3,t3,1
   16692:	161d                	addi	a2,a2,-25
   16694:	a809                	j	166a6 <__multiply+0xb4>
   16696:	0102d29b          	srliw	t0,t0,0x10
   1669a:	08029863          	bnez	t0,1672a <__multiply+0x138>
   1669e:	0591                	addi	a1,a1,4
   166a0:	0891                	addi	a7,a7,4
   166a2:	0e65fc63          	bgeu	a1,t1,1679a <__multiply+0x1a8>
   166a6:	0005a283          	lw	t0,0(a1)
   166aa:	03029913          	slli	s2,t0,0x30
   166ae:	03095913          	srli	s2,s2,0x30
   166b2:	fe0902e3          	beqz	s2,16696 <__multiply+0xa4>
   166b6:	83c6                	mv	t2,a7
   166b8:	82f6                	mv	t0,t4
   166ba:	4701                	li	a4,0
   166bc:	0002af83          	lw	t6,0(t0)
   166c0:	0003af03          	lw	t5,0(t2)
   166c4:	0391                	addi	t2,t2,4
   166c6:	030f9793          	slli	a5,t6,0x30
   166ca:	93c1                	srli	a5,a5,0x30
   166cc:	032787bb          	mulw	a5,a5,s2
   166d0:	010fdf9b          	srliw	t6,t6,0x10
   166d4:	030f1993          	slli	s3,t5,0x30
   166d8:	0309d993          	srli	s3,s3,0x30
   166dc:	010f5f1b          	srliw	t5,t5,0x10
   166e0:	0291                	addi	t0,t0,4
   166e2:	032f8fbb          	mulw	t6,t6,s2
   166e6:	013787bb          	addw	a5,a5,s3
   166ea:	9fb9                	addw	a5,a5,a4
   166ec:	0107d71b          	srliw	a4,a5,0x10
   166f0:	17c2                	slli	a5,a5,0x30
   166f2:	93c1                	srli	a5,a5,0x30
   166f4:	01ff0f3b          	addw	t5,t5,t6
   166f8:	01e7073b          	addw	a4,a4,t5
   166fc:	01071f1b          	slliw	t5,a4,0x10
   16700:	00ff67b3          	or	a5,t5,a5
   16704:	fef3ae23          	sw	a5,-4(t2)
   16708:	0107571b          	srliw	a4,a4,0x10
   1670c:	fad2e8e3          	bltu	t0,a3,166bc <__multiply+0xca>
   16710:	4781                	li	a5,0
   16712:	000e0463          	beqz	t3,1671a <__multiply+0x128>
   16716:	ffc67793          	andi	a5,a2,-4
   1671a:	97c6                	add	a5,a5,a7
   1671c:	c3d8                	sw	a4,4(a5)
   1671e:	0005a283          	lw	t0,0(a1)
   16722:	0102d29b          	srliw	t0,t0,0x10
   16726:	f6028ce3          	beqz	t0,1669e <__multiply+0xac>
   1672a:	0008a783          	lw	a5,0(a7)
   1672e:	83c6                	mv	t2,a7
   16730:	8ff6                	mv	t6,t4
   16732:	893e                	mv	s2,a5
   16734:	4981                	li	s3,0
   16736:	000fdf03          	lhu	t5,0(t6)
   1673a:	0109571b          	srliw	a4,s2,0x10
   1673e:	17c2                	slli	a5,a5,0x30
   16740:	025f0f3b          	mulw	t5,t5,t0
   16744:	93c1                	srli	a5,a5,0x30
   16746:	0f91                	addi	t6,t6,4
   16748:	0043a903          	lw	s2,4(t2)
   1674c:	0391                	addi	t2,t2,4
   1674e:	03091a13          	slli	s4,s2,0x30
   16752:	030a5a13          	srli	s4,s4,0x30
   16756:	013f0f3b          	addw	t5,t5,s3
   1675a:	01e7073b          	addw	a4,a4,t5
   1675e:	01071f1b          	slliw	t5,a4,0x10
   16762:	00ff67b3          	or	a5,t5,a5
   16766:	fef3ae23          	sw	a5,-4(t2)
   1676a:	ffefd783          	lhu	a5,-2(t6)
   1676e:	0107571b          	srliw	a4,a4,0x10
   16772:	025787bb          	mulw	a5,a5,t0
   16776:	014787bb          	addw	a5,a5,s4
   1677a:	9fb9                	addw	a5,a5,a4
   1677c:	0107d99b          	srliw	s3,a5,0x10
   16780:	fadfebe3          	bltu	t6,a3,16736 <__multiply+0x144>
   16784:	4701                	li	a4,0
   16786:	000e0463          	beqz	t3,1678e <__multiply+0x19c>
   1678a:	ffc67713          	andi	a4,a2,-4
   1678e:	9746                	add	a4,a4,a7
   16790:	c35c                	sw	a5,4(a4)
   16792:	0591                	addi	a1,a1,4
   16794:	0891                	addi	a7,a7,4
   16796:	f065e8e3          	bltu	a1,t1,166a6 <__multiply+0xb4>
   1679a:	00904563          	bgtz	s1,167a4 <__multiply+0x1b2>
   1679e:	a039                	j	167ac <__multiply+0x1ba>
   167a0:	347d                	addiw	s0,s0,-1
   167a2:	c409                	beqz	s0,167ac <__multiply+0x1ba>
   167a4:	ffc82783          	lw	a5,-4(a6)
   167a8:	1871                	addi	a6,a6,-4
   167aa:	dbfd                	beqz	a5,167a0 <__multiply+0x1ae>
   167ac:	70e2                	ld	ra,56(sp)
   167ae:	c940                	sw	s0,20(a0)
   167b0:	7442                	ld	s0,48(sp)
   167b2:	74a2                	ld	s1,40(sp)
   167b4:	7902                	ld	s2,32(sp)
   167b6:	69e2                	ld	s3,24(sp)
   167b8:	6a42                	ld	s4,16(sp)
   167ba:	6aa2                	ld	s5,8(sp)
   167bc:	6121                	addi	sp,sp,64
   167be:	8082                	ret
   167c0:	66e9                	lui	a3,0x1a
   167c2:	6569                	lui	a0,0x1a
   167c4:	fa868693          	addi	a3,a3,-88 # 19fa8 <__clzdi2+0x182>
   167c8:	00850513          	addi	a0,a0,8 # 1a008 <__clzdi2+0x1e2>
   167cc:	4601                	li	a2,0
   167ce:	16200593          	li	a1,354
   167d2:	775000ef          	jal	17746 <__assert_func>

00000000000167d6 <__pow5mult>:
   167d6:	7179                	addi	sp,sp,-48
   167d8:	f022                	sd	s0,32(sp)
   167da:	e84a                	sd	s2,16(sp)
   167dc:	e44e                	sd	s3,8(sp)
   167de:	f406                	sd	ra,40(sp)
   167e0:	00367793          	andi	a5,a2,3
   167e4:	8432                	mv	s0,a2
   167e6:	89aa                	mv	s3,a0
   167e8:	892e                	mv	s2,a1
   167ea:	e3d9                	bnez	a5,16870 <__pow5mult+0x9a>
   167ec:	4024541b          	sraiw	s0,s0,0x2
   167f0:	c82d                	beqz	s0,16862 <__pow5mult+0x8c>
   167f2:	ec26                	sd	s1,24(sp)
   167f4:	0609b483          	ld	s1,96(s3)
   167f8:	c8c1                	beqz	s1,16888 <__pow5mult+0xb2>
   167fa:	00147793          	andi	a5,s0,1
   167fe:	4014541b          	sraiw	s0,s0,0x1
   16802:	eb89                	bnez	a5,16814 <__pow5mult+0x3e>
   16804:	6088                	ld	a0,0(s1)
   16806:	cd0d                	beqz	a0,16840 <__pow5mult+0x6a>
   16808:	84aa                	mv	s1,a0
   1680a:	00147793          	andi	a5,s0,1
   1680e:	4014541b          	sraiw	s0,s0,0x1
   16812:	dbed                	beqz	a5,16804 <__pow5mult+0x2e>
   16814:	8626                	mv	a2,s1
   16816:	85ca                	mv	a1,s2
   16818:	854e                	mv	a0,s3
   1681a:	dd9ff0ef          	jal	165f2 <__multiply>
   1681e:	00090d63          	beqz	s2,16838 <__pow5mult+0x62>
   16822:	00892703          	lw	a4,8(s2)
   16826:	0689b783          	ld	a5,104(s3)
   1682a:	070e                	slli	a4,a4,0x3
   1682c:	97ba                	add	a5,a5,a4
   1682e:	6398                	ld	a4,0(a5)
   16830:	00e93023          	sd	a4,0(s2)
   16834:	0127b023          	sd	s2,0(a5)
   16838:	cc11                	beqz	s0,16854 <__pow5mult+0x7e>
   1683a:	892a                	mv	s2,a0
   1683c:	6088                	ld	a0,0(s1)
   1683e:	f569                	bnez	a0,16808 <__pow5mult+0x32>
   16840:	8626                	mv	a2,s1
   16842:	85a6                	mv	a1,s1
   16844:	854e                	mv	a0,s3
   16846:	dadff0ef          	jal	165f2 <__multiply>
   1684a:	e088                	sd	a0,0(s1)
   1684c:	00053023          	sd	zero,0(a0)
   16850:	84aa                	mv	s1,a0
   16852:	bf65                	j	1680a <__pow5mult+0x34>
   16854:	70a2                	ld	ra,40(sp)
   16856:	7402                	ld	s0,32(sp)
   16858:	64e2                	ld	s1,24(sp)
   1685a:	6942                	ld	s2,16(sp)
   1685c:	69a2                	ld	s3,8(sp)
   1685e:	6145                	addi	sp,sp,48
   16860:	8082                	ret
   16862:	70a2                	ld	ra,40(sp)
   16864:	7402                	ld	s0,32(sp)
   16866:	69a2                	ld	s3,8(sp)
   16868:	854a                	mv	a0,s2
   1686a:	6942                	ld	s2,16(sp)
   1686c:	6145                	addi	sp,sp,48
   1686e:	8082                	ret
   16870:	37fd                	addiw	a5,a5,-1
   16872:	6769                	lui	a4,0x1a
   16874:	46870713          	addi	a4,a4,1128 # 1a468 <p05.0>
   16878:	078a                	slli	a5,a5,0x2
   1687a:	97ba                	add	a5,a5,a4
   1687c:	4390                	lw	a2,0(a5)
   1687e:	4681                	li	a3,0
   16880:	9e3ff0ef          	jal	16262 <__multadd>
   16884:	892a                	mv	s2,a0
   16886:	b79d                	j	167ec <__pow5mult+0x16>
   16888:	4585                	li	a1,1
   1688a:	854e                	mv	a0,s3
   1688c:	955ff0ef          	jal	161e0 <_Balloc>
   16890:	84aa                	mv	s1,a0
   16892:	c919                	beqz	a0,168a8 <__pow5mult+0xd2>
   16894:	27100713          	li	a4,625
   16898:	4785                	li	a5,1
   1689a:	cd18                	sw	a4,24(a0)
   1689c:	c95c                	sw	a5,20(a0)
   1689e:	06a9b023          	sd	a0,96(s3)
   168a2:	00053023          	sd	zero,0(a0)
   168a6:	bf91                	j	167fa <__pow5mult+0x24>
   168a8:	66e9                	lui	a3,0x1a
   168aa:	6569                	lui	a0,0x1a
   168ac:	fa868693          	addi	a3,a3,-88 # 19fa8 <__clzdi2+0x182>
   168b0:	00850513          	addi	a0,a0,8 # 1a008 <__clzdi2+0x1e2>
   168b4:	4601                	li	a2,0
   168b6:	14500593          	li	a1,325
   168ba:	68d000ef          	jal	17746 <__assert_func>

00000000000168be <__lshift>:
   168be:	7139                	addi	sp,sp,-64
   168c0:	f426                	sd	s1,40(sp)
   168c2:	49c4                	lw	s1,20(a1)
   168c4:	45dc                	lw	a5,12(a1)
   168c6:	e852                	sd	s4,16(sp)
   168c8:	40565a1b          	sraiw	s4,a2,0x5
   168cc:	014484bb          	addw	s1,s1,s4
   168d0:	f822                	sd	s0,48(sp)
   168d2:	f04a                	sd	s2,32(sp)
   168d4:	ec4e                	sd	s3,24(sp)
   168d6:	0014871b          	addiw	a4,s1,1
   168da:	fc06                	sd	ra,56(sp)
   168dc:	842e                	mv	s0,a1
   168de:	892a                	mv	s2,a0
   168e0:	458c                	lw	a1,8(a1)
   168e2:	89ba                	mv	s3,a4
   168e4:	00e7d763          	bge	a5,a4,168f2 <__lshift+0x34>
   168e8:	0017979b          	slliw	a5,a5,0x1
   168ec:	2585                	addiw	a1,a1,1
   168ee:	fee7cde3          	blt	a5,a4,168e8 <__lshift+0x2a>
   168f2:	854a                	mv	a0,s2
   168f4:	e432                	sd	a2,8(sp)
   168f6:	8ebff0ef          	jal	161e0 <_Balloc>
   168fa:	6622                	ld	a2,8(sp)
   168fc:	c179                	beqz	a0,169c2 <__lshift+0x104>
   168fe:	01850593          	addi	a1,a0,24
   16902:	03405563          	blez	s4,1692c <__lshift+0x6e>
   16906:	0d0077d7          	vsetvli	a5,zero,e32,m1,ta,ma
   1690a:	5e0030d7          	vmv.v.i	v1,0
   1690e:	86d2                	mv	a3,s4
   16910:	872e                	mv	a4,a1
   16912:	0c66f7d7          	vsetvli	a5,a3,e8,mf4,ta,ma
   16916:	020760a7          	vse32.v	v1,(a4)
   1691a:	8e9d                	sub	a3,a3,a5
   1691c:	078a                	slli	a5,a5,0x2
   1691e:	973e                	add	a4,a4,a5
   16920:	faed                	bnez	a3,16912 <__lshift+0x54>
   16922:	020a1793          	slli	a5,s4,0x20
   16926:	01e7da13          	srli	s4,a5,0x1e
   1692a:	95d2                	add	a1,a1,s4
   1692c:	01442803          	lw	a6,20(s0)
   16930:	01840793          	addi	a5,s0,24
   16934:	8a7d                	andi	a2,a2,31
   16936:	080a                	slli	a6,a6,0x2
   16938:	983e                	add	a6,a6,a5
   1693a:	c62d                	beqz	a2,169a4 <__lshift+0xe6>
   1693c:	02000313          	li	t1,32
   16940:	40c3033b          	subw	t1,t1,a2
   16944:	88ae                	mv	a7,a1
   16946:	4681                	li	a3,0
   16948:	4398                	lw	a4,0(a5)
   1694a:	0891                	addi	a7,a7,4
   1694c:	0791                	addi	a5,a5,4
   1694e:	00c7173b          	sllw	a4,a4,a2
   16952:	8f55                	or	a4,a4,a3
   16954:	fee8ae23          	sw	a4,-4(a7)
   16958:	ffc7a683          	lw	a3,-4(a5)
   1695c:	0066d6bb          	srlw	a3,a3,t1
   16960:	ff07e4e3          	bltu	a5,a6,16948 <__lshift+0x8a>
   16964:	01940793          	addi	a5,s0,25
   16968:	4701                	li	a4,0
   1696a:	00f86763          	bltu	a6,a5,16978 <__lshift+0xba>
   1696e:	40880833          	sub	a6,a6,s0
   16972:	181d                	addi	a6,a6,-25
   16974:	ffc87713          	andi	a4,a6,-4
   16978:	95ba                	add	a1,a1,a4
   1697a:	c1d4                	sw	a3,4(a1)
   1697c:	e291                	bnez	a3,16980 <__lshift+0xc2>
   1697e:	89a6                	mv	s3,s1
   16980:	4418                	lw	a4,8(s0)
   16982:	06893783          	ld	a5,104(s2)
   16986:	01352a23          	sw	s3,20(a0)
   1698a:	070e                	slli	a4,a4,0x3
   1698c:	97ba                	add	a5,a5,a4
   1698e:	6398                	ld	a4,0(a5)
   16990:	70e2                	ld	ra,56(sp)
   16992:	74a2                	ld	s1,40(sp)
   16994:	e018                	sd	a4,0(s0)
   16996:	e380                	sd	s0,0(a5)
   16998:	7442                	ld	s0,48(sp)
   1699a:	7902                	ld	s2,32(sp)
   1699c:	69e2                	ld	s3,24(sp)
   1699e:	6a42                	ld	s4,16(sp)
   169a0:	6121                	addi	sp,sp,64
   169a2:	8082                	ret
   169a4:	4398                	lw	a4,0(a5)
   169a6:	0791                	addi	a5,a5,4
   169a8:	0591                	addi	a1,a1,4
   169aa:	fee5ae23          	sw	a4,-4(a1)
   169ae:	fd07f8e3          	bgeu	a5,a6,1697e <__lshift+0xc0>
   169b2:	4398                	lw	a4,0(a5)
   169b4:	0791                	addi	a5,a5,4
   169b6:	0591                	addi	a1,a1,4
   169b8:	fee5ae23          	sw	a4,-4(a1)
   169bc:	ff07e4e3          	bltu	a5,a6,169a4 <__lshift+0xe6>
   169c0:	bf7d                	j	1697e <__lshift+0xc0>
   169c2:	66e9                	lui	a3,0x1a
   169c4:	6569                	lui	a0,0x1a
   169c6:	fa868693          	addi	a3,a3,-88 # 19fa8 <__clzdi2+0x182>
   169ca:	00850513          	addi	a0,a0,8 # 1a008 <__clzdi2+0x1e2>
   169ce:	4601                	li	a2,0
   169d0:	1de00593          	li	a1,478
   169d4:	573000ef          	jal	17746 <__assert_func>

00000000000169d8 <__mcmp>:
   169d8:	49dc                	lw	a5,20(a1)
   169da:	862a                	mv	a2,a0
   169dc:	4948                	lw	a0,20(a0)
   169de:	9d1d                	subw	a0,a0,a5
   169e0:	e515                	bnez	a0,16a0c <__mcmp+0x34>
   169e2:	078a                	slli	a5,a5,0x2
   169e4:	0661                	addi	a2,a2,24
   169e6:	05e1                	addi	a1,a1,24
   169e8:	95be                	add	a1,a1,a5
   169ea:	97b2                	add	a5,a5,a2
   169ec:	a019                	j	169f2 <__mcmp+0x1a>
   169ee:	00f67f63          	bgeu	a2,a5,16a0c <__mcmp+0x34>
   169f2:	ffc7a683          	lw	a3,-4(a5)
   169f6:	ffc5a703          	lw	a4,-4(a1)
   169fa:	17f1                	addi	a5,a5,-4
   169fc:	15f1                	addi	a1,a1,-4
   169fe:	fee688e3          	beq	a3,a4,169ee <__mcmp+0x16>
   16a02:	4505                	li	a0,1
   16a04:	00e6f463          	bgeu	a3,a4,16a0c <__mcmp+0x34>
   16a08:	557d                	li	a0,-1
   16a0a:	8082                	ret
   16a0c:	8082                	ret

0000000000016a0e <__mdiff>:
   16a0e:	0145a883          	lw	a7,20(a1)
   16a12:	4a5c                	lw	a5,20(a2)
   16a14:	7179                	addi	sp,sp,-48
   16a16:	f406                	sd	ra,40(sp)
   16a18:	40f888bb          	subw	a7,a7,a5
   16a1c:	8f2e                	mv	t5,a1
   16a1e:	12089563          	bnez	a7,16b48 <__mdiff+0x13a>
   16a22:	00279693          	slli	a3,a5,0x2
   16a26:	01858813          	addi	a6,a1,24
   16a2a:	01860713          	addi	a4,a2,24
   16a2e:	00d807b3          	add	a5,a6,a3
   16a32:	9736                	add	a4,a4,a3
   16a34:	a019                	j	16a3a <__mdiff+0x2c>
   16a36:	12f87863          	bgeu	a6,a5,16b66 <__mdiff+0x158>
   16a3a:	ffc7a583          	lw	a1,-4(a5)
   16a3e:	ffc72683          	lw	a3,-4(a4)
   16a42:	17f1                	addi	a5,a5,-4
   16a44:	1771                	addi	a4,a4,-4
   16a46:	fed588e3          	beq	a1,a3,16a36 <__mdiff+0x28>
   16a4a:	12d5f963          	bgeu	a1,a3,16b7c <__mdiff+0x16e>
   16a4e:	4885                	li	a7,1
   16a50:	460c                	lw	a1,8(a2)
   16a52:	ec7a                	sd	t5,24(sp)
   16a54:	e846                	sd	a7,16(sp)
   16a56:	e432                	sd	a2,8(sp)
   16a58:	f88ff0ef          	jal	161e0 <_Balloc>
   16a5c:	6622                	ld	a2,8(sp)
   16a5e:	68c2                	ld	a7,16(sp)
   16a60:	6f62                	ld	t5,24(sp)
   16a62:	12050363          	beqz	a0,16b88 <__mdiff+0x17a>
   16a66:	014f2f83          	lw	t6,20(t5)
   16a6a:	01152823          	sw	a7,16(a0)
   16a6e:	01462883          	lw	a7,20(a2)
   16a72:	01860293          	addi	t0,a2,24
   16a76:	0f8a                	slli	t6,t6,0x2
   16a78:	00289813          	slli	a6,a7,0x2
   16a7c:	018f0313          	addi	t1,t5,24
   16a80:	01850393          	addi	t2,a0,24
   16a84:	9816                	add	a6,a6,t0
   16a86:	9f9a                	add	t6,t6,t1
   16a88:	8e96                	mv	t4,t0
   16a8a:	8e1e                	mv	t3,t2
   16a8c:	4781                	li	a5,0
   16a8e:	000ea683          	lw	a3,0(t4)
   16a92:	00032603          	lw	a2,0(t1)
   16a96:	0e11                	addi	t3,t3,4
   16a98:	03069713          	slli	a4,a3,0x30
   16a9c:	03061593          	slli	a1,a2,0x30
   16aa0:	9341                	srli	a4,a4,0x30
   16aa2:	91c1                	srli	a1,a1,0x30
   16aa4:	9f0d                	subw	a4,a4,a1
   16aa6:	9f3d                	addw	a4,a4,a5
   16aa8:	0106d69b          	srliw	a3,a3,0x10
   16aac:	0106561b          	srliw	a2,a2,0x10
   16ab0:	9e91                	subw	a3,a3,a2
   16ab2:	4107579b          	sraiw	a5,a4,0x10
   16ab6:	9fb5                	addw	a5,a5,a3
   16ab8:	1742                	slli	a4,a4,0x30
   16aba:	0107969b          	slliw	a3,a5,0x10
   16abe:	9341                	srli	a4,a4,0x30
   16ac0:	8ed9                	or	a3,a3,a4
   16ac2:	0311                	addi	t1,t1,4
   16ac4:	fede2e23          	sw	a3,-4(t3)
   16ac8:	0e91                	addi	t4,t4,4
   16aca:	4107d79b          	sraiw	a5,a5,0x10
   16ace:	fdf360e3          	bltu	t1,t6,16a8e <__mdiff+0x80>
   16ad2:	019f0613          	addi	a2,t5,25
   16ad6:	4701                	li	a4,0
   16ad8:	08cff163          	bgeu	t6,a2,16b5a <__mdiff+0x14c>
   16adc:	00e28eb3          	add	t4,t0,a4
   16ae0:	0e91                	addi	t4,t4,4
   16ae2:	971e                	add	a4,a4,t2
   16ae4:	40538e33          	sub	t3,t2,t0
   16ae8:	8676                	mv	a2,t4
   16aea:	00470f13          	addi	t5,a4,4
   16aee:	090efb63          	bgeu	t4,a6,16b84 <__mdiff+0x176>
   16af2:	4218                	lw	a4,0(a2)
   16af4:	01c60333          	add	t1,a2,t3
   16af8:	0611                	addi	a2,a2,4
   16afa:	03071693          	slli	a3,a4,0x30
   16afe:	92c1                	srli	a3,a3,0x30
   16b00:	00f705bb          	addw	a1,a4,a5
   16b04:	9fb5                	addw	a5,a5,a3
   16b06:	4107d79b          	sraiw	a5,a5,0x10
   16b0a:	0107571b          	srliw	a4,a4,0x10
   16b0e:	9f3d                	addw	a4,a4,a5
   16b10:	15c2                	slli	a1,a1,0x30
   16b12:	91c1                	srli	a1,a1,0x30
   16b14:	0107169b          	slliw	a3,a4,0x10
   16b18:	8ecd                	or	a3,a3,a1
   16b1a:	00d32023          	sw	a3,0(t1)
   16b1e:	4107579b          	sraiw	a5,a4,0x10
   16b22:	fd0668e3          	bltu	a2,a6,16af2 <__mdiff+0xe4>
   16b26:	fff80793          	addi	a5,a6,-1
   16b2a:	41d787b3          	sub	a5,a5,t4
   16b2e:	9bf1                	andi	a5,a5,-4
   16b30:	97fa                	add	a5,a5,t5
   16b32:	e691                	bnez	a3,16b3e <__mdiff+0x130>
   16b34:	ffc7a703          	lw	a4,-4(a5)
   16b38:	17f1                	addi	a5,a5,-4
   16b3a:	38fd                	addiw	a7,a7,-1
   16b3c:	df65                	beqz	a4,16b34 <__mdiff+0x126>
   16b3e:	70a2                	ld	ra,40(sp)
   16b40:	01152a23          	sw	a7,20(a0)
   16b44:	6145                	addi	sp,sp,48
   16b46:	8082                	ret
   16b48:	8746                	mv	a4,a7
   16b4a:	4885                	li	a7,1
   16b4c:	f00742e3          	bltz	a4,16a50 <__mdiff+0x42>
   16b50:	87b2                	mv	a5,a2
   16b52:	4881                	li	a7,0
   16b54:	862e                	mv	a2,a1
   16b56:	8f3e                	mv	t5,a5
   16b58:	bde5                	j	16a50 <__mdiff+0x42>
   16b5a:	41ef8fb3          	sub	t6,t6,t5
   16b5e:	1f9d                	addi	t6,t6,-25
   16b60:	ffcff713          	andi	a4,t6,-4
   16b64:	bfa5                	j	16adc <__mdiff+0xce>
   16b66:	4581                	li	a1,0
   16b68:	e78ff0ef          	jal	161e0 <_Balloc>
   16b6c:	c90d                	beqz	a0,16b9e <__mdiff+0x190>
   16b6e:	70a2                	ld	ra,40(sp)
   16b70:	4785                	li	a5,1
   16b72:	00052c23          	sw	zero,24(a0)
   16b76:	c95c                	sw	a5,20(a0)
   16b78:	6145                	addi	sp,sp,48
   16b7a:	8082                	ret
   16b7c:	87b2                	mv	a5,a2
   16b7e:	867a                	mv	a2,t5
   16b80:	8f3e                	mv	t5,a5
   16b82:	b5f9                	j	16a50 <__mdiff+0x42>
   16b84:	87ba                	mv	a5,a4
   16b86:	b775                	j	16b32 <__mdiff+0x124>
   16b88:	66e9                	lui	a3,0x1a
   16b8a:	6569                	lui	a0,0x1a
   16b8c:	fa868693          	addi	a3,a3,-88 # 19fa8 <__clzdi2+0x182>
   16b90:	00850513          	addi	a0,a0,8 # 1a008 <__clzdi2+0x1e2>
   16b94:	4601                	li	a2,0
   16b96:	24500593          	li	a1,581
   16b9a:	3ad000ef          	jal	17746 <__assert_func>
   16b9e:	66e9                	lui	a3,0x1a
   16ba0:	6569                	lui	a0,0x1a
   16ba2:	fa868693          	addi	a3,a3,-88 # 19fa8 <__clzdi2+0x182>
   16ba6:	00850513          	addi	a0,a0,8 # 1a008 <__clzdi2+0x1e2>
   16baa:	4601                	li	a2,0
   16bac:	23700593          	li	a1,567
   16bb0:	397000ef          	jal	17746 <__assert_func>

0000000000016bb4 <__ulp>:
   16bb4:	e20507d3          	fmv.x.d	a5,fa0
   16bb8:	7ff006b7          	lui	a3,0x7ff00
   16bbc:	fcc00737          	lui	a4,0xfcc00
   16bc0:	9381                	srli	a5,a5,0x20
   16bc2:	8ff5                	and	a5,a5,a3
   16bc4:	9fb9                	addw	a5,a5,a4
   16bc6:	4701                	li	a4,0
   16bc8:	00f05963          	blez	a5,16bda <__ulp+0x26>
   16bcc:	1702                	slli	a4,a4,0x20
   16bce:	9301                	srli	a4,a4,0x20
   16bd0:	1782                	slli	a5,a5,0x20
   16bd2:	8fd9                	or	a5,a5,a4
   16bd4:	f2078553          	fmv.d.x	fa0,a5
   16bd8:	8082                	ret
   16bda:	40f007bb          	negw	a5,a5
   16bde:	4147d79b          	sraiw	a5,a5,0x14
   16be2:	474d                	li	a4,19
   16be4:	00f74e63          	blt	a4,a5,16c00 <__ulp+0x4c>
   16be8:	00080737          	lui	a4,0x80
   16bec:	40f757bb          	sraw	a5,a4,a5
   16bf0:	4701                	li	a4,0
   16bf2:	1702                	slli	a4,a4,0x20
   16bf4:	9301                	srli	a4,a4,0x20
   16bf6:	1782                	slli	a5,a5,0x20
   16bf8:	8fd9                	or	a5,a5,a4
   16bfa:	f2078553          	fmv.d.x	fa0,a5
   16bfe:	8082                	ret
   16c00:	37b1                	addiw	a5,a5,-20
   16c02:	46f9                	li	a3,30
   16c04:	4705                	li	a4,1
   16c06:	00f6c663          	blt	a3,a5,16c12 <__ulp+0x5e>
   16c0a:	80000737          	lui	a4,0x80000
   16c0e:	00f7573b          	srlw	a4,a4,a5
   16c12:	4781                	li	a5,0
   16c14:	1702                	slli	a4,a4,0x20
   16c16:	9301                	srli	a4,a4,0x20
   16c18:	1782                	slli	a5,a5,0x20
   16c1a:	8fd9                	or	a5,a5,a4
   16c1c:	f2078553          	fmv.d.x	fa0,a5
   16c20:	8082                	ret

0000000000016c22 <__b2d>:
   16c22:	7139                	addi	sp,sp,-64
   16c24:	f822                	sd	s0,48(sp)
   16c26:	4940                	lw	s0,20(a0)
   16c28:	f04a                	sd	s2,32(sp)
   16c2a:	01850913          	addi	s2,a0,24
   16c2e:	040a                	slli	s0,s0,0x2
   16c30:	944a                	add	s0,s0,s2
   16c32:	f426                	sd	s1,40(sp)
   16c34:	ffc42483          	lw	s1,-4(s0)
   16c38:	ec4e                	sd	s3,24(sp)
   16c3a:	e42e                	sd	a1,8(sp)
   16c3c:	8526                	mv	a0,s1
   16c3e:	fc06                	sd	ra,56(sp)
   16c40:	ffeff0ef          	jal	1643e <__hi0bits>
   16c44:	65a2                	ld	a1,8(sp)
   16c46:	02000793          	li	a5,32
   16c4a:	40a7873b          	subw	a4,a5,a0
   16c4e:	c198                	sw	a4,0(a1)
   16c50:	4729                	li	a4,10
   16c52:	ffc40993          	addi	s3,s0,-4
   16c56:	06a75863          	bge	a4,a0,16cc6 <__b2d+0xa4>
   16c5a:	ff55061b          	addiw	a2,a0,-11
   16c5e:	03397d63          	bgeu	s2,s3,16c98 <__b2d+0x76>
   16c62:	ff842703          	lw	a4,-8(s0)
   16c66:	ce0d                	beqz	a2,16ca0 <__b2d+0x7e>
   16c68:	40c786bb          	subw	a3,a5,a2
   16c6c:	00d757bb          	srlw	a5,a4,a3
   16c70:	00c494bb          	sllw	s1,s1,a2
   16c74:	8cdd                	or	s1,s1,a5
   16c76:	3ff007b7          	lui	a5,0x3ff00
   16c7a:	8cdd                	or	s1,s1,a5
   16c7c:	00c7173b          	sllw	a4,a4,a2
   16c80:	ff840613          	addi	a2,s0,-8
   16c84:	02049793          	slli	a5,s1,0x20
   16c88:	02c97163          	bgeu	s2,a2,16caa <__b2d+0x88>
   16c8c:	ff442603          	lw	a2,-12(s0)
   16c90:	00d656bb          	srlw	a3,a2,a3
   16c94:	8f55                	or	a4,a4,a3
   16c96:	a811                	j	16caa <__b2d+0x88>
   16c98:	47ad                	li	a5,11
   16c9a:	4701                	li	a4,0
   16c9c:	04f51963          	bne	a0,a5,16cee <__b2d+0xcc>
   16ca0:	3ff007b7          	lui	a5,0x3ff00
   16ca4:	8cdd                	or	s1,s1,a5
   16ca6:	02049793          	slli	a5,s1,0x20
   16caa:	70e2                	ld	ra,56(sp)
   16cac:	7442                	ld	s0,48(sp)
   16cae:	1702                	slli	a4,a4,0x20
   16cb0:	9381                	srli	a5,a5,0x20
   16cb2:	9301                	srli	a4,a4,0x20
   16cb4:	1782                	slli	a5,a5,0x20
   16cb6:	8fd9                	or	a5,a5,a4
   16cb8:	74a2                	ld	s1,40(sp)
   16cba:	7902                	ld	s2,32(sp)
   16cbc:	69e2                	ld	s3,24(sp)
   16cbe:	f2078553          	fmv.d.x	fa0,a5
   16cc2:	6121                	addi	sp,sp,64
   16cc4:	8082                	ret
   16cc6:	46ad                	li	a3,11
   16cc8:	9e89                	subw	a3,a3,a0
   16cca:	3ff00737          	lui	a4,0x3ff00
   16cce:	00d4d7bb          	srlw	a5,s1,a3
   16cd2:	8fd9                	or	a5,a5,a4
   16cd4:	1782                	slli	a5,a5,0x20
   16cd6:	4701                	li	a4,0
   16cd8:	01397663          	bgeu	s2,s3,16ce4 <__b2d+0xc2>
   16cdc:	ff842703          	lw	a4,-8(s0)
   16ce0:	00d7573b          	srlw	a4,a4,a3
   16ce4:	2555                	addiw	a0,a0,21
   16ce6:	00a494bb          	sllw	s1,s1,a0
   16cea:	8f45                	or	a4,a4,s1
   16cec:	bf7d                	j	16caa <__b2d+0x88>
   16cee:	3ff007b7          	lui	a5,0x3ff00
   16cf2:	00c494bb          	sllw	s1,s1,a2
   16cf6:	8cdd                	or	s1,s1,a5
   16cf8:	02049793          	slli	a5,s1,0x20
   16cfc:	4701                	li	a4,0
   16cfe:	b775                	j	16caa <__b2d+0x88>

0000000000016d00 <__d2b>:
   16d00:	715d                	addi	sp,sp,-80
   16d02:	f44e                	sd	s3,40(sp)
   16d04:	89ae                	mv	s3,a1
   16d06:	4585                	li	a1,1
   16d08:	f84a                	sd	s2,48(sp)
   16d0a:	e486                	sd	ra,72(sp)
   16d0c:	e0a2                	sd	s0,64(sp)
   16d0e:	fc26                	sd	s1,56(sp)
   16d10:	8932                	mv	s2,a2
   16d12:	a42a                	fsd	fa0,8(sp)
   16d14:	cccff0ef          	jal	161e0 <_Balloc>
   16d18:	6722                	ld	a4,8(sp)
   16d1a:	c55d                	beqz	a0,16dc8 <__d2b+0xc8>
   16d1c:	02075793          	srli	a5,a4,0x20
   16d20:	001006b7          	lui	a3,0x100
   16d24:	0147d41b          	srliw	s0,a5,0x14
   16d28:	fff68613          	addi	a2,a3,-1 # fffff <__BSS_END__+0xe372f>
   16d2c:	8ff1                	and	a5,a5,a2
   16d2e:	7ff47413          	andi	s0,s0,2047
   16d32:	84aa                	mv	s1,a0
   16d34:	2781                	sext.w	a5,a5
   16d36:	c011                	beqz	s0,16d3a <__d2b+0x3a>
   16d38:	8fd5                	or	a5,a5,a3
   16d3a:	2701                	sext.w	a4,a4
   16d3c:	ce3e                	sw	a5,28(sp)
   16d3e:	ef15                	bnez	a4,16d7a <__d2b+0x7a>
   16d40:	0868                	addi	a0,sp,28
   16d42:	f64ff0ef          	jal	164a6 <__lo0bits>
   16d46:	4772                	lw	a4,28(sp)
   16d48:	4785                	li	a5,1
   16d4a:	c8dc                	sw	a5,20(s1)
   16d4c:	cc98                	sw	a4,24(s1)
   16d4e:	0205051b          	addiw	a0,a0,32
   16d52:	c831                	beqz	s0,16da6 <__d2b+0xa6>
   16d54:	bcd4041b          	addiw	s0,s0,-1075
   16d58:	9c29                	addw	s0,s0,a0
   16d5a:	03500793          	li	a5,53
   16d5e:	0089a023          	sw	s0,0(s3)
   16d62:	40a7853b          	subw	a0,a5,a0
   16d66:	60a6                	ld	ra,72(sp)
   16d68:	6406                	ld	s0,64(sp)
   16d6a:	00a92023          	sw	a0,0(s2)
   16d6e:	79a2                	ld	s3,40(sp)
   16d70:	7942                	ld	s2,48(sp)
   16d72:	8526                	mv	a0,s1
   16d74:	74e2                	ld	s1,56(sp)
   16d76:	6161                	addi	sp,sp,80
   16d78:	8082                	ret
   16d7a:	0828                	addi	a0,sp,24
   16d7c:	cc3a                	sw	a4,24(sp)
   16d7e:	f28ff0ef          	jal	164a6 <__lo0bits>
   16d82:	4772                	lw	a4,28(sp)
   16d84:	46e2                	lw	a3,24(sp)
   16d86:	c909                	beqz	a0,16d98 <__d2b+0x98>
   16d88:	02000793          	li	a5,32
   16d8c:	9f89                	subw	a5,a5,a0
   16d8e:	00f717bb          	sllw	a5,a4,a5
   16d92:	8edd                	or	a3,a3,a5
   16d94:	00a7573b          	srlw	a4,a4,a0
   16d98:	00e037b3          	snez	a5,a4
   16d9c:	0785                	addi	a5,a5,1 # 3ff00001 <__BSS_END__+0x3fee3731>
   16d9e:	cc94                	sw	a3,24(s1)
   16da0:	ccd8                	sw	a4,28(s1)
   16da2:	c8dc                	sw	a5,20(s1)
   16da4:	f845                	bnez	s0,16d54 <__d2b+0x54>
   16da6:	00279713          	slli	a4,a5,0x2
   16daa:	bce5051b          	addiw	a0,a0,-1074
   16dae:	00a9a023          	sw	a0,0(s3)
   16db2:	9726                	add	a4,a4,s1
   16db4:	4b48                	lw	a0,20(a4)
   16db6:	e43e                	sd	a5,8(sp)
   16db8:	e86ff0ef          	jal	1643e <__hi0bits>
   16dbc:	67a2                	ld	a5,8(sp)
   16dbe:	0057979b          	slliw	a5,a5,0x5
   16dc2:	40a7853b          	subw	a0,a5,a0
   16dc6:	b745                	j	16d66 <__d2b+0x66>
   16dc8:	66e9                	lui	a3,0x1a
   16dca:	6569                	lui	a0,0x1a
   16dcc:	fa868693          	addi	a3,a3,-88 # 19fa8 <__clzdi2+0x182>
   16dd0:	00850513          	addi	a0,a0,8 # 1a008 <__clzdi2+0x1e2>
   16dd4:	4601                	li	a2,0
   16dd6:	30f00593          	li	a1,783
   16dda:	16d000ef          	jal	17746 <__assert_func>

0000000000016dde <__ratio>:
   16dde:	7139                	addi	sp,sp,-64
   16de0:	f822                	sd	s0,48(sp)
   16de2:	842e                	mv	s0,a1
   16de4:	082c                	addi	a1,sp,24
   16de6:	fc06                	sd	ra,56(sp)
   16de8:	f426                	sd	s1,40(sp)
   16dea:	f04a                	sd	s2,32(sp)
   16dec:	84aa                	mv	s1,a0
   16dee:	e35ff0ef          	jal	16c22 <__b2d>
   16df2:	e2050753          	fmv.x.d	a4,fa0
   16df6:	086c                	addi	a1,sp,28
   16df8:	8522                	mv	a0,s0
   16dfa:	893a                	mv	s2,a4
   16dfc:	a42a                	fsd	fa0,8(sp)
   16dfe:	e25ff0ef          	jal	16c22 <__b2d>
   16e02:	4854                	lw	a3,20(s0)
   16e04:	48d0                	lw	a2,20(s1)
   16e06:	47e2                	lw	a5,24(sp)
   16e08:	45f2                	lw	a1,28(sp)
   16e0a:	9e15                	subw	a2,a2,a3
   16e0c:	0056161b          	slliw	a2,a2,0x5
   16e10:	9f8d                	subw	a5,a5,a1
   16e12:	9fb1                	addw	a5,a5,a2
   16e14:	e20506d3          	fmv.x.d	a3,fa0
   16e18:	6722                	ld	a4,8(sp)
   16e1a:	02f05863          	blez	a5,16e4a <__ratio+0x6c>
   16e1e:	9301                	srli	a4,a4,0x20
   16e20:	0147979b          	slliw	a5,a5,0x14
   16e24:	9fb9                	addw	a5,a5,a4
   16e26:	02091613          	slli	a2,s2,0x20
   16e2a:	9201                	srli	a2,a2,0x20
   16e2c:	1782                	slli	a5,a5,0x20
   16e2e:	00f66733          	or	a4,a2,a5
   16e32:	70e2                	ld	ra,56(sp)
   16e34:	7442                	ld	s0,48(sp)
   16e36:	f20707d3          	fmv.d.x	fa5,a4
   16e3a:	f2068753          	fmv.d.x	fa4,a3
   16e3e:	74a2                	ld	s1,40(sp)
   16e40:	7902                	ld	s2,32(sp)
   16e42:	1ae7f553          	fdiv.d	fa0,fa5,fa4
   16e46:	6121                	addi	sp,sp,64
   16e48:	8082                	ret
   16e4a:	40f007bb          	negw	a5,a5
   16e4e:	02069613          	slli	a2,a3,0x20
   16e52:	0147979b          	slliw	a5,a5,0x14
   16e56:	9281                	srli	a3,a3,0x20
   16e58:	9fb5                	addw	a5,a5,a3
   16e5a:	9201                	srli	a2,a2,0x20
   16e5c:	1782                	slli	a5,a5,0x20
   16e5e:	00f666b3          	or	a3,a2,a5
   16e62:	bfc1                	j	16e32 <__ratio+0x54>

0000000000016e64 <_mprec_log10>:
   16e64:	47dd                	li	a5,23
   16e66:	00a7db63          	bge	a5,a0,16e7c <_mprec_log10+0x18>
   16e6a:	1c81b507          	fld	fa0,456(gp) # 1c298 <__SDATA_BEGIN__+0x30>
   16e6e:	1e01b787          	fld	fa5,480(gp) # 1c2b0 <__SDATA_BEGIN__+0x48>
   16e72:	357d                	addiw	a0,a0,-1
   16e74:	12f57553          	fmul.d	fa0,fa0,fa5
   16e78:	fd6d                	bnez	a0,16e72 <_mprec_log10+0xe>
   16e7a:	8082                	ret
   16e7c:	67e9                	lui	a5,0x1a
   16e7e:	050e                	slli	a0,a0,0x3
   16e80:	4c878793          	addi	a5,a5,1224 # 1a4c8 <__mprec_tens>
   16e84:	97aa                	add	a5,a5,a0
   16e86:	2388                	fld	fa0,0(a5)
   16e88:	8082                	ret

0000000000016e8a <__copybits>:
   16e8a:	4a58                	lw	a4,20(a2)
   16e8c:	fff5879b          	addiw	a5,a1,-1
   16e90:	4057d79b          	sraiw	a5,a5,0x5
   16e94:	00271593          	slli	a1,a4,0x2
   16e98:	2785                	addiw	a5,a5,1
   16e9a:	01860713          	addi	a4,a2,24
   16e9e:	078a                	slli	a5,a5,0x2
   16ea0:	95ba                	add	a1,a1,a4
   16ea2:	97aa                	add	a5,a5,a0
   16ea4:	02b77063          	bgeu	a4,a1,16ec4 <__copybits+0x3a>
   16ea8:	86aa                	mv	a3,a0
   16eaa:	00072803          	lw	a6,0(a4) # 3ff00000 <__BSS_END__+0x3fee3730>
   16eae:	0711                	addi	a4,a4,4
   16eb0:	0691                	addi	a3,a3,4
   16eb2:	ff06ae23          	sw	a6,-4(a3)
   16eb6:	feb76ae3          	bltu	a4,a1,16eaa <__copybits+0x20>
   16eba:	8d91                	sub	a1,a1,a2
   16ebc:	159d                	addi	a1,a1,-25
   16ebe:	99f1                	andi	a1,a1,-4
   16ec0:	0511                	addi	a0,a0,4
   16ec2:	952e                	add	a0,a0,a1
   16ec4:	02f57263          	bgeu	a0,a5,16ee8 <__copybits+0x5e>
   16ec8:	17fd                	addi	a5,a5,-1
   16eca:	0d007757          	vsetvli	a4,zero,e32,m1,ta,ma
   16ece:	8f89                	sub	a5,a5,a0
   16ed0:	5e0030d7          	vmv.v.i	v1,0
   16ed4:	8389                	srli	a5,a5,0x2
   16ed6:	0785                	addi	a5,a5,1
   16ed8:	0c67f757          	vsetvli	a4,a5,e8,mf4,ta,ma
   16edc:	020560a7          	vse32.v	v1,(a0)
   16ee0:	8f99                	sub	a5,a5,a4
   16ee2:	070a                	slli	a4,a4,0x2
   16ee4:	953a                	add	a0,a0,a4
   16ee6:	fbed                	bnez	a5,16ed8 <__copybits+0x4e>
   16ee8:	8082                	ret

0000000000016eea <__any_on>:
   16eea:	4958                	lw	a4,20(a0)
   16eec:	4055d61b          	sraiw	a2,a1,0x5
   16ef0:	01850693          	addi	a3,a0,24
   16ef4:	00c75d63          	bge	a4,a2,16f0e <__any_on+0x24>
   16ef8:	070a                	slli	a4,a4,0x2
   16efa:	00e687b3          	add	a5,a3,a4
   16efe:	02f6f863          	bgeu	a3,a5,16f2e <__any_on+0x44>
   16f02:	ffc7a703          	lw	a4,-4(a5)
   16f06:	17f1                	addi	a5,a5,-4
   16f08:	db7d                	beqz	a4,16efe <__any_on+0x14>
   16f0a:	4505                	li	a0,1
   16f0c:	8082                	ret
   16f0e:	00261793          	slli	a5,a2,0x2
   16f12:	97b6                	add	a5,a5,a3
   16f14:	fee655e3          	bge	a2,a4,16efe <__any_on+0x14>
   16f18:	89fd                	andi	a1,a1,31
   16f1a:	d1f5                	beqz	a1,16efe <__any_on+0x14>
   16f1c:	4390                	lw	a2,0(a5)
   16f1e:	4505                	li	a0,1
   16f20:	00b6573b          	srlw	a4,a2,a1
   16f24:	00b7173b          	sllw	a4,a4,a1
   16f28:	fcc70be3          	beq	a4,a2,16efe <__any_on+0x14>
   16f2c:	8082                	ret
   16f2e:	4501                	li	a0,0
   16f30:	8082                	ret

0000000000016f32 <_realloc_r>:
   16f32:	16058663          	beqz	a1,1709e <_realloc_r+0x16c>
   16f36:	7139                	addi	sp,sp,-64
   16f38:	f822                	sd	s0,48(sp)
   16f3a:	f426                	sd	s1,40(sp)
   16f3c:	842e                	mv	s0,a1
   16f3e:	fc06                	sd	ra,56(sp)
   16f40:	84aa                	mv	s1,a0
   16f42:	e032                	sd	a2,0(sp)
   16f44:	de3f90ef          	jal	10d26 <__malloc_lock>
   16f48:	6582                	ld	a1,0(sp)
   16f4a:	02e00713          	li	a4,46
   16f4e:	01758793          	addi	a5,a1,23
   16f52:	0ef77563          	bgeu	a4,a5,1703c <_realloc_r+0x10a>
   16f56:	4705                	li	a4,1
   16f58:	9bc1                	andi	a5,a5,-16
   16f5a:	077e                	slli	a4,a4,0x1f
   16f5c:	00e7b733          	sltu	a4,a5,a4
   16f60:	00174713          	xori	a4,a4,1
   16f64:	16b7e263          	bltu	a5,a1,170c8 <_realloc_r+0x196>
   16f68:	16071063          	bnez	a4,170c8 <_realloc_r+0x196>
   16f6c:	ff843683          	ld	a3,-8(s0)
   16f70:	ff040613          	addi	a2,s0,-16
   16f74:	ffc6f713          	andi	a4,a3,-4
   16f78:	0cf75d63          	bge	a4,a5,17052 <_realloc_r+0x120>
   16f7c:	656d                	lui	a0,0x1b
   16f7e:	74050e93          	addi	t4,a0,1856 # 1b740 <__malloc_av_>
   16f82:	010eb883          	ld	a7,16(t4)
   16f86:	00e60833          	add	a6,a2,a4
   16f8a:	00883503          	ld	a0,8(a6)
   16f8e:	15088663          	beq	a7,a6,170da <_realloc_r+0x1a8>
   16f92:	ffe57893          	andi	a7,a0,-2
   16f96:	98c2                	add	a7,a7,a6
   16f98:	0088b883          	ld	a7,8(a7)
   16f9c:	0018f893          	andi	a7,a7,1
   16fa0:	0e089463          	bnez	a7,17088 <_realloc_r+0x156>
   16fa4:	9971                	andi	a0,a0,-4
   16fa6:	00a708b3          	add	a7,a4,a0
   16faa:	08f8dd63          	bge	a7,a5,17044 <_realloc_r+0x112>
   16fae:	8a85                	andi	a3,a3,1
   16fb0:	e28d                	bnez	a3,16fd2 <_realloc_r+0xa0>
   16fb2:	ff043303          	ld	t1,-16(s0)
   16fb6:	40660333          	sub	t1,a2,t1
   16fba:	00833883          	ld	a7,8(t1)
   16fbe:	ffc8f893          	andi	a7,a7,-4
   16fc2:	9546                	add	a0,a0,a7
   16fc4:	00e506b3          	add	a3,a0,a4
   16fc8:	22f6dd63          	bge	a3,a5,17202 <_realloc_r+0x2d0>
   16fcc:	98ba                	add	a7,a7,a4
   16fce:	1cf8da63          	bge	a7,a5,171a2 <_realloc_r+0x270>
   16fd2:	8526                	mv	a0,s1
   16fd4:	e83a                	sd	a4,16(sp)
   16fd6:	e432                	sd	a2,8(sp)
   16fd8:	e03e                	sd	a5,0(sp)
   16fda:	ed0f90ef          	jal	106aa <_malloc_r>
   16fde:	6782                	ld	a5,0(sp)
   16fe0:	6622                	ld	a2,8(sp)
   16fe2:	6742                	ld	a4,16(sp)
   16fe4:	86aa                	mv	a3,a0
   16fe6:	30050363          	beqz	a0,172ec <_realloc_r+0x3ba>
   16fea:	ff843583          	ld	a1,-8(s0)
   16fee:	ff050813          	addi	a6,a0,-16
   16ff2:	99f9                	andi	a1,a1,-2
   16ff4:	95b2                	add	a1,a1,a2
   16ff6:	19058463          	beq	a1,a6,1717e <_realloc_r+0x24c>
   16ffa:	ff870613          	addi	a2,a4,-8
   16ffe:	04800793          	li	a5,72
   17002:	1ec7ea63          	bltu	a5,a2,171f6 <_realloc_r+0x2c4>
   17006:	02700713          	li	a4,39
   1700a:	16c76f63          	bltu	a4,a2,17188 <_realloc_r+0x256>
   1700e:	87aa                	mv	a5,a0
   17010:	8722                	mv	a4,s0
   17012:	6310                	ld	a2,0(a4)
   17014:	e390                	sd	a2,0(a5)
   17016:	6710                	ld	a2,8(a4)
   17018:	e790                	sd	a2,8(a5)
   1701a:	6b18                	ld	a4,16(a4)
   1701c:	eb98                	sd	a4,16(a5)
   1701e:	85a2                	mv	a1,s0
   17020:	8526                	mv	a0,s1
   17022:	e036                	sd	a3,0(sp)
   17024:	bb1fa0ef          	jal	11bd4 <_free_r>
   17028:	8526                	mv	a0,s1
   1702a:	cfff90ef          	jal	10d28 <__malloc_unlock>
   1702e:	6682                	ld	a3,0(sp)
   17030:	70e2                	ld	ra,56(sp)
   17032:	7442                	ld	s0,48(sp)
   17034:	74a2                	ld	s1,40(sp)
   17036:	8536                	mv	a0,a3
   17038:	6121                	addi	sp,sp,64
   1703a:	8082                	ret
   1703c:	4701                	li	a4,0
   1703e:	02000793          	li	a5,32
   17042:	b70d                	j	16f64 <_realloc_r+0x32>
   17044:	01883683          	ld	a3,24(a6)
   17048:	01083583          	ld	a1,16(a6)
   1704c:	8746                	mv	a4,a7
   1704e:	ed94                	sd	a3,24(a1)
   17050:	ea8c                	sd	a1,16(a3)
   17052:	6614                	ld	a3,8(a2)
   17054:	40f70533          	sub	a0,a4,a5
   17058:	45fd                	li	a1,31
   1705a:	8a85                	andi	a3,a3,1
   1705c:	00e60833          	add	a6,a2,a4
   17060:	04a5e263          	bltu	a1,a0,170a4 <_realloc_r+0x172>
   17064:	8ed9                	or	a3,a3,a4
   17066:	e614                	sd	a3,8(a2)
   17068:	00883783          	ld	a5,8(a6)
   1706c:	0017e793          	ori	a5,a5,1
   17070:	00f83423          	sd	a5,8(a6)
   17074:	8526                	mv	a0,s1
   17076:	cb3f90ef          	jal	10d28 <__malloc_unlock>
   1707a:	86a2                	mv	a3,s0
   1707c:	70e2                	ld	ra,56(sp)
   1707e:	7442                	ld	s0,48(sp)
   17080:	74a2                	ld	s1,40(sp)
   17082:	8536                	mv	a0,a3
   17084:	6121                	addi	sp,sp,64
   17086:	8082                	ret
   17088:	8a85                	andi	a3,a3,1
   1708a:	f6a1                	bnez	a3,16fd2 <_realloc_r+0xa0>
   1708c:	ff043303          	ld	t1,-16(s0)
   17090:	40660333          	sub	t1,a2,t1
   17094:	00833883          	ld	a7,8(t1)
   17098:	ffc8f893          	andi	a7,a7,-4
   1709c:	bf05                	j	16fcc <_realloc_r+0x9a>
   1709e:	85b2                	mv	a1,a2
   170a0:	e0af906f          	j	106aa <_malloc_r>
   170a4:	8edd                	or	a3,a3,a5
   170a6:	e614                	sd	a3,8(a2)
   170a8:	00156513          	ori	a0,a0,1
   170ac:	963e                	add	a2,a2,a5
   170ae:	e608                	sd	a0,8(a2)
   170b0:	00883783          	ld	a5,8(a6)
   170b4:	01060593          	addi	a1,a2,16
   170b8:	8526                	mv	a0,s1
   170ba:	0017e793          	ori	a5,a5,1
   170be:	00f83423          	sd	a5,8(a6)
   170c2:	b13fa0ef          	jal	11bd4 <_free_r>
   170c6:	b77d                	j	17074 <_realloc_r+0x142>
   170c8:	47b1                	li	a5,12
   170ca:	c09c                	sw	a5,0(s1)
   170cc:	4681                	li	a3,0
   170ce:	70e2                	ld	ra,56(sp)
   170d0:	7442                	ld	s0,48(sp)
   170d2:	74a2                	ld	s1,40(sp)
   170d4:	8536                	mv	a0,a3
   170d6:	6121                	addi	sp,sp,64
   170d8:	8082                	ret
   170da:	9971                	andi	a0,a0,-4
   170dc:	00e50833          	add	a6,a0,a4
   170e0:	02078e13          	addi	t3,a5,32
   170e4:	1bc85763          	bge	a6,t3,17292 <_realloc_r+0x360>
   170e8:	8a85                	andi	a3,a3,1
   170ea:	ee0694e3          	bnez	a3,16fd2 <_realloc_r+0xa0>
   170ee:	ff043303          	ld	t1,-16(s0)
   170f2:	40660333          	sub	t1,a2,t1
   170f6:	00833883          	ld	a7,8(t1)
   170fa:	ffc8f893          	andi	a7,a7,-4
   170fe:	9546                	add	a0,a0,a7
   17100:	00e50833          	add	a6,a0,a4
   17104:	edc844e3          	blt	a6,t3,16fcc <_realloc_r+0x9a>
   17108:	01833683          	ld	a3,24(t1)
   1710c:	01033583          	ld	a1,16(t1)
   17110:	ff870613          	addi	a2,a4,-8
   17114:	04800713          	li	a4,72
   17118:	ed94                	sd	a3,24(a1)
   1711a:	ea8c                	sd	a1,16(a3)
   1711c:	01030693          	addi	a3,t1,16
   17120:	20c76363          	bltu	a4,a2,17326 <_realloc_r+0x3f4>
   17124:	02700593          	li	a1,39
   17128:	8736                	mv	a4,a3
   1712a:	00c5ff63          	bgeu	a1,a2,17148 <_realloc_r+0x216>
   1712e:	600c                	ld	a1,0(s0)
   17130:	03700713          	li	a4,55
   17134:	00b33823          	sd	a1,16(t1)
   17138:	640c                	ld	a1,8(s0)
   1713a:	00b33c23          	sd	a1,24(t1)
   1713e:	22c76063          	bltu	a4,a2,1735e <_realloc_r+0x42c>
   17142:	0441                	addi	s0,s0,16
   17144:	02030713          	addi	a4,t1,32
   17148:	6010                	ld	a2,0(s0)
   1714a:	e310                	sd	a2,0(a4)
   1714c:	6410                	ld	a2,8(s0)
   1714e:	e710                	sd	a2,8(a4)
   17150:	6810                	ld	a2,16(s0)
   17152:	eb10                	sd	a2,16(a4)
   17154:	00f30633          	add	a2,t1,a5
   17158:	40f80733          	sub	a4,a6,a5
   1715c:	00ceb823          	sd	a2,16(t4)
   17160:	00176713          	ori	a4,a4,1
   17164:	e618                	sd	a4,8(a2)
   17166:	00833703          	ld	a4,8(t1)
   1716a:	8526                	mv	a0,s1
   1716c:	e036                	sd	a3,0(sp)
   1716e:	8b05                	andi	a4,a4,1
   17170:	8fd9                	or	a5,a5,a4
   17172:	00f33423          	sd	a5,8(t1)
   17176:	bb3f90ef          	jal	10d28 <__malloc_unlock>
   1717a:	6682                	ld	a3,0(sp)
   1717c:	b701                	j	1707c <_realloc_r+0x14a>
   1717e:	ff853683          	ld	a3,-8(a0)
   17182:	9af1                	andi	a3,a3,-4
   17184:	9736                	add	a4,a4,a3
   17186:	b5f1                	j	17052 <_realloc_r+0x120>
   17188:	600c                	ld	a1,0(s0)
   1718a:	03700713          	li	a4,55
   1718e:	e10c                	sd	a1,0(a0)
   17190:	640c                	ld	a1,8(s0)
   17192:	e50c                	sd	a1,8(a0)
   17194:	0cc76763          	bltu	a4,a2,17262 <_realloc_r+0x330>
   17198:	01040713          	addi	a4,s0,16
   1719c:	01050793          	addi	a5,a0,16
   171a0:	bd8d                	j	17012 <_realloc_r+0xe0>
   171a2:	01833683          	ld	a3,24(t1)
   171a6:	01033583          	ld	a1,16(t1)
   171aa:	ff870613          	addi	a2,a4,-8
   171ae:	04800513          	li	a0,72
   171b2:	ed94                	sd	a3,24(a1)
   171b4:	ea8c                	sd	a1,16(a3)
   171b6:	01030693          	addi	a3,t1,16
   171ba:	0ac56f63          	bltu	a0,a2,17278 <_realloc_r+0x346>
   171be:	02700593          	li	a1,39
   171c2:	8736                	mv	a4,a3
   171c4:	00c5ff63          	bgeu	a1,a2,171e2 <_realloc_r+0x2b0>
   171c8:	600c                	ld	a1,0(s0)
   171ca:	03700713          	li	a4,55
   171ce:	00b33823          	sd	a1,16(t1)
   171d2:	640c                	ld	a1,8(s0)
   171d4:	00b33c23          	sd	a1,24(t1)
   171d8:	0ec76d63          	bltu	a4,a2,172d2 <_realloc_r+0x3a0>
   171dc:	0441                	addi	s0,s0,16
   171de:	02030713          	addi	a4,t1,32
   171e2:	6010                	ld	a2,0(s0)
   171e4:	e310                	sd	a2,0(a4)
   171e6:	6410                	ld	a2,8(s0)
   171e8:	e710                	sd	a2,8(a4)
   171ea:	6810                	ld	a2,16(s0)
   171ec:	eb10                	sd	a2,16(a4)
   171ee:	8436                	mv	s0,a3
   171f0:	8746                	mv	a4,a7
   171f2:	861a                	mv	a2,t1
   171f4:	bdb9                	j	17052 <_realloc_r+0x120>
   171f6:	85a2                	mv	a1,s0
   171f8:	e02a                	sd	a0,0(sp)
   171fa:	e50fd0ef          	jal	1484a <memmove>
   171fe:	6682                	ld	a3,0(sp)
   17200:	bd39                	j	1701e <_realloc_r+0xec>
   17202:	01883583          	ld	a1,24(a6)
   17206:	01083503          	ld	a0,16(a6)
   1720a:	ff870613          	addi	a2,a4,-8
   1720e:	04800893          	li	a7,72
   17212:	ed0c                	sd	a1,24(a0)
   17214:	e988                	sd	a0,16(a1)
   17216:	01833703          	ld	a4,24(t1)
   1721a:	01033583          	ld	a1,16(t1)
   1721e:	01030813          	addi	a6,t1,16
   17222:	ed98                	sd	a4,24(a1)
   17224:	eb0c                	sd	a1,16(a4)
   17226:	08c8e963          	bltu	a7,a2,172b8 <_realloc_r+0x386>
   1722a:	02700593          	li	a1,39
   1722e:	8742                	mv	a4,a6
   17230:	00c5ff63          	bgeu	a1,a2,1724e <_realloc_r+0x31c>
   17234:	600c                	ld	a1,0(s0)
   17236:	03700713          	li	a4,55
   1723a:	00b33823          	sd	a1,16(t1)
   1723e:	640c                	ld	a1,8(s0)
   17240:	00b33c23          	sd	a1,24(t1)
   17244:	0cc76263          	bltu	a4,a2,17308 <_realloc_r+0x3d6>
   17248:	0441                	addi	s0,s0,16
   1724a:	02030713          	addi	a4,t1,32
   1724e:	6010                	ld	a2,0(s0)
   17250:	e310                	sd	a2,0(a4)
   17252:	6410                	ld	a2,8(s0)
   17254:	e710                	sd	a2,8(a4)
   17256:	6810                	ld	a2,16(s0)
   17258:	eb10                	sd	a2,16(a4)
   1725a:	8442                	mv	s0,a6
   1725c:	8736                	mv	a4,a3
   1725e:	861a                	mv	a2,t1
   17260:	bbcd                	j	17052 <_realloc_r+0x120>
   17262:	6818                	ld	a4,16(s0)
   17264:	e918                	sd	a4,16(a0)
   17266:	6c18                	ld	a4,24(s0)
   17268:	ed18                	sd	a4,24(a0)
   1726a:	08f60663          	beq	a2,a5,172f6 <_realloc_r+0x3c4>
   1726e:	02040713          	addi	a4,s0,32
   17272:	02050793          	addi	a5,a0,32
   17276:	bb71                	j	17012 <_realloc_r+0xe0>
   17278:	8536                	mv	a0,a3
   1727a:	85a2                	mv	a1,s0
   1727c:	ec1a                	sd	t1,24(sp)
   1727e:	e83e                	sd	a5,16(sp)
   17280:	e446                	sd	a7,8(sp)
   17282:	e036                	sd	a3,0(sp)
   17284:	dc6fd0ef          	jal	1484a <memmove>
   17288:	6362                	ld	t1,24(sp)
   1728a:	67c2                	ld	a5,16(sp)
   1728c:	68a2                	ld	a7,8(sp)
   1728e:	6682                	ld	a3,0(sp)
   17290:	bfb9                	j	171ee <_realloc_r+0x2bc>
   17292:	963e                	add	a2,a2,a5
   17294:	40f80733          	sub	a4,a6,a5
   17298:	00ceb823          	sd	a2,16(t4)
   1729c:	00176713          	ori	a4,a4,1
   172a0:	e618                	sd	a4,8(a2)
   172a2:	ff843703          	ld	a4,-8(s0)
   172a6:	8526                	mv	a0,s1
   172a8:	8b05                	andi	a4,a4,1
   172aa:	8fd9                	or	a5,a5,a4
   172ac:	fef43c23          	sd	a5,-8(s0)
   172b0:	a79f90ef          	jal	10d28 <__malloc_unlock>
   172b4:	86a2                	mv	a3,s0
   172b6:	b3d9                	j	1707c <_realloc_r+0x14a>
   172b8:	8542                	mv	a0,a6
   172ba:	85a2                	mv	a1,s0
   172bc:	ec1a                	sd	t1,24(sp)
   172be:	e83e                	sd	a5,16(sp)
   172c0:	e436                	sd	a3,8(sp)
   172c2:	e042                	sd	a6,0(sp)
   172c4:	d86fd0ef          	jal	1484a <memmove>
   172c8:	6802                	ld	a6,0(sp)
   172ca:	66a2                	ld	a3,8(sp)
   172cc:	67c2                	ld	a5,16(sp)
   172ce:	6362                	ld	t1,24(sp)
   172d0:	b769                	j	1725a <_realloc_r+0x328>
   172d2:	6818                	ld	a4,16(s0)
   172d4:	02e33023          	sd	a4,32(t1)
   172d8:	6c18                	ld	a4,24(s0)
   172da:	02e33423          	sd	a4,40(t1)
   172de:	06a60463          	beq	a2,a0,17346 <_realloc_r+0x414>
   172e2:	02040413          	addi	s0,s0,32
   172e6:	03030713          	addi	a4,t1,48
   172ea:	bde5                	j	171e2 <_realloc_r+0x2b0>
   172ec:	8526                	mv	a0,s1
   172ee:	a3bf90ef          	jal	10d28 <__malloc_unlock>
   172f2:	4681                	li	a3,0
   172f4:	bbe9                	j	170ce <_realloc_r+0x19c>
   172f6:	7010                	ld	a2,32(s0)
   172f8:	03040713          	addi	a4,s0,48
   172fc:	03050793          	addi	a5,a0,48
   17300:	f110                	sd	a2,32(a0)
   17302:	7410                	ld	a2,40(s0)
   17304:	f510                	sd	a2,40(a0)
   17306:	b331                	j	17012 <_realloc_r+0xe0>
   17308:	680c                	ld	a1,16(s0)
   1730a:	04800713          	li	a4,72
   1730e:	02b33023          	sd	a1,32(t1)
   17312:	6c0c                	ld	a1,24(s0)
   17314:	02b33423          	sd	a1,40(t1)
   17318:	06e60263          	beq	a2,a4,1737c <_realloc_r+0x44a>
   1731c:	02040413          	addi	s0,s0,32
   17320:	03030713          	addi	a4,t1,48
   17324:	b72d                	j	1724e <_realloc_r+0x31c>
   17326:	8536                	mv	a0,a3
   17328:	85a2                	mv	a1,s0
   1732a:	ec1a                	sd	t1,24(sp)
   1732c:	e83e                	sd	a5,16(sp)
   1732e:	e442                	sd	a6,8(sp)
   17330:	e036                	sd	a3,0(sp)
   17332:	d18fd0ef          	jal	1484a <memmove>
   17336:	67ed                	lui	a5,0x1b
   17338:	74078e93          	addi	t4,a5,1856 # 1b740 <__malloc_av_>
   1733c:	6362                	ld	t1,24(sp)
   1733e:	67c2                	ld	a5,16(sp)
   17340:	6822                	ld	a6,8(sp)
   17342:	6682                	ld	a3,0(sp)
   17344:	bd01                	j	17154 <_realloc_r+0x222>
   17346:	7010                	ld	a2,32(s0)
   17348:	04030713          	addi	a4,t1,64
   1734c:	03040413          	addi	s0,s0,48
   17350:	02c33823          	sd	a2,48(t1)
   17354:	ff843603          	ld	a2,-8(s0)
   17358:	02c33c23          	sd	a2,56(t1)
   1735c:	b559                	j	171e2 <_realloc_r+0x2b0>
   1735e:	680c                	ld	a1,16(s0)
   17360:	04800713          	li	a4,72
   17364:	02b33023          	sd	a1,32(t1)
   17368:	6c0c                	ld	a1,24(s0)
   1736a:	02b33423          	sd	a1,40(t1)
   1736e:	02e60363          	beq	a2,a4,17394 <_realloc_r+0x462>
   17372:	02040413          	addi	s0,s0,32
   17376:	03030713          	addi	a4,t1,48
   1737a:	b3f9                	j	17148 <_realloc_r+0x216>
   1737c:	7010                	ld	a2,32(s0)
   1737e:	04030713          	addi	a4,t1,64
   17382:	03040413          	addi	s0,s0,48
   17386:	02c33823          	sd	a2,48(t1)
   1738a:	ff843603          	ld	a2,-8(s0)
   1738e:	02c33c23          	sd	a2,56(t1)
   17392:	bd75                	j	1724e <_realloc_r+0x31c>
   17394:	7010                	ld	a2,32(s0)
   17396:	04030713          	addi	a4,t1,64
   1739a:	03040413          	addi	s0,s0,48
   1739e:	02c33823          	sd	a2,48(t1)
   173a2:	ff843603          	ld	a2,-8(s0)
   173a6:	02c33c23          	sd	a2,56(t1)
   173aa:	bb79                	j	17148 <_realloc_r+0x216>

00000000000173ac <__smakebuf_r>:
   173ac:	01059703          	lh	a4,16(a1)
   173b0:	00277793          	andi	a5,a4,2
   173b4:	cb81                	beqz	a5,173c4 <__smakebuf_r+0x18>
   173b6:	07758793          	addi	a5,a1,119
   173ba:	4705                	li	a4,1
   173bc:	e19c                	sd	a5,0(a1)
   173be:	ed9c                	sd	a5,24(a1)
   173c0:	d198                	sw	a4,32(a1)
   173c2:	8082                	ret
   173c4:	87ae                	mv	a5,a1
   173c6:	01259583          	lh	a1,18(a1)
   173ca:	7135                	addi	sp,sp,-160
   173cc:	e922                	sd	s0,144(sp)
   173ce:	ed06                	sd	ra,152(sp)
   173d0:	842a                	mv	s0,a0
   173d2:	0605c863          	bltz	a1,17442 <__smakebuf_r+0x96>
   173d6:	0830                	addi	a2,sp,24
   173d8:	e03e                	sd	a5,0(sp)
   173da:	212000ef          	jal	175ec <_fstat_r>
   173de:	6782                	ld	a5,0(sp)
   173e0:	04054f63          	bltz	a0,1743e <__smakebuf_r+0x92>
   173e4:	40000593          	li	a1,1024
   173e8:	8522                	mv	a0,s0
   173ea:	e526                	sd	s1,136(sp)
   173ec:	e03e                	sd	a5,0(sp)
   173ee:	44f2                	lw	s1,28(sp)
   173f0:	abaf90ef          	jal	106aa <_malloc_r>
   173f4:	6782                	ld	a5,0(sp)
   173f6:	01079703          	lh	a4,16(a5)
   173fa:	c159                	beqz	a0,17480 <__smakebuf_r+0xd4>
   173fc:	40000693          	li	a3,1024
   17400:	08076713          	ori	a4,a4,128
   17404:	d394                	sw	a3,32(a5)
   17406:	40c4d693          	srai	a3,s1,0xc
   1740a:	00e79823          	sh	a4,16(a5)
   1740e:	e388                	sd	a0,0(a5)
   17410:	ef88                	sd	a0,24(a5)
   17412:	8abd                	andi	a3,a3,15
   17414:	4609                	li	a2,2
   17416:	08c69563          	bne	a3,a2,174a0 <__smakebuf_r+0xf4>
   1741a:	01279583          	lh	a1,18(a5)
   1741e:	8522                	mv	a0,s0
   17420:	e03e                	sd	a5,0(sp)
   17422:	204000ef          	jal	17626 <_isatty_r>
   17426:	6782                	ld	a5,0(sp)
   17428:	01079703          	lh	a4,16(a5)
   1742c:	c935                	beqz	a0,174a0 <__smakebuf_r+0xf4>
   1742e:	9b71                	andi	a4,a4,-4
   17430:	6685                	lui	a3,0x1
   17432:	64aa                	ld	s1,136(sp)
   17434:	00176713          	ori	a4,a4,1
   17438:	80068693          	addi	a3,a3,-2048 # 800 <exit-0xf920>
   1743c:	a805                	j	1746c <__smakebuf_r+0xc0>
   1743e:	01079703          	lh	a4,16(a5)
   17442:	08077713          	andi	a4,a4,128
   17446:	40000593          	li	a1,1024
   1744a:	eb05                	bnez	a4,1747a <__smakebuf_r+0xce>
   1744c:	8522                	mv	a0,s0
   1744e:	e43e                	sd	a5,8(sp)
   17450:	e02e                	sd	a1,0(sp)
   17452:	a58f90ef          	jal	106aa <_malloc_r>
   17456:	67a2                	ld	a5,8(sp)
   17458:	6582                	ld	a1,0(sp)
   1745a:	01079703          	lh	a4,16(a5)
   1745e:	c115                	beqz	a0,17482 <__smakebuf_r+0xd6>
   17460:	08076713          	ori	a4,a4,128
   17464:	e388                	sd	a0,0(a5)
   17466:	ef88                	sd	a0,24(a5)
   17468:	d38c                	sw	a1,32(a5)
   1746a:	4681                	li	a3,0
   1746c:	8f55                	or	a4,a4,a3
   1746e:	00e79823          	sh	a4,16(a5)
   17472:	60ea                	ld	ra,152(sp)
   17474:	644a                	ld	s0,144(sp)
   17476:	610d                	addi	sp,sp,160
   17478:	8082                	ret
   1747a:	04000593          	li	a1,64
   1747e:	b7f9                	j	1744c <__smakebuf_r+0xa0>
   17480:	64aa                	ld	s1,136(sp)
   17482:	20077693          	andi	a3,a4,512
   17486:	f6f5                	bnez	a3,17472 <__smakebuf_r+0xc6>
   17488:	9b71                	andi	a4,a4,-4
   1748a:	07778693          	addi	a3,a5,119
   1748e:	00276713          	ori	a4,a4,2
   17492:	4605                	li	a2,1
   17494:	00e79823          	sh	a4,16(a5)
   17498:	e394                	sd	a3,0(a5)
   1749a:	ef94                	sd	a3,24(a5)
   1749c:	d390                	sw	a2,32(a5)
   1749e:	bfd1                	j	17472 <__smakebuf_r+0xc6>
   174a0:	6685                	lui	a3,0x1
   174a2:	64aa                	ld	s1,136(sp)
   174a4:	80068693          	addi	a3,a3,-2048 # 800 <exit-0xf920>
   174a8:	b7d1                	j	1746c <__smakebuf_r+0xc0>

00000000000174aa <__swhatbuf_r>:
   174aa:	87ae                	mv	a5,a1
   174ac:	01259583          	lh	a1,18(a1)
   174b0:	8732                	mv	a4,a2
   174b2:	0405ce63          	bltz	a1,1750e <__swhatbuf_r+0x64>
   174b6:	7135                	addi	sp,sp,-160
   174b8:	e832                	sd	a2,16(sp)
   174ba:	1030                	addi	a2,sp,40
   174bc:	ec36                	sd	a3,24(sp)
   174be:	e43e                	sd	a5,8(sp)
   174c0:	ed06                	sd	ra,152(sp)
   174c2:	12a000ef          	jal	175ec <_fstat_r>
   174c6:	67a2                	ld	a5,8(sp)
   174c8:	6742                	ld	a4,16(sp)
   174ca:	66e2                	ld	a3,24(sp)
   174cc:	02054363          	bltz	a0,174f2 <__swhatbuf_r+0x48>
   174d0:	57b2                	lw	a5,44(sp)
   174d2:	65bd                	lui	a1,0xf
   174d4:	6609                	lui	a2,0x2
   174d6:	8fed                	and	a5,a5,a1
   174d8:	8f91                	sub	a5,a5,a2
   174da:	60ea                	ld	ra,152(sp)
   174dc:	0017b793          	seqz	a5,a5
   174e0:	c29c                	sw	a5,0(a3)
   174e2:	40000613          	li	a2,1024
   174e6:	6505                	lui	a0,0x1
   174e8:	e310                	sd	a2,0(a4)
   174ea:	80050513          	addi	a0,a0,-2048 # 800 <exit-0xf920>
   174ee:	610d                	addi	sp,sp,160
   174f0:	8082                	ret
   174f2:	0107d783          	lhu	a5,16(a5)
   174f6:	0807f793          	andi	a5,a5,128
   174fa:	c78d                	beqz	a5,17524 <__swhatbuf_r+0x7a>
   174fc:	60ea                	ld	ra,152(sp)
   174fe:	4781                	li	a5,0
   17500:	c29c                	sw	a5,0(a3)
   17502:	04000613          	li	a2,64
   17506:	e310                	sd	a2,0(a4)
   17508:	4501                	li	a0,0
   1750a:	610d                	addi	sp,sp,160
   1750c:	8082                	ret
   1750e:	0107d783          	lhu	a5,16(a5)
   17512:	0807f793          	andi	a5,a5,128
   17516:	ef99                	bnez	a5,17534 <__swhatbuf_r+0x8a>
   17518:	40000613          	li	a2,1024
   1751c:	c29c                	sw	a5,0(a3)
   1751e:	4501                	li	a0,0
   17520:	e310                	sd	a2,0(a4)
   17522:	8082                	ret
   17524:	60ea                	ld	ra,152(sp)
   17526:	c29c                	sw	a5,0(a3)
   17528:	40000613          	li	a2,1024
   1752c:	e310                	sd	a2,0(a4)
   1752e:	4501                	li	a0,0
   17530:	610d                	addi	sp,sp,160
   17532:	8082                	ret
   17534:	4781                	li	a5,0
   17536:	04000613          	li	a2,64
   1753a:	c29c                	sw	a5,0(a3)
   1753c:	4501                	li	a0,0
   1753e:	e310                	sd	a2,0(a4)
   17540:	8082                	ret

0000000000017542 <_setlocale_r>:
   17542:	c21d                	beqz	a2,17568 <_setlocale_r+0x26>
   17544:	65e9                	lui	a1,0x1a
   17546:	1101                	addi	sp,sp,-32
   17548:	05858593          	addi	a1,a1,88 # 1a058 <__clzdi2+0x232>
   1754c:	8532                	mv	a0,a2
   1754e:	e822                	sd	s0,16(sp)
   17550:	ec06                	sd	ra,24(sp)
   17552:	8432                	mv	s0,a2
   17554:	108000ef          	jal	1765c <strcmp>
   17558:	67e9                	lui	a5,0x1a
   1755a:	e919                	bnez	a0,17570 <_setlocale_r+0x2e>
   1755c:	05078513          	addi	a0,a5,80 # 1a050 <__clzdi2+0x22a>
   17560:	60e2                	ld	ra,24(sp)
   17562:	6442                	ld	s0,16(sp)
   17564:	6105                	addi	sp,sp,32
   17566:	8082                	ret
   17568:	67e9                	lui	a5,0x1a
   1756a:	05078513          	addi	a0,a5,80 # 1a050 <__clzdi2+0x22a>
   1756e:	8082                	ret
   17570:	05078593          	addi	a1,a5,80
   17574:	8522                	mv	a0,s0
   17576:	e43e                	sd	a5,8(sp)
   17578:	0e4000ef          	jal	1765c <strcmp>
   1757c:	67a2                	ld	a5,8(sp)
   1757e:	dd79                	beqz	a0,1755c <_setlocale_r+0x1a>
   17580:	65e9                	lui	a1,0x1a
   17582:	8522                	mv	a0,s0
   17584:	f1858593          	addi	a1,a1,-232 # 19f18 <__clzdi2+0xf2>
   17588:	0d4000ef          	jal	1765c <strcmp>
   1758c:	67a2                	ld	a5,8(sp)
   1758e:	d579                	beqz	a0,1755c <_setlocale_r+0x1a>
   17590:	4501                	li	a0,0
   17592:	b7f9                	j	17560 <_setlocale_r+0x1e>

0000000000017594 <__locale_mb_cur_max>:
   17594:	1501c503          	lbu	a0,336(gp) # 1c220 <__global_pointer$+0x150>
   17598:	8082                	ret

000000000001759a <setlocale>:
   1759a:	c19d                	beqz	a1,175c0 <setlocale+0x26>
   1759c:	1101                	addi	sp,sp,-32
   1759e:	e822                	sd	s0,16(sp)
   175a0:	852e                	mv	a0,a1
   175a2:	842e                	mv	s0,a1
   175a4:	65e9                	lui	a1,0x1a
   175a6:	05858593          	addi	a1,a1,88 # 1a058 <__clzdi2+0x232>
   175aa:	ec06                	sd	ra,24(sp)
   175ac:	0b0000ef          	jal	1765c <strcmp>
   175b0:	67e9                	lui	a5,0x1a
   175b2:	e919                	bnez	a0,175c8 <setlocale+0x2e>
   175b4:	05078513          	addi	a0,a5,80 # 1a050 <__clzdi2+0x22a>
   175b8:	60e2                	ld	ra,24(sp)
   175ba:	6442                	ld	s0,16(sp)
   175bc:	6105                	addi	sp,sp,32
   175be:	8082                	ret
   175c0:	67e9                	lui	a5,0x1a
   175c2:	05078513          	addi	a0,a5,80 # 1a050 <__clzdi2+0x22a>
   175c6:	8082                	ret
   175c8:	05078593          	addi	a1,a5,80
   175cc:	8522                	mv	a0,s0
   175ce:	e43e                	sd	a5,8(sp)
   175d0:	08c000ef          	jal	1765c <strcmp>
   175d4:	67a2                	ld	a5,8(sp)
   175d6:	dd79                	beqz	a0,175b4 <setlocale+0x1a>
   175d8:	65e9                	lui	a1,0x1a
   175da:	8522                	mv	a0,s0
   175dc:	f1858593          	addi	a1,a1,-232 # 19f18 <__clzdi2+0xf2>
   175e0:	07c000ef          	jal	1765c <strcmp>
   175e4:	67a2                	ld	a5,8(sp)
   175e6:	d579                	beqz	a0,175b4 <setlocale+0x1a>
   175e8:	4501                	li	a0,0
   175ea:	b7f9                	j	175b8 <setlocale+0x1e>

00000000000175ec <_fstat_r>:
   175ec:	1101                	addi	sp,sp,-32
   175ee:	87ae                	mv	a5,a1
   175f0:	e822                	sd	s0,16(sp)
   175f2:	e426                	sd	s1,8(sp)
   175f4:	85b2                	mv	a1,a2
   175f6:	84aa                	mv	s1,a0
   175f8:	853e                	mv	a0,a5
   175fa:	ec06                	sd	ra,24(sp)
   175fc:	2401ac23          	sw	zero,600(gp) # 1c328 <errno>
   17600:	44e010ef          	jal	18a4e <_fstat>
   17604:	57fd                	li	a5,-1
   17606:	00f50763          	beq	a0,a5,17614 <_fstat_r+0x28>
   1760a:	60e2                	ld	ra,24(sp)
   1760c:	6442                	ld	s0,16(sp)
   1760e:	64a2                	ld	s1,8(sp)
   17610:	6105                	addi	sp,sp,32
   17612:	8082                	ret
   17614:	2581a783          	lw	a5,600(gp) # 1c328 <errno>
   17618:	dbed                	beqz	a5,1760a <_fstat_r+0x1e>
   1761a:	60e2                	ld	ra,24(sp)
   1761c:	6442                	ld	s0,16(sp)
   1761e:	c09c                	sw	a5,0(s1)
   17620:	64a2                	ld	s1,8(sp)
   17622:	6105                	addi	sp,sp,32
   17624:	8082                	ret

0000000000017626 <_isatty_r>:
   17626:	1101                	addi	sp,sp,-32
   17628:	e822                	sd	s0,16(sp)
   1762a:	e426                	sd	s1,8(sp)
   1762c:	84aa                	mv	s1,a0
   1762e:	852e                	mv	a0,a1
   17630:	ec06                	sd	ra,24(sp)
   17632:	2401ac23          	sw	zero,600(gp) # 1c328 <errno>
   17636:	45e010ef          	jal	18a94 <_isatty>
   1763a:	57fd                	li	a5,-1
   1763c:	00f50763          	beq	a0,a5,1764a <_isatty_r+0x24>
   17640:	60e2                	ld	ra,24(sp)
   17642:	6442                	ld	s0,16(sp)
   17644:	64a2                	ld	s1,8(sp)
   17646:	6105                	addi	sp,sp,32
   17648:	8082                	ret
   1764a:	2581a783          	lw	a5,600(gp) # 1c328 <errno>
   1764e:	dbed                	beqz	a5,17640 <_isatty_r+0x1a>
   17650:	60e2                	ld	ra,24(sp)
   17652:	6442                	ld	s0,16(sp)
   17654:	c09c                	sw	a5,0(s1)
   17656:	64a2                	ld	s1,8(sp)
   17658:	6105                	addi	sp,sp,32
   1765a:	8082                	ret

000000000001765c <strcmp>:
   1765c:	00b56733          	or	a4,a0,a1
   17660:	53fd                	li	t2,-1
   17662:	8b1d                	andi	a4,a4,7
   17664:	eb4d                	bnez	a4,17716 <strcmp+0xba>
   17666:	00005797          	auipc	a5,0x5
   1766a:	c6a7b783          	ld	a5,-918(a5) # 1c2d0 <mask>
   1766e:	6110                	ld	a2,0(a0)
   17670:	6194                	ld	a3,0(a1)
   17672:	00f672b3          	and	t0,a2,a5
   17676:	00f66333          	or	t1,a2,a5
   1767a:	92be                	add	t0,t0,a5
   1767c:	0062e2b3          	or	t0,t0,t1
   17680:	0a729963          	bne	t0,t2,17732 <strcmp+0xd6>
   17684:	02d61e63          	bne	a2,a3,176c0 <strcmp+0x64>
   17688:	6510                	ld	a2,8(a0)
   1768a:	6594                	ld	a3,8(a1)
   1768c:	00f672b3          	and	t0,a2,a5
   17690:	00f66333          	or	t1,a2,a5
   17694:	92be                	add	t0,t0,a5
   17696:	0062e2b3          	or	t0,t0,t1
   1769a:	08729a63          	bne	t0,t2,1772e <strcmp+0xd2>
   1769e:	02d61163          	bne	a2,a3,176c0 <strcmp+0x64>
   176a2:	6910                	ld	a2,16(a0)
   176a4:	6994                	ld	a3,16(a1)
   176a6:	00f672b3          	and	t0,a2,a5
   176aa:	00f66333          	or	t1,a2,a5
   176ae:	92be                	add	t0,t0,a5
   176b0:	0062e2b3          	or	t0,t0,t1
   176b4:	08729363          	bne	t0,t2,1773a <strcmp+0xde>
   176b8:	0561                	addi	a0,a0,24
   176ba:	05e1                	addi	a1,a1,24
   176bc:	fad609e3          	beq	a2,a3,1766e <strcmp+0x12>
   176c0:	03061713          	slli	a4,a2,0x30
   176c4:	03069793          	slli	a5,a3,0x30
   176c8:	02f71863          	bne	a4,a5,176f8 <strcmp+0x9c>
   176cc:	02061713          	slli	a4,a2,0x20
   176d0:	02069793          	slli	a5,a3,0x20
   176d4:	02f71263          	bne	a4,a5,176f8 <strcmp+0x9c>
   176d8:	01061713          	slli	a4,a2,0x10
   176dc:	01069793          	slli	a5,a3,0x10
   176e0:	00f71c63          	bne	a4,a5,176f8 <strcmp+0x9c>
   176e4:	03065713          	srli	a4,a2,0x30
   176e8:	0306d793          	srli	a5,a3,0x30
   176ec:	40f70533          	sub	a0,a4,a5
   176f0:	0ff57593          	zext.b	a1,a0
   176f4:	e991                	bnez	a1,17708 <strcmp+0xac>
   176f6:	8082                	ret
   176f8:	9341                	srli	a4,a4,0x30
   176fa:	93c1                	srli	a5,a5,0x30
   176fc:	40f70533          	sub	a0,a4,a5
   17700:	0ff57593          	zext.b	a1,a0
   17704:	e191                	bnez	a1,17708 <strcmp+0xac>
   17706:	8082                	ret
   17708:	0ff77713          	zext.b	a4,a4
   1770c:	0ff7f793          	zext.b	a5,a5
   17710:	40f70533          	sub	a0,a4,a5
   17714:	8082                	ret
   17716:	00054603          	lbu	a2,0(a0)
   1771a:	0005c683          	lbu	a3,0(a1)
   1771e:	0505                	addi	a0,a0,1
   17720:	0585                	addi	a1,a1,1
   17722:	00d61363          	bne	a2,a3,17728 <strcmp+0xcc>
   17726:	fa65                	bnez	a2,17716 <strcmp+0xba>
   17728:	40d60533          	sub	a0,a2,a3
   1772c:	8082                	ret
   1772e:	0521                	addi	a0,a0,8
   17730:	05a1                	addi	a1,a1,8
   17732:	fed612e3          	bne	a2,a3,17716 <strcmp+0xba>
   17736:	4501                	li	a0,0
   17738:	8082                	ret
   1773a:	0541                	addi	a0,a0,16
   1773c:	05c1                	addi	a1,a1,16
   1773e:	fcd61ce3          	bne	a2,a3,17716 <strcmp+0xba>
   17742:	4501                	li	a0,0
   17744:	8082                	ret

0000000000017746 <__assert_func>:
   17746:	2281b783          	ld	a5,552(gp) # 1c2f8 <_impure_ptr>
   1774a:	1141                	addi	sp,sp,-16
   1774c:	8832                	mv	a6,a2
   1774e:	e406                	sd	ra,8(sp)
   17750:	832a                	mv	t1,a0
   17752:	872e                	mv	a4,a1
   17754:	6f88                	ld	a0,24(a5)
   17756:	8636                	mv	a2,a3
   17758:	00080d63          	beqz	a6,17772 <__assert_func+0x2c>
   1775c:	67e9                	lui	a5,0x1a
   1775e:	06878793          	addi	a5,a5,104 # 1a068 <__clzdi2+0x242>
   17762:	65e9                	lui	a1,0x1a
   17764:	869a                	mv	a3,t1
   17766:	07858593          	addi	a1,a1,120 # 1a078 <__clzdi2+0x252>
   1776a:	148000ef          	jal	178b2 <fiprintf>
   1776e:	73d000ef          	jal	186aa <abort>
   17772:	67e9                	lui	a5,0x1a
   17774:	f1878793          	addi	a5,a5,-232 # 19f18 <__clzdi2+0xf2>
   17778:	883e                	mv	a6,a5
   1777a:	b7e5                	j	17762 <__assert_func+0x1c>

000000000001777c <__assert>:
   1777c:	1141                	addi	sp,sp,-16
   1777e:	86b2                	mv	a3,a2
   17780:	4601                	li	a2,0
   17782:	e406                	sd	ra,8(sp)
   17784:	fc3ff0ef          	jal	17746 <__assert_func>

0000000000017788 <_calloc_r>:
   17788:	02c5b7b3          	mulhu	a5,a1,a2
   1778c:	1101                	addi	sp,sp,-32
   1778e:	ec06                	sd	ra,24(sp)
   17790:	02c585b3          	mul	a1,a1,a2
   17794:	ebad                	bnez	a5,17806 <_calloc_r+0x7e>
   17796:	f15f80ef          	jal	106aa <_malloc_r>
   1779a:	87aa                	mv	a5,a0
   1779c:	c92d                	beqz	a0,1780e <_calloc_r+0x86>
   1779e:	ff853603          	ld	a2,-8(a0)
   177a2:	04800713          	li	a4,72
   177a6:	9a71                	andi	a2,a2,-4
   177a8:	1661                	addi	a2,a2,-8 # 1ff8 <exit-0xe128>
   177aa:	02c76963          	bltu	a4,a2,177dc <_calloc_r+0x54>
   177ae:	cd817057          	vsetivli	zero,2,e64,m1,ta,ma
   177b2:	02700693          	li	a3,39
   177b6:	5e0030d7          	vmv.v.i	v1,0
   177ba:	02c6fa63          	bgeu	a3,a2,177ee <_calloc_r+0x66>
   177be:	020570a7          	vse64.v	v1,(a0)
   177c2:	03700693          	li	a3,55
   177c6:	02c6fd63          	bgeu	a3,a2,17800 <_calloc_r+0x78>
   177ca:	01050693          	addi	a3,a0,16
   177ce:	0206f0a7          	vse64.v	v1,(a3)
   177d2:	04e60363          	beq	a2,a4,17818 <_calloc_r+0x90>
   177d6:	02050713          	addi	a4,a0,32
   177da:	a819                	j	177f0 <_calloc_r+0x68>
   177dc:	4581                	li	a1,0
   177de:	e42a                	sd	a0,8(sp)
   177e0:	9a6fa0ef          	jal	11986 <memset>
   177e4:	67a2                	ld	a5,8(sp)
   177e6:	60e2                	ld	ra,24(sp)
   177e8:	853e                	mv	a0,a5
   177ea:	6105                	addi	sp,sp,32
   177ec:	8082                	ret
   177ee:	872a                	mv	a4,a0
   177f0:	020770a7          	vse64.v	v1,(a4)
   177f4:	60e2                	ld	ra,24(sp)
   177f6:	00073823          	sd	zero,16(a4)
   177fa:	853e                	mv	a0,a5
   177fc:	6105                	addi	sp,sp,32
   177fe:	8082                	ret
   17800:	01050713          	addi	a4,a0,16
   17804:	b7f5                	j	177f0 <_calloc_r+0x68>
   17806:	918fa0ef          	jal	1191e <__errno>
   1780a:	47b1                	li	a5,12
   1780c:	c11c                	sw	a5,0(a0)
   1780e:	60e2                	ld	ra,24(sp)
   17810:	4781                	li	a5,0
   17812:	853e                	mv	a0,a5
   17814:	6105                	addi	sp,sp,32
   17816:	8082                	ret
   17818:	02050713          	addi	a4,a0,32
   1781c:	020770a7          	vse64.v	v1,(a4)
   17820:	03050713          	addi	a4,a0,48
   17824:	b7f1                	j	177f0 <_calloc_r+0x68>

0000000000017826 <_mbtowc_r>:
   17826:	0d81b783          	ld	a5,216(gp) # 1c1a8 <__global_pointer$+0xd8>
   1782a:	8782                	jr	a5

000000000001782c <__ascii_mbtowc>:
   1782c:	c999                	beqz	a1,17842 <__ascii_mbtowc+0x16>
   1782e:	c61d                	beqz	a2,1785c <__ascii_mbtowc+0x30>
   17830:	ca95                	beqz	a3,17864 <__ascii_mbtowc+0x38>
   17832:	00064783          	lbu	a5,0(a2)
   17836:	c19c                	sw	a5,0(a1)
   17838:	00064503          	lbu	a0,0(a2)
   1783c:	00a03533          	snez	a0,a0
   17840:	8082                	ret
   17842:	1141                	addi	sp,sp,-16
   17844:	006c                	addi	a1,sp,12
   17846:	ce09                	beqz	a2,17860 <__ascii_mbtowc+0x34>
   17848:	c285                	beqz	a3,17868 <__ascii_mbtowc+0x3c>
   1784a:	00064783          	lbu	a5,0(a2)
   1784e:	c19c                	sw	a5,0(a1)
   17850:	00064503          	lbu	a0,0(a2)
   17854:	00a03533          	snez	a0,a0
   17858:	0141                	addi	sp,sp,16
   1785a:	8082                	ret
   1785c:	4501                	li	a0,0
   1785e:	8082                	ret
   17860:	4501                	li	a0,0
   17862:	bfdd                	j	17858 <__ascii_mbtowc+0x2c>
   17864:	5579                	li	a0,-2
   17866:	8082                	ret
   17868:	5579                	li	a0,-2
   1786a:	b7fd                	j	17858 <__ascii_mbtowc+0x2c>

000000000001786c <_wctomb_r>:
   1786c:	0d01b783          	ld	a5,208(gp) # 1c1a0 <__global_pointer$+0xd0>
   17870:	8782                	jr	a5

0000000000017872 <__ascii_wctomb>:
   17872:	cd91                	beqz	a1,1788e <__ascii_wctomb+0x1c>
   17874:	0ff00793          	li	a5,255
   17878:	00c7e663          	bltu	a5,a2,17884 <__ascii_wctomb+0x12>
   1787c:	00c58023          	sb	a2,0(a1)
   17880:	4505                	li	a0,1
   17882:	8082                	ret
   17884:	08a00793          	li	a5,138
   17888:	c11c                	sw	a5,0(a0)
   1788a:	557d                	li	a0,-1
   1788c:	8082                	ret
   1788e:	4501                	li	a0,0
   17890:	8082                	ret

0000000000017892 <_fiprintf_r>:
   17892:	715d                	addi	sp,sp,-80
   17894:	02810313          	addi	t1,sp,40
   17898:	f436                	sd	a3,40(sp)
   1789a:	869a                	mv	a3,t1
   1789c:	ec06                	sd	ra,24(sp)
   1789e:	f83a                	sd	a4,48(sp)
   178a0:	fc3e                	sd	a5,56(sp)
   178a2:	e0c2                	sd	a6,64(sp)
   178a4:	e4c6                	sd	a7,72(sp)
   178a6:	e41a                	sd	t1,8(sp)
   178a8:	038000ef          	jal	178e0 <_vfiprintf_r>
   178ac:	60e2                	ld	ra,24(sp)
   178ae:	6161                	addi	sp,sp,80
   178b0:	8082                	ret

00000000000178b2 <fiprintf>:
   178b2:	715d                	addi	sp,sp,-80
   178b4:	8eaa                	mv	t4,a0
   178b6:	2281b503          	ld	a0,552(gp) # 1c2f8 <_impure_ptr>
   178ba:	8e2e                	mv	t3,a1
   178bc:	02010313          	addi	t1,sp,32
   178c0:	f032                	sd	a2,32(sp)
   178c2:	f436                	sd	a3,40(sp)
   178c4:	85f6                	mv	a1,t4
   178c6:	8672                	mv	a2,t3
   178c8:	869a                	mv	a3,t1
   178ca:	ec06                	sd	ra,24(sp)
   178cc:	f83a                	sd	a4,48(sp)
   178ce:	fc3e                	sd	a5,56(sp)
   178d0:	e0c2                	sd	a6,64(sp)
   178d2:	e4c6                	sd	a7,72(sp)
   178d4:	e41a                	sd	t1,8(sp)
   178d6:	00a000ef          	jal	178e0 <_vfiprintf_r>
   178da:	60e2                	ld	ra,24(sp)
   178dc:	6161                	addi	sp,sp,80
   178de:	8082                	ret

00000000000178e0 <_vfiprintf_r>:
   178e0:	7145                	addi	sp,sp,-464
   178e2:	fb4a                	sd	s2,432(sp)
   178e4:	e362                	sd	s8,384(sp)
   178e6:	f6ee                	sd	s11,360(sp)
   178e8:	e786                	sd	ra,456(sp)
   178ea:	e02a                	sd	a0,0(sp)
   178ec:	8db2                	mv	s11,a2
   178ee:	8c36                	mv	s8,a3
   178f0:	892e                	mv	s2,a1
   178f2:	c501                	beqz	a0,178fa <_vfiprintf_r+0x1a>
   178f4:	653c                	ld	a5,72(a0)
   178f6:	360780e3          	beqz	a5,18456 <_vfiprintf_r+0xb76>
   178fa:	01091783          	lh	a5,16(s2)
   178fe:	0ac92703          	lw	a4,172(s2)
   17902:	6609                	lui	a2,0x2
   17904:	03279693          	slli	a3,a5,0x32
   17908:	2606c563          	bltz	a3,17b72 <_vfiprintf_r+0x292>
   1790c:	76f9                	lui	a3,0xffffe
   1790e:	8fd1                	or	a5,a5,a2
   17910:	16fd                	addi	a3,a3,-1 # ffffffffffffdfff <__BSS_END__+0xfffffffffffe172f>
   17912:	8f75                	and	a4,a4,a3
   17914:	00f91823          	sh	a5,16(s2)
   17918:	0107979b          	slliw	a5,a5,0x10
   1791c:	4107d79b          	sraiw	a5,a5,0x10
   17920:	0ae92623          	sw	a4,172(s2)
   17924:	0087f713          	andi	a4,a5,8
   17928:	1c070963          	beqz	a4,17afa <_vfiprintf_r+0x21a>
   1792c:	01893703          	ld	a4,24(s2)
   17930:	1c070563          	beqz	a4,17afa <_vfiprintf_r+0x21a>
   17934:	8be9                	andi	a5,a5,26
   17936:	4729                	li	a4,10
   17938:	1ce78c63          	beq	a5,a4,17b10 <_vfiprintf_r+0x230>
   1793c:	6769                	lui	a4,0x1a
   1793e:	ef56                	sd	s5,408(sp)
   17940:	eb5a                	sd	s6,400(sp)
   17942:	0e010a93          	addi	s5,sp,224
   17946:	6b69                	lui	s6,0x1a
   17948:	59070713          	addi	a4,a4,1424 # 1a590 <__mprec_tens+0xc8>
   1794c:	e3a2                	sd	s0,448(sp)
   1794e:	ff26                	sd	s1,440(sp)
   17950:	f74e                	sd	s3,424(sp)
   17952:	f352                	sd	s4,416(sp)
   17954:	e75e                	sd	s7,392(sp)
   17956:	fee6                	sd	s9,376(sp)
   17958:	faea                	sd	s10,368(sp)
   1795a:	f882                	sd	zero,112(sp)
   1795c:	d482                	sw	zero,104(sp)
   1795e:	f0d6                	sd	s5,96(sp)
   17960:	87d6                	mv	a5,s5
   17962:	ec3a                	sd	a4,24(sp)
   17964:	700b0b13          	addi	s6,s6,1792 # 1a700 <zeroes.0>
   17968:	f802                	sd	zero,48(sp)
   1796a:	e082                	sd	zero,64(sp)
   1796c:	fc02                	sd	zero,56(sp)
   1796e:	e402                	sd	zero,8(sp)
   17970:	4441                	li	s0,16
   17972:	cc517057          	vsetivli	zero,2,e8,mf8,ta,ma
   17976:	000dc683          	lbu	a3,0(s11)
   1797a:	84ee                	mv	s1,s11
   1797c:	fdb68713          	addi	a4,a3,-37
   17980:	0006861b          	sext.w	a2,a3
   17984:	c721                	beqz	a4,179cc <_vfiprintf_r+0xec>
   17986:	c239                	beqz	a2,179cc <_vfiprintf_r+0xec>
   17988:	89a6                	mv	s3,s1
   1798a:	0014c683          	lbu	a3,1(s1)
   1798e:	0485                	addi	s1,s1,1
   17990:	0006871b          	sext.w	a4,a3
   17994:	c681                	beqz	a3,1799c <_vfiprintf_r+0xbc>
   17996:	fdb70713          	addi	a4,a4,-37
   1799a:	f77d                	bnez	a4,17988 <_vfiprintf_r+0xa8>
   1799c:	41b48bbb          	subw	s7,s1,s11
   179a0:	020b8663          	beqz	s7,179cc <_vfiprintf_r+0xec>
   179a4:	76c6                	ld	a3,112(sp)
   179a6:	5726                	lw	a4,104(sp)
   179a8:	01b7b023          	sd	s11,0(a5)
   179ac:	96de                	add	a3,a3,s7
   179ae:	2705                	addiw	a4,a4,1
   179b0:	0177b423          	sd	s7,8(a5)
   179b4:	f8b6                	sd	a3,112(sp)
   179b6:	d4ba                	sw	a4,104(sp)
   179b8:	469d                	li	a3,7
   179ba:	07c1                	addi	a5,a5,16
   179bc:	16e6c963          	blt	a3,a4,17b2e <_vfiprintf_r+0x24e>
   179c0:	6722                	ld	a4,8(sp)
   179c2:	0019c683          	lbu	a3,1(s3)
   179c6:	0177073b          	addw	a4,a4,s7
   179ca:	e43a                	sd	a4,8(sp)
   179cc:	16068b63          	beqz	a3,17b42 <_vfiprintf_r+0x262>
   179d0:	0014c703          	lbu	a4,1(s1)
   179d4:	00148d93          	addi	s11,s1,1
   179d8:	04010ba3          	sb	zero,87(sp)
   179dc:	587d                	li	a6,-1
   179de:	4481                	li	s1,0
   179e0:	4a01                	li	s4,0
   179e2:	05a00993          	li	s3,90
   179e6:	0d85                	addi	s11,s11,1
   179e8:	2701                	sext.w	a4,a4
   179ea:	fe07069b          	addiw	a3,a4,-32
   179ee:	04d9e263          	bltu	s3,a3,17a32 <_vfiprintf_r+0x152>
   179f2:	02069613          	slli	a2,a3,0x20
   179f6:	01e65693          	srli	a3,a2,0x1e
   179fa:	6662                	ld	a2,24(sp)
   179fc:	96b2                	add	a3,a3,a2
   179fe:	4294                	lw	a3,0(a3)
   17a00:	8682                	jr	a3
   17a02:	4481                	li	s1,0
   17a04:	4525                	li	a0,9
   17a06:	000dc603          	lbu	a2,0(s11)
   17a0a:	0024969b          	slliw	a3,s1,0x2
   17a0e:	9ea5                	addw	a3,a3,s1
   17a10:	fd07071b          	addiw	a4,a4,-48
   17a14:	0016969b          	slliw	a3,a3,0x1
   17a18:	fd06059b          	addiw	a1,a2,-48 # 1fd0 <exit-0xe150>
   17a1c:	0d85                	addi	s11,s11,1
   17a1e:	00d704bb          	addw	s1,a4,a3
   17a22:	0006071b          	sext.w	a4,a2
   17a26:	feb570e3          	bgeu	a0,a1,17a06 <_vfiprintf_r+0x126>
   17a2a:	fe07069b          	addiw	a3,a4,-32
   17a2e:	fcd9f2e3          	bgeu	s3,a3,179f2 <_vfiprintf_r+0x112>
   17a32:	10070863          	beqz	a4,17b42 <_vfiprintf_r+0x262>
   17a36:	4b85                	li	s7,1
   17a38:	06e10c23          	sb	a4,120(sp)
   17a3c:	04010ba3          	sb	zero,87(sp)
   17a40:	89de                	mv	s3,s7
   17a42:	4801                	li	a6,0
   17a44:	07810c93          	addi	s9,sp,120
   17a48:	75c6                	ld	a1,112(sp)
   17a4a:	5626                	lw	a2,104(sp)
   17a4c:	084a7f13          	andi	t5,s4,132
   17a50:	86ae                	mv	a3,a1
   17a52:	8732                	mv	a4,a2
   17a54:	040f1663          	bnez	t5,17aa0 <_vfiprintf_r+0x1c0>
   17a58:	41348d3b          	subw	s10,s1,s3
   17a5c:	79a04f63          	bgtz	s10,181fa <_vfiprintf_r+0x91a>
   17a60:	05714603          	lbu	a2,87(sp)
   17a64:	c231                	beqz	a2,17aa8 <_vfiprintf_r+0x1c8>
   17a66:	4f01                	li	t5,0
   17a68:	f402                	sd	zero,40(sp)
   17a6a:	05710613          	addi	a2,sp,87
   17a6e:	e390                	sd	a2,0(a5)
   17a70:	0685                	addi	a3,a3,1
   17a72:	4605                	li	a2,1
   17a74:	2705                	addiw	a4,a4,1
   17a76:	e790                	sd	a2,8(a5)
   17a78:	f8b6                	sd	a3,112(sp)
   17a7a:	d4ba                	sw	a4,104(sp)
   17a7c:	461d                	li	a2,7
   17a7e:	07c1                	addi	a5,a5,16
   17a80:	6ae64063          	blt	a2,a4,18120 <_vfiprintf_r+0x840>
   17a84:	7622                	ld	a2,40(sp)
   17a86:	ce09                	beqz	a2,17aa0 <_vfiprintf_r+0x1c0>
   17a88:	08b0                	addi	a2,sp,88
   17a8a:	e390                	sd	a2,0(a5)
   17a8c:	0689                	addi	a3,a3,2
   17a8e:	4609                	li	a2,2
   17a90:	2705                	addiw	a4,a4,1
   17a92:	e790                	sd	a2,8(a5)
   17a94:	f8b6                	sd	a3,112(sp)
   17a96:	d4ba                	sw	a4,104(sp)
   17a98:	461d                	li	a2,7
   17a9a:	07c1                	addi	a5,a5,16
   17a9c:	66e64163          	blt	a2,a4,180fe <_vfiprintf_r+0x81e>
   17aa0:	08000613          	li	a2,128
   17aa4:	52cf0063          	beq	t5,a2,17fc4 <_vfiprintf_r+0x6e4>
   17aa8:	41780d3b          	subw	s10,a6,s7
   17aac:	5ba04863          	bgtz	s10,1805c <_vfiprintf_r+0x77c>
   17ab0:	96de                	add	a3,a3,s7
   17ab2:	2705                	addiw	a4,a4,1
   17ab4:	0197b023          	sd	s9,0(a5)
   17ab8:	0177b423          	sd	s7,8(a5)
   17abc:	f8b6                	sd	a3,112(sp)
   17abe:	d4ba                	sw	a4,104(sp)
   17ac0:	461d                	li	a2,7
   17ac2:	07c1                	addi	a5,a5,16
   17ac4:	60e64763          	blt	a2,a4,180d2 <_vfiprintf_r+0x7f2>
   17ac8:	004a7313          	andi	t1,s4,4
   17acc:	00030663          	beqz	t1,17ad8 <_vfiprintf_r+0x1f8>
   17ad0:	41348bbb          	subw	s7,s1,s3
   17ad4:	67704763          	bgtz	s7,18142 <_vfiprintf_r+0x862>
   17ad8:	87a6                	mv	a5,s1
   17ada:	0134d363          	bge	s1,s3,17ae0 <_vfiprintf_r+0x200>
   17ade:	87ce                	mv	a5,s3
   17ae0:	6722                	ld	a4,8(sp)
   17ae2:	9fb9                	addw	a5,a5,a4
   17ae4:	e43e                	sd	a5,8(sp)
   17ae6:	60069263          	bnez	a3,180ea <_vfiprintf_r+0x80a>
   17aea:	d482                	sw	zero,104(sp)
   17aec:	87d6                	mv	a5,s5
   17aee:	b561                	j	17976 <_vfiprintf_r+0x96>
   17af0:	000dc703          	lbu	a4,0(s11)
   17af4:	010a6a13          	ori	s4,s4,16
   17af8:	b5fd                	j	179e6 <_vfiprintf_r+0x106>
   17afa:	6502                	ld	a0,0(sp)
   17afc:	85ca                	mv	a1,s2
   17afe:	afdfc0ef          	jal	145fa <__swsetup_r>
   17b02:	ed25                	bnez	a0,17b7a <_vfiprintf_r+0x29a>
   17b04:	01091783          	lh	a5,16(s2)
   17b08:	4729                	li	a4,10
   17b0a:	8be9                	andi	a5,a5,26
   17b0c:	e2e798e3          	bne	a5,a4,1793c <_vfiprintf_r+0x5c>
   17b10:	01291783          	lh	a5,18(s2)
   17b14:	e207c4e3          	bltz	a5,1793c <_vfiprintf_r+0x5c>
   17b18:	6502                	ld	a0,0(sp)
   17b1a:	60be                	ld	ra,456(sp)
   17b1c:	86e2                	mv	a3,s8
   17b1e:	866e                	mv	a2,s11
   17b20:	6c1a                	ld	s8,384(sp)
   17b22:	7db6                	ld	s11,360(sp)
   17b24:	85ca                	mv	a1,s2
   17b26:	795a                	ld	s2,432(sp)
   17b28:	6179                	addi	sp,sp,464
   17b2a:	2ef0006f          	j	18618 <__sbprintf>
   17b2e:	6502                	ld	a0,0(sp)
   17b30:	1090                	addi	a2,sp,96
   17b32:	85ca                	mv	a1,s2
   17b34:	c6cfc0ef          	jal	13fa0 <__sprint_r>
   17b38:	e901                	bnez	a0,17b48 <_vfiprintf_r+0x268>
   17b3a:	87d6                	mv	a5,s5
   17b3c:	cc517057          	vsetivli	zero,2,e8,mf8,ta,ma
   17b40:	b541                	j	179c0 <_vfiprintf_r+0xe0>
   17b42:	77c6                	ld	a5,112(sp)
   17b44:	1e079ae3          	bnez	a5,18538 <_vfiprintf_r+0xc58>
   17b48:	01095783          	lhu	a5,16(s2)
   17b4c:	641e                	ld	s0,448(sp)
   17b4e:	74fa                	ld	s1,440(sp)
   17b50:	0407f793          	andi	a5,a5,64
   17b54:	79ba                	ld	s3,424(sp)
   17b56:	7a1a                	ld	s4,416(sp)
   17b58:	6afa                	ld	s5,408(sp)
   17b5a:	6b5a                	ld	s6,400(sp)
   17b5c:	6bba                	ld	s7,392(sp)
   17b5e:	7cf6                	ld	s9,376(sp)
   17b60:	7d56                	ld	s10,368(sp)
   17b62:	ef81                	bnez	a5,17b7a <_vfiprintf_r+0x29a>
   17b64:	60be                	ld	ra,456(sp)
   17b66:	6522                	ld	a0,8(sp)
   17b68:	795a                	ld	s2,432(sp)
   17b6a:	6c1a                	ld	s8,384(sp)
   17b6c:	7db6                	ld	s11,360(sp)
   17b6e:	6179                	addi	sp,sp,464
   17b70:	8082                	ret
   17b72:	03271693          	slli	a3,a4,0x32
   17b76:	da06d7e3          	bgez	a3,17924 <_vfiprintf_r+0x44>
   17b7a:	57fd                	li	a5,-1
   17b7c:	e43e                	sd	a5,8(sp)
   17b7e:	b7dd                	j	17b64 <_vfiprintf_r+0x284>
   17b80:	020a7693          	andi	a3,s4,32
   17b84:	008c0713          	addi	a4,s8,8
   17b88:	eaf1                	bnez	a3,17c5c <_vfiprintf_r+0x37c>
   17b8a:	010a7693          	andi	a3,s4,16
   17b8e:	260698e3          	bnez	a3,185fe <_vfiprintf_r+0xd1e>
   17b92:	040a7693          	andi	a3,s4,64
   17b96:	000c2d03          	lw	s10,0(s8)
   17b9a:	100680e3          	beqz	a3,1849a <_vfiprintf_r+0xbba>
   17b9e:	010d1d1b          	slliw	s10,s10,0x10
   17ba2:	410d5d1b          	sraiw	s10,s10,0x10
   17ba6:	8c3a                	mv	s8,a4
   17ba8:	86ea                	mv	a3,s10
   17baa:	0a06cf63          	bltz	a3,17c68 <_vfiprintf_r+0x388>
   17bae:	0c084763          	bltz	a6,17c7c <_vfiprintf_r+0x39c>
   17bb2:	f7fa7a13          	andi	s4,s4,-129
   17bb6:	0c081363          	bnez	a6,17c7c <_vfiprintf_r+0x39c>
   17bba:	0c0d1163          	bnez	s10,17c7c <_vfiprintf_r+0x39c>
   17bbe:	05714703          	lbu	a4,87(sp)
   17bc2:	4b81                	li	s7,0
   17bc4:	4801                	li	a6,0
   17bc6:	0dc10c93          	addi	s9,sp,220
   17bca:	28070963          	beqz	a4,17e5c <_vfiprintf_r+0x57c>
   17bce:	4985                	li	s3,1
   17bd0:	76c6                	ld	a3,112(sp)
   17bd2:	5726                	lw	a4,104(sp)
   17bd4:	084a7f13          	andi	t5,s4,132
   17bd8:	85b6                	mv	a1,a3
   17bda:	863a                	mv	a2,a4
   17bdc:	e60f0ee3          	beqz	t5,17a58 <_vfiprintf_r+0x178>
   17be0:	f402                	sd	zero,40(sp)
   17be2:	b561                	j	17a6a <_vfiprintf_r+0x18a>
   17be4:	000c3c83          	ld	s9,0(s8)
   17be8:	04010ba3          	sb	zero,87(sp)
   17bec:	0c21                	addi	s8,s8,8
   17bee:	080c86e3          	beqz	s9,1847a <_vfiprintf_r+0xb9a>
   17bf2:	7a084863          	bltz	a6,183a2 <_vfiprintf_r+0xac2>
   17bf6:	8642                	mv	a2,a6
   17bf8:	4581                	li	a1,0
   17bfa:	8566                	mv	a0,s9
   17bfc:	f03e                	sd	a5,32(sp)
   17bfe:	e842                	sd	a6,16(sp)
   17c00:	aebfc0ef          	jal	146ea <memchr>
   17c04:	05714703          	lbu	a4,87(sp)
   17c08:	6842                	ld	a6,16(sp)
   17c0a:	7782                	ld	a5,32(sp)
   17c0c:	1a0503e3          	beqz	a0,185b2 <_vfiprintf_r+0xcd2>
   17c10:	41950bbb          	subw	s7,a0,s9
   17c14:	86de                	mv	a3,s7
   17c16:	000bd363          	bgez	s7,17c1c <_vfiprintf_r+0x33c>
   17c1a:	4681                	li	a3,0
   17c1c:	0006899b          	sext.w	s3,a3
   17c20:	7a070e63          	beqz	a4,183dc <_vfiprintf_r+0xafc>
   17c24:	0016899b          	addiw	s3,a3,1
   17c28:	4801                	li	a6,0
   17c2a:	cc517057          	vsetivli	zero,2,e8,mf8,ta,ma
   17c2e:	b74d                	j	17bd0 <_vfiprintf_r+0x2f0>
   17c30:	000c2703          	lw	a4,0(s8)
   17c34:	4b85                	li	s7,1
   17c36:	04010ba3          	sb	zero,87(sp)
   17c3a:	06e10c23          	sb	a4,120(sp)
   17c3e:	0c21                	addi	s8,s8,8
   17c40:	89de                	mv	s3,s7
   17c42:	4801                	li	a6,0
   17c44:	07810c93          	addi	s9,sp,120
   17c48:	b501                	j	17a48 <_vfiprintf_r+0x168>
   17c4a:	020a7713          	andi	a4,s4,32
   17c4e:	010a6313          	ori	t1,s4,16
   17c52:	66070963          	beqz	a4,182c4 <_vfiprintf_r+0x9e4>
   17c56:	8a1a                	mv	s4,t1
   17c58:	008c0713          	addi	a4,s8,8
   17c5c:	000c3683          	ld	a3,0(s8)
   17c60:	8c3a                	mv	s8,a4
   17c62:	8d36                	mv	s10,a3
   17c64:	f406d5e3          	bgez	a3,17bae <_vfiprintf_r+0x2ce>
   17c68:	02d00713          	li	a4,45
   17c6c:	04e10ba3          	sb	a4,87(sp)
   17c70:	41a00d33          	neg	s10,s10
   17c74:	00084463          	bltz	a6,17c7c <_vfiprintf_r+0x39c>
   17c78:	f7fa7a13          	andi	s4,s4,-129
   17c7c:	46a5                	li	a3,9
   17c7e:	1fa6ef63          	bltu	a3,s10,17e7c <_vfiprintf_r+0x59c>
   17c82:	030d0d1b          	addiw	s10,s10,48
   17c86:	0da10da3          	sb	s10,219(sp)
   17c8a:	8742                	mv	a4,a6
   17c8c:	01004363          	bgtz	a6,17c92 <_vfiprintf_r+0x3b2>
   17c90:	4705                	li	a4,1
   17c92:	05714683          	lbu	a3,87(sp)
   17c96:	0007099b          	sext.w	s3,a4
   17c9a:	5e069e63          	bnez	a3,18296 <_vfiprintf_r+0x9b6>
   17c9e:	4b85                	li	s7,1
   17ca0:	0db10c93          	addi	s9,sp,219
   17ca4:	b355                	j	17a48 <_vfiprintf_r+0x168>
   17ca6:	000c2483          	lw	s1,0(s8)
   17caa:	5c04db63          	bgez	s1,18280 <_vfiprintf_r+0x9a0>
   17cae:	409004bb          	negw	s1,s1
   17cb2:	0c21                	addi	s8,s8,8
   17cb4:	000dc703          	lbu	a4,0(s11)
   17cb8:	004a6a13          	ori	s4,s4,4
   17cbc:	b32d                	j	179e6 <_vfiprintf_r+0x106>
   17cbe:	02b00713          	li	a4,43
   17cc2:	04e10ba3          	sb	a4,87(sp)
   17cc6:	000dc703          	lbu	a4,0(s11)
   17cca:	bb31                	j	179e6 <_vfiprintf_r+0x106>
   17ccc:	020a7713          	andi	a4,s4,32
   17cd0:	18071863          	bnez	a4,17e60 <_vfiprintf_r+0x580>
   17cd4:	010a7993          	andi	s3,s4,16
   17cd8:	008c0713          	addi	a4,s8,8
   17cdc:	120993e3          	bnez	s3,18602 <_vfiprintf_r+0xd22>
   17ce0:	040a7693          	andi	a3,s4,64
   17ce4:	000c2d03          	lw	s10,0(s8)
   17ce8:	6e068f63          	beqz	a3,183e6 <_vfiprintf_r+0xb06>
   17cec:	1d42                	slli	s10,s10,0x30
   17cee:	04010ba3          	sb	zero,87(sp)
   17cf2:	030d5d13          	srli	s10,s10,0x30
   17cf6:	70084263          	bltz	a6,183fa <_vfiprintf_r+0xb1a>
   17cfa:	f7fa7a13          	andi	s4,s4,-129
   17cfe:	6e0d1e63          	bnez	s10,183fa <_vfiprintf_r+0xb1a>
   17d02:	6e081c63          	bnez	a6,183fa <_vfiprintf_r+0xb1a>
   17d06:	8c3a                	mv	s8,a4
   17d08:	4b81                	li	s7,0
   17d0a:	0dc10c93          	addi	s9,sp,220
   17d0e:	bb2d                	j	17a48 <_vfiprintf_r+0x168>
   17d10:	000dc703          	lbu	a4,0(s11)
   17d14:	020a6a13          	ori	s4,s4,32
   17d18:	b1f9                	j	179e6 <_vfiprintf_r+0x106>
   17d1a:	5208a0d7          	vid.v	v1
   17d1e:	04800713          	li	a4,72
   17d22:	961760d7          	vmul.vx	v1,v1,a4
   17d26:	03000713          	li	a4,48
   17d2a:	08b0                	addi	a2,sp,88
   17d2c:	04010ba3          	sb	zero,87(sp)
   17d30:	021740d7          	vadd.vx	v1,v1,a4
   17d34:	000c3683          	ld	a3,0(s8)
   17d38:	008c0713          	addi	a4,s8,8
   17d3c:	020600a7          	vse8.v	v1,(a2)
   17d40:	58084c63          	bltz	a6,182d8 <_vfiprintf_r+0x9f8>
   17d44:	f7fa7313          	andi	t1,s4,-129
   17d48:	00236a13          	ori	s4,t1,2
   17d4c:	0a0693e3          	bnez	a3,185f2 <_vfiprintf_r+0xd12>
   17d50:	0a0811e3          	bnez	a6,185f2 <_vfiprintf_r+0xd12>
   17d54:	8c3a                	mv	s8,a4
   17d56:	4b81                	li	s7,0
   17d58:	4981                	li	s3,0
   17d5a:	0dc10c93          	addi	s9,sp,220
   17d5e:	75c6                	ld	a1,112(sp)
   17d60:	5626                	lw	a2,104(sp)
   17d62:	084a7f13          	andi	t5,s4,132
   17d66:	2989                	addiw	s3,s3,2
   17d68:	86ae                	mv	a3,a1
   17d6a:	8732                	mv	a4,a2
   17d6c:	d00f1ee3          	bnez	t5,17a88 <_vfiprintf_r+0x1a8>
   17d70:	41348d3b          	subw	s10,s1,s3
   17d74:	d1a05ae3          	blez	s10,17a88 <_vfiprintf_r+0x1a8>
   17d78:	4709                	li	a4,2
   17d7a:	f43a                	sd	a4,40(sp)
   17d7c:	a141                	j	181fc <_vfiprintf_r+0x91c>
   17d7e:	020a7693          	andi	a3,s4,32
   17d82:	008c0713          	addi	a4,s8,8
   17d86:	54069763          	bnez	a3,182d4 <_vfiprintf_r+0x9f4>
   17d8a:	010a7693          	andi	a3,s4,16
   17d8e:	54069363          	bnez	a3,182d4 <_vfiprintf_r+0x9f4>
   17d92:	040a7613          	andi	a2,s4,64
   17d96:	000c2683          	lw	a3,0(s8)
   17d9a:	70060b63          	beqz	a2,184b0 <_vfiprintf_r+0xbd0>
   17d9e:	16c2                	slli	a3,a3,0x30
   17da0:	92c1                	srli	a3,a3,0x30
   17da2:	8c3a                	mv	s8,a4
   17da4:	89d2                	mv	s3,s4
   17da6:	a889                	j	17df8 <_vfiprintf_r+0x518>
   17da8:	020a7713          	andi	a4,s4,32
   17dac:	000c3683          	ld	a3,0(s8)
   17db0:	0c21                	addi	s8,s8,8
   17db2:	e305                	bnez	a4,17dd2 <_vfiprintf_r+0x4f2>
   17db4:	010a7713          	andi	a4,s4,16
   17db8:	ef09                	bnez	a4,17dd2 <_vfiprintf_r+0x4f2>
   17dba:	040a7713          	andi	a4,s4,64
   17dbe:	74071463          	bnez	a4,18506 <_vfiprintf_r+0xc26>
   17dc2:	200a7313          	andi	t1,s4,512
   17dc6:	6722                	ld	a4,8(sp)
   17dc8:	000303e3          	beqz	t1,185ce <_vfiprintf_r+0xcee>
   17dcc:	00e68023          	sb	a4,0(a3)
   17dd0:	b65d                	j	17976 <_vfiprintf_r+0x96>
   17dd2:	6722                	ld	a4,8(sp)
   17dd4:	e298                	sd	a4,0(a3)
   17dd6:	b645                	j	17976 <_vfiprintf_r+0x96>
   17dd8:	000dc703          	lbu	a4,0(s11)
   17ddc:	06c00693          	li	a3,108
   17de0:	66d70f63          	beq	a4,a3,1845e <_vfiprintf_r+0xb7e>
   17de4:	010a6a13          	ori	s4,s4,16
   17de8:	befd                	j	179e6 <_vfiprintf_r+0x106>
   17dea:	010a6993          	ori	s3,s4,16
   17dee:	008c0713          	addi	a4,s8,8
   17df2:	000c3683          	ld	a3,0(s8)
   17df6:	8c3a                	mv	s8,a4
   17df8:	04010ba3          	sb	zero,87(sp)
   17dfc:	bff9fa13          	andi	s4,s3,-1025
   17e00:	3a084f63          	bltz	a6,181be <_vfiprintf_r+0x8de>
   17e04:	b7f9fa13          	andi	s4,s3,-1153
   17e08:	3a069b63          	bnez	a3,181be <_vfiprintf_r+0x8de>
   17e0c:	3a081963          	bnez	a6,181be <_vfiprintf_r+0x8de>
   17e10:	0019f993          	andi	s3,s3,1
   17e14:	46098b63          	beqz	s3,1828a <_vfiprintf_r+0x9aa>
   17e18:	03000713          	li	a4,48
   17e1c:	0ce10da3          	sb	a4,219(sp)
   17e20:	8bce                	mv	s7,s3
   17e22:	0db10c93          	addi	s9,sp,219
   17e26:	b10d                	j	17a48 <_vfiprintf_r+0x168>
   17e28:	020a7713          	andi	a4,s4,32
   17e2c:	010a6313          	ori	t1,s4,16
   17e30:	eb0d                	bnez	a4,17e62 <_vfiprintf_r+0x582>
   17e32:	008c0713          	addi	a4,s8,8
   17e36:	04010ba3          	sb	zero,87(sp)
   17e3a:	000c3d03          	ld	s10,0(s8)
   17e3e:	86ba                	mv	a3,a4
   17e40:	8c3a                	mv	s8,a4
   17e42:	8a1a                	mv	s4,t1
   17e44:	e2084ce3          	bltz	a6,17c7c <_vfiprintf_r+0x39c>
   17e48:	f7f37a13          	andi	s4,t1,-129
   17e4c:	8c36                	mv	s8,a3
   17e4e:	e20817e3          	bnez	a6,17c7c <_vfiprintf_r+0x39c>
   17e52:	e20d15e3          	bnez	s10,17c7c <_vfiprintf_r+0x39c>
   17e56:	4b81                	li	s7,0
   17e58:	0dc10c93          	addi	s9,sp,220
   17e5c:	4981                	li	s3,0
   17e5e:	b6ed                	j	17a48 <_vfiprintf_r+0x168>
   17e60:	8352                	mv	t1,s4
   17e62:	008c0693          	addi	a3,s8,8
   17e66:	04010ba3          	sb	zero,87(sp)
   17e6a:	000c3d03          	ld	s10,0(s8)
   17e6e:	8a1a                	mv	s4,t1
   17e70:	8c36                	mv	s8,a3
   17e72:	fc085be3          	bgez	a6,17e48 <_vfiprintf_r+0x568>
   17e76:	46a5                	li	a3,9
   17e78:	e1a6f5e3          	bgeu	a3,s10,17c82 <_vfiprintf_r+0x3a2>
   17e7c:	ccccd737          	lui	a4,0xccccd
   17e80:	ccd70713          	addi	a4,a4,-819 # ffffffffcccccccd <__BSS_END__+0xffffffffcccb03fd>
   17e84:	02071993          	slli	s3,a4,0x20
   17e88:	0dc10b93          	addi	s7,sp,220
   17e8c:	99ba                	add	s3,s3,a4
   17e8e:	865e                	mv	a2,s7
   17e90:	400a7e93          	andi	t4,s4,1024
   17e94:	4581                	li	a1,0
   17e96:	a809                	j	17ea8 <_vfiprintf_r+0x5c8>
   17e98:	876a                	mv	a4,s10
   17e9a:	033d3d33          	mulhu	s10,s10,s3
   17e9e:	8666                	mv	a2,s9
   17ea0:	003d5d13          	srli	s10,s10,0x3
   17ea4:	02e6fe63          	bgeu	a3,a4,17ee0 <_vfiprintf_r+0x600>
   17ea8:	033d3533          	mulhu	a0,s10,s3
   17eac:	2585                	addiw	a1,a1,1
   17eae:	fff60c93          	addi	s9,a2,-1
   17eb2:	810d                	srli	a0,a0,0x3
   17eb4:	00251713          	slli	a4,a0,0x2
   17eb8:	972a                	add	a4,a4,a0
   17eba:	0706                	slli	a4,a4,0x1
   17ebc:	40ed0733          	sub	a4,s10,a4
   17ec0:	0307071b          	addiw	a4,a4,48
   17ec4:	fee60fa3          	sb	a4,-1(a2)
   17ec8:	fc0e88e3          	beqz	t4,17e98 <_vfiprintf_r+0x5b8>
   17ecc:	7742                	ld	a4,48(sp)
   17ece:	00074703          	lbu	a4,0(a4)
   17ed2:	fcb713e3          	bne	a4,a1,17e98 <_vfiprintf_r+0x5b8>
   17ed6:	f0170713          	addi	a4,a4,-255
   17eda:	df5d                	beqz	a4,17e98 <_vfiprintf_r+0x5b8>
   17edc:	67a6e563          	bltu	a3,s10,18546 <_vfiprintf_r+0xc66>
   17ee0:	419b8bbb          	subw	s7,s7,s9
   17ee4:	05714703          	lbu	a4,87(sp)
   17ee8:	0008099b          	sext.w	s3,a6
   17eec:	01785463          	bge	a6,s7,17ef4 <_vfiprintf_r+0x614>
   17ef0:	000b899b          	sext.w	s3,s7
   17ef4:	46070d63          	beqz	a4,1836e <_vfiprintf_r+0xa8e>
   17ef8:	2985                	addiw	s3,s3,1
   17efa:	a995                	j	1836e <_vfiprintf_r+0xa8e>
   17efc:	6b82                	ld	s7,0(sp)
   17efe:	f042                	sd	a6,32(sp)
   17f00:	e83e                	sd	a5,16(sp)
   17f02:	855e                	mv	a0,s7
   17f04:	907fc0ef          	jal	1480a <_localeconv_r>
   17f08:	651c                	ld	a5,8(a0)
   17f0a:	853e                	mv	a0,a5
   17f0c:	fc3e                	sd	a5,56(sp)
   17f0e:	b2bfc0ef          	jal	14a38 <strlen>
   17f12:	872a                	mv	a4,a0
   17f14:	855e                	mv	a0,s7
   17f16:	e0ba                	sd	a4,64(sp)
   17f18:	8bba                	mv	s7,a4
   17f1a:	8f1fc0ef          	jal	1480a <_localeconv_r>
   17f1e:	6914                	ld	a3,16(a0)
   17f20:	000dc703          	lbu	a4,0(s11)
   17f24:	67c2                	ld	a5,16(sp)
   17f26:	f836                	sd	a3,48(sp)
   17f28:	7802                	ld	a6,32(sp)
   17f2a:	5a0b8163          	beqz	s7,184cc <_vfiprintf_r+0xbec>
   17f2e:	4a068163          	beqz	a3,183d0 <_vfiprintf_r+0xaf0>
   17f32:	0006c683          	lbu	a3,0(a3)
   17f36:	54068e63          	beqz	a3,18492 <_vfiprintf_r+0xbb2>
   17f3a:	400a6a13          	ori	s4,s4,1024
   17f3e:	cc517057          	vsetivli	zero,2,e8,mf8,ta,ma
   17f42:	b455                	j	179e6 <_vfiprintf_r+0x106>
   17f44:	000dc703          	lbu	a4,0(s11)
   17f48:	080a6a13          	ori	s4,s4,128
   17f4c:	bc69                	j	179e6 <_vfiprintf_r+0x106>
   17f4e:	000dc703          	lbu	a4,0(s11)
   17f52:	02a00693          	li	a3,42
   17f56:	001d8513          	addi	a0,s11,1
   17f5a:	66d70f63          	beq	a4,a3,185d8 <_vfiprintf_r+0xcf8>
   17f5e:	fd07061b          	addiw	a2,a4,-48
   17f62:	4825                	li	a6,9
   17f64:	4581                	li	a1,0
   17f66:	66c86063          	bltu	a6,a2,185c6 <_vfiprintf_r+0xce6>
   17f6a:	0025969b          	slliw	a3,a1,0x2
   17f6e:	00054703          	lbu	a4,0(a0)
   17f72:	9ead                	addw	a3,a3,a1
   17f74:	0016969b          	slliw	a3,a3,0x1
   17f78:	00c685bb          	addw	a1,a3,a2
   17f7c:	fd07061b          	addiw	a2,a4,-48
   17f80:	0505                	addi	a0,a0,1
   17f82:	fec874e3          	bgeu	a6,a2,17f6a <_vfiprintf_r+0x68a>
   17f86:	0005881b          	sext.w	a6,a1
   17f8a:	3805c663          	bltz	a1,18316 <_vfiprintf_r+0xa36>
   17f8e:	8daa                	mv	s11,a0
   17f90:	bca9                	j	179ea <_vfiprintf_r+0x10a>
   17f92:	000dc703          	lbu	a4,0(s11)
   17f96:	001a6a13          	ori	s4,s4,1
   17f9a:	b4b1                	j	179e6 <_vfiprintf_r+0x106>
   17f9c:	05714683          	lbu	a3,87(sp)
   17fa0:	000dc703          	lbu	a4,0(s11)
   17fa4:	a40691e3          	bnez	a3,179e6 <_vfiprintf_r+0x106>
   17fa8:	02000693          	li	a3,32
   17fac:	04d10ba3          	sb	a3,87(sp)
   17fb0:	bc1d                	j	179e6 <_vfiprintf_r+0x106>
   17fb2:	000dc703          	lbu	a4,0(s11)
   17fb6:	06800693          	li	a3,104
   17fba:	4ad70963          	beq	a4,a3,1846c <_vfiprintf_r+0xb8c>
   17fbe:	040a6a13          	ori	s4,s4,64
   17fc2:	b415                	j	179e6 <_vfiprintf_r+0x106>
   17fc4:	41348d3b          	subw	s10,s1,s3
   17fc8:	afa050e3          	blez	s10,17aa8 <_vfiprintf_r+0x1c8>
   17fcc:	6669                	lui	a2,0x1a
   17fce:	70060613          	addi	a2,a2,1792 # 1a700 <zeroes.0>
   17fd2:	4f41                	li	t5,16
   17fd4:	e832                	sd	a2,16(sp)
   17fd6:	4f9d                	li	t6,7
   17fd8:	01af4663          	blt	t5,s10,17fe4 <_vfiprintf_r+0x704>
   17fdc:	a091                	j	18020 <_vfiprintf_r+0x740>
   17fde:	3d41                	addiw	s10,s10,-16
   17fe0:	05af5063          	bge	t5,s10,18020 <_vfiprintf_r+0x740>
   17fe4:	6642                	ld	a2,16(sp)
   17fe6:	06c1                	addi	a3,a3,16
   17fe8:	2705                	addiw	a4,a4,1
   17fea:	e390                	sd	a2,0(a5)
   17fec:	01e7b423          	sd	t5,8(a5)
   17ff0:	f8b6                	sd	a3,112(sp)
   17ff2:	d4ba                	sw	a4,104(sp)
   17ff4:	07c1                	addi	a5,a5,16
   17ff6:	feefd4e3          	bge	t6,a4,17fde <_vfiprintf_r+0x6fe>
   17ffa:	6502                	ld	a0,0(sp)
   17ffc:	1090                	addi	a2,sp,96
   17ffe:	85ca                	mv	a1,s2
   18000:	f042                	sd	a6,32(sp)
   18002:	f9ffb0ef          	jal	13fa0 <__sprint_r>
   18006:	b40511e3          	bnez	a0,17b48 <_vfiprintf_r+0x268>
   1800a:	4f41                	li	t5,16
   1800c:	3d41                	addiw	s10,s10,-16
   1800e:	76c6                	ld	a3,112(sp)
   18010:	5726                	lw	a4,104(sp)
   18012:	7802                	ld	a6,32(sp)
   18014:	87d6                	mv	a5,s5
   18016:	4f9d                	li	t6,7
   18018:	cc517057          	vsetivli	zero,2,e8,mf8,ta,ma
   1801c:	fdaf44e3          	blt	t5,s10,17fe4 <_vfiprintf_r+0x704>
   18020:	6642                	ld	a2,16(sp)
   18022:	96ea                	add	a3,a3,s10
   18024:	2705                	addiw	a4,a4,1
   18026:	e390                	sd	a2,0(a5)
   18028:	01a7b423          	sd	s10,8(a5)
   1802c:	f8b6                	sd	a3,112(sp)
   1802e:	d4ba                	sw	a4,104(sp)
   18030:	461d                	li	a2,7
   18032:	07c1                	addi	a5,a5,16
   18034:	a6e65ae3          	bge	a2,a4,17aa8 <_vfiprintf_r+0x1c8>
   18038:	6502                	ld	a0,0(sp)
   1803a:	1090                	addi	a2,sp,96
   1803c:	85ca                	mv	a1,s2
   1803e:	e842                	sd	a6,16(sp)
   18040:	f61fb0ef          	jal	13fa0 <__sprint_r>
   18044:	b00512e3          	bnez	a0,17b48 <_vfiprintf_r+0x268>
   18048:	6842                	ld	a6,16(sp)
   1804a:	76c6                	ld	a3,112(sp)
   1804c:	5726                	lw	a4,104(sp)
   1804e:	41780d3b          	subw	s10,a6,s7
   18052:	87d6                	mv	a5,s5
   18054:	cc517057          	vsetivli	zero,2,e8,mf8,ta,ma
   18058:	a5a05ce3          	blez	s10,17ab0 <_vfiprintf_r+0x1d0>
   1805c:	49a45163          	bge	s0,s10,184de <_vfiprintf_r+0xbfe>
   18060:	e85a                	sd	s6,16(sp)
   18062:	4e9d                	li	t4,7
   18064:	a021                	j	1806c <_vfiprintf_r+0x78c>
   18066:	3d41                	addiw	s10,s10,-16
   18068:	03a45c63          	bge	s0,s10,180a0 <_vfiprintf_r+0x7c0>
   1806c:	06c1                	addi	a3,a3,16
   1806e:	2705                	addiw	a4,a4,1
   18070:	0167b023          	sd	s6,0(a5)
   18074:	e780                	sd	s0,8(a5)
   18076:	f8b6                	sd	a3,112(sp)
   18078:	d4ba                	sw	a4,104(sp)
   1807a:	07c1                	addi	a5,a5,16
   1807c:	feeed5e3          	bge	t4,a4,18066 <_vfiprintf_r+0x786>
   18080:	6502                	ld	a0,0(sp)
   18082:	1090                	addi	a2,sp,96
   18084:	85ca                	mv	a1,s2
   18086:	f1bfb0ef          	jal	13fa0 <__sprint_r>
   1808a:	aa051fe3          	bnez	a0,17b48 <_vfiprintf_r+0x268>
   1808e:	3d41                	addiw	s10,s10,-16
   18090:	76c6                	ld	a3,112(sp)
   18092:	5726                	lw	a4,104(sp)
   18094:	87d6                	mv	a5,s5
   18096:	4e9d                	li	t4,7
   18098:	cc517057          	vsetivli	zero,2,e8,mf8,ta,ma
   1809c:	fda448e3          	blt	s0,s10,1806c <_vfiprintf_r+0x78c>
   180a0:	6642                	ld	a2,16(sp)
   180a2:	96ea                	add	a3,a3,s10
   180a4:	2705                	addiw	a4,a4,1
   180a6:	e390                	sd	a2,0(a5)
   180a8:	01a7b423          	sd	s10,8(a5)
   180ac:	f8b6                	sd	a3,112(sp)
   180ae:	d4ba                	sw	a4,104(sp)
   180b0:	461d                	li	a2,7
   180b2:	07c1                	addi	a5,a5,16
   180b4:	9ee65ee3          	bge	a2,a4,17ab0 <_vfiprintf_r+0x1d0>
   180b8:	6502                	ld	a0,0(sp)
   180ba:	1090                	addi	a2,sp,96
   180bc:	85ca                	mv	a1,s2
   180be:	ee3fb0ef          	jal	13fa0 <__sprint_r>
   180c2:	a80513e3          	bnez	a0,17b48 <_vfiprintf_r+0x268>
   180c6:	76c6                	ld	a3,112(sp)
   180c8:	5726                	lw	a4,104(sp)
   180ca:	87d6                	mv	a5,s5
   180cc:	cc517057          	vsetivli	zero,2,e8,mf8,ta,ma
   180d0:	b2c5                	j	17ab0 <_vfiprintf_r+0x1d0>
   180d2:	6502                	ld	a0,0(sp)
   180d4:	1090                	addi	a2,sp,96
   180d6:	85ca                	mv	a1,s2
   180d8:	ec9fb0ef          	jal	13fa0 <__sprint_r>
   180dc:	a60516e3          	bnez	a0,17b48 <_vfiprintf_r+0x268>
   180e0:	76c6                	ld	a3,112(sp)
   180e2:	87d6                	mv	a5,s5
   180e4:	cc517057          	vsetivli	zero,2,e8,mf8,ta,ma
   180e8:	b2c5                	j	17ac8 <_vfiprintf_r+0x1e8>
   180ea:	6502                	ld	a0,0(sp)
   180ec:	1090                	addi	a2,sp,96
   180ee:	85ca                	mv	a1,s2
   180f0:	eb1fb0ef          	jal	13fa0 <__sprint_r>
   180f4:	a4051ae3          	bnez	a0,17b48 <_vfiprintf_r+0x268>
   180f8:	cc517057          	vsetivli	zero,2,e8,mf8,ta,ma
   180fc:	b2fd                	j	17aea <_vfiprintf_r+0x20a>
   180fe:	6502                	ld	a0,0(sp)
   18100:	1090                	addi	a2,sp,96
   18102:	85ca                	mv	a1,s2
   18104:	f042                	sd	a6,32(sp)
   18106:	e87a                	sd	t5,16(sp)
   18108:	e99fb0ef          	jal	13fa0 <__sprint_r>
   1810c:	a2051ee3          	bnez	a0,17b48 <_vfiprintf_r+0x268>
   18110:	76c6                	ld	a3,112(sp)
   18112:	5726                	lw	a4,104(sp)
   18114:	7802                	ld	a6,32(sp)
   18116:	6f42                	ld	t5,16(sp)
   18118:	87d6                	mv	a5,s5
   1811a:	cc517057          	vsetivli	zero,2,e8,mf8,ta,ma
   1811e:	b249                	j	17aa0 <_vfiprintf_r+0x1c0>
   18120:	6502                	ld	a0,0(sp)
   18122:	1090                	addi	a2,sp,96
   18124:	85ca                	mv	a1,s2
   18126:	f042                	sd	a6,32(sp)
   18128:	e87a                	sd	t5,16(sp)
   1812a:	e77fb0ef          	jal	13fa0 <__sprint_r>
   1812e:	a0051de3          	bnez	a0,17b48 <_vfiprintf_r+0x268>
   18132:	76c6                	ld	a3,112(sp)
   18134:	5726                	lw	a4,104(sp)
   18136:	7802                	ld	a6,32(sp)
   18138:	6f42                	ld	t5,16(sp)
   1813a:	87d6                	mv	a5,s5
   1813c:	cc517057          	vsetivli	zero,2,e8,mf8,ta,ma
   18140:	b291                	j	17a84 <_vfiprintf_r+0x1a4>
   18142:	6f69                	lui	t5,0x1a
   18144:	4d41                	li	s10,16
   18146:	5726                	lw	a4,104(sp)
   18148:	710f0f13          	addi	t5,t5,1808 # 1a710 <blanks.1>
   1814c:	4a1d                	li	s4,7
   1814e:	017d4663          	blt	s10,s7,1815a <_vfiprintf_r+0x87a>
   18152:	a081                	j	18192 <_vfiprintf_r+0x8b2>
   18154:	3bc1                	addiw	s7,s7,-16
   18156:	037d5e63          	bge	s10,s7,18192 <_vfiprintf_r+0x8b2>
   1815a:	06c1                	addi	a3,a3,16
   1815c:	2705                	addiw	a4,a4,1
   1815e:	01e7b023          	sd	t5,0(a5)
   18162:	01a7b423          	sd	s10,8(a5)
   18166:	f8b6                	sd	a3,112(sp)
   18168:	d4ba                	sw	a4,104(sp)
   1816a:	07c1                	addi	a5,a5,16
   1816c:	feea54e3          	bge	s4,a4,18154 <_vfiprintf_r+0x874>
   18170:	6502                	ld	a0,0(sp)
   18172:	1090                	addi	a2,sp,96
   18174:	85ca                	mv	a1,s2
   18176:	e87a                	sd	t5,16(sp)
   18178:	e29fb0ef          	jal	13fa0 <__sprint_r>
   1817c:	9c0516e3          	bnez	a0,17b48 <_vfiprintf_r+0x268>
   18180:	3bc1                	addiw	s7,s7,-16
   18182:	76c6                	ld	a3,112(sp)
   18184:	5726                	lw	a4,104(sp)
   18186:	6f42                	ld	t5,16(sp)
   18188:	87d6                	mv	a5,s5
   1818a:	cc517057          	vsetivli	zero,2,e8,mf8,ta,ma
   1818e:	fd7d46e3          	blt	s10,s7,1815a <_vfiprintf_r+0x87a>
   18192:	96de                	add	a3,a3,s7
   18194:	2705                	addiw	a4,a4,1
   18196:	01e7b023          	sd	t5,0(a5)
   1819a:	0177b423          	sd	s7,8(a5)
   1819e:	f8b6                	sd	a3,112(sp)
   181a0:	d4ba                	sw	a4,104(sp)
   181a2:	479d                	li	a5,7
   181a4:	92e7dae3          	bge	a5,a4,17ad8 <_vfiprintf_r+0x1f8>
   181a8:	6502                	ld	a0,0(sp)
   181aa:	1090                	addi	a2,sp,96
   181ac:	85ca                	mv	a1,s2
   181ae:	df3fb0ef          	jal	13fa0 <__sprint_r>
   181b2:	98051be3          	bnez	a0,17b48 <_vfiprintf_r+0x268>
   181b6:	76c6                	ld	a3,112(sp)
   181b8:	cc517057          	vsetivli	zero,2,e8,mf8,ta,ma
   181bc:	ba31                	j	17ad8 <_vfiprintf_r+0x1f8>
   181be:	0dc10b93          	addi	s7,sp,220
   181c2:	8cde                	mv	s9,s7
   181c4:	0076f713          	andi	a4,a3,7
   181c8:	8666                	mv	a2,s9
   181ca:	03070713          	addi	a4,a4,48
   181ce:	828d                	srli	a3,a3,0x3
   181d0:	feec8fa3          	sb	a4,-1(s9)
   181d4:	1cfd                	addi	s9,s9,-1
   181d6:	f6fd                	bnez	a3,181c4 <_vfiprintf_r+0x8e4>
   181d8:	fd070713          	addi	a4,a4,-48
   181dc:	03000693          	li	a3,48
   181e0:	c701                	beqz	a4,181e8 <_vfiprintf_r+0x908>
   181e2:	001a7713          	andi	a4,s4,1
   181e6:	e369                	bnez	a4,182a8 <_vfiprintf_r+0x9c8>
   181e8:	419b8bbb          	subw	s7,s7,s9
   181ec:	0008099b          	sext.w	s3,a6
   181f0:	85785ce3          	bge	a6,s7,17a48 <_vfiprintf_r+0x168>
   181f4:	000b899b          	sext.w	s3,s7
   181f8:	b881                	j	17a48 <_vfiprintf_r+0x168>
   181fa:	f402                	sd	zero,40(sp)
   181fc:	6f69                	lui	t5,0x1a
   181fe:	4fc1                	li	t6,16
   18200:	86ae                	mv	a3,a1
   18202:	8732                	mv	a4,a2
   18204:	710f0f13          	addi	t5,t5,1808 # 1a710 <blanks.1>
   18208:	429d                	li	t0,7
   1820a:	01afc663          	blt	t6,s10,18216 <_vfiprintf_r+0x936>
   1820e:	a0a1                	j	18256 <_vfiprintf_r+0x976>
   18210:	3d41                	addiw	s10,s10,-16
   18212:	05afd263          	bge	t6,s10,18256 <_vfiprintf_r+0x976>
   18216:	06c1                	addi	a3,a3,16
   18218:	2705                	addiw	a4,a4,1
   1821a:	01e7b023          	sd	t5,0(a5)
   1821e:	01f7b423          	sd	t6,8(a5)
   18222:	f8b6                	sd	a3,112(sp)
   18224:	d4ba                	sw	a4,104(sp)
   18226:	07c1                	addi	a5,a5,16
   18228:	fee2d4e3          	bge	t0,a4,18210 <_vfiprintf_r+0x930>
   1822c:	6502                	ld	a0,0(sp)
   1822e:	1090                	addi	a2,sp,96
   18230:	85ca                	mv	a1,s2
   18232:	f07a                	sd	t5,32(sp)
   18234:	e842                	sd	a6,16(sp)
   18236:	d6bfb0ef          	jal	13fa0 <__sprint_r>
   1823a:	900517e3          	bnez	a0,17b48 <_vfiprintf_r+0x268>
   1823e:	4fc1                	li	t6,16
   18240:	3d41                	addiw	s10,s10,-16
   18242:	76c6                	ld	a3,112(sp)
   18244:	5726                	lw	a4,104(sp)
   18246:	7f02                	ld	t5,32(sp)
   18248:	6842                	ld	a6,16(sp)
   1824a:	87d6                	mv	a5,s5
   1824c:	429d                	li	t0,7
   1824e:	cc517057          	vsetivli	zero,2,e8,mf8,ta,ma
   18252:	fdafc2e3          	blt	t6,s10,18216 <_vfiprintf_r+0x936>
   18256:	96ea                	add	a3,a3,s10
   18258:	2705                	addiw	a4,a4,1
   1825a:	f8b6                	sd	a3,112(sp)
   1825c:	d4ba                	sw	a4,104(sp)
   1825e:	01e7b023          	sd	t5,0(a5)
   18262:	01a7b423          	sd	s10,8(a5)
   18266:	461d                	li	a2,7
   18268:	1ae64063          	blt	a2,a4,18408 <_vfiprintf_r+0xb28>
   1826c:	05714603          	lbu	a2,87(sp)
   18270:	07c1                	addi	a5,a5,16
   18272:	ea05                	bnez	a2,182a2 <_vfiprintf_r+0x9c2>
   18274:	7622                	ld	a2,40(sp)
   18276:	820609e3          	beqz	a2,17aa8 <_vfiprintf_r+0x1c8>
   1827a:	4f01                	li	t5,0
   1827c:	80dff06f          	j	17a88 <_vfiprintf_r+0x1a8>
   18280:	000dc703          	lbu	a4,0(s11)
   18284:	0c21                	addi	s8,s8,8
   18286:	f60ff06f          	j	179e6 <_vfiprintf_r+0x106>
   1828a:	4b81                	li	s7,0
   1828c:	4801                	li	a6,0
   1828e:	0dc10c93          	addi	s9,sp,220
   18292:	fb6ff06f          	j	17a48 <_vfiprintf_r+0x168>
   18296:	0017099b          	addiw	s3,a4,1
   1829a:	4b85                	li	s7,1
   1829c:	0db10c93          	addi	s9,sp,219
   182a0:	ba05                	j	17bd0 <_vfiprintf_r+0x2f0>
   182a2:	4f01                	li	t5,0
   182a4:	fc6ff06f          	j	17a6a <_vfiprintf_r+0x18a>
   182a8:	1679                	addi	a2,a2,-2
   182aa:	40cb8bbb          	subw	s7,s7,a2
   182ae:	fedc8fa3          	sb	a3,-1(s9)
   182b2:	000b899b          	sext.w	s3,s7
   182b6:	010bd463          	bge	s7,a6,182be <_vfiprintf_r+0x9de>
   182ba:	0008099b          	sext.w	s3,a6
   182be:	8cb2                	mv	s9,a2
   182c0:	f88ff06f          	j	17a48 <_vfiprintf_r+0x168>
   182c4:	008c0713          	addi	a4,s8,8
   182c8:	000c3683          	ld	a3,0(s8)
   182cc:	8a1a                	mv	s4,t1
   182ce:	8c3a                	mv	s8,a4
   182d0:	8d36                	mv	s10,a3
   182d2:	b8e1                	j	17baa <_vfiprintf_r+0x2ca>
   182d4:	89d2                	mv	s3,s4
   182d6:	be31                	j	17df2 <_vfiprintf_r+0x512>
   182d8:	6669                	lui	a2,0x1a
   182da:	002a6a13          	ori	s4,s4,2
   182de:	8c3a                	mv	s8,a4
   182e0:	f5060613          	addi	a2,a2,-176 # 19f50 <__clzdi2+0x12a>
   182e4:	4589                	li	a1,2
   182e6:	0dc10b93          	addi	s7,sp,220
   182ea:	8cde                	mv	s9,s7
   182ec:	00f6f713          	andi	a4,a3,15
   182f0:	9732                	add	a4,a4,a2
   182f2:	00074703          	lbu	a4,0(a4)
   182f6:	8291                	srli	a3,a3,0x4
   182f8:	1cfd                	addi	s9,s9,-1
   182fa:	00ec8023          	sb	a4,0(s9)
   182fe:	f6fd                	bnez	a3,182ec <_vfiprintf_r+0xa0c>
   18300:	419b8bbb          	subw	s7,s7,s9
   18304:	0008099b          	sext.w	s3,a6
   18308:	01785463          	bge	a6,s7,18310 <_vfiprintf_r+0xa30>
   1830c:	000b899b          	sext.w	s3,s7
   18310:	a40597e3          	bnez	a1,17d5e <_vfiprintf_r+0x47e>
   18314:	a8a9                	j	1836e <_vfiprintf_r+0xa8e>
   18316:	587d                	li	a6,-1
   18318:	8daa                	mv	s11,a0
   1831a:	ed0ff06f          	j	179ea <_vfiprintf_r+0x10a>
   1831e:	6669                	lui	a2,0x1a
   18320:	020a7693          	andi	a3,s4,32
   18324:	f6860613          	addi	a2,a2,-152 # 19f68 <__clzdi2+0x142>
   18328:	008c0e13          	addi	t3,s8,8
   1832c:	eaa5                	bnez	a3,1839c <_vfiprintf_r+0xabc>
   1832e:	010a7693          	andi	a3,s4,16
   18332:	e6ad                	bnez	a3,1839c <_vfiprintf_r+0xabc>
   18334:	040a7593          	andi	a1,s4,64
   18338:	000c2683          	lw	a3,0(s8)
   1833c:	18058263          	beqz	a1,184c0 <_vfiprintf_r+0xbe0>
   18340:	16c2                	slli	a3,a3,0x30
   18342:	92c1                	srli	a3,a3,0x30
   18344:	001a7593          	andi	a1,s4,1
   18348:	00d03533          	snez	a0,a3
   1834c:	c191                	beqz	a1,18350 <_vfiprintf_r+0xa70>
   1834e:	e17d                	bnez	a0,18434 <_vfiprintf_r+0xb54>
   18350:	04010ba3          	sb	zero,87(sp)
   18354:	0a084563          	bltz	a6,183fe <_vfiprintf_r+0xb1e>
   18358:	b7fa7a13          	andi	s4,s4,-1153
   1835c:	8c72                	mv	s8,t3
   1835e:	26081b63          	bnez	a6,185d4 <_vfiprintf_r+0xcf4>
   18362:	26051963          	bnez	a0,185d4 <_vfiprintf_r+0xcf4>
   18366:	4b81                	li	s7,0
   18368:	0dc10c93          	addi	s9,sp,220
   1836c:	4981                	li	s3,0
   1836e:	76c6                	ld	a3,112(sp)
   18370:	5726                	lw	a4,104(sp)
   18372:	084a7f13          	andi	t5,s4,132
   18376:	85b6                	mv	a1,a3
   18378:	863a                	mv	a2,a4
   1837a:	ec0f0f63          	beqz	t5,17a58 <_vfiprintf_r+0x178>
   1837e:	05714603          	lbu	a2,87(sp)
   18382:	f402                	sd	zero,40(sp)
   18384:	ee061363          	bnez	a2,17a6a <_vfiprintf_r+0x18a>
   18388:	f18ff06f          	j	17aa0 <_vfiprintf_r+0x1c0>
   1838c:	6669                	lui	a2,0x1a
   1838e:	020a7693          	andi	a3,s4,32
   18392:	f5060613          	addi	a2,a2,-176 # 19f50 <__clzdi2+0x12a>
   18396:	008c0e13          	addi	t3,s8,8
   1839a:	dad1                	beqz	a3,1832e <_vfiprintf_r+0xa4e>
   1839c:	000c3683          	ld	a3,0(s8)
   183a0:	b755                	j	18344 <_vfiprintf_r+0xa64>
   183a2:	8566                	mv	a0,s9
   183a4:	e83e                	sd	a5,16(sp)
   183a6:	e92fc0ef          	jal	14a38 <strlen>
   183aa:	00050b9b          	sext.w	s7,a0
   183ae:	67c2                	ld	a5,16(sp)
   183b0:	875e                	mv	a4,s7
   183b2:	000bd363          	bgez	s7,183b8 <_vfiprintf_r+0xad8>
   183b6:	4701                	li	a4,0
   183b8:	05714683          	lbu	a3,87(sp)
   183bc:	0007099b          	sext.w	s3,a4
   183c0:	ce91                	beqz	a3,183dc <_vfiprintf_r+0xafc>
   183c2:	0017099b          	addiw	s3,a4,1
   183c6:	4801                	li	a6,0
   183c8:	cc517057          	vsetivli	zero,2,e8,mf8,ta,ma
   183cc:	805ff06f          	j	17bd0 <_vfiprintf_r+0x2f0>
   183d0:	cc517057          	vsetivli	zero,2,e8,mf8,ta,ma
   183d4:	e12ff06f          	j	179e6 <_vfiprintf_r+0x106>
   183d8:	8bc2                	mv	s7,a6
   183da:	89c2                	mv	s3,a6
   183dc:	4801                	li	a6,0
   183de:	cc517057          	vsetivli	zero,2,e8,mf8,ta,ma
   183e2:	e66ff06f          	j	17a48 <_vfiprintf_r+0x168>
   183e6:	200a7693          	andi	a3,s4,512
   183ea:	04010ba3          	sb	zero,87(sp)
   183ee:	12068d63          	beqz	a3,18528 <_vfiprintf_r+0xc48>
   183f2:	0ffd7d13          	zext.b	s10,s10
   183f6:	900852e3          	bgez	a6,17cfa <_vfiprintf_r+0x41a>
   183fa:	8c3a                	mv	s8,a4
   183fc:	b041                	j	17c7c <_vfiprintf_r+0x39c>
   183fe:	bffa7a13          	andi	s4,s4,-1025
   18402:	8c72                	mv	s8,t3
   18404:	4581                	li	a1,0
   18406:	b5c5                	j	182e6 <_vfiprintf_r+0xa06>
   18408:	6502                	ld	a0,0(sp)
   1840a:	1090                	addi	a2,sp,96
   1840c:	85ca                	mv	a1,s2
   1840e:	e842                	sd	a6,16(sp)
   18410:	b91fb0ef          	jal	13fa0 <__sprint_r>
   18414:	8f2a                	mv	t5,a0
   18416:	f2051963          	bnez	a0,17b48 <_vfiprintf_r+0x268>
   1841a:	05714783          	lbu	a5,87(sp)
   1841e:	76c6                	ld	a3,112(sp)
   18420:	5726                	lw	a4,104(sp)
   18422:	6842                	ld	a6,16(sp)
   18424:	ebc5                	bnez	a5,184d4 <_vfiprintf_r+0xbf4>
   18426:	77a2                	ld	a5,40(sp)
   18428:	cbf1                	beqz	a5,184fc <_vfiprintf_r+0xc1c>
   1842a:	87d6                	mv	a5,s5
   1842c:	cc517057          	vsetivli	zero,2,e8,mf8,ta,ma
   18430:	e58ff06f          	j	17a88 <_vfiprintf_r+0x1a8>
   18434:	04e10ca3          	sb	a4,89(sp)
   18438:	03000713          	li	a4,48
   1843c:	04010ba3          	sb	zero,87(sp)
   18440:	04e10c23          	sb	a4,88(sp)
   18444:	0a084263          	bltz	a6,184e8 <_vfiprintf_r+0xc08>
   18448:	b7fa7313          	andi	t1,s4,-1153
   1844c:	00236a13          	ori	s4,t1,2
   18450:	8c72                	mv	s8,t3
   18452:	4589                	li	a1,2
   18454:	bd49                	j	182e6 <_vfiprintf_r+0xa06>
   18456:	fc5f80ef          	jal	1141a <__sinit>
   1845a:	ca0ff06f          	j	178fa <_vfiprintf_r+0x1a>
   1845e:	001dc703          	lbu	a4,1(s11)
   18462:	020a6a13          	ori	s4,s4,32
   18466:	0d85                	addi	s11,s11,1
   18468:	d7eff06f          	j	179e6 <_vfiprintf_r+0x106>
   1846c:	001dc703          	lbu	a4,1(s11)
   18470:	200a6a13          	ori	s4,s4,512
   18474:	0d85                	addi	s11,s11,1
   18476:	d70ff06f          	j	179e6 <_vfiprintf_r+0x106>
   1847a:	4719                	li	a4,6
   1847c:	0008099b          	sext.w	s3,a6
   18480:	07076b63          	bltu	a4,a6,184f6 <_vfiprintf_r+0xc16>
   18484:	6e69                	lui	t3,0x1a
   18486:	8bce                	mv	s7,s3
   18488:	f80e0c93          	addi	s9,t3,-128 # 19f80 <__clzdi2+0x15a>
   1848c:	4801                	li	a6,0
   1848e:	dbaff06f          	j	17a48 <_vfiprintf_r+0x168>
   18492:	cc517057          	vsetivli	zero,2,e8,mf8,ta,ma
   18496:	d50ff06f          	j	179e6 <_vfiprintf_r+0x106>
   1849a:	200a7693          	andi	a3,s4,512
   1849e:	c2c9                	beqz	a3,18520 <_vfiprintf_r+0xc40>
   184a0:	018d1d1b          	slliw	s10,s10,0x18
   184a4:	418d5d1b          	sraiw	s10,s10,0x18
   184a8:	8c3a                	mv	s8,a4
   184aa:	86ea                	mv	a3,s10
   184ac:	efeff06f          	j	17baa <_vfiprintf_r+0x2ca>
   184b0:	200a7613          	andi	a2,s4,512
   184b4:	c22d                	beqz	a2,18516 <_vfiprintf_r+0xc36>
   184b6:	0ff6f693          	zext.b	a3,a3
   184ba:	8c3a                	mv	s8,a4
   184bc:	89d2                	mv	s3,s4
   184be:	ba2d                	j	17df8 <_vfiprintf_r+0x518>
   184c0:	200a7593          	andi	a1,s4,512
   184c4:	c5b1                	beqz	a1,18510 <_vfiprintf_r+0xc30>
   184c6:	0ff6f693          	zext.b	a3,a3
   184ca:	bdad                	j	18344 <_vfiprintf_r+0xa64>
   184cc:	cc517057          	vsetivli	zero,2,e8,mf8,ta,ma
   184d0:	d16ff06f          	j	179e6 <_vfiprintf_r+0x106>
   184d4:	87d6                	mv	a5,s5
   184d6:	cc517057          	vsetivli	zero,2,e8,mf8,ta,ma
   184da:	d90ff06f          	j	17a6a <_vfiprintf_r+0x18a>
   184de:	6669                	lui	a2,0x1a
   184e0:	70060613          	addi	a2,a2,1792 # 1a700 <zeroes.0>
   184e4:	e832                	sd	a2,16(sp)
   184e6:	be6d                	j	180a0 <_vfiprintf_r+0x7c0>
   184e8:	bffa7313          	andi	t1,s4,-1025
   184ec:	00236a13          	ori	s4,t1,2
   184f0:	8c72                	mv	s8,t3
   184f2:	4589                	li	a1,2
   184f4:	bbcd                	j	182e6 <_vfiprintf_r+0xa06>
   184f6:	0007099b          	sext.w	s3,a4
   184fa:	b769                	j	18484 <_vfiprintf_r+0xba4>
   184fc:	87d6                	mv	a5,s5
   184fe:	cc517057          	vsetivli	zero,2,e8,mf8,ta,ma
   18502:	da6ff06f          	j	17aa8 <_vfiprintf_r+0x1c8>
   18506:	6722                	ld	a4,8(sp)
   18508:	00e69023          	sh	a4,0(a3)
   1850c:	c6aff06f          	j	17976 <_vfiprintf_r+0x96>
   18510:	1682                	slli	a3,a3,0x20
   18512:	9281                	srli	a3,a3,0x20
   18514:	bd05                	j	18344 <_vfiprintf_r+0xa64>
   18516:	1682                	slli	a3,a3,0x20
   18518:	9281                	srli	a3,a3,0x20
   1851a:	8c3a                	mv	s8,a4
   1851c:	89d2                	mv	s3,s4
   1851e:	b8e9                	j	17df8 <_vfiprintf_r+0x518>
   18520:	8c3a                	mv	s8,a4
   18522:	86ea                	mv	a3,s10
   18524:	e86ff06f          	j	17baa <_vfiprintf_r+0x2ca>
   18528:	1d02                	slli	s10,s10,0x20
   1852a:	020d5d13          	srli	s10,s10,0x20
   1852e:	fc085663          	bgez	a6,17cfa <_vfiprintf_r+0x41a>
   18532:	8c3a                	mv	s8,a4
   18534:	f48ff06f          	j	17c7c <_vfiprintf_r+0x39c>
   18538:	6502                	ld	a0,0(sp)
   1853a:	1090                	addi	a2,sp,96
   1853c:	85ca                	mv	a1,s2
   1853e:	a63fb0ef          	jal	13fa0 <__sprint_r>
   18542:	e06ff06f          	j	17b48 <_vfiprintf_r+0x268>
   18546:	6606                	ld	a2,64(sp)
   18548:	75e2                	ld	a1,56(sp)
   1854a:	e4f6                	sd	t4,72(sp)
   1854c:	40cc8733          	sub	a4,s9,a2
   18550:	853a                	mv	a0,a4
   18552:	f442                	sd	a6,40(sp)
   18554:	f03e                	sd	a5,32(sp)
   18556:	e83a                	sd	a4,16(sp)
   18558:	a20fc0ef          	jal	14778 <strncpy>
   1855c:	ccccd5b7          	lui	a1,0xccccd
   18560:	ccd58593          	addi	a1,a1,-819 # ffffffffcccccccd <__BSS_END__+0xffffffffcccb03fd>
   18564:	02059613          	slli	a2,a1,0x20
   18568:	962e                	add	a2,a2,a1
   1856a:	02cd3d33          	mulhu	s10,s10,a2
   1856e:	77c2                	ld	a5,48(sp)
   18570:	6742                	ld	a4,16(sp)
   18572:	7822                	ld	a6,40(sp)
   18574:	0017c583          	lbu	a1,1(a5)
   18578:	6ea6                	ld	t4,72(sp)
   1857a:	fff70c93          	addi	s9,a4,-1
   1857e:	00b035b3          	snez	a1,a1
   18582:	97ae                	add	a5,a5,a1
   18584:	f83e                	sd	a5,48(sp)
   18586:	003d5d13          	srli	s10,s10,0x3
   1858a:	02cd3633          	mulhu	a2,s10,a2
   1858e:	7782                	ld	a5,32(sp)
   18590:	4585                	li	a1,1
   18592:	46a5                	li	a3,9
   18594:	cc517057          	vsetivli	zero,2,e8,mf8,ta,ma
   18598:	00365513          	srli	a0,a2,0x3
   1859c:	00251613          	slli	a2,a0,0x2
   185a0:	962a                	add	a2,a2,a0
   185a2:	0606                	slli	a2,a2,0x1
   185a4:	40cd0633          	sub	a2,s10,a2
   185a8:	0306061b          	addiw	a2,a2,48
   185ac:	fec70fa3          	sb	a2,-1(a4)
   185b0:	ba31                	j	17ecc <_vfiprintf_r+0x5ec>
   185b2:	e20703e3          	beqz	a4,183d8 <_vfiprintf_r+0xaf8>
   185b6:	0018099b          	addiw	s3,a6,1
   185ba:	8bc2                	mv	s7,a6
   185bc:	cc517057          	vsetivli	zero,2,e8,mf8,ta,ma
   185c0:	4801                	li	a6,0
   185c2:	e0eff06f          	j	17bd0 <_vfiprintf_r+0x2f0>
   185c6:	8daa                	mv	s11,a0
   185c8:	4801                	li	a6,0
   185ca:	c20ff06f          	j	179ea <_vfiprintf_r+0x10a>
   185ce:	c298                	sw	a4,0(a3)
   185d0:	ba6ff06f          	j	17976 <_vfiprintf_r+0x96>
   185d4:	4581                	li	a1,0
   185d6:	bb01                	j	182e6 <_vfiprintf_r+0xa06>
   185d8:	000c2703          	lw	a4,0(s8)
   185dc:	0c21                	addi	s8,s8,8
   185de:	0007081b          	sext.w	a6,a4
   185e2:	00075363          	bgez	a4,185e8 <_vfiprintf_r+0xd08>
   185e6:	587d                	li	a6,-1
   185e8:	001dc703          	lbu	a4,1(s11)
   185ec:	8daa                	mv	s11,a0
   185ee:	bf8ff06f          	j	179e6 <_vfiprintf_r+0x106>
   185f2:	6669                	lui	a2,0x1a
   185f4:	8c3a                	mv	s8,a4
   185f6:	f5060613          	addi	a2,a2,-176 # 19f50 <__clzdi2+0x12a>
   185fa:	4589                	li	a1,2
   185fc:	b1ed                	j	182e6 <_vfiprintf_r+0xa06>
   185fe:	8352                	mv	t1,s4
   18600:	b1e1                	j	182c8 <_vfiprintf_r+0x9e8>
   18602:	8352                	mv	t1,s4
   18604:	833ff06f          	j	17e36 <_vfiprintf_r+0x556>

0000000000018608 <vfiprintf>:
   18608:	872a                	mv	a4,a0
   1860a:	2281b503          	ld	a0,552(gp) # 1c2f8 <_impure_ptr>
   1860e:	86b2                	mv	a3,a2
   18610:	862e                	mv	a2,a1
   18612:	85ba                	mv	a1,a4
   18614:	accff06f          	j	178e0 <_vfiprintf_r>

0000000000018618 <__sbprintf>:
   18618:	0105d783          	lhu	a5,16(a1)
   1861c:	0ac5ae83          	lw	t4,172(a1)
   18620:	0125de03          	lhu	t3,18(a1)
   18624:	0305b303          	ld	t1,48(a1)
   18628:	0405b883          	ld	a7,64(a1)
   1862c:	b2010113          	addi	sp,sp,-1248
   18630:	9bf5                	andi	a5,a5,-3
   18632:	0c010813          	addi	a6,sp,192
   18636:	40000713          	li	a4,1024
   1863a:	4c813823          	sd	s0,1232(sp)
   1863e:	842e                	mv	s0,a1
   18640:	080c                	addi	a1,sp,16
   18642:	4c913423          	sd	s1,1224(sp)
   18646:	02f11023          	sh	a5,32(sp)
   1864a:	4c113c23          	sd	ra,1240(sp)
   1864e:	dc02                	sw	zero,56(sp)
   18650:	df76                	sw	t4,188(sp)
   18652:	03c11123          	sh	t3,34(sp)
   18656:	e09a                	sd	t1,64(sp)
   18658:	e8c6                	sd	a7,80(sp)
   1865a:	e842                	sd	a6,16(sp)
   1865c:	f442                	sd	a6,40(sp)
   1865e:	ce3a                	sw	a4,28(sp)
   18660:	d83a                	sw	a4,48(sp)
   18662:	84aa                	mv	s1,a0
   18664:	a7cff0ef          	jal	178e0 <_vfiprintf_r>
   18668:	87aa                	mv	a5,a0
   1866a:	02055763          	bgez	a0,18698 <__sbprintf+0x80>
   1866e:	02015703          	lhu	a4,32(sp)
   18672:	04077713          	andi	a4,a4,64
   18676:	c719                	beqz	a4,18684 <__sbprintf+0x6c>
   18678:	01045703          	lhu	a4,16(s0)
   1867c:	04076713          	ori	a4,a4,64
   18680:	00e41823          	sh	a4,16(s0)
   18684:	4d813083          	ld	ra,1240(sp)
   18688:	4d013403          	ld	s0,1232(sp)
   1868c:	4c813483          	ld	s1,1224(sp)
   18690:	853e                	mv	a0,a5
   18692:	4e010113          	addi	sp,sp,1248
   18696:	8082                	ret
   18698:	e42a                	sd	a0,8(sp)
   1869a:	080c                	addi	a1,sp,16
   1869c:	8526                	mv	a0,s1
   1869e:	b73fb0ef          	jal	14210 <_fflush_r>
   186a2:	67a2                	ld	a5,8(sp)
   186a4:	d569                	beqz	a0,1866e <__sbprintf+0x56>
   186a6:	57fd                	li	a5,-1
   186a8:	b7d9                	j	1866e <__sbprintf+0x56>

00000000000186aa <abort>:
   186aa:	1141                	addi	sp,sp,-16
   186ac:	4519                	li	a0,6
   186ae:	e406                	sd	ra,8(sp)
   186b0:	184000ef          	jal	18834 <raise>
   186b4:	4505                	li	a0,1
   186b6:	376000ef          	jal	18a2c <_exit>

00000000000186ba <_init_signal_r>:
   186ba:	15053703          	ld	a4,336(a0)
   186be:	c319                	beqz	a4,186c4 <_init_signal_r+0xa>
   186c0:	4501                	li	a0,0
   186c2:	8082                	ret
   186c4:	1101                	addi	sp,sp,-32
   186c6:	10000593          	li	a1,256
   186ca:	ec06                	sd	ra,24(sp)
   186cc:	e42a                	sd	a0,8(sp)
   186ce:	fddf70ef          	jal	106aa <_malloc_r>
   186d2:	67a2                	ld	a5,8(sp)
   186d4:	14a7b823          	sd	a0,336(a5)
   186d8:	cd01                	beqz	a0,186f0 <_init_signal_r+0x36>
   186da:	10050793          	addi	a5,a0,256
   186de:	00053023          	sd	zero,0(a0)
   186e2:	0521                	addi	a0,a0,8
   186e4:	fef51de3          	bne	a0,a5,186de <_init_signal_r+0x24>
   186e8:	4501                	li	a0,0
   186ea:	60e2                	ld	ra,24(sp)
   186ec:	6105                	addi	sp,sp,32
   186ee:	8082                	ret
   186f0:	557d                	li	a0,-1
   186f2:	bfe5                	j	186ea <_init_signal_r+0x30>

00000000000186f4 <_signal_r>:
   186f4:	477d                	li	a4,31
   186f6:	00b76a63          	bltu	a4,a1,1870a <_signal_r+0x16>
   186fa:	15053703          	ld	a4,336(a0)
   186fe:	cb11                	beqz	a4,18712 <_signal_r+0x1e>
   18700:	058e                	slli	a1,a1,0x3
   18702:	972e                	add	a4,a4,a1
   18704:	6308                	ld	a0,0(a4)
   18706:	e310                	sd	a2,0(a4)
   18708:	8082                	ret
   1870a:	4759                	li	a4,22
   1870c:	c118                	sw	a4,0(a0)
   1870e:	557d                	li	a0,-1
   18710:	8082                	ret
   18712:	7179                	addi	sp,sp,-48
   18714:	e42e                	sd	a1,8(sp)
   18716:	10000593          	li	a1,256
   1871a:	e832                	sd	a2,16(sp)
   1871c:	f406                	sd	ra,40(sp)
   1871e:	ec2a                	sd	a0,24(sp)
   18720:	f8bf70ef          	jal	106aa <_malloc_r>
   18724:	66e2                	ld	a3,24(sp)
   18726:	872a                	mv	a4,a0
   18728:	10050593          	addi	a1,a0,256
   1872c:	14a6b823          	sd	a0,336(a3)
   18730:	67a2                	ld	a5,8(sp)
   18732:	86aa                	mv	a3,a0
   18734:	6642                	ld	a2,16(sp)
   18736:	557d                	li	a0,-1
   18738:	cb19                	beqz	a4,1874e <_signal_r+0x5a>
   1873a:	0006b023          	sd	zero,0(a3)
   1873e:	06a1                	addi	a3,a3,8
   18740:	feb69de3          	bne	a3,a1,1873a <_signal_r+0x46>
   18744:	00379593          	slli	a1,a5,0x3
   18748:	972e                	add	a4,a4,a1
   1874a:	6308                	ld	a0,0(a4)
   1874c:	e310                	sd	a2,0(a4)
   1874e:	70a2                	ld	ra,40(sp)
   18750:	6145                	addi	sp,sp,48
   18752:	8082                	ret

0000000000018754 <_raise_r>:
   18754:	47fd                	li	a5,31
   18756:	04b7ec63          	bltu	a5,a1,187ae <_raise_r+0x5a>
   1875a:	15053783          	ld	a5,336(a0)
   1875e:	1101                	addi	sp,sp,-32
   18760:	ec06                	sd	ra,24(sp)
   18762:	872a                	mv	a4,a0
   18764:	862e                	mv	a2,a1
   18766:	c785                	beqz	a5,1878e <_raise_r+0x3a>
   18768:	00359693          	slli	a3,a1,0x3
   1876c:	97b6                	add	a5,a5,a3
   1876e:	6394                	ld	a3,0(a5)
   18770:	ce99                	beqz	a3,1878e <_raise_r+0x3a>
   18772:	4505                	li	a0,1
   18774:	00a68963          	beq	a3,a0,18786 <_raise_r+0x32>
   18778:	55fd                	li	a1,-1
   1877a:	02b68563          	beq	a3,a1,187a4 <_raise_r+0x50>
   1877e:	0007b023          	sd	zero,0(a5)
   18782:	8532                	mv	a0,a2
   18784:	9682                	jalr	a3
   18786:	60e2                	ld	ra,24(sp)
   18788:	4501                	li	a0,0
   1878a:	6105                	addi	sp,sp,32
   1878c:	8082                	ret
   1878e:	853a                	mv	a0,a4
   18790:	e432                	sd	a2,8(sp)
   18792:	e03a                	sd	a4,0(sp)
   18794:	26c000ef          	jal	18a00 <_getpid_r>
   18798:	6622                	ld	a2,8(sp)
   1879a:	60e2                	ld	ra,24(sp)
   1879c:	85aa                	mv	a1,a0
   1879e:	6502                	ld	a0,0(sp)
   187a0:	6105                	addi	sp,sp,32
   187a2:	a415                	j	189c6 <_kill_r>
   187a4:	60e2                	ld	ra,24(sp)
   187a6:	47d9                	li	a5,22
   187a8:	c31c                	sw	a5,0(a4)
   187aa:	6105                	addi	sp,sp,32
   187ac:	8082                	ret
   187ae:	47d9                	li	a5,22
   187b0:	c11c                	sw	a5,0(a0)
   187b2:	557d                	li	a0,-1
   187b4:	8082                	ret

00000000000187b6 <__sigtramp_r>:
   187b6:	47fd                	li	a5,31
   187b8:	06b7ec63          	bltu	a5,a1,18830 <__sigtramp_r+0x7a>
   187bc:	15053783          	ld	a5,336(a0)
   187c0:	1101                	addi	sp,sp,-32
   187c2:	ec06                	sd	ra,24(sp)
   187c4:	872e                	mv	a4,a1
   187c6:	cf95                	beqz	a5,18802 <__sigtramp_r+0x4c>
   187c8:	00371693          	slli	a3,a4,0x3
   187cc:	97b6                	add	a5,a5,a3
   187ce:	6394                	ld	a3,0(a5)
   187d0:	ce99                	beqz	a3,187ee <__sigtramp_r+0x38>
   187d2:	567d                	li	a2,-1
   187d4:	02c68563          	beq	a3,a2,187fe <__sigtramp_r+0x48>
   187d8:	4605                	li	a2,1
   187da:	00c68e63          	beq	a3,a2,187f6 <__sigtramp_r+0x40>
   187de:	853a                	mv	a0,a4
   187e0:	0007b023          	sd	zero,0(a5)
   187e4:	9682                	jalr	a3
   187e6:	4501                	li	a0,0
   187e8:	60e2                	ld	ra,24(sp)
   187ea:	6105                	addi	sp,sp,32
   187ec:	8082                	ret
   187ee:	60e2                	ld	ra,24(sp)
   187f0:	4505                	li	a0,1
   187f2:	6105                	addi	sp,sp,32
   187f4:	8082                	ret
   187f6:	60e2                	ld	ra,24(sp)
   187f8:	450d                	li	a0,3
   187fa:	6105                	addi	sp,sp,32
   187fc:	8082                	ret
   187fe:	4509                	li	a0,2
   18800:	b7e5                	j	187e8 <__sigtramp_r+0x32>
   18802:	e42e                	sd	a1,8(sp)
   18804:	10000593          	li	a1,256
   18808:	e02a                	sd	a0,0(sp)
   1880a:	ea1f70ef          	jal	106aa <_malloc_r>
   1880e:	6682                	ld	a3,0(sp)
   18810:	87aa                	mv	a5,a0
   18812:	14a6b823          	sd	a0,336(a3)
   18816:	c919                	beqz	a0,1882c <__sigtramp_r+0x76>
   18818:	6722                	ld	a4,8(sp)
   1881a:	86aa                	mv	a3,a0
   1881c:	10050613          	addi	a2,a0,256
   18820:	0006b023          	sd	zero,0(a3)
   18824:	06a1                	addi	a3,a3,8
   18826:	fec69de3          	bne	a3,a2,18820 <__sigtramp_r+0x6a>
   1882a:	bf79                	j	187c8 <__sigtramp_r+0x12>
   1882c:	557d                	li	a0,-1
   1882e:	bf6d                	j	187e8 <__sigtramp_r+0x32>
   18830:	557d                	li	a0,-1
   18832:	8082                	ret

0000000000018834 <raise>:
   18834:	47fd                	li	a5,31
   18836:	2281b803          	ld	a6,552(gp) # 1c2f8 <_impure_ptr>
   1883a:	04a7ec63          	bltu	a5,a0,18892 <raise+0x5e>
   1883e:	15083783          	ld	a5,336(a6)
   18842:	1101                	addi	sp,sp,-32
   18844:	ec06                	sd	ra,24(sp)
   18846:	862a                	mv	a2,a0
   18848:	c39d                	beqz	a5,1886e <raise+0x3a>
   1884a:	00351713          	slli	a4,a0,0x3
   1884e:	97ba                	add	a5,a5,a4
   18850:	6398                	ld	a4,0(a5)
   18852:	cf11                	beqz	a4,1886e <raise+0x3a>
   18854:	4685                	li	a3,1
   18856:	00d70863          	beq	a4,a3,18866 <raise+0x32>
   1885a:	567d                	li	a2,-1
   1885c:	02c70463          	beq	a4,a2,18884 <raise+0x50>
   18860:	0007b023          	sd	zero,0(a5)
   18864:	9702                	jalr	a4
   18866:	60e2                	ld	ra,24(sp)
   18868:	4501                	li	a0,0
   1886a:	6105                	addi	sp,sp,32
   1886c:	8082                	ret
   1886e:	8542                	mv	a0,a6
   18870:	e432                	sd	a2,8(sp)
   18872:	e042                	sd	a6,0(sp)
   18874:	18c000ef          	jal	18a00 <_getpid_r>
   18878:	6622                	ld	a2,8(sp)
   1887a:	60e2                	ld	ra,24(sp)
   1887c:	85aa                	mv	a1,a0
   1887e:	6502                	ld	a0,0(sp)
   18880:	6105                	addi	sp,sp,32
   18882:	a291                	j	189c6 <_kill_r>
   18884:	60e2                	ld	ra,24(sp)
   18886:	47d9                	li	a5,22
   18888:	00f82023          	sw	a5,0(a6)
   1888c:	8536                	mv	a0,a3
   1888e:	6105                	addi	sp,sp,32
   18890:	8082                	ret
   18892:	47d9                	li	a5,22
   18894:	00f82023          	sw	a5,0(a6)
   18898:	557d                	li	a0,-1
   1889a:	8082                	ret

000000000001889c <signal>:
   1889c:	47fd                	li	a5,31
   1889e:	2281b603          	ld	a2,552(gp) # 1c2f8 <_impure_ptr>
   188a2:	00a7ea63          	bltu	a5,a0,188b6 <signal+0x1a>
   188a6:	15063703          	ld	a4,336(a2)
   188aa:	cb11                	beqz	a4,188be <signal+0x22>
   188ac:	050e                	slli	a0,a0,0x3
   188ae:	972a                	add	a4,a4,a0
   188b0:	6308                	ld	a0,0(a4)
   188b2:	e30c                	sd	a1,0(a4)
   188b4:	8082                	ret
   188b6:	47d9                	li	a5,22
   188b8:	c21c                	sw	a5,0(a2)
   188ba:	557d                	li	a0,-1
   188bc:	8082                	ret
   188be:	7179                	addi	sp,sp,-48
   188c0:	ec2e                	sd	a1,24(sp)
   188c2:	e82a                	sd	a0,16(sp)
   188c4:	10000593          	li	a1,256
   188c8:	8532                	mv	a0,a2
   188ca:	e432                	sd	a2,8(sp)
   188cc:	f406                	sd	ra,40(sp)
   188ce:	dddf70ef          	jal	106aa <_malloc_r>
   188d2:	6622                	ld	a2,8(sp)
   188d4:	872a                	mv	a4,a0
   188d6:	10050593          	addi	a1,a0,256
   188da:	14a63823          	sd	a0,336(a2)
   188de:	67c2                	ld	a5,16(sp)
   188e0:	862a                	mv	a2,a0
   188e2:	66e2                	ld	a3,24(sp)
   188e4:	557d                	li	a0,-1
   188e6:	cb19                	beqz	a4,188fc <signal+0x60>
   188e8:	00063023          	sd	zero,0(a2)
   188ec:	0621                	addi	a2,a2,8
   188ee:	fec59de3          	bne	a1,a2,188e8 <signal+0x4c>
   188f2:	00379513          	slli	a0,a5,0x3
   188f6:	972a                	add	a4,a4,a0
   188f8:	6308                	ld	a0,0(a4)
   188fa:	e314                	sd	a3,0(a4)
   188fc:	70a2                	ld	ra,40(sp)
   188fe:	6145                	addi	sp,sp,48
   18900:	8082                	ret

0000000000018902 <_init_signal>:
   18902:	2281b783          	ld	a5,552(gp) # 1c2f8 <_impure_ptr>
   18906:	1507b703          	ld	a4,336(a5)
   1890a:	c319                	beqz	a4,18910 <_init_signal+0xe>
   1890c:	4501                	li	a0,0
   1890e:	8082                	ret
   18910:	1101                	addi	sp,sp,-32
   18912:	853e                	mv	a0,a5
   18914:	10000593          	li	a1,256
   18918:	e43e                	sd	a5,8(sp)
   1891a:	ec06                	sd	ra,24(sp)
   1891c:	d8ff70ef          	jal	106aa <_malloc_r>
   18920:	67a2                	ld	a5,8(sp)
   18922:	14a7b823          	sd	a0,336(a5)
   18926:	cd01                	beqz	a0,1893e <_init_signal+0x3c>
   18928:	10050793          	addi	a5,a0,256
   1892c:	00053023          	sd	zero,0(a0)
   18930:	0521                	addi	a0,a0,8
   18932:	fef51de3          	bne	a0,a5,1892c <_init_signal+0x2a>
   18936:	4501                	li	a0,0
   18938:	60e2                	ld	ra,24(sp)
   1893a:	6105                	addi	sp,sp,32
   1893c:	8082                	ret
   1893e:	557d                	li	a0,-1
   18940:	bfe5                	j	18938 <_init_signal+0x36>

0000000000018942 <__sigtramp>:
   18942:	47fd                	li	a5,31
   18944:	06a7ef63          	bltu	a5,a0,189c2 <__sigtramp+0x80>
   18948:	2281b683          	ld	a3,552(gp) # 1c2f8 <_impure_ptr>
   1894c:	1101                	addi	sp,sp,-32
   1894e:	ec06                	sd	ra,24(sp)
   18950:	1506b783          	ld	a5,336(a3)
   18954:	872a                	mv	a4,a0
   18956:	cf95                	beqz	a5,18992 <__sigtramp+0x50>
   18958:	00371693          	slli	a3,a4,0x3
   1895c:	97b6                	add	a5,a5,a3
   1895e:	6394                	ld	a3,0(a5)
   18960:	ce99                	beqz	a3,1897e <__sigtramp+0x3c>
   18962:	567d                	li	a2,-1
   18964:	02c68563          	beq	a3,a2,1898e <__sigtramp+0x4c>
   18968:	4605                	li	a2,1
   1896a:	00c68e63          	beq	a3,a2,18986 <__sigtramp+0x44>
   1896e:	853a                	mv	a0,a4
   18970:	0007b023          	sd	zero,0(a5)
   18974:	9682                	jalr	a3
   18976:	4501                	li	a0,0
   18978:	60e2                	ld	ra,24(sp)
   1897a:	6105                	addi	sp,sp,32
   1897c:	8082                	ret
   1897e:	60e2                	ld	ra,24(sp)
   18980:	4505                	li	a0,1
   18982:	6105                	addi	sp,sp,32
   18984:	8082                	ret
   18986:	60e2                	ld	ra,24(sp)
   18988:	450d                	li	a0,3
   1898a:	6105                	addi	sp,sp,32
   1898c:	8082                	ret
   1898e:	4509                	li	a0,2
   18990:	b7e5                	j	18978 <__sigtramp+0x36>
   18992:	e42a                	sd	a0,8(sp)
   18994:	10000593          	li	a1,256
   18998:	8536                	mv	a0,a3
   1899a:	e036                	sd	a3,0(sp)
   1899c:	d0ff70ef          	jal	106aa <_malloc_r>
   189a0:	6682                	ld	a3,0(sp)
   189a2:	87aa                	mv	a5,a0
   189a4:	14a6b823          	sd	a0,336(a3)
   189a8:	c919                	beqz	a0,189be <__sigtramp+0x7c>
   189aa:	6722                	ld	a4,8(sp)
   189ac:	86aa                	mv	a3,a0
   189ae:	10050613          	addi	a2,a0,256
   189b2:	0006b023          	sd	zero,0(a3)
   189b6:	06a1                	addi	a3,a3,8
   189b8:	fed61de3          	bne	a2,a3,189b2 <__sigtramp+0x70>
   189bc:	bf71                	j	18958 <__sigtramp+0x16>
   189be:	557d                	li	a0,-1
   189c0:	bf65                	j	18978 <__sigtramp+0x36>
   189c2:	557d                	li	a0,-1
   189c4:	8082                	ret

00000000000189c6 <_kill_r>:
   189c6:	1101                	addi	sp,sp,-32
   189c8:	87ae                	mv	a5,a1
   189ca:	e822                	sd	s0,16(sp)
   189cc:	e426                	sd	s1,8(sp)
   189ce:	85b2                	mv	a1,a2
   189d0:	84aa                	mv	s1,a0
   189d2:	853e                	mv	a0,a5
   189d4:	ec06                	sd	ra,24(sp)
   189d6:	2401ac23          	sw	zero,600(gp) # 1c328 <errno>
   189da:	0e0000ef          	jal	18aba <_kill>
   189de:	57fd                	li	a5,-1
   189e0:	00f50763          	beq	a0,a5,189ee <_kill_r+0x28>
   189e4:	60e2                	ld	ra,24(sp)
   189e6:	6442                	ld	s0,16(sp)
   189e8:	64a2                	ld	s1,8(sp)
   189ea:	6105                	addi	sp,sp,32
   189ec:	8082                	ret
   189ee:	2581a783          	lw	a5,600(gp) # 1c328 <errno>
   189f2:	dbed                	beqz	a5,189e4 <_kill_r+0x1e>
   189f4:	60e2                	ld	ra,24(sp)
   189f6:	6442                	ld	s0,16(sp)
   189f8:	c09c                	sw	a5,0(s1)
   189fa:	64a2                	ld	s1,8(sp)
   189fc:	6105                	addi	sp,sp,32
   189fe:	8082                	ret

0000000000018a00 <_getpid_r>:
   18a00:	a841                	j	18a90 <_getpid>

0000000000018a02 <_close>:
   18a02:	03900893          	li	a7,57
   18a06:	00000073          	ecall
   18a0a:	00054463          	bltz	a0,18a12 <_close+0x10>
   18a0e:	2501                	sext.w	a0,a0
   18a10:	8082                	ret
   18a12:	1101                	addi	sp,sp,-32
   18a14:	ec06                	sd	ra,24(sp)
   18a16:	e42a                	sd	a0,8(sp)
   18a18:	f07f80ef          	jal	1191e <__errno>
   18a1c:	67a2                	ld	a5,8(sp)
   18a1e:	60e2                	ld	ra,24(sp)
   18a20:	40f007bb          	negw	a5,a5
   18a24:	c11c                	sw	a5,0(a0)
   18a26:	557d                	li	a0,-1
   18a28:	6105                	addi	sp,sp,32
   18a2a:	8082                	ret

0000000000018a2c <_exit>:
   18a2c:	05d00893          	li	a7,93
   18a30:	00000073          	ecall
   18a34:	00054363          	bltz	a0,18a3a <_exit+0xe>
   18a38:	a001                	j	18a38 <_exit+0xc>
   18a3a:	1101                	addi	sp,sp,-32
   18a3c:	ec06                	sd	ra,24(sp)
   18a3e:	e42a                	sd	a0,8(sp)
   18a40:	edff80ef          	jal	1191e <__errno>
   18a44:	67a2                	ld	a5,8(sp)
   18a46:	40f007bb          	negw	a5,a5
   18a4a:	c11c                	sw	a5,0(a0)
   18a4c:	a001                	j	18a4c <_exit+0x20>

0000000000018a4e <_fstat>:
   18a4e:	7135                	addi	sp,sp,-160
   18a50:	872e                	mv	a4,a1
   18a52:	ed06                	sd	ra,152(sp)
   18a54:	e922                	sd	s0,144(sp)
   18a56:	05000893          	li	a7,80
   18a5a:	080c                	addi	a1,sp,16
   18a5c:	00000073          	ecall
   18a60:	00054d63          	bltz	a0,18a7a <_fstat+0x2c>
   18a64:	0005041b          	sext.w	s0,a0
   18a68:	080c                	addi	a1,sp,16
   18a6a:	853a                	mv	a0,a4
   18a6c:	134000ef          	jal	18ba0 <_conv_stat>
   18a70:	60ea                	ld	ra,152(sp)
   18a72:	8522                	mv	a0,s0
   18a74:	644a                	ld	s0,144(sp)
   18a76:	610d                	addi	sp,sp,160
   18a78:	8082                	ret
   18a7a:	e03a                	sd	a4,0(sp)
   18a7c:	e42a                	sd	a0,8(sp)
   18a7e:	ea1f80ef          	jal	1191e <__errno>
   18a82:	67a2                	ld	a5,8(sp)
   18a84:	6702                	ld	a4,0(sp)
   18a86:	547d                	li	s0,-1
   18a88:	40f007bb          	negw	a5,a5
   18a8c:	c11c                	sw	a5,0(a0)
   18a8e:	bfe9                	j	18a68 <_fstat+0x1a>

0000000000018a90 <_getpid>:
   18a90:	4505                	li	a0,1
   18a92:	8082                	ret

0000000000018a94 <_isatty>:
   18a94:	7119                	addi	sp,sp,-128
   18a96:	002c                	addi	a1,sp,8
   18a98:	fc86                	sd	ra,120(sp)
   18a9a:	fb5ff0ef          	jal	18a4e <_fstat>
   18a9e:	57fd                	li	a5,-1
   18aa0:	00f50963          	beq	a0,a5,18ab2 <_isatty+0x1e>
   18aa4:	4532                	lw	a0,12(sp)
   18aa6:	70e6                	ld	ra,120(sp)
   18aa8:	00d5551b          	srliw	a0,a0,0xd
   18aac:	8905                	andi	a0,a0,1
   18aae:	6109                	addi	sp,sp,128
   18ab0:	8082                	ret
   18ab2:	70e6                	ld	ra,120(sp)
   18ab4:	4501                	li	a0,0
   18ab6:	6109                	addi	sp,sp,128
   18ab8:	8082                	ret

0000000000018aba <_kill>:
   18aba:	1141                	addi	sp,sp,-16
   18abc:	e406                	sd	ra,8(sp)
   18abe:	e61f80ef          	jal	1191e <__errno>
   18ac2:	60a2                	ld	ra,8(sp)
   18ac4:	47d9                	li	a5,22
   18ac6:	c11c                	sw	a5,0(a0)
   18ac8:	557d                	li	a0,-1
   18aca:	0141                	addi	sp,sp,16
   18acc:	8082                	ret

0000000000018ace <_lseek>:
   18ace:	03e00893          	li	a7,62
   18ad2:	00000073          	ecall
   18ad6:	00054363          	bltz	a0,18adc <_lseek+0xe>
   18ada:	8082                	ret
   18adc:	1101                	addi	sp,sp,-32
   18ade:	ec06                	sd	ra,24(sp)
   18ae0:	e42a                	sd	a0,8(sp)
   18ae2:	e3df80ef          	jal	1191e <__errno>
   18ae6:	67a2                	ld	a5,8(sp)
   18ae8:	60e2                	ld	ra,24(sp)
   18aea:	40f007bb          	negw	a5,a5
   18aee:	c11c                	sw	a5,0(a0)
   18af0:	57fd                	li	a5,-1
   18af2:	853e                	mv	a0,a5
   18af4:	6105                	addi	sp,sp,32
   18af6:	8082                	ret

0000000000018af8 <_read>:
   18af8:	03f00893          	li	a7,63
   18afc:	00000073          	ecall
   18b00:	00054363          	bltz	a0,18b06 <_read+0xe>
   18b04:	8082                	ret
   18b06:	1101                	addi	sp,sp,-32
   18b08:	ec06                	sd	ra,24(sp)
   18b0a:	e42a                	sd	a0,8(sp)
   18b0c:	e13f80ef          	jal	1191e <__errno>
   18b10:	67a2                	ld	a5,8(sp)
   18b12:	60e2                	ld	ra,24(sp)
   18b14:	40f007bb          	negw	a5,a5
   18b18:	c11c                	sw	a5,0(a0)
   18b1a:	57fd                	li	a5,-1
   18b1c:	853e                	mv	a0,a5
   18b1e:	6105                	addi	sp,sp,32
   18b20:	8082                	ret

0000000000018b22 <_sbrk>:
   18b22:	2701b783          	ld	a5,624(gp) # 1c340 <heap_end.0>
   18b26:	1141                	addi	sp,sp,-16
   18b28:	e406                	sd	ra,8(sp)
   18b2a:	872a                	mv	a4,a0
   18b2c:	ef81                	bnez	a5,18b44 <_sbrk+0x22>
   18b2e:	0d600893          	li	a7,214
   18b32:	4501                	li	a0,0
   18b34:	00000073          	ecall
   18b38:	57fd                	li	a5,-1
   18b3a:	02f50663          	beq	a0,a5,18b66 <_sbrk+0x44>
   18b3e:	87aa                	mv	a5,a0
   18b40:	26a1b823          	sd	a0,624(gp) # 1c340 <heap_end.0>
   18b44:	00f70533          	add	a0,a4,a5
   18b48:	0d600893          	li	a7,214
   18b4c:	00000073          	ecall
   18b50:	2701b783          	ld	a5,624(gp) # 1c340 <heap_end.0>
   18b54:	973e                	add	a4,a4,a5
   18b56:	00e51863          	bne	a0,a4,18b66 <_sbrk+0x44>
   18b5a:	60a2                	ld	ra,8(sp)
   18b5c:	26a1b823          	sd	a0,624(gp) # 1c340 <heap_end.0>
   18b60:	853e                	mv	a0,a5
   18b62:	0141                	addi	sp,sp,16
   18b64:	8082                	ret
   18b66:	db9f80ef          	jal	1191e <__errno>
   18b6a:	60a2                	ld	ra,8(sp)
   18b6c:	47b1                	li	a5,12
   18b6e:	c11c                	sw	a5,0(a0)
   18b70:	557d                	li	a0,-1
   18b72:	0141                	addi	sp,sp,16
   18b74:	8082                	ret

0000000000018b76 <_write>:
   18b76:	04000893          	li	a7,64
   18b7a:	00000073          	ecall
   18b7e:	00054363          	bltz	a0,18b84 <_write+0xe>
   18b82:	8082                	ret
   18b84:	1101                	addi	sp,sp,-32
   18b86:	ec06                	sd	ra,24(sp)
   18b88:	e42a                	sd	a0,8(sp)
   18b8a:	d95f80ef          	jal	1191e <__errno>
   18b8e:	67a2                	ld	a5,8(sp)
   18b90:	60e2                	ld	ra,24(sp)
   18b92:	40f007bb          	negw	a5,a5
   18b96:	c11c                	sw	a5,0(a0)
   18b98:	57fd                	li	a5,-1
   18b9a:	853e                	mv	a0,a5
   18b9c:	6105                	addi	sp,sp,32
   18b9e:	8082                	ret

0000000000018ba0 <_conv_stat>:
   18ba0:	4990                	lw	a2,16(a1)
   18ba2:	6198                	ld	a4,0(a1)
   18ba4:	659c                	ld	a5,8(a1)
   18ba6:	cce17057          	vsetivli	zero,2,e16,mf4,ta,ma
   18baa:	c150                	sw	a2,4(a0)
   18bac:	01458693          	addi	a3,a1,20
   18bb0:	0206e087          	vle32.v	v1,(a3)
   18bb4:	00e51023          	sh	a4,0(a0)
   18bb8:	00f51123          	sh	a5,2(a0)
   18bbc:	00850793          	addi	a5,a0,8
   18bc0:	01c5ae03          	lw	t3,28(a1)
   18bc4:	0205b303          	ld	t1,32(a1)
   18bc8:	b21030d7          	vnsrl.wi	v1,v1,0
   18bcc:	0305b883          	ld	a7,48(a1)
   18bd0:	0405b803          	ld	a6,64(a1)
   18bd4:	0207d0a7          	vse16.v	v1,(a5)
   18bd8:	5d90                	lw	a2,56(a1)
   18bda:	65b4                	ld	a3,72(a1)
   18bdc:	6db8                	ld	a4,88(a1)
   18bde:	75bc                	ld	a5,104(a1)
   18be0:	01c51623          	sh	t3,12(a0)
   18be4:	00651723          	sh	t1,14(a0)
   18be8:	01153823          	sd	a7,16(a0)
   18bec:	05053823          	sd	a6,80(a0)
   18bf0:	e530                	sd	a2,72(a0)
   18bf2:	ed14                	sd	a3,24(a0)
   18bf4:	f518                	sd	a4,40(a0)
   18bf6:	fd1c                	sd	a5,56(a0)
   18bf8:	8082                	ret

0000000000018bfa <__eqtf2>:
   18bfa:	002027f3          	frrm	a5
   18bfe:	68a1                	lui	a7,0x8
   18c00:	0305d813          	srli	a6,a1,0x30
   18c04:	18fd                	addi	a7,a7,-1 # 7fff <exit-0x8121>
   18c06:	577d                	li	a4,-1
   18c08:	8341                	srli	a4,a4,0x10
   18c0a:	0306d793          	srli	a5,a3,0x30
   18c0e:	01187833          	and	a6,a6,a7
   18c12:	00e5f333          	and	t1,a1,a4
   18c16:	0117f7b3          	and	a5,a5,a7
   18c1a:	8f75                	and	a4,a4,a3
   18c1c:	91fd                	srli	a1,a1,0x3f
   18c1e:	92fd                	srli	a3,a3,0x3f
   18c20:	01181a63          	bne	a6,a7,18c34 <__eqtf2+0x3a>
   18c24:	006568b3          	or	a7,a0,t1
   18c28:	02089063          	bnez	a7,18c48 <__eqtf2+0x4e>
   18c2c:	01078663          	beq	a5,a6,18c38 <__eqtf2+0x3e>
   18c30:	4785                	li	a5,1
   18c32:	a0ad                	j	18c9c <__eqtf2+0xa2>
   18c34:	05179063          	bne	a5,a7,18c74 <__eqtf2+0x7a>
   18c38:	00e668b3          	or	a7,a2,a4
   18c3c:	02088c63          	beqz	a7,18c74 <__eqtf2+0x7a>
   18c40:	66a1                	lui	a3,0x8
   18c42:	16fd                	addi	a3,a3,-1 # 7fff <exit-0x8121>
   18c44:	00d81e63          	bne	a6,a3,18c60 <__eqtf2+0x66>
   18c48:	00656533          	or	a0,a0,t1
   18c4c:	c509                	beqz	a0,18c56 <__eqtf2+0x5c>
   18c4e:	4685                	li	a3,1
   18c50:	16be                	slli	a3,a3,0x2f
   18c52:	00d36d63          	bltu	t1,a3,18c6c <__eqtf2+0x72>
   18c56:	66a1                	lui	a3,0x8
   18c58:	16fd                	addi	a3,a3,-1 # 7fff <exit-0x8121>
   18c5a:	4505                	li	a0,1
   18c5c:	04d79263          	bne	a5,a3,18ca0 <__eqtf2+0xa6>
   18c60:	8e59                	or	a2,a2,a4
   18c62:	c619                	beqz	a2,18c70 <__eqtf2+0x76>
   18c64:	4785                	li	a5,1
   18c66:	17be                	slli	a5,a5,0x2f
   18c68:	00f77463          	bgeu	a4,a5,18c70 <__eqtf2+0x76>
   18c6c:	00186073          	csrsi	fflags,16
   18c70:	4505                	li	a0,1
   18c72:	8082                	ret
   18c74:	40f807b3          	sub	a5,a6,a5
   18c78:	8e09                	sub	a2,a2,a0
   18c7a:	00f037b3          	snez	a5,a5
   18c7e:	00c03633          	snez	a2,a2
   18c82:	8fd1                	or	a5,a5,a2
   18c84:	f7d5                	bnez	a5,18c30 <__eqtf2+0x36>
   18c86:	fae315e3          	bne	t1,a4,18c30 <__eqtf2+0x36>
   18c8a:	00d58963          	beq	a1,a3,18c9c <__eqtf2+0xa2>
   18c8e:	4785                	li	a5,1
   18c90:	00081663          	bnez	a6,18c9c <__eqtf2+0xa2>
   18c94:	006567b3          	or	a5,a0,t1
   18c98:	00f037b3          	snez	a5,a5
   18c9c:	853e                	mv	a0,a5
   18c9e:	8082                	ret
   18ca0:	8082                	ret

0000000000018ca2 <__getf2>:
   18ca2:	002027f3          	frrm	a5
   18ca6:	67a1                	lui	a5,0x8
   18ca8:	0305d813          	srli	a6,a1,0x30
   18cac:	17fd                	addi	a5,a5,-1 # 7fff <exit-0x8121>
   18cae:	537d                	li	t1,-1
   18cb0:	01035313          	srli	t1,t1,0x10
   18cb4:	0306d713          	srli	a4,a3,0x30
   18cb8:	00f87833          	and	a6,a6,a5
   18cbc:	0065f8b3          	and	a7,a1,t1
   18cc0:	8f7d                	and	a4,a4,a5
   18cc2:	91fd                	srli	a1,a1,0x3f
   18cc4:	03f6de13          	srli	t3,a3,0x3f
   18cc8:	04f80063          	beq	a6,a5,18d08 <__getf2+0x66>
   18ccc:	0066f6b3          	and	a3,a3,t1
   18cd0:	6321                	lui	t1,0x8
   18cd2:	137d                	addi	t1,t1,-1 # 7fff <exit-0x8121>
   18cd4:	87ba                	mv	a5,a4
   18cd6:	00671663          	bne	a4,t1,18ce2 <__getf2+0x40>
   18cda:	00c6e333          	or	t1,a3,a2
   18cde:	02031863          	bnez	t1,18d0e <__getf2+0x6c>
   18ce2:	4301                	li	t1,0
   18ce4:	00081663          	bnez	a6,18cf0 <__getf2+0x4e>
   18ce8:	00a8e333          	or	t1,a7,a0
   18cec:	00133313          	seqz	t1,t1
   18cf0:	eb29                	bnez	a4,18d42 <__getf2+0xa0>
   18cf2:	00c6eeb3          	or	t4,a3,a2
   18cf6:	02030063          	beqz	t1,18d16 <__getf2+0x74>
   18cfa:	020e8263          	beqz	t4,18d1e <__getf2+0x7c>
   18cfe:	4785                	li	a5,1
   18d00:	000e1f63          	bnez	t3,18d1e <__getf2+0x7c>
   18d04:	57fd                	li	a5,-1
   18d06:	a821                	j	18d1e <__getf2+0x7c>
   18d08:	00a8e7b3          	or	a5,a7,a0
   18d0c:	d3e1                	beqz	a5,18ccc <__getf2+0x2a>
   18d0e:	00186073          	csrsi	fflags,16
   18d12:	57f9                	li	a5,-2
   18d14:	a029                	j	18d1e <__getf2+0x7c>
   18d16:	020e9863          	bnez	t4,18d46 <__getf2+0xa4>
   18d1a:	57fd                	li	a5,-1
   18d1c:	cd85                	beqz	a1,18d54 <__getf2+0xb2>
   18d1e:	853e                	mv	a0,a5
   18d20:	8082                	ret
   18d22:	fce84ee3          	blt	a6,a4,18cfe <__getf2+0x5c>
   18d26:	ff16eae3          	bltu	a3,a7,18d1a <__getf2+0x78>
   18d2a:	00a67463          	bgeu	a2,a0,18d32 <__getf2+0x90>
   18d2e:	fed886e3          	beq	a7,a3,18d1a <__getf2+0x78>
   18d32:	00c56563          	bltu	a0,a2,18d3c <__getf2+0x9a>
   18d36:	4781                	li	a5,0
   18d38:	fed8f3e3          	bgeu	a7,a3,18d1e <__getf2+0x7c>
   18d3c:	4785                	li	a5,1
   18d3e:	f1e5                	bnez	a1,18d1e <__getf2+0x7c>
   18d40:	b7d1                	j	18d04 <__getf2+0x62>
   18d42:	fa031ee3          	bnez	t1,18cfe <__getf2+0x5c>
   18d46:	fcbe1ae3          	bne	t3,a1,18d1a <__getf2+0x78>
   18d4a:	fd075ce3          	bge	a4,a6,18d22 <__getf2+0x80>
   18d4e:	57fd                	li	a5,-1
   18d50:	fc0e17e3          	bnez	t3,18d1e <__getf2+0x7c>
   18d54:	4785                	li	a5,1
   18d56:	b7e1                	j	18d1e <__getf2+0x7c>

0000000000018d58 <__letf2>:
   18d58:	002027f3          	frrm	a5
   18d5c:	67a1                	lui	a5,0x8
   18d5e:	0305d813          	srli	a6,a1,0x30
   18d62:	17fd                	addi	a5,a5,-1 # 7fff <exit-0x8121>
   18d64:	537d                	li	t1,-1
   18d66:	01035313          	srli	t1,t1,0x10
   18d6a:	0306d713          	srli	a4,a3,0x30
   18d6e:	00f87833          	and	a6,a6,a5
   18d72:	0065f8b3          	and	a7,a1,t1
   18d76:	8f7d                	and	a4,a4,a5
   18d78:	91fd                	srli	a1,a1,0x3f
   18d7a:	03f6de13          	srli	t3,a3,0x3f
   18d7e:	04f80063          	beq	a6,a5,18dbe <__letf2+0x66>
   18d82:	0066f6b3          	and	a3,a3,t1
   18d86:	6321                	lui	t1,0x8
   18d88:	137d                	addi	t1,t1,-1 # 7fff <exit-0x8121>
   18d8a:	87ba                	mv	a5,a4
   18d8c:	00671663          	bne	a4,t1,18d98 <__letf2+0x40>
   18d90:	00c6e333          	or	t1,a3,a2
   18d94:	02031863          	bnez	t1,18dc4 <__letf2+0x6c>
   18d98:	4301                	li	t1,0
   18d9a:	00081663          	bnez	a6,18da6 <__letf2+0x4e>
   18d9e:	00a8e333          	or	t1,a7,a0
   18da2:	00133313          	seqz	t1,t1
   18da6:	eb29                	bnez	a4,18df8 <__letf2+0xa0>
   18da8:	00c6eeb3          	or	t4,a3,a2
   18dac:	02030063          	beqz	t1,18dcc <__letf2+0x74>
   18db0:	020e8263          	beqz	t4,18dd4 <__letf2+0x7c>
   18db4:	4785                	li	a5,1
   18db6:	000e1f63          	bnez	t3,18dd4 <__letf2+0x7c>
   18dba:	57fd                	li	a5,-1
   18dbc:	a821                	j	18dd4 <__letf2+0x7c>
   18dbe:	00a8e7b3          	or	a5,a7,a0
   18dc2:	d3e1                	beqz	a5,18d82 <__letf2+0x2a>
   18dc4:	00186073          	csrsi	fflags,16
   18dc8:	4789                	li	a5,2
   18dca:	a029                	j	18dd4 <__letf2+0x7c>
   18dcc:	020e9863          	bnez	t4,18dfc <__letf2+0xa4>
   18dd0:	57fd                	li	a5,-1
   18dd2:	cd85                	beqz	a1,18e0a <__letf2+0xb2>
   18dd4:	853e                	mv	a0,a5
   18dd6:	8082                	ret
   18dd8:	fce84ee3          	blt	a6,a4,18db4 <__letf2+0x5c>
   18ddc:	ff16eae3          	bltu	a3,a7,18dd0 <__letf2+0x78>
   18de0:	00a67463          	bgeu	a2,a0,18de8 <__letf2+0x90>
   18de4:	fed886e3          	beq	a7,a3,18dd0 <__letf2+0x78>
   18de8:	00c56563          	bltu	a0,a2,18df2 <__letf2+0x9a>
   18dec:	4781                	li	a5,0
   18dee:	fed8f3e3          	bgeu	a7,a3,18dd4 <__letf2+0x7c>
   18df2:	4785                	li	a5,1
   18df4:	f1e5                	bnez	a1,18dd4 <__letf2+0x7c>
   18df6:	b7d1                	j	18dba <__letf2+0x62>
   18df8:	fa031ee3          	bnez	t1,18db4 <__letf2+0x5c>
   18dfc:	fcbe1ae3          	bne	t3,a1,18dd0 <__letf2+0x78>
   18e00:	fd075ce3          	bge	a4,a6,18dd8 <__letf2+0x80>
   18e04:	57fd                	li	a5,-1
   18e06:	fc0e17e3          	bnez	t3,18dd4 <__letf2+0x7c>
   18e0a:	4785                	li	a5,1
   18e0c:	b7e1                	j	18dd4 <__letf2+0x7c>

0000000000018e0e <__multf3>:
   18e0e:	711d                	addi	sp,sp,-96
   18e10:	e8a2                	sd	s0,80(sp)
   18e12:	f852                	sd	s4,48(sp)
   18e14:	e862                	sd	s8,16(sp)
   18e16:	ec86                	sd	ra,88(sp)
   18e18:	e4a6                	sd	s1,72(sp)
   18e1a:	e0ca                	sd	s2,64(sp)
   18e1c:	fc4e                	sd	s3,56(sp)
   18e1e:	f456                	sd	s5,40(sp)
   18e20:	f05a                	sd	s6,32(sp)
   18e22:	ec5e                	sd	s7,24(sp)
   18e24:	e466                	sd	s9,8(sp)
   18e26:	842a                	mv	s0,a0
   18e28:	8c32                	mv	s8,a2
   18e2a:	8a36                	mv	s4,a3
   18e2c:	002029f3          	frrm	s3
   18e30:	67a1                	lui	a5,0x8
   18e32:	0305db13          	srli	s6,a1,0x30
   18e36:	17fd                	addi	a5,a5,-1 # 7fff <exit-0x8121>
   18e38:	01059913          	slli	s2,a1,0x10
   18e3c:	00fb7b33          	and	s6,s6,a5
   18e40:	2981                	sext.w	s3,s3
   18e42:	01095913          	srli	s2,s2,0x10
   18e46:	03f5da93          	srli	s5,a1,0x3f
   18e4a:	020b0563          	beqz	s6,18e74 <__multf3+0x66>
   18e4e:	08fb0363          	beq	s6,a5,18ed4 <__multf3+0xc6>
   18e52:	090e                	slli	s2,s2,0x3
   18e54:	03d55793          	srli	a5,a0,0x3d
   18e58:	0127e7b3          	or	a5,a5,s2
   18e5c:	4905                	li	s2,1
   18e5e:	194e                	slli	s2,s2,0x33
   18e60:	0127e933          	or	s2,a5,s2
   18e64:	77f1                	lui	a5,0xffffc
   18e66:	0785                	addi	a5,a5,1 # ffffffffffffc001 <__BSS_END__+0xfffffffffffdf731>
   18e68:	00351b93          	slli	s7,a0,0x3
   18e6c:	9b3e                	add	s6,s6,a5
   18e6e:	4c81                	li	s9,0
   18e70:	4481                	li	s1,0
   18e72:	a8b5                	j	18eee <__multf3+0xe0>
   18e74:	01256bb3          	or	s7,a0,s2
   18e78:	0e0b8963          	beqz	s7,18f6a <__multf3+0x15c>
   18e7c:	02090d63          	beqz	s2,18eb6 <__multf3+0xa8>
   18e80:	854a                	mv	a0,s2
   18e82:	7a5000ef          	jal	19e26 <__clzdi2>
   18e86:	2501                	sext.w	a0,a0
   18e88:	ff150793          	addi	a5,a0,-15
   18e8c:	03d00713          	li	a4,61
   18e90:	0037869b          	addiw	a3,a5,3
   18e94:	40f707bb          	subw	a5,a4,a5
   18e98:	00d91933          	sll	s2,s2,a3
   18e9c:	00f457b3          	srl	a5,s0,a5
   18ea0:	0127e7b3          	or	a5,a5,s2
   18ea4:	00d41933          	sll	s2,s0,a3
   18ea8:	7b71                	lui	s6,0xffffc
   18eaa:	0b45                	addi	s6,s6,17 # ffffffffffffc011 <__BSS_END__+0xfffffffffffdf741>
   18eac:	8bca                	mv	s7,s2
   18eae:	40ab0b33          	sub	s6,s6,a0
   18eb2:	893e                	mv	s2,a5
   18eb4:	bf6d                	j	18e6e <__multf3+0x60>
   18eb6:	771000ef          	jal	19e26 <__clzdi2>
   18eba:	0405051b          	addiw	a0,a0,64
   18ebe:	ff150793          	addi	a5,a0,-15
   18ec2:	03c00713          	li	a4,60
   18ec6:	fcf753e3          	bge	a4,a5,18e8c <__multf3+0x7e>
   18eca:	fc37879b          	addiw	a5,a5,-61
   18ece:	00f417b3          	sll	a5,s0,a5
   18ed2:	bfd9                	j	18ea8 <__multf3+0x9a>
   18ed4:	01256bb3          	or	s7,a0,s2
   18ed8:	080b8d63          	beqz	s7,18f72 <__multf3+0x164>
   18edc:	4485                	li	s1,1
   18ede:	14be                	slli	s1,s1,0x2f
   18ee0:	009934b3          	sltu	s1,s2,s1
   18ee4:	0044949b          	slliw	s1,s1,0x4
   18ee8:	8baa                	mv	s7,a0
   18eea:	2b01                	sext.w	s6,s6
   18eec:	4c8d                	li	s9,3
   18eee:	56fd                	li	a3,-1
   18ef0:	6621                	lui	a2,0x8
   18ef2:	030a5713          	srli	a4,s4,0x30
   18ef6:	9636                	add	a2,a2,a3
   18ef8:	0106d413          	srli	s0,a3,0x10
   18efc:	8f71                	and	a4,a4,a2
   18efe:	008a7433          	and	s0,s4,s0
   18f02:	87e2                	mv	a5,s8
   18f04:	03fa5a13          	srli	s4,s4,0x3f
   18f08:	cb2d                	beqz	a4,18f7a <__multf3+0x16c>
   18f0a:	0cc70663          	beq	a4,a2,18fd6 <__multf3+0x1c8>
   18f0e:	040e                	slli	s0,s0,0x3
   18f10:	03dc5693          	srli	a3,s8,0x3d
   18f14:	8ec1                	or	a3,a3,s0
   18f16:	4405                	li	s0,1
   18f18:	144e                	slli	s0,s0,0x33
   18f1a:	8c55                	or	s0,s0,a3
   18f1c:	76f1                	lui	a3,0xffffc
   18f1e:	0685                	addi	a3,a3,1 # ffffffffffffc001 <__BSS_END__+0xfffffffffffdf731>
   18f20:	003c1793          	slli	a5,s8,0x3
   18f24:	9736                	add	a4,a4,a3
   18f26:	4881                	li	a7,0
   18f28:	002c9693          	slli	a3,s9,0x2
   18f2c:	01670833          	add	a6,a4,s6
   18f30:	0116e6b3          	or	a3,a3,a7
   18f34:	4729                	li	a4,10
   18f36:	00180593          	addi	a1,a6,1
   18f3a:	0cd74f63          	blt	a4,a3,19018 <__multf3+0x20a>
   18f3e:	4509                	li	a0,2
   18f40:	014ac633          	xor	a2,s5,s4
   18f44:	4705                	li	a4,1
   18f46:	0ad54b63          	blt	a0,a3,18ffc <__multf3+0x1ee>
   18f4a:	16fd                	addi	a3,a3,-1
   18f4c:	0ed76063          	bltu	a4,a3,1902c <__multf3+0x21e>
   18f50:	8cc6                	mv	s9,a7
   18f52:	4709                	li	a4,2
   18f54:	4cec8263          	beq	s9,a4,19418 <__multf3+0x60a>
   18f58:	468d                	li	a3,3
   18f5a:	4705                	li	a4,1
   18f5c:	4adc8863          	beq	s9,a3,1940c <__multf3+0x5fe>
   18f60:	26ec9763          	bne	s9,a4,191ce <__multf3+0x3c0>
   18f64:	4701                	li	a4,0
   18f66:	4501                	li	a0,0
   18f68:	a151                	j	193ec <__multf3+0x5de>
   18f6a:	4901                	li	s2,0
   18f6c:	4b01                	li	s6,0
   18f6e:	4c85                	li	s9,1
   18f70:	b701                	j	18e70 <__multf3+0x62>
   18f72:	4901                	li	s2,0
   18f74:	2b01                	sext.w	s6,s6
   18f76:	4c89                	li	s9,2
   18f78:	bde5                	j	18e70 <__multf3+0x62>
   18f7a:	008c67b3          	or	a5,s8,s0
   18f7e:	c7b5                	beqz	a5,18fea <__multf3+0x1dc>
   18f80:	c81d                	beqz	s0,18fb6 <__multf3+0x1a8>
   18f82:	8522                	mv	a0,s0
   18f84:	6a3000ef          	jal	19e26 <__clzdi2>
   18f88:	2501                	sext.w	a0,a0
   18f8a:	ff150793          	addi	a5,a0,-15
   18f8e:	03d00713          	li	a4,61
   18f92:	0037861b          	addiw	a2,a5,3
   18f96:	40f707bb          	subw	a5,a4,a5
   18f9a:	00c41433          	sll	s0,s0,a2
   18f9e:	00fc57b3          	srl	a5,s8,a5
   18fa2:	0087e6b3          	or	a3,a5,s0
   18fa6:	00cc1433          	sll	s0,s8,a2
   18faa:	7771                	lui	a4,0xffffc
   18fac:	0745                	addi	a4,a4,17 # ffffffffffffc011 <__BSS_END__+0xfffffffffffdf741>
   18fae:	87a2                	mv	a5,s0
   18fb0:	8f09                	sub	a4,a4,a0
   18fb2:	8436                	mv	s0,a3
   18fb4:	bf8d                	j	18f26 <__multf3+0x118>
   18fb6:	8562                	mv	a0,s8
   18fb8:	66f000ef          	jal	19e26 <__clzdi2>
   18fbc:	0405051b          	addiw	a0,a0,64
   18fc0:	ff150793          	addi	a5,a0,-15
   18fc4:	03c00713          	li	a4,60
   18fc8:	fcf753e3          	bge	a4,a5,18f8e <__multf3+0x180>
   18fcc:	fc37879b          	addiw	a5,a5,-61
   18fd0:	00fc16b3          	sll	a3,s8,a5
   18fd4:	bfd9                	j	18faa <__multf3+0x19c>
   18fd6:	008c6633          	or	a2,s8,s0
   18fda:	ce01                	beqz	a2,18ff2 <__multf3+0x1e4>
   18fdc:	82c5                	srli	a3,a3,0x11
   18fde:	2701                	sext.w	a4,a4
   18fe0:	488d                	li	a7,3
   18fe2:	f486e3e3          	bltu	a3,s0,18f28 <__multf3+0x11a>
   18fe6:	44c1                	li	s1,16
   18fe8:	b781                	j	18f28 <__multf3+0x11a>
   18fea:	4401                	li	s0,0
   18fec:	4701                	li	a4,0
   18fee:	4885                	li	a7,1
   18ff0:	bf25                	j	18f28 <__multf3+0x11a>
   18ff2:	4401                	li	s0,0
   18ff4:	4781                	li	a5,0
   18ff6:	2701                	sext.w	a4,a4
   18ff8:	4889                	li	a7,2
   18ffa:	b73d                	j	18f28 <__multf3+0x11a>
   18ffc:	00d716b3          	sll	a3,a4,a3
   19000:	5306f513          	andi	a0,a3,1328
   19004:	e10d                	bnez	a0,19026 <__multf3+0x218>
   19006:	2406f313          	andi	t1,a3,576
   1900a:	3e031a63          	bnez	t1,193fe <__multf3+0x5f0>
   1900e:	0886f693          	andi	a3,a3,136
   19012:	ce89                	beqz	a3,1902c <__multf3+0x21e>
   19014:	8652                	mv	a2,s4
   19016:	bf2d                	j	18f50 <__multf3+0x142>
   19018:	473d                	li	a4,15
   1901a:	3ee68863          	beq	a3,a4,1940a <__multf3+0x5fc>
   1901e:	472d                	li	a4,11
   19020:	8656                	mv	a2,s5
   19022:	fee689e3          	beq	a3,a4,19014 <__multf3+0x206>
   19026:	844a                	mv	s0,s2
   19028:	87de                	mv	a5,s7
   1902a:	b725                	j	18f52 <__multf3+0x144>
   1902c:	008786b3          	add	a3,a5,s0
   19030:	020bd513          	srli	a0,s7,0x20
   19034:	0207d893          	srli	a7,a5,0x20
   19038:	01790733          	add	a4,s2,s7
   1903c:	00f6bfb3          	sltu	t6,a3,a5
   19040:	1b82                	slli	s7,s7,0x20
   19042:	1782                	slli	a5,a5,0x20
   19044:	020bdb93          	srli	s7,s7,0x20
   19048:	9381                	srli	a5,a5,0x20
   1904a:	03778eb3          	mul	t4,a5,s7
   1904e:	01273f33          	sltu	t5,a4,s2
   19052:	02f507b3          	mul	a5,a0,a5
   19056:	03150533          	mul	a0,a0,a7
   1905a:	037888b3          	mul	a7,a7,s7
   1905e:	00f88333          	add	t1,a7,a5
   19062:	020ed893          	srli	a7,t4,0x20
   19066:	989a                	add	a7,a7,t1
   19068:	00f8f563          	bgeu	a7,a5,19072 <__multf3+0x264>
   1906c:	4785                	li	a5,1
   1906e:	1782                	slli	a5,a5,0x20
   19070:	953e                	add	a0,a0,a5
   19072:	0208de13          	srli	t3,a7,0x20
   19076:	9e2a                	add	t3,t3,a0
   19078:	1e82                	slli	t4,t4,0x20
   1907a:	02071313          	slli	t1,a4,0x20
   1907e:	02069513          	slli	a0,a3,0x20
   19082:	02035313          	srli	t1,t1,0x20
   19086:	020ede93          	srli	t4,t4,0x20
   1908a:	02075293          	srli	t0,a4,0x20
   1908e:	0206d793          	srli	a5,a3,0x20
   19092:	9101                	srli	a0,a0,0x20
   19094:	1882                	slli	a7,a7,0x20
   19096:	98f6                	add	a7,a7,t4
   19098:	02650eb3          	mul	t4,a0,t1
   1909c:	02a28533          	mul	a0,t0,a0
   190a0:	02f282b3          	mul	t0,t0,a5
   190a4:	026787b3          	mul	a5,a5,t1
   190a8:	020ed313          	srli	t1,t4,0x20
   190ac:	97aa                	add	a5,a5,a0
   190ae:	933e                	add	t1,t1,a5
   190b0:	00a37563          	bgeu	t1,a0,190ba <__multf3+0x2ac>
   190b4:	4785                	li	a5,1
   190b6:	1782                	slli	a5,a5,0x20
   190b8:	92be                	add	t0,t0,a5
   190ba:	02095393          	srli	t2,s2,0x20
   190be:	02045793          	srli	a5,s0,0x20
   190c2:	1902                	slli	s2,s2,0x20
   190c4:	1402                	slli	s0,s0,0x20
   190c6:	02095913          	srli	s2,s2,0x20
   190ca:	9001                	srli	s0,s0,0x20
   190cc:	03240a33          	mul	s4,s0,s2
   190d0:	1e82                	slli	t4,t4,0x20
   190d2:	020ede93          	srli	t4,t4,0x20
   190d6:	02035513          	srli	a0,t1,0x20
   190da:	1302                	slli	t1,t1,0x20
   190dc:	9376                	add	t1,t1,t4
   190de:	02838433          	mul	s0,t2,s0
   190e2:	02f383b3          	mul	t2,t2,a5
   190e6:	032787b3          	mul	a5,a5,s2
   190ea:	00878eb3          	add	t4,a5,s0
   190ee:	020a5793          	srli	a5,s4,0x20
   190f2:	97f6                	add	a5,a5,t4
   190f4:	0087f563          	bgeu	a5,s0,190fe <__multf3+0x2f0>
   190f8:	4e85                	li	t4,1
   190fa:	1e82                	slli	t4,t4,0x20
   190fc:	93f6                	add	t2,t2,t4
   190fe:	0207de93          	srli	t4,a5,0x20
   19102:	9e9e                	add	t4,t4,t2
   19104:	020a1393          	slli	t2,s4,0x20
   19108:	0203d393          	srli	t2,t2,0x20
   1910c:	1782                	slli	a5,a5,0x20
   1910e:	979e                	add	a5,a5,t2
   19110:	41f003b3          	neg	t2,t6
   19114:	00777733          	and	a4,a4,t2
   19118:	41e003b3          	neg	t2,t5
   1911c:	0076f6b3          	and	a3,a3,t2
   19120:	01c303b3          	add	t2,t1,t3
   19124:	0063b333          	sltu	t1,t2,t1
   19128:	951a                	add	a0,a0,t1
   1912a:	9516                	add	a0,a0,t0
   1912c:	01ff7f33          	and	t5,t5,t6
   19130:	00653333          	sltu	t1,a0,t1
   19134:	972a                	add	a4,a4,a0
   19136:	937a                	add	t1,t1,t5
   19138:	00a73533          	sltu	a0,a4,a0
   1913c:	9736                	add	a4,a4,a3
   1913e:	951a                	add	a0,a0,t1
   19140:	00d736b3          	sltu	a3,a4,a3
   19144:	41c70fb3          	sub	t6,a4,t3
   19148:	96aa                	add	a3,a3,a0
   1914a:	40ee0e33          	sub	t3,t3,a4
   1914e:	41138533          	sub	a0,t2,a7
   19152:	00a3b333          	sltu	t1,t2,a0
   19156:	001e3e13          	seqz	t3,t3
   1915a:	406f8f33          	sub	t5,t6,t1
   1915e:	01f73733          	sltu	a4,a4,t6
   19162:	01c37333          	and	t1,t1,t3
   19166:	00676733          	or	a4,a4,t1
   1916a:	40f50333          	sub	t1,a0,a5
   1916e:	00653533          	sltu	a0,a0,t1
   19172:	41df0fb3          	sub	t6,t5,t4
   19176:	40a78e33          	sub	t3,a5,a0
   1917a:	9e7e                	add	t3,t3,t6
   1917c:	8e99                	sub	a3,a3,a4
   1917e:	00fe3733          	sltu	a4,t3,a5
   19182:	001fb793          	seqz	a5,t6
   19186:	96f6                	add	a3,a3,t4
   19188:	8d7d                	and	a0,a0,a5
   1918a:	01ff37b3          	sltu	a5,t5,t6
   1918e:	9736                	add	a4,a4,a3
   19190:	8fc9                	or	a5,a5,a0
   19192:	8f1d                	sub	a4,a4,a5
   19194:	00d31793          	slli	a5,t1,0xd
   19198:	0117e7b3          	or	a5,a5,a7
   1919c:	00f037b3          	snez	a5,a5
   191a0:	03335313          	srli	t1,t1,0x33
   191a4:	0736                	slli	a4,a4,0xd
   191a6:	00de1693          	slli	a3,t3,0xd
   191aa:	0067e7b3          	or	a5,a5,t1
   191ae:	033e5413          	srli	s0,t3,0x33
   191b2:	8fd5                	or	a5,a5,a3
   191b4:	00b71693          	slli	a3,a4,0xb
   191b8:	8c59                	or	s0,s0,a4
   191ba:	0406d963          	bgez	a3,1920c <__multf3+0x3fe>
   191be:	0017d713          	srli	a4,a5,0x1
   191c2:	8b85                	andi	a5,a5,1
   191c4:	8f5d                	or	a4,a4,a5
   191c6:	03f41793          	slli	a5,s0,0x3f
   191ca:	8fd9                	or	a5,a5,a4
   191cc:	8005                	srli	s0,s0,0x1
   191ce:	6691                	lui	a3,0x4
   191d0:	16fd                	addi	a3,a3,-1 # 3fff <exit-0xc121>
   191d2:	96ae                	add	a3,a3,a1
   191d4:	0cd05663          	blez	a3,192a0 <__multf3+0x492>
   191d8:	0077f713          	andi	a4,a5,7
   191dc:	cf1d                	beqz	a4,1921a <__multf3+0x40c>
   191de:	0014e493          	ori	s1,s1,1
   191e2:	4709                	li	a4,2
   191e4:	2481                	sext.w	s1,s1
   191e6:	02e98963          	beq	s3,a4,19218 <__multf3+0x40a>
   191ea:	470d                	li	a4,3
   191ec:	02e98263          	beq	s3,a4,19210 <__multf3+0x402>
   191f0:	02099563          	bnez	s3,1921a <__multf3+0x40c>
   191f4:	00f7f713          	andi	a4,a5,15
   191f8:	4511                	li	a0,4
   191fa:	02a70063          	beq	a4,a0,1921a <__multf3+0x40c>
   191fe:	00a78733          	add	a4,a5,a0
   19202:	00f73533          	sltu	a0,a4,a5
   19206:	942a                	add	s0,s0,a0
   19208:	87ba                	mv	a5,a4
   1920a:	a801                	j	1921a <__multf3+0x40c>
   1920c:	85c2                	mv	a1,a6
   1920e:	b7c1                	j	191ce <__multf3+0x3c0>
   19210:	e609                	bnez	a2,1921a <__multf3+0x40c>
   19212:	00878713          	addi	a4,a5,8
   19216:	b7f5                	j	19202 <__multf3+0x3f4>
   19218:	fe6d                	bnez	a2,19212 <__multf3+0x404>
   1921a:	00b41713          	slli	a4,s0,0xb
   1921e:	00075863          	bgez	a4,1922e <__multf3+0x420>
   19222:	577d                	li	a4,-1
   19224:	1752                	slli	a4,a4,0x34
   19226:	177d                	addi	a4,a4,-1
   19228:	6691                	lui	a3,0x4
   1922a:	8c79                	and	s0,s0,a4
   1922c:	96ae                	add	a3,a3,a1
   1922e:	65a1                	lui	a1,0x8
   19230:	ffe58713          	addi	a4,a1,-2 # 7ffe <exit-0x8122>
   19234:	04d74063          	blt	a4,a3,19274 <__multf3+0x466>
   19238:	838d                	srli	a5,a5,0x3
   1923a:	03d41513          	slli	a0,s0,0x3d
   1923e:	8d5d                	or	a0,a0,a5
   19240:	00345713          	srli	a4,s0,0x3
   19244:	00f6161b          	slliw	a2,a2,0xf
   19248:	01071593          	slli	a1,a4,0x10
   1924c:	8e55                	or	a2,a2,a3
   1924e:	1642                	slli	a2,a2,0x30
   19250:	81c1                	srli	a1,a1,0x10
   19252:	8dd1                	or	a1,a1,a2
   19254:	c099                	beqz	s1,1925a <__multf3+0x44c>
   19256:	0014a073          	csrs	fflags,s1
   1925a:	60e6                	ld	ra,88(sp)
   1925c:	6446                	ld	s0,80(sp)
   1925e:	64a6                	ld	s1,72(sp)
   19260:	6906                	ld	s2,64(sp)
   19262:	79e2                	ld	s3,56(sp)
   19264:	7a42                	ld	s4,48(sp)
   19266:	7aa2                	ld	s5,40(sp)
   19268:	7b02                	ld	s6,32(sp)
   1926a:	6be2                	ld	s7,24(sp)
   1926c:	6c42                	ld	s8,16(sp)
   1926e:	6ca2                	ld	s9,8(sp)
   19270:	6125                	addi	sp,sp,96
   19272:	8082                	ret
   19274:	4789                	li	a5,2
   19276:	02f98363          	beq	s3,a5,1929c <__multf3+0x48e>
   1927a:	478d                	li	a5,3
   1927c:	00f98863          	beq	s3,a5,1928c <__multf3+0x47e>
   19280:	00099763          	bnez	s3,1928e <__multf3+0x480>
   19284:	4501                	li	a0,0
   19286:	fff58693          	addi	a3,a1,-1
   1928a:	a021                	j	19292 <__multf3+0x484>
   1928c:	de65                	beqz	a2,19284 <__multf3+0x476>
   1928e:	557d                	li	a0,-1
   19290:	86ba                	mv	a3,a4
   19292:	0054e493          	ori	s1,s1,5
   19296:	2481                	sext.w	s1,s1
   19298:	872a                	mv	a4,a0
   1929a:	b76d                	j	19244 <__multf3+0x436>
   1929c:	f665                	bnez	a2,19284 <__multf3+0x476>
   1929e:	bfc5                	j	1928e <__multf3+0x480>
   192a0:	e2cd                	bnez	a3,19342 <__multf3+0x534>
   192a2:	0077f693          	andi	a3,a5,7
   192a6:	8722                	mv	a4,s0
   192a8:	ce85                	beqz	a3,192e0 <__multf3+0x4d2>
   192aa:	0014e493          	ori	s1,s1,1
   192ae:	4689                	li	a3,2
   192b0:	2481                	sext.w	s1,s1
   192b2:	02d98663          	beq	s3,a3,192de <__multf3+0x4d0>
   192b6:	468d                	li	a3,3
   192b8:	00d98f63          	beq	s3,a3,192d6 <__multf3+0x4c8>
   192bc:	02099263          	bnez	s3,192e0 <__multf3+0x4d2>
   192c0:	00f7f693          	andi	a3,a5,15
   192c4:	4591                	li	a1,4
   192c6:	00b68d63          	beq	a3,a1,192e0 <__multf3+0x4d2>
   192ca:	ffc7b713          	sltiu	a4,a5,-4
   192ce:	00173713          	seqz	a4,a4
   192d2:	9722                	add	a4,a4,s0
   192d4:	a031                	j	192e0 <__multf3+0x4d2>
   192d6:	e609                	bnez	a2,192e0 <__multf3+0x4d2>
   192d8:	ff87b713          	sltiu	a4,a5,-8
   192dc:	bfcd                	j	192ce <__multf3+0x4c0>
   192de:	fe6d                	bnez	a2,192d8 <__multf3+0x4ca>
   192e0:	03475593          	srli	a1,a4,0x34
   192e4:	8985                	andi	a1,a1,1
   192e6:	0015c593          	xori	a1,a1,1
   192ea:	4705                	li	a4,1
   192ec:	04000513          	li	a0,64
   192f0:	9d19                	subw	a0,a0,a4
   192f2:	00e7d833          	srl	a6,a5,a4
   192f6:	00a416b3          	sll	a3,s0,a0
   192fa:	00a79533          	sll	a0,a5,a0
   192fe:	0106e6b3          	or	a3,a3,a6
   19302:	00a03533          	snez	a0,a0
   19306:	00a6e7b3          	or	a5,a3,a0
   1930a:	00e45733          	srl	a4,s0,a4
   1930e:	0077f693          	andi	a3,a5,7
   19312:	ceb5                	beqz	a3,1938e <__multf3+0x580>
   19314:	0014e493          	ori	s1,s1,1
   19318:	4689                	li	a3,2
   1931a:	2481                	sext.w	s1,s1
   1931c:	06d98863          	beq	s3,a3,1938c <__multf3+0x57e>
   19320:	468d                	li	a3,3
   19322:	06d98163          	beq	s3,a3,19384 <__multf3+0x576>
   19326:	06099463          	bnez	s3,1938e <__multf3+0x580>
   1932a:	00f7f693          	andi	a3,a5,15
   1932e:	4511                	li	a0,4
   19330:	04a68f63          	beq	a3,a0,1938e <__multf3+0x580>
   19334:	00a786b3          	add	a3,a5,a0
   19338:	00f6b533          	sltu	a0,a3,a5
   1933c:	972a                	add	a4,a4,a0
   1933e:	87b6                	mv	a5,a3
   19340:	a0b9                	j	1938e <__multf3+0x580>
   19342:	f8d00713          	li	a4,-115
   19346:	06e6cf63          	blt	a3,a4,193c4 <__multf3+0x5b6>
   1934a:	4585                	li	a1,1
   1934c:	fc200513          	li	a0,-62
   19350:	40d58733          	sub	a4,a1,a3
   19354:	f8a6dce3          	bge	a3,a0,192ec <__multf3+0x4de>
   19358:	fc07059b          	addiw	a1,a4,-64
   1935c:	fc100813          	li	a6,-63
   19360:	00b455b3          	srl	a1,s0,a1
   19364:	4501                	li	a0,0
   19366:	01068763          	beq	a3,a6,19374 <__multf3+0x566>
   1936a:	08000513          	li	a0,128
   1936e:	9d19                	subw	a0,a0,a4
   19370:	00a41533          	sll	a0,s0,a0
   19374:	8d5d                	or	a0,a0,a5
   19376:	00a03533          	snez	a0,a0
   1937a:	00a5e7b3          	or	a5,a1,a0
   1937e:	4701                	li	a4,0
   19380:	4585                	li	a1,1
   19382:	b771                	j	1930e <__multf3+0x500>
   19384:	e609                	bnez	a2,1938e <__multf3+0x580>
   19386:	00878693          	addi	a3,a5,8
   1938a:	b77d                	j	19338 <__multf3+0x52a>
   1938c:	fe6d                	bnez	a2,19386 <__multf3+0x578>
   1938e:	00c71693          	slli	a3,a4,0xc
   19392:	0206d263          	bgez	a3,193b6 <__multf3+0x5a8>
   19396:	0014e493          	ori	s1,s1,1
   1939a:	2481                	sext.w	s1,s1
   1939c:	4701                	li	a4,0
   1939e:	4501                	li	a0,0
   193a0:	4685                	li	a3,1
   193a2:	ea0581e3          	beqz	a1,19244 <__multf3+0x436>
   193a6:	0014f793          	andi	a5,s1,1
   193aa:	0017979b          	slliw	a5,a5,0x1
   193ae:	8fc5                	or	a5,a5,s1
   193b0:	0007849b          	sext.w	s1,a5
   193b4:	bd41                	j	19244 <__multf3+0x436>
   193b6:	03d71513          	slli	a0,a4,0x3d
   193ba:	838d                	srli	a5,a5,0x3
   193bc:	8d5d                	or	a0,a0,a5
   193be:	830d                	srli	a4,a4,0x3
   193c0:	4681                	li	a3,0
   193c2:	b7c5                	j	193a2 <__multf3+0x594>
   193c4:	00f46533          	or	a0,s0,a5
   193c8:	cd11                	beqz	a0,193e4 <__multf3+0x5d6>
   193ca:	4789                	li	a5,2
   193cc:	0014e493          	ori	s1,s1,1
   193d0:	02f98463          	beq	s3,a5,193f8 <__multf3+0x5ea>
   193d4:	478d                	li	a5,3
   193d6:	00f98d63          	beq	s3,a5,193f0 <__multf3+0x5e2>
   193da:	4505                	li	a0,1
   193dc:	00099363          	bnez	s3,193e2 <__multf3+0x5d4>
   193e0:	4515                	li	a0,5
   193e2:	810d                	srli	a0,a0,0x3
   193e4:	0024e493          	ori	s1,s1,2
   193e8:	2481                	sext.w	s1,s1
   193ea:	4701                	li	a4,0
   193ec:	4681                	li	a3,0
   193ee:	bd99                	j	19244 <__multf3+0x436>
   193f0:	4525                	li	a0,9
   193f2:	da65                	beqz	a2,193e2 <__multf3+0x5d4>
   193f4:	4505                	li	a0,1
   193f6:	b7f5                	j	193e2 <__multf3+0x5d4>
   193f8:	4525                	li	a0,9
   193fa:	f665                	bnez	a2,193e2 <__multf3+0x5d4>
   193fc:	bfe5                	j	193f4 <__multf3+0x5e6>
   193fe:	66a1                	lui	a3,0x8
   19400:	173e                	slli	a4,a4,0x2f
   19402:	16fd                	addi	a3,a3,-1 # 7fff <exit-0x8121>
   19404:	4601                	li	a2,0
   19406:	44c1                	li	s1,16
   19408:	bd35                	j	19244 <__multf3+0x436>
   1940a:	4705                	li	a4,1
   1940c:	66a1                	lui	a3,0x8
   1940e:	173e                	slli	a4,a4,0x2f
   19410:	4501                	li	a0,0
   19412:	16fd                	addi	a3,a3,-1 # 7fff <exit-0x8121>
   19414:	4601                	li	a2,0
   19416:	b53d                	j	19244 <__multf3+0x436>
   19418:	66a1                	lui	a3,0x8
   1941a:	4701                	li	a4,0
   1941c:	4501                	li	a0,0
   1941e:	16fd                	addi	a3,a3,-1 # 7fff <exit-0x8121>
   19420:	b515                	j	19244 <__multf3+0x436>

0000000000019422 <__subtf3>:
   19422:	7179                	addi	sp,sp,-48
   19424:	f406                	sd	ra,40(sp)
   19426:	f022                	sd	s0,32(sp)
   19428:	ec26                	sd	s1,24(sp)
   1942a:	e84a                	sd	s2,16(sp)
   1942c:	e44e                	sd	s3,8(sp)
   1942e:	e052                	sd	s4,0(sp)
   19430:	002029f3          	frrm	s3
   19434:	577d                	li	a4,-1
   19436:	8341                	srli	a4,a4,0x10
   19438:	0305d813          	srli	a6,a1,0x30
   1943c:	03f5d913          	srli	s2,a1,0x3f
   19440:	8df9                	and	a1,a1,a4
   19442:	058e                	slli	a1,a1,0x3
   19444:	03d55313          	srli	t1,a0,0x3d
   19448:	67a1                	lui	a5,0x8
   1944a:	17fd                	addi	a5,a5,-1 # 7fff <exit-0x8121>
   1944c:	0306de93          	srli	t4,a3,0x30
   19450:	00b36333          	or	t1,t1,a1
   19454:	03f6d593          	srli	a1,a3,0x3f
   19458:	8ef9                	and	a3,a3,a4
   1945a:	03d65e13          	srli	t3,a2,0x3d
   1945e:	00f87833          	and	a6,a6,a5
   19462:	068e                	slli	a3,a3,0x3
   19464:	00fefeb3          	and	t4,t4,a5
   19468:	2981                	sext.w	s3,s3
   1946a:	84c2                	mv	s1,a6
   1946c:	050e                	slli	a0,a0,0x3
   1946e:	00de6e33          	or	t3,t3,a3
   19472:	060e                	slli	a2,a2,0x3
   19474:	00fe9563          	bne	t4,a5,1947e <__subtf3+0x5c>
   19478:	00ce67b3          	or	a5,t3,a2
   1947c:	e399                	bnez	a5,19482 <__subtf3+0x60>
   1947e:	0015c593          	xori	a1,a1,1
   19482:	68a1                	lui	a7,0x8
   19484:	41d807bb          	subw	a5,a6,t4
   19488:	18fd                	addi	a7,a7,-1 # 7fff <exit-0x8121>
   1948a:	33259963          	bne	a1,s2,197bc <__subtf3+0x39a>
   1948e:	0ef05a63          	blez	a5,19582 <__subtf3+0x160>
   19492:	060e9a63          	bnez	t4,19506 <__subtf3+0xe4>
   19496:	00ce6733          	or	a4,t3,a2
   1949a:	e711                	bnez	a4,194a6 <__subtf3+0x84>
   1949c:	862a                	mv	a2,a0
   1949e:	05180763          	beq	a6,a7,194ec <__subtf3+0xca>
   194a2:	4781                	li	a5,0
   194a4:	a2dd                	j	1968a <__subtf3+0x268>
   194a6:	37fd                	addiw	a5,a5,-1
   194a8:	e3a1                	bnez	a5,194e8 <__subtf3+0xc6>
   194aa:	962a                	add	a2,a2,a0
   194ac:	9e1a                	add	t3,t3,t1
   194ae:	00a63533          	sltu	a0,a2,a0
   194b2:	00ae0333          	add	t1,t3,a0
   194b6:	00c31793          	slli	a5,t1,0xc
   194ba:	0207d563          	bgez	a5,194e4 <__subtf3+0xc2>
   194be:	67a1                	lui	a5,0x8
   194c0:	0485                	addi	s1,s1,1
   194c2:	17fd                	addi	a5,a5,-1 # 7fff <exit-0x8121>
   194c4:	2cf48863          	beq	s1,a5,19794 <__subtf3+0x372>
   194c8:	57fd                	li	a5,-1
   194ca:	17ce                	slli	a5,a5,0x33
   194cc:	17fd                	addi	a5,a5,-1
   194ce:	00f377b3          	and	a5,t1,a5
   194d2:	00165713          	srli	a4,a2,0x1
   194d6:	8a05                	andi	a2,a2,1
   194d8:	8f51                	or	a4,a4,a2
   194da:	03f79613          	slli	a2,a5,0x3f
   194de:	8e59                	or	a2,a2,a4
   194e0:	0017d313          	srli	t1,a5,0x1
   194e4:	4781                	li	a5,0
   194e6:	aca1                	j	1973e <__subtf3+0x31c>
   194e8:	03181563          	bne	a6,a7,19512 <__subtf3+0xf0>
   194ec:	00a36633          	or	a2,t1,a0
   194f0:	70060063          	beqz	a2,19bf0 <__subtf3+0x7ce>
   194f4:	03235793          	srli	a5,t1,0x32
   194f8:	8b85                	andi	a5,a5,1
   194fa:	0017c793          	xori	a5,a5,1
   194fe:	0047979b          	slliw	a5,a5,0x4
   19502:	862a                	mv	a2,a0
   19504:	a259                	j	1968a <__subtf3+0x268>
   19506:	ff1803e3          	beq	a6,a7,194ec <__subtf3+0xca>
   1950a:	4705                	li	a4,1
   1950c:	174e                	slli	a4,a4,0x33
   1950e:	00ee6e33          	or	t3,t3,a4
   19512:	07400713          	li	a4,116
   19516:	06f74163          	blt	a4,a5,19578 <__subtf3+0x156>
   1951a:	03f00713          	li	a4,63
   1951e:	02f74963          	blt	a4,a5,19550 <__subtf3+0x12e>
   19522:	04000693          	li	a3,64
   19526:	9e9d                	subw	a3,a3,a5
   19528:	00de1733          	sll	a4,t3,a3
   1952c:	00f655b3          	srl	a1,a2,a5
   19530:	00d616b3          	sll	a3,a2,a3
   19534:	8f4d                	or	a4,a4,a1
   19536:	00d036b3          	snez	a3,a3
   1953a:	8f55                	or	a4,a4,a3
   1953c:	00fe57b3          	srl	a5,t3,a5
   19540:	00a70633          	add	a2,a4,a0
   19544:	979a                	add	a5,a5,t1
   19546:	00e63733          	sltu	a4,a2,a4
   1954a:	00e78333          	add	t1,a5,a4
   1954e:	b7a5                	j	194b6 <__subtf3+0x94>
   19550:	fc07871b          	addiw	a4,a5,-64
   19554:	04000593          	li	a1,64
   19558:	00ee5733          	srl	a4,t3,a4
   1955c:	4681                	li	a3,0
   1955e:	00b78763          	beq	a5,a1,1956c <__subtf3+0x14a>
   19562:	08000693          	li	a3,128
   19566:	9e9d                	subw	a3,a3,a5
   19568:	00de16b3          	sll	a3,t3,a3
   1956c:	8ed1                	or	a3,a3,a2
   1956e:	00d036b3          	snez	a3,a3
   19572:	8f55                	or	a4,a4,a3
   19574:	4781                	li	a5,0
   19576:	b7e9                	j	19540 <__subtf3+0x11e>
   19578:	00ce6733          	or	a4,t3,a2
   1957c:	00e03733          	snez	a4,a4
   19580:	bfd5                	j	19574 <__subtf3+0x152>
   19582:	c7e1                	beqz	a5,1964a <__subtf3+0x228>
   19584:	08081163          	bnez	a6,19606 <__subtf3+0x1e4>
   19588:	00a36733          	or	a4,t1,a0
   1958c:	e30d                	bnez	a4,195ae <__subtf3+0x18c>
   1958e:	671e9363          	bne	t4,a7,19bf4 <__subtf3+0x7d2>
   19592:	00ce6333          	or	t1,t3,a2
   19596:	66030363          	beqz	t1,19bfc <__subtf3+0x7da>
   1959a:	032e5793          	srli	a5,t3,0x32
   1959e:	8b85                	andi	a5,a5,1
   195a0:	0017c793          	xori	a5,a5,1
   195a4:	0047979b          	slliw	a5,a5,0x4
   195a8:	8372                	mv	t1,t3
   195aa:	84f6                	mv	s1,t4
   195ac:	a8f9                	j	1968a <__subtf3+0x268>
   195ae:	fff7c793          	not	a5,a5
   195b2:	2781                	sext.w	a5,a5
   195b4:	eb89                	bnez	a5,195c6 <__subtf3+0x1a4>
   195b6:	962a                	add	a2,a2,a0
   195b8:	9e1a                	add	t3,t3,t1
   195ba:	00a63533          	sltu	a0,a2,a0
   195be:	00ae0333          	add	t1,t3,a0
   195c2:	84f6                	mv	s1,t4
   195c4:	bdcd                	j	194b6 <__subtf3+0x94>
   195c6:	fd1e86e3          	beq	t4,a7,19592 <__subtf3+0x170>
   195ca:	07400713          	li	a4,116
   195ce:	06f74963          	blt	a4,a5,19640 <__subtf3+0x21e>
   195d2:	03f00713          	li	a4,63
   195d6:	04f74163          	blt	a4,a5,19618 <__subtf3+0x1f6>
   195da:	04000693          	li	a3,64
   195de:	9e9d                	subw	a3,a3,a5
   195e0:	00d31733          	sll	a4,t1,a3
   195e4:	00f555b3          	srl	a1,a0,a5
   195e8:	00d516b3          	sll	a3,a0,a3
   195ec:	8f4d                	or	a4,a4,a1
   195ee:	00d036b3          	snez	a3,a3
   195f2:	8f55                	or	a4,a4,a3
   195f4:	00f357b3          	srl	a5,t1,a5
   195f8:	963a                	add	a2,a2,a4
   195fa:	97f2                	add	a5,a5,t3
   195fc:	00e63733          	sltu	a4,a2,a4
   19600:	00e78333          	add	t1,a5,a4
   19604:	bf7d                	j	195c2 <__subtf3+0x1a0>
   19606:	f91e86e3          	beq	t4,a7,19592 <__subtf3+0x170>
   1960a:	4705                	li	a4,1
   1960c:	174e                	slli	a4,a4,0x33
   1960e:	40f007bb          	negw	a5,a5
   19612:	00e36333          	or	t1,t1,a4
   19616:	bf55                	j	195ca <__subtf3+0x1a8>
   19618:	fc07871b          	addiw	a4,a5,-64
   1961c:	04000593          	li	a1,64
   19620:	00e35733          	srl	a4,t1,a4
   19624:	4681                	li	a3,0
   19626:	00b78763          	beq	a5,a1,19634 <__subtf3+0x212>
   1962a:	08000693          	li	a3,128
   1962e:	9e9d                	subw	a3,a3,a5
   19630:	00d316b3          	sll	a3,t1,a3
   19634:	8ec9                	or	a3,a3,a0
   19636:	00d036b3          	snez	a3,a3
   1963a:	8f55                	or	a4,a4,a3
   1963c:	4781                	li	a5,0
   1963e:	bf6d                	j	195f8 <__subtf3+0x1d6>
   19640:	00a36733          	or	a4,t1,a0
   19644:	00e03733          	snez	a4,a4
   19648:	bfd5                	j	1963c <__subtf3+0x21a>
   1964a:	00180713          	addi	a4,a6,1
   1964e:	03171693          	slli	a3,a4,0x31
   19652:	92c9                	srli	a3,a3,0x32
   19654:	e6f9                	bnez	a3,19722 <__subtf3+0x300>
   19656:	00a36733          	or	a4,t1,a0
   1965a:	08081363          	bnez	a6,196e0 <__subtf3+0x2be>
   1965e:	4e070663          	beqz	a4,19b4a <__subtf3+0x728>
   19662:	00ce6733          	or	a4,t3,a2
   19666:	4e070663          	beqz	a4,19b52 <__subtf3+0x730>
   1966a:	962a                	add	a2,a2,a0
   1966c:	9e1a                	add	t3,t3,t1
   1966e:	00a63533          	sltu	a0,a2,a0
   19672:	00ae0333          	add	t1,t3,a0
   19676:	00c31713          	slli	a4,t1,0xc
   1967a:	40075863          	bgez	a4,19a8a <__subtf3+0x668>
   1967e:	577d                	li	a4,-1
   19680:	174e                	slli	a4,a4,0x33
   19682:	177d                	addi	a4,a4,-1
   19684:	00e37333          	and	t1,t1,a4
   19688:	4485                	li	s1,1
   1968a:	6721                	lui	a4,0x8
   1968c:	03d31513          	slli	a0,t1,0x3d
   19690:	820d                	srli	a2,a2,0x3
   19692:	177d                	addi	a4,a4,-1 # 7fff <exit-0x8121>
   19694:	8d51                	or	a0,a0,a2
   19696:	00335313          	srli	t1,t1,0x3
   1969a:	00e49a63          	bne	s1,a4,196ae <__subtf3+0x28c>
   1969e:	00656533          	or	a0,a0,t1
   196a2:	4301                	li	t1,0
   196a4:	c509                	beqz	a0,196ae <__subtf3+0x28c>
   196a6:	4305                	li	t1,1
   196a8:	133e                	slli	t1,t1,0x2f
   196aa:	4501                	li	a0,0
   196ac:	4901                	li	s2,0
   196ae:	03149713          	slli	a4,s1,0x31
   196b2:	00197913          	andi	s2,s2,1
   196b6:	9345                	srli	a4,a4,0x31
   196b8:	093e                	slli	s2,s2,0xf
   196ba:	01031593          	slli	a1,t1,0x10
   196be:	00e96933          	or	s2,s2,a4
   196c2:	1942                	slli	s2,s2,0x30
   196c4:	81c1                	srli	a1,a1,0x10
   196c6:	0125e5b3          	or	a1,a1,s2
   196ca:	c399                	beqz	a5,196d0 <__subtf3+0x2ae>
   196cc:	0017a073          	csrs	fflags,a5
   196d0:	70a2                	ld	ra,40(sp)
   196d2:	7402                	ld	s0,32(sp)
   196d4:	64e2                	ld	s1,24(sp)
   196d6:	6942                	ld	s2,16(sp)
   196d8:	69a2                	ld	s3,8(sp)
   196da:	6a02                	ld	s4,0(sp)
   196dc:	6145                	addi	sp,sp,48
   196de:	8082                	ret
   196e0:	03181563          	bne	a6,a7,1970a <__subtf3+0x2e8>
   196e4:	c31d                	beqz	a4,1970a <__subtf3+0x2e8>
   196e6:	03235793          	srli	a5,t1,0x32
   196ea:	8b85                	andi	a5,a5,1
   196ec:	0017c793          	xori	a5,a5,1
   196f0:	0047979b          	slliw	a5,a5,0x4
   196f4:	030e9163          	bne	t4,a6,19716 <__subtf3+0x2f4>
   196f8:	00ce66b3          	or	a3,t3,a2
   196fc:	ca99                	beqz	a3,19712 <__subtf3+0x2f0>
   196fe:	00de1693          	slli	a3,t3,0xd
   19702:	0006c863          	bltz	a3,19712 <__subtf3+0x2f0>
   19706:	47c1                	li	a5,16
   19708:	a029                	j	19712 <__subtf3+0x2f0>
   1970a:	66a1                	lui	a3,0x8
   1970c:	16fd                	addi	a3,a3,-1 # 7fff <exit-0x8121>
   1970e:	fede85e3          	beq	t4,a3,196f8 <__subtf3+0x2d6>
   19712:	2e070263          	beqz	a4,199f6 <__subtf3+0x5d4>
   19716:	00ce6e33          	or	t3,t3,a2
   1971a:	2e0e1563          	bnez	t3,19a04 <__subtf3+0x5e2>
   1971e:	862a                	mv	a2,a0
   19720:	ace1                	j	199f8 <__subtf3+0x5d6>
   19722:	03170063          	beq	a4,a7,19742 <__subtf3+0x320>
   19726:	962a                	add	a2,a2,a0
   19728:	9e1a                	add	t3,t3,t1
   1972a:	00a63533          	sltu	a0,a2,a0
   1972e:	9e2a                	add	t3,t3,a0
   19730:	03fe1693          	slli	a3,t3,0x3f
   19734:	8205                	srli	a2,a2,0x1
   19736:	8e55                	or	a2,a2,a3
   19738:	001e5313          	srli	t1,t3,0x1
   1973c:	84ba                	mv	s1,a4
   1973e:	4701                	li	a4,0
   19740:	ae49                	j	19ad2 <__subtf3+0x6b0>
   19742:	4a098563          	beqz	s3,19bec <__subtf3+0x7ca>
   19746:	468d                	li	a3,3
   19748:	02d99a63          	bne	s3,a3,1977c <__subtf3+0x35a>
   1974c:	4a090063          	beqz	s2,19bec <__subtf3+0x7ca>
   19750:	64a1                	lui	s1,0x8
   19752:	14f9                	addi	s1,s1,-2 # 7ffe <exit-0x8122>
   19754:	567d                	li	a2,-1
   19756:	8332                	mv	t1,a2
   19758:	4715                	li	a4,5
   1975a:	468d                	li	a3,3
   1975c:	40d98d63          	beq	s3,a3,19b76 <__subtf3+0x754>
   19760:	42099363          	bnez	s3,19b86 <__subtf3+0x764>
   19764:	00f67693          	andi	a3,a2,15
   19768:	4591                	li	a1,4
   1976a:	40b68e63          	beq	a3,a1,19b86 <__subtf3+0x764>
   1976e:	00b606b3          	add	a3,a2,a1
   19772:	00c6b5b3          	sltu	a1,a3,a2
   19776:	932e                	add	t1,t1,a1
   19778:	8636                	mv	a2,a3
   1977a:	a131                	j	19b86 <__subtf3+0x764>
   1977c:	4789                	li	a5,2
   1977e:	42f99a63          	bne	s3,a5,19bb2 <__subtf3+0x790>
   19782:	46091563          	bnez	s2,19bec <__subtf3+0x7ca>
   19786:	64a1                	lui	s1,0x8
   19788:	567d                	li	a2,-1
   1978a:	14f9                	addi	s1,s1,-2 # 7ffe <exit-0x8122>
   1978c:	8332                	mv	t1,a2
   1978e:	4715                	li	a4,5
   19790:	87ba                	mv	a5,a4
   19792:	a109                	j	19b94 <__subtf3+0x772>
   19794:	02098063          	beqz	s3,197b4 <__subtf3+0x392>
   19798:	478d                	li	a5,3
   1979a:	00f99863          	bne	s3,a5,197aa <__subtf3+0x388>
   1979e:	00090b63          	beqz	s2,197b4 <__subtf3+0x392>
   197a2:	64a1                	lui	s1,0x8
   197a4:	14f9                	addi	s1,s1,-2 # 7ffe <exit-0x8122>
   197a6:	4781                	li	a5,0
   197a8:	b775                	j	19754 <__subtf3+0x332>
   197aa:	4789                	li	a5,2
   197ac:	40f99363          	bne	s3,a5,19bb2 <__subtf3+0x790>
   197b0:	fc090be3          	beqz	s2,19786 <__subtf3+0x364>
   197b4:	4301                	li	t1,0
   197b6:	4601                	li	a2,0
   197b8:	4795                	li	a5,5
   197ba:	bdc1                	j	1968a <__subtf3+0x268>
   197bc:	0af05d63          	blez	a5,19876 <__subtf3+0x454>
   197c0:	060e9b63          	bnez	t4,19836 <__subtf3+0x414>
   197c4:	00ce6733          	or	a4,t3,a2
   197c8:	cc070ae3          	beqz	a4,1949c <__subtf3+0x7a>
   197cc:	37fd                	addiw	a5,a5,-1
   197ce:	e395                	bnez	a5,197f2 <__subtf3+0x3d0>
   197d0:	40c50633          	sub	a2,a0,a2
   197d4:	41c30e33          	sub	t3,t1,t3
   197d8:	00c53533          	sltu	a0,a0,a2
   197dc:	40ae0333          	sub	t1,t3,a0
   197e0:	00c31793          	slli	a5,t1,0xc
   197e4:	d007d0e3          	bgez	a5,194e4 <__subtf3+0xc2>
   197e8:	00d31413          	slli	s0,t1,0xd
   197ec:	8035                	srli	s0,s0,0xd
   197ee:	8a32                	mv	s4,a2
   197f0:	a499                	j	19a36 <__subtf3+0x614>
   197f2:	cf180de3          	beq	a6,a7,194ec <__subtf3+0xca>
   197f6:	07400713          	li	a4,116
   197fa:	06f74963          	blt	a4,a5,1986c <__subtf3+0x44a>
   197fe:	03f00713          	li	a4,63
   19802:	04f74163          	blt	a4,a5,19844 <__subtf3+0x422>
   19806:	04000693          	li	a3,64
   1980a:	9e9d                	subw	a3,a3,a5
   1980c:	00de1733          	sll	a4,t3,a3
   19810:	00f655b3          	srl	a1,a2,a5
   19814:	00d616b3          	sll	a3,a2,a3
   19818:	8f4d                	or	a4,a4,a1
   1981a:	00d036b3          	snez	a3,a3
   1981e:	8f55                	or	a4,a4,a3
   19820:	00fe57b3          	srl	a5,t3,a5
   19824:	40e50633          	sub	a2,a0,a4
   19828:	40f307b3          	sub	a5,t1,a5
   1982c:	00c53533          	sltu	a0,a0,a2
   19830:	40a78333          	sub	t1,a5,a0
   19834:	b775                	j	197e0 <__subtf3+0x3be>
   19836:	cb180be3          	beq	a6,a7,194ec <__subtf3+0xca>
   1983a:	4705                	li	a4,1
   1983c:	174e                	slli	a4,a4,0x33
   1983e:	00ee6e33          	or	t3,t3,a4
   19842:	bf55                	j	197f6 <__subtf3+0x3d4>
   19844:	fc07871b          	addiw	a4,a5,-64
   19848:	04000593          	li	a1,64
   1984c:	00ee5733          	srl	a4,t3,a4
   19850:	4681                	li	a3,0
   19852:	00b78763          	beq	a5,a1,19860 <__subtf3+0x43e>
   19856:	08000693          	li	a3,128
   1985a:	9e9d                	subw	a3,a3,a5
   1985c:	00de16b3          	sll	a3,t3,a3
   19860:	8ed1                	or	a3,a3,a2
   19862:	00d036b3          	snez	a3,a3
   19866:	8f55                	or	a4,a4,a3
   19868:	4781                	li	a5,0
   1986a:	bf6d                	j	19824 <__subtf3+0x402>
   1986c:	00ce6733          	or	a4,t3,a2
   19870:	00e03733          	snez	a4,a4
   19874:	bfd5                	j	19868 <__subtf3+0x446>
   19876:	cfe1                	beqz	a5,1994e <__subtf3+0x52c>
   19878:	08081963          	bnez	a6,1990a <__subtf3+0x4e8>
   1987c:	00a36733          	or	a4,t1,a0
   19880:	e30d                	bnez	a4,198a2 <__subtf3+0x480>
   19882:	892e                	mv	s2,a1
   19884:	371e9863          	bne	t4,a7,19bf4 <__subtf3+0x7d2>
   19888:	00ce6333          	or	t1,t3,a2
   1988c:	36030763          	beqz	t1,19bfa <__subtf3+0x7d8>
   19890:	032e5793          	srli	a5,t3,0x32
   19894:	8b85                	andi	a5,a5,1
   19896:	0017c793          	xori	a5,a5,1
   1989a:	0047979b          	slliw	a5,a5,0x4
   1989e:	892e                	mv	s2,a1
   198a0:	b321                	j	195a8 <__subtf3+0x186>
   198a2:	fff7c793          	not	a5,a5
   198a6:	2781                	sext.w	a5,a5
   198a8:	ef89                	bnez	a5,198c2 <__subtf3+0x4a0>
   198aa:	40a60533          	sub	a0,a2,a0
   198ae:	00a637b3          	sltu	a5,a2,a0
   198b2:	406e0e33          	sub	t3,t3,t1
   198b6:	862a                	mv	a2,a0
   198b8:	40fe0333          	sub	t1,t3,a5
   198bc:	84f6                	mv	s1,t4
   198be:	892e                	mv	s2,a1
   198c0:	b705                	j	197e0 <__subtf3+0x3be>
   198c2:	fd1e83e3          	beq	t4,a7,19888 <__subtf3+0x466>
   198c6:	07400713          	li	a4,116
   198ca:	06f74d63          	blt	a4,a5,19944 <__subtf3+0x522>
   198ce:	03f00713          	li	a4,63
   198d2:	04f74563          	blt	a4,a5,1991c <__subtf3+0x4fa>
   198d6:	04000693          	li	a3,64
   198da:	9e9d                	subw	a3,a3,a5
   198dc:	00d31733          	sll	a4,t1,a3
   198e0:	00f55833          	srl	a6,a0,a5
   198e4:	00d516b3          	sll	a3,a0,a3
   198e8:	01076733          	or	a4,a4,a6
   198ec:	00d036b3          	snez	a3,a3
   198f0:	8f55                	or	a4,a4,a3
   198f2:	00f357b3          	srl	a5,t1,a5
   198f6:	40e60733          	sub	a4,a2,a4
   198fa:	00e63333          	sltu	t1,a2,a4
   198fe:	40fe07b3          	sub	a5,t3,a5
   19902:	863a                	mv	a2,a4
   19904:	40678333          	sub	t1,a5,t1
   19908:	bf55                	j	198bc <__subtf3+0x49a>
   1990a:	f71e8fe3          	beq	t4,a7,19888 <__subtf3+0x466>
   1990e:	4705                	li	a4,1
   19910:	174e                	slli	a4,a4,0x33
   19912:	40f007bb          	negw	a5,a5
   19916:	00e36333          	or	t1,t1,a4
   1991a:	b775                	j	198c6 <__subtf3+0x4a4>
   1991c:	fc07871b          	addiw	a4,a5,-64
   19920:	04000813          	li	a6,64
   19924:	00e35733          	srl	a4,t1,a4
   19928:	4681                	li	a3,0
   1992a:	01078763          	beq	a5,a6,19938 <__subtf3+0x516>
   1992e:	08000693          	li	a3,128
   19932:	9e9d                	subw	a3,a3,a5
   19934:	00d316b3          	sll	a3,t1,a3
   19938:	8ec9                	or	a3,a3,a0
   1993a:	00d036b3          	snez	a3,a3
   1993e:	8f55                	or	a4,a4,a3
   19940:	4781                	li	a5,0
   19942:	bf55                	j	198f6 <__subtf3+0x4d4>
   19944:	00a36733          	or	a4,t1,a0
   19948:	00e03733          	snez	a4,a4
   1994c:	bfd5                	j	19940 <__subtf3+0x51e>
   1994e:	00180713          	addi	a4,a6,1
   19952:	03171693          	slli	a3,a4,0x31
   19956:	92c9                	srli	a3,a3,0x32
   19958:	eadd                	bnez	a3,19a0e <__subtf3+0x5ec>
   1995a:	00ce6733          	or	a4,t3,a2
   1995e:	00a366b3          	or	a3,t1,a0
   19962:	04081f63          	bnez	a6,199c0 <__subtf3+0x59e>
   19966:	ea91                	bnez	a3,1997a <__subtf3+0x558>
   19968:	1e071363          	bnez	a4,19b4e <__subtf3+0x72c>
   1996c:	ffe98913          	addi	s2,s3,-2
   19970:	00193913          	seqz	s2,s2
   19974:	4301                	li	t1,0
   19976:	4601                	li	a2,0
   19978:	bb09                	j	1968a <__subtf3+0x268>
   1997a:	1c070c63          	beqz	a4,19b52 <__subtf3+0x730>
   1997e:	40c506b3          	sub	a3,a0,a2
   19982:	00d53833          	sltu	a6,a0,a3
   19986:	41c30733          	sub	a4,t1,t3
   1998a:	41070733          	sub	a4,a4,a6
   1998e:	00c71813          	slli	a6,a4,0xc
   19992:	00085d63          	bgez	a6,199ac <__subtf3+0x58a>
   19996:	40a60533          	sub	a0,a2,a0
   1999a:	00a637b3          	sltu	a5,a2,a0
   1999e:	406e0e33          	sub	t3,t3,t1
   199a2:	862a                	mv	a2,a0
   199a4:	40fe0333          	sub	t1,t3,a5
   199a8:	892e                	mv	s2,a1
   199aa:	a0c5                	j	19a8a <__subtf3+0x668>
   199ac:	00e6e633          	or	a2,a3,a4
   199b0:	1a061363          	bnez	a2,19b56 <__subtf3+0x734>
   199b4:	ffe98913          	addi	s2,s3,-2
   199b8:	00193913          	seqz	s2,s2
   199bc:	4301                	li	t1,0
   199be:	b1f1                	j	1968a <__subtf3+0x268>
   199c0:	03181563          	bne	a6,a7,199ea <__subtf3+0x5c8>
   199c4:	24068a63          	beqz	a3,19c18 <__subtf3+0x7f6>
   199c8:	03235793          	srli	a5,t1,0x32
   199cc:	8b85                	andi	a5,a5,1
   199ce:	0017c793          	xori	a5,a5,1
   199d2:	0047979b          	slliw	a5,a5,0x4
   199d6:	030e9563          	bne	t4,a6,19a00 <__subtf3+0x5de>
   199da:	cb11                	beqz	a4,199ee <__subtf3+0x5cc>
   199dc:	00de1813          	slli	a6,t3,0xd
   199e0:	00084763          	bltz	a6,199ee <__subtf3+0x5cc>
   199e4:	47c1                	li	a5,16
   199e6:	c699                	beqz	a3,199f4 <__subtf3+0x5d2>
   199e8:	a831                	j	19a04 <__subtf3+0x5e2>
   199ea:	ff1e88e3          	beq	t4,a7,199da <__subtf3+0x5b8>
   199ee:	ea89                	bnez	a3,19a00 <__subtf3+0x5de>
   199f0:	20070863          	beqz	a4,19c00 <__subtf3+0x7de>
   199f4:	892e                	mv	s2,a1
   199f6:	8372                	mv	t1,t3
   199f8:	6721                	lui	a4,0x8
   199fa:	fff70493          	addi	s1,a4,-1 # 7fff <exit-0x8121>
   199fe:	b171                	j	1968a <__subtf3+0x268>
   19a00:	d0070fe3          	beqz	a4,1971e <__subtf3+0x2fc>
   19a04:	4305                	li	t1,1
   19a06:	4901                	li	s2,0
   19a08:	134a                	slli	t1,t1,0x32
   19a0a:	4601                	li	a2,0
   19a0c:	b7f5                	j	199f8 <__subtf3+0x5d6>
   19a0e:	40c50733          	sub	a4,a0,a2
   19a12:	00e536b3          	sltu	a3,a0,a4
   19a16:	41c30433          	sub	s0,t1,t3
   19a1a:	8c15                	sub	s0,s0,a3
   19a1c:	00c41693          	slli	a3,s0,0xc
   19a20:	8a3a                	mv	s4,a4
   19a22:	0c06d063          	bgez	a3,19ae2 <__subtf3+0x6c0>
   19a26:	40a60a33          	sub	s4,a2,a0
   19a2a:	406e0433          	sub	s0,t3,t1
   19a2e:	01463633          	sltu	a2,a2,s4
   19a32:	8c11                	sub	s0,s0,a2
   19a34:	892e                	mv	s2,a1
   19a36:	c061                	beqz	s0,19af6 <__subtf3+0x6d4>
   19a38:	8522                	mv	a0,s0
   19a3a:	3ec000ef          	jal	19e26 <__clzdi2>
   19a3e:	ff45061b          	addiw	a2,a0,-12
   19a42:	04000313          	li	t1,64
   19a46:	40c3033b          	subw	t1,t1,a2
   19a4a:	00c41433          	sll	s0,s0,a2
   19a4e:	006a5333          	srl	t1,s4,t1
   19a52:	00836333          	or	t1,t1,s0
   19a56:	00ca1433          	sll	s0,s4,a2
   19a5a:	0e964063          	blt	a2,s1,19b3a <__subtf3+0x718>
   19a5e:	9e05                	subw	a2,a2,s1
   19a60:	0016071b          	addiw	a4,a2,1 # 8001 <exit-0x811f>
   19a64:	03f00793          	li	a5,63
   19a68:	0ae7c563          	blt	a5,a4,19b12 <__subtf3+0x6f0>
   19a6c:	04000793          	li	a5,64
   19a70:	9f99                	subw	a5,a5,a4
   19a72:	00f31633          	sll	a2,t1,a5
   19a76:	00e456b3          	srl	a3,s0,a4
   19a7a:	00f417b3          	sll	a5,s0,a5
   19a7e:	8e55                	or	a2,a2,a3
   19a80:	00f037b3          	snez	a5,a5
   19a84:	8e5d                	or	a2,a2,a5
   19a86:	00e35333          	srl	t1,t1,a4
   19a8a:	00c367b3          	or	a5,t1,a2
   19a8e:	18078263          	beqz	a5,19c12 <__subtf3+0x7f0>
   19a92:	00161693          	slli	a3,a2,0x1
   19a96:	03f65713          	srli	a4,a2,0x3f
   19a9a:	00131793          	slli	a5,t1,0x1
   19a9e:	0076f593          	andi	a1,a3,7
   19aa2:	97ba                	add	a5,a5,a4
   19aa4:	4701                	li	a4,0
   19aa6:	c18d                	beqz	a1,19ac8 <__subtf3+0x6a6>
   19aa8:	4709                	li	a4,2
   19aaa:	0ce98263          	beq	s3,a4,19b6e <__subtf3+0x74c>
   19aae:	470d                	li	a4,3
   19ab0:	0ae98663          	beq	s3,a4,19b5c <__subtf3+0x73a>
   19ab4:	4705                	li	a4,1
   19ab6:	00099963          	bnez	s3,19ac8 <__subtf3+0x6a6>
   19aba:	00f6f593          	andi	a1,a3,15
   19abe:	4511                	li	a0,4
   19ac0:	ffc6b693          	sltiu	a3,a3,-4
   19ac4:	0aa59163          	bne	a1,a0,19b66 <__subtf3+0x744>
   19ac8:	93d1                	srli	a5,a5,0x34
   19aca:	8b85                	andi	a5,a5,1
   19acc:	0017c793          	xori	a5,a5,1
   19ad0:	4481                	li	s1,0
   19ad2:	00767693          	andi	a3,a2,7
   19ad6:	cac5                	beqz	a3,19b86 <__subtf3+0x764>
   19ad8:	4709                	li	a4,2
   19ada:	0ae98363          	beq	s3,a4,19b80 <__subtf3+0x75e>
   19ade:	4705                	li	a4,1
   19ae0:	b9ad                	j	1975a <__subtf3+0x338>
   19ae2:	00876633          	or	a2,a4,s0
   19ae6:	fa21                	bnez	a2,19a36 <__subtf3+0x614>
   19ae8:	ffe98913          	addi	s2,s3,-2
   19aec:	00193913          	seqz	s2,s2
   19af0:	4301                	li	t1,0
   19af2:	4481                	li	s1,0
   19af4:	be59                	j	1968a <__subtf3+0x268>
   19af6:	8552                	mv	a0,s4
   19af8:	32e000ef          	jal	19e26 <__clzdi2>
   19afc:	0345061b          	addiw	a2,a0,52
   19b00:	03f00793          	li	a5,63
   19b04:	f2c7dfe3          	bge	a5,a2,19a42 <__subtf3+0x620>
   19b08:	ff45031b          	addiw	t1,a0,-12
   19b0c:	006a1333          	sll	t1,s4,t1
   19b10:	b7a9                	j	19a5a <__subtf3+0x638>
   19b12:	fc16061b          	addiw	a2,a2,-63
   19b16:	04000693          	li	a3,64
   19b1a:	00c35633          	srl	a2,t1,a2
   19b1e:	4781                	li	a5,0
   19b20:	00d70763          	beq	a4,a3,19b2e <__subtf3+0x70c>
   19b24:	08000793          	li	a5,128
   19b28:	9f99                	subw	a5,a5,a4
   19b2a:	00f317b3          	sll	a5,t1,a5
   19b2e:	8fc1                	or	a5,a5,s0
   19b30:	00f037b3          	snez	a5,a5
   19b34:	8e5d                	or	a2,a2,a5
   19b36:	4301                	li	t1,0
   19b38:	bf89                	j	19a8a <__subtf3+0x668>
   19b3a:	57fd                	li	a5,-1
   19b3c:	17ce                	slli	a5,a5,0x33
   19b3e:	17fd                	addi	a5,a5,-1
   19b40:	8c91                	sub	s1,s1,a2
   19b42:	00f37333          	and	t1,t1,a5
   19b46:	8622                	mv	a2,s0
   19b48:	ba71                	j	194e4 <__subtf3+0xc2>
   19b4a:	8372                	mv	t1,t3
   19b4c:	bf3d                	j	19a8a <__subtf3+0x668>
   19b4e:	8372                	mv	t1,t3
   19b50:	bda1                	j	199a8 <__subtf3+0x586>
   19b52:	862a                	mv	a2,a0
   19b54:	bf1d                	j	19a8a <__subtf3+0x668>
   19b56:	833a                	mv	t1,a4
   19b58:	8636                	mv	a2,a3
   19b5a:	bf05                	j	19a8a <__subtf3+0x668>
   19b5c:	4705                	li	a4,1
   19b5e:	f60915e3          	bnez	s2,19ac8 <__subtf3+0x6a6>
   19b62:	ff86b693          	sltiu	a3,a3,-8
   19b66:	0016b693          	seqz	a3,a3
   19b6a:	97b6                	add	a5,a5,a3
   19b6c:	bfb1                	j	19ac8 <__subtf3+0x6a6>
   19b6e:	4705                	li	a4,1
   19b70:	f4090ce3          	beqz	s2,19ac8 <__subtf3+0x6a6>
   19b74:	b7fd                	j	19b62 <__subtf3+0x740>
   19b76:	00091863          	bnez	s2,19b86 <__subtf3+0x764>
   19b7a:	00860693          	addi	a3,a2,8
   19b7e:	bed5                	j	19772 <__subtf3+0x350>
   19b80:	4705                	li	a4,1
   19b82:	fe091ce3          	bnez	s2,19b7a <__subtf3+0x758>
   19b86:	c00785e3          	beqz	a5,19790 <__subtf3+0x36e>
   19b8a:	00177793          	andi	a5,a4,1
   19b8e:	0017979b          	slliw	a5,a5,0x1
   19b92:	8fd9                	or	a5,a5,a4
   19b94:	00c31713          	slli	a4,t1,0xc
   19b98:	ae0759e3          	bgez	a4,1968a <__subtf3+0x268>
   19b9c:	6721                	lui	a4,0x8
   19b9e:	0485                	addi	s1,s1,1
   19ba0:	177d                	addi	a4,a4,-1 # 7fff <exit-0x8121>
   19ba2:	00e48e63          	beq	s1,a4,19bbe <__subtf3+0x79c>
   19ba6:	577d                	li	a4,-1
   19ba8:	174e                	slli	a4,a4,0x33
   19baa:	177d                	addi	a4,a4,-1
   19bac:	00e37333          	and	t1,t1,a4
   19bb0:	bce9                	j	1968a <__subtf3+0x268>
   19bb2:	64a1                	lui	s1,0x8
   19bb4:	537d                	li	t1,-1
   19bb6:	14f9                	addi	s1,s1,-2 # 7ffe <exit-0x8122>
   19bb8:	861a                	mv	a2,t1
   19bba:	4795                	li	a5,5
   19bbc:	bfe1                	j	19b94 <__subtf3+0x772>
   19bbe:	4601                	li	a2,0
   19bc0:	02098163          	beqz	s3,19be2 <__subtf3+0x7c0>
   19bc4:	470d                	li	a4,3
   19bc6:	00e99863          	bne	s3,a4,19bd6 <__subtf3+0x7b4>
   19bca:	00090c63          	beqz	s2,19be2 <__subtf3+0x7c0>
   19bce:	64a1                	lui	s1,0x8
   19bd0:	567d                	li	a2,-1
   19bd2:	14f9                	addi	s1,s1,-2 # 7ffe <exit-0x8122>
   19bd4:	a039                	j	19be2 <__subtf3+0x7c0>
   19bd6:	ffe98693          	addi	a3,s3,-2
   19bda:	faf5                	bnez	a3,19bce <__subtf3+0x7ac>
   19bdc:	00197713          	andi	a4,s2,1
   19be0:	d77d                	beqz	a4,19bce <__subtf3+0x7ac>
   19be2:	0057e793          	ori	a5,a5,5
   19be6:	2781                	sext.w	a5,a5
   19be8:	8332                	mv	t1,a2
   19bea:	b445                	j	1968a <__subtf3+0x268>
   19bec:	84ba                	mv	s1,a4
   19bee:	b6d9                	j	197b4 <__subtf3+0x392>
   19bf0:	4301                	li	t1,0
   19bf2:	b845                	j	194a2 <__subtf3+0x80>
   19bf4:	8372                	mv	t1,t3
   19bf6:	84f6                	mv	s1,t4
   19bf8:	b06d                	j	194a2 <__subtf3+0x80>
   19bfa:	892e                	mv	s2,a1
   19bfc:	4601                	li	a2,0
   19bfe:	bfe5                	j	19bf6 <__subtf3+0x7d4>
   19c00:	4305                	li	t1,1
   19c02:	6721                	lui	a4,0x8
   19c04:	4901                	li	s2,0
   19c06:	4601                	li	a2,0
   19c08:	134a                	slli	t1,t1,0x32
   19c0a:	fff70493          	addi	s1,a4,-1 # 7fff <exit-0x8121>
   19c0e:	47c1                	li	a5,16
   19c10:	bcad                	j	1968a <__subtf3+0x268>
   19c12:	4301                	li	t1,0
   19c14:	4601                	li	a2,0
   19c16:	bdf1                	j	19af2 <__subtf3+0x6d0>
   19c18:	dd0e9ce3          	bne	t4,a6,199f0 <__subtf3+0x5ce>
   19c1c:	bb7d                	j	199da <__subtf3+0x5b8>

0000000000019c1e <__unordtf2>:
   19c1e:	882a                	mv	a6,a0
   19c20:	002027f3          	frrm	a5
   19c24:	57fd                	li	a5,-1
   19c26:	83c1                	srli	a5,a5,0x10
   19c28:	6721                	lui	a4,0x8
   19c2a:	00f5f8b3          	and	a7,a1,a5
   19c2e:	177d                	addi	a4,a4,-1 # 7fff <exit-0x8121>
   19c30:	91c1                	srli	a1,a1,0x30
   19c32:	8ff5                	and	a5,a5,a3
   19c34:	8df9                	and	a1,a1,a4
   19c36:	92c1                	srli	a3,a3,0x30
   19c38:	8ef9                	and	a3,a3,a4
   19c3a:	00e59563          	bne	a1,a4,19c44 <__unordtf2+0x26>
   19c3e:	01156533          	or	a0,a0,a7
   19c42:	e909                	bnez	a0,19c54 <__unordtf2+0x36>
   19c44:	4501                	li	a0,0
   19c46:	02e69d63          	bne	a3,a4,19c80 <__unordtf2+0x62>
   19c4a:	00f66733          	or	a4,a2,a5
   19c4e:	cb0d                	beqz	a4,19c80 <__unordtf2+0x62>
   19c50:	00d59f63          	bne	a1,a3,19c6e <__unordtf2+0x50>
   19c54:	01186833          	or	a6,a6,a7
   19c58:	00080663          	beqz	a6,19c64 <__unordtf2+0x46>
   19c5c:	4705                	li	a4,1
   19c5e:	173e                	slli	a4,a4,0x2f
   19c60:	00e8ed63          	bltu	a7,a4,19c7a <__unordtf2+0x5c>
   19c64:	6721                	lui	a4,0x8
   19c66:	177d                	addi	a4,a4,-1 # 7fff <exit-0x8121>
   19c68:	4505                	li	a0,1
   19c6a:	00e69b63          	bne	a3,a4,19c80 <__unordtf2+0x62>
   19c6e:	8e5d                	or	a2,a2,a5
   19c70:	c619                	beqz	a2,19c7e <__unordtf2+0x60>
   19c72:	4705                	li	a4,1
   19c74:	173e                	slli	a4,a4,0x2f
   19c76:	00e7f463          	bgeu	a5,a4,19c7e <__unordtf2+0x60>
   19c7a:	00186073          	csrsi	fflags,16
   19c7e:	4505                	li	a0,1
   19c80:	8082                	ret

0000000000019c82 <__fixtfsi>:
   19c82:	862a                	mv	a2,a0
   19c84:	002027f3          	frrm	a5
   19c88:	00159713          	slli	a4,a1,0x1
   19c8c:	03175693          	srli	a3,a4,0x31
   19c90:	6711                	lui	a4,0x4
   19c92:	01059793          	slli	a5,a1,0x10
   19c96:	1779                	addi	a4,a4,-2 # 3ffe <exit-0xc122>
   19c98:	83c1                	srli	a5,a5,0x10
   19c9a:	91fd                	srli	a1,a1,0x3f
   19c9c:	00d74863          	blt	a4,a3,19cac <__fixtfsi+0x2a>
   19ca0:	e2a5                	bnez	a3,19d00 <__fixtfsi+0x7e>
   19ca2:	00f56633          	or	a2,a0,a5
   19ca6:	4501                	li	a0,0
   19ca8:	ea31                	bnez	a2,19cfc <__fixtfsi+0x7a>
   19caa:	8082                	ret
   19cac:	6711                	lui	a4,0x4
   19cae:	0775                	addi	a4,a4,29 # 401d <exit-0xc103>
   19cb0:	02d75063          	bge	a4,a3,19cd0 <__fixtfsi+0x4e>
   19cb4:	80000537          	lui	a0,0x80000
   19cb8:	c5b1                	beqz	a1,19d04 <__fixtfsi+0x82>
   19cba:	6711                	lui	a4,0x4
   19cbc:	0779                	addi	a4,a4,30 # 401e <exit-0xc102>
   19cbe:	04e69563          	bne	a3,a4,19d08 <__fixtfsi+0x86>
   19cc2:	0117d713          	srli	a4,a5,0x11
   19cc6:	e329                	bnez	a4,19d08 <__fixtfsi+0x86>
   19cc8:	17be                	slli	a5,a5,0x2f
   19cca:	8fd1                	or	a5,a5,a2
   19ccc:	eb85                	bnez	a5,19cfc <__fixtfsi+0x7a>
   19cce:	8082                	ret
   19cd0:	4705                	li	a4,1
   19cd2:	1742                	slli	a4,a4,0x30
   19cd4:	8fd9                	or	a5,a5,a4
   19cd6:	6611                	lui	a2,0x4
   19cd8:	7771                	lui	a4,0xffffc
   19cda:	2745                	addiw	a4,a4,17 # ffffffffffffc011 <__BSS_END__+0xfffffffffffdf741>
   19cdc:	02f6061b          	addiw	a2,a2,47 # 402f <exit-0xc0f1>
   19ce0:	9f35                	addw	a4,a4,a3
   19ce2:	40d606bb          	subw	a3,a2,a3
   19ce6:	00e79733          	sll	a4,a5,a4
   19cea:	00d7d7b3          	srl	a5,a5,a3
   19cee:	8f49                	or	a4,a4,a0
   19cf0:	0007851b          	sext.w	a0,a5
   19cf4:	c199                	beqz	a1,19cfa <__fixtfsi+0x78>
   19cf6:	40a0053b          	negw	a0,a0
   19cfa:	cb11                	beqz	a4,19d0e <__fixtfsi+0x8c>
   19cfc:	4785                	li	a5,1
   19cfe:	a031                	j	19d0a <__fixtfsi+0x88>
   19d00:	4501                	li	a0,0
   19d02:	bfed                	j	19cfc <__fixtfsi+0x7a>
   19d04:	fff54513          	not	a0,a0
   19d08:	47c1                	li	a5,16
   19d0a:	0017a073          	csrs	fflags,a5
   19d0e:	8082                	ret

0000000000019d10 <__floatsitf>:
   19d10:	1101                	addi	sp,sp,-32
   19d12:	ec06                	sd	ra,24(sp)
   19d14:	e822                	sd	s0,16(sp)
   19d16:	e426                	sd	s1,8(sp)
   19d18:	c129                	beqz	a0,19d5a <__floatsitf+0x4a>
   19d1a:	41f5579b          	sraiw	a5,a0,0x1f
   19d1e:	00f54433          	xor	s0,a0,a5
   19d22:	9c1d                	subw	s0,s0,a5
   19d24:	1402                	slli	s0,s0,0x20
   19d26:	9001                	srli	s0,s0,0x20
   19d28:	01f5549b          	srliw	s1,a0,0x1f
   19d2c:	8522                	mv	a0,s0
   19d2e:	0f8000ef          	jal	19e26 <__clzdi2>
   19d32:	6791                	lui	a5,0x4
   19d34:	03e7879b          	addiw	a5,a5,62 # 403e <exit-0xc0e2>
   19d38:	9f89                	subw	a5,a5,a0
   19d3a:	3545                	addiw	a0,a0,-15 # 7ffffff1 <__BSS_END__+0x7ffe3721>
   19d3c:	00a41433          	sll	s0,s0,a0
   19d40:	00f4959b          	slliw	a1,s1,0xf
   19d44:	0442                	slli	s0,s0,0x10
   19d46:	8ddd                	or	a1,a1,a5
   19d48:	8041                	srli	s0,s0,0x10
   19d4a:	15c2                	slli	a1,a1,0x30
   19d4c:	60e2                	ld	ra,24(sp)
   19d4e:	8dc1                	or	a1,a1,s0
   19d50:	6442                	ld	s0,16(sp)
   19d52:	64a2                	ld	s1,8(sp)
   19d54:	4501                	li	a0,0
   19d56:	6105                	addi	sp,sp,32
   19d58:	8082                	ret
   19d5a:	4481                	li	s1,0
   19d5c:	4401                	li	s0,0
   19d5e:	4781                	li	a5,0
   19d60:	b7c5                	j	19d40 <__floatsitf+0x30>

0000000000019d62 <__extenddftf2>:
   19d62:	1101                	addi	sp,sp,-32
   19d64:	e20507d3          	fmv.x.d	a5,fa0
   19d68:	ec06                	sd	ra,24(sp)
   19d6a:	e822                	sd	s0,16(sp)
   19d6c:	e426                	sd	s1,8(sp)
   19d6e:	00202773          	frrm	a4
   19d72:	0347d513          	srli	a0,a5,0x34
   19d76:	7ff57513          	andi	a0,a0,2047
   19d7a:	00150713          	addi	a4,a0,1
   19d7e:	00c79413          	slli	s0,a5,0xc
   19d82:	7fe77713          	andi	a4,a4,2046
   19d86:	8031                	srli	s0,s0,0xc
   19d88:	03f7d493          	srli	s1,a5,0x3f
   19d8c:	cb11                	beqz	a4,19da0 <__extenddftf2+0x3e>
   19d8e:	6711                	lui	a4,0x4
   19d90:	c0070713          	addi	a4,a4,-1024 # 3c00 <exit-0xc520>
   19d94:	00445793          	srli	a5,s0,0x4
   19d98:	953a                	add	a0,a0,a4
   19d9a:	1472                	slli	s0,s0,0x3c
   19d9c:	4701                	li	a4,0
   19d9e:	a8b9                	j	19dfc <__extenddftf2+0x9a>
   19da0:	ed1d                	bnez	a0,19dde <__extenddftf2+0x7c>
   19da2:	4781                	li	a5,0
   19da4:	dc65                	beqz	s0,19d9c <__extenddftf2+0x3a>
   19da6:	8522                	mv	a0,s0
   19da8:	07e000ef          	jal	19e26 <__clzdi2>
   19dac:	0005071b          	sext.w	a4,a0
   19db0:	47b9                	li	a5,14
   19db2:	02e7c063          	blt	a5,a4,19dd2 <__extenddftf2+0x70>
   19db6:	47bd                	li	a5,15
   19db8:	9f89                	subw	a5,a5,a0
   19dba:	0315071b          	addiw	a4,a0,49
   19dbe:	00f457b3          	srl	a5,s0,a5
   19dc2:	00e41433          	sll	s0,s0,a4
   19dc6:	6711                	lui	a4,0x4
   19dc8:	c0c7071b          	addiw	a4,a4,-1012 # 3c0c <exit-0xc514>
   19dcc:	40a7053b          	subw	a0,a4,a0
   19dd0:	b7f1                	j	19d9c <__extenddftf2+0x3a>
   19dd2:	ff15079b          	addiw	a5,a0,-15
   19dd6:	00f417b3          	sll	a5,s0,a5
   19dda:	4401                	li	s0,0
   19ddc:	b7ed                	j	19dc6 <__extenddftf2+0x64>
   19dde:	c021                	beqz	s0,19e1e <__extenddftf2+0xbc>
   19de0:	4685                	li	a3,1
   19de2:	03369713          	slli	a4,a3,0x33
   19de6:	00e43733          	sltu	a4,s0,a4
   19dea:	00445793          	srli	a5,s0,0x4
   19dee:	16be                	slli	a3,a3,0x2f
   19df0:	6521                	lui	a0,0x8
   19df2:	0047171b          	slliw	a4,a4,0x4
   19df6:	8fd5                	or	a5,a5,a3
   19df8:	1472                	slli	s0,s0,0x3c
   19dfa:	157d                	addi	a0,a0,-1 # 7fff <exit-0x8121>
   19dfc:	01079593          	slli	a1,a5,0x10
   19e00:	00f4979b          	slliw	a5,s1,0xf
   19e04:	8fc9                	or	a5,a5,a0
   19e06:	17c2                	slli	a5,a5,0x30
   19e08:	81c1                	srli	a1,a1,0x10
   19e0a:	8ddd                	or	a1,a1,a5
   19e0c:	c319                	beqz	a4,19e12 <__extenddftf2+0xb0>
   19e0e:	00186073          	csrsi	fflags,16
   19e12:	60e2                	ld	ra,24(sp)
   19e14:	8522                	mv	a0,s0
   19e16:	6442                	ld	s0,16(sp)
   19e18:	64a2                	ld	s1,8(sp)
   19e1a:	6105                	addi	sp,sp,32
   19e1c:	8082                	ret
   19e1e:	6521                	lui	a0,0x8
   19e20:	4781                	li	a5,0
   19e22:	157d                	addi	a0,a0,-1 # 7fff <exit-0x8121>
   19e24:	bfa5                	j	19d9c <__extenddftf2+0x3a>

0000000000019e26 <__clzdi2>:
   19e26:	03800793          	li	a5,56
   19e2a:	00f55733          	srl	a4,a0,a5
   19e2e:	0ff77693          	zext.b	a3,a4
   19e32:	ee99                	bnez	a3,19e50 <__clzdi2+0x2a>
   19e34:	17e1                	addi	a5,a5,-8
   19e36:	fbf5                	bnez	a5,19e2a <__clzdi2+0x4>
   19e38:	04000713          	li	a4,64
   19e3c:	8f1d                	sub	a4,a4,a5
   19e3e:	67e9                	lui	a5,0x1a
   19e40:	0a878793          	addi	a5,a5,168 # 1a0a8 <__clz_tab>
   19e44:	97aa                	add	a5,a5,a0
   19e46:	0007c503          	lbu	a0,0(a5)
   19e4a:	40a7053b          	subw	a0,a4,a0
   19e4e:	8082                	ret
   19e50:	853a                	mv	a0,a4
   19e52:	b7dd                	j	19e38 <__clzdi2+0x12>
