
bin/moe_dispatch/moe_dispatch_vector:     file format elf64-littleriscv


Disassembly of section .text:

0000000000010120 <exit>:
   10120:	1141                	addi	sp,sp,-16
   10122:	4581                	li	a1,0
   10124:	e022                	sd	s0,0(sp)
   10126:	e406                	sd	ra,8(sp)
   10128:	842a                	mv	s0,a0
   1012a:	3a3010ef          	jal	11ccc <__call_exitprocs>
   1012e:	2501b783          	ld	a5,592(gp) # 1c538 <__stdio_exit_handler>
   10132:	c391                	beqz	a5,10136 <exit+0x16>
   10134:	9782                	jalr	a5
   10136:	8522                	mv	a0,s0
   10138:	2f3080ef          	jal	18c2a <_exit>

000000000001013c <main>:
   1013c:	7135                	addi	sp,sp,-160
   1013e:	ed06                	sd	ra,152(sp)
   10140:	4795                	li	a5,5
   10142:	56f51563          	bne	a0,a5,106ac <main+0x570>
   10146:	6588                	ld	a0,8(a1)
   10148:	e922                	sd	s0,144(sp)
   1014a:	e526                	sd	s1,136(sp)
   1014c:	e14a                	sd	s2,128(sp)
   1014e:	fcce                	sd	s3,120(sp)
   10150:	892e                	mv	s2,a1
   10152:	710000ef          	jal	10862 <atoi>
   10156:	84aa                	mv	s1,a0
   10158:	01093503          	ld	a0,16(s2)
   1015c:	706000ef          	jal	10862 <atoi>
   10160:	842a                	mv	s0,a0
   10162:	01893503          	ld	a0,24(s2)
   10166:	6fc000ef          	jal	10862 <atoi>
   1016a:	e02a                	sd	a0,0(sp)
   1016c:	02093503          	ld	a0,32(s2)
   10170:	4601                	li	a2,0
   10172:	4581                	li	a1,0
   10174:	278010ef          	jal	113ec <strtoull>
   10178:	89aa                	mv	s3,a0
   1017a:	50805563          	blez	s0,10684 <main+0x548>
   1017e:	fff4079b          	addiw	a5,s0,-1
   10182:	8fe1                	and	a5,a5,s0
   10184:	ecde                	sd	s7,88(sp)
   10186:	2781                	sext.w	a5,a5
   10188:	8bbe                	mv	s7,a5
   1018a:	4e079c63          	bnez	a5,10682 <main+0x546>
   1018e:	4e905a63          	blez	s1,10682 <main+0x546>
   10192:	6702                	ld	a4,0(sp)
   10194:	4ee05763          	blez	a4,10682 <main+0x546>
   10198:	028487b3          	mul	a5,s1,s0
   1019c:	f8d2                	sd	s4,112(sp)
   1019e:	e03a                	sd	a4,0(sp)
   101a0:	f4d6                	sd	s5,104(sp)
   101a2:	f0da                	sd	s6,96(sp)
   101a4:	e8e2                	sd	s8,80(sp)
   101a6:	e4e6                	sd	s9,72(sp)
   101a8:	00279a13          	slli	s4,a5,0x2
   101ac:	8552                	mv	a0,s4
   101ae:	8cbe                	mv	s9,a5
   101b0:	784000ef          	jal	10934 <malloc>
   101b4:	f82a                	sd	a0,48(sp)
   101b6:	00249513          	slli	a0,s1,0x2
   101ba:	77a000ef          	jal	10934 <malloc>
   101be:	f42a                	sd	a0,40(sp)
   101c0:	00249513          	slli	a0,s1,0x2
   101c4:	770000ef          	jal	10934 <malloc>
   101c8:	8aaa                	mv	s5,a0
   101ca:	00249513          	slli	a0,s1,0x2
   101ce:	766000ef          	jal	10934 <malloc>
   101d2:	6702                	ld	a4,0(sp)
   101d4:	4591                	li	a1,4
   101d6:	f02a                	sd	a0,32(sp)
   101d8:	00170513          	addi	a0,a4,1
   101dc:	ec3a                	sd	a4,24(sp)
   101de:	6ac000ef          	jal	1088a <calloc>
   101e2:	e82a                	sd	a0,16(sp)
   101e4:	8552                	mv	a0,s4
   101e6:	74e000ef          	jal	10934 <malloc>
   101ea:	e42a                	sd	a0,8(sp)
   101ec:	8552                	mv	a0,s4
   101ee:	746000ef          	jal	10934 <malloc>
   101f2:	e02a                	sd	a0,0(sp)
   101f4:	8552                	mv	a0,s4
   101f6:	73e000ef          	jal	10934 <malloc>
   101fa:	892a                	mv	s2,a0
   101fc:	8b2a                	mv	s6,a0
   101fe:	8552                	mv	a0,s4
   10200:	734000ef          	jal	10934 <malloc>
   10204:	7fc2                	ld	t6,48(sp)
   10206:	8c52                	mv	s8,s4
   10208:	8e2a                	mv	t3,a0
   1020a:	4a0f8e63          	beqz	t6,106c6 <main+0x58a>
   1020e:	7622                	ld	a2,40(sp)
   10210:	4a060b63          	beqz	a2,106c6 <main+0x58a>
   10214:	4a0a8963          	beqz	s5,106c6 <main+0x58a>
   10218:	7e82                	ld	t4,32(sp)
   1021a:	4a0e8663          	beqz	t4,106c6 <main+0x58a>
   1021e:	66c2                	ld	a3,16(sp)
   10220:	4a068363          	beqz	a3,106c6 <main+0x58a>
   10224:	68a2                	ld	a7,8(sp)
   10226:	4a088063          	beqz	a7,106c6 <main+0x58a>
   1022a:	6802                	ld	a6,0(sp)
   1022c:	00193593          	seqz	a1,s2
   10230:	00183793          	seqz	a5,a6
   10234:	8fcd                	or	a5,a5,a1
   10236:	48079863          	bnez	a5,106c6 <main+0x58a>
   1023a:	6762                	ld	a4,24(sp)
   1023c:	48050563          	beqz	a0,106c6 <main+0x58a>
   10240:	94d053b7          	lui	t2,0x94d05
   10244:	9e3782b7          	lui	t0,0x9e378
   10248:	bf584937          	lui	s2,0xbf584
   1024c:	0000c317          	auipc	t1,0xc
   10250:	29c32687          	flw	fa3,668(t1) # 1c4e8 <mask+0x8>
   10254:	9bb38393          	addi	t2,t2,-1605 # ffffffff94d049bb <__BSS_END__+0xffffffff94ce7ed3>
   10258:	13311537          	lui	a0,0x13311
   1025c:	9b928293          	addi	t0,t0,-1607 # ffffffff9e3779b9 <__BSS_END__+0xffffffff9e35aed1>
   10260:	7f4a85b7          	lui	a1,0x7f4a8
   10264:	76d90913          	addi	s2,s2,1901 # ffffffffbf58476d <__BSS_END__+0xffffffffbf567c85>
   10268:	1ce4e7b7          	lui	a5,0x1ce4e
   1026c:	1eb50513          	addi	a0,a0,491 # 133111eb <__BSS_END__+0x132f4703>
   10270:	c1558593          	addi	a1,a1,-1003 # 7f4a7c15 <__BSS_END__+0x7f48b12d>
   10274:	1382                	slli	t2,t2,0x20
   10276:	1282                	slli	t0,t0,0x20
   10278:	1902                	slli	s2,s2,0x20
   1027a:	5b978793          	addi	a5,a5,1465 # 1ce4e5b9 <__BSS_END__+0x1ce31ad1>
   1027e:	93aa                	add	t2,t2,a0
   10280:	92ae                	add	t0,t0,a1
   10282:	993e                	add	s2,s2,a5
   10284:	014f8333          	add	t1,t6,s4
   10288:	857e                	mv	a0,t6
   1028a:	85ce                	mv	a1,s3
   1028c:	ff800f37          	lui	t5,0xff800
   10290:	9596                	add	a1,a1,t0
   10292:	01e5d793          	srli	a5,a1,0x1e
   10296:	8fad                	xor	a5,a5,a1
   10298:	032787b3          	mul	a5,a5,s2
   1029c:	0511                	addi	a0,a0,4
   1029e:	01b7da13          	srli	s4,a5,0x1b
   102a2:	00fa4a33          	xor	s4,s4,a5
   102a6:	027a0a33          	mul	s4,s4,t2
   102aa:	01fa5793          	srli	a5,s4,0x1f
   102ae:	0147c7b3          	xor	a5,a5,s4
   102b2:	93a1                	srli	a5,a5,0x28
   102b4:	97fa                	add	a5,a5,t5
   102b6:	d027f7d3          	fcvt.s.l	fa5,a5
   102ba:	10d7f7d3          	fmul.s	fa5,fa5,fa3
   102be:	fef52e27          	fsw	fa5,-4(a0)
   102c2:	fca317e3          	bne	t1,a0,10290 <main+0x154>
   102c6:	025c82b3          	mul	t0,s9,t0
   102ca:	94d057b7          	lui	a5,0x94d05
   102ce:	9bb78793          	addi	a5,a5,-1605 # ffffffff94d049bb <__BSS_END__+0xffffffff94ce7ed3>
   102d2:	1782                	slli	a5,a5,0x20
   102d4:	9e378937          	lui	s2,0x9e378
   102d8:	9b990913          	addi	s2,s2,-1607 # ffffffff9e3779b9 <__BSS_END__+0xffffffff9e35aed1>
   102dc:	1902                	slli	s2,s2,0x20
   102de:	bf5845b7          	lui	a1,0xbf584
   102e2:	0000cf17          	auipc	t5,0xc
   102e6:	20af2707          	flw	fa4,522(t5) # 1c4ec <mask+0xc>
   102ea:	76d58593          	addi	a1,a1,1901 # ffffffffbf58476d <__BSS_END__+0xffffffffbf567c85>
   102ee:	01328333          	add	t1,t0,s3
   102f2:	133119b7          	lui	s3,0x13311
   102f6:	1eb98993          	addi	s3,s3,491 # 133111eb <__BSS_END__+0x132f4703>
   102fa:	013783b3          	add	t2,a5,s3
   102fe:	7f4a87b7          	lui	a5,0x7f4a8
   10302:	c1578793          	addi	a5,a5,-1003 # 7f4a7c15 <__BSS_END__+0x7f48b12d>
   10306:	993e                	add	s2,s2,a5
   10308:	1ce4e7b7          	lui	a5,0x1ce4e
   1030c:	1582                	slli	a1,a1,0x20
   1030e:	5b978793          	addi	a5,a5,1465 # 1ce4e5b9 <__BSS_END__+0x1ce31ad1>
   10312:	00f58a33          	add	s4,a1,a5
   10316:	82b2                	mv	t0,a2
   10318:	859a                	mv	a1,t1
   1031a:	4501                	li	a0,0
   1031c:	ff800f37          	lui	t5,0xff800
   10320:	95ca                	add	a1,a1,s2
   10322:	01e5d793          	srli	a5,a1,0x1e
   10326:	8fad                	xor	a5,a5,a1
   10328:	034787b3          	mul	a5,a5,s4
   1032c:	2505                	addiw	a0,a0,1
   1032e:	0291                	addi	t0,t0,4
   10330:	01b7d993          	srli	s3,a5,0x1b
   10334:	00f9c9b3          	xor	s3,s3,a5
   10338:	027989b3          	mul	s3,s3,t2
   1033c:	01f9d793          	srli	a5,s3,0x1f
   10340:	0137c7b3          	xor	a5,a5,s3
   10344:	93a1                	srli	a5,a5,0x28
   10346:	97fa                	add	a5,a5,t5
   10348:	d027f7d3          	fcvt.s.l	fa5,a5
   1034c:	10d7f7d3          	fmul.s	fa5,fa5,fa3
   10350:	10e7f7d3          	fmul.s	fa5,fa5,fa4
   10354:	00e7f7d3          	fadd.s	fa5,fa5,fa4
   10358:	fef2ae27          	fsw	fa5,-4(t0)
   1035c:	fc9542e3          	blt	a0,s1,10320 <main+0x1e4>
   10360:	fff4829b          	addiw	t0,s1,-1
   10364:	1282                	slli	t0,t0,0x20
   10366:	0202d293          	srli	t0,t0,0x20
   1036a:	032282b3          	mul	t0,t0,s2
   1036e:	012303b3          	add	t2,t1,s2
   10372:	94d057b7          	lui	a5,0x94d05
   10376:	9e378537          	lui	a0,0x9e378
   1037a:	bf5845b7          	lui	a1,0xbf584
   1037e:	9bb78793          	addi	a5,a5,-1605 # ffffffff94d049bb <__BSS_END__+0xffffffff94ce7ed3>
   10382:	133119b7          	lui	s3,0x13311
   10386:	9b950513          	addi	a0,a0,-1607 # ffffffff9e3779b9 <__BSS_END__+0xffffffff9e35aed1>
   1038a:	7f4a8937          	lui	s2,0x7f4a8
   1038e:	76d58593          	addi	a1,a1,1901 # ffffffffbf58476d <__BSS_END__+0xffffffffbf567c85>
   10392:	929e                	add	t0,t0,t2
   10394:	1ce4e3b7          	lui	t2,0x1ce4e
   10398:	1eb98993          	addi	s3,s3,491 # 133111eb <__BSS_END__+0x132f4703>
   1039c:	c1590913          	addi	s2,s2,-1003 # 7f4a7c15 <__BSS_END__+0x7f48b12d>
   103a0:	1582                	slli	a1,a1,0x20
   103a2:	5b938393          	addi	t2,t2,1465 # 1ce4e5b9 <__BSS_END__+0x1ce31ad1>
   103a6:	1782                	slli	a5,a5,0x20
   103a8:	1502                	slli	a0,a0,0x20
   103aa:	01378f33          	add	t5,a5,s3
   103ae:	01250a33          	add	s4,a0,s2
   103b2:	007589b3          	add	s3,a1,t2
   103b6:	8956                	mv	s2,s5
   103b8:	85d6                	mv	a1,s5
   103ba:	4381                	li	t2,0
   103bc:	92d2                	add	t0,t0,s4
   103be:	01e2d513          	srli	a0,t0,0x1e
   103c2:	00554533          	xor	a0,a0,t0
   103c6:	03350533          	mul	a0,a0,s3
   103ca:	2385                	addiw	t2,t2,1
   103cc:	0911                	addi	s2,s2,4
   103ce:	01b55793          	srli	a5,a0,0x1b
   103d2:	8fa9                	xor	a5,a5,a0
   103d4:	03e787b3          	mul	a5,a5,t5
   103d8:	01f7d513          	srli	a0,a5,0x1f
   103dc:	8fa9                	xor	a5,a5,a0
   103de:	02e7f7b3          	remu	a5,a5,a4
   103e2:	fef92e23          	sw	a5,-4(s2)
   103e6:	fc93cbe3          	blt	t2,s1,103bc <main+0x280>
   103ea:	8f56                	mv	t5,s5
   103ec:	4281                	li	t0,0
   103ee:	000f2783          	lw	a5,0(t5) # ffffffffff800000 <__BSS_END__+0xffffffffff7e3518>
   103f2:	2285                	addiw	t0,t0,1
   103f4:	0f11                	addi	t5,t5,4
   103f6:	078a                	slli	a5,a5,0x2
   103f8:	97b6                	add	a5,a5,a3
   103fa:	43c8                	lw	a0,4(a5)
   103fc:	2505                	addiw	a0,a0,1
   103fe:	c3c8                	sw	a0,4(a5)
   10400:	fe92c7e3          	blt	t0,s1,103ee <main+0x2b2>
   10404:	0006af03          	lw	t5,0(a3)
   10408:	00468793          	addi	a5,a3,4
   1040c:	4501                	li	a0,0
   1040e:	0007a283          	lw	t0,0(a5)
   10412:	2505                	addiw	a0,a0,1
   10414:	0791                	addi	a5,a5,4
   10416:	01e28f3b          	addw	t5,t0,t5
   1041a:	ffe7ae23          	sw	t5,-4(a5)
   1041e:	fee548e3          	blt	a0,a4,1040e <main+0x2d2>
   10422:	4501                	li	a0,0
   10424:	4198                	lw	a4,0(a1)
   10426:	0591                	addi	a1,a1,4
   10428:	070a                	slli	a4,a4,0x2
   1042a:	9736                	add	a4,a4,a3
   1042c:	431c                	lw	a5,0(a4)
   1042e:	00178f1b          	addiw	t5,a5,1
   10432:	078a                	slli	a5,a5,0x2
   10434:	97f6                	add	a5,a5,t4
   10436:	c388                	sw	a0,0(a5)
   10438:	01e72023          	sw	t5,0(a4)
   1043c:	2505                	addiw	a0,a0,1
   1043e:	fe9543e3          	blt	a0,s1,10424 <main+0x2e8>
   10442:	4581                	li	a1,0
   10444:	4501                	li	a0,0
   10446:	f872                	sd	t3,48(sp)
   10448:	f442                	sd	a6,40(sp)
   1044a:	f046                	sd	a7,32(sp)
   1044c:	ec76                	sd	t4,24(sp)
   1044e:	e832                	sd	a2,16(sp)
   10450:	e47e                	sd	t6,8(sp)
   10452:	388000ef          	jal	107da <m5_reset_stats>
   10456:	c00027f3          	rdcycle	a5
   1045a:	02041293          	slli	t0,s0,0x20
   1045e:	0202d293          	srli	t0,t0,0x20
   10462:	8516                	mv	a0,t0
   10464:	e016                	sd	t0,0(sp)
   10466:	22f1b823          	sd	a5,560(gp) # 1c518 <roi_start_cycles_>
   1046a:	3ca000ef          	jal	10834 <__ctzdi2>
   1046e:	7e42                	ld	t3,48(sp)
   10470:	7822                	ld	a6,40(sp)
   10472:	7882                	ld	a7,32(sp)
   10474:	6ee2                	ld	t4,24(sp)
   10476:	6642                	ld	a2,16(sp)
   10478:	6fa2                	ld	t6,8(sp)
   1047a:	6282                	ld	t0,0(sp)
   1047c:	00241693          	slli	a3,s0,0x2
   10480:	0005039b          	sext.w	t2,a0
   10484:	0025091b          	addiw	s2,a0,2
   10488:	4f01                	li	t5,0
   1048a:	02df07b3          	mul	a5,t5,a3
   1048e:	41e4853b          	subw	a0,s1,t5
   10492:	002f1713          	slli	a4,t5,0x2
   10496:	0d057557          	vsetvli	a0,a0,e32,m1,ta,ma
   1049a:	9776                	add	a4,a4,t4
   1049c:	02076107          	vle32.v	v2,(a4)
   104a0:	85fe                	mv	a1,t6
   104a2:	4701                	li	a4,0
   104a4:	97c6                	add	a5,a5,a7
   104a6:	96294157          	vsll.vx	v2,v2,s2
   104aa:	0625e087          	vluxei32.v	v1,(a1),v2
   104ae:	2705                	addiw	a4,a4,1
   104b0:	0591                	addi	a1,a1,4
   104b2:	0ad7e0a7          	vsse32.v	v1,(a5),a3
   104b6:	0791                	addi	a5,a5,4
   104b8:	fe8749e3          	blt	a4,s0,104aa <main+0x36e>
   104bc:	01e50f3b          	addw	t5,a0,t5
   104c0:	fc9f45e3          	blt	t5,s1,1048a <main+0x34e>
   104c4:	0000c797          	auipc	a5,0xc
   104c8:	02c7a787          	flw	fa5,44(a5) # 1c4f0 <mask+0x10>
   104cc:	0000c797          	auipc	a5,0xc
   104d0:	0287a707          	flw	fa4,40(a5) # 1c4f4 <mask+0x14>
   104d4:	4901                	li	s2,0
   104d6:	412487bb          	subw	a5,s1,s2
   104da:	00291713          	slli	a4,s2,0x2
   104de:	0d07f7d7          	vsetvli	a5,a5,e32,m1,ta,ma
   104e2:	9776                	add	a4,a4,t4
   104e4:	02076107          	vle32.v	v2,(a4)
   104e8:	02d90733          	mul	a4,s2,a3
   104ec:	8a42                	mv	s4,a6
   104ee:	8542                	mv	a0,a6
   104f0:	4581                	li	a1,0
   104f2:	96213157          	vsll.vi	v2,v2,2
   104f6:	06266187          	vluxei32.v	v3,(a2),v2
   104fa:	9623c157          	vsll.vx	v2,v2,t2
   104fe:	9746                	add	a4,a4,a7
   10500:	0ad76087          	vlse32.v	v1,(a4),a3
   10504:	2585                	addiw	a1,a1,1
   10506:	0711                	addi	a4,a4,4
   10508:	9217d0d7          	vfmul.vf	v1,v1,fa5
   1050c:	021750d7          	vfadd.vf	v1,v1,fa4
   10510:	923090d7          	vfmul.vv	v1,v3,v1
   10514:	062560a7          	vsuxei32.v	v1,(a0),v2
   10518:	0511                	addi	a0,a0,4
   1051a:	fe85c3e3          	blt	a1,s0,10500 <main+0x3c4>
   1051e:	0127893b          	addw	s2,a5,s2
   10522:	fa994ae3          	blt	s2,s1,104d6 <main+0x39a>
   10526:	fc72                	sd	t3,56(sp)
   10528:	f842                	sd	a6,48(sp)
   1052a:	f446                	sd	a7,40(sp)
   1052c:	f076                	sd	t4,32(sp)
   1052e:	ec32                	sd	a2,24(sp)
   10530:	e87e                	sd	t6,16(sp)
   10532:	e416                	sd	t0,8(sp)
   10534:	e036                	sd	a3,0(sp)
   10536:	c0002973          	rdcycle	s2
   1053a:	4581                	li	a1,0
   1053c:	4501                	li	a0,0
   1053e:	2a8000ef          	jal	107e6 <m5_dump_reset_stats>
   10542:	2301b583          	ld	a1,560(gp) # 1c518 <roi_start_cycles_>
   10546:	0000a517          	auipc	a0,0xa
   1054a:	ba250513          	addi	a0,a0,-1118 # 1a0e8 <__clzdi2+0xc4>
   1054e:	4981                	li	s3,0
   10550:	40b905b3          	sub	a1,s2,a1
   10554:	376010ef          	jal	118ca <printf>
   10558:	7e82                	ld	t4,32(sp)
   1055a:	0000c797          	auipc	a5,0xc
   1055e:	f9a78793          	addi	a5,a5,-102 # 1c4f4 <mask+0x14>
   10562:	7e62                	ld	t3,56(sp)
   10564:	7842                	ld	a6,48(sp)
   10566:	78a2                	ld	a7,40(sp)
   10568:	6662                	ld	a2,24(sp)
   1056a:	6fc2                	ld	t6,16(sp)
   1056c:	62a2                	ld	t0,8(sp)
   1056e:	6682                	ld	a3,0(sp)
   10570:	0007a707          	flw	fa4,0(a5)
   10574:	8976                	mv	s2,t4
   10576:	83da                	mv	t2,s6
   10578:	00092783          	lw	a5,0(s2)
   1057c:	851e                	mv	a0,t2
   1057e:	00229593          	slli	a1,t0,0x2
   10582:	02d787b3          	mul	a5,a5,a3
   10586:	97fe                	add	a5,a5,t6
   10588:	0c05f757          	vsetvli	a4,a1,e8,m1,ta,ma
   1058c:	02078087          	vle8.v	v1,(a5)
   10590:	8d99                	sub	a1,a1,a4
   10592:	97ba                	add	a5,a5,a4
   10594:	020500a7          	vse8.v	v1,(a0)
   10598:	953a                	add	a0,a0,a4
   1059a:	f5fd                	bnez	a1,10588 <main+0x44c>
   1059c:	2985                	addiw	s3,s3,1
   1059e:	0911                	addi	s2,s2,4
   105a0:	93b6                	add	t2,t2,a3
   105a2:	fc99cbe3          	blt	s3,s1,10578 <main+0x43c>
   105a6:	4f81                	li	t6,0
   105a8:	4501                	li	a0,0
   105aa:	000ea783          	lw	a5,0(t4)
   105ae:	00251713          	slli	a4,a0,0x2
   105b2:	975a                	add	a4,a4,s6
   105b4:	00279593          	slli	a1,a5,0x2
   105b8:	02d787b3          	mul	a5,a5,a3
   105bc:	95b2                	add	a1,a1,a2
   105be:	0005a687          	flw	fa3,0(a1)
   105c2:	4581                	li	a1,0
   105c4:	97f2                	add	a5,a5,t3
   105c6:	00072787          	flw	fa5,0(a4)
   105ca:	2585                	addiw	a1,a1,1
   105cc:	0711                	addi	a4,a4,4
   105ce:	00f7f7d3          	fadd.s	fa5,fa5,fa5
   105d2:	0791                	addi	a5,a5,4
   105d4:	00e7f7d3          	fadd.s	fa5,fa5,fa4
   105d8:	10d7f7d3          	fmul.s	fa5,fa5,fa3
   105dc:	fef7ae27          	fsw	fa5,-4(a5)
   105e0:	fe85c3e3          	blt	a1,s0,105c6 <main+0x48a>
   105e4:	2f85                	addiw	t6,t6,1
   105e6:	0e91                	addi	t4,t4,4
   105e8:	9522                	add	a0,a0,s0
   105ea:	fc9fc0e3          	blt	t6,s1,105aa <main+0x46e>
   105ee:	8542                	mv	a0,a6
   105f0:	85f2                	mv	a1,t3
   105f2:	8662                	mv	a2,s8
   105f4:	e042                	sd	a6,0(sp)
   105f6:	e446                	sd	a7,8(sp)
   105f8:	3d4010ef          	jal	119cc <memcmp>
   105fc:	6802                	ld	a6,0(sp)
   105fe:	e909                	bnez	a0,10610 <main+0x4d4>
   10600:	6522                	ld	a0,8(sp)
   10602:	8662                	mv	a2,s8
   10604:	85da                	mv	a1,s6
   10606:	3c6010ef          	jal	119cc <memcmp>
   1060a:	6802                	ld	a6,0(sp)
   1060c:	00153b93          	seqz	s7,a0
   10610:	f2000753          	fmv.d.x	fa4,zero
   10614:	002c9793          	slli	a5,s9,0x2
   10618:	983e                	add	a6,a6,a5
   1061a:	000a2787          	flw	fa5,0(s4)
   1061e:	0a11                	addi	s4,s4,4
   10620:	420787d3          	fcvt.d.s	fa5,fa5
   10624:	02f77753          	fadd.d	fa4,fa4,fa5
   10628:	ff4819e3          	bne	a6,s4,1061a <main+0x4de>
   1062c:	e20706d3          	fmv.x.d	a3,fa4
   10630:	e2070653          	fmv.x.d	a2,fa4
   10634:	0000a597          	auipc	a1,0xa
   10638:	acc58593          	addi	a1,a1,-1332 # 1a100 <__clzdi2+0xdc>
   1063c:	0000a517          	auipc	a0,0xa
   10640:	ad450513          	addi	a0,a0,-1324 # 1a110 <__clzdi2+0xec>
   10644:	286010ef          	jal	118ca <printf>
   10648:	0000a597          	auipc	a1,0xa
   1064c:	a2058593          	addi	a1,a1,-1504 # 1a068 <__clzdi2+0x44>
   10650:	000b8663          	beqz	s7,1065c <main+0x520>
   10654:	0000a597          	auipc	a1,0xa
   10658:	a0c58593          	addi	a1,a1,-1524 # 1a060 <__clzdi2+0x3c>
   1065c:	0000a517          	auipc	a0,0xa
   10660:	ad450513          	addi	a0,a0,-1324 # 1a130 <__clzdi2+0x10c>
   10664:	266010ef          	jal	118ca <printf>
   10668:	001bc513          	xori	a0,s7,1
   1066c:	644a                	ld	s0,144(sp)
   1066e:	64aa                	ld	s1,136(sp)
   10670:	690a                	ld	s2,128(sp)
   10672:	79e6                	ld	s3,120(sp)
   10674:	7a46                	ld	s4,112(sp)
   10676:	7aa6                	ld	s5,104(sp)
   10678:	7b06                	ld	s6,96(sp)
   1067a:	6be6                	ld	s7,88(sp)
   1067c:	6c46                	ld	s8,80(sp)
   1067e:	6ca6                	ld	s9,72(sp)
   10680:	a01d                	j	106a6 <main+0x56a>
   10682:	6be6                	ld	s7,88(sp)
   10684:	2281b783          	ld	a5,552(gp) # 1c510 <_impure_ptr>
   10688:	02d00613          	li	a2,45
   1068c:	4585                	li	a1,1
   1068e:	6f94                	ld	a3,24(a5)
   10690:	0000a517          	auipc	a0,0xa
   10694:	a2050513          	addi	a0,a0,-1504 # 1a0b0 <__clzdi2+0x8c>
   10698:	16e010ef          	jal	11806 <fwrite>
   1069c:	644a                	ld	s0,144(sp)
   1069e:	64aa                	ld	s1,136(sp)
   106a0:	690a                	ld	s2,128(sp)
   106a2:	79e6                	ld	s3,120(sp)
   106a4:	4509                	li	a0,2
   106a6:	60ea                	ld	ra,152(sp)
   106a8:	610d                	addi	sp,sp,160
   106aa:	8082                	ret
   106ac:	2281b783          	ld	a5,552(gp) # 1c510 <_impure_ptr>
   106b0:	03a00613          	li	a2,58
   106b4:	4585                	li	a1,1
   106b6:	6f94                	ld	a3,24(a5)
   106b8:	0000a517          	auipc	a0,0xa
   106bc:	9b850513          	addi	a0,a0,-1608 # 1a070 <__clzdi2+0x4c>
   106c0:	146010ef          	jal	11806 <fwrite>
   106c4:	b7c5                	j	106a4 <main+0x568>
   106c6:	2281b783          	ld	a5,552(gp) # 1c510 <_impure_ptr>
   106ca:	4611                	li	a2,4
   106cc:	4585                	li	a1,1
   106ce:	6f94                	ld	a3,24(a5)
   106d0:	0000a517          	auipc	a0,0xa
   106d4:	a1050513          	addi	a0,a0,-1520 # 1a0e0 <__clzdi2+0xbc>
   106d8:	12e010ef          	jal	11806 <fwrite>
   106dc:	644a                	ld	s0,144(sp)
   106de:	64aa                	ld	s1,136(sp)
   106e0:	690a                	ld	s2,128(sp)
   106e2:	79e6                	ld	s3,120(sp)
   106e4:	7a46                	ld	s4,112(sp)
   106e6:	7aa6                	ld	s5,104(sp)
   106e8:	7b06                	ld	s6,96(sp)
   106ea:	6be6                	ld	s7,88(sp)
   106ec:	6c46                	ld	s8,80(sp)
   106ee:	6ca6                	ld	s9,72(sp)
   106f0:	bf55                	j	106a4 <main+0x568>

00000000000106f2 <register_fini>:
   106f2:	00000793          	li	a5,0
   106f6:	c791                	beqz	a5,10702 <register_fini+0x10>
   106f8:	6555                	lui	a0,0x15
   106fa:	ab250513          	addi	a0,a0,-1358 # 14ab2 <__libc_fini_array>
   106fe:	6a00106f          	j	11d9e <atexit>
   10702:	8082                	ret

0000000000010704 <_start>:
   10704:	0000c197          	auipc	gp,0xc
   10708:	be418193          	addi	gp,gp,-1052 # 1c2e8 <__global_pointer$>
   1070c:	0000c517          	auipc	a0,0xc
   10710:	e0c50513          	addi	a0,a0,-500 # 1c518 <roi_start_cycles_>
   10714:	0000c617          	auipc	a2,0xc
   10718:	3d460613          	addi	a2,a2,980 # 1cae8 <__BSS_END__>
   1071c:	8e09                	sub	a2,a2,a0
   1071e:	4581                	li	a1,0
   10720:	502010ef          	jal	11c22 <memset>
   10724:	00001517          	auipc	a0,0x1
   10728:	67a50513          	addi	a0,a0,1658 # 11d9e <atexit>
   1072c:	c519                	beqz	a0,1073a <_start+0x36>
   1072e:	00004517          	auipc	a0,0x4
   10732:	38450513          	addi	a0,a0,900 # 14ab2 <__libc_fini_array>
   10736:	668010ef          	jal	11d9e <atexit>
   1073a:	486010ef          	jal	11bc0 <__libc_init_array>
   1073e:	4502                	lw	a0,0(sp)
   10740:	002c                	addi	a1,sp,8
   10742:	4601                	li	a2,0
   10744:	9f9ff0ef          	jal	1013c <main>
   10748:	bae1                	j	10120 <exit>

000000000001074a <__do_global_dtors_aux>:
   1074a:	1141                	addi	sp,sp,-16
   1074c:	e022                	sd	s0,0(sp)
   1074e:	2781c783          	lbu	a5,632(gp) # 1c560 <completed.1>
   10752:	e406                	sd	ra,8(sp)
   10754:	ef91                	bnez	a5,10770 <__do_global_dtors_aux+0x26>
   10756:	00000793          	li	a5,0
   1075a:	cb81                	beqz	a5,1076a <__do_global_dtors_aux+0x20>
   1075c:	656d                	lui	a0,0x1b
   1075e:	93050513          	addi	a0,a0,-1744 # 1a930 <__EH_FRAME_BEGIN__>
   10762:	00000097          	auipc	ra,0x0
   10766:	000000e7          	jalr	zero # 0 <exit-0x10120>
   1076a:	4785                	li	a5,1
   1076c:	26f18c23          	sb	a5,632(gp) # 1c560 <completed.1>
   10770:	60a2                	ld	ra,8(sp)
   10772:	6402                	ld	s0,0(sp)
   10774:	0141                	addi	sp,sp,16
   10776:	8082                	ret

0000000000010778 <frame_dummy>:
   10778:	00000793          	li	a5,0
   1077c:	cb91                	beqz	a5,10790 <frame_dummy+0x18>
   1077e:	656d                	lui	a0,0x1b
   10780:	28018593          	addi	a1,gp,640 # 1c568 <object.0>
   10784:	93050513          	addi	a0,a0,-1744 # 1a930 <__EH_FRAME_BEGIN__>
   10788:	00000317          	auipc	t1,0x0
   1078c:	00000067          	jr	zero # 0 <exit-0x10120>
   10790:	8082                	ret

0000000000010792 <m5_arm>:
   10792:	0000007b          	.word	0x0000007b
   10796:	8082                	ret

0000000000010798 <m5_quiesce>:
   10798:	0200007b          	.word	0x0200007b
   1079c:	8082                	ret

000000000001079e <m5_quiesce_ns>:
   1079e:	0400007b          	.word	0x0400007b
   107a2:	8082                	ret

00000000000107a4 <m5_quiesce_cycle>:
   107a4:	0600007b          	.word	0x0600007b
   107a8:	8082                	ret

00000000000107aa <m5_quiesce_time>:
   107aa:	0800007b          	.word	0x0800007b
   107ae:	8082                	ret

00000000000107b0 <m5_rpns>:
   107b0:	0e00007b          	.word	0x0e00007b
   107b4:	8082                	ret

00000000000107b6 <m5_wake_cpu>:
   107b6:	1200007b          	.word	0x1200007b
   107ba:	8082                	ret

00000000000107bc <m5_exit>:
   107bc:	4200007b          	.word	0x4200007b
   107c0:	8082                	ret

00000000000107c2 <m5_fail>:
   107c2:	4400007b          	.word	0x4400007b
   107c6:	8082                	ret

00000000000107c8 <m5_sum>:
   107c8:	4600007b          	.word	0x4600007b
   107cc:	8082                	ret

00000000000107ce <m5_init_param>:
   107ce:	6000007b          	.word	0x6000007b
   107d2:	8082                	ret

00000000000107d4 <m5_load_symbol>:
   107d4:	6200007b          	.word	0x6200007b
   107d8:	8082                	ret

00000000000107da <m5_reset_stats>:
   107da:	8000007b          	.word	0x8000007b
   107de:	8082                	ret

00000000000107e0 <m5_dump_stats>:
   107e0:	8200007b          	.word	0x8200007b
   107e4:	8082                	ret

00000000000107e6 <m5_dump_reset_stats>:
   107e6:	8400007b          	.word	0x8400007b
   107ea:	8082                	ret

00000000000107ec <m5_checkpoint>:
   107ec:	8600007b          	.word	0x8600007b
   107f0:	8082                	ret

00000000000107f2 <m5_write_file>:
   107f2:	9e00007b          	.word	0x9e00007b
   107f6:	8082                	ret

00000000000107f8 <m5_read_file>:
   107f8:	a000007b          	.word	0xa000007b
   107fc:	8082                	ret

00000000000107fe <m5_debug_break>:
   107fe:	a200007b          	.word	0xa200007b
   10802:	8082                	ret

0000000000010804 <m5_switch_cpu>:
   10804:	a400007b          	.word	0xa400007b
   10808:	8082                	ret

000000000001080a <m5_add_symbol>:
   1080a:	a600007b          	.word	0xa600007b
   1080e:	8082                	ret

0000000000010810 <m5_panic>:
   10810:	a800007b          	.word	0xa800007b
   10814:	8082                	ret

0000000000010816 <m5_work_begin>:
   10816:	b400007b          	.word	0xb400007b
   1081a:	8082                	ret

000000000001081c <m5_work_end>:
   1081c:	b600007b          	.word	0xb600007b
   10820:	8082                	ret

0000000000010822 <m5_dist_toggle_sync>:
   10822:	c400007b          	.word	0xc400007b
   10826:	8082                	ret

0000000000010828 <m5_workload>:
   10828:	e000007b          	.word	0xe000007b
   1082c:	8082                	ret

000000000001082e <m5_hypercall>:
   1082e:	e200007b          	.word	0xe200007b
   10832:	8082                	ret

0000000000010834 <__ctzdi2>:
   10834:	40a00733          	neg	a4,a0
   10838:	8f69                	and	a4,a4,a0
   1083a:	03800793          	li	a5,56
   1083e:	00f756b3          	srl	a3,a4,a5
   10842:	0ff6f613          	zext.b	a2,a3
   10846:	ee01                	bnez	a2,1085e <__ctzdi2+0x2a>
   10848:	17e1                	addi	a5,a5,-8
   1084a:	fbf5                	bnez	a5,1083e <__ctzdi2+0xa>
   1084c:	6569                	lui	a0,0x1a
   1084e:	2b850513          	addi	a0,a0,696 # 1a2b8 <__clz_tab>
   10852:	953a                	add	a0,a0,a4
   10854:	00054503          	lbu	a0,0(a0)
   10858:	17fd                	addi	a5,a5,-1
   1085a:	9d3d                	addw	a0,a0,a5
   1085c:	8082                	ret
   1085e:	8736                	mv	a4,a3
   10860:	b7f5                	j	1084c <__ctzdi2+0x18>

0000000000010862 <atoi>:
   10862:	1141                	addi	sp,sp,-16
   10864:	4629                	li	a2,10
   10866:	4581                	li	a1,0
   10868:	e406                	sd	ra,8(sp)
   1086a:	1e5000ef          	jal	1124e <strtol>
   1086e:	60a2                	ld	ra,8(sp)
   10870:	2501                	sext.w	a0,a0
   10872:	0141                	addi	sp,sp,16
   10874:	8082                	ret

0000000000010876 <_atoi_r>:
   10876:	1141                	addi	sp,sp,-16
   10878:	46a9                	li	a3,10
   1087a:	4601                	li	a2,0
   1087c:	e406                	sd	ra,8(sp)
   1087e:	17d000ef          	jal	111fa <_strtol_r>
   10882:	60a2                	ld	ra,8(sp)
   10884:	2501                	sext.w	a0,a0
   10886:	0141                	addi	sp,sp,16
   10888:	8082                	ret

000000000001088a <calloc>:
   1088a:	87aa                	mv	a5,a0
   1088c:	2281b503          	ld	a0,552(gp) # 1c510 <_impure_ptr>
   10890:	862e                	mv	a2,a1
   10892:	85be                	mv	a1,a5
   10894:	a009                	j	10896 <_calloc_r>

0000000000010896 <_calloc_r>:
   10896:	02c5b7b3          	mulhu	a5,a1,a2
   1089a:	1101                	addi	sp,sp,-32
   1089c:	ec06                	sd	ra,24(sp)
   1089e:	02c585b3          	mul	a1,a1,a2
   108a2:	ebad                	bnez	a5,10914 <_calloc_r+0x7e>
   108a4:	0a2000ef          	jal	10946 <_malloc_r>
   108a8:	87aa                	mv	a5,a0
   108aa:	c92d                	beqz	a0,1091c <_calloc_r+0x86>
   108ac:	ff853603          	ld	a2,-8(a0)
   108b0:	04800713          	li	a4,72
   108b4:	9a71                	andi	a2,a2,-4
   108b6:	1661                	addi	a2,a2,-8
   108b8:	02c76963          	bltu	a4,a2,108ea <_calloc_r+0x54>
   108bc:	cd817057          	vsetivli	zero,2,e64,m1,ta,ma
   108c0:	02700693          	li	a3,39
   108c4:	5e0030d7          	vmv.v.i	v1,0
   108c8:	02c6fa63          	bgeu	a3,a2,108fc <_calloc_r+0x66>
   108cc:	020570a7          	vse64.v	v1,(a0)
   108d0:	03700693          	li	a3,55
   108d4:	02c6fd63          	bgeu	a3,a2,1090e <_calloc_r+0x78>
   108d8:	01050693          	addi	a3,a0,16
   108dc:	0206f0a7          	vse64.v	v1,(a3)
   108e0:	04e60363          	beq	a2,a4,10926 <_calloc_r+0x90>
   108e4:	02050713          	addi	a4,a0,32
   108e8:	a819                	j	108fe <_calloc_r+0x68>
   108ea:	4581                	li	a1,0
   108ec:	e42a                	sd	a0,8(sp)
   108ee:	334010ef          	jal	11c22 <memset>
   108f2:	67a2                	ld	a5,8(sp)
   108f4:	60e2                	ld	ra,24(sp)
   108f6:	853e                	mv	a0,a5
   108f8:	6105                	addi	sp,sp,32
   108fa:	8082                	ret
   108fc:	872a                	mv	a4,a0
   108fe:	020770a7          	vse64.v	v1,(a4)
   10902:	60e2                	ld	ra,24(sp)
   10904:	00073823          	sd	zero,16(a4)
   10908:	853e                	mv	a0,a5
   1090a:	6105                	addi	sp,sp,32
   1090c:	8082                	ret
   1090e:	01050713          	addi	a4,a0,16
   10912:	b7f5                	j	108fe <_calloc_r+0x68>
   10914:	2a6010ef          	jal	11bba <__errno>
   10918:	47b1                	li	a5,12
   1091a:	c11c                	sw	a5,0(a0)
   1091c:	60e2                	ld	ra,24(sp)
   1091e:	4781                	li	a5,0
   10920:	853e                	mv	a0,a5
   10922:	6105                	addi	sp,sp,32
   10924:	8082                	ret
   10926:	02050713          	addi	a4,a0,32
   1092a:	020770a7          	vse64.v	v1,(a4)
   1092e:	03050713          	addi	a4,a0,48
   10932:	b7f1                	j	108fe <_calloc_r+0x68>

0000000000010934 <malloc>:
   10934:	85aa                	mv	a1,a0
   10936:	2281b503          	ld	a0,552(gp) # 1c510 <_impure_ptr>
   1093a:	a031                	j	10946 <_malloc_r>

000000000001093c <free>:
   1093c:	85aa                	mv	a1,a0
   1093e:	2281b503          	ld	a0,552(gp) # 1c510 <_impure_ptr>
   10942:	52e0106f          	j	11e70 <_free_r>

0000000000010946 <_malloc_r>:
   10946:	711d                	addi	sp,sp,-96
   10948:	e8a2                	sd	s0,80(sp)
   1094a:	ec86                	sd	ra,88(sp)
   1094c:	01758713          	addi	a4,a1,23
   10950:	02e00793          	li	a5,46
   10954:	842a                	mv	s0,a0
   10956:	06e7e363          	bltu	a5,a4,109bc <_malloc_r+0x76>
   1095a:	02000713          	li	a4,32
   1095e:	04b76863          	bltu	a4,a1,109ae <_malloc_r+0x68>
   10962:	660000ef          	jal	10fc2 <__malloc_lock>
   10966:	02000713          	li	a4,32
   1096a:	05000693          	li	a3,80
   1096e:	4891                	li	a7,4
   10970:	6871                	lui	a6,0x1c
   10972:	95080813          	addi	a6,a6,-1712 # 1b950 <__malloc_av_>
   10976:	96c2                	add	a3,a3,a6
   10978:	669c                	ld	a5,8(a3)
   1097a:	ff068613          	addi	a2,a3,-16
   1097e:	32c78963          	beq	a5,a2,10cb0 <_malloc_r+0x36a>
   10982:	6798                	ld	a4,8(a5)
   10984:	6f90                	ld	a2,24(a5)
   10986:	6b8c                	ld	a1,16(a5)
   10988:	9b71                	andi	a4,a4,-4
   1098a:	973e                	add	a4,a4,a5
   1098c:	6714                	ld	a3,8(a4)
   1098e:	ed90                	sd	a2,24(a1)
   10990:	ea0c                	sd	a1,16(a2)
   10992:	0016e693          	ori	a3,a3,1
   10996:	8522                	mv	a0,s0
   10998:	e714                	sd	a3,8(a4)
   1099a:	e43e                	sd	a5,8(sp)
   1099c:	628000ef          	jal	10fc4 <__malloc_unlock>
   109a0:	67a2                	ld	a5,8(sp)
   109a2:	60e6                	ld	ra,88(sp)
   109a4:	6446                	ld	s0,80(sp)
   109a6:	01078513          	addi	a0,a5,16
   109aa:	6125                	addi	sp,sp,96
   109ac:	8082                	ret
   109ae:	47b1                	li	a5,12
   109b0:	c01c                	sw	a5,0(s0)
   109b2:	4501                	li	a0,0
   109b4:	60e6                	ld	ra,88(sp)
   109b6:	6446                	ld	s0,80(sp)
   109b8:	6125                	addi	sp,sp,96
   109ba:	8082                	ret
   109bc:	4785                	li	a5,1
   109be:	9b41                	andi	a4,a4,-16
   109c0:	07fe                	slli	a5,a5,0x1f
   109c2:	fef776e3          	bgeu	a4,a5,109ae <_malloc_r+0x68>
   109c6:	feb764e3          	bltu	a4,a1,109ae <_malloc_r+0x68>
   109ca:	e43a                	sd	a4,8(sp)
   109cc:	5f6000ef          	jal	10fc2 <__malloc_lock>
   109d0:	6722                	ld	a4,8(sp)
   109d2:	1f700793          	li	a5,503
   109d6:	38e7fb63          	bgeu	a5,a4,10d6c <_malloc_r+0x426>
   109da:	00975793          	srli	a5,a4,0x9
   109de:	12078463          	beqz	a5,10b06 <_malloc_r+0x1c0>
   109e2:	4691                	li	a3,4
   109e4:	30f6ed63          	bltu	a3,a5,10cfe <_malloc_r+0x3b8>
   109e8:	00675793          	srli	a5,a4,0x6
   109ec:	0397889b          	addiw	a7,a5,57
   109f0:	0018951b          	slliw	a0,a7,0x1
   109f4:	03878e1b          	addiw	t3,a5,56
   109f8:	050e                	slli	a0,a0,0x3
   109fa:	6871                	lui	a6,0x1c
   109fc:	95080813          	addi	a6,a6,-1712 # 1b950 <__malloc_av_>
   10a00:	9542                	add	a0,a0,a6
   10a02:	651c                	ld	a5,8(a0)
   10a04:	1541                	addi	a0,a0,-16
   10a06:	02f50163          	beq	a0,a5,10a28 <_malloc_r+0xe2>
   10a0a:	437d                	li	t1,31
   10a0c:	a039                	j	10a1a <_malloc_r+0xd4>
   10a0e:	6f8c                	ld	a1,24(a5)
   10a10:	26065d63          	bgez	a2,10c8a <_malloc_r+0x344>
   10a14:	00b50a63          	beq	a0,a1,10a28 <_malloc_r+0xe2>
   10a18:	87ae                	mv	a5,a1
   10a1a:	6794                	ld	a3,8(a5)
   10a1c:	9af1                	andi	a3,a3,-4
   10a1e:	40e68633          	sub	a2,a3,a4
   10a22:	fec356e3          	bge	t1,a2,10a0e <_malloc_r+0xc8>
   10a26:	88f2                	mv	a7,t3
   10a28:	02083783          	ld	a5,32(a6)
   10a2c:	6e71                	lui	t3,0x1c
   10a2e:	960e0e13          	addi	t3,t3,-1696 # 1b960 <__malloc_av_+0x10>
   10a32:	23c78563          	beq	a5,t3,10c5c <_malloc_r+0x316>
   10a36:	0087b303          	ld	t1,8(a5)
   10a3a:	467d                	li	a2,31
   10a3c:	ffc37313          	andi	t1,t1,-4
   10a40:	40e306b3          	sub	a3,t1,a4
   10a44:	34d64b63          	blt	a2,a3,10d9a <_malloc_r+0x454>
   10a48:	03c83423          	sd	t3,40(a6)
   10a4c:	03c83023          	sd	t3,32(a6)
   10a50:	3206d663          	bgez	a3,10d7c <_malloc_r+0x436>
   10a54:	1ff00693          	li	a3,511
   10a58:	00883583          	ld	a1,8(a6)
   10a5c:	2466ef63          	bltu	a3,t1,10cba <_malloc_r+0x374>
   10a60:	00335313          	srli	t1,t1,0x3
   10a64:	00131693          	slli	a3,t1,0x1
   10a68:	2689                	addiw	a3,a3,2
   10a6a:	068e                	slli	a3,a3,0x3
   10a6c:	96c2                	add	a3,a3,a6
   10a6e:	6288                	ld	a0,0(a3)
   10a70:	4023531b          	sraiw	t1,t1,0x2
   10a74:	4605                	li	a2,1
   10a76:	00661633          	sll	a2,a2,t1
   10a7a:	8dd1                	or	a1,a1,a2
   10a7c:	ff068613          	addi	a2,a3,-16
   10a80:	eb88                	sd	a0,16(a5)
   10a82:	ef90                	sd	a2,24(a5)
   10a84:	00b83423          	sd	a1,8(a6)
   10a88:	e29c                	sd	a5,0(a3)
   10a8a:	ed1c                	sd	a5,24(a0)
   10a8c:	4028d79b          	sraiw	a5,a7,0x2
   10a90:	4505                	li	a0,1
   10a92:	00f51533          	sll	a0,a0,a5
   10a96:	06a5ef63          	bltu	a1,a0,10b14 <_malloc_r+0x1ce>
   10a9a:	00b577b3          	and	a5,a0,a1
   10a9e:	ef89                	bnez	a5,10ab8 <_malloc_r+0x172>
   10aa0:	0506                	slli	a0,a0,0x1
   10aa2:	ffc8f893          	andi	a7,a7,-4
   10aa6:	00b577b3          	and	a5,a0,a1
   10aaa:	2891                	addiw	a7,a7,4
   10aac:	e791                	bnez	a5,10ab8 <_malloc_r+0x172>
   10aae:	0506                	slli	a0,a0,0x1
   10ab0:	00b577b3          	and	a5,a0,a1
   10ab4:	2891                	addiw	a7,a7,4
   10ab6:	dfe5                	beqz	a5,10aae <_malloc_r+0x168>
   10ab8:	4efd                	li	t4,31
   10aba:	00189f13          	slli	t5,a7,0x1
   10abe:	2f09                	addiw	t5,t5,2
   10ac0:	0f0e                	slli	t5,t5,0x3
   10ac2:	1f41                	addi	t5,t5,-16
   10ac4:	9f42                	add	t5,t5,a6
   10ac6:	837a                	mv	t1,t5
   10ac8:	01833683          	ld	a3,24(t1) # 107a0 <m5_quiesce_ns+0x2>
   10acc:	8fc6                	mv	t6,a7
   10ace:	24d30963          	beq	t1,a3,10d20 <_malloc_r+0x3da>
   10ad2:	6690                	ld	a2,8(a3)
   10ad4:	87b6                	mv	a5,a3
   10ad6:	6e94                	ld	a3,24(a3)
   10ad8:	9a71                	andi	a2,a2,-4
   10ada:	40e605b3          	sub	a1,a2,a4
   10ade:	24beca63          	blt	t4,a1,10d32 <_malloc_r+0x3ec>
   10ae2:	fe05c6e3          	bltz	a1,10ace <_malloc_r+0x188>
   10ae6:	963e                	add	a2,a2,a5
   10ae8:	6618                	ld	a4,8(a2)
   10aea:	6b8c                	ld	a1,16(a5)
   10aec:	8522                	mv	a0,s0
   10aee:	00176713          	ori	a4,a4,1
   10af2:	e618                	sd	a4,8(a2)
   10af4:	ed94                	sd	a3,24(a1)
   10af6:	ea8c                	sd	a1,16(a3)
   10af8:	e43e                	sd	a5,8(sp)
   10afa:	4ca000ef          	jal	10fc4 <__malloc_unlock>
   10afe:	67a2                	ld	a5,8(sp)
   10b00:	01078513          	addi	a0,a5,16
   10b04:	bd45                	j	109b4 <_malloc_r+0x6e>
   10b06:	40000513          	li	a0,1024
   10b0a:	04000893          	li	a7,64
   10b0e:	03f00e13          	li	t3,63
   10b12:	b5e5                	j	109fa <_malloc_r+0xb4>
   10b14:	01083783          	ld	a5,16(a6)
   10b18:	6794                	ld	a3,8(a5)
   10b1a:	ffc6f893          	andi	a7,a3,-4
   10b1e:	40e88633          	sub	a2,a7,a4
   10b22:	00e8e663          	bltu	a7,a4,10b2e <_malloc_r+0x1e8>
   10b26:	02062693          	slti	a3,a2,32
   10b2a:	12068c63          	beqz	a3,10c62 <_malloc_r+0x31c>
   10b2e:	2481b583          	ld	a1,584(gp) # 1c530 <__malloc_top_pad>
   10b32:	2181b603          	ld	a2,536(gp) # 1c500 <__malloc_sbrk_base>
   10b36:	56fd                	li	a3,-1
   10b38:	95ba                	add	a1,a1,a4
   10b3a:	30d60d63          	beq	a2,a3,10e54 <_malloc_r+0x50e>
   10b3e:	6685                	lui	a3,0x1
   10b40:	06fd                	addi	a3,a3,31 # 101f <exit-0xf101>
   10b42:	95b6                	add	a1,a1,a3
   10b44:	76fd                	lui	a3,0xfffff
   10b46:	8df5                	and	a1,a1,a3
   10b48:	8522                	mv	a0,s0
   10b4a:	f442                	sd	a6,40(sp)
   10b4c:	f03e                	sd	a5,32(sp)
   10b4e:	ec3a                	sd	a4,24(sp)
   10b50:	e846                	sd	a7,16(sp)
   10b52:	e42e                	sd	a1,8(sp)
   10b54:	7f5000ef          	jal	11b48 <_sbrk_r>
   10b58:	56fd                	li	a3,-1
   10b5a:	65a2                	ld	a1,8(sp)
   10b5c:	68c2                	ld	a7,16(sp)
   10b5e:	6762                	ld	a4,24(sp)
   10b60:	7782                	ld	a5,32(sp)
   10b62:	7822                	ld	a6,40(sp)
   10b64:	832a                	mv	t1,a0
   10b66:	28d50063          	beq	a0,a3,10de6 <_malloc_r+0x4a0>
   10b6a:	011786b3          	add	a3,a5,a7
   10b6e:	26d56a63          	bltu	a0,a3,10de2 <_malloc_r+0x49c>
   10b72:	2b018e13          	addi	t3,gp,688 # 1c598 <__malloc_current_mallinfo>
   10b76:	000e2603          	lw	a2,0(t3)
   10b7a:	9e2d                	addw	a2,a2,a1
   10b7c:	00ce2023          	sw	a2,0(t3)
   10b80:	8532                	mv	a0,a2
   10b82:	36668863          	beq	a3,t1,10ef2 <_malloc_r+0x5ac>
   10b86:	2181bf03          	ld	t5,536(gp) # 1c500 <__malloc_sbrk_base>
   10b8a:	567d                	li	a2,-1
   10b8c:	36cf0f63          	beq	t5,a2,10f0a <_malloc_r+0x5c4>
   10b90:	40d306b3          	sub	a3,t1,a3
   10b94:	9ea9                	addw	a3,a3,a0
   10b96:	00de2023          	sw	a3,0(t3)
   10b9a:	00f37e93          	andi	t4,t1,15
   10b9e:	2c0e8763          	beqz	t4,10e6c <_malloc_r+0x526>
   10ba2:	ff037313          	andi	t1,t1,-16
   10ba6:	6685                	lui	a3,0x1
   10ba8:	0341                	addi	t1,t1,16
   10baa:	06c1                	addi	a3,a3,16 # 1010 <exit-0xf110>
   10bac:	00b30633          	add	a2,t1,a1
   10bb0:	41d685b3          	sub	a1,a3,t4
   10bb4:	8d91                	sub	a1,a1,a2
   10bb6:	15d2                	slli	a1,a1,0x34
   10bb8:	91d1                	srli	a1,a1,0x34
   10bba:	8522                	mv	a0,s0
   10bbc:	e0c2                	sd	a6,64(sp)
   10bbe:	fc72                	sd	t3,56(sp)
   10bc0:	f83e                	sd	a5,48(sp)
   10bc2:	f43a                	sd	a4,40(sp)
   10bc4:	f046                	sd	a7,32(sp)
   10bc6:	ec1a                	sd	t1,24(sp)
   10bc8:	e876                	sd	t4,16(sp)
   10bca:	e432                	sd	a2,8(sp)
   10bcc:	e4ae                	sd	a1,72(sp)
   10bce:	77b000ef          	jal	11b48 <_sbrk_r>
   10bd2:	86aa                	mv	a3,a0
   10bd4:	557d                	li	a0,-1
   10bd6:	6622                	ld	a2,8(sp)
   10bd8:	6ec2                	ld	t4,16(sp)
   10bda:	6362                	ld	t1,24(sp)
   10bdc:	7882                	ld	a7,32(sp)
   10bde:	7722                	ld	a4,40(sp)
   10be0:	77c2                	ld	a5,48(sp)
   10be2:	7e62                	ld	t3,56(sp)
   10be4:	6806                	ld	a6,64(sp)
   10be6:	36a68563          	beq	a3,a0,10f50 <_malloc_r+0x60a>
   10bea:	65a6                	ld	a1,72(sp)
   10bec:	0005851b          	sext.w	a0,a1
   10bf0:	000e2603          	lw	a2,0(t3)
   10bf4:	406686b3          	sub	a3,a3,t1
   10bf8:	96ae                	add	a3,a3,a1
   10bfa:	0016e693          	ori	a3,a3,1
   10bfe:	00683823          	sd	t1,16(a6)
   10c02:	9e29                	addw	a2,a2,a0
   10c04:	00d33423          	sd	a3,8(t1)
   10c08:	00ce2023          	sw	a2,0(t3)
   10c0c:	03078a63          	beq	a5,a6,10c40 <_malloc_r+0x2fa>
   10c10:	457d                	li	a0,31
   10c12:	2f157f63          	bgeu	a0,a7,10f10 <_malloc_r+0x5ca>
   10c16:	678c                	ld	a1,8(a5)
   10c18:	fe888693          	addi	a3,a7,-24
   10c1c:	cd817057          	vsetivli	zero,2,e64,m1,ta,ma
   10c20:	9ac1                	andi	a3,a3,-16
   10c22:	5e04b0d7          	vmv.v.i	v1,9
   10c26:	8985                	andi	a1,a1,1
   10c28:	8dd5                	or	a1,a1,a3
   10c2a:	00d788b3          	add	a7,a5,a3
   10c2e:	e78c                	sd	a1,8(a5)
   10c30:	00888593          	addi	a1,a7,8
   10c34:	0205f0a7          	vse64.v	v1,(a1)
   10c38:	32d56663          	bltu	a0,a3,10f64 <_malloc_r+0x61e>
   10c3c:	00833683          	ld	a3,8(t1)
   10c40:	2401b583          	ld	a1,576(gp) # 1c528 <__malloc_max_sbrked_mem>
   10c44:	00c5f463          	bgeu	a1,a2,10c4c <_malloc_r+0x306>
   10c48:	24c1b023          	sd	a2,576(gp) # 1c528 <__malloc_max_sbrked_mem>
   10c4c:	2381b583          	ld	a1,568(gp) # 1c520 <__malloc_max_total_mem>
   10c50:	00c5f463          	bgeu	a1,a2,10c58 <_malloc_r+0x312>
   10c54:	22c1bc23          	sd	a2,568(gp) # 1c520 <__malloc_max_total_mem>
   10c58:	879a                	mv	a5,t1
   10c5a:	aa49                	j	10dec <_malloc_r+0x4a6>
   10c5c:	00883583          	ld	a1,8(a6)
   10c60:	b535                	j	10a8c <_malloc_r+0x146>
   10c62:	00176693          	ori	a3,a4,1
   10c66:	e794                	sd	a3,8(a5)
   10c68:	973e                	add	a4,a4,a5
   10c6a:	00166613          	ori	a2,a2,1
   10c6e:	00e83823          	sd	a4,16(a6)
   10c72:	8522                	mv	a0,s0
   10c74:	e710                	sd	a2,8(a4)
   10c76:	e43e                	sd	a5,8(sp)
   10c78:	34c000ef          	jal	10fc4 <__malloc_unlock>
   10c7c:	67a2                	ld	a5,8(sp)
   10c7e:	60e6                	ld	ra,88(sp)
   10c80:	6446                	ld	s0,80(sp)
   10c82:	01078513          	addi	a0,a5,16
   10c86:	6125                	addi	sp,sp,96
   10c88:	8082                	ret
   10c8a:	6b90                	ld	a2,16(a5)
   10c8c:	96be                	add	a3,a3,a5
   10c8e:	6698                	ld	a4,8(a3)
   10c90:	ee0c                	sd	a1,24(a2)
   10c92:	e990                	sd	a2,16(a1)
   10c94:	00176713          	ori	a4,a4,1
   10c98:	8522                	mv	a0,s0
   10c9a:	e698                	sd	a4,8(a3)
   10c9c:	e43e                	sd	a5,8(sp)
   10c9e:	326000ef          	jal	10fc4 <__malloc_unlock>
   10ca2:	67a2                	ld	a5,8(sp)
   10ca4:	60e6                	ld	ra,88(sp)
   10ca6:	6446                	ld	s0,80(sp)
   10ca8:	01078513          	addi	a0,a5,16
   10cac:	6125                	addi	sp,sp,96
   10cae:	8082                	ret
   10cb0:	6e9c                	ld	a5,24(a3)
   10cb2:	2889                	addiw	a7,a7,2
   10cb4:	d6f68ae3          	beq	a3,a5,10a28 <_malloc_r+0xe2>
   10cb8:	b1e9                	j	10982 <_malloc_r+0x3c>
   10cba:	00935693          	srli	a3,t1,0x9
   10cbe:	4611                	li	a2,4
   10cc0:	10d67763          	bgeu	a2,a3,10dce <_malloc_r+0x488>
   10cc4:	4651                	li	a2,20
   10cc6:	1ed66263          	bltu	a2,a3,10eaa <_malloc_r+0x564>
   10cca:	00169513          	slli	a0,a3,0x1
   10cce:	0b85051b          	addiw	a0,a0,184
   10cd2:	050e                	slli	a0,a0,0x3
   10cd4:	05b6861b          	addiw	a2,a3,91
   10cd8:	9542                	add	a0,a0,a6
   10cda:	6114                	ld	a3,0(a0)
   10cdc:	1541                	addi	a0,a0,-16
   10cde:	00d51663          	bne	a0,a3,10cea <_malloc_r+0x3a4>
   10ce2:	aaa5                	j	10e5a <_malloc_r+0x514>
   10ce4:	6a94                	ld	a3,16(a3)
   10ce6:	00d50663          	beq	a0,a3,10cf2 <_malloc_r+0x3ac>
   10cea:	6690                	ld	a2,8(a3)
   10cec:	9a71                	andi	a2,a2,-4
   10cee:	fec36be3          	bltu	t1,a2,10ce4 <_malloc_r+0x39e>
   10cf2:	6e88                	ld	a0,24(a3)
   10cf4:	ef88                	sd	a0,24(a5)
   10cf6:	eb94                	sd	a3,16(a5)
   10cf8:	e91c                	sd	a5,16(a0)
   10cfa:	ee9c                	sd	a5,24(a3)
   10cfc:	bb41                	j	10a8c <_malloc_r+0x146>
   10cfe:	46d1                	li	a3,20
   10d00:	10f6f363          	bgeu	a3,a5,10e06 <_malloc_r+0x4c0>
   10d04:	05400693          	li	a3,84
   10d08:	1af6ef63          	bltu	a3,a5,10ec6 <_malloc_r+0x580>
   10d0c:	00c75793          	srli	a5,a4,0xc
   10d10:	06f7889b          	addiw	a7,a5,111
   10d14:	0018951b          	slliw	a0,a7,0x1
   10d18:	06e78e1b          	addiw	t3,a5,110
   10d1c:	050e                	slli	a0,a0,0x3
   10d1e:	b9f1                	j	109fa <_malloc_r+0xb4>
   10d20:	2f85                	addiw	t6,t6,1
   10d22:	003ff793          	andi	a5,t6,3
   10d26:	0341                	addi	t1,t1,16
   10d28:	0e078c63          	beqz	a5,10e20 <_malloc_r+0x4da>
   10d2c:	01833683          	ld	a3,24(t1)
   10d30:	bb79                	j	10ace <_malloc_r+0x188>
   10d32:	6b88                	ld	a0,16(a5)
   10d34:	00176893          	ori	a7,a4,1
   10d38:	0117b423          	sd	a7,8(a5)
   10d3c:	ed14                	sd	a3,24(a0)
   10d3e:	ea88                	sd	a0,16(a3)
   10d40:	973e                	add	a4,a4,a5
   10d42:	02e83423          	sd	a4,40(a6)
   10d46:	02e83023          	sd	a4,32(a6)
   10d4a:	0015e693          	ori	a3,a1,1
   10d4e:	963e                	add	a2,a2,a5
   10d50:	01c73c23          	sd	t3,24(a4)
   10d54:	01c73823          	sd	t3,16(a4)
   10d58:	e714                	sd	a3,8(a4)
   10d5a:	8522                	mv	a0,s0
   10d5c:	e20c                	sd	a1,0(a2)
   10d5e:	e43e                	sd	a5,8(sp)
   10d60:	264000ef          	jal	10fc4 <__malloc_unlock>
   10d64:	67a2                	ld	a5,8(sp)
   10d66:	01078513          	addi	a0,a5,16
   10d6a:	b1a9                	j	109b4 <_malloc_r+0x6e>
   10d6c:	00375893          	srli	a7,a4,0x3
   10d70:	00189693          	slli	a3,a7,0x1
   10d74:	2689                	addiw	a3,a3,2
   10d76:	068e                	slli	a3,a3,0x3
   10d78:	2881                	sext.w	a7,a7
   10d7a:	bedd                	j	10970 <_malloc_r+0x2a>
   10d7c:	933e                	add	t1,t1,a5
   10d7e:	00833703          	ld	a4,8(t1)
   10d82:	8522                	mv	a0,s0
   10d84:	e43e                	sd	a5,8(sp)
   10d86:	00176713          	ori	a4,a4,1
   10d8a:	00e33423          	sd	a4,8(t1)
   10d8e:	236000ef          	jal	10fc4 <__malloc_unlock>
   10d92:	67a2                	ld	a5,8(sp)
   10d94:	01078513          	addi	a0,a5,16
   10d98:	b931                	j	109b4 <_malloc_r+0x6e>
   10d9a:	00176613          	ori	a2,a4,1
   10d9e:	e790                	sd	a2,8(a5)
   10da0:	973e                	add	a4,a4,a5
   10da2:	02e83423          	sd	a4,40(a6)
   10da6:	02e83023          	sd	a4,32(a6)
   10daa:	0016e613          	ori	a2,a3,1
   10dae:	933e                	add	t1,t1,a5
   10db0:	01c73c23          	sd	t3,24(a4)
   10db4:	01c73823          	sd	t3,16(a4)
   10db8:	e710                	sd	a2,8(a4)
   10dba:	8522                	mv	a0,s0
   10dbc:	00d33023          	sd	a3,0(t1)
   10dc0:	e43e                	sd	a5,8(sp)
   10dc2:	202000ef          	jal	10fc4 <__malloc_unlock>
   10dc6:	67a2                	ld	a5,8(sp)
   10dc8:	01078513          	addi	a0,a5,16
   10dcc:	b6e5                	j	109b4 <_malloc_r+0x6e>
   10dce:	00635693          	srli	a3,t1,0x6
   10dd2:	00169513          	slli	a0,a3,0x1
   10dd6:	0725051b          	addiw	a0,a0,114
   10dda:	050e                	slli	a0,a0,0x3
   10ddc:	0386861b          	addiw	a2,a3,56
   10de0:	bde5                	j	10cd8 <_malloc_r+0x392>
   10de2:	11078063          	beq	a5,a6,10ee2 <_malloc_r+0x59c>
   10de6:	01083783          	ld	a5,16(a6)
   10dea:	6794                	ld	a3,8(a5)
   10dec:	9af1                	andi	a3,a3,-4
   10dee:	40e68633          	sub	a2,a3,a4
   10df2:	00e6e663          	bltu	a3,a4,10dfe <_malloc_r+0x4b8>
   10df6:	02062693          	slti	a3,a2,32
   10dfa:	e60684e3          	beqz	a3,10c62 <_malloc_r+0x31c>
   10dfe:	8522                	mv	a0,s0
   10e00:	1c4000ef          	jal	10fc4 <__malloc_unlock>
   10e04:	b67d                	j	109b2 <_malloc_r+0x6c>
   10e06:	05c7889b          	addiw	a7,a5,92
   10e0a:	0018951b          	slliw	a0,a7,0x1
   10e0e:	05b78e1b          	addiw	t3,a5,91
   10e12:	050e                	slli	a0,a0,0x3
   10e14:	b6dd                	j	109fa <_malloc_r+0xb4>
   10e16:	010f3783          	ld	a5,16(t5)
   10e1a:	38fd                	addiw	a7,a7,-1
   10e1c:	1be79063          	bne	a5,t5,10fbc <_malloc_r+0x676>
   10e20:	0038f793          	andi	a5,a7,3
   10e24:	1f41                	addi	t5,t5,-16
   10e26:	fbe5                	bnez	a5,10e16 <_malloc_r+0x4d0>
   10e28:	00883683          	ld	a3,8(a6)
   10e2c:	fff54793          	not	a5,a0
   10e30:	8ff5                	and	a5,a5,a3
   10e32:	00f83423          	sd	a5,8(a6)
   10e36:	0506                	slli	a0,a0,0x1
   10e38:	fff50693          	addi	a3,a0,-1
   10e3c:	ccf6fce3          	bgeu	a3,a5,10b14 <_malloc_r+0x1ce>
   10e40:	00f576b3          	and	a3,a0,a5
   10e44:	e691                	bnez	a3,10e50 <_malloc_r+0x50a>
   10e46:	0506                	slli	a0,a0,0x1
   10e48:	00f576b3          	and	a3,a0,a5
   10e4c:	2f91                	addiw	t6,t6,4
   10e4e:	dee5                	beqz	a3,10e46 <_malloc_r+0x500>
   10e50:	88fe                	mv	a7,t6
   10e52:	b1a5                	j	10aba <_malloc_r+0x174>
   10e54:	02058593          	addi	a1,a1,32
   10e58:	b9c5                	j	10b48 <_malloc_r+0x202>
   10e5a:	4026561b          	sraiw	a2,a2,0x2
   10e5e:	4305                	li	t1,1
   10e60:	00c31633          	sll	a2,t1,a2
   10e64:	8dd1                	or	a1,a1,a2
   10e66:	00b83423          	sd	a1,8(a6)
   10e6a:	b569                	j	10cf4 <_malloc_r+0x3ae>
   10e6c:	00b30633          	add	a2,t1,a1
   10e70:	40c005b3          	neg	a1,a2
   10e74:	15d2                	slli	a1,a1,0x34
   10e76:	91d1                	srli	a1,a1,0x34
   10e78:	8522                	mv	a0,s0
   10e7a:	fc42                	sd	a6,56(sp)
   10e7c:	f872                	sd	t3,48(sp)
   10e7e:	f43e                	sd	a5,40(sp)
   10e80:	f03a                	sd	a4,32(sp)
   10e82:	ec46                	sd	a7,24(sp)
   10e84:	e81a                	sd	t1,16(sp)
   10e86:	e432                	sd	a2,8(sp)
   10e88:	e0ae                	sd	a1,64(sp)
   10e8a:	4bf000ef          	jal	11b48 <_sbrk_r>
   10e8e:	86aa                	mv	a3,a0
   10e90:	557d                	li	a0,-1
   10e92:	6342                	ld	t1,16(sp)
   10e94:	68e2                	ld	a7,24(sp)
   10e96:	7702                	ld	a4,32(sp)
   10e98:	77a2                	ld	a5,40(sp)
   10e9a:	7e42                	ld	t3,48(sp)
   10e9c:	7862                	ld	a6,56(sp)
   10e9e:	0aa68f63          	beq	a3,a0,10f5c <_malloc_r+0x616>
   10ea2:	6586                	ld	a1,64(sp)
   10ea4:	0005851b          	sext.w	a0,a1
   10ea8:	b3a1                	j	10bf0 <_malloc_r+0x2aa>
   10eaa:	05400613          	li	a2,84
   10eae:	06d66563          	bltu	a2,a3,10f18 <_malloc_r+0x5d2>
   10eb2:	00c35693          	srli	a3,t1,0xc
   10eb6:	00169513          	slli	a0,a3,0x1
   10eba:	0de5051b          	addiw	a0,a0,222
   10ebe:	050e                	slli	a0,a0,0x3
   10ec0:	06e6861b          	addiw	a2,a3,110
   10ec4:	bd11                	j	10cd8 <_malloc_r+0x392>
   10ec6:	15400693          	li	a3,340
   10eca:	06f6e563          	bltu	a3,a5,10f34 <_malloc_r+0x5ee>
   10ece:	00f75793          	srli	a5,a4,0xf
   10ed2:	0787889b          	addiw	a7,a5,120
   10ed6:	0018951b          	slliw	a0,a7,0x1
   10eda:	07778e1b          	addiw	t3,a5,119
   10ede:	050e                	slli	a0,a0,0x3
   10ee0:	be29                	j	109fa <_malloc_r+0xb4>
   10ee2:	2b018e13          	addi	t3,gp,688 # 1c598 <__malloc_current_mallinfo>
   10ee6:	000e2503          	lw	a0,0(t3)
   10eea:	9d2d                	addw	a0,a0,a1
   10eec:	00ae2023          	sw	a0,0(t3)
   10ef0:	b959                	j	10b86 <_malloc_r+0x240>
   10ef2:	03431f13          	slli	t5,t1,0x34
   10ef6:	c80f18e3          	bnez	t5,10b86 <_malloc_r+0x240>
   10efa:	01083303          	ld	t1,16(a6)
   10efe:	95c6                	add	a1,a1,a7
   10f00:	0015e693          	ori	a3,a1,1
   10f04:	00d33423          	sd	a3,8(t1)
   10f08:	bb25                	j	10c40 <_malloc_r+0x2fa>
   10f0a:	2061bc23          	sd	t1,536(gp) # 1c500 <__malloc_sbrk_base>
   10f0e:	b171                	j	10b9a <_malloc_r+0x254>
   10f10:	4785                	li	a5,1
   10f12:	00f33423          	sd	a5,8(t1)
   10f16:	b5e5                	j	10dfe <_malloc_r+0x4b8>
   10f18:	15400613          	li	a2,340
   10f1c:	06d66663          	bltu	a2,a3,10f88 <_malloc_r+0x642>
   10f20:	00f35693          	srli	a3,t1,0xf
   10f24:	00169513          	slli	a0,a3,0x1
   10f28:	0f05051b          	addiw	a0,a0,240
   10f2c:	050e                	slli	a0,a0,0x3
   10f2e:	0776861b          	addiw	a2,a3,119
   10f32:	b35d                	j	10cd8 <_malloc_r+0x392>
   10f34:	55400693          	li	a3,1364
   10f38:	06f6e663          	bltu	a3,a5,10fa4 <_malloc_r+0x65e>
   10f3c:	01275793          	srli	a5,a4,0x12
   10f40:	07d7889b          	addiw	a7,a5,125
   10f44:	0018951b          	slliw	a0,a7,0x1
   10f48:	07c78e1b          	addiw	t3,a5,124
   10f4c:	050e                	slli	a0,a0,0x3
   10f4e:	b475                	j	109fa <_malloc_r+0xb4>
   10f50:	1ec1                	addi	t4,t4,-16
   10f52:	01d606b3          	add	a3,a2,t4
   10f56:	4501                	li	a0,0
   10f58:	4581                	li	a1,0
   10f5a:	b959                	j	10bf0 <_malloc_r+0x2aa>
   10f5c:	66a2                	ld	a3,8(sp)
   10f5e:	4581                	li	a1,0
   10f60:	4501                	li	a0,0
   10f62:	b179                	j	10bf0 <_malloc_r+0x2aa>
   10f64:	01078593          	addi	a1,a5,16
   10f68:	8522                	mv	a0,s0
   10f6a:	ec42                	sd	a6,24(sp)
   10f6c:	e872                	sd	t3,16(sp)
   10f6e:	e43a                	sd	a4,8(sp)
   10f70:	701000ef          	jal	11e70 <_free_r>
   10f74:	6862                	ld	a6,24(sp)
   10f76:	6e42                	ld	t3,16(sp)
   10f78:	6722                	ld	a4,8(sp)
   10f7a:	01083303          	ld	t1,16(a6)
   10f7e:	000e2603          	lw	a2,0(t3)
   10f82:	00833683          	ld	a3,8(t1)
   10f86:	b96d                	j	10c40 <_malloc_r+0x2fa>
   10f88:	55400613          	li	a2,1364
   10f8c:	02d66363          	bltu	a2,a3,10fb2 <_malloc_r+0x66c>
   10f90:	01235693          	srli	a3,t1,0x12
   10f94:	00169513          	slli	a0,a3,0x1
   10f98:	0fa5051b          	addiw	a0,a0,250
   10f9c:	050e                	slli	a0,a0,0x3
   10f9e:	07c6861b          	addiw	a2,a3,124
   10fa2:	bb1d                	j	10cd8 <_malloc_r+0x392>
   10fa4:	7f000513          	li	a0,2032
   10fa8:	07f00893          	li	a7,127
   10fac:	07e00e13          	li	t3,126
   10fb0:	b4a9                	j	109fa <_malloc_r+0xb4>
   10fb2:	7f000513          	li	a0,2032
   10fb6:	07e00613          	li	a2,126
   10fba:	bb39                	j	10cd8 <_malloc_r+0x392>
   10fbc:	00883783          	ld	a5,8(a6)
   10fc0:	bd9d                	j	10e36 <_malloc_r+0x4f0>

0000000000010fc2 <__malloc_lock>:
   10fc2:	8082                	ret

0000000000010fc4 <__malloc_unlock>:
   10fc4:	8082                	ret

0000000000010fc6 <_strtol_l.part.0>:
   10fc6:	1141                	addi	sp,sp,-16
   10fc8:	68e9                	lui	a7,0x1a
   10fca:	e422                	sd	s0,8(sp)
   10fcc:	87ae                	mv	a5,a1
   10fce:	842a                	mv	s0,a0
   10fd0:	3b988893          	addi	a7,a7,953 # 1a3b9 <_ctype_+0x1>
   10fd4:	833e                	mv	t1,a5
   10fd6:	0007c803          	lbu	a6,0(a5)
   10fda:	0785                	addi	a5,a5,1
   10fdc:	01088733          	add	a4,a7,a6
   10fe0:	00074703          	lbu	a4,0(a4)
   10fe4:	8b21                	andi	a4,a4,8
   10fe6:	f77d                	bnez	a4,10fd4 <_strtol_l.part.0+0xe>
   10fe8:	02d00713          	li	a4,45
   10fec:	0008089b          	sext.w	a7,a6
   10ff0:	fef6ff93          	andi	t6,a3,-17
   10ff4:	0ee80063          	beq	a6,a4,110d4 <_strtol_l.part.0+0x10e>
   10ff8:	02b00713          	li	a4,43
   10ffc:	02e88563          	beq	a7,a4,11026 <_strtol_l.part.0+0x60>
   11000:	020f9963          	bnez	t6,11032 <_strtol_l.part.0+0x6c>
   11004:	03000713          	li	a4,48
   11008:	16e88d63          	beq	a7,a4,11182 <_strtol_l.part.0+0x1bc>
   1100c:	14068c63          	beqz	a3,11164 <_strtol_l.part.0+0x19e>
   11010:	537d                	li	t1,-1
   11012:	46c1                	li	a3,16
   11014:	00535313          	srli	t1,t1,0x5
   11018:	82b6                	mv	t0,a3
   1101a:	4fbd                	li	t6,15
   1101c:	577d                	li	a4,-1
   1101e:	00175393          	srli	t2,a4,0x1
   11022:	4f01                	li	t5,0
   11024:	a01d                	j	1104a <_strtol_l.part.0+0x84>
   11026:	0007c883          	lbu	a7,0(a5)
   1102a:	00230793          	addi	a5,t1,2
   1102e:	0e0f8f63          	beqz	t6,1112c <_strtol_l.part.0+0x166>
   11032:	537d                	li	t1,-1
   11034:	00135313          	srli	t1,t1,0x1
   11038:	02d37533          	remu	a0,t1,a3
   1103c:	839a                	mv	t2,t1
   1103e:	82b6                	mv	t0,a3
   11040:	4f01                	li	t5,0
   11042:	02d35333          	divu	t1,t1,a3
   11046:	00050f9b          	sext.w	t6,a0
   1104a:	4801                	li	a6,0
   1104c:	4501                	li	a0,0
   1104e:	4e25                	li	t3,9
   11050:	4ee5                	li	t4,25
   11052:	fd08871b          	addiw	a4,a7,-48
   11056:	00ee7863          	bgeu	t3,a4,11066 <_strtol_l.part.0+0xa0>
   1105a:	fbf8871b          	addiw	a4,a7,-65
   1105e:	02eee663          	bltu	t4,a4,1108a <_strtol_l.part.0+0xc4>
   11062:	fc98871b          	addiw	a4,a7,-55
   11066:	02d75a63          	bge	a4,a3,1109a <_strtol_l.part.0+0xd4>
   1106a:	0805                	addi	a6,a6,1
   1106c:	00080d63          	beqz	a6,11086 <_strtol_l.part.0+0xc0>
   11070:	00a36b63          	bltu	t1,a0,11086 <_strtol_l.part.0+0xc0>
   11074:	04651163          	bne	a0,t1,110b6 <_strtol_l.part.0+0xf0>
   11078:	587d                	li	a6,-1
   1107a:	02efde63          	bge	t6,a4,110b6 <_strtol_l.part.0+0xf0>
   1107e:	0785                	addi	a5,a5,1
   11080:	fff7c883          	lbu	a7,-1(a5)
   11084:	b7f9                	j	11052 <_strtol_l.part.0+0x8c>
   11086:	587d                	li	a6,-1
   11088:	bfdd                	j	1107e <_strtol_l.part.0+0xb8>
   1108a:	f9f8871b          	addiw	a4,a7,-97
   1108e:	00eee663          	bltu	t4,a4,1109a <_strtol_l.part.0+0xd4>
   11092:	fa98871b          	addiw	a4,a7,-87
   11096:	fcd74ae3          	blt	a4,a3,1106a <_strtol_l.part.0+0xa4>
   1109a:	577d                	li	a4,-1
   1109c:	02e80363          	beq	a6,a4,110c2 <_strtol_l.part.0+0xfc>
   110a0:	000f0463          	beqz	t5,110a8 <_strtol_l.part.0+0xe2>
   110a4:	40a00533          	neg	a0,a0
   110a8:	c601                	beqz	a2,110b0 <_strtol_l.part.0+0xea>
   110aa:	06081f63          	bnez	a6,11128 <_strtol_l.part.0+0x162>
   110ae:	e20c                	sd	a1,0(a2)
   110b0:	6422                	ld	s0,8(sp)
   110b2:	0141                	addi	sp,sp,16
   110b4:	8082                	ret
   110b6:	025508b3          	mul	a7,a0,t0
   110ba:	4805                	li	a6,1
   110bc:	01170533          	add	a0,a4,a7
   110c0:	bf7d                	j	1107e <_strtol_l.part.0+0xb8>
   110c2:	02200693          	li	a3,34
   110c6:	c014                	sw	a3,0(s0)
   110c8:	851e                	mv	a0,t2
   110ca:	d27d                	beqz	a2,110b0 <_strtol_l.part.0+0xea>
   110cc:	fff78593          	addi	a1,a5,-1
   110d0:	851e                	mv	a0,t2
   110d2:	bff1                	j	110ae <_strtol_l.part.0+0xe8>
   110d4:	0007c883          	lbu	a7,0(a5)
   110d8:	00230793          	addi	a5,t1,2
   110dc:	020f9a63          	bnez	t6,11110 <_strtol_l.part.0+0x14a>
   110e0:	03000713          	li	a4,48
   110e4:	0ce88263          	beq	a7,a4,111a8 <_strtol_l.part.0+0x1e2>
   110e8:	e2f5                	bnez	a3,111cc <_strtol_l.part.0+0x206>
   110ea:	33333737          	lui	a4,0x33333
   110ee:	03333337          	lui	t1,0x3333
   110f2:	33370713          	addi	a4,a4,819 # 33333333 <__BSS_END__+0x3331684b>
   110f6:	33330313          	addi	t1,t1,819 # 3333333 <__BSS_END__+0x331684b>
   110fa:	070a                	slli	a4,a4,0x2
   110fc:	130a                	slli	t1,t1,0x22
   110fe:	933a                	add	t1,t1,a4
   11100:	46a9                	li	a3,10
   11102:	577d                	li	a4,-1
   11104:	82b6                	mv	t0,a3
   11106:	03f71393          	slli	t2,a4,0x3f
   1110a:	4fa1                	li	t6,8
   1110c:	4f05                	li	t5,1
   1110e:	bf35                	j	1104a <_strtol_l.part.0+0x84>
   11110:	537d                	li	t1,-1
   11112:	137e                	slli	t1,t1,0x3f
   11114:	02d37533          	remu	a0,t1,a3
   11118:	839a                	mv	t2,t1
   1111a:	82b6                	mv	t0,a3
   1111c:	4f05                	li	t5,1
   1111e:	02d35333          	divu	t1,t1,a3
   11122:	00050f9b          	sext.w	t6,a0
   11126:	b715                	j	1104a <_strtol_l.part.0+0x84>
   11128:	83aa                	mv	t2,a0
   1112a:	b74d                	j	110cc <_strtol_l.part.0+0x106>
   1112c:	03000713          	li	a4,48
   11130:	ece89ee3          	bne	a7,a4,1100c <_strtol_l.part.0+0x46>
   11134:	00234703          	lbu	a4,2(t1)
   11138:	05800513          	li	a0,88
   1113c:	0df77713          	andi	a4,a4,223
   11140:	06a71063          	bne	a4,a0,111a0 <_strtol_l.part.0+0x1da>
   11144:	00334883          	lbu	a7,3(t1)
   11148:	46c1                	li	a3,16
   1114a:	82b6                	mv	t0,a3
   1114c:	00430793          	addi	a5,t1,4
   11150:	537d                	li	t1,-1
   11152:	00135313          	srli	t1,t1,0x1
   11156:	02537533          	remu	a0,t1,t0
   1115a:	02535333          	divu	t1,t1,t0
   1115e:	00050f9b          	sext.w	t6,a0
   11162:	bd6d                	j	1101c <_strtol_l.part.0+0x56>
   11164:	33333737          	lui	a4,0x33333
   11168:	03333337          	lui	t1,0x3333
   1116c:	33370713          	addi	a4,a4,819 # 33333333 <__BSS_END__+0x3331684b>
   11170:	33330313          	addi	t1,t1,819 # 3333333 <__BSS_END__+0x331684b>
   11174:	070a                	slli	a4,a4,0x2
   11176:	130a                	slli	t1,t1,0x22
   11178:	46a9                	li	a3,10
   1117a:	933a                	add	t1,t1,a4
   1117c:	82b6                	mv	t0,a3
   1117e:	4f9d                	li	t6,7
   11180:	bd71                	j	1101c <_strtol_l.part.0+0x56>
   11182:	0007c703          	lbu	a4,0(a5)
   11186:	05800513          	li	a0,88
   1118a:	0df77713          	andi	a4,a4,223
   1118e:	00a71963          	bne	a4,a0,111a0 <_strtol_l.part.0+0x1da>
   11192:	46c1                	li	a3,16
   11194:	0017c883          	lbu	a7,1(a5)
   11198:	82b6                	mv	t0,a3
   1119a:	00330793          	addi	a5,t1,3
   1119e:	bf4d                	j	11150 <_strtol_l.part.0+0x18a>
   111a0:	e6b9                	bnez	a3,111ee <_strtol_l.part.0+0x228>
   111a2:	46a1                	li	a3,8
   111a4:	82b6                	mv	t0,a3
   111a6:	b76d                	j	11150 <_strtol_l.part.0+0x18a>
   111a8:	00234703          	lbu	a4,2(t1)
   111ac:	05800513          	li	a0,88
   111b0:	0df77713          	andi	a4,a4,223
   111b4:	02a70663          	beq	a4,a0,111e0 <_strtol_l.part.0+0x21a>
   111b8:	ce95                	beqz	a3,111f4 <_strtol_l.part.0+0x22e>
   111ba:	46c1                	li	a3,16
   111bc:	82b6                	mv	t0,a3
   111be:	577d                	li	a4,-1
   111c0:	177e                	slli	a4,a4,0x3f
   111c2:	02575333          	divu	t1,a4,t0
   111c6:	83ba                	mv	t2,a4
   111c8:	4f05                	li	t5,1
   111ca:	b541                	j	1104a <_strtol_l.part.0+0x84>
   111cc:	4505                	li	a0,1
   111ce:	46c1                	li	a3,16
   111d0:	577d                	li	a4,-1
   111d2:	03b51313          	slli	t1,a0,0x3b
   111d6:	8f2a                	mv	t5,a0
   111d8:	82b6                	mv	t0,a3
   111da:	03f71393          	slli	t2,a4,0x3f
   111de:	b5b5                	j	1104a <_strtol_l.part.0+0x84>
   111e0:	46c1                	li	a3,16
   111e2:	00334883          	lbu	a7,3(t1)
   111e6:	82b6                	mv	t0,a3
   111e8:	00430793          	addi	a5,t1,4
   111ec:	bfc9                	j	111be <_strtol_l.part.0+0x1f8>
   111ee:	46c1                	li	a3,16
   111f0:	82b6                	mv	t0,a3
   111f2:	bfb9                	j	11150 <_strtol_l.part.0+0x18a>
   111f4:	46a1                	li	a3,8
   111f6:	82b6                	mv	t0,a3
   111f8:	b7d9                	j	111be <_strtol_l.part.0+0x1f8>

00000000000111fa <_strtol_r>:
   111fa:	02400713          	li	a4,36
   111fe:	00d76663          	bltu	a4,a3,1120a <_strtol_r+0x10>
   11202:	fff68793          	addi	a5,a3,-1
   11206:	c391                	beqz	a5,1120a <_strtol_r+0x10>
   11208:	bb7d                	j	10fc6 <_strtol_l.part.0>
   1120a:	1141                	addi	sp,sp,-16
   1120c:	e406                	sd	ra,8(sp)
   1120e:	1ad000ef          	jal	11bba <__errno>
   11212:	60a2                	ld	ra,8(sp)
   11214:	47d9                	li	a5,22
   11216:	c11c                	sw	a5,0(a0)
   11218:	4501                	li	a0,0
   1121a:	0141                	addi	sp,sp,16
   1121c:	8082                	ret

000000000001121e <strtol_l>:
   1121e:	02400793          	li	a5,36
   11222:	00c7ec63          	bltu	a5,a2,1123a <strtol_l+0x1c>
   11226:	fff60793          	addi	a5,a2,-1
   1122a:	cb81                	beqz	a5,1123a <strtol_l+0x1c>
   1122c:	872a                	mv	a4,a0
   1122e:	2281b503          	ld	a0,552(gp) # 1c510 <_impure_ptr>
   11232:	86b2                	mv	a3,a2
   11234:	862e                	mv	a2,a1
   11236:	85ba                	mv	a1,a4
   11238:	b379                	j	10fc6 <_strtol_l.part.0>
   1123a:	1141                	addi	sp,sp,-16
   1123c:	e406                	sd	ra,8(sp)
   1123e:	17d000ef          	jal	11bba <__errno>
   11242:	60a2                	ld	ra,8(sp)
   11244:	47d9                	li	a5,22
   11246:	c11c                	sw	a5,0(a0)
   11248:	4501                	li	a0,0
   1124a:	0141                	addi	sp,sp,16
   1124c:	8082                	ret

000000000001124e <strtol>:
   1124e:	02400793          	li	a5,36
   11252:	00c7ec63          	bltu	a5,a2,1126a <strtol+0x1c>
   11256:	fff60793          	addi	a5,a2,-1
   1125a:	cb81                	beqz	a5,1126a <strtol+0x1c>
   1125c:	872a                	mv	a4,a0
   1125e:	2281b503          	ld	a0,552(gp) # 1c510 <_impure_ptr>
   11262:	86b2                	mv	a3,a2
   11264:	862e                	mv	a2,a1
   11266:	85ba                	mv	a1,a4
   11268:	bbb9                	j	10fc6 <_strtol_l.part.0>
   1126a:	1141                	addi	sp,sp,-16
   1126c:	e406                	sd	ra,8(sp)
   1126e:	14d000ef          	jal	11bba <__errno>
   11272:	60a2                	ld	ra,8(sp)
   11274:	47d9                	li	a5,22
   11276:	c11c                	sw	a5,0(a0)
   11278:	4501                	li	a0,0
   1127a:	0141                	addi	sp,sp,16
   1127c:	8082                	ret

000000000001127e <_strtoull_l.isra.0>:
   1127e:	6769                	lui	a4,0x1a
   11280:	8eaa                	mv	t4,a0
   11282:	87ae                	mv	a5,a1
   11284:	3b970513          	addi	a0,a4,953 # 1a3b9 <_ctype_+0x1>
   11288:	833e                	mv	t1,a5
   1128a:	0007c803          	lbu	a6,0(a5)
   1128e:	0785                	addi	a5,a5,1
   11290:	01050733          	add	a4,a0,a6
   11294:	00074703          	lbu	a4,0(a4)
   11298:	8b21                	andi	a4,a4,8
   1129a:	f77d                	bnez	a4,11288 <_strtoull_l.isra.0+0xa>
   1129c:	02d00713          	li	a4,45
   112a0:	0008089b          	sext.w	a7,a6
   112a4:	0ce80f63          	beq	a6,a4,11382 <_strtoull_l.isra.0+0x104>
   112a8:	02b00713          	li	a4,43
   112ac:	4f81                	li	t6,0
   112ae:	0ae88b63          	beq	a7,a4,11364 <_strtoull_l.isra.0+0xe6>
   112b2:	fef6f713          	andi	a4,a3,-17
   112b6:	c341                	beqz	a4,11336 <_strtoull_l.isra.0+0xb8>
   112b8:	537d                	li	t1,-1
   112ba:	02d372b3          	remu	t0,t1,a3
   112be:	83b6                	mv	t2,a3
   112c0:	02d35333          	divu	t1,t1,a3
   112c4:	2281                	sext.w	t0,t0
   112c6:	4801                	li	a6,0
   112c8:	4501                	li	a0,0
   112ca:	4e25                	li	t3,9
   112cc:	4f65                	li	t5,25
   112ce:	fd08871b          	addiw	a4,a7,-48
   112d2:	00ee7863          	bgeu	t3,a4,112e2 <_strtoull_l.isra.0+0x64>
   112d6:	fbf8871b          	addiw	a4,a7,-65
   112da:	02ef6663          	bltu	t5,a4,11306 <_strtoull_l.isra.0+0x88>
   112de:	fc98871b          	addiw	a4,a7,-55
   112e2:	02d75a63          	bge	a4,a3,11316 <_strtoull_l.isra.0+0x98>
   112e6:	0805                	addi	a6,a6,1
   112e8:	00080d63          	beqz	a6,11302 <_strtoull_l.isra.0+0x84>
   112ec:	00a36b63          	bltu	t1,a0,11302 <_strtoull_l.isra.0+0x84>
   112f0:	02651d63          	bne	a0,t1,1132a <_strtoull_l.isra.0+0xac>
   112f4:	587d                	li	a6,-1
   112f6:	02e2da63          	bge	t0,a4,1132a <_strtoull_l.isra.0+0xac>
   112fa:	0785                	addi	a5,a5,1
   112fc:	fff7c883          	lbu	a7,-1(a5)
   11300:	b7f9                	j	112ce <_strtoull_l.isra.0+0x50>
   11302:	587d                	li	a6,-1
   11304:	bfdd                	j	112fa <_strtoull_l.isra.0+0x7c>
   11306:	f9f8871b          	addiw	a4,a7,-97
   1130a:	00ef6663          	bltu	t5,a4,11316 <_strtoull_l.isra.0+0x98>
   1130e:	fa98871b          	addiw	a4,a7,-87
   11312:	fcd74ae3          	blt	a4,a3,112e6 <_strtoull_l.isra.0+0x68>
   11316:	577d                	li	a4,-1
   11318:	04e80b63          	beq	a6,a4,1136e <_strtoull_l.isra.0+0xf0>
   1131c:	040f9163          	bnez	t6,1135e <_strtoull_l.isra.0+0xe0>
   11320:	c601                	beqz	a2,11328 <_strtoull_l.isra.0+0xaa>
   11322:	04081c63          	bnez	a6,1137a <_strtoull_l.isra.0+0xfc>
   11326:	e20c                	sd	a1,0(a2)
   11328:	8082                	ret
   1132a:	027508b3          	mul	a7,a0,t2
   1132e:	4805                	li	a6,1
   11330:	01170533          	add	a0,a4,a7
   11334:	b7d9                	j	112fa <_strtoull_l.isra.0+0x7c>
   11336:	03000713          	li	a4,48
   1133a:	04e88a63          	beq	a7,a4,1138e <_strtoull_l.isra.0+0x110>
   1133e:	eab5                	bnez	a3,113b2 <_strtoull_l.isra.0+0x134>
   11340:	4cccd737          	lui	a4,0x4cccd
   11344:	1999a337          	lui	t1,0x1999a
   11348:	0706                	slli	a4,a4,0x1
   1134a:	99930313          	addi	t1,t1,-1639 # 19999999 <__BSS_END__+0x1997ceb1>
   1134e:	99970713          	addi	a4,a4,-1639 # 4cccc999 <__BSS_END__+0x4ccafeb1>
   11352:	1302                	slli	t1,t1,0x20
   11354:	46a9                	li	a3,10
   11356:	933a                	add	t1,t1,a4
   11358:	83b6                	mv	t2,a3
   1135a:	4295                	li	t0,5
   1135c:	b7ad                	j	112c6 <_strtoull_l.isra.0+0x48>
   1135e:	40a00533          	neg	a0,a0
   11362:	bf7d                	j	11320 <_strtoull_l.isra.0+0xa2>
   11364:	0007c883          	lbu	a7,0(a5)
   11368:	00230793          	addi	a5,t1,2
   1136c:	b799                	j	112b2 <_strtoull_l.isra.0+0x34>
   1136e:	02200713          	li	a4,34
   11372:	00eea023          	sw	a4,0(t4)
   11376:	8542                	mv	a0,a6
   11378:	c621                	beqz	a2,113c0 <_strtoull_l.isra.0+0x142>
   1137a:	fff78593          	addi	a1,a5,-1
   1137e:	e20c                	sd	a1,0(a2)
   11380:	8082                	ret
   11382:	0007c883          	lbu	a7,0(a5)
   11386:	4f85                	li	t6,1
   11388:	00230793          	addi	a5,t1,2
   1138c:	b71d                	j	112b2 <_strtoull_l.isra.0+0x34>
   1138e:	0007c703          	lbu	a4,0(a5)
   11392:	05800513          	li	a0,88
   11396:	537d                	li	t1,-1
   11398:	0df77713          	andi	a4,a4,223
   1139c:	02a71363          	bne	a4,a0,113c2 <_strtoull_l.isra.0+0x144>
   113a0:	46c1                	li	a3,16
   113a2:	0017c883          	lbu	a7,1(a5)
   113a6:	00435313          	srli	t1,t1,0x4
   113aa:	83b6                	mv	t2,a3
   113ac:	42bd                	li	t0,15
   113ae:	0789                	addi	a5,a5,2
   113b0:	bf19                	j	112c6 <_strtoull_l.isra.0+0x48>
   113b2:	537d                	li	t1,-1
   113b4:	46c1                	li	a3,16
   113b6:	00435313          	srli	t1,t1,0x4
   113ba:	83b6                	mv	t2,a3
   113bc:	42bd                	li	t0,15
   113be:	b721                	j	112c6 <_strtoull_l.isra.0+0x48>
   113c0:	8082                	ret
   113c2:	e699                	bnez	a3,113d0 <_strtoull_l.isra.0+0x152>
   113c4:	46a1                	li	a3,8
   113c6:	00335313          	srli	t1,t1,0x3
   113ca:	83b6                	mv	t2,a3
   113cc:	429d                	li	t0,7
   113ce:	bde5                	j	112c6 <_strtoull_l.isra.0+0x48>
   113d0:	46c1                	li	a3,16
   113d2:	00435313          	srli	t1,t1,0x4
   113d6:	83b6                	mv	t2,a3
   113d8:	42bd                	li	t0,15
   113da:	b5f5                	j	112c6 <_strtoull_l.isra.0+0x48>

00000000000113dc <_strtoull_r>:
   113dc:	b54d                	j	1127e <_strtoull_l.isra.0>

00000000000113de <strtoull_l>:
   113de:	872a                	mv	a4,a0
   113e0:	2281b503          	ld	a0,552(gp) # 1c510 <_impure_ptr>
   113e4:	86b2                	mv	a3,a2
   113e6:	862e                	mv	a2,a1
   113e8:	85ba                	mv	a1,a4
   113ea:	bd51                	j	1127e <_strtoull_l.isra.0>

00000000000113ec <strtoull>:
   113ec:	872a                	mv	a4,a0
   113ee:	2281b503          	ld	a0,552(gp) # 1c510 <_impure_ptr>
   113f2:	86b2                	mv	a3,a2
   113f4:	862e                	mv	a2,a1
   113f6:	85ba                	mv	a1,a4
   113f8:	b559                	j	1127e <_strtoull_l.isra.0>

00000000000113fa <__fp_lock>:
   113fa:	4501                	li	a0,0
   113fc:	8082                	ret

00000000000113fe <stdio_exit_handler>:
   113fe:	65d1                	lui	a1,0x14
   11400:	e7818613          	addi	a2,gp,-392 # 1c160 <__sglue>
   11404:	26258593          	addi	a1,a1,610 # 14262 <_fclose_r>
   11408:	e9018513          	addi	a0,gp,-368 # 1c178 <_impure_data>
   1140c:	a4c5                	j	116ec <_fwalk_sglue>

000000000001140e <cleanup_stdio>:
   1140e:	650c                	ld	a1,8(a0)
   11410:	1141                	addi	sp,sp,-16
   11412:	e022                	sd	s0,0(sp)
   11414:	e406                	sd	ra,8(sp)
   11416:	2d818793          	addi	a5,gp,728 # 1c5c0 <__sf>
   1141a:	842a                	mv	s0,a0
   1141c:	00f58463          	beq	a1,a5,11424 <cleanup_stdio+0x16>
   11420:	643020ef          	jal	14262 <_fclose_r>
   11424:	680c                	ld	a1,16(s0)
   11426:	38818793          	addi	a5,gp,904 # 1c670 <__sf+0xb0>
   1142a:	00f58563          	beq	a1,a5,11434 <cleanup_stdio+0x26>
   1142e:	8522                	mv	a0,s0
   11430:	633020ef          	jal	14262 <_fclose_r>
   11434:	6c0c                	ld	a1,24(s0)
   11436:	43818793          	addi	a5,gp,1080 # 1c720 <__sf+0x160>
   1143a:	00f58863          	beq	a1,a5,1144a <cleanup_stdio+0x3c>
   1143e:	8522                	mv	a0,s0
   11440:	6402                	ld	s0,0(sp)
   11442:	60a2                	ld	ra,8(sp)
   11444:	0141                	addi	sp,sp,16
   11446:	61d0206f          	j	14262 <_fclose_r>
   1144a:	60a2                	ld	ra,8(sp)
   1144c:	6402                	ld	s0,0(sp)
   1144e:	0141                	addi	sp,sp,16
   11450:	8082                	ret

0000000000011452 <__fp_unlock>:
   11452:	4501                	li	a0,0
   11454:	8082                	ret

0000000000011456 <global_stdio_init.part.0>:
   11456:	cce17057          	vsetivli	zero,2,e16,mf4,ta,ma
   1145a:	5208a0d7          	vid.v	v1
   1145e:	57f1                	li	a5,-4
   11460:	9617e0d7          	vmul.vx	v1,v1,a5
   11464:	0d707057          	vsetvli	zero,zero,e32,mf2,ta,ma
   11468:	7179                	addi	sp,sp,-48
   1146a:	5e003157          	vmv.v.i	v2,0
   1146e:	0ce07057          	vsetvli	zero,zero,e16,mf4,ta,ma
   11472:	f022                	sd	s0,32(sp)
   11474:	021230d7          	vadd.vi	v1,v1,4
   11478:	2d818413          	addi	s0,gp,728 # 1c5c0 <__sf>
   1147c:	f406                	sd	ra,40(sp)
   1147e:	ec26                	sd	s1,24(sp)
   11480:	e84a                	sd	s2,16(sp)
   11482:	e44e                	sd	s3,8(sp)
   11484:	e052                	sd	s4,0(sp)
   11486:	01040713          	addi	a4,s0,16
   1148a:	020750a7          	vse16.v	v1,(a4)
   1148e:	67c5                	lui	a5,0x11
   11490:	00840713          	addi	a4,s0,8
   11494:	02076127          	vse32.v	v2,(a4)
   11498:	3fe78793          	addi	a5,a5,1022 # 113fe <stdio_exit_handler>
   1149c:	4621                	li	a2,8
   1149e:	4581                	li	a1,0
   114a0:	37c18513          	addi	a0,gp,892 # 1c664 <__sf+0xa4>
   114a4:	24f1b823          	sd	a5,592(gp) # 1c538 <__stdio_exit_handler>
   114a8:	00043023          	sd	zero,0(s0)
   114ac:	0a042623          	sw	zero,172(s0)
   114b0:	00043c23          	sd	zero,24(s0)
   114b4:	02042023          	sw	zero,32(s0)
   114b8:	02042423          	sw	zero,40(s0)
   114bc:	766000ef          	jal	11c22 <memset>
   114c0:	cce17057          	vsetivli	zero,2,e16,mf4,ta,ma
   114c4:	5208a0d7          	vid.v	v1
   114c8:	57e1                	li	a5,-8
   114ca:	9617e0d7          	vmul.vx	v1,v1,a5
   114ce:	0d707057          	vsetvli	zero,zero,e32,mf2,ta,ma
   114d2:	5e003157          	vmv.v.i	v2,0
   114d6:	0ce07057          	vsetvli	zero,zero,e16,mf4,ta,ma
   114da:	0214b0d7          	vadd.vi	v1,v1,9
   114de:	0c040793          	addi	a5,s0,192
   114e2:	6a49                	lui	s4,0x12
   114e4:	69c9                	lui	s3,0x12
   114e6:	6949                	lui	s2,0x12
   114e8:	64c9                	lui	s1,0x12
   114ea:	0207d0a7          	vse16.v	v1,(a5)
   114ee:	8f6a0a13          	addi	s4,s4,-1802 # 118f6 <__sread>
   114f2:	0b840793          	addi	a5,s0,184
   114f6:	93298993          	addi	s3,s3,-1742 # 11932 <__swrite>
   114fa:	98490913          	addi	s2,s2,-1660 # 11984 <__sseek>
   114fe:	9c648493          	addi	s1,s1,-1594 # 119c6 <__sclose>
   11502:	4621                	li	a2,8
   11504:	4581                	li	a1,0
   11506:	42c18513          	addi	a0,gp,1068 # 1c714 <__sf+0x154>
   1150a:	0207e127          	vse32.v	v2,(a5)
   1150e:	03443c23          	sd	s4,56(s0)
   11512:	05343023          	sd	s3,64(s0)
   11516:	05243423          	sd	s2,72(s0)
   1151a:	e824                	sd	s1,80(s0)
   1151c:	f800                	sd	s0,48(s0)
   1151e:	0a043823          	sd	zero,176(s0)
   11522:	14042e23          	sw	zero,348(s0)
   11526:	0c043423          	sd	zero,200(s0)
   1152a:	0c042823          	sw	zero,208(s0)
   1152e:	0c042c23          	sw	zero,216(s0)
   11532:	6f0000ef          	jal	11c22 <memset>
   11536:	cce17057          	vsetivli	zero,2,e16,mf4,ta,ma
   1153a:	5208a0d7          	vid.v	v1
   1153e:	57c1                	li	a5,-16
   11540:	9617e0d7          	vmul.vx	v1,v1,a5
   11544:	0d707057          	vsetvli	zero,zero,e32,mf2,ta,ma
   11548:	5e003157          	vmv.v.i	v2,0
   1154c:	4749                	li	a4,18
   1154e:	0ce07057          	vsetvli	zero,zero,e16,mf4,ta,ma
   11552:	021740d7          	vadd.vx	v1,v1,a4
   11556:	17040693          	addi	a3,s0,368
   1155a:	38818793          	addi	a5,gp,904 # 1c670 <__sf+0xb0>
   1155e:	16840713          	addi	a4,s0,360
   11562:	4dc18513          	addi	a0,gp,1244 # 1c7c4 <__sf+0x204>
   11566:	4621                	li	a2,8
   11568:	4581                	li	a1,0
   1156a:	0f443423          	sd	s4,232(s0)
   1156e:	0f343823          	sd	s3,240(s0)
   11572:	0f243c23          	sd	s2,248(s0)
   11576:	10943023          	sd	s1,256(s0)
   1157a:	f07c                	sd	a5,224(s0)
   1157c:	16043023          	sd	zero,352(s0)
   11580:	20042623          	sw	zero,524(s0)
   11584:	16043c23          	sd	zero,376(s0)
   11588:	18042023          	sw	zero,384(s0)
   1158c:	18042423          	sw	zero,392(s0)
   11590:	0206d0a7          	vse16.v	v1,(a3)
   11594:	02076127          	vse32.v	v2,(a4)
   11598:	68a000ef          	jal	11c22 <memset>
   1159c:	43818793          	addi	a5,gp,1080 # 1c720 <__sf+0x160>
   115a0:	19443c23          	sd	s4,408(s0)
   115a4:	1b343023          	sd	s3,416(s0)
   115a8:	1b243423          	sd	s2,424(s0)
   115ac:	1a943823          	sd	s1,432(s0)
   115b0:	70a2                	ld	ra,40(sp)
   115b2:	18f43823          	sd	a5,400(s0)
   115b6:	7402                	ld	s0,32(sp)
   115b8:	64e2                	ld	s1,24(sp)
   115ba:	6942                	ld	s2,16(sp)
   115bc:	69a2                	ld	s3,8(sp)
   115be:	6a02                	ld	s4,0(sp)
   115c0:	6145                	addi	sp,sp,48
   115c2:	8082                	ret

00000000000115c4 <__sfp>:
   115c4:	2501b783          	ld	a5,592(gp) # 1c538 <__stdio_exit_handler>
   115c8:	7179                	addi	sp,sp,-48
   115ca:	ec26                	sd	s1,24(sp)
   115cc:	f406                	sd	ra,40(sp)
   115ce:	f022                	sd	s0,32(sp)
   115d0:	84aa                	mv	s1,a0
   115d2:	cbf1                	beqz	a5,116a6 <__sfp+0xe2>
   115d4:	e7818693          	addi	a3,gp,-392 # 1c160 <__sglue>
   115d8:	0b000813          	li	a6,176
   115dc:	4698                	lw	a4,8(a3)
   115de:	08e05563          	blez	a4,11668 <__sfp+0xa4>
   115e2:	1702                	slli	a4,a4,0x20
   115e4:	9301                	srli	a4,a4,0x20
   115e6:	03070733          	mul	a4,a4,a6
   115ea:	6a80                	ld	s0,16(a3)
   115ec:	9722                	add	a4,a4,s0
   115ee:	a029                	j	115f8 <__sfp+0x34>
   115f0:	0b040413          	addi	s0,s0,176
   115f4:	06e40a63          	beq	s0,a4,11668 <__sfp+0xa4>
   115f8:	01041783          	lh	a5,16(s0)
   115fc:	fbf5                	bnez	a5,115f0 <__sfp+0x2c>
   115fe:	cce17057          	vsetivli	zero,2,e16,mf4,ta,ma
   11602:	5208a0d7          	vid.v	v1
   11606:	57f9                	li	a5,-2
   11608:	9617e0d7          	vmul.vx	v1,v1,a5
   1160c:	0d707057          	vsetvli	zero,zero,e32,mf2,ta,ma
   11610:	5e003157          	vmv.v.i	v2,0
   11614:	0ce07057          	vsetvli	zero,zero,e16,mf4,ta,ma
   11618:	0210b0d7          	vadd.vi	v1,v1,1
   1161c:	01040713          	addi	a4,s0,16
   11620:	00840793          	addi	a5,s0,8
   11624:	020750a7          	vse16.v	v1,(a4)
   11628:	4621                	li	a2,8
   1162a:	4581                	li	a1,0
   1162c:	0a440513          	addi	a0,s0,164
   11630:	0a042623          	sw	zero,172(s0)
   11634:	00043023          	sd	zero,0(s0)
   11638:	0207e127          	vse32.v	v2,(a5)
   1163c:	00043c23          	sd	zero,24(s0)
   11640:	02042023          	sw	zero,32(s0)
   11644:	02042423          	sw	zero,40(s0)
   11648:	5da000ef          	jal	11c22 <memset>
   1164c:	04043c23          	sd	zero,88(s0)
   11650:	06042023          	sw	zero,96(s0)
   11654:	06043c23          	sd	zero,120(s0)
   11658:	08042023          	sw	zero,128(s0)
   1165c:	70a2                	ld	ra,40(sp)
   1165e:	8522                	mv	a0,s0
   11660:	7402                	ld	s0,32(sp)
   11662:	64e2                	ld	s1,24(sp)
   11664:	6145                	addi	sp,sp,48
   11666:	8082                	ret
   11668:	6280                	ld	s0,0(a3)
   1166a:	c019                	beqz	s0,11670 <__sfp+0xac>
   1166c:	86a2                	mv	a3,s0
   1166e:	b7bd                	j	115dc <__sfp+0x18>
   11670:	2d800593          	li	a1,728
   11674:	8526                	mv	a0,s1
   11676:	e436                	sd	a3,8(sp)
   11678:	aceff0ef          	jal	10946 <_malloc_r>
   1167c:	66a2                	ld	a3,8(sp)
   1167e:	842a                	mv	s0,a0
   11680:	c515                	beqz	a0,116ac <__sfp+0xe8>
   11682:	4791                	li	a5,4
   11684:	c51c                	sw	a5,8(a0)
   11686:	0561                	addi	a0,a0,24
   11688:	00043023          	sd	zero,0(s0)
   1168c:	e808                	sd	a0,16(s0)
   1168e:	2c000613          	li	a2,704
   11692:	4581                	li	a1,0
   11694:	e436                	sd	a3,8(sp)
   11696:	58c000ef          	jal	11c22 <memset>
   1169a:	66a2                	ld	a3,8(sp)
   1169c:	0b000813          	li	a6,176
   116a0:	e280                	sd	s0,0(a3)
   116a2:	86a2                	mv	a3,s0
   116a4:	bf25                	j	115dc <__sfp+0x18>
   116a6:	db1ff0ef          	jal	11456 <global_stdio_init.part.0>
   116aa:	b72d                	j	115d4 <__sfp+0x10>
   116ac:	0006b023          	sd	zero,0(a3)
   116b0:	47b1                	li	a5,12
   116b2:	c09c                	sw	a5,0(s1)
   116b4:	b765                	j	1165c <__sfp+0x98>

00000000000116b6 <__sinit>:
   116b6:	653c                	ld	a5,72(a0)
   116b8:	c391                	beqz	a5,116bc <__sinit+0x6>
   116ba:	8082                	ret
   116bc:	67c5                	lui	a5,0x11
   116be:	2501b703          	ld	a4,592(gp) # 1c538 <__stdio_exit_handler>
   116c2:	40e78793          	addi	a5,a5,1038 # 1140e <cleanup_stdio>
   116c6:	e53c                	sd	a5,72(a0)
   116c8:	fb6d                	bnez	a4,116ba <__sinit+0x4>
   116ca:	b371                	j	11456 <global_stdio_init.part.0>

00000000000116cc <__sfp_lock_acquire>:
   116cc:	8082                	ret

00000000000116ce <__sfp_lock_release>:
   116ce:	8082                	ret

00000000000116d0 <__fp_lock_all>:
   116d0:	65c5                	lui	a1,0x11
   116d2:	e7818613          	addi	a2,gp,-392 # 1c160 <__sglue>
   116d6:	3fa58593          	addi	a1,a1,1018 # 113fa <__fp_lock>
   116da:	4501                	li	a0,0
   116dc:	a801                	j	116ec <_fwalk_sglue>

00000000000116de <__fp_unlock_all>:
   116de:	65c5                	lui	a1,0x11
   116e0:	e7818613          	addi	a2,gp,-392 # 1c160 <__sglue>
   116e4:	45258593          	addi	a1,a1,1106 # 11452 <__fp_unlock>
   116e8:	4501                	li	a0,0
   116ea:	a009                	j	116ec <_fwalk_sglue>

00000000000116ec <_fwalk_sglue>:
   116ec:	715d                	addi	sp,sp,-80
   116ee:	f84a                	sd	s2,48(sp)
   116f0:	f44e                	sd	s3,40(sp)
   116f2:	f052                	sd	s4,32(sp)
   116f4:	ec56                	sd	s5,24(sp)
   116f6:	e85a                	sd	s6,16(sp)
   116f8:	e45e                	sd	s7,8(sp)
   116fa:	e062                	sd	s8,0(sp)
   116fc:	e486                	sd	ra,72(sp)
   116fe:	e0a2                	sd	s0,64(sp)
   11700:	fc26                	sd	s1,56(sp)
   11702:	89b2                	mv	s3,a2
   11704:	8aaa                	mv	s5,a0
   11706:	8b2e                	mv	s6,a1
   11708:	4901                	li	s2,0
   1170a:	0b000b93          	li	s7,176
   1170e:	4c05                	li	s8,1
   11710:	5a7d                	li	s4,-1
   11712:	0089a483          	lw	s1,8(s3)
   11716:	02905b63          	blez	s1,1174c <_fwalk_sglue+0x60>
   1171a:	1482                	slli	s1,s1,0x20
   1171c:	9081                	srli	s1,s1,0x20
   1171e:	037484b3          	mul	s1,s1,s7
   11722:	0109b403          	ld	s0,16(s3)
   11726:	94a2                	add	s1,s1,s0
   11728:	01045783          	lhu	a5,16(s0)
   1172c:	00fc7c63          	bgeu	s8,a5,11744 <_fwalk_sglue+0x58>
   11730:	01241783          	lh	a5,18(s0)
   11734:	85a2                	mv	a1,s0
   11736:	8556                	mv	a0,s5
   11738:	01478663          	beq	a5,s4,11744 <_fwalk_sglue+0x58>
   1173c:	9b02                	jalr	s6
   1173e:	01256933          	or	s2,a0,s2
   11742:	2901                	sext.w	s2,s2
   11744:	0b040413          	addi	s0,s0,176
   11748:	fe9410e3          	bne	s0,s1,11728 <_fwalk_sglue+0x3c>
   1174c:	0009b983          	ld	s3,0(s3)
   11750:	fc0991e3          	bnez	s3,11712 <_fwalk_sglue+0x26>
   11754:	60a6                	ld	ra,72(sp)
   11756:	6406                	ld	s0,64(sp)
   11758:	74e2                	ld	s1,56(sp)
   1175a:	79a2                	ld	s3,40(sp)
   1175c:	7a02                	ld	s4,32(sp)
   1175e:	6ae2                	ld	s5,24(sp)
   11760:	6b42                	ld	s6,16(sp)
   11762:	6ba2                	ld	s7,8(sp)
   11764:	6c02                	ld	s8,0(sp)
   11766:	854a                	mv	a0,s2
   11768:	7942                	ld	s2,48(sp)
   1176a:	6161                	addi	sp,sp,80
   1176c:	8082                	ret

000000000001176e <_fwrite_r>:
   1176e:	02c687b3          	mul	a5,a3,a2
   11772:	7159                	addi	sp,sp,-112
   11774:	03810813          	addi	a6,sp,56
   11778:	88b2                	mv	a7,a2
   1177a:	4605                	li	a2,1
   1177c:	e4c2                	sd	a6,72(sp)
   1177e:	f486                	sd	ra,104(sp)
   11780:	fc2e                	sd	a1,56(sp)
   11782:	c8b2                	sw	a2,80(sp)
   11784:	882a                	mv	a6,a0
   11786:	e0be                	sd	a5,64(sp)
   11788:	ecbe                	sd	a5,88(sp)
   1178a:	c119                	beqz	a0,11790 <_fwrite_r+0x22>
   1178c:	6530                	ld	a2,72(a0)
   1178e:	ce39                	beqz	a2,117ec <_fwrite_r+0x7e>
   11790:	01071603          	lh	a2,16(a4)
   11794:	0ac72583          	lw	a1,172(a4)
   11798:	6309                	lui	t1,0x2
   1179a:	03261513          	slli	a0,a2,0x32
   1179e:	02054f63          	bltz	a0,117dc <_fwrite_r+0x6e>
   117a2:	7579                	lui	a0,0xffffe
   117a4:	157d                	addi	a0,a0,-1 # ffffffffffffdfff <__BSS_END__+0xfffffffffffe1517>
   117a6:	00666633          	or	a2,a2,t1
   117aa:	8de9                	and	a1,a1,a0
   117ac:	00c71823          	sh	a2,16(a4)
   117b0:	0ab72623          	sw	a1,172(a4)
   117b4:	85ba                	mv	a1,a4
   117b6:	8542                	mv	a0,a6
   117b8:	00b0                	addi	a2,sp,72
   117ba:	e436                	sd	a3,8(sp)
   117bc:	ec46                	sd	a7,24(sp)
   117be:	e83e                	sd	a5,16(sp)
   117c0:	579020ef          	jal	14538 <__sfvwrite_r>
   117c4:	872a                	mv	a4,a0
   117c6:	6522                	ld	a0,8(sp)
   117c8:	c719                	beqz	a4,117d6 <_fwrite_r+0x68>
   117ca:	6766                	ld	a4,88(sp)
   117cc:	67c2                	ld	a5,16(sp)
   117ce:	68e2                	ld	a7,24(sp)
   117d0:	8f99                	sub	a5,a5,a4
   117d2:	0317d533          	divu	a0,a5,a7
   117d6:	70a6                	ld	ra,104(sp)
   117d8:	6165                	addi	sp,sp,112
   117da:	8082                	ret
   117dc:	03259613          	slli	a2,a1,0x32
   117e0:	4501                	li	a0,0
   117e2:	fc0659e3          	bgez	a2,117b4 <_fwrite_r+0x46>
   117e6:	70a6                	ld	ra,104(sp)
   117e8:	6165                	addi	sp,sp,112
   117ea:	8082                	ret
   117ec:	f43a                	sd	a4,40(sp)
   117ee:	f036                	sd	a3,32(sp)
   117f0:	ec46                	sd	a7,24(sp)
   117f2:	e43e                	sd	a5,8(sp)
   117f4:	e82a                	sd	a0,16(sp)
   117f6:	ec1ff0ef          	jal	116b6 <__sinit>
   117fa:	7722                	ld	a4,40(sp)
   117fc:	7682                	ld	a3,32(sp)
   117fe:	68e2                	ld	a7,24(sp)
   11800:	6842                	ld	a6,16(sp)
   11802:	67a2                	ld	a5,8(sp)
   11804:	b771                	j	11790 <_fwrite_r+0x22>

0000000000011806 <fwrite>:
   11806:	02c587b3          	mul	a5,a1,a2
   1180a:	7159                	addi	sp,sp,-112
   1180c:	8832                	mv	a6,a2
   1180e:	2281b603          	ld	a2,552(gp) # 1c510 <_impure_ptr>
   11812:	88ae                	mv	a7,a1
   11814:	4705                	li	a4,1
   11816:	182c                	addi	a1,sp,56
   11818:	f486                	sd	ra,104(sp)
   1181a:	fc2a                	sd	a0,56(sp)
   1181c:	e4ae                	sd	a1,72(sp)
   1181e:	c8ba                	sw	a4,80(sp)
   11820:	e0be                	sd	a5,64(sp)
   11822:	ecbe                	sd	a5,88(sp)
   11824:	c219                	beqz	a2,1182a <fwrite+0x24>
   11826:	6638                	ld	a4,72(a2)
   11828:	cf39                	beqz	a4,11886 <fwrite+0x80>
   1182a:	01069703          	lh	a4,16(a3)
   1182e:	0ac6a583          	lw	a1,172(a3)
   11832:	6309                	lui	t1,0x2
   11834:	03271513          	slli	a0,a4,0x32
   11838:	02054f63          	bltz	a0,11876 <fwrite+0x70>
   1183c:	7579                	lui	a0,0xffffe
   1183e:	157d                	addi	a0,a0,-1 # ffffffffffffdfff <__BSS_END__+0xfffffffffffe1517>
   11840:	00676733          	or	a4,a4,t1
   11844:	8de9                	and	a1,a1,a0
   11846:	00e69823          	sh	a4,16(a3)
   1184a:	0ab6a623          	sw	a1,172(a3)
   1184e:	8532                	mv	a0,a2
   11850:	85b6                	mv	a1,a3
   11852:	00b0                	addi	a2,sp,72
   11854:	e442                	sd	a6,8(sp)
   11856:	ec46                	sd	a7,24(sp)
   11858:	e83e                	sd	a5,16(sp)
   1185a:	4df020ef          	jal	14538 <__sfvwrite_r>
   1185e:	872a                	mv	a4,a0
   11860:	6522                	ld	a0,8(sp)
   11862:	c719                	beqz	a4,11870 <fwrite+0x6a>
   11864:	6766                	ld	a4,88(sp)
   11866:	67c2                	ld	a5,16(sp)
   11868:	68e2                	ld	a7,24(sp)
   1186a:	8f99                	sub	a5,a5,a4
   1186c:	0317d533          	divu	a0,a5,a7
   11870:	70a6                	ld	ra,104(sp)
   11872:	6165                	addi	sp,sp,112
   11874:	8082                	ret
   11876:	03259713          	slli	a4,a1,0x32
   1187a:	4501                	li	a0,0
   1187c:	fc0759e3          	bgez	a4,1184e <fwrite+0x48>
   11880:	70a6                	ld	ra,104(sp)
   11882:	6165                	addi	sp,sp,112
   11884:	8082                	ret
   11886:	8532                	mv	a0,a2
   11888:	f436                	sd	a3,40(sp)
   1188a:	f042                	sd	a6,32(sp)
   1188c:	ec46                	sd	a7,24(sp)
   1188e:	e83e                	sd	a5,16(sp)
   11890:	e432                	sd	a2,8(sp)
   11892:	e25ff0ef          	jal	116b6 <__sinit>
   11896:	76a2                	ld	a3,40(sp)
   11898:	7802                	ld	a6,32(sp)
   1189a:	68e2                	ld	a7,24(sp)
   1189c:	67c2                	ld	a5,16(sp)
   1189e:	6622                	ld	a2,8(sp)
   118a0:	b769                	j	1182a <fwrite+0x24>

00000000000118a2 <_printf_r>:
   118a2:	715d                	addi	sp,sp,-80
   118a4:	8e2e                	mv	t3,a1
   118a6:	690c                	ld	a1,16(a0)
   118a8:	02010313          	addi	t1,sp,32
   118ac:	f032                	sd	a2,32(sp)
   118ae:	f436                	sd	a3,40(sp)
   118b0:	8672                	mv	a2,t3
   118b2:	869a                	mv	a3,t1
   118b4:	ec06                	sd	ra,24(sp)
   118b6:	f83a                	sd	a4,48(sp)
   118b8:	fc3e                	sd	a5,56(sp)
   118ba:	e0c2                	sd	a6,64(sp)
   118bc:	e4c6                	sd	a7,72(sp)
   118be:	e41a                	sd	t1,8(sp)
   118c0:	7ec000ef          	jal	120ac <_vfprintf_r>
   118c4:	60e2                	ld	ra,24(sp)
   118c6:	6161                	addi	sp,sp,80
   118c8:	8082                	ret

00000000000118ca <printf>:
   118ca:	2281b303          	ld	t1,552(gp) # 1c510 <_impure_ptr>
   118ce:	711d                	addi	sp,sp,-96
   118d0:	f832                	sd	a2,48(sp)
   118d2:	fc36                	sd	a3,56(sp)
   118d4:	f42e                	sd	a1,40(sp)
   118d6:	e0ba                	sd	a4,64(sp)
   118d8:	e4be                	sd	a5,72(sp)
   118da:	e8c2                	sd	a6,80(sp)
   118dc:	ecc6                	sd	a7,88(sp)
   118de:	01033583          	ld	a1,16(t1) # 2010 <exit-0xe110>
   118e2:	1034                	addi	a3,sp,40
   118e4:	862a                	mv	a2,a0
   118e6:	851a                	mv	a0,t1
   118e8:	ec06                	sd	ra,24(sp)
   118ea:	e436                	sd	a3,8(sp)
   118ec:	7c0000ef          	jal	120ac <_vfprintf_r>
   118f0:	60e2                	ld	ra,24(sp)
   118f2:	6125                	addi	sp,sp,96
   118f4:	8082                	ret

00000000000118f6 <__sread>:
   118f6:	1141                	addi	sp,sp,-16
   118f8:	e022                	sd	s0,0(sp)
   118fa:	842e                	mv	s0,a1
   118fc:	01259583          	lh	a1,18(a1)
   11900:	e406                	sd	ra,8(sp)
   11902:	20a000ef          	jal	11b0c <_read_r>
   11906:	00054963          	bltz	a0,11918 <__sread+0x22>
   1190a:	685c                	ld	a5,144(s0)
   1190c:	60a2                	ld	ra,8(sp)
   1190e:	97aa                	add	a5,a5,a0
   11910:	e85c                	sd	a5,144(s0)
   11912:	6402                	ld	s0,0(sp)
   11914:	0141                	addi	sp,sp,16
   11916:	8082                	ret
   11918:	01045783          	lhu	a5,16(s0)
   1191c:	777d                	lui	a4,0xfffff
   1191e:	177d                	addi	a4,a4,-1 # ffffffffffffefff <__BSS_END__+0xfffffffffffe2517>
   11920:	8ff9                	and	a5,a5,a4
   11922:	60a2                	ld	ra,8(sp)
   11924:	00f41823          	sh	a5,16(s0)
   11928:	6402                	ld	s0,0(sp)
   1192a:	0141                	addi	sp,sp,16
   1192c:	8082                	ret

000000000001192e <__seofread>:
   1192e:	4501                	li	a0,0
   11930:	8082                	ret

0000000000011932 <__swrite>:
   11932:	01059783          	lh	a5,16(a1)
   11936:	7179                	addi	sp,sp,-48
   11938:	8336                	mv	t1,a3
   1193a:	f406                	sd	ra,40(sp)
   1193c:	1007f693          	andi	a3,a5,256
   11940:	872e                	mv	a4,a1
   11942:	88b2                	mv	a7,a2
   11944:	882a                	mv	a6,a0
   11946:	ee91                	bnez	a3,11962 <__swrite+0x30>
   11948:	76fd                	lui	a3,0xfffff
   1194a:	16fd                	addi	a3,a3,-1 # ffffffffffffefff <__BSS_END__+0xfffffffffffe2517>
   1194c:	70a2                	ld	ra,40(sp)
   1194e:	8ff5                	and	a5,a5,a3
   11950:	01271583          	lh	a1,18(a4)
   11954:	00f71823          	sh	a5,16(a4)
   11958:	869a                	mv	a3,t1
   1195a:	8646                	mv	a2,a7
   1195c:	8542                	mv	a0,a6
   1195e:	6145                	addi	sp,sp,48
   11960:	ac39                	j	11b7e <_write_r>
   11962:	01259583          	lh	a1,18(a1)
   11966:	e832                	sd	a2,16(sp)
   11968:	4689                	li	a3,2
   1196a:	4601                	li	a2,0
   1196c:	ec1a                	sd	t1,24(sp)
   1196e:	e03a                	sd	a4,0(sp)
   11970:	e42a                	sd	a0,8(sp)
   11972:	15e000ef          	jal	11ad0 <_lseek_r>
   11976:	6702                	ld	a4,0(sp)
   11978:	6362                	ld	t1,24(sp)
   1197a:	68c2                	ld	a7,16(sp)
   1197c:	01071783          	lh	a5,16(a4)
   11980:	6822                	ld	a6,8(sp)
   11982:	b7d9                	j	11948 <__swrite+0x16>

0000000000011984 <__sseek>:
   11984:	1141                	addi	sp,sp,-16
   11986:	e022                	sd	s0,0(sp)
   11988:	842e                	mv	s0,a1
   1198a:	01259583          	lh	a1,18(a1)
   1198e:	e406                	sd	ra,8(sp)
   11990:	140000ef          	jal	11ad0 <_lseek_r>
   11994:	577d                	li	a4,-1
   11996:	01041783          	lh	a5,16(s0)
   1199a:	00e50b63          	beq	a0,a4,119b0 <__sseek+0x2c>
   1199e:	6705                	lui	a4,0x1
   119a0:	8fd9                	or	a5,a5,a4
   119a2:	60a2                	ld	ra,8(sp)
   119a4:	e848                	sd	a0,144(s0)
   119a6:	00f41823          	sh	a5,16(s0)
   119aa:	6402                	ld	s0,0(sp)
   119ac:	0141                	addi	sp,sp,16
   119ae:	8082                	ret
   119b0:	80050713          	addi	a4,a0,-2048
   119b4:	80070713          	addi	a4,a4,-2048 # 800 <exit-0xf920>
   119b8:	8ff9                	and	a5,a5,a4
   119ba:	60a2                	ld	ra,8(sp)
   119bc:	00f41823          	sh	a5,16(s0)
   119c0:	6402                	ld	s0,0(sp)
   119c2:	0141                	addi	sp,sp,16
   119c4:	8082                	ret

00000000000119c6 <__sclose>:
   119c6:	01259583          	lh	a1,18(a1)
   119ca:	a0a9                	j	11a14 <_close_r>

00000000000119cc <memcmp>:
   119cc:	469d                	li	a3,7
   119ce:	04c6f063          	bgeu	a3,a2,11a0e <memcmp+0x42>
   119d2:	00a5e7b3          	or	a5,a1,a0
   119d6:	8b9d                	andi	a5,a5,7
   119d8:	c395                	beqz	a5,119fc <memcmp+0x30>
   119da:	167d                	addi	a2,a2,-1
   119dc:	0605                	addi	a2,a2,1
   119de:	962a                	add	a2,a2,a0
   119e0:	a019                	j	119e6 <memcmp+0x1a>
   119e2:	02c50763          	beq	a0,a2,11a10 <memcmp+0x44>
   119e6:	00054783          	lbu	a5,0(a0)
   119ea:	0005c703          	lbu	a4,0(a1)
   119ee:	0505                	addi	a0,a0,1
   119f0:	0585                	addi	a1,a1,1
   119f2:	fee788e3          	beq	a5,a4,119e2 <memcmp+0x16>
   119f6:	40e7853b          	subw	a0,a5,a4
   119fa:	8082                	ret
   119fc:	6118                	ld	a4,0(a0)
   119fe:	619c                	ld	a5,0(a1)
   11a00:	fcf71de3          	bne	a4,a5,119da <memcmp+0xe>
   11a04:	1661                	addi	a2,a2,-8
   11a06:	0521                	addi	a0,a0,8
   11a08:	05a1                	addi	a1,a1,8
   11a0a:	fec6e9e3          	bltu	a3,a2,119fc <memcmp+0x30>
   11a0e:	f671                	bnez	a2,119da <memcmp+0xe>
   11a10:	4501                	li	a0,0
   11a12:	8082                	ret

0000000000011a14 <_close_r>:
   11a14:	1101                	addi	sp,sp,-32
   11a16:	e822                	sd	s0,16(sp)
   11a18:	e426                	sd	s1,8(sp)
   11a1a:	84aa                	mv	s1,a0
   11a1c:	852e                	mv	a0,a1
   11a1e:	ec06                	sd	ra,24(sp)
   11a20:	2401ac23          	sw	zero,600(gp) # 1c540 <errno>
   11a24:	1dc070ef          	jal	18c00 <_close>
   11a28:	57fd                	li	a5,-1
   11a2a:	00f50763          	beq	a0,a5,11a38 <_close_r+0x24>
   11a2e:	60e2                	ld	ra,24(sp)
   11a30:	6442                	ld	s0,16(sp)
   11a32:	64a2                	ld	s1,8(sp)
   11a34:	6105                	addi	sp,sp,32
   11a36:	8082                	ret
   11a38:	2581a783          	lw	a5,600(gp) # 1c540 <errno>
   11a3c:	dbed                	beqz	a5,11a2e <_close_r+0x1a>
   11a3e:	60e2                	ld	ra,24(sp)
   11a40:	6442                	ld	s0,16(sp)
   11a42:	c09c                	sw	a5,0(s1)
   11a44:	64a2                	ld	s1,8(sp)
   11a46:	6105                	addi	sp,sp,32
   11a48:	8082                	ret

0000000000011a4a <_reclaim_reent>:
   11a4a:	2281b783          	ld	a5,552(gp) # 1c510 <_impure_ptr>
   11a4e:	08a78063          	beq	a5,a0,11ace <_reclaim_reent+0x84>
   11a52:	752c                	ld	a1,104(a0)
   11a54:	7179                	addi	sp,sp,-48
   11a56:	ec26                	sd	s1,24(sp)
   11a58:	f406                	sd	ra,40(sp)
   11a5a:	f022                	sd	s0,32(sp)
   11a5c:	84aa                	mv	s1,a0
   11a5e:	c98d                	beqz	a1,11a90 <_reclaim_reent+0x46>
   11a60:	e84a                	sd	s2,16(sp)
   11a62:	e44e                	sd	s3,8(sp)
   11a64:	4901                	li	s2,0
   11a66:	20000993          	li	s3,512
   11a6a:	012587b3          	add	a5,a1,s2
   11a6e:	6380                	ld	s0,0(a5)
   11a70:	c801                	beqz	s0,11a80 <_reclaim_reent+0x36>
   11a72:	85a2                	mv	a1,s0
   11a74:	6000                	ld	s0,0(s0)
   11a76:	8526                	mv	a0,s1
   11a78:	3f8000ef          	jal	11e70 <_free_r>
   11a7c:	f87d                	bnez	s0,11a72 <_reclaim_reent+0x28>
   11a7e:	74ac                	ld	a1,104(s1)
   11a80:	0921                	addi	s2,s2,8
   11a82:	ff3914e3          	bne	s2,s3,11a6a <_reclaim_reent+0x20>
   11a86:	8526                	mv	a0,s1
   11a88:	3e8000ef          	jal	11e70 <_free_r>
   11a8c:	6942                	ld	s2,16(sp)
   11a8e:	69a2                	ld	s3,8(sp)
   11a90:	68ac                	ld	a1,80(s1)
   11a92:	c581                	beqz	a1,11a9a <_reclaim_reent+0x50>
   11a94:	8526                	mv	a0,s1
   11a96:	3da000ef          	jal	11e70 <_free_r>
   11a9a:	70a0                	ld	s0,96(s1)
   11a9c:	c419                	beqz	s0,11aaa <_reclaim_reent+0x60>
   11a9e:	85a2                	mv	a1,s0
   11aa0:	6000                	ld	s0,0(s0)
   11aa2:	8526                	mv	a0,s1
   11aa4:	3cc000ef          	jal	11e70 <_free_r>
   11aa8:	f87d                	bnez	s0,11a9e <_reclaim_reent+0x54>
   11aaa:	7cac                	ld	a1,120(s1)
   11aac:	c581                	beqz	a1,11ab4 <_reclaim_reent+0x6a>
   11aae:	8526                	mv	a0,s1
   11ab0:	3c0000ef          	jal	11e70 <_free_r>
   11ab4:	64bc                	ld	a5,72(s1)
   11ab6:	c799                	beqz	a5,11ac4 <_reclaim_reent+0x7a>
   11ab8:	7402                	ld	s0,32(sp)
   11aba:	70a2                	ld	ra,40(sp)
   11abc:	8526                	mv	a0,s1
   11abe:	64e2                	ld	s1,24(sp)
   11ac0:	6145                	addi	sp,sp,48
   11ac2:	8782                	jr	a5
   11ac4:	70a2                	ld	ra,40(sp)
   11ac6:	7402                	ld	s0,32(sp)
   11ac8:	64e2                	ld	s1,24(sp)
   11aca:	6145                	addi	sp,sp,48
   11acc:	8082                	ret
   11ace:	8082                	ret

0000000000011ad0 <_lseek_r>:
   11ad0:	1101                	addi	sp,sp,-32
   11ad2:	87ae                	mv	a5,a1
   11ad4:	e822                	sd	s0,16(sp)
   11ad6:	e426                	sd	s1,8(sp)
   11ad8:	85b2                	mv	a1,a2
   11ada:	84aa                	mv	s1,a0
   11adc:	8636                	mv	a2,a3
   11ade:	853e                	mv	a0,a5
   11ae0:	ec06                	sd	ra,24(sp)
   11ae2:	2401ac23          	sw	zero,600(gp) # 1c540 <errno>
   11ae6:	1e6070ef          	jal	18ccc <_lseek>
   11aea:	57fd                	li	a5,-1
   11aec:	00f50763          	beq	a0,a5,11afa <_lseek_r+0x2a>
   11af0:	60e2                	ld	ra,24(sp)
   11af2:	6442                	ld	s0,16(sp)
   11af4:	64a2                	ld	s1,8(sp)
   11af6:	6105                	addi	sp,sp,32
   11af8:	8082                	ret
   11afa:	2581a783          	lw	a5,600(gp) # 1c540 <errno>
   11afe:	dbed                	beqz	a5,11af0 <_lseek_r+0x20>
   11b00:	60e2                	ld	ra,24(sp)
   11b02:	6442                	ld	s0,16(sp)
   11b04:	c09c                	sw	a5,0(s1)
   11b06:	64a2                	ld	s1,8(sp)
   11b08:	6105                	addi	sp,sp,32
   11b0a:	8082                	ret

0000000000011b0c <_read_r>:
   11b0c:	1101                	addi	sp,sp,-32
   11b0e:	87ae                	mv	a5,a1
   11b10:	e822                	sd	s0,16(sp)
   11b12:	e426                	sd	s1,8(sp)
   11b14:	85b2                	mv	a1,a2
   11b16:	84aa                	mv	s1,a0
   11b18:	8636                	mv	a2,a3
   11b1a:	853e                	mv	a0,a5
   11b1c:	ec06                	sd	ra,24(sp)
   11b1e:	2401ac23          	sw	zero,600(gp) # 1c540 <errno>
   11b22:	1d4070ef          	jal	18cf6 <_read>
   11b26:	57fd                	li	a5,-1
   11b28:	00f50763          	beq	a0,a5,11b36 <_read_r+0x2a>
   11b2c:	60e2                	ld	ra,24(sp)
   11b2e:	6442                	ld	s0,16(sp)
   11b30:	64a2                	ld	s1,8(sp)
   11b32:	6105                	addi	sp,sp,32
   11b34:	8082                	ret
   11b36:	2581a783          	lw	a5,600(gp) # 1c540 <errno>
   11b3a:	dbed                	beqz	a5,11b2c <_read_r+0x20>
   11b3c:	60e2                	ld	ra,24(sp)
   11b3e:	6442                	ld	s0,16(sp)
   11b40:	c09c                	sw	a5,0(s1)
   11b42:	64a2                	ld	s1,8(sp)
   11b44:	6105                	addi	sp,sp,32
   11b46:	8082                	ret

0000000000011b48 <_sbrk_r>:
   11b48:	1101                	addi	sp,sp,-32
   11b4a:	e822                	sd	s0,16(sp)
   11b4c:	e426                	sd	s1,8(sp)
   11b4e:	84aa                	mv	s1,a0
   11b50:	852e                	mv	a0,a1
   11b52:	ec06                	sd	ra,24(sp)
   11b54:	2401ac23          	sw	zero,600(gp) # 1c540 <errno>
   11b58:	1c8070ef          	jal	18d20 <_sbrk>
   11b5c:	57fd                	li	a5,-1
   11b5e:	00f50763          	beq	a0,a5,11b6c <_sbrk_r+0x24>
   11b62:	60e2                	ld	ra,24(sp)
   11b64:	6442                	ld	s0,16(sp)
   11b66:	64a2                	ld	s1,8(sp)
   11b68:	6105                	addi	sp,sp,32
   11b6a:	8082                	ret
   11b6c:	2581a783          	lw	a5,600(gp) # 1c540 <errno>
   11b70:	dbed                	beqz	a5,11b62 <_sbrk_r+0x1a>
   11b72:	60e2                	ld	ra,24(sp)
   11b74:	6442                	ld	s0,16(sp)
   11b76:	c09c                	sw	a5,0(s1)
   11b78:	64a2                	ld	s1,8(sp)
   11b7a:	6105                	addi	sp,sp,32
   11b7c:	8082                	ret

0000000000011b7e <_write_r>:
   11b7e:	1101                	addi	sp,sp,-32
   11b80:	87ae                	mv	a5,a1
   11b82:	e822                	sd	s0,16(sp)
   11b84:	e426                	sd	s1,8(sp)
   11b86:	85b2                	mv	a1,a2
   11b88:	84aa                	mv	s1,a0
   11b8a:	8636                	mv	a2,a3
   11b8c:	853e                	mv	a0,a5
   11b8e:	ec06                	sd	ra,24(sp)
   11b90:	2401ac23          	sw	zero,600(gp) # 1c540 <errno>
   11b94:	1e0070ef          	jal	18d74 <_write>
   11b98:	57fd                	li	a5,-1
   11b9a:	00f50763          	beq	a0,a5,11ba8 <_write_r+0x2a>
   11b9e:	60e2                	ld	ra,24(sp)
   11ba0:	6442                	ld	s0,16(sp)
   11ba2:	64a2                	ld	s1,8(sp)
   11ba4:	6105                	addi	sp,sp,32
   11ba6:	8082                	ret
   11ba8:	2581a783          	lw	a5,600(gp) # 1c540 <errno>
   11bac:	dbed                	beqz	a5,11b9e <_write_r+0x20>
   11bae:	60e2                	ld	ra,24(sp)
   11bb0:	6442                	ld	s0,16(sp)
   11bb2:	c09c                	sw	a5,0(s1)
   11bb4:	64a2                	ld	s1,8(sp)
   11bb6:	6105                	addi	sp,sp,32
   11bb8:	8082                	ret

0000000000011bba <__errno>:
   11bba:	2281b503          	ld	a0,552(gp) # 1c510 <_impure_ptr>
   11bbe:	8082                	ret

0000000000011bc0 <__libc_init_array>:
   11bc0:	1101                	addi	sp,sp,-32
   11bc2:	e822                	sd	s0,16(sp)
   11bc4:	e04a                	sd	s2,0(sp)
   11bc6:	6471                	lui	s0,0x1c
   11bc8:	6971                	lui	s2,0x1c
   11bca:	ec06                	sd	ra,24(sp)
   11bcc:	e426                	sd	s1,8(sp)
   11bce:	93490913          	addi	s2,s2,-1740 # 1b934 <__preinit_array_end>
   11bd2:	93440413          	addi	s0,s0,-1740 # 1b934 <__preinit_array_end>
   11bd6:	00890d63          	beq	s2,s0,11bf0 <__libc_init_array+0x30>
   11bda:	40890933          	sub	s2,s2,s0
   11bde:	40395913          	srai	s2,s2,0x3
   11be2:	4481                	li	s1,0
   11be4:	601c                	ld	a5,0(s0)
   11be6:	0485                	addi	s1,s1,1
   11be8:	0421                	addi	s0,s0,8
   11bea:	9782                	jalr	a5
   11bec:	ff24ece3          	bltu	s1,s2,11be4 <__libc_init_array+0x24>
   11bf0:	6971                	lui	s2,0x1c
   11bf2:	6471                	lui	s0,0x1c
   11bf4:	94890913          	addi	s2,s2,-1720 # 1b948 <__do_global_dtors_aux_fini_array_entry>
   11bf8:	93840413          	addi	s0,s0,-1736 # 1b938 <__init_array_start>
   11bfc:	00890d63          	beq	s2,s0,11c16 <__libc_init_array+0x56>
   11c00:	40890933          	sub	s2,s2,s0
   11c04:	40395913          	srai	s2,s2,0x3
   11c08:	4481                	li	s1,0
   11c0a:	601c                	ld	a5,0(s0)
   11c0c:	0485                	addi	s1,s1,1
   11c0e:	0421                	addi	s0,s0,8
   11c10:	9782                	jalr	a5
   11c12:	ff24ece3          	bltu	s1,s2,11c0a <__libc_init_array+0x4a>
   11c16:	60e2                	ld	ra,24(sp)
   11c18:	6442                	ld	s0,16(sp)
   11c1a:	64a2                	ld	s1,8(sp)
   11c1c:	6902                	ld	s2,0(sp)
   11c1e:	6105                	addi	sp,sp,32
   11c20:	8082                	ret

0000000000011c22 <memset>:
   11c22:	433d                	li	t1,15
   11c24:	872a                	mv	a4,a0
   11c26:	02c37163          	bgeu	t1,a2,11c48 <memset+0x26>
   11c2a:	00f77793          	andi	a5,a4,15
   11c2e:	e3c1                	bnez	a5,11cae <memset+0x8c>
   11c30:	e1bd                	bnez	a1,11c96 <memset+0x74>
   11c32:	ff067693          	andi	a3,a2,-16
   11c36:	8a3d                	andi	a2,a2,15
   11c38:	96ba                	add	a3,a3,a4
   11c3a:	e30c                	sd	a1,0(a4)
   11c3c:	e70c                	sd	a1,8(a4)
   11c3e:	0741                	addi	a4,a4,16
   11c40:	fed76de3          	bltu	a4,a3,11c3a <memset+0x18>
   11c44:	e211                	bnez	a2,11c48 <memset+0x26>
   11c46:	8082                	ret
   11c48:	40c306b3          	sub	a3,t1,a2
   11c4c:	068a                	slli	a3,a3,0x2
   11c4e:	00000297          	auipc	t0,0x0
   11c52:	9696                	add	a3,a3,t0
   11c54:	00a68067          	jr	10(a3)
   11c58:	00b70723          	sb	a1,14(a4)
   11c5c:	00b706a3          	sb	a1,13(a4)
   11c60:	00b70623          	sb	a1,12(a4)
   11c64:	00b705a3          	sb	a1,11(a4)
   11c68:	00b70523          	sb	a1,10(a4)
   11c6c:	00b704a3          	sb	a1,9(a4)
   11c70:	00b70423          	sb	a1,8(a4)
   11c74:	00b703a3          	sb	a1,7(a4)
   11c78:	00b70323          	sb	a1,6(a4)
   11c7c:	00b702a3          	sb	a1,5(a4)
   11c80:	00b70223          	sb	a1,4(a4)
   11c84:	00b701a3          	sb	a1,3(a4)
   11c88:	00b70123          	sb	a1,2(a4)
   11c8c:	00b700a3          	sb	a1,1(a4)
   11c90:	00b70023          	sb	a1,0(a4)
   11c94:	8082                	ret
   11c96:	0ff5f593          	zext.b	a1,a1
   11c9a:	00859693          	slli	a3,a1,0x8
   11c9e:	8dd5                	or	a1,a1,a3
   11ca0:	01059693          	slli	a3,a1,0x10
   11ca4:	8dd5                	or	a1,a1,a3
   11ca6:	02059693          	slli	a3,a1,0x20
   11caa:	8dd5                	or	a1,a1,a3
   11cac:	b759                	j	11c32 <memset+0x10>
   11cae:	00279693          	slli	a3,a5,0x2
   11cb2:	00000297          	auipc	t0,0x0
   11cb6:	9696                	add	a3,a3,t0
   11cb8:	8286                	mv	t0,ra
   11cba:	fa2680e7          	jalr	-94(a3)
   11cbe:	8096                	mv	ra,t0
   11cc0:	17c1                	addi	a5,a5,-16
   11cc2:	8f1d                	sub	a4,a4,a5
   11cc4:	963e                	add	a2,a2,a5
   11cc6:	f8c371e3          	bgeu	t1,a2,11c48 <memset+0x26>
   11cca:	b79d                	j	11c30 <memset+0xe>

0000000000011ccc <__call_exitprocs>:
   11ccc:	715d                	addi	sp,sp,-80
   11cce:	f052                	sd	s4,32(sp)
   11cd0:	f84a                	sd	s2,48(sp)
   11cd2:	2601b903          	ld	s2,608(gp) # 1c548 <__atexit>
   11cd6:	e486                	sd	ra,72(sp)
   11cd8:	04090863          	beqz	s2,11d28 <__call_exitprocs+0x5c>
   11cdc:	f44e                	sd	s3,40(sp)
   11cde:	ec56                	sd	s5,24(sp)
   11ce0:	e85a                	sd	s6,16(sp)
   11ce2:	e45e                	sd	s7,8(sp)
   11ce4:	e0a2                	sd	s0,64(sp)
   11ce6:	fc26                	sd	s1,56(sp)
   11ce8:	e062                	sd	s8,0(sp)
   11cea:	8b2a                	mv	s6,a0
   11cec:	8bae                	mv	s7,a1
   11cee:	59fd                	li	s3,-1
   11cf0:	4a85                	li	s5,1
   11cf2:	00892403          	lw	s0,8(s2)
   11cf6:	347d                	addiw	s0,s0,-1
   11cf8:	02044163          	bltz	s0,11d1a <__call_exitprocs+0x4e>
   11cfc:	01090493          	addi	s1,s2,16
   11d00:	00341793          	slli	a5,s0,0x3
   11d04:	94be                	add	s1,s1,a5
   11d06:	020b8663          	beqz	s7,11d32 <__call_exitprocs+0x66>
   11d0a:	2004b783          	ld	a5,512(s1)
   11d0e:	03778263          	beq	a5,s7,11d32 <__call_exitprocs+0x66>
   11d12:	347d                	addiw	s0,s0,-1
   11d14:	14e1                	addi	s1,s1,-8
   11d16:	ff341ae3          	bne	s0,s3,11d0a <__call_exitprocs+0x3e>
   11d1a:	6406                	ld	s0,64(sp)
   11d1c:	74e2                	ld	s1,56(sp)
   11d1e:	79a2                	ld	s3,40(sp)
   11d20:	6ae2                	ld	s5,24(sp)
   11d22:	6b42                	ld	s6,16(sp)
   11d24:	6ba2                	ld	s7,8(sp)
   11d26:	6c02                	ld	s8,0(sp)
   11d28:	60a6                	ld	ra,72(sp)
   11d2a:	7942                	ld	s2,48(sp)
   11d2c:	7a02                	ld	s4,32(sp)
   11d2e:	6161                	addi	sp,sp,80
   11d30:	8082                	ret
   11d32:	00892783          	lw	a5,8(s2)
   11d36:	6094                	ld	a3,0(s1)
   11d38:	37fd                	addiw	a5,a5,-1
   11d3a:	04878c63          	beq	a5,s0,11d92 <__call_exitprocs+0xc6>
   11d3e:	0004b023          	sd	zero,0(s1)
   11d42:	c295                	beqz	a3,11d66 <__call_exitprocs+0x9a>
   11d44:	31092783          	lw	a5,784(s2)
   11d48:	008a973b          	sllw	a4,s5,s0
   11d4c:	00892c03          	lw	s8,8(s2)
   11d50:	8ff9                	and	a5,a5,a4
   11d52:	ef99                	bnez	a5,11d70 <__call_exitprocs+0xa4>
   11d54:	9682                	jalr	a3
   11d56:	00892703          	lw	a4,8(s2)
   11d5a:	2601b783          	ld	a5,608(gp) # 1c548 <__atexit>
   11d5e:	03871763          	bne	a4,s8,11d8c <__call_exitprocs+0xc0>
   11d62:	03279563          	bne	a5,s2,11d8c <__call_exitprocs+0xc0>
   11d66:	347d                	addiw	s0,s0,-1
   11d68:	14e1                	addi	s1,s1,-8
   11d6a:	f9341ee3          	bne	s0,s3,11d06 <__call_exitprocs+0x3a>
   11d6e:	b775                	j	11d1a <__call_exitprocs+0x4e>
   11d70:	31492783          	lw	a5,788(s2)
   11d74:	1004b583          	ld	a1,256(s1)
   11d78:	8f7d                	and	a4,a4,a5
   11d7a:	ef19                	bnez	a4,11d98 <__call_exitprocs+0xcc>
   11d7c:	855a                	mv	a0,s6
   11d7e:	9682                	jalr	a3
   11d80:	00892703          	lw	a4,8(s2)
   11d84:	2601b783          	ld	a5,608(gp) # 1c548 <__atexit>
   11d88:	fd870de3          	beq	a4,s8,11d62 <__call_exitprocs+0x96>
   11d8c:	d7d9                	beqz	a5,11d1a <__call_exitprocs+0x4e>
   11d8e:	893e                	mv	s2,a5
   11d90:	b78d                	j	11cf2 <__call_exitprocs+0x26>
   11d92:	00892423          	sw	s0,8(s2)
   11d96:	b775                	j	11d42 <__call_exitprocs+0x76>
   11d98:	852e                	mv	a0,a1
   11d9a:	9682                	jalr	a3
   11d9c:	bf6d                	j	11d56 <__call_exitprocs+0x8a>

0000000000011d9e <atexit>:
   11d9e:	85aa                	mv	a1,a0
   11da0:	4681                	li	a3,0
   11da2:	4601                	li	a2,0
   11da4:	4501                	li	a0,0
   11da6:	0600306f          	j	14e06 <__register_exitproc>

0000000000011daa <_malloc_trim_r>:
   11daa:	7179                	addi	sp,sp,-48
   11dac:	e84a                	sd	s2,16(sp)
   11dae:	6971                	lui	s2,0x1c
   11db0:	f022                	sd	s0,32(sp)
   11db2:	ec26                	sd	s1,24(sp)
   11db4:	e44e                	sd	s3,8(sp)
   11db6:	842e                	mv	s0,a1
   11db8:	f406                	sd	ra,40(sp)
   11dba:	89aa                	mv	s3,a0
   11dbc:	95090913          	addi	s2,s2,-1712 # 1b950 <__malloc_av_>
   11dc0:	a02ff0ef          	jal	10fc2 <__malloc_lock>
   11dc4:	01093783          	ld	a5,16(s2)
   11dc8:	6705                	lui	a4,0x1
   11dca:	6784                	ld	s1,8(a5)
   11dcc:	98f1                	andi	s1,s1,-4
   11dce:	7ff48793          	addi	a5,s1,2047
   11dd2:	7e078793          	addi	a5,a5,2016
   11dd6:	40878433          	sub	s0,a5,s0
   11dda:	8031                	srli	s0,s0,0xc
   11ddc:	147d                	addi	s0,s0,-1
   11dde:	0432                	slli	s0,s0,0xc
   11de0:	00e44b63          	blt	s0,a4,11df6 <_malloc_trim_r+0x4c>
   11de4:	4581                	li	a1,0
   11de6:	854e                	mv	a0,s3
   11de8:	d61ff0ef          	jal	11b48 <_sbrk_r>
   11dec:	01093783          	ld	a5,16(s2)
   11df0:	97a6                	add	a5,a5,s1
   11df2:	00f50d63          	beq	a0,a5,11e0c <_malloc_trim_r+0x62>
   11df6:	854e                	mv	a0,s3
   11df8:	9ccff0ef          	jal	10fc4 <__malloc_unlock>
   11dfc:	70a2                	ld	ra,40(sp)
   11dfe:	7402                	ld	s0,32(sp)
   11e00:	64e2                	ld	s1,24(sp)
   11e02:	6942                	ld	s2,16(sp)
   11e04:	69a2                	ld	s3,8(sp)
   11e06:	4501                	li	a0,0
   11e08:	6145                	addi	sp,sp,48
   11e0a:	8082                	ret
   11e0c:	408005b3          	neg	a1,s0
   11e10:	854e                	mv	a0,s3
   11e12:	d37ff0ef          	jal	11b48 <_sbrk_r>
   11e16:	57fd                	li	a5,-1
   11e18:	02f50863          	beq	a0,a5,11e48 <_malloc_trim_r+0x9e>
   11e1c:	01093683          	ld	a3,16(s2)
   11e20:	2b01a783          	lw	a5,688(gp) # 1c598 <__malloc_current_mallinfo>
   11e24:	8c81                	sub	s1,s1,s0
   11e26:	0014e493          	ori	s1,s1,1
   11e2a:	854e                	mv	a0,s3
   11e2c:	9f81                	subw	a5,a5,s0
   11e2e:	e684                	sd	s1,8(a3)
   11e30:	2af1a823          	sw	a5,688(gp) # 1c598 <__malloc_current_mallinfo>
   11e34:	990ff0ef          	jal	10fc4 <__malloc_unlock>
   11e38:	70a2                	ld	ra,40(sp)
   11e3a:	7402                	ld	s0,32(sp)
   11e3c:	64e2                	ld	s1,24(sp)
   11e3e:	6942                	ld	s2,16(sp)
   11e40:	69a2                	ld	s3,8(sp)
   11e42:	4505                	li	a0,1
   11e44:	6145                	addi	sp,sp,48
   11e46:	8082                	ret
   11e48:	4581                	li	a1,0
   11e4a:	854e                	mv	a0,s3
   11e4c:	cfdff0ef          	jal	11b48 <_sbrk_r>
   11e50:	01093703          	ld	a4,16(s2)
   11e54:	46fd                	li	a3,31
   11e56:	40e507b3          	sub	a5,a0,a4
   11e5a:	f8f6dee3          	bge	a3,a5,11df6 <_malloc_trim_r+0x4c>
   11e5e:	2181b603          	ld	a2,536(gp) # 1c500 <__malloc_sbrk_base>
   11e62:	0017e793          	ori	a5,a5,1
   11e66:	8d11                	sub	a0,a0,a2
   11e68:	e71c                	sd	a5,8(a4)
   11e6a:	2aa1a823          	sw	a0,688(gp) # 1c598 <__malloc_current_mallinfo>
   11e6e:	b761                	j	11df6 <_malloc_trim_r+0x4c>

0000000000011e70 <_free_r>:
   11e70:	c1ed                	beqz	a1,11f52 <_free_r+0xe2>
   11e72:	1101                	addi	sp,sp,-32
   11e74:	e822                	sd	s0,16(sp)
   11e76:	e42e                	sd	a1,8(sp)
   11e78:	842a                	mv	s0,a0
   11e7a:	ec06                	sd	ra,24(sp)
   11e7c:	946ff0ef          	jal	10fc2 <__malloc_lock>
   11e80:	65a2                	ld	a1,8(sp)
   11e82:	6871                	lui	a6,0x1c
   11e84:	95080813          	addi	a6,a6,-1712 # 1b950 <__malloc_av_>
   11e88:	ff85b503          	ld	a0,-8(a1)
   11e8c:	ff058713          	addi	a4,a1,-16
   11e90:	01083883          	ld	a7,16(a6)
   11e94:	ffe57793          	andi	a5,a0,-2
   11e98:	00f70633          	add	a2,a4,a5
   11e9c:	6614                	ld	a3,8(a2)
   11e9e:	00157313          	andi	t1,a0,1
   11ea2:	9af1                	andi	a3,a3,-4
   11ea4:	12c88463          	beq	a7,a2,11fcc <_free_r+0x15c>
   11ea8:	e614                	sd	a3,8(a2)
   11eaa:	00d608b3          	add	a7,a2,a3
   11eae:	0088b883          	ld	a7,8(a7)
   11eb2:	0018f893          	andi	a7,a7,1
   11eb6:	06031a63          	bnez	t1,11f2a <_free_r+0xba>
   11eba:	ff05b303          	ld	t1,-16(a1)
   11ebe:	65f1                	lui	a1,0x1c
   11ec0:	96058593          	addi	a1,a1,-1696 # 1b960 <__malloc_av_+0x10>
   11ec4:	40670733          	sub	a4,a4,t1
   11ec8:	6b08                	ld	a0,16(a4)
   11eca:	979a                	add	a5,a5,t1
   11ecc:	0eb50363          	beq	a0,a1,11fb2 <_free_r+0x142>
   11ed0:	01873303          	ld	t1,24(a4) # 1018 <exit-0xf108>
   11ed4:	00653c23          	sd	t1,24(a0)
   11ed8:	00a33823          	sd	a0,16(t1)
   11edc:	12088263          	beqz	a7,12000 <_free_r+0x190>
   11ee0:	0017e693          	ori	a3,a5,1
   11ee4:	e714                	sd	a3,8(a4)
   11ee6:	e21c                	sd	a5,0(a2)
   11ee8:	1ff00693          	li	a3,511
   11eec:	06f6ed63          	bltu	a3,a5,11f66 <_free_r+0xf6>
   11ef0:	838d                	srli	a5,a5,0x3
   11ef2:	00179693          	slli	a3,a5,0x1
   11ef6:	2689                	addiw	a3,a3,2
   11ef8:	068e                	slli	a3,a3,0x3
   11efa:	00883503          	ld	a0,8(a6)
   11efe:	96c2                	add	a3,a3,a6
   11f00:	628c                	ld	a1,0(a3)
   11f02:	4027d61b          	sraiw	a2,a5,0x2
   11f06:	4785                	li	a5,1
   11f08:	00c797b3          	sll	a5,a5,a2
   11f0c:	8fc9                	or	a5,a5,a0
   11f0e:	ff068613          	addi	a2,a3,-16
   11f12:	eb0c                	sd	a1,16(a4)
   11f14:	ef10                	sd	a2,24(a4)
   11f16:	00f83423          	sd	a5,8(a6)
   11f1a:	e298                	sd	a4,0(a3)
   11f1c:	ed98                	sd	a4,24(a1)
   11f1e:	8522                	mv	a0,s0
   11f20:	6442                	ld	s0,16(sp)
   11f22:	60e2                	ld	ra,24(sp)
   11f24:	6105                	addi	sp,sp,32
   11f26:	89eff06f          	j	10fc4 <__malloc_unlock>
   11f2a:	02089563          	bnez	a7,11f54 <_free_r+0xe4>
   11f2e:	65f1                	lui	a1,0x1c
   11f30:	97b6                	add	a5,a5,a3
   11f32:	96058593          	addi	a1,a1,-1696 # 1b960 <__malloc_av_+0x10>
   11f36:	6a14                	ld	a3,16(a2)
   11f38:	0017e893          	ori	a7,a5,1
   11f3c:	00f70533          	add	a0,a4,a5
   11f40:	10b68063          	beq	a3,a1,12040 <_free_r+0x1d0>
   11f44:	6e10                	ld	a2,24(a2)
   11f46:	ee90                	sd	a2,24(a3)
   11f48:	ea14                	sd	a3,16(a2)
   11f4a:	01173423          	sd	a7,8(a4)
   11f4e:	e11c                	sd	a5,0(a0)
   11f50:	bf61                	j	11ee8 <_free_r+0x78>
   11f52:	8082                	ret
   11f54:	00156513          	ori	a0,a0,1
   11f58:	fea5bc23          	sd	a0,-8(a1)
   11f5c:	e21c                	sd	a5,0(a2)
   11f5e:	1ff00693          	li	a3,511
   11f62:	f8f6f7e3          	bgeu	a3,a5,11ef0 <_free_r+0x80>
   11f66:	0097d693          	srli	a3,a5,0x9
   11f6a:	4611                	li	a2,4
   11f6c:	08d66c63          	bltu	a2,a3,12004 <_free_r+0x194>
   11f70:	0067d693          	srli	a3,a5,0x6
   11f74:	00169593          	slli	a1,a3,0x1
   11f78:	0725859b          	addiw	a1,a1,114
   11f7c:	058e                	slli	a1,a1,0x3
   11f7e:	0386861b          	addiw	a2,a3,56
   11f82:	95c2                	add	a1,a1,a6
   11f84:	6194                	ld	a3,0(a1)
   11f86:	15c1                	addi	a1,a1,-16
   11f88:	00d59663          	bne	a1,a3,11f94 <_free_r+0x124>
   11f8c:	a0e1                	j	12054 <_free_r+0x1e4>
   11f8e:	6a94                	ld	a3,16(a3)
   11f90:	00d58663          	beq	a1,a3,11f9c <_free_r+0x12c>
   11f94:	6690                	ld	a2,8(a3)
   11f96:	9a71                	andi	a2,a2,-4
   11f98:	fec7ebe3          	bltu	a5,a2,11f8e <_free_r+0x11e>
   11f9c:	6e8c                	ld	a1,24(a3)
   11f9e:	ef0c                	sd	a1,24(a4)
   11fa0:	eb14                	sd	a3,16(a4)
   11fa2:	8522                	mv	a0,s0
   11fa4:	6442                	ld	s0,16(sp)
   11fa6:	60e2                	ld	ra,24(sp)
   11fa8:	e998                	sd	a4,16(a1)
   11faa:	ee98                	sd	a4,24(a3)
   11fac:	6105                	addi	sp,sp,32
   11fae:	816ff06f          	j	10fc4 <__malloc_unlock>
   11fb2:	06089a63          	bnez	a7,12026 <_free_r+0x1b6>
   11fb6:	6e0c                	ld	a1,24(a2)
   11fb8:	6a10                	ld	a2,16(a2)
   11fba:	96be                	add	a3,a3,a5
   11fbc:	0016e793          	ori	a5,a3,1
   11fc0:	ee0c                	sd	a1,24(a2)
   11fc2:	e990                	sd	a2,16(a1)
   11fc4:	e71c                	sd	a5,8(a4)
   11fc6:	9736                	add	a4,a4,a3
   11fc8:	e314                	sd	a3,0(a4)
   11fca:	bf91                	j	11f1e <_free_r+0xae>
   11fcc:	96be                	add	a3,a3,a5
   11fce:	00031a63          	bnez	t1,11fe2 <_free_r+0x172>
   11fd2:	ff05b783          	ld	a5,-16(a1)
   11fd6:	8f1d                	sub	a4,a4,a5
   11fd8:	6b10                	ld	a2,16(a4)
   11fda:	96be                	add	a3,a3,a5
   11fdc:	6f1c                	ld	a5,24(a4)
   11fde:	ee1c                	sd	a5,24(a2)
   11fe0:	eb90                	sd	a2,16(a5)
   11fe2:	0016e613          	ori	a2,a3,1
   11fe6:	2201b783          	ld	a5,544(gp) # 1c508 <__malloc_trim_threshold>
   11fea:	e710                	sd	a2,8(a4)
   11fec:	00e83823          	sd	a4,16(a6)
   11ff0:	f2f6e7e3          	bltu	a3,a5,11f1e <_free_r+0xae>
   11ff4:	2481b583          	ld	a1,584(gp) # 1c530 <__malloc_top_pad>
   11ff8:	8522                	mv	a0,s0
   11ffa:	db1ff0ef          	jal	11daa <_malloc_trim_r>
   11ffe:	b705                	j	11f1e <_free_r+0xae>
   12000:	97b6                	add	a5,a5,a3
   12002:	bf15                	j	11f36 <_free_r+0xc6>
   12004:	4651                	li	a2,20
   12006:	02d67563          	bgeu	a2,a3,12030 <_free_r+0x1c0>
   1200a:	05400613          	li	a2,84
   1200e:	04d66e63          	bltu	a2,a3,1206a <_free_r+0x1fa>
   12012:	00c7d693          	srli	a3,a5,0xc
   12016:	00169593          	slli	a1,a3,0x1
   1201a:	0de5859b          	addiw	a1,a1,222
   1201e:	058e                	slli	a1,a1,0x3
   12020:	06e6861b          	addiw	a2,a3,110
   12024:	bfb9                	j	11f82 <_free_r+0x112>
   12026:	0017e693          	ori	a3,a5,1
   1202a:	e714                	sd	a3,8(a4)
   1202c:	e21c                	sd	a5,0(a2)
   1202e:	bdc5                	j	11f1e <_free_r+0xae>
   12030:	00169593          	slli	a1,a3,0x1
   12034:	0b85859b          	addiw	a1,a1,184
   12038:	058e                	slli	a1,a1,0x3
   1203a:	05b6861b          	addiw	a2,a3,91
   1203e:	b791                	j	11f82 <_free_r+0x112>
   12040:	02e83423          	sd	a4,40(a6)
   12044:	02e83023          	sd	a4,32(a6)
   12048:	ef0c                	sd	a1,24(a4)
   1204a:	eb0c                	sd	a1,16(a4)
   1204c:	01173423          	sd	a7,8(a4)
   12050:	e11c                	sd	a5,0(a0)
   12052:	b5f1                	j	11f1e <_free_r+0xae>
   12054:	00883503          	ld	a0,8(a6)
   12058:	4026561b          	sraiw	a2,a2,0x2
   1205c:	4785                	li	a5,1
   1205e:	00c797b3          	sll	a5,a5,a2
   12062:	8fc9                	or	a5,a5,a0
   12064:	00f83423          	sd	a5,8(a6)
   12068:	bf1d                	j	11f9e <_free_r+0x12e>
   1206a:	15400613          	li	a2,340
   1206e:	00d66c63          	bltu	a2,a3,12086 <_free_r+0x216>
   12072:	00f7d693          	srli	a3,a5,0xf
   12076:	00169593          	slli	a1,a3,0x1
   1207a:	0f05859b          	addiw	a1,a1,240
   1207e:	058e                	slli	a1,a1,0x3
   12080:	0776861b          	addiw	a2,a3,119
   12084:	bdfd                	j	11f82 <_free_r+0x112>
   12086:	55400613          	li	a2,1364
   1208a:	00d66c63          	bltu	a2,a3,120a2 <_free_r+0x232>
   1208e:	0127d693          	srli	a3,a5,0x12
   12092:	00169593          	slli	a1,a3,0x1
   12096:	0fa5859b          	addiw	a1,a1,250
   1209a:	058e                	slli	a1,a1,0x3
   1209c:	07c6861b          	addiw	a2,a3,124
   120a0:	b5cd                	j	11f82 <_free_r+0x112>
   120a2:	7f000593          	li	a1,2032
   120a6:	07e00613          	li	a2,126
   120aa:	bde1                	j	11f82 <_free_r+0x112>

00000000000120ac <_vfprintf_r>:
   120ac:	db010113          	addi	sp,sp,-592
   120b0:	24113423          	sd	ra,584(sp)
   120b4:	24813023          	sd	s0,576(sp)
   120b8:	22913c23          	sd	s1,568(sp)
   120bc:	21613823          	sd	s6,528(sp)
   120c0:	ec36                	sd	a3,24(sp)
   120c2:	8b32                	mv	s6,a2
   120c4:	84ae                	mv	s1,a1
   120c6:	842a                	mv	s0,a0
   120c8:	e02a                	sd	a0,0(sp)
   120ca:	1dd020ef          	jal	14aa6 <_localeconv_r>
   120ce:	611c                	ld	a5,0(a0)
   120d0:	853e                	mv	a0,a5
   120d2:	e8be                	sd	a5,80(sp)
   120d4:	401020ef          	jal	14cd4 <strlen>
   120d8:	e4aa                	sd	a0,72(sp)
   120da:	e982                	sd	zero,208(sp)
   120dc:	ed82                	sd	zero,216(sp)
   120de:	c409                	beqz	s0,120e8 <_vfprintf_r+0x3c>
   120e0:	643c                	ld	a5,72(s0)
   120e2:	e399                	bnez	a5,120e8 <_vfprintf_r+0x3c>
   120e4:	3c20106f          	j	134a6 <_vfprintf_r+0x13fa>
   120e8:	01049783          	lh	a5,16(s1)
   120ec:	0ac4a703          	lw	a4,172(s1)
   120f0:	6609                	lui	a2,0x2
   120f2:	03279693          	slli	a3,a5,0x32
   120f6:	2606cb63          	bltz	a3,1236c <_vfprintf_r+0x2c0>
   120fa:	76f9                	lui	a3,0xffffe
   120fc:	8fd1                	or	a5,a5,a2
   120fe:	16fd                	addi	a3,a3,-1 # ffffffffffffdfff <__BSS_END__+0xfffffffffffe1517>
   12100:	8f75                	and	a4,a4,a3
   12102:	00f49823          	sh	a5,16(s1)
   12106:	0107979b          	slliw	a5,a5,0x10
   1210a:	4107d79b          	sraiw	a5,a5,0x10
   1210e:	0ae4a623          	sw	a4,172(s1)
   12112:	0087f713          	andi	a4,a5,8
   12116:	20070763          	beqz	a4,12324 <_vfprintf_r+0x278>
   1211a:	6c98                	ld	a4,24(s1)
   1211c:	20070463          	beqz	a4,12324 <_vfprintf_r+0x278>
   12120:	8be9                	andi	a5,a5,26
   12122:	4729                	li	a4,10
   12124:	20e78b63          	beq	a5,a4,1233a <_vfprintf_r+0x28e>
   12128:	67e9                	lui	a5,0x1a
   1212a:	23313423          	sd	s3,552(sp)
   1212e:	23413023          	sd	s4,544(sp)
   12132:	16010993          	addi	s3,sp,352
   12136:	6a69                	lui	s4,0x1a
   12138:	4bc78793          	addi	a5,a5,1212 # 1a4bc <_ctype_+0x104>
   1213c:	21713423          	sd	s7,520(sp)
   12140:	ffe6                	sd	s9,504(sp)
   12142:	23213823          	sd	s2,560(sp)
   12146:	21513c23          	sd	s5,536(sp)
   1214a:	21813023          	sd	s8,512(sp)
   1214e:	fbea                	sd	s10,496(sp)
   12150:	f7ee                	sd	s11,488(sp)
   12152:	f982                	sd	zero,240(sp)
   12154:	d582                	sw	zero,232(sp)
   12156:	f1ce                	sd	s3,224(sp)
   12158:	8bce                	mv	s7,s3
   1215a:	f43e                	sd	a5,40(sp)
   1215c:	628a0a13          	addi	s4,s4,1576 # 1a628 <zeroes.0>
   12160:	f802                	sd	zero,48(sp)
   12162:	f482                	sd	zero,104(sp)
   12164:	fc82                	sd	zero,120(sp)
   12166:	e502                	sd	zero,136(sp)
   12168:	f882                	sd	zero,112(sp)
   1216a:	e802                	sd	zero,16(sp)
   1216c:	4441                	li	s0,16
   1216e:	8cda                	mv	s9,s6
   12170:	e426                	sd	s1,8(sp)
   12172:	cc517057          	vsetivli	zero,2,e8,mf8,ta,ma
   12176:	000cc703          	lbu	a4,0(s9)
   1217a:	8966                	mv	s2,s9
   1217c:	fdb70793          	addi	a5,a4,-37
   12180:	0007069b          	sext.w	a3,a4
   12184:	c7a1                	beqz	a5,121cc <_vfprintf_r+0x120>
   12186:	c2b9                	beqz	a3,121cc <_vfprintf_r+0x120>
   12188:	8aca                	mv	s5,s2
   1218a:	00194703          	lbu	a4,1(s2)
   1218e:	0905                	addi	s2,s2,1
   12190:	0007079b          	sext.w	a5,a4
   12194:	c701                	beqz	a4,1219c <_vfprintf_r+0xf0>
   12196:	fdb78793          	addi	a5,a5,-37
   1219a:	f7fd                	bnez	a5,12188 <_vfprintf_r+0xdc>
   1219c:	41990b3b          	subw	s6,s2,s9
   121a0:	020b0663          	beqz	s6,121cc <_vfprintf_r+0x120>
   121a4:	774e                	ld	a4,240(sp)
   121a6:	57ae                	lw	a5,232(sp)
   121a8:	019bb023          	sd	s9,0(s7)
   121ac:	975a                	add	a4,a4,s6
   121ae:	2785                	addiw	a5,a5,1
   121b0:	016bb423          	sd	s6,8(s7)
   121b4:	f9ba                	sd	a4,240(sp)
   121b6:	d5be                	sw	a5,232(sp)
   121b8:	471d                	li	a4,7
   121ba:	0bc1                	addi	s7,s7,16
   121bc:	18f74c63          	blt	a4,a5,12354 <_vfprintf_r+0x2a8>
   121c0:	67c2                	ld	a5,16(sp)
   121c2:	001ac703          	lbu	a4,1(s5)
   121c6:	016787bb          	addw	a5,a5,s6
   121ca:	e83e                	sd	a5,16(sp)
   121cc:	e319                	bnez	a4,121d2 <_vfprintf_r+0x126>
   121ce:	36a0106f          	j	13538 <_vfprintf_r+0x148c>
   121d2:	00194303          	lbu	t1,1(s2)
   121d6:	00190c93          	addi	s9,s2,1
   121da:	0a0103a3          	sb	zero,167(sp)
   121de:	5afd                	li	s5,-1
   121e0:	4d01                	li	s10,0
   121e2:	05a00913          	li	s2,90
   121e6:	4481                	li	s1,0
   121e8:	0c85                	addi	s9,s9,1
   121ea:	00030d9b          	sext.w	s11,t1
   121ee:	fe0d879b          	addiw	a5,s11,-32
   121f2:	04f96363          	bltu	s2,a5,12238 <_vfprintf_r+0x18c>
   121f6:	02079713          	slli	a4,a5,0x20
   121fa:	01e75793          	srli	a5,a4,0x1e
   121fe:	7722                	ld	a4,40(sp)
   12200:	97ba                	add	a5,a5,a4
   12202:	439c                	lw	a5,0(a5)
   12204:	8782                	jr	a5
   12206:	4d01                	li	s10,0
   12208:	46a5                	li	a3,9
   1220a:	002d179b          	slliw	a5,s10,0x2
   1220e:	0c85                	addi	s9,s9,1
   12210:	01a78d3b          	addw	s10,a5,s10
   12214:	fffcc783          	lbu	a5,-1(s9)
   12218:	fd0d8d9b          	addiw	s11,s11,-48
   1221c:	001d1d1b          	slliw	s10,s10,0x1
   12220:	fd07871b          	addiw	a4,a5,-48
   12224:	01ad8d3b          	addw	s10,s11,s10
   12228:	00078d9b          	sext.w	s11,a5
   1222c:	fce6ffe3          	bgeu	a3,a4,1220a <_vfprintf_r+0x15e>
   12230:	fe0d879b          	addiw	a5,s11,-32
   12234:	fcf971e3          	bgeu	s2,a5,121f6 <_vfprintf_r+0x14a>
   12238:	8e26                	mv	t3,s1
   1223a:	000d9463          	bnez	s11,12242 <_vfprintf_r+0x196>
   1223e:	2fa0106f          	j	13538 <_vfprintf_r+0x148c>
   12242:	4885                	li	a7,1
   12244:	0fb10c23          	sb	s11,248(sp)
   12248:	0a0103a3          	sb	zero,167(sp)
   1224c:	8846                	mv	a6,a7
   1224e:	f002                	sd	zero,32(sp)
   12250:	4a81                	li	s5,0
   12252:	e082                	sd	zero,64(sp)
   12254:	fc02                	sd	zero,56(sp)
   12256:	4481                	li	s1,0
   12258:	19bc                	addi	a5,sp,248
   1225a:	794e                	ld	s2,240(sp)
   1225c:	084e7b13          	andi	s6,t3,132
   12260:	85ca                	mv	a1,s2
   12262:	6e0b0563          	beqz	s6,1294c <_vfprintf_r+0x8a0>
   12266:	0a714703          	lbu	a4,167(sp)
   1226a:	c339                	beqz	a4,122b0 <_vfprintf_r+0x204>
   1226c:	562e                	lw	a2,232(sp)
   1226e:	4381                	li	t2,0
   12270:	0a710713          	addi	a4,sp,167
   12274:	00ebb023          	sd	a4,0(s7)
   12278:	0905                	addi	s2,s2,1
   1227a:	4705                	li	a4,1
   1227c:	2605                	addiw	a2,a2,1 # 2001 <exit-0xe11f>
   1227e:	00ebb423          	sd	a4,8(s7)
   12282:	f9ca                	sd	s2,240(sp)
   12284:	d5b2                	sw	a2,232(sp)
   12286:	471d                	li	a4,7
   12288:	0bc1                	addi	s7,s7,16
   1228a:	2ec74363          	blt	a4,a2,12570 <_vfprintf_r+0x4c4>
   1228e:	02038163          	beqz	t2,122b0 <_vfprintf_r+0x204>
   12292:	562e                	lw	a2,232(sp)
   12294:	1138                	addi	a4,sp,168
   12296:	00ebb023          	sd	a4,0(s7)
   1229a:	0909                	addi	s2,s2,2
   1229c:	4709                	li	a4,2
   1229e:	2605                	addiw	a2,a2,1
   122a0:	00ebb423          	sd	a4,8(s7)
   122a4:	f9ca                	sd	s2,240(sp)
   122a6:	d5b2                	sw	a2,232(sp)
   122a8:	471d                	li	a4,7
   122aa:	0bc1                	addi	s7,s7,16
   122ac:	32c744e3          	blt	a4,a2,12dd4 <_vfprintf_r+0xd28>
   122b0:	08000713          	li	a4,128
   122b4:	12eb02e3          	beq	s6,a4,12bd8 <_vfprintf_r+0xb2c>
   122b8:	411a8abb          	subw	s5,s5,a7
   122bc:	6b504463          	bgtz	s5,12964 <_vfprintf_r+0x8b8>
   122c0:	100e7713          	andi	a4,t3,256
   122c4:	74071b63          	bnez	a4,12a1a <_vfprintf_r+0x96e>
   122c8:	00fbb023          	sd	a5,0(s7)
   122cc:	57ae                	lw	a5,232(sp)
   122ce:	9946                	add	s2,s2,a7
   122d0:	f9ca                	sd	s2,240(sp)
   122d2:	2785                	addiw	a5,a5,1
   122d4:	011bb423          	sd	a7,8(s7)
   122d8:	471d                	li	a4,7
   122da:	d5be                	sw	a5,232(sp)
   122dc:	2ef74063          	blt	a4,a5,125bc <_vfprintf_r+0x510>
   122e0:	0bc1                	addi	s7,s7,16
   122e2:	004e7f13          	andi	t5,t3,4
   122e6:	000f0663          	beqz	t5,122f2 <_vfprintf_r+0x246>
   122ea:	410d0abb          	subw	s5,s10,a6
   122ee:	315047e3          	bgtz	s5,12dfc <_vfprintf_r+0xd50>
   122f2:	87ea                	mv	a5,s10
   122f4:	010d5363          	bge	s10,a6,122fa <_vfprintf_r+0x24e>
   122f8:	87c2                	mv	a5,a6
   122fa:	6742                	ld	a4,16(sp)
   122fc:	9fb9                	addw	a5,a5,a4
   122fe:	e83e                	sd	a5,16(sp)
   12300:	18091ce3          	bnez	s2,12c98 <_vfprintf_r+0xbec>
   12304:	7782                	ld	a5,32(sp)
   12306:	d582                	sw	zero,232(sp)
   12308:	c799                	beqz	a5,12316 <_vfprintf_r+0x26a>
   1230a:	7582                	ld	a1,32(sp)
   1230c:	6502                	ld	a0,0(sp)
   1230e:	b63ff0ef          	jal	11e70 <_free_r>
   12312:	cc517057          	vsetivli	zero,2,e8,mf8,ta,ma
   12316:	8bce                	mv	s7,s3
   12318:	bdb9                	j	12176 <_vfprintf_r+0xca>
   1231a:	000cc303          	lbu	t1,0(s9)
   1231e:	0104e493          	ori	s1,s1,16
   12322:	b5d9                	j	121e8 <_vfprintf_r+0x13c>
   12324:	6502                	ld	a0,0(sp)
   12326:	85a6                	mv	a1,s1
   12328:	56e020ef          	jal	14896 <__swsetup_r>
   1232c:	e521                	bnez	a0,12374 <_vfprintf_r+0x2c8>
   1232e:	01049783          	lh	a5,16(s1)
   12332:	4729                	li	a4,10
   12334:	8be9                	andi	a5,a5,26
   12336:	dee799e3          	bne	a5,a4,12128 <_vfprintf_r+0x7c>
   1233a:	01249783          	lh	a5,18(s1)
   1233e:	de07c5e3          	bltz	a5,12128 <_vfprintf_r+0x7c>
   12342:	66e2                	ld	a3,24(sp)
   12344:	6502                	ld	a0,0(sp)
   12346:	865a                	mv	a2,s6
   12348:	85a6                	mv	a1,s1
   1234a:	661010ef          	jal	141aa <__sbprintf>
   1234e:	e82a                	sd	a0,16(sp)
   12350:	26d0006f          	j	12dbc <_vfprintf_r+0xd10>
   12354:	65a2                	ld	a1,8(sp)
   12356:	6502                	ld	a0,0(sp)
   12358:	1190                	addi	a2,sp,224
   1235a:	6e3010ef          	jal	1423c <__sprint_r>
   1235e:	c119                	beqz	a0,12364 <_vfprintf_r+0x2b8>
   12360:	4310106f          	j	13f90 <_vfprintf_r+0x1ee4>
   12364:	8bce                	mv	s7,s3
   12366:	cc517057          	vsetivli	zero,2,e8,mf8,ta,ma
   1236a:	bd99                	j	121c0 <_vfprintf_r+0x114>
   1236c:	03271693          	slli	a3,a4,0x32
   12370:	da06d1e3          	bgez	a3,12112 <_vfprintf_r+0x66>
   12374:	57fd                	li	a5,-1
   12376:	e83e                	sd	a5,16(sp)
   12378:	2450006f          	j	12dbc <_vfprintf_r+0xd10>
   1237c:	0084f793          	andi	a5,s1,8
   12380:	8e26                	mv	t3,s1
   12382:	580793e3          	bnez	a5,13108 <_vfprintf_r+0x105c>
   12386:	f026                	sd	s1,32(sp)
   12388:	64e2                	ld	s1,24(sp)
   1238a:	2088                	fld	fa0,0(s1)
   1238c:	3d5070ef          	jal	19f60 <__extenddftf2>
   12390:	7e02                	ld	t3,32(sp)
   12392:	00848793          	addi	a5,s1,8
   12396:	ec3e                	sd	a5,24(sp)
   12398:	e9aa                	sd	a0,208(sp)
   1239a:	0988                	addi	a0,sp,208
   1239c:	f072                	sd	t3,32(sp)
   1239e:	edae                	sd	a1,216(sp)
   123a0:	445020ef          	jal	14fe4 <_ldcheck>
   123a4:	d92a                	sw	a0,176(sp)
   123a6:	4789                	li	a5,2
   123a8:	7e02                	ld	t3,32(sp)
   123aa:	00f51463          	bne	a0,a5,123b2 <_vfprintf_r+0x306>
   123ae:	1460106f          	j	134f4 <_vfprintf_r+0x1448>
   123b2:	4785                	li	a5,1
   123b4:	00f51463          	bne	a0,a5,123bc <_vfprintf_r+0x310>
   123b8:	2300106f          	j	135e8 <_vfprintf_r+0x153c>
   123bc:	fdfdf913          	andi	s2,s11,-33
   123c0:	04100793          	li	a5,65
   123c4:	00f90463          	beq	s2,a5,123cc <_vfprintf_r+0x320>
   123c8:	25a0106f          	j	13622 <_vfprintf_r+0x1576>
   123cc:	03000793          	li	a5,48
   123d0:	0af10423          	sb	a5,168(sp)
   123d4:	06100713          	li	a4,97
   123d8:	05800793          	li	a5,88
   123dc:	00ed9463          	bne	s11,a4,123e4 <_vfprintf_r+0x338>
   123e0:	5ce0106f          	j	139ae <_vfprintf_r+0x1902>
   123e4:	0af104a3          	sb	a5,169(sp)
   123e8:	06300793          	li	a5,99
   123ec:	0157d463          	bge	a5,s5,123f4 <_vfprintf_r+0x348>
   123f0:	58a0106f          	j	1397a <_vfprintf_r+0x18ce>
   123f4:	65ee                	ld	a1,216(sp)
   123f6:	654e                	ld	a0,208(sp)
   123f8:	0005d463          	bgez	a1,12400 <_vfprintf_r+0x354>
   123fc:	2c70106f          	j	13ec2 <_vfprintf_r+0x1e16>
   12400:	ec82                	sd	zero,88(sp)
   12402:	f002                	sd	zero,32(sp)
   12404:	19bc                	addi	a5,sp,248
   12406:	f83e                	sd	a5,48(sp)
   12408:	1910                	addi	a2,sp,176
   1240a:	002e6793          	ori	a5,t3,2
   1240e:	fc3e                	sd	a5,56(sp)
   12410:	15f020ef          	jal	14d6e <frexpl>
   12414:	00fff6b7          	lui	a3,0xfff
   12418:	169a                	slli	a3,a3,0x26
   1241a:	4601                	li	a2,0
   1241c:	3f1060ef          	jal	1900c <__multf3>
   12420:	4601                	li	a2,0
   12422:	4681                	li	a3,0
   12424:	84aa                	mv	s1,a0
   12426:	892e                	mv	s2,a1
   12428:	1d1060ef          	jal	18df8 <__eqtf2>
   1242c:	77c2                	ld	a5,48(sp)
   1242e:	e119                	bnez	a0,12434 <_vfprintf_r+0x388>
   12430:	4705                	li	a4,1
   12432:	d93a                	sw	a4,176(sp)
   12434:	06100713          	li	a4,97
   12438:	00ed9463          	bne	s11,a4,12440 <_vfprintf_r+0x394>
   1243c:	4470106f          	j	14082 <_vfprintf_r+0x1fd6>
   12440:	6769                	lui	a4,0x1a
   12442:	17870713          	addi	a4,a4,376 # 1a178 <__clzdi2+0x154>
   12446:	f83a                	sd	a4,48(sp)
   12448:	e0de                	sd	s7,64(sp)
   1244a:	f0e6                	sd	s9,96(sp)
   1244c:	7bc2                	ld	s7,48(sp)
   1244e:	8b3e                	mv	s6,a5
   12450:	8cbe                	mv	s9,a5
   12452:	a809                	j	12464 <_vfprintf_r+0x3b8>
   12454:	4601                	li	a2,0
   12456:	4681                	li	a3,0
   12458:	1a1060ef          	jal	18df8 <__eqtf2>
   1245c:	e119                	bnez	a0,12462 <_vfprintf_r+0x3b6>
   1245e:	3430106f          	j	13fa0 <_vfprintf_r+0x1ef4>
   12462:	3afd                	addiw	s5,s5,-1
   12464:	040036b7          	lui	a3,0x4003
   12468:	1692                	slli	a3,a3,0x24
   1246a:	4601                	li	a2,0
   1246c:	8526                	mv	a0,s1
   1246e:	85ca                	mv	a1,s2
   12470:	39d060ef          	jal	1900c <__multf3>
   12474:	84ae                	mv	s1,a1
   12476:	892a                	mv	s2,a0
   12478:	209070ef          	jal	19e80 <__fixtfsi>
   1247c:	00050c1b          	sext.w	s8,a0
   12480:	8562                	mv	a0,s8
   12482:	28d070ef          	jal	19f0e <__floatsitf>
   12486:	862a                	mv	a2,a0
   12488:	86ae                	mv	a3,a1
   1248a:	854a                	mv	a0,s2
   1248c:	85a6                	mv	a1,s1
   1248e:	192070ef          	jal	19620 <__subtf3>
   12492:	018b86b3          	add	a3,s7,s8
   12496:	0006c683          	lbu	a3,0(a3) # 4003000 <__BSS_END__+0x3fe6518>
   1249a:	865a                	mv	a2,s6
   1249c:	84aa                	mv	s1,a0
   1249e:	00db0023          	sb	a3,0(s6)
   124a2:	0b05                	addi	s6,s6,1
   124a4:	892e                	mv	s2,a1
   124a6:	fa0a97e3          	bnez	s5,12454 <_vfprintf_r+0x3a8>
   124aa:	01fff6b7          	lui	a3,0x1fff
   124ae:	875a                	mv	a4,s6
   124b0:	84b2                	mv	s1,a2
   124b2:	1696                	slli	a3,a3,0x25
   124b4:	4601                	li	a2,0
   124b6:	6b86                	ld	s7,64(sp)
   124b8:	8b62                	mv	s6,s8
   124ba:	e0e6                	sd	s9,64(sp)
   124bc:	8aaa                	mv	s5,a0
   124be:	8c3a                	mv	s8,a4
   124c0:	1e1060ef          	jal	18ea0 <__getf2>
   124c4:	7c86                	ld	s9,96(sp)
   124c6:	6786                	ld	a5,64(sp)
   124c8:	00a04f63          	bgtz	a0,124e6 <_vfprintf_r+0x43a>
   124cc:	01fff6b7          	lui	a3,0x1fff
   124d0:	8556                	mv	a0,s5
   124d2:	85ca                	mv	a1,s2
   124d4:	1696                	slli	a3,a3,0x25
   124d6:	4601                	li	a2,0
   124d8:	121060ef          	jal	18df8 <__eqtf2>
   124dc:	6786                	ld	a5,64(sp)
   124de:	e521                	bnez	a0,12526 <_vfprintf_r+0x47a>
   124e0:	001b7713          	andi	a4,s6,1
   124e4:	c329                	beqz	a4,12526 <_vfprintf_r+0x47a>
   124e6:	7742                	ld	a4,48(sp)
   124e8:	e5a6                	sd	s1,200(sp)
   124ea:	fffc4683          	lbu	a3,-1(s8)
   124ee:	00f74603          	lbu	a2,15(a4)
   124f2:	8762                	mv	a4,s8
   124f4:	00d61e63          	bne	a2,a3,12510 <_vfprintf_r+0x464>
   124f8:	03000593          	li	a1,48
   124fc:	feb70fa3          	sb	a1,-1(a4)
   12500:	672e                	ld	a4,200(sp)
   12502:	fff70693          	addi	a3,a4,-1
   12506:	e5b6                	sd	a3,200(sp)
   12508:	fff74683          	lbu	a3,-1(a4)
   1250c:	fec688e3          	beq	a3,a2,124fc <_vfprintf_r+0x450>
   12510:	03900613          	li	a2,57
   12514:	00c69463          	bne	a3,a2,1251c <_vfprintf_r+0x470>
   12518:	4170106f          	j	1412e <_vfprintf_r+0x2082>
   1251c:	2685                	addiw	a3,a3,1 # 1fff001 <__BSS_END__+0x1fe2519>
   1251e:	0ff6f693          	zext.b	a3,a3
   12522:	fed70fa3          	sb	a3,-1(a4)
   12526:	56ca                	lw	a3,176(sp)
   12528:	00fd871b          	addiw	a4,s11,15
   1252c:	0ae10c23          	sb	a4,184(sp)
   12530:	40fc063b          	subw	a2,s8,a5
   12534:	fff6871b          	addiw	a4,a3,-1
   12538:	d93a                	sw	a4,176(sp)
   1253a:	f832                	sd	a2,48(sp)
   1253c:	00075463          	bgez	a4,12544 <_vfprintf_r+0x498>
   12540:	37f0106f          	j	140be <_vfprintf_r+0x2012>
   12544:	02b00693          	li	a3,43
   12548:	0ad10ca3          	sb	a3,185(sp)
   1254c:	46a5                	li	a3,9
   1254e:	00e6d463          	bge	a3,a4,12556 <_vfprintf_r+0x4aa>
   12552:	5b60106f          	j	13b08 <_vfprintf_r+0x1a5c>
   12556:	0ba10693          	addi	a3,sp,186
   1255a:	0307071b          	addiw	a4,a4,48
   1255e:	00e68023          	sb	a4,0(a3)
   12562:	1398                	addi	a4,sp,480
   12564:	8e99                	sub	a3,a3,a4
   12566:	1296871b          	addiw	a4,a3,297
   1256a:	f4ba                	sd	a4,104(sp)
   1256c:	6180106f          	j	13b84 <_vfprintf_r+0x1ad8>
   12570:	65a2                	ld	a1,8(sp)
   12572:	6502                	ld	a0,0(sp)
   12574:	1190                	addi	a2,sp,224
   12576:	ed46                	sd	a7,152(sp)
   12578:	e942                	sd	a6,144(sp)
   1257a:	e172                	sd	t3,128(sp)
   1257c:	f0be                	sd	a5,96(sp)
   1257e:	ec9e                	sd	t2,88(sp)
   12580:	4bd010ef          	jal	1423c <__sprint_r>
   12584:	000511e3          	bnez	a0,12d86 <_vfprintf_r+0xcda>
   12588:	794e                	ld	s2,240(sp)
   1258a:	68ea                	ld	a7,152(sp)
   1258c:	684a                	ld	a6,144(sp)
   1258e:	6e0a                	ld	t3,128(sp)
   12590:	7786                	ld	a5,96(sp)
   12592:	63e6                	ld	t2,88(sp)
   12594:	8bce                	mv	s7,s3
   12596:	cc517057          	vsetivli	zero,2,e8,mf8,ta,ma
   1259a:	b9d5                	j	1228e <_vfprintf_r+0x1e2>
   1259c:	8e4a                	mv	t3,s2
   1259e:	8856                	mv	a6,s5
   125a0:	893a                	mv	s2,a4
   125a2:	8aa6                	mv	s5,s1
   125a4:	86e2                	mv	a3,s8
   125a6:	9956                	add	s2,s2,s5
   125a8:	2785                	addiw	a5,a5,1
   125aa:	f9ca                	sd	s2,240(sp)
   125ac:	d5be                	sw	a5,232(sp)
   125ae:	00dbb023          	sd	a3,0(s7)
   125b2:	015bb423          	sd	s5,8(s7)
   125b6:	471d                	li	a4,7
   125b8:	d2f754e3          	bge	a4,a5,122e0 <_vfprintf_r+0x234>
   125bc:	65a2                	ld	a1,8(sp)
   125be:	6502                	ld	a0,0(sp)
   125c0:	1190                	addi	a2,sp,224
   125c2:	e0c2                	sd	a6,64(sp)
   125c4:	fc72                	sd	t3,56(sp)
   125c6:	477010ef          	jal	1423c <__sprint_r>
   125ca:	7a051e63          	bnez	a0,12d86 <_vfprintf_r+0xcda>
   125ce:	794e                	ld	s2,240(sp)
   125d0:	7e62                	ld	t3,56(sp)
   125d2:	6806                	ld	a6,64(sp)
   125d4:	8bce                	mv	s7,s3
   125d6:	cc517057          	vsetivli	zero,2,e8,mf8,ta,ma
   125da:	b321                	j	122e2 <_vfprintf_r+0x236>
   125dc:	6762                	ld	a4,24(sp)
   125de:	8e26                	mv	t3,s1
   125e0:	4885                	li	a7,1
   125e2:	431c                	lw	a5,0(a4)
   125e4:	0a0103a3          	sb	zero,167(sp)
   125e8:	0ef10c23          	sb	a5,248(sp)
   125ec:	00870793          	addi	a5,a4,8
   125f0:	ec3e                	sd	a5,24(sp)
   125f2:	b9a9                	j	1224c <_vfprintf_r+0x1a0>
   125f4:	6762                	ld	a4,24(sp)
   125f6:	0a0103a3          	sb	zero,167(sp)
   125fa:	8e26                	mv	t3,s1
   125fc:	631c                	ld	a5,0(a4)
   125fe:	00870493          	addi	s1,a4,8
   12602:	4c0784e3          	beqz	a5,132ca <_vfprintf_r+0x121e>
   12606:	740ac4e3          	bltz	s5,1354e <_vfprintf_r+0x14a2>
   1260a:	853e                	mv	a0,a5
   1260c:	8656                	mv	a2,s5
   1260e:	4581                	li	a1,0
   12610:	fc72                	sd	t3,56(sp)
   12612:	ec3e                	sd	a5,24(sp)
   12614:	372020ef          	jal	14986 <memchr>
   12618:	f02a                	sd	a0,32(sp)
   1261a:	0a714703          	lbu	a4,167(sp)
   1261e:	67e2                	ld	a5,24(sp)
   12620:	7e62                	ld	t3,56(sp)
   12622:	e119                	bnez	a0,12628 <_vfprintf_r+0x57c>
   12624:	71a0106f          	j	13d3e <_vfprintf_r+0x1c92>
   12628:	40f508bb          	subw	a7,a0,a5
   1262c:	86c6                	mv	a3,a7
   1262e:	0008d463          	bgez	a7,12636 <_vfprintf_r+0x58a>
   12632:	3100106f          	j	13942 <_vfprintf_r+0x1896>
   12636:	0006881b          	sext.w	a6,a3
   1263a:	c319                	beqz	a4,12640 <_vfprintf_r+0x594>
   1263c:	0016881b          	addiw	a6,a3,1
   12640:	ec26                	sd	s1,24(sp)
   12642:	cc517057          	vsetivli	zero,2,e8,mf8,ta,ma
   12646:	4990006f          	j	132de <_vfprintf_r+0x1232>
   1264a:	6762                	ld	a4,24(sp)
   1264c:	0204f793          	andi	a5,s1,32
   12650:	8e26                	mv	t3,s1
   12652:	0721                	addi	a4,a4,8
   12654:	e7c9                	bnez	a5,126de <_vfprintf_r+0x632>
   12656:	0104f793          	andi	a5,s1,16
   1265a:	c399                	beqz	a5,12660 <_vfprintf_r+0x5b4>
   1265c:	7a80106f          	j	13e04 <_vfprintf_r+0x1d58>
   12660:	66e2                	ld	a3,24(sp)
   12662:	0404f793          	andi	a5,s1,64
   12666:	0006a903          	lw	s2,0(a3)
   1266a:	74078ae3          	beqz	a5,135be <_vfprintf_r+0x1512>
   1266e:	0109191b          	slliw	s2,s2,0x10
   12672:	4109591b          	sraiw	s2,s2,0x10
   12676:	ec3a                	sd	a4,24(sp)
   12678:	87ca                	mv	a5,s2
   1267a:	0607c863          	bltz	a5,126ea <_vfprintf_r+0x63e>
   1267e:	080ac063          	bltz	s5,126fe <_vfprintf_r+0x652>
   12682:	f7fe7e13          	andi	t3,t3,-129
   12686:	06091c63          	bnez	s2,126fe <_vfprintf_r+0x652>
   1268a:	060a9a63          	bnez	s5,126fe <_vfprintf_r+0x652>
   1268e:	0a714503          	lbu	a0,167(sp)
   12692:	740502e3          	beqz	a0,135d6 <_vfprintf_r+0x152a>
   12696:	4801                	li	a6,0
   12698:	4481                	li	s1,0
   1269a:	f002                	sd	zero,32(sp)
   1269c:	4881                	li	a7,0
   1269e:	4a81                	li	s5,0
   126a0:	0afc                	addi	a5,sp,348
   126a2:	2805                	addiw	a6,a6,1
   126a4:	e099                	bnez	s1,126aa <_vfprintf_r+0x5fe>
   126a6:	2d70106f          	j	1417c <_vfprintf_r+0x20d0>
   126aa:	794e                	ld	s2,240(sp)
   126ac:	562e                	lw	a2,232(sp)
   126ae:	084e7b13          	andi	s6,t3,132
   126b2:	2809                	addiw	a6,a6,2
   126b4:	85ca                	mv	a1,s2
   126b6:	86b2                	mv	a3,a2
   126b8:	5e0b0a63          	beqz	s6,12cac <_vfprintf_r+0xc00>
   126bc:	e082                	sd	zero,64(sp)
   126be:	fc02                	sd	zero,56(sp)
   126c0:	4481                	li	s1,0
   126c2:	bc0509e3          	beqz	a0,12294 <_vfprintf_r+0x1e8>
   126c6:	4389                	li	t2,2
   126c8:	b665                	j	12270 <_vfprintf_r+0x1c4>
   126ca:	0204f793          	andi	a5,s1,32
   126ce:	0104ef13          	ori	t5,s1,16
   126d2:	260787e3          	beqz	a5,13140 <_vfprintf_r+0x1094>
   126d6:	67e2                	ld	a5,24(sp)
   126d8:	8e7a                	mv	t3,t5
   126da:	00878713          	addi	a4,a5,8
   126de:	67e2                	ld	a5,24(sp)
   126e0:	ec3a                	sd	a4,24(sp)
   126e2:	639c                	ld	a5,0(a5)
   126e4:	893e                	mv	s2,a5
   126e6:	f807dce3          	bgez	a5,1267e <_vfprintf_r+0x5d2>
   126ea:	02d00793          	li	a5,45
   126ee:	0af103a3          	sb	a5,167(sp)
   126f2:	41200933          	neg	s2,s2
   126f6:	000ac463          	bltz	s5,126fe <_vfprintf_r+0x652>
   126fa:	f7fe7e13          	andi	t3,t3,-129
   126fe:	4c25                	li	s8,9
   12700:	112c6463          	bltu	s8,s2,12808 <_vfprintf_r+0x75c>
   12704:	0309091b          	addiw	s2,s2,48
   12708:	15210da3          	sb	s2,347(sp)
   1270c:	000a881b          	sext.w	a6,s5
   12710:	255052e3          	blez	s5,13154 <_vfprintf_r+0x10a8>
   12714:	0a714503          	lbu	a0,167(sp)
   12718:	4481                	li	s1,0
   1271a:	4885                	li	a7,1
   1271c:	15b10793          	addi	a5,sp,347
   12720:	f002                	sd	zero,32(sp)
   12722:	d149                	beqz	a0,126a4 <_vfprintf_r+0x5f8>
   12724:	2805                	addiw	a6,a6,1
   12726:	bfbd                	j	126a4 <_vfprintf_r+0x5f8>
   12728:	67e2                	ld	a5,24(sp)
   1272a:	0007ad03          	lw	s10,0(a5)
   1272e:	160d57e3          	bgez	s10,1309c <_vfprintf_r+0xff0>
   12732:	67e2                	ld	a5,24(sp)
   12734:	41a00d3b          	negw	s10,s10
   12738:	07a1                	addi	a5,a5,8
   1273a:	ec3e                	sd	a5,24(sp)
   1273c:	000cc303          	lbu	t1,0(s9)
   12740:	0044e493          	ori	s1,s1,4
   12744:	b455                	j	121e8 <_vfprintf_r+0x13c>
   12746:	02b00793          	li	a5,43
   1274a:	000cc303          	lbu	t1,0(s9)
   1274e:	0af103a3          	sb	a5,167(sp)
   12752:	bc59                	j	121e8 <_vfprintf_r+0x13c>
   12754:	000cc303          	lbu	t1,0(s9)
   12758:	0804e493          	ori	s1,s1,128
   1275c:	b471                	j	121e8 <_vfprintf_r+0x13c>
   1275e:	000ccd83          	lbu	s11,0(s9)
   12762:	02a00793          	li	a5,42
   12766:	001c8613          	addi	a2,s9,1
   1276a:	00fd9463          	bne	s11,a5,12772 <_vfprintf_r+0x6c6>
   1276e:	1670106f          	j	140d4 <_vfprintf_r+0x2028>
   12772:	fd0d871b          	addiw	a4,s11,-48
   12776:	45a5                	li	a1,9
   12778:	4681                	li	a3,0
   1277a:	8cb2                	mv	s9,a2
   1277c:	4a81                	li	s5,0
   1277e:	a6e5e8e3          	bltu	a1,a4,121ee <_vfprintf_r+0x142>
   12782:	0026979b          	slliw	a5,a3,0x2
   12786:	00064d83          	lbu	s11,0(a2)
   1278a:	9fb5                	addw	a5,a5,a3
   1278c:	0017979b          	slliw	a5,a5,0x1
   12790:	00e786bb          	addw	a3,a5,a4
   12794:	fd0d871b          	addiw	a4,s11,-48
   12798:	0605                	addi	a2,a2,1
   1279a:	fee5f4e3          	bgeu	a1,a4,12782 <_vfprintf_r+0x6d6>
   1279e:	00068a9b          	sext.w	s5,a3
   127a2:	2a06cce3          	bltz	a3,1325a <_vfprintf_r+0x11ae>
   127a6:	8cb2                	mv	s9,a2
   127a8:	b499                	j	121ee <_vfprintf_r+0x142>
   127aa:	0204f793          	andi	a5,s1,32
   127ae:	0104ef13          	ori	t5,s1,16
   127b2:	eb8d                	bnez	a5,127e4 <_vfprintf_r+0x738>
   127b4:	6762                	ld	a4,24(sp)
   127b6:	0a0103a3          	sb	zero,167(sp)
   127ba:	00073903          	ld	s2,0(a4)
   127be:	00870793          	addi	a5,a4,8
   127c2:	1a0ac2e3          	bltz	s5,13166 <_vfprintf_r+0x10ba>
   127c6:	ec3e                	sd	a5,24(sp)
   127c8:	f7ff7e13          	andi	t3,t5,-129
   127cc:	f20919e3          	bnez	s2,126fe <_vfprintf_r+0x652>
   127d0:	f20a97e3          	bnez	s5,126fe <_vfprintf_r+0x652>
   127d4:	4481                	li	s1,0
   127d6:	aeb5                	j	12b52 <_vfprintf_r+0xaa6>
   127d8:	0204f793          	andi	a5,s1,32
   127dc:	8e26                	mv	t3,s1
   127de:	0e0787e3          	beqz	a5,130cc <_vfprintf_r+0x1020>
   127e2:	8f26                	mv	t5,s1
   127e4:	6762                	ld	a4,24(sp)
   127e6:	0a0103a3          	sb	zero,167(sp)
   127ea:	00073903          	ld	s2,0(a4)
   127ee:	00870793          	addi	a5,a4,8
   127f2:	160acae3          	bltz	s5,13166 <_vfprintf_r+0x10ba>
   127f6:	ec3e                	sd	a5,24(sp)
   127f8:	f7ff7e13          	andi	t3,t5,-129
   127fc:	f00a91e3          	bnez	s5,126fe <_vfprintf_r+0x652>
   12800:	ee091fe3          	bnez	s2,126fe <_vfprintf_r+0x652>
   12804:	4481                	li	s1,0
   12806:	a6b1                	j	12b52 <_vfprintf_r+0xaa6>
   12808:	ccccd7b7          	lui	a5,0xccccd
   1280c:	ccd78793          	addi	a5,a5,-819 # ffffffffcccccccd <__BSS_END__+0xffffffffcccb01e5>
   12810:	02079b13          	slli	s6,a5,0x20
   12814:	15c10893          	addi	a7,sp,348
   12818:	74e6                	ld	s1,120(sp)
   1281a:	9b3e                	add	s6,s6,a5
   1281c:	8646                	mv	a2,a7
   1281e:	4581                	li	a1,0
   12820:	400e7813          	andi	a6,t3,1024
   12824:	a809                	j	12836 <_vfprintf_r+0x78a>
   12826:	874a                	mv	a4,s2
   12828:	03693933          	mulhu	s2,s2,s6
   1282c:	863e                	mv	a2,a5
   1282e:	00395913          	srli	s2,s2,0x3
   12832:	02ec7f63          	bgeu	s8,a4,12870 <_vfprintf_r+0x7c4>
   12836:	036936b3          	mulhu	a3,s2,s6
   1283a:	2585                	addiw	a1,a1,1
   1283c:	fff60793          	addi	a5,a2,-1
   12840:	828d                	srli	a3,a3,0x3
   12842:	00269713          	slli	a4,a3,0x2
   12846:	9736                	add	a4,a4,a3
   12848:	0706                	slli	a4,a4,0x1
   1284a:	40e90733          	sub	a4,s2,a4
   1284e:	0307071b          	addiw	a4,a4,48
   12852:	fee60fa3          	sb	a4,-1(a2)
   12856:	fc0808e3          	beqz	a6,12826 <_vfprintf_r+0x77a>
   1285a:	0004c703          	lbu	a4,0(s1)
   1285e:	f0170693          	addi	a3,a4,-255
   12862:	d2f1                	beqz	a3,12826 <_vfprintf_r+0x77a>
   12864:	fcb711e3          	bne	a4,a1,12826 <_vfprintf_r+0x77a>
   12868:	012c7463          	bgeu	s8,s2,12870 <_vfprintf_r+0x7c4>
   1286c:	4ee0106f          	j	13d5a <_vfprintf_r+0x1cae>
   12870:	fca6                	sd	s1,120(sp)
   12872:	f82e                	sd	a1,48(sp)
   12874:	40f888bb          	subw	a7,a7,a5
   12878:	000a881b          	sext.w	a6,s5
   1287c:	011ad463          	bge	s5,a7,12884 <_vfprintf_r+0x7d8>
   12880:	0008881b          	sext.w	a6,a7
   12884:	0a714503          	lbu	a0,167(sp)
   12888:	4481                	li	s1,0
   1288a:	f002                	sd	zero,32(sp)
   1288c:	bd59                	j	12722 <_vfprintf_r+0x676>
   1288e:	6b02                	ld	s6,0(sp)
   12890:	855a                	mv	a0,s6
   12892:	214020ef          	jal	14aa6 <_localeconv_r>
   12896:	651c                	ld	a5,8(a0)
   12898:	853e                	mv	a0,a5
   1289a:	f8be                	sd	a5,112(sp)
   1289c:	438020ef          	jal	14cd4 <strlen>
   128a0:	87aa                	mv	a5,a0
   128a2:	855a                	mv	a0,s6
   128a4:	e53e                	sd	a5,136(sp)
   128a6:	8b3e                	mv	s6,a5
   128a8:	1fe020ef          	jal	14aa6 <_localeconv_r>
   128ac:	6918                	ld	a4,16(a0)
   128ae:	000cc303          	lbu	t1,0(s9)
   128b2:	fcba                	sd	a4,120(sp)
   128b4:	280b07e3          	beqz	s6,13342 <_vfprintf_r+0x1296>
   128b8:	4e070fe3          	beqz	a4,135b6 <_vfprintf_r+0x150a>
   128bc:	00074783          	lbu	a5,0(a4)
   128c0:	4e0787e3          	beqz	a5,135ae <_vfprintf_r+0x1502>
   128c4:	4004e493          	ori	s1,s1,1024
   128c8:	cc517057          	vsetivli	zero,2,e8,mf8,ta,ma
   128cc:	ba31                	j	121e8 <_vfprintf_r+0x13c>
   128ce:	000cc303          	lbu	t1,0(s9)
   128d2:	0014e493          	ori	s1,s1,1
   128d6:	ba09                	j	121e8 <_vfprintf_r+0x13c>
   128d8:	0a714783          	lbu	a5,167(sp)
   128dc:	000cc303          	lbu	t1,0(s9)
   128e0:	900794e3          	bnez	a5,121e8 <_vfprintf_r+0x13c>
   128e4:	02000793          	li	a5,32
   128e8:	0af103a3          	sb	a5,167(sp)
   128ec:	b8f5                	j	121e8 <_vfprintf_r+0x13c>
   128ee:	000cc303          	lbu	t1,0(s9)
   128f2:	0084e493          	ori	s1,s1,8
   128f6:	b8cd                	j	121e8 <_vfprintf_r+0x13c>
   128f8:	67e2                	ld	a5,24(sp)
   128fa:	0104e813          	ori	a6,s1,16
   128fe:	00878713          	addi	a4,a5,8
   12902:	67e2                	ld	a5,24(sp)
   12904:	6394                	ld	a3,0(a5)
   12906:	ec3a                	sd	a4,24(sp)
   12908:	0a0103a3          	sb	zero,167(sp)
   1290c:	bff87e13          	andi	t3,a6,-1025
   12910:	560acd63          	bltz	s5,12e8a <_vfprintf_r+0xdde>
   12914:	b7f87e13          	andi	t3,a6,-1153
   12918:	560a9963          	bnez	s5,12e8a <_vfprintf_r+0xdde>
   1291c:	56069763          	bnez	a3,12e8a <_vfprintf_r+0xdde>
   12920:	00187813          	andi	a6,a6,1
   12924:	70080b63          	beqz	a6,1303a <_vfprintf_r+0xf8e>
   12928:	794e                	ld	s2,240(sp)
   1292a:	03000793          	li	a5,48
   1292e:	14f10da3          	sb	a5,347(sp)
   12932:	f002                	sd	zero,32(sp)
   12934:	e082                	sd	zero,64(sp)
   12936:	fc02                	sd	zero,56(sp)
   12938:	084e7b13          	andi	s6,t3,132
   1293c:	88c2                	mv	a7,a6
   1293e:	4a81                	li	s5,0
   12940:	4481                	li	s1,0
   12942:	15b10793          	addi	a5,sp,347
   12946:	85ca                	mv	a1,s2
   12948:	900b1fe3          	bnez	s6,12266 <_vfprintf_r+0x1ba>
   1294c:	410d073b          	subw	a4,s10,a6
   12950:	6ee04163          	bgtz	a4,13032 <_vfprintf_r+0xf86>
   12954:	0a714703          	lbu	a4,167(sp)
   12958:	90071ae3          	bnez	a4,1226c <_vfprintf_r+0x1c0>
   1295c:	411a8abb          	subw	s5,s5,a7
   12960:	975050e3          	blez	s5,122c0 <_vfprintf_r+0x214>
   12964:	66e9                	lui	a3,0x1a
   12966:	562e                	lw	a2,232(sp)
   12968:	62868693          	addi	a3,a3,1576 # 1a628 <zeroes.0>
   1296c:	07545463          	bge	s0,s5,129d4 <_vfprintf_r+0x928>
   12970:	85a6                	mv	a1,s1
   12972:	ecbe                	sd	a5,88(sp)
   12974:	84d6                	mv	s1,s5
   12976:	87de                	mv	a5,s7
   12978:	874a                	mv	a4,s2
   1297a:	4b1d                	li	s6,7
   1297c:	8c72                	mv	s8,t3
   1297e:	f0c2                	sd	a6,96(sp)
   12980:	8946                	mv	s2,a7
   12982:	8bd2                	mv	s7,s4
   12984:	8aae                	mv	s5,a1
   12986:	a021                	j	1298e <_vfprintf_r+0x8e2>
   12988:	34c1                	addiw	s1,s1,-16
   1298a:	02945b63          	bge	s0,s1,129c0 <_vfprintf_r+0x914>
   1298e:	0741                	addi	a4,a4,16
   12990:	2605                	addiw	a2,a2,1
   12992:	0147b023          	sd	s4,0(a5)
   12996:	e780                	sd	s0,8(a5)
   12998:	f9ba                	sd	a4,240(sp)
   1299a:	d5b2                	sw	a2,232(sp)
   1299c:	07c1                	addi	a5,a5,16
   1299e:	fecb55e3          	bge	s6,a2,12988 <_vfprintf_r+0x8dc>
   129a2:	65a2                	ld	a1,8(sp)
   129a4:	6502                	ld	a0,0(sp)
   129a6:	1190                	addi	a2,sp,224
   129a8:	095010ef          	jal	1423c <__sprint_r>
   129ac:	3c051d63          	bnez	a0,12d86 <_vfprintf_r+0xcda>
   129b0:	34c1                	addiw	s1,s1,-16
   129b2:	774e                	ld	a4,240(sp)
   129b4:	562e                	lw	a2,232(sp)
   129b6:	87ce                	mv	a5,s3
   129b8:	cc517057          	vsetivli	zero,2,e8,mf8,ta,ma
   129bc:	fc9449e3          	blt	s0,s1,1298e <_vfprintf_r+0x8e2>
   129c0:	86de                	mv	a3,s7
   129c2:	7806                	ld	a6,96(sp)
   129c4:	8bbe                	mv	s7,a5
   129c6:	67e6                	ld	a5,88(sp)
   129c8:	85d6                	mv	a1,s5
   129ca:	88ca                	mv	a7,s2
   129cc:	8aa6                	mv	s5,s1
   129ce:	8e62                	mv	t3,s8
   129d0:	893a                	mv	s2,a4
   129d2:	84ae                	mv	s1,a1
   129d4:	9956                	add	s2,s2,s5
   129d6:	2605                	addiw	a2,a2,1
   129d8:	00dbb023          	sd	a3,0(s7)
   129dc:	015bb423          	sd	s5,8(s7)
   129e0:	f9ca                	sd	s2,240(sp)
   129e2:	d5b2                	sw	a2,232(sp)
   129e4:	471d                	li	a4,7
   129e6:	0bc1                	addi	s7,s7,16
   129e8:	8cc75ce3          	bge	a4,a2,122c0 <_vfprintf_r+0x214>
   129ec:	65a2                	ld	a1,8(sp)
   129ee:	6502                	ld	a0,0(sp)
   129f0:	1190                	addi	a2,sp,224
   129f2:	e946                	sd	a7,144(sp)
   129f4:	e142                	sd	a6,128(sp)
   129f6:	f0f2                	sd	t3,96(sp)
   129f8:	ecbe                	sd	a5,88(sp)
   129fa:	043010ef          	jal	1423c <__sprint_r>
   129fe:	38051463          	bnez	a0,12d86 <_vfprintf_r+0xcda>
   12a02:	7e06                	ld	t3,96(sp)
   12a04:	794e                	ld	s2,240(sp)
   12a06:	68ca                	ld	a7,144(sp)
   12a08:	100e7713          	andi	a4,t3,256
   12a0c:	680a                	ld	a6,128(sp)
   12a0e:	67e6                	ld	a5,88(sp)
   12a10:	8bce                	mv	s7,s3
   12a12:	cc517057          	vsetivli	zero,2,e8,mf8,ta,ma
   12a16:	8a0709e3          	beqz	a4,122c8 <_vfprintf_r+0x21c>
   12a1a:	06500713          	li	a4,101
   12a1e:	2bb75363          	bge	a4,s11,12cc4 <_vfprintf_r+0xc18>
   12a22:	654e                	ld	a0,208(sp)
   12a24:	65ee                	ld	a1,216(sp)
   12a26:	4601                	li	a2,0
   12a28:	4681                	li	a3,0
   12a2a:	e142                	sd	a6,128(sp)
   12a2c:	f0f2                	sd	t3,96(sp)
   12a2e:	ecbe                	sd	a5,88(sp)
   12a30:	3c8060ef          	jal	18df8 <__eqtf2>
   12a34:	67e6                	ld	a5,88(sp)
   12a36:	7e06                	ld	t3,96(sp)
   12a38:	680a                	ld	a6,128(sp)
   12a3a:	48051a63          	bnez	a0,12ece <_vfprintf_r+0xe22>
   12a3e:	57ae                	lw	a5,232(sp)
   12a40:	6769                	lui	a4,0x1a
   12a42:	19870713          	addi	a4,a4,408 # 1a198 <__clzdi2+0x174>
   12a46:	00ebb023          	sd	a4,0(s7)
   12a4a:	0905                	addi	s2,s2,1
   12a4c:	4705                	li	a4,1
   12a4e:	2785                	addiw	a5,a5,1
   12a50:	00ebb423          	sd	a4,8(s7)
   12a54:	f9ca                	sd	s2,240(sp)
   12a56:	d5be                	sw	a5,232(sp)
   12a58:	471d                	li	a4,7
   12a5a:	0bc1                	addi	s7,s7,16
   12a5c:	24f74ae3          	blt	a4,a5,134b0 <_vfprintf_r+0x1404>
   12a60:	57ca                	lw	a5,176(sp)
   12a62:	7742                	ld	a4,48(sp)
   12a64:	62e7c963          	blt	a5,a4,13096 <_vfprintf_r+0xfea>
   12a68:	001e7793          	andi	a5,t3,1
   12a6c:	cc517057          	vsetivli	zero,2,e8,mf8,ta,ma
   12a70:	860789e3          	beqz	a5,122e2 <_vfprintf_r+0x236>
   12a74:	6726                	ld	a4,72(sp)
   12a76:	57ae                	lw	a5,232(sp)
   12a78:	66c6                	ld	a3,80(sp)
   12a7a:	993a                	add	s2,s2,a4
   12a7c:	2785                	addiw	a5,a5,1
   12a7e:	00ebb423          	sd	a4,8(s7)
   12a82:	00dbb023          	sd	a3,0(s7)
   12a86:	f9ca                	sd	s2,240(sp)
   12a88:	d5be                	sw	a5,232(sp)
   12a8a:	471d                	li	a4,7
   12a8c:	0bc1                	addi	s7,s7,16
   12a8e:	24f742e3          	blt	a4,a5,134d2 <_vfprintf_r+0x1426>
   12a92:	77c2                	ld	a5,48(sp)
   12a94:	fff78a9b          	addiw	s5,a5,-1
   12a98:	855055e3          	blez	s5,122e2 <_vfprintf_r+0x236>
   12a9c:	4b41                	li	s6,16
   12a9e:	57ae                	lw	a5,232(sp)
   12aa0:	66e9                	lui	a3,0x1a
   12aa2:	015b4463          	blt	s6,s5,12aaa <_vfprintf_r+0x9fe>
   12aa6:	1960106f          	j	13c3c <_vfprintf_r+0x1b90>
   12aaa:	84d6                	mv	s1,s5
   12aac:	874a                	mv	a4,s2
   12aae:	4d9d                	li	s11,7
   12ab0:	8ac2                	mv	s5,a6
   12ab2:	8972                	mv	s2,t3
   12ab4:	62868c13          	addi	s8,a3,1576 # 1a628 <zeroes.0>
   12ab8:	a021                	j	12ac0 <_vfprintf_r+0xa14>
   12aba:	34c1                	addiw	s1,s1,-16
   12abc:	ae9b50e3          	bge	s6,s1,1259c <_vfprintf_r+0x4f0>
   12ac0:	0741                	addi	a4,a4,16
   12ac2:	2785                	addiw	a5,a5,1
   12ac4:	018bb023          	sd	s8,0(s7)
   12ac8:	016bb423          	sd	s6,8(s7)
   12acc:	f9ba                	sd	a4,240(sp)
   12ace:	d5be                	sw	a5,232(sp)
   12ad0:	0bc1                	addi	s7,s7,16
   12ad2:	fefdd4e3          	bge	s11,a5,12aba <_vfprintf_r+0xa0e>
   12ad6:	65a2                	ld	a1,8(sp)
   12ad8:	6502                	ld	a0,0(sp)
   12ada:	1190                	addi	a2,sp,224
   12adc:	760010ef          	jal	1423c <__sprint_r>
   12ae0:	2a051363          	bnez	a0,12d86 <_vfprintf_r+0xcda>
   12ae4:	774e                	ld	a4,240(sp)
   12ae6:	57ae                	lw	a5,232(sp)
   12ae8:	8bce                	mv	s7,s3
   12aea:	cc517057          	vsetivli	zero,2,e8,mf8,ta,ma
   12aee:	b7f1                	j	12aba <_vfprintf_r+0xa0e>
   12af0:	000cc303          	lbu	t1,0(s9)
   12af4:	06800793          	li	a5,104
   12af8:	76f30563          	beq	t1,a5,13262 <_vfprintf_r+0x11b6>
   12afc:	0404e493          	ori	s1,s1,64
   12b00:	ee8ff06f          	j	121e8 <_vfprintf_r+0x13c>
   12b04:	000cc303          	lbu	t1,0(s9)
   12b08:	0204e493          	ori	s1,s1,32
   12b0c:	edcff06f          	j	121e8 <_vfprintf_r+0x13c>
   12b10:	5208a0d7          	vid.v	v1
   12b14:	04800793          	li	a5,72
   12b18:	9617e0d7          	vmul.vx	v1,v1,a5
   12b1c:	03000713          	li	a4,48
   12b20:	113c                	addi	a5,sp,168
   12b22:	0a0103a3          	sb	zero,167(sp)
   12b26:	021740d7          	vadd.vx	v1,v1,a4
   12b2a:	6762                	ld	a4,24(sp)
   12b2c:	020780a7          	vse8.v	v1,(a5)
   12b30:	00870593          	addi	a1,a4,8
   12b34:	6318                	ld	a4,0(a4)
   12b36:	620acc63          	bltz	s5,1316e <_vfprintf_r+0x10c2>
   12b3a:	f7f4ff13          	andi	t5,s1,-129
   12b3e:	002f6e13          	ori	t3,t5,2
   12b42:	1e0a94e3          	bnez	s5,1352a <_vfprintf_r+0x147e>
   12b46:	1e0712e3          	bnez	a4,1352a <_vfprintf_r+0x147e>
   12b4a:	ec2e                	sd	a1,24(sp)
   12b4c:	4489                	li	s1,2
   12b4e:	07800d93          	li	s11,120
   12b52:	0a714503          	lbu	a0,167(sp)
   12b56:	4a81                	li	s5,0
   12b58:	4801                	li	a6,0
   12b5a:	4881                	li	a7,0
   12b5c:	0afc                	addi	a5,sp,348
   12b5e:	f002                	sd	zero,32(sp)
   12b60:	b6c9                	j	12722 <_vfprintf_r+0x676>
   12b62:	6762                	ld	a4,24(sp)
   12b64:	0204f793          	andi	a5,s1,32
   12b68:	8e26                	mv	t3,s1
   12b6a:	0721                	addi	a4,a4,8
   12b6c:	54079d63          	bnez	a5,130c6 <_vfprintf_r+0x101a>
   12b70:	0104f793          	andi	a5,s1,16
   12b74:	54079963          	bnez	a5,130c6 <_vfprintf_r+0x101a>
   12b78:	66e2                	ld	a3,24(sp)
   12b7a:	0404f793          	andi	a5,s1,64
   12b7e:	4294                	lw	a3,0(a3)
   12b80:	20078de3          	beqz	a5,1359a <_vfprintf_r+0x14ee>
   12b84:	16c2                	slli	a3,a3,0x30
   12b86:	92c1                	srli	a3,a3,0x30
   12b88:	ec3a                	sd	a4,24(sp)
   12b8a:	8826                	mv	a6,s1
   12b8c:	bbb5                	j	12908 <_vfprintf_r+0x85c>
   12b8e:	66e2                	ld	a3,24(sp)
   12b90:	0204f793          	andi	a5,s1,32
   12b94:	6298                	ld	a4,0(a3)
   12b96:	06a1                	addi	a3,a3,8
   12b98:	ec36                	sd	a3,24(sp)
   12b9a:	52079263          	bnez	a5,130be <_vfprintf_r+0x1012>
   12b9e:	0104f793          	andi	a5,s1,16
   12ba2:	50079e63          	bnez	a5,130be <_vfprintf_r+0x1012>
   12ba6:	0404f793          	andi	a5,s1,64
   12baa:	580795e3          	bnez	a5,13934 <_vfprintf_r+0x1888>
   12bae:	2004ff13          	andi	t5,s1,512
   12bb2:	67c2                	ld	a5,16(sp)
   12bb4:	000f1463          	bnez	t5,12bbc <_vfprintf_r+0xb10>
   12bb8:	2fa0106f          	j	13eb2 <_vfprintf_r+0x1e06>
   12bbc:	00f70023          	sb	a5,0(a4)
   12bc0:	db6ff06f          	j	12176 <_vfprintf_r+0xca>
   12bc4:	000cc303          	lbu	t1,0(s9)
   12bc8:	06c00793          	li	a5,108
   12bcc:	6af30263          	beq	t1,a5,13270 <_vfprintf_r+0x11c4>
   12bd0:	0104e493          	ori	s1,s1,16
   12bd4:	e14ff06f          	j	121e8 <_vfprintf_r+0x13c>
   12bd8:	410d0b3b          	subw	s6,s10,a6
   12bdc:	ed605e63          	blez	s6,122b8 <_vfprintf_r+0x20c>
   12be0:	42c1                	li	t0,16
   12be2:	562e                	lw	a2,232(sp)
   12be4:	66e9                	lui	a3,0x1a
   12be6:	0162c463          	blt	t0,s6,12bee <_vfprintf_r+0xb42>
   12bea:	2c00106f          	j	13eaa <_vfprintf_r+0x1dfe>
   12bee:	8c3e                	mv	s8,a5
   12bf0:	874a                	mv	a4,s2
   12bf2:	87de                	mv	a5,s7
   12bf4:	439d                	li	t2,7
   12bf6:	8ba6                	mv	s7,s1
   12bf8:	ecf2                	sd	t3,88(sp)
   12bfa:	84da                	mv	s1,s6
   12bfc:	f0c2                	sd	a6,96(sp)
   12bfe:	8b46                	mv	s6,a7
   12c00:	62868913          	addi	s2,a3,1576 # 1a628 <zeroes.0>
   12c04:	a021                	j	12c0c <_vfprintf_r+0xb60>
   12c06:	34c1                	addiw	s1,s1,-16
   12c08:	0292de63          	bge	t0,s1,12c44 <_vfprintf_r+0xb98>
   12c0c:	0741                	addi	a4,a4,16
   12c0e:	2605                	addiw	a2,a2,1
   12c10:	0127b023          	sd	s2,0(a5)
   12c14:	0057b423          	sd	t0,8(a5)
   12c18:	f9ba                	sd	a4,240(sp)
   12c1a:	d5b2                	sw	a2,232(sp)
   12c1c:	07c1                	addi	a5,a5,16
   12c1e:	fec3d4e3          	bge	t2,a2,12c06 <_vfprintf_r+0xb5a>
   12c22:	65a2                	ld	a1,8(sp)
   12c24:	6502                	ld	a0,0(sp)
   12c26:	1190                	addi	a2,sp,224
   12c28:	614010ef          	jal	1423c <__sprint_r>
   12c2c:	14051d63          	bnez	a0,12d86 <_vfprintf_r+0xcda>
   12c30:	42c1                	li	t0,16
   12c32:	34c1                	addiw	s1,s1,-16
   12c34:	774e                	ld	a4,240(sp)
   12c36:	562e                	lw	a2,232(sp)
   12c38:	87ce                	mv	a5,s3
   12c3a:	439d                	li	t2,7
   12c3c:	cc517057          	vsetivli	zero,2,e8,mf8,ta,ma
   12c40:	fc92c6e3          	blt	t0,s1,12c0c <_vfprintf_r+0xb60>
   12c44:	6e66                	ld	t3,88(sp)
   12c46:	7806                	ld	a6,96(sp)
   12c48:	88da                	mv	a7,s6
   12c4a:	86ca                	mv	a3,s2
   12c4c:	8b26                	mv	s6,s1
   12c4e:	893a                	mv	s2,a4
   12c50:	84de                	mv	s1,s7
   12c52:	8bbe                	mv	s7,a5
   12c54:	87e2                	mv	a5,s8
   12c56:	995a                	add	s2,s2,s6
   12c58:	2605                	addiw	a2,a2,1
   12c5a:	00dbb023          	sd	a3,0(s7)
   12c5e:	016bb423          	sd	s6,8(s7)
   12c62:	f9ca                	sd	s2,240(sp)
   12c64:	d5b2                	sw	a2,232(sp)
   12c66:	471d                	li	a4,7
   12c68:	0bc1                	addi	s7,s7,16
   12c6a:	e4c75763          	bge	a4,a2,122b8 <_vfprintf_r+0x20c>
   12c6e:	65a2                	ld	a1,8(sp)
   12c70:	6502                	ld	a0,0(sp)
   12c72:	1190                	addi	a2,sp,224
   12c74:	e946                	sd	a7,144(sp)
   12c76:	e142                	sd	a6,128(sp)
   12c78:	f0f2                	sd	t3,96(sp)
   12c7a:	ecbe                	sd	a5,88(sp)
   12c7c:	5c0010ef          	jal	1423c <__sprint_r>
   12c80:	10051363          	bnez	a0,12d86 <_vfprintf_r+0xcda>
   12c84:	794e                	ld	s2,240(sp)
   12c86:	67e6                	ld	a5,88(sp)
   12c88:	7e06                	ld	t3,96(sp)
   12c8a:	680a                	ld	a6,128(sp)
   12c8c:	68ca                	ld	a7,144(sp)
   12c8e:	8bce                	mv	s7,s3
   12c90:	cc517057          	vsetivli	zero,2,e8,mf8,ta,ma
   12c94:	e24ff06f          	j	122b8 <_vfprintf_r+0x20c>
   12c98:	65a2                	ld	a1,8(sp)
   12c9a:	6502                	ld	a0,0(sp)
   12c9c:	1190                	addi	a2,sp,224
   12c9e:	59e010ef          	jal	1423c <__sprint_r>
   12ca2:	e175                	bnez	a0,12d86 <_vfprintf_r+0xcda>
   12ca4:	cc517057          	vsetivli	zero,2,e8,mf8,ta,ma
   12ca8:	e5cff06f          	j	12304 <_vfprintf_r+0x258>
   12cac:	410d073b          	subw	a4,s10,a6
   12cb0:	e082                	sd	zero,64(sp)
   12cb2:	fc02                	sd	zero,56(sp)
   12cb4:	2ee04063          	bgtz	a4,12f94 <_vfprintf_r+0xee8>
   12cb8:	4481                	li	s1,0
   12cba:	dc050d63          	beqz	a0,12294 <_vfprintf_r+0x1e8>
   12cbe:	4389                	li	t2,2
   12cc0:	db0ff06f          	j	12270 <_vfprintf_r+0x1c4>
   12cc4:	5aae                	lw	s5,232(sp)
   12cc6:	7642                	ld	a2,48(sp)
   12cc8:	4685                	li	a3,1
   12cca:	2a85                	addiw	s5,s5,1
   12ccc:	9936                	add	s2,s2,a3
   12cce:	8756                	mv	a4,s5
   12cd0:	010b8b13          	addi	s6,s7,16
   12cd4:	36c6dc63          	bge	a3,a2,1304c <_vfprintf_r+0xfa0>
   12cd8:	4685                	li	a3,1
   12cda:	00dbb423          	sd	a3,8(s7)
   12cde:	00fbb023          	sd	a5,0(s7)
   12ce2:	f9ca                	sd	s2,240(sp)
   12ce4:	d5ba                	sw	a4,232(sp)
   12ce6:	469d                	li	a3,7
   12ce8:	6ae6c663          	blt	a3,a4,13394 <_vfprintf_r+0x12e8>
   12cec:	6726                	ld	a4,72(sp)
   12cee:	66c6                	ld	a3,80(sp)
   12cf0:	2a85                	addiw	s5,s5,1
   12cf2:	993a                	add	s2,s2,a4
   12cf4:	00eb3423          	sd	a4,8(s6)
   12cf8:	00db3023          	sd	a3,0(s6)
   12cfc:	f9ca                	sd	s2,240(sp)
   12cfe:	d5d6                	sw	s5,232(sp)
   12d00:	471d                	li	a4,7
   12d02:	0b41                	addi	s6,s6,16
   12d04:	67574763          	blt	a4,s5,13372 <_vfprintf_r+0x12c6>
   12d08:	ecbe                	sd	a5,88(sp)
   12d0a:	654e                	ld	a0,208(sp)
   12d0c:	77c2                	ld	a5,48(sp)
   12d0e:	65ee                	ld	a1,216(sp)
   12d10:	4601                	li	a2,0
   12d12:	4681                	li	a3,0
   12d14:	e0c2                	sd	a6,64(sp)
   12d16:	fc72                	sd	t3,56(sp)
   12d18:	fff78b9b          	addiw	s7,a5,-1
   12d1c:	0dc060ef          	jal	18df8 <__eqtf2>
   12d20:	7e62                	ld	t3,56(sp)
   12d22:	6806                	ld	a6,64(sp)
   12d24:	36050263          	beqz	a0,13088 <_vfprintf_r+0xfdc>
   12d28:	67e6                	ld	a5,88(sp)
   12d2a:	2a85                	addiw	s5,s5,1
   12d2c:	995e                	add	s2,s2,s7
   12d2e:	0785                	addi	a5,a5,1
   12d30:	d5d6                	sw	s5,232(sp)
   12d32:	f9ca                	sd	s2,240(sp)
   12d34:	00fb3023          	sd	a5,0(s6)
   12d38:	017b3423          	sd	s7,8(s6)
   12d3c:	479d                	li	a5,7
   12d3e:	4f57cd63          	blt	a5,s5,13238 <_vfprintf_r+0x118c>
   12d42:	cc517057          	vsetivli	zero,2,e8,mf8,ta,ma
   12d46:	0b41                	addi	s6,s6,16
   12d48:	7726                	ld	a4,104(sp)
   12d4a:	193c                	addi	a5,sp,184
   12d4c:	2a85                	addiw	s5,s5,1
   12d4e:	993a                	add	s2,s2,a4
   12d50:	00fb3023          	sd	a5,0(s6)
   12d54:	f9ca                	sd	s2,240(sp)
   12d56:	d5d6                	sw	s5,232(sp)
   12d58:	00eb3423          	sd	a4,8(s6)
   12d5c:	479d                	li	a5,7
   12d5e:	010b0b93          	addi	s7,s6,16
   12d62:	d957d063          	bge	a5,s5,122e2 <_vfprintf_r+0x236>
   12d66:	65a2                	ld	a1,8(sp)
   12d68:	6502                	ld	a0,0(sp)
   12d6a:	1190                	addi	a2,sp,224
   12d6c:	e0c2                	sd	a6,64(sp)
   12d6e:	fc72                	sd	t3,56(sp)
   12d70:	4cc010ef          	jal	1423c <__sprint_r>
   12d74:	e909                	bnez	a0,12d86 <_vfprintf_r+0xcda>
   12d76:	794e                	ld	s2,240(sp)
   12d78:	6806                	ld	a6,64(sp)
   12d7a:	7e62                	ld	t3,56(sp)
   12d7c:	8bce                	mv	s7,s3
   12d7e:	cc517057          	vsetivli	zero,2,e8,mf8,ta,ma
   12d82:	d60ff06f          	j	122e2 <_vfprintf_r+0x236>
   12d86:	64a2                	ld	s1,8(sp)
   12d88:	7582                	ld	a1,32(sp)
   12d8a:	c581                	beqz	a1,12d92 <_vfprintf_r+0xce6>
   12d8c:	6502                	ld	a0,0(sp)
   12d8e:	8e2ff0ef          	jal	11e70 <_free_r>
   12d92:	0104d783          	lhu	a5,16(s1)
   12d96:	23013903          	ld	s2,560(sp)
   12d9a:	22813983          	ld	s3,552(sp)
   12d9e:	0407f793          	andi	a5,a5,64
   12da2:	22013a03          	ld	s4,544(sp)
   12da6:	21813a83          	ld	s5,536(sp)
   12daa:	20813b83          	ld	s7,520(sp)
   12dae:	20013c03          	ld	s8,512(sp)
   12db2:	7cfe                	ld	s9,504(sp)
   12db4:	7d5e                	ld	s10,496(sp)
   12db6:	7dbe                	ld	s11,488(sp)
   12db8:	da079e63          	bnez	a5,12374 <_vfprintf_r+0x2c8>
   12dbc:	24813083          	ld	ra,584(sp)
   12dc0:	24013403          	ld	s0,576(sp)
   12dc4:	6542                	ld	a0,16(sp)
   12dc6:	23813483          	ld	s1,568(sp)
   12dca:	21013b03          	ld	s6,528(sp)
   12dce:	25010113          	addi	sp,sp,592
   12dd2:	8082                	ret
   12dd4:	65a2                	ld	a1,8(sp)
   12dd6:	6502                	ld	a0,0(sp)
   12dd8:	1190                	addi	a2,sp,224
   12dda:	e946                	sd	a7,144(sp)
   12ddc:	e142                	sd	a6,128(sp)
   12dde:	f0f2                	sd	t3,96(sp)
   12de0:	ecbe                	sd	a5,88(sp)
   12de2:	45a010ef          	jal	1423c <__sprint_r>
   12de6:	f145                	bnez	a0,12d86 <_vfprintf_r+0xcda>
   12de8:	794e                	ld	s2,240(sp)
   12dea:	68ca                	ld	a7,144(sp)
   12dec:	680a                	ld	a6,128(sp)
   12dee:	7e06                	ld	t3,96(sp)
   12df0:	67e6                	ld	a5,88(sp)
   12df2:	8bce                	mv	s7,s3
   12df4:	cc517057          	vsetivli	zero,2,e8,mf8,ta,ma
   12df8:	cb8ff06f          	j	122b0 <_vfprintf_r+0x204>
   12dfc:	4b41                	li	s6,16
   12dfe:	57ae                	lw	a5,232(sp)
   12e00:	66e9                	lui	a3,0x1a
   12e02:	015b4463          	blt	s6,s5,12e0a <_vfprintf_r+0xd5e>
   12e06:	0560106f          	j	13e5c <_vfprintf_r+0x1db0>
   12e0a:	874a                	mv	a4,s2
   12e0c:	6c22                	ld	s8,8(sp)
   12e0e:	4d9d                	li	s11,7
   12e10:	8942                	mv	s2,a6
   12e12:	63868493          	addi	s1,a3,1592 # 1a638 <blanks.1>
   12e16:	a021                	j	12e1e <_vfprintf_r+0xd72>
   12e18:	3ac1                	addiw	s5,s5,-16
   12e1a:	035b5c63          	bge	s6,s5,12e52 <_vfprintf_r+0xda6>
   12e1e:	0741                	addi	a4,a4,16
   12e20:	2785                	addiw	a5,a5,1
   12e22:	009bb023          	sd	s1,0(s7)
   12e26:	016bb423          	sd	s6,8(s7)
   12e2a:	f9ba                	sd	a4,240(sp)
   12e2c:	d5be                	sw	a5,232(sp)
   12e2e:	0bc1                	addi	s7,s7,16
   12e30:	fefdd4e3          	bge	s11,a5,12e18 <_vfprintf_r+0xd6c>
   12e34:	6502                	ld	a0,0(sp)
   12e36:	1190                	addi	a2,sp,224
   12e38:	85e2                	mv	a1,s8
   12e3a:	402010ef          	jal	1423c <__sprint_r>
   12e3e:	68051863          	bnez	a0,134ce <_vfprintf_r+0x1422>
   12e42:	3ac1                	addiw	s5,s5,-16
   12e44:	774e                	ld	a4,240(sp)
   12e46:	57ae                	lw	a5,232(sp)
   12e48:	8bce                	mv	s7,s3
   12e4a:	cc517057          	vsetivli	zero,2,e8,mf8,ta,ma
   12e4e:	fd5b48e3          	blt	s6,s5,12e1e <_vfprintf_r+0xd72>
   12e52:	884a                	mv	a6,s2
   12e54:	86a6                	mv	a3,s1
   12e56:	893a                	mv	s2,a4
   12e58:	9956                	add	s2,s2,s5
   12e5a:	2785                	addiw	a5,a5,1
   12e5c:	f9ca                	sd	s2,240(sp)
   12e5e:	d5be                	sw	a5,232(sp)
   12e60:	00dbb023          	sd	a3,0(s7)
   12e64:	015bb423          	sd	s5,8(s7)
   12e68:	471d                	li	a4,7
   12e6a:	c8f75463          	bge	a4,a5,122f2 <_vfprintf_r+0x246>
   12e6e:	65a2                	ld	a1,8(sp)
   12e70:	6502                	ld	a0,0(sp)
   12e72:	1190                	addi	a2,sp,224
   12e74:	fc42                	sd	a6,56(sp)
   12e76:	3c6010ef          	jal	1423c <__sprint_r>
   12e7a:	f00516e3          	bnez	a0,12d86 <_vfprintf_r+0xcda>
   12e7e:	794e                	ld	s2,240(sp)
   12e80:	7862                	ld	a6,56(sp)
   12e82:	cc517057          	vsetivli	zero,2,e8,mf8,ta,ma
   12e86:	c6cff06f          	j	122f2 <_vfprintf_r+0x246>
   12e8a:	15c10893          	addi	a7,sp,348
   12e8e:	87c6                	mv	a5,a7
   12e90:	0076f713          	andi	a4,a3,7
   12e94:	863e                	mv	a2,a5
   12e96:	03070713          	addi	a4,a4,48
   12e9a:	828d                	srli	a3,a3,0x3
   12e9c:	fee78fa3          	sb	a4,-1(a5)
   12ea0:	17fd                	addi	a5,a5,-1
   12ea2:	f6fd                	bnez	a3,12e90 <_vfprintf_r+0xde4>
   12ea4:	fd070713          	addi	a4,a4,-48
   12ea8:	03000693          	li	a3,48
   12eac:	c709                	beqz	a4,12eb6 <_vfprintf_r+0xe0a>
   12eae:	001e7713          	andi	a4,t3,1
   12eb2:	26071563          	bnez	a4,1311c <_vfprintf_r+0x1070>
   12eb6:	40f888bb          	subw	a7,a7,a5
   12eba:	000a881b          	sext.w	a6,s5
   12ebe:	1f1ac863          	blt	s5,a7,130ae <_vfprintf_r+0x1002>
   12ec2:	f002                	sd	zero,32(sp)
   12ec4:	e082                	sd	zero,64(sp)
   12ec6:	fc02                	sd	zero,56(sp)
   12ec8:	4481                	li	s1,0
   12eca:	b90ff06f          	j	1225a <_vfprintf_r+0x1ae>
   12ece:	564a                	lw	a2,176(sp)
   12ed0:	52c05763          	blez	a2,133fe <_vfprintf_r+0x1352>
   12ed4:	76c2                	ld	a3,48(sp)
   12ed6:	8726                	mv	a4,s1
   12ed8:	2c96cd63          	blt	a3,s1,131b2 <_vfprintf_r+0x1106>
   12edc:	00070d9b          	sext.w	s11,a4
   12ee0:	01b05f63          	blez	s11,12efe <_vfprintf_r+0xe52>
   12ee4:	572e                	lw	a4,232(sp)
   12ee6:	996e                	add	s2,s2,s11
   12ee8:	00fbb023          	sd	a5,0(s7)
   12eec:	2705                	addiw	a4,a4,1
   12eee:	01bbb423          	sd	s11,8(s7)
   12ef2:	f9ca                	sd	s2,240(sp)
   12ef4:	d5ba                	sw	a4,232(sp)
   12ef6:	469d                	li	a3,7
   12ef8:	0bc1                	addi	s7,s7,16
   12efa:	16e6cce3          	blt	a3,a4,13872 <_vfprintf_r+0x17c6>
   12efe:	8aee                	mv	s5,s11
   12f00:	3a0dce63          	bltz	s11,132bc <_vfprintf_r+0x1210>
   12f04:	41548abb          	subw	s5,s1,s5
   12f08:	3f504263          	bgtz	s5,132ec <_vfprintf_r+0x1240>
   12f0c:	400e7713          	andi	a4,t3,1024
   12f10:	00978db3          	add	s11,a5,s1
   12f14:	7a071463          	bnez	a4,136bc <_vfprintf_r+0x1610>
   12f18:	5aca                	lw	s5,176(sp)
   12f1a:	76c2                	ld	a3,48(sp)
   12f1c:	00dac663          	blt	s5,a3,12f28 <_vfprintf_r+0xe7c>
   12f20:	001e7713          	andi	a4,t3,1
   12f24:	1a070de3          	beqz	a4,138de <_vfprintf_r+0x1832>
   12f28:	66a6                	ld	a3,72(sp)
   12f2a:	572e                	lw	a4,232(sp)
   12f2c:	6646                	ld	a2,80(sp)
   12f2e:	9936                	add	s2,s2,a3
   12f30:	2705                	addiw	a4,a4,1
   12f32:	00dbb423          	sd	a3,8(s7)
   12f36:	00cbb023          	sd	a2,0(s7)
   12f3a:	f9ca                	sd	s2,240(sp)
   12f3c:	d5ba                	sw	a4,232(sp)
   12f3e:	469d                	li	a3,7
   12f40:	0bc1                	addi	s7,s7,16
   12f42:	56e6c3e3          	blt	a3,a4,13ca8 <_vfprintf_r+0x1bfc>
   12f46:	7742                	ld	a4,48(sp)
   12f48:	97ba                	add	a5,a5,a4
   12f4a:	41b78b33          	sub	s6,a5,s11
   12f4e:	41570abb          	subw	s5,a4,s5
   12f52:	000b079b          	sext.w	a5,s6
   12f56:	00fad363          	bge	s5,a5,12f5c <_vfprintf_r+0xeb0>
   12f5a:	8b56                	mv	s6,s5
   12f5c:	2b01                	sext.w	s6,s6
   12f5e:	01605f63          	blez	s6,12f7c <_vfprintf_r+0xed0>
   12f62:	57ae                	lw	a5,232(sp)
   12f64:	995a                	add	s2,s2,s6
   12f66:	01bbb023          	sd	s11,0(s7)
   12f6a:	2785                	addiw	a5,a5,1
   12f6c:	016bb423          	sd	s6,8(s7)
   12f70:	f9ca                	sd	s2,240(sp)
   12f72:	d5be                	sw	a5,232(sp)
   12f74:	471d                	li	a4,7
   12f76:	0bc1                	addi	s7,s7,16
   12f78:	64f74fe3          	blt	a4,a5,13dd6 <_vfprintf_r+0x1d2a>
   12f7c:	87da                	mv	a5,s6
   12f7e:	000b5363          	bgez	s6,12f84 <_vfprintf_r+0xed8>
   12f82:	4781                	li	a5,0
   12f84:	40fa8abb          	subw	s5,s5,a5
   12f88:	6d504e63          	bgtz	s5,13664 <_vfprintf_r+0x15b8>
   12f8c:	cc517057          	vsetivli	zero,2,e8,mf8,ta,ma
   12f90:	b52ff06f          	j	122e2 <_vfprintf_r+0x236>
   12f94:	4389                	li	t2,2
   12f96:	4941                	li	s2,16
   12f98:	8636                	mv	a2,a3
   12f9a:	66e9                	lui	a3,0x1a
   12f9c:	62e953e3          	bge	s2,a4,13dc2 <_vfprintf_r+0x1d16>
   12fa0:	f0be                	sd	a5,96(sp)
   12fa2:	e956                	sd	s5,144(sp)
   12fa4:	87de                	mv	a5,s7
   12fa6:	4f9d                	li	t6,7
   12fa8:	84ba                	mv	s1,a4
   12faa:	ec9e                	sd	t2,88(sp)
   12fac:	e172                	sd	t3,128(sp)
   12fae:	8c42                	mv	s8,a6
   12fb0:	8bc6                	mv	s7,a7
   12fb2:	63868a93          	addi	s5,a3,1592 # 1a638 <blanks.1>
   12fb6:	a021                	j	12fbe <_vfprintf_r+0xf12>
   12fb8:	34c1                	addiw	s1,s1,-16
   12fba:	02995d63          	bge	s2,s1,12ff4 <_vfprintf_r+0xf48>
   12fbe:	05c1                	addi	a1,a1,16
   12fc0:	2605                	addiw	a2,a2,1
   12fc2:	0157b023          	sd	s5,0(a5)
   12fc6:	0127b423          	sd	s2,8(a5)
   12fca:	f9ae                	sd	a1,240(sp)
   12fcc:	d5b2                	sw	a2,232(sp)
   12fce:	07c1                	addi	a5,a5,16
   12fd0:	fecfd4e3          	bge	t6,a2,12fb8 <_vfprintf_r+0xf0c>
   12fd4:	65a2                	ld	a1,8(sp)
   12fd6:	6502                	ld	a0,0(sp)
   12fd8:	1190                	addi	a2,sp,224
   12fda:	262010ef          	jal	1423c <__sprint_r>
   12fde:	da0514e3          	bnez	a0,12d86 <_vfprintf_r+0xcda>
   12fe2:	34c1                	addiw	s1,s1,-16
   12fe4:	75ce                	ld	a1,240(sp)
   12fe6:	562e                	lw	a2,232(sp)
   12fe8:	87ce                	mv	a5,s3
   12fea:	4f9d                	li	t6,7
   12fec:	cc517057          	vsetivli	zero,2,e8,mf8,ta,ma
   12ff0:	fc9947e3          	blt	s2,s1,12fbe <_vfprintf_r+0xf12>
   12ff4:	88de                	mv	a7,s7
   12ff6:	86d6                	mv	a3,s5
   12ff8:	8bbe                	mv	s7,a5
   12ffa:	63e6                	ld	t2,88(sp)
   12ffc:	6e0a                	ld	t3,128(sp)
   12ffe:	7786                	ld	a5,96(sp)
   13000:	6aca                	ld	s5,144(sp)
   13002:	8726                	mv	a4,s1
   13004:	8862                	mv	a6,s8
   13006:	00b70933          	add	s2,a4,a1
   1300a:	2605                	addiw	a2,a2,1
   1300c:	00ebb423          	sd	a4,8(s7)
   13010:	f9ca                	sd	s2,240(sp)
   13012:	d5b2                	sw	a2,232(sp)
   13014:	00dbb023          	sd	a3,0(s7)
   13018:	471d                	li	a4,7
   1301a:	3ac74463          	blt	a4,a2,133c2 <_vfprintf_r+0x1316>
   1301e:	0a714703          	lbu	a4,167(sp)
   13022:	0bc1                	addi	s7,s7,16
   13024:	84da                	mv	s1,s6
   13026:	e349                	bnez	a4,130a8 <_vfprintf_r+0xffc>
   13028:	a8038863          	beqz	t2,122b8 <_vfprintf_r+0x20c>
   1302c:	4b01                	li	s6,0
   1302e:	a66ff06f          	j	12294 <_vfprintf_r+0x1e8>
   13032:	56ae                	lw	a3,232(sp)
   13034:	8b26                	mv	s6,s1
   13036:	4381                	li	t2,0
   13038:	bfb9                	j	12f96 <_vfprintf_r+0xeea>
   1303a:	4881                	li	a7,0
   1303c:	4a81                	li	s5,0
   1303e:	e082                	sd	zero,64(sp)
   13040:	fc02                	sd	zero,56(sp)
   13042:	4481                	li	s1,0
   13044:	f002                	sd	zero,32(sp)
   13046:	0afc                	addi	a5,sp,348
   13048:	a12ff06f          	j	1225a <_vfprintf_r+0x1ae>
   1304c:	00de7633          	and	a2,t3,a3
   13050:	c80614e3          	bnez	a2,12cd8 <_vfprintf_r+0xc2c>
   13054:	00fbb023          	sd	a5,0(s7)
   13058:	00dbb423          	sd	a3,8(s7)
   1305c:	f9ca                	sd	s2,240(sp)
   1305e:	d5d6                	sw	s5,232(sp)
   13060:	479d                	li	a5,7
   13062:	cf57d3e3          	bge	a5,s5,12d48 <_vfprintf_r+0xc9c>
   13066:	65a2                	ld	a1,8(sp)
   13068:	6502                	ld	a0,0(sp)
   1306a:	1190                	addi	a2,sp,224
   1306c:	e0c2                	sd	a6,64(sp)
   1306e:	fc72                	sd	t3,56(sp)
   13070:	1cc010ef          	jal	1423c <__sprint_r>
   13074:	d00519e3          	bnez	a0,12d86 <_vfprintf_r+0xcda>
   13078:	794e                	ld	s2,240(sp)
   1307a:	5aae                	lw	s5,232(sp)
   1307c:	6806                	ld	a6,64(sp)
   1307e:	7e62                	ld	t3,56(sp)
   13080:	8b4e                	mv	s6,s3
   13082:	cc517057          	vsetivli	zero,2,e8,mf8,ta,ma
   13086:	b1c9                	j	12d48 <_vfprintf_r+0xc9c>
   13088:	7742                	ld	a4,48(sp)
   1308a:	4785                	li	a5,1
   1308c:	12e7c963          	blt	a5,a4,131be <_vfprintf_r+0x1112>
   13090:	cc517057          	vsetivli	zero,2,e8,mf8,ta,ma
   13094:	b955                	j	12d48 <_vfprintf_r+0xc9c>
   13096:	cc517057          	vsetivli	zero,2,e8,mf8,ta,ma
   1309a:	bae9                	j	12a74 <_vfprintf_r+0x9c8>
   1309c:	07a1                	addi	a5,a5,8
   1309e:	000cc303          	lbu	t1,0(s9)
   130a2:	ec3e                	sd	a5,24(sp)
   130a4:	944ff06f          	j	121e8 <_vfprintf_r+0x13c>
   130a8:	4b01                	li	s6,0
   130aa:	9c6ff06f          	j	12270 <_vfprintf_r+0x1c4>
   130ae:	0008881b          	sext.w	a6,a7
   130b2:	f002                	sd	zero,32(sp)
   130b4:	e082                	sd	zero,64(sp)
   130b6:	fc02                	sd	zero,56(sp)
   130b8:	4481                	li	s1,0
   130ba:	9a0ff06f          	j	1225a <_vfprintf_r+0x1ae>
   130be:	67c2                	ld	a5,16(sp)
   130c0:	e31c                	sd	a5,0(a4)
   130c2:	8b4ff06f          	j	12176 <_vfprintf_r+0xca>
   130c6:	8872                	mv	a6,t3
   130c8:	83bff06f          	j	12902 <_vfprintf_r+0x856>
   130cc:	0104f793          	andi	a5,s1,16
   130d0:	520797e3          	bnez	a5,13dfe <_vfprintf_r+0x1d52>
   130d4:	66e2                	ld	a3,24(sp)
   130d6:	0404f793          	andi	a5,s1,64
   130da:	0006a903          	lw	s2,0(a3)
   130de:	00868713          	addi	a4,a3,8
   130e2:	26078463          	beqz	a5,1334a <_vfprintf_r+0x129e>
   130e6:	1942                	slli	s2,s2,0x30
   130e8:	0a0103a3          	sb	zero,167(sp)
   130ec:	03095913          	srli	s2,s2,0x30
   130f0:	260ac763          	bltz	s5,1335e <_vfprintf_r+0x12b2>
   130f4:	012aefb3          	or	t6,s5,s2
   130f8:	000f849b          	sext.w	s1,t6
   130fc:	ec3a                	sd	a4,24(sp)
   130fe:	f7fe7e13          	andi	t3,t3,-129
   13102:	de049e63          	bnez	s1,126fe <_vfprintf_r+0x652>
   13106:	b4b1                	j	12b52 <_vfprintf_r+0xaa6>
   13108:	67e2                	ld	a5,24(sp)
   1310a:	07bd                	addi	a5,a5,15
   1310c:	9bc1                	andi	a5,a5,-16
   1310e:	01078713          	addi	a4,a5,16
   13112:	6388                	ld	a0,0(a5)
   13114:	678c                	ld	a1,8(a5)
   13116:	ec3a                	sd	a4,24(sp)
   13118:	a80ff06f          	j	12398 <_vfprintf_r+0x2ec>
   1311c:	1679                	addi	a2,a2,-2
   1311e:	40c888bb          	subw	a7,a7,a2
   13122:	fed78fa3          	sb	a3,-1(a5)
   13126:	000a881b          	sext.w	a6,s5
   1312a:	011ad463          	bge	s5,a7,13132 <_vfprintf_r+0x1086>
   1312e:	0008881b          	sext.w	a6,a7
   13132:	87b2                	mv	a5,a2
   13134:	f002                	sd	zero,32(sp)
   13136:	e082                	sd	zero,64(sp)
   13138:	fc02                	sd	zero,56(sp)
   1313a:	4481                	li	s1,0
   1313c:	91eff06f          	j	1225a <_vfprintf_r+0x1ae>
   13140:	67e2                	ld	a5,24(sp)
   13142:	00878713          	addi	a4,a5,8
   13146:	67e2                	ld	a5,24(sp)
   13148:	8e7a                	mv	t3,t5
   1314a:	ec3a                	sd	a4,24(sp)
   1314c:	639c                	ld	a5,0(a5)
   1314e:	893e                	mv	s2,a5
   13150:	d2aff06f          	j	1267a <_vfprintf_r+0x5ce>
   13154:	0a714503          	lbu	a0,167(sp)
   13158:	4805                	li	a6,1
   1315a:	4481                	li	s1,0
   1315c:	4885                	li	a7,1
   1315e:	15b10793          	addi	a5,sp,347
   13162:	dbeff06f          	j	12720 <_vfprintf_r+0x674>
   13166:	ec3e                	sd	a5,24(sp)
   13168:	8e7a                	mv	t3,t5
   1316a:	d94ff06f          	j	126fe <_vfprintf_r+0x652>
   1316e:	6669                	lui	a2,0x1a
   13170:	0024ee13          	ori	t3,s1,2
   13174:	ec2e                	sd	a1,24(sp)
   13176:	16060613          	addi	a2,a2,352 # 1a160 <__clzdi2+0x13c>
   1317a:	4489                	li	s1,2
   1317c:	4501                	li	a0,0
   1317e:	07800d93          	li	s11,120
   13182:	15c10893          	addi	a7,sp,348
   13186:	87c6                	mv	a5,a7
   13188:	00f77693          	andi	a3,a4,15
   1318c:	96b2                	add	a3,a3,a2
   1318e:	0006c683          	lbu	a3,0(a3)
   13192:	8311                	srli	a4,a4,0x4
   13194:	17fd                	addi	a5,a5,-1
   13196:	00d78023          	sb	a3,0(a5)
   1319a:	f77d                	bnez	a4,13188 <_vfprintf_r+0x10dc>
   1319c:	40f888bb          	subw	a7,a7,a5
   131a0:	000a881b          	sext.w	a6,s5
   131a4:	d71ade63          	bge	s5,a7,12720 <_vfprintf_r+0x674>
   131a8:	0008881b          	sext.w	a6,a7
   131ac:	f002                	sd	zero,32(sp)
   131ae:	d74ff06f          	j	12722 <_vfprintf_r+0x676>
   131b2:	8736                	mv	a4,a3
   131b4:	00070d9b          	sext.w	s11,a4
   131b8:	d3b046e3          	bgtz	s11,12ee4 <_vfprintf_r+0xe38>
   131bc:	b389                	j	12efe <_vfprintf_r+0xe52>
   131be:	47c5                	li	a5,17
   131c0:	cc517057          	vsetivli	zero,2,e8,mf8,ta,ma
   131c4:	66e9                	lui	a3,0x1a
   131c6:	00e7c463          	blt	a5,a4,131ce <_vfprintf_r+0x1122>
   131ca:	74f0006f          	j	14118 <_vfprintf_r+0x206c>
   131ce:	874a                	mv	a4,s2
   131d0:	84de                	mv	s1,s7
   131d2:	4dc1                	li	s11,16
   131d4:	479d                	li	a5,7
   131d6:	8972                	mv	s2,t3
   131d8:	8bc2                	mv	s7,a6
   131da:	62868c13          	addi	s8,a3,1576 # 1a628 <zeroes.0>
   131de:	a021                	j	131e6 <_vfprintf_r+0x113a>
   131e0:	34c1                	addiw	s1,s1,-16
   131e2:	029ddb63          	bge	s11,s1,13218 <_vfprintf_r+0x116c>
   131e6:	0741                	addi	a4,a4,16
   131e8:	2a85                	addiw	s5,s5,1
   131ea:	018b3023          	sd	s8,0(s6)
   131ee:	01bb3423          	sd	s11,8(s6)
   131f2:	f9ba                	sd	a4,240(sp)
   131f4:	d5d6                	sw	s5,232(sp)
   131f6:	0b41                	addi	s6,s6,16
   131f8:	ff57d4e3          	bge	a5,s5,131e0 <_vfprintf_r+0x1134>
   131fc:	65a2                	ld	a1,8(sp)
   131fe:	6502                	ld	a0,0(sp)
   13200:	1190                	addi	a2,sp,224
   13202:	03a010ef          	jal	1423c <__sprint_r>
   13206:	b80510e3          	bnez	a0,12d86 <_vfprintf_r+0xcda>
   1320a:	774e                	ld	a4,240(sp)
   1320c:	5aae                	lw	s5,232(sp)
   1320e:	8b4e                	mv	s6,s3
   13210:	479d                	li	a5,7
   13212:	cc517057          	vsetivli	zero,2,e8,mf8,ta,ma
   13216:	b7e9                	j	131e0 <_vfprintf_r+0x1134>
   13218:	8e4a                	mv	t3,s2
   1321a:	885e                	mv	a6,s7
   1321c:	893a                	mv	s2,a4
   1321e:	8ba6                	mv	s7,s1
   13220:	86e2                	mv	a3,s8
   13222:	995e                	add	s2,s2,s7
   13224:	2a85                	addiw	s5,s5,1
   13226:	f9ca                	sd	s2,240(sp)
   13228:	d5d6                	sw	s5,232(sp)
   1322a:	00db3023          	sd	a3,0(s6)
   1322e:	017b3423          	sd	s7,8(s6)
   13232:	479d                	li	a5,7
   13234:	b157d9e3          	bge	a5,s5,12d46 <_vfprintf_r+0xc9a>
   13238:	65a2                	ld	a1,8(sp)
   1323a:	6502                	ld	a0,0(sp)
   1323c:	1190                	addi	a2,sp,224
   1323e:	e0c2                	sd	a6,64(sp)
   13240:	fc72                	sd	t3,56(sp)
   13242:	7fb000ef          	jal	1423c <__sprint_r>
   13246:	b40510e3          	bnez	a0,12d86 <_vfprintf_r+0xcda>
   1324a:	794e                	ld	s2,240(sp)
   1324c:	5aae                	lw	s5,232(sp)
   1324e:	7e62                	ld	t3,56(sp)
   13250:	6806                	ld	a6,64(sp)
   13252:	8b4e                	mv	s6,s3
   13254:	cc517057          	vsetivli	zero,2,e8,mf8,ta,ma
   13258:	bcc5                	j	12d48 <_vfprintf_r+0xc9c>
   1325a:	5afd                	li	s5,-1
   1325c:	8cb2                	mv	s9,a2
   1325e:	f91fe06f          	j	121ee <_vfprintf_r+0x142>
   13262:	001cc303          	lbu	t1,1(s9)
   13266:	2004e493          	ori	s1,s1,512
   1326a:	0c85                	addi	s9,s9,1
   1326c:	f7dfe06f          	j	121e8 <_vfprintf_r+0x13c>
   13270:	001cc303          	lbu	t1,1(s9)
   13274:	0204e493          	ori	s1,s1,32
   13278:	0c85                	addi	s9,s9,1
   1327a:	f6ffe06f          	j	121e8 <_vfprintf_r+0x13c>
   1327e:	6669                	lui	a2,0x1a
   13280:	8e26                	mv	t3,s1
   13282:	17860613          	addi	a2,a2,376 # 1a178 <__clzdi2+0x154>
   13286:	6762                	ld	a4,24(sp)
   13288:	020e7793          	andi	a5,t3,32
   1328c:	00870593          	addi	a1,a4,8
   13290:	cbf1                	beqz	a5,13364 <_vfprintf_r+0x12b8>
   13292:	6318                	ld	a4,0(a4)
   13294:	001e7793          	andi	a5,t3,1
   13298:	00e036b3          	snez	a3,a4
   1329c:	c399                	beqz	a5,132a2 <_vfprintf_r+0x11f6>
   1329e:	1c069663          	bnez	a3,1346a <_vfprintf_r+0x13be>
   132a2:	0a0103a3          	sb	zero,167(sp)
   132a6:	100ac863          	bltz	s5,133b6 <_vfprintf_r+0x130a>
   132aa:	b7fe7e13          	andi	t3,t3,-1153
   132ae:	1e0a9a63          	bnez	s5,134a2 <_vfprintf_r+0x13f6>
   132b2:	1e069863          	bnez	a3,134a2 <_vfprintf_r+0x13f6>
   132b6:	ec2e                	sd	a1,24(sp)
   132b8:	4481                	li	s1,0
   132ba:	b861                	j	12b52 <_vfprintf_r+0xaa6>
   132bc:	4a81                	li	s5,0
   132be:	b199                	j	12f04 <_vfprintf_r+0xe58>
   132c0:	6669                	lui	a2,0x1a
   132c2:	8e26                	mv	t3,s1
   132c4:	16060613          	addi	a2,a2,352 # 1a160 <__clzdi2+0x13c>
   132c8:	bf7d                	j	13286 <_vfprintf_r+0x11da>
   132ca:	4799                	li	a5,6
   132cc:	000a881b          	sext.w	a6,s5
   132d0:	5957ee63          	bltu	a5,s5,1386c <_vfprintf_r+0x17c0>
   132d4:	67e9                	lui	a5,0x1a
   132d6:	ec26                	sd	s1,24(sp)
   132d8:	88c2                	mv	a7,a6
   132da:	19078793          	addi	a5,a5,400 # 1a190 <__clzdi2+0x16c>
   132de:	f002                	sd	zero,32(sp)
   132e0:	4a81                	li	s5,0
   132e2:	e082                	sd	zero,64(sp)
   132e4:	fc02                	sd	zero,56(sp)
   132e6:	4481                	li	s1,0
   132e8:	f73fe06f          	j	1225a <_vfprintf_r+0x1ae>
   132ec:	48c1                	li	a7,16
   132ee:	572e                	lw	a4,232(sp)
   132f0:	66e9                	lui	a3,0x1a
   132f2:	6358d7e3          	bge	a7,s5,14120 <_vfprintf_r+0x2074>
   132f6:	85a6                	mv	a1,s1
   132f8:	8b56                	mv	s6,s5
   132fa:	84be                	mv	s1,a5
   132fc:	864a                	mv	a2,s2
   132fe:	87de                	mv	a5,s7
   13300:	4d9d                	li	s11,7
   13302:	8ac2                	mv	s5,a6
   13304:	8972                	mv	s2,t3
   13306:	62868c13          	addi	s8,a3,1576 # 1a628 <zeroes.0>
   1330a:	8bae                	mv	s7,a1
   1330c:	a021                	j	13314 <_vfprintf_r+0x1268>
   1330e:	3b41                	addiw	s6,s6,-16
   13310:	5168d863          	bge	a7,s6,13820 <_vfprintf_r+0x1774>
   13314:	0641                	addi	a2,a2,16
   13316:	2705                	addiw	a4,a4,1
   13318:	0187b023          	sd	s8,0(a5)
   1331c:	0117b423          	sd	a7,8(a5)
   13320:	f9b2                	sd	a2,240(sp)
   13322:	d5ba                	sw	a4,232(sp)
   13324:	07c1                	addi	a5,a5,16
   13326:	feedd4e3          	bge	s11,a4,1330e <_vfprintf_r+0x1262>
   1332a:	65a2                	ld	a1,8(sp)
   1332c:	6502                	ld	a0,0(sp)
   1332e:	1190                	addi	a2,sp,224
   13330:	70d000ef          	jal	1423c <__sprint_r>
   13334:	a40519e3          	bnez	a0,12d86 <_vfprintf_r+0xcda>
   13338:	764e                	ld	a2,240(sp)
   1333a:	572e                	lw	a4,232(sp)
   1333c:	87ce                	mv	a5,s3
   1333e:	48c1                	li	a7,16
   13340:	b7f9                	j	1330e <_vfprintf_r+0x1262>
   13342:	cc517057          	vsetivli	zero,2,e8,mf8,ta,ma
   13346:	ea3fe06f          	j	121e8 <_vfprintf_r+0x13c>
   1334a:	2004f493          	andi	s1,s1,512
   1334e:	0a0103a3          	sb	zero,167(sp)
   13352:	5a048763          	beqz	s1,13900 <_vfprintf_r+0x1854>
   13356:	0ff97913          	zext.b	s2,s2
   1335a:	d80adde3          	bgez	s5,130f4 <_vfprintf_r+0x1048>
   1335e:	ec3a                	sd	a4,24(sp)
   13360:	b9eff06f          	j	126fe <_vfprintf_r+0x652>
   13364:	010e7793          	andi	a5,t3,16
   13368:	12078463          	beqz	a5,13490 <_vfprintf_r+0x13e4>
   1336c:	67e2                	ld	a5,24(sp)
   1336e:	6398                	ld	a4,0(a5)
   13370:	b715                	j	13294 <_vfprintf_r+0x11e8>
   13372:	65a2                	ld	a1,8(sp)
   13374:	6502                	ld	a0,0(sp)
   13376:	1190                	addi	a2,sp,224
   13378:	ecc2                	sd	a6,88(sp)
   1337a:	e0f2                	sd	t3,64(sp)
   1337c:	fc3e                	sd	a5,56(sp)
   1337e:	6bf000ef          	jal	1423c <__sprint_r>
   13382:	a00512e3          	bnez	a0,12d86 <_vfprintf_r+0xcda>
   13386:	794e                	ld	s2,240(sp)
   13388:	5aae                	lw	s5,232(sp)
   1338a:	6866                	ld	a6,88(sp)
   1338c:	6e06                	ld	t3,64(sp)
   1338e:	77e2                	ld	a5,56(sp)
   13390:	8b4e                	mv	s6,s3
   13392:	ba9d                	j	12d08 <_vfprintf_r+0xc5c>
   13394:	65a2                	ld	a1,8(sp)
   13396:	6502                	ld	a0,0(sp)
   13398:	1190                	addi	a2,sp,224
   1339a:	ecc2                	sd	a6,88(sp)
   1339c:	e0f2                	sd	t3,64(sp)
   1339e:	fc3e                	sd	a5,56(sp)
   133a0:	69d000ef          	jal	1423c <__sprint_r>
   133a4:	9e0511e3          	bnez	a0,12d86 <_vfprintf_r+0xcda>
   133a8:	794e                	ld	s2,240(sp)
   133aa:	5aae                	lw	s5,232(sp)
   133ac:	6866                	ld	a6,88(sp)
   133ae:	6e06                	ld	t3,64(sp)
   133b0:	77e2                	ld	a5,56(sp)
   133b2:	8b4e                	mv	s6,s3
   133b4:	ba25                	j	12cec <_vfprintf_r+0xc40>
   133b6:	bffe7e13          	andi	t3,t3,-1025
   133ba:	ec2e                	sd	a1,24(sp)
   133bc:	4481                	li	s1,0
   133be:	4501                	li	a0,0
   133c0:	b3c9                	j	13182 <_vfprintf_r+0x10d6>
   133c2:	65a2                	ld	a1,8(sp)
   133c4:	6502                	ld	a0,0(sp)
   133c6:	1190                	addi	a2,sp,224
   133c8:	ed46                	sd	a7,152(sp)
   133ca:	e942                	sd	a6,144(sp)
   133cc:	e172                	sd	t3,128(sp)
   133ce:	f0be                	sd	a5,96(sp)
   133d0:	ec9e                	sd	t2,88(sp)
   133d2:	66b000ef          	jal	1423c <__sprint_r>
   133d6:	9a0518e3          	bnez	a0,12d86 <_vfprintf_r+0xcda>
   133da:	0a714703          	lbu	a4,167(sp)
   133de:	794e                	ld	s2,240(sp)
   133e0:	63e6                	ld	t2,88(sp)
   133e2:	7786                	ld	a5,96(sp)
   133e4:	6e0a                	ld	t3,128(sp)
   133e6:	684a                	ld	a6,144(sp)
   133e8:	68ea                	ld	a7,152(sp)
   133ea:	84da                	mv	s1,s6
   133ec:	18070763          	beqz	a4,1357a <_vfprintf_r+0x14ce>
   133f0:	562e                	lw	a2,232(sp)
   133f2:	4b01                	li	s6,0
   133f4:	8bce                	mv	s7,s3
   133f6:	cc517057          	vsetivli	zero,2,e8,mf8,ta,ma
   133fa:	e77fe06f          	j	12270 <_vfprintf_r+0x1c4>
   133fe:	572e                	lw	a4,232(sp)
   13400:	66e9                	lui	a3,0x1a
   13402:	19868693          	addi	a3,a3,408 # 1a198 <__clzdi2+0x174>
   13406:	00dbb023          	sd	a3,0(s7)
   1340a:	0905                	addi	s2,s2,1
   1340c:	4685                	li	a3,1
   1340e:	2705                	addiw	a4,a4,1
   13410:	00dbb423          	sd	a3,8(s7)
   13414:	f9ca                	sd	s2,240(sp)
   13416:	d5ba                	sw	a4,232(sp)
   13418:	469d                	li	a3,7
   1341a:	0bc1                	addi	s7,s7,16
   1341c:	02e6c4e3          	blt	a3,a4,13c44 <_vfprintf_r+0x1b98>
   13420:	7742                	ld	a4,48(sp)
   13422:	8f51                	or	a4,a4,a2
   13424:	100705e3          	beqz	a4,13d2e <_vfprintf_r+0x1c82>
   13428:	66a6                	ld	a3,72(sp)
   1342a:	572e                	lw	a4,232(sp)
   1342c:	65c6                	ld	a1,80(sp)
   1342e:	9936                	add	s2,s2,a3
   13430:	2705                	addiw	a4,a4,1
   13432:	00dbb423          	sd	a3,8(s7)
   13436:	00bbb023          	sd	a1,0(s7)
   1343a:	f9ca                	sd	s2,240(sp)
   1343c:	d5ba                	sw	a4,232(sp)
   1343e:	469d                	li	a3,7
   13440:	0bc1                	addi	s7,s7,16
   13442:	46e6c763          	blt	a3,a4,138b0 <_vfprintf_r+0x1804>
   13446:	1c0642e3          	bltz	a2,13e0a <_vfprintf_r+0x1d5e>
   1344a:	76c2                	ld	a3,48(sp)
   1344c:	2705                	addiw	a4,a4,1
   1344e:	00fbb023          	sd	a5,0(s7)
   13452:	9936                	add	s2,s2,a3
   13454:	f9ca                	sd	s2,240(sp)
   13456:	d5ba                	sw	a4,232(sp)
   13458:	00dbb423          	sd	a3,8(s7)
   1345c:	479d                	li	a5,7
   1345e:	94e7cf63          	blt	a5,a4,125bc <_vfprintf_r+0x510>
   13462:	cc517057          	vsetivli	zero,2,e8,mf8,ta,ma
   13466:	e7bfe06f          	j	122e0 <_vfprintf_r+0x234>
   1346a:	03000793          	li	a5,48
   1346e:	0bb104a3          	sb	s11,169(sp)
   13472:	0a0103a3          	sb	zero,167(sp)
   13476:	0af10423          	sb	a5,168(sp)
   1347a:	1c0acd63          	bltz	s5,13654 <_vfprintf_r+0x15a8>
   1347e:	b7fe7f13          	andi	t5,t3,-1153
   13482:	002f6e13          	ori	t3,t5,2
   13486:	4489                	li	s1,2
   13488:	0a714503          	lbu	a0,167(sp)
   1348c:	ec2e                	sd	a1,24(sp)
   1348e:	b9d5                	j	13182 <_vfprintf_r+0x10d6>
   13490:	6762                	ld	a4,24(sp)
   13492:	040e7793          	andi	a5,t3,64
   13496:	4318                	lw	a4,0(a4)
   13498:	0e078a63          	beqz	a5,1358c <_vfprintf_r+0x14e0>
   1349c:	1742                	slli	a4,a4,0x30
   1349e:	9341                	srli	a4,a4,0x30
   134a0:	bbd5                	j	13294 <_vfprintf_r+0x11e8>
   134a2:	4481                	li	s1,0
   134a4:	b7d5                	j	13488 <_vfprintf_r+0x13dc>
   134a6:	6502                	ld	a0,0(sp)
   134a8:	a0efe0ef          	jal	116b6 <__sinit>
   134ac:	c3dfe06f          	j	120e8 <_vfprintf_r+0x3c>
   134b0:	65a2                	ld	a1,8(sp)
   134b2:	6502                	ld	a0,0(sp)
   134b4:	1190                	addi	a2,sp,224
   134b6:	e0c2                	sd	a6,64(sp)
   134b8:	fc72                	sd	t3,56(sp)
   134ba:	583000ef          	jal	1423c <__sprint_r>
   134be:	8c0514e3          	bnez	a0,12d86 <_vfprintf_r+0xcda>
   134c2:	794e                	ld	s2,240(sp)
   134c4:	6806                	ld	a6,64(sp)
   134c6:	7e62                	ld	t3,56(sp)
   134c8:	8bce                	mv	s7,s3
   134ca:	d96ff06f          	j	12a60 <_vfprintf_r+0x9b4>
   134ce:	84e2                	mv	s1,s8
   134d0:	b865                	j	12d88 <_vfprintf_r+0xcdc>
   134d2:	65a2                	ld	a1,8(sp)
   134d4:	6502                	ld	a0,0(sp)
   134d6:	1190                	addi	a2,sp,224
   134d8:	e0c2                	sd	a6,64(sp)
   134da:	fc72                	sd	t3,56(sp)
   134dc:	561000ef          	jal	1423c <__sprint_r>
   134e0:	8a0513e3          	bnez	a0,12d86 <_vfprintf_r+0xcda>
   134e4:	794e                	ld	s2,240(sp)
   134e6:	6806                	ld	a6,64(sp)
   134e8:	7e62                	ld	t3,56(sp)
   134ea:	8bce                	mv	s7,s3
   134ec:	cc517057          	vsetivli	zero,2,e8,mf8,ta,ma
   134f0:	da2ff06f          	j	12a92 <_vfprintf_r+0x9e6>
   134f4:	654e                	ld	a0,208(sp)
   134f6:	65ee                	ld	a1,216(sp)
   134f8:	f7fe7e13          	andi	t3,t3,-129
   134fc:	4601                	li	a2,0
   134fe:	4681                	li	a3,0
   13500:	f072                	sd	t3,32(sp)
   13502:	255050ef          	jal	18f56 <__letf2>
   13506:	7e02                	ld	t3,32(sp)
   13508:	76054363          	bltz	a0,13c6e <_vfprintf_r+0x1bc2>
   1350c:	04700793          	li	a5,71
   13510:	0a714703          	lbu	a4,167(sp)
   13514:	45b7cf63          	blt	a5,s11,13972 <_vfprintf_r+0x18c6>
   13518:	67e9                	lui	a5,0x1a
   1351a:	14078793          	addi	a5,a5,320 # 1a140 <__clzdi2+0x11c>
   1351e:	e77d                	bnez	a4,1360c <_vfprintf_r+0x1560>
   13520:	488d                	li	a7,3
   13522:	8846                	mv	a6,a7
   13524:	cc517057          	vsetivli	zero,2,e8,mf8,ta,ma
   13528:	bb5d                	j	132de <_vfprintf_r+0x1232>
   1352a:	6669                	lui	a2,0x1a
   1352c:	16060613          	addi	a2,a2,352 # 1a160 <__clzdi2+0x13c>
   13530:	4489                	li	s1,2
   13532:	07800d93          	li	s11,120
   13536:	bf89                	j	13488 <_vfprintf_r+0x13dc>
   13538:	77ce                	ld	a5,240(sp)
   1353a:	64a2                	ld	s1,8(sp)
   1353c:	84078be3          	beqz	a5,12d92 <_vfprintf_r+0xce6>
   13540:	6502                	ld	a0,0(sp)
   13542:	1190                	addi	a2,sp,224
   13544:	85a6                	mv	a1,s1
   13546:	4f7000ef          	jal	1423c <__sprint_r>
   1354a:	849ff06f          	j	12d92 <_vfprintf_r+0xce6>
   1354e:	853e                	mv	a0,a5
   13550:	f072                	sd	t3,32(sp)
   13552:	ec3e                	sd	a5,24(sp)
   13554:	780010ef          	jal	14cd4 <strlen>
   13558:	0005089b          	sext.w	a7,a0
   1355c:	67e2                	ld	a5,24(sp)
   1355e:	7e02                	ld	t3,32(sp)
   13560:	8746                	mv	a4,a7
   13562:	3c08ce63          	bltz	a7,1393e <_vfprintf_r+0x1892>
   13566:	0a714683          	lbu	a3,167(sp)
   1356a:	0007081b          	sext.w	a6,a4
   1356e:	8c068963          	beqz	a3,12640 <_vfprintf_r+0x594>
   13572:	0017081b          	addiw	a6,a4,1
   13576:	8caff06f          	j	12640 <_vfprintf_r+0x594>
   1357a:	34038d63          	beqz	t2,138d4 <_vfprintf_r+0x1828>
   1357e:	562e                	lw	a2,232(sp)
   13580:	4b01                	li	s6,0
   13582:	8bce                	mv	s7,s3
   13584:	cc517057          	vsetivli	zero,2,e8,mf8,ta,ma
   13588:	d0dfe06f          	j	12294 <_vfprintf_r+0x1e8>
   1358c:	200e7793          	andi	a5,t3,512
   13590:	36078563          	beqz	a5,138fa <_vfprintf_r+0x184e>
   13594:	0ff77713          	zext.b	a4,a4
   13598:	b9f5                	j	13294 <_vfprintf_r+0x11e8>
   1359a:	2004f793          	andi	a5,s1,512
   1359e:	38078563          	beqz	a5,13928 <_vfprintf_r+0x187c>
   135a2:	0ff6f693          	zext.b	a3,a3
   135a6:	ec3a                	sd	a4,24(sp)
   135a8:	8826                	mv	a6,s1
   135aa:	b5eff06f          	j	12908 <_vfprintf_r+0x85c>
   135ae:	cc517057          	vsetivli	zero,2,e8,mf8,ta,ma
   135b2:	c37fe06f          	j	121e8 <_vfprintf_r+0x13c>
   135b6:	cc517057          	vsetivli	zero,2,e8,mf8,ta,ma
   135ba:	c2ffe06f          	j	121e8 <_vfprintf_r+0x13c>
   135be:	2004f793          	andi	a5,s1,512
   135c2:	34078f63          	beqz	a5,13920 <_vfprintf_r+0x1874>
   135c6:	0189191b          	slliw	s2,s2,0x18
   135ca:	4189591b          	sraiw	s2,s2,0x18
   135ce:	ec3a                	sd	a4,24(sp)
   135d0:	87ca                	mv	a5,s2
   135d2:	8a8ff06f          	j	1267a <_vfprintf_r+0x5ce>
   135d6:	f002                	sd	zero,32(sp)
   135d8:	4881                	li	a7,0
   135da:	e082                	sd	zero,64(sp)
   135dc:	fc02                	sd	zero,56(sp)
   135de:	4481                	li	s1,0
   135e0:	0afc                	addi	a5,sp,348
   135e2:	4801                	li	a6,0
   135e4:	c77fe06f          	j	1225a <_vfprintf_r+0x1ae>
   135e8:	67ee                	ld	a5,216(sp)
   135ea:	f7fe7e13          	andi	t3,t3,-129
   135ee:	03f7d493          	srli	s1,a5,0x3f
   135f2:	3407db63          	bgez	a5,13948 <_vfprintf_r+0x189c>
   135f6:	02d00793          	li	a5,45
   135fa:	0af103a3          	sb	a5,167(sp)
   135fe:	04700793          	li	a5,71
   13602:	19b7dae3          	bge	a5,s11,13f96 <_vfprintf_r+0x1eea>
   13606:	67e9                	lui	a5,0x1a
   13608:	15878793          	addi	a5,a5,344 # 1a158 <__clzdi2+0x134>
   1360c:	f002                	sd	zero,32(sp)
   1360e:	488d                	li	a7,3
   13610:	4a81                	li	s5,0
   13612:	e082                	sd	zero,64(sp)
   13614:	fc02                	sd	zero,56(sp)
   13616:	4481                	li	s1,0
   13618:	4811                	li	a6,4
   1361a:	cc517057          	vsetivli	zero,2,e8,mf8,ta,ma
   1361e:	c3dfe06f          	j	1225a <_vfprintf_r+0x1ae>
   13622:	100e6713          	ori	a4,t3,256
   13626:	57fd                	li	a5,-1
   13628:	f03a                	sd	a4,32(sp)
   1362a:	64ce                	ld	s1,208(sp)
   1362c:	6b6e                	ld	s6,216(sp)
   1362e:	38fa8463          	beq	s5,a5,139b6 <_vfprintf_r+0x190a>
   13632:	ec82                	sd	zero,88(sp)
   13634:	000a9663          	bnez	s5,13640 <_vfprintf_r+0x1594>
   13638:	fb990713          	addi	a4,s2,-71
   1363c:	44070c63          	beqz	a4,13a94 <_vfprintf_r+0x19e8>
   13640:	360b5f63          	bgez	s6,139be <_vfprintf_r+0x1912>
   13644:	57fd                	li	a5,-1
   13646:	17fe                	slli	a5,a5,0x3f
   13648:	00fb4b33          	xor	s6,s6,a5
   1364c:	02d00793          	li	a5,45
   13650:	ecbe                	sd	a5,88(sp)
   13652:	a6b5                	j	139be <_vfprintf_r+0x1912>
   13654:	bffe7f13          	andi	t5,t3,-1025
   13658:	002f6e13          	ori	t3,t5,2
   1365c:	ec2e                	sd	a1,24(sp)
   1365e:	4489                	li	s1,2
   13660:	4501                	li	a0,0
   13662:	b605                	j	13182 <_vfprintf_r+0x10d6>
   13664:	4b41                	li	s6,16
   13666:	57ae                	lw	a5,232(sp)
   13668:	cc517057          	vsetivli	zero,2,e8,mf8,ta,ma
   1366c:	66e9                	lui	a3,0x1a
   1366e:	5d5b5763          	bge	s6,s5,13c3c <_vfprintf_r+0x1b90>
   13672:	84d6                	mv	s1,s5
   13674:	874a                	mv	a4,s2
   13676:	4d9d                	li	s11,7
   13678:	8ac2                	mv	s5,a6
   1367a:	8972                	mv	s2,t3
   1367c:	62868c13          	addi	s8,a3,1576 # 1a628 <zeroes.0>
   13680:	a031                	j	1368c <_vfprintf_r+0x15e0>
   13682:	34c1                	addiw	s1,s1,-16
   13684:	009b4463          	blt	s6,s1,1368c <_vfprintf_r+0x15e0>
   13688:	f15fe06f          	j	1259c <_vfprintf_r+0x4f0>
   1368c:	0741                	addi	a4,a4,16
   1368e:	2785                	addiw	a5,a5,1
   13690:	018bb023          	sd	s8,0(s7)
   13694:	016bb423          	sd	s6,8(s7)
   13698:	f9ba                	sd	a4,240(sp)
   1369a:	d5be                	sw	a5,232(sp)
   1369c:	0bc1                	addi	s7,s7,16
   1369e:	fefdd2e3          	bge	s11,a5,13682 <_vfprintf_r+0x15d6>
   136a2:	65a2                	ld	a1,8(sp)
   136a4:	6502                	ld	a0,0(sp)
   136a6:	1190                	addi	a2,sp,224
   136a8:	395000ef          	jal	1423c <__sprint_r>
   136ac:	ec051d63          	bnez	a0,12d86 <_vfprintf_r+0xcda>
   136b0:	774e                	ld	a4,240(sp)
   136b2:	57ae                	lw	a5,232(sp)
   136b4:	8bce                	mv	s7,s3
   136b6:	cc517057          	vsetivli	zero,2,e8,mf8,ta,ma
   136ba:	b7e1                	j	13682 <_vfprintf_r+0x15d6>
   136bc:	7662                	ld	a2,56(sp)
   136be:	6586                	ld	a1,64(sp)
   136c0:	00b66733          	or	a4,a2,a1
   136c4:	2a0708e3          	beqz	a4,14174 <_vfprintf_r+0x20c8>
   136c8:	7742                	ld	a4,48(sp)
   136ca:	ecea                	sd	s10,88(sp)
   136cc:	ed66                	sd	s9,152(sp)
   136ce:	7d66                	ld	s10,120(sp)
   136d0:	6caa                	ld	s9,136(sp)
   136d2:	6aa2                	ld	s5,8(sp)
   136d4:	00e78333          	add	t1,a5,a4
   136d8:	68e9                	lui	a7,0x1a
   136da:	8c6e                	mv	s8,s11
   136dc:	f0be                	sd	a5,96(sp)
   136de:	874a                	mv	a4,s2
   136e0:	87de                	mv	a5,s7
   136e2:	62888893          	addi	a7,a7,1576 # 1a628 <zeroes.0>
   136e6:	469d                	li	a3,7
   136e8:	4b41                	li	s6,16
   136ea:	e172                	sd	t3,128(sp)
   136ec:	8dae                	mv	s11,a1
   136ee:	e942                	sd	a6,144(sp)
   136f0:	8932                	mv	s2,a2
   136f2:	8b9a                	mv	s7,t1
   136f4:	07b04c63          	bgtz	s11,1376c <_vfprintf_r+0x16c0>
   136f8:	1d7d                	addi	s10,s10,-1
   136fa:	397d                	addiw	s2,s2,-1
   136fc:	562e                	lw	a2,232(sp)
   136fe:	75c6                	ld	a1,112(sp)
   13700:	9766                	add	a4,a4,s9
   13702:	2605                	addiw	a2,a2,1
   13704:	e38c                	sd	a1,0(a5)
   13706:	0197b423          	sd	s9,8(a5)
   1370a:	f9ba                	sd	a4,240(sp)
   1370c:	d5b2                	sw	a2,232(sp)
   1370e:	07c1                	addi	a5,a5,16
   13710:	0cc6c663          	blt	a3,a2,137dc <_vfprintf_r+0x1730>
   13714:	000d4603          	lbu	a2,0(s10)
   13718:	418b83b3          	sub	t2,s7,s8
   1371c:	0003859b          	sext.w	a1,t2
   13720:	0006081b          	sext.w	a6,a2
   13724:	82de                	mv	t0,s7
   13726:	00b65363          	bge	a2,a1,1372c <_vfprintf_r+0x1680>
   1372a:	83c2                	mv	t2,a6
   1372c:	0003849b          	sext.w	s1,t2
   13730:	02905163          	blez	s1,13752 <_vfprintf_r+0x16a6>
   13734:	562e                	lw	a2,232(sp)
   13736:	9726                	add	a4,a4,s1
   13738:	f9ba                	sd	a4,240(sp)
   1373a:	2605                	addiw	a2,a2,1
   1373c:	0187b023          	sd	s8,0(a5)
   13740:	e784                	sd	s1,8(a5)
   13742:	d5b2                	sw	a2,232(sp)
   13744:	0ac6ca63          	blt	a3,a2,137f8 <_vfprintf_r+0x174c>
   13748:	000d4603          	lbu	a2,0(s10)
   1374c:	07c1                	addi	a5,a5,16
   1374e:	0006081b          	sext.w	a6,a2
   13752:	85a6                	mv	a1,s1
   13754:	0004d363          	bgez	s1,1375a <_vfprintf_r+0x16ae>
   13758:	4581                	li	a1,0
   1375a:	40b804bb          	subw	s1,a6,a1
   1375e:	00904963          	bgtz	s1,13770 <_vfprintf_r+0x16c4>
   13762:	9c32                	add	s8,s8,a2
   13764:	f92048e3          	bgtz	s2,136f4 <_vfprintf_r+0x1648>
   13768:	4bb05b63          	blez	s11,13c1e <_vfprintf_r+0x1b72>
   1376c:	3dfd                	addiw	s11,s11,-1
   1376e:	b779                	j	136fc <_vfprintf_r+0x1650>
   13770:	65e9                	lui	a1,0x1a
   13772:	562e                	lw	a2,232(sp)
   13774:	62858593          	addi	a1,a1,1576 # 1a628 <zeroes.0>
   13778:	049b5663          	bge	s6,s1,137c4 <_vfprintf_r+0x1718>
   1377c:	fc16                	sd	t0,56(sp)
   1377e:	e0c6                	sd	a7,64(sp)
   13780:	a021                	j	13788 <_vfprintf_r+0x16dc>
   13782:	34c1                	addiw	s1,s1,-16
   13784:	029b5e63          	bge	s6,s1,137c0 <_vfprintf_r+0x1714>
   13788:	0741                	addi	a4,a4,16
   1378a:	2605                	addiw	a2,a2,1
   1378c:	0117b023          	sd	a7,0(a5)
   13790:	0167b423          	sd	s6,8(a5)
   13794:	f9ba                	sd	a4,240(sp)
   13796:	d5b2                	sw	a2,232(sp)
   13798:	07c1                	addi	a5,a5,16
   1379a:	fec6d4e3          	bge	a3,a2,13782 <_vfprintf_r+0x16d6>
   1379e:	6502                	ld	a0,0(sp)
   137a0:	1190                	addi	a2,sp,224
   137a2:	85d6                	mv	a1,s5
   137a4:	299000ef          	jal	1423c <__sprint_r>
   137a8:	4c051063          	bnez	a0,13c68 <_vfprintf_r+0x1bbc>
   137ac:	66e9                	lui	a3,0x1a
   137ae:	34c1                	addiw	s1,s1,-16
   137b0:	62868893          	addi	a7,a3,1576 # 1a628 <zeroes.0>
   137b4:	774e                	ld	a4,240(sp)
   137b6:	562e                	lw	a2,232(sp)
   137b8:	87ce                	mv	a5,s3
   137ba:	469d                	li	a3,7
   137bc:	fc9b46e3          	blt	s6,s1,13788 <_vfprintf_r+0x16dc>
   137c0:	72e2                	ld	t0,56(sp)
   137c2:	6586                	ld	a1,64(sp)
   137c4:	9726                	add	a4,a4,s1
   137c6:	2605                	addiw	a2,a2,1
   137c8:	f9ba                	sd	a4,240(sp)
   137ca:	d5b2                	sw	a2,232(sp)
   137cc:	e38c                	sd	a1,0(a5)
   137ce:	e784                	sd	s1,8(a5)
   137d0:	4ac6cb63          	blt	a3,a2,13c86 <_vfprintf_r+0x1bda>
   137d4:	000d4603          	lbu	a2,0(s10)
   137d8:	07c1                	addi	a5,a5,16
   137da:	b761                	j	13762 <_vfprintf_r+0x16b6>
   137dc:	6502                	ld	a0,0(sp)
   137de:	1190                	addi	a2,sp,224
   137e0:	85d6                	mv	a1,s5
   137e2:	25b000ef          	jal	1423c <__sprint_r>
   137e6:	48051163          	bnez	a0,13c68 <_vfprintf_r+0x1bbc>
   137ea:	66e9                	lui	a3,0x1a
   137ec:	62868893          	addi	a7,a3,1576 # 1a628 <zeroes.0>
   137f0:	774e                	ld	a4,240(sp)
   137f2:	87ce                	mv	a5,s3
   137f4:	469d                	li	a3,7
   137f6:	bf39                	j	13714 <_vfprintf_r+0x1668>
   137f8:	6502                	ld	a0,0(sp)
   137fa:	1190                	addi	a2,sp,224
   137fc:	85d6                	mv	a1,s5
   137fe:	fc16                	sd	t0,56(sp)
   13800:	23d000ef          	jal	1423c <__sprint_r>
   13804:	46051263          	bnez	a0,13c68 <_vfprintf_r+0x1bbc>
   13808:	000d4603          	lbu	a2,0(s10)
   1380c:	66e9                	lui	a3,0x1a
   1380e:	62868893          	addi	a7,a3,1576 # 1a628 <zeroes.0>
   13812:	774e                	ld	a4,240(sp)
   13814:	72e2                	ld	t0,56(sp)
   13816:	87ce                	mv	a5,s3
   13818:	0006081b          	sext.w	a6,a2
   1381c:	469d                	li	a3,7
   1381e:	bf15                	j	13752 <_vfprintf_r+0x16a6>
   13820:	85de                	mv	a1,s7
   13822:	8e4a                	mv	t3,s2
   13824:	8856                	mv	a6,s5
   13826:	8bbe                	mv	s7,a5
   13828:	8ada                	mv	s5,s6
   1382a:	87a6                	mv	a5,s1
   1382c:	8932                	mv	s2,a2
   1382e:	86e2                	mv	a3,s8
   13830:	84ae                	mv	s1,a1
   13832:	9956                	add	s2,s2,s5
   13834:	2705                	addiw	a4,a4,1
   13836:	00dbb023          	sd	a3,0(s7)
   1383a:	015bb423          	sd	s5,8(s7)
   1383e:	f9ca                	sd	s2,240(sp)
   13840:	d5ba                	sw	a4,232(sp)
   13842:	469d                	li	a3,7
   13844:	0bc1                	addi	s7,s7,16
   13846:	ece6d363          	bge	a3,a4,12f0c <_vfprintf_r+0xe60>
   1384a:	65a2                	ld	a1,8(sp)
   1384c:	6502                	ld	a0,0(sp)
   1384e:	1190                	addi	a2,sp,224
   13850:	e142                	sd	a6,128(sp)
   13852:	f0f2                	sd	t3,96(sp)
   13854:	ecbe                	sd	a5,88(sp)
   13856:	1e7000ef          	jal	1423c <__sprint_r>
   1385a:	d2051663          	bnez	a0,12d86 <_vfprintf_r+0xcda>
   1385e:	794e                	ld	s2,240(sp)
   13860:	680a                	ld	a6,128(sp)
   13862:	7e06                	ld	t3,96(sp)
   13864:	67e6                	ld	a5,88(sp)
   13866:	8bce                	mv	s7,s3
   13868:	ea4ff06f          	j	12f0c <_vfprintf_r+0xe60>
   1386c:	0007881b          	sext.w	a6,a5
   13870:	b495                	j	132d4 <_vfprintf_r+0x1228>
   13872:	65a2                	ld	a1,8(sp)
   13874:	6502                	ld	a0,0(sp)
   13876:	1190                	addi	a2,sp,224
   13878:	e142                	sd	a6,128(sp)
   1387a:	f0f2                	sd	t3,96(sp)
   1387c:	ecbe                	sd	a5,88(sp)
   1387e:	1bf000ef          	jal	1423c <__sprint_r>
   13882:	d0051263          	bnez	a0,12d86 <_vfprintf_r+0xcda>
   13886:	794e                	ld	s2,240(sp)
   13888:	680a                	ld	a6,128(sp)
   1388a:	7e06                	ld	t3,96(sp)
   1388c:	67e6                	ld	a5,88(sp)
   1388e:	8bce                	mv	s7,s3
   13890:	e6eff06f          	j	12efe <_vfprintf_r+0xe52>
   13894:	66a6                	ld	a3,72(sp)
   13896:	572e                	lw	a4,232(sp)
   13898:	6646                	ld	a2,80(sp)
   1389a:	9936                	add	s2,s2,a3
   1389c:	2705                	addiw	a4,a4,1
   1389e:	00dbb423          	sd	a3,8(s7)
   138a2:	f9ca                	sd	s2,240(sp)
   138a4:	00cbb023          	sd	a2,0(s7)
   138a8:	d5ba                	sw	a4,232(sp)
   138aa:	469d                	li	a3,7
   138ac:	62e6d563          	bge	a3,a4,13ed6 <_vfprintf_r+0x1e2a>
   138b0:	65a2                	ld	a1,8(sp)
   138b2:	6502                	ld	a0,0(sp)
   138b4:	1190                	addi	a2,sp,224
   138b6:	ecc2                	sd	a6,88(sp)
   138b8:	e0f2                	sd	t3,64(sp)
   138ba:	fc3e                	sd	a5,56(sp)
   138bc:	181000ef          	jal	1423c <__sprint_r>
   138c0:	cc051363          	bnez	a0,12d86 <_vfprintf_r+0xcda>
   138c4:	564a                	lw	a2,176(sp)
   138c6:	794e                	ld	s2,240(sp)
   138c8:	572e                	lw	a4,232(sp)
   138ca:	6866                	ld	a6,88(sp)
   138cc:	6e06                	ld	t3,64(sp)
   138ce:	77e2                	ld	a5,56(sp)
   138d0:	8bce                	mv	s7,s3
   138d2:	be95                	j	13446 <_vfprintf_r+0x139a>
   138d4:	8bce                	mv	s7,s3
   138d6:	cc517057          	vsetivli	zero,2,e8,mf8,ta,ma
   138da:	9dffe06f          	j	122b8 <_vfprintf_r+0x20c>
   138de:	00d78b33          	add	s6,a5,a3
   138e2:	41bb0b33          	sub	s6,s6,s11
   138e6:	41568abb          	subw	s5,a3,s5
   138ea:	000b079b          	sext.w	a5,s6
   138ee:	00fad363          	bge	s5,a5,138f4 <_vfprintf_r+0x1848>
   138f2:	8b56                	mv	s6,s5
   138f4:	2b01                	sext.w	s6,s6
   138f6:	e86ff06f          	j	12f7c <_vfprintf_r+0xed0>
   138fa:	1702                	slli	a4,a4,0x20
   138fc:	9301                	srli	a4,a4,0x20
   138fe:	ba59                	j	13294 <_vfprintf_r+0x11e8>
   13900:	1902                	slli	s2,s2,0x20
   13902:	02095913          	srli	s2,s2,0x20
   13906:	a40acce3          	bltz	s5,1335e <_vfprintf_r+0x12b2>
   1390a:	ec3a                	sd	a4,24(sp)
   1390c:	f7fe7e13          	andi	t3,t3,-129
   13910:	000a8463          	beqz	s5,13918 <_vfprintf_r+0x186c>
   13914:	debfe06f          	j	126fe <_vfprintf_r+0x652>
   13918:	a2090d63          	beqz	s2,12b52 <_vfprintf_r+0xaa6>
   1391c:	de3fe06f          	j	126fe <_vfprintf_r+0x652>
   13920:	ec3a                	sd	a4,24(sp)
   13922:	87ca                	mv	a5,s2
   13924:	d57fe06f          	j	1267a <_vfprintf_r+0x5ce>
   13928:	1682                	slli	a3,a3,0x20
   1392a:	9281                	srli	a3,a3,0x20
   1392c:	ec3a                	sd	a4,24(sp)
   1392e:	8826                	mv	a6,s1
   13930:	fd9fe06f          	j	12908 <_vfprintf_r+0x85c>
   13934:	67c2                	ld	a5,16(sp)
   13936:	00f71023          	sh	a5,0(a4)
   1393a:	83dfe06f          	j	12176 <_vfprintf_r+0xca>
   1393e:	4701                	li	a4,0
   13940:	b11d                	j	13566 <_vfprintf_r+0x14ba>
   13942:	4681                	li	a3,0
   13944:	cf3fe06f          	j	12636 <_vfprintf_r+0x58a>
   13948:	04700793          	li	a5,71
   1394c:	0a714703          	lbu	a4,167(sp)
   13950:	5fb7d863          	bge	a5,s11,13f40 <_vfprintf_r+0x1e94>
   13954:	67e9                	lui	a5,0x1a
   13956:	15878793          	addi	a5,a5,344 # 1a158 <__clzdi2+0x134>
   1395a:	7e071f63          	bnez	a4,14158 <_vfprintf_r+0x20ac>
   1395e:	488d                	li	a7,3
   13960:	8846                	mv	a6,a7
   13962:	4a81                	li	s5,0
   13964:	e082                	sd	zero,64(sp)
   13966:	fc02                	sd	zero,56(sp)
   13968:	f002                	sd	zero,32(sp)
   1396a:	cc517057          	vsetivli	zero,2,e8,mf8,ta,ma
   1396e:	8edfe06f          	j	1225a <_vfprintf_r+0x1ae>
   13972:	67e9                	lui	a5,0x1a
   13974:	14878793          	addi	a5,a5,328 # 1a148 <__clzdi2+0x124>
   13978:	b65d                	j	1351e <_vfprintf_r+0x1472>
   1397a:	6502                	ld	a0,0(sp)
   1397c:	001a859b          	addiw	a1,s5,1
   13980:	f072                	sd	t3,32(sp)
   13982:	fc5fc0ef          	jal	10946 <_malloc_r>
   13986:	7e02                	ld	t3,32(sp)
   13988:	87aa                	mv	a5,a0
   1398a:	7e050d63          	beqz	a0,14184 <_vfprintf_r+0x20d8>
   1398e:	65ee                	ld	a1,216(sp)
   13990:	f03e                	sd	a5,32(sp)
   13992:	ec82                	sd	zero,88(sp)
   13994:	654e                	ld	a0,208(sp)
   13996:	0005c463          	bltz	a1,1399e <_vfprintf_r+0x18f2>
   1399a:	a6dfe06f          	j	12406 <_vfprintf_r+0x35a>
   1399e:	577d                	li	a4,-1
   139a0:	177e                	slli	a4,a4,0x3f
   139a2:	8db9                	xor	a1,a1,a4
   139a4:	02d00713          	li	a4,45
   139a8:	ecba                	sd	a4,88(sp)
   139aa:	a5dfe06f          	j	12406 <_vfprintf_r+0x35a>
   139ae:	07800793          	li	a5,120
   139b2:	a33fe06f          	j	123e4 <_vfprintf_r+0x338>
   139b6:	740b4963          	bltz	s6,14108 <_vfprintf_r+0x205c>
   139ba:	ec82                	sd	zero,88(sp)
   139bc:	4a99                	li	s5,6
   139be:	04600793          	li	a5,70
   139c2:	30f91563          	bne	s2,a5,13ccc <_vfprintf_r+0x1c20>
   139c6:	6502                	ld	a0,0(sp)
   139c8:	191c                	addi	a5,sp,176
   139ca:	8756                	mv	a4,s5
   139cc:	468d                	li	a3,3
   139ce:	865a                	mv	a2,s6
   139d0:	0c810893          	addi	a7,sp,200
   139d4:	0b410813          	addi	a6,sp,180
   139d8:	85a6                	mv	a1,s1
   139da:	f872                	sd	t3,48(sp)
   139dc:	49a010ef          	jal	14e76 <_ldtoa_r>
   139e0:	00054603          	lbu	a2,0(a0)
   139e4:	03000693          	li	a3,48
   139e8:	7e42                	ld	t3,48(sp)
   139ea:	87aa                	mv	a5,a0
   139ec:	01550733          	add	a4,a0,s5
   139f0:	66d60763          	beq	a2,a3,1405e <_vfprintf_r+0x1fb2>
   139f4:	56ca                	lw	a3,176(sp)
   139f6:	00d70c33          	add	s8,a4,a3
   139fa:	8526                	mv	a0,s1
   139fc:	85da                	mv	a1,s6
   139fe:	4601                	li	a2,0
   13a00:	4681                	li	a3,0
   13a02:	fc72                	sd	t3,56(sp)
   13a04:	f83e                	sd	a5,48(sp)
   13a06:	3f2050ef          	jal	18df8 <__eqtf2>
   13a0a:	77c2                	ld	a5,48(sp)
   13a0c:	7e62                	ld	t3,56(sp)
   13a0e:	56050c63          	beqz	a0,13f86 <_vfprintf_r+0x1eda>
   13a12:	68ae                	ld	a7,200(sp)
   13a14:	7388f963          	bgeu	a7,s8,14146 <_vfprintf_r+0x209a>
   13a18:	03000693          	li	a3,48
   13a1c:	00188713          	addi	a4,a7,1
   13a20:	e5ba                	sd	a4,200(sp)
   13a22:	00d88023          	sb	a3,0(a7)
   13a26:	68ae                	ld	a7,200(sp)
   13a28:	ff88eae3          	bltu	a7,s8,13a1c <_vfprintf_r+0x1970>
   13a2c:	40f888b3          	sub	a7,a7,a5
   13a30:	0008869b          	sext.w	a3,a7
   13a34:	04700713          	li	a4,71
   13a38:	f836                	sd	a3,48(sp)
   13a3a:	54ca                	lw	s1,176(sp)
   13a3c:	0ae90063          	beq	s2,a4,13adc <_vfprintf_r+0x1a30>
   13a40:	04600713          	li	a4,70
   13a44:	0ae91263          	bne	s2,a4,13ae8 <_vfprintf_r+0x1a3c>
   13a48:	001e7713          	andi	a4,t3,1
   13a4c:	00eae733          	or	a4,s5,a4
   13a50:	2701                	sext.w	a4,a4
   13a52:	62905e63          	blez	s1,1408e <_vfprintf_r+0x1fe2>
   13a56:	5e071963          	bnez	a4,14048 <_vfprintf_r+0x1f9c>
   13a5a:	88a6                	mv	a7,s1
   13a5c:	06600d93          	li	s11,102
   13a60:	400e7f13          	andi	t5,t3,1024
   13a64:	4e0f1463          	bnez	t5,13f4c <_vfprintf_r+0x1ea0>
   13a68:	0008881b          	sext.w	a6,a7
   13a6c:	0008d363          	bgez	a7,13a72 <_vfprintf_r+0x19c6>
   13a70:	4801                	li	a6,0
   13a72:	6766                	ld	a4,88(sp)
   13a74:	34070b63          	beqz	a4,13dca <_vfprintf_r+0x1d1e>
   13a78:	02d00713          	li	a4,45
   13a7c:	0ae103a3          	sb	a4,167(sp)
   13a80:	2805                	addiw	a6,a6,1
   13a82:	7e02                	ld	t3,32(sp)
   13a84:	4a81                	li	s5,0
   13a86:	f002                	sd	zero,32(sp)
   13a88:	e082                	sd	zero,64(sp)
   13a8a:	fc02                	sd	zero,56(sp)
   13a8c:	cc517057          	vsetivli	zero,2,e8,mf8,ta,ma
   13a90:	fcafe06f          	j	1225a <_vfprintf_r+0x1ae>
   13a94:	000b5863          	bgez	s6,13aa4 <_vfprintf_r+0x19f8>
   13a98:	17fe                	slli	a5,a5,0x3f
   13a9a:	00fb4b33          	xor	s6,s6,a5
   13a9e:	02d00793          	li	a5,45
   13aa2:	ecbe                	sd	a5,88(sp)
   13aa4:	6502                	ld	a0,0(sp)
   13aa6:	191c                	addi	a5,sp,176
   13aa8:	0c810893          	addi	a7,sp,200
   13aac:	0b410813          	addi	a6,sp,180
   13ab0:	4705                	li	a4,1
   13ab2:	4689                	li	a3,2
   13ab4:	85a6                	mv	a1,s1
   13ab6:	865a                	mv	a2,s6
   13ab8:	fc72                	sd	t3,56(sp)
   13aba:	3bc010ef          	jal	14e76 <_ldtoa_r>
   13abe:	7e62                	ld	t3,56(sp)
   13ac0:	4a85                	li	s5,1
   13ac2:	87aa                	mv	a5,a0
   13ac4:	f856                	sd	s5,48(sp)
   13ac6:	001e7713          	andi	a4,t3,1
   13aca:	38071d63          	bnez	a4,13e64 <_vfprintf_r+0x1db8>
   13ace:	68ae                	ld	a7,200(sp)
   13ad0:	54ca                	lw	s1,176(sp)
   13ad2:	40f888b3          	sub	a7,a7,a5
   13ad6:	0008871b          	sext.w	a4,a7
   13ada:	f83a                	sd	a4,48(sp)
   13adc:	ffd4a713          	slti	a4,s1,-3
   13ae0:	e319                	bnez	a4,13ae6 <_vfprintf_r+0x1a3a>
   13ae2:	0e9ad563          	bge	s5,s1,13bcc <_vfprintf_r+0x1b20>
   13ae6:	3df9                	addiw	s11,s11,-2
   13ae8:	fff4871b          	addiw	a4,s1,-1
   13aec:	0bb10c23          	sb	s11,184(sp)
   13af0:	d93a                	sw	a4,176(sp)
   13af2:	4e074a63          	bltz	a4,13fe6 <_vfprintf_r+0x1f3a>
   13af6:	02b00693          	li	a3,43
   13afa:	0ad10ca3          	sb	a3,185(sp)
   13afe:	46a5                	li	a3,9
   13b00:	4ee6dc63          	bge	a3,a4,13ff8 <_vfprintf_r+0x1f4c>
   13b04:	fc72                	sd	t3,56(sp)
   13b06:	f002                	sd	zero,32(sp)
   13b08:	0c710f93          	addi	t6,sp,199
   13b0c:	666668b7          	lui	a7,0x66666
   13b10:	857e                	mv	a0,t6
   13b12:	66788893          	addi	a7,a7,1639 # 66666667 <__BSS_END__+0x66649b7f>
   13b16:	06300f13          	li	t5,99
   13b1a:	031706b3          	mul	a3,a4,a7
   13b1e:	41f7561b          	sraiw	a2,a4,0x1f
   13b22:	883a                	mv	a6,a4
   13b24:	85aa                	mv	a1,a0
   13b26:	157d                	addi	a0,a0,-1
   13b28:	9689                	srai	a3,a3,0x22
   13b2a:	9e91                	subw	a3,a3,a2
   13b2c:	0026961b          	slliw	a2,a3,0x2
   13b30:	9e35                	addw	a2,a2,a3
   13b32:	0016161b          	slliw	a2,a2,0x1
   13b36:	9f11                	subw	a4,a4,a2
   13b38:	0307071b          	addiw	a4,a4,48
   13b3c:	fee58fa3          	sb	a4,-1(a1)
   13b40:	8736                	mv	a4,a3
   13b42:	fd0f4ce3          	blt	t5,a6,13b1a <_vfprintf_r+0x1a6e>
   13b46:	0306871b          	addiw	a4,a3,48
   13b4a:	fee50fa3          	sb	a4,-1(a0)
   13b4e:	ffe58513          	addi	a0,a1,-2
   13b52:	5df57b63          	bgeu	a0,t6,14128 <_vfprintf_r+0x207c>
   13b56:	0c910693          	addi	a3,sp,201
   13b5a:	8e8d                	sub	a3,a3,a1
   13b5c:	0ba10613          	addi	a2,sp,186
   13b60:	0c06f757          	vsetvli	a4,a3,e8,m1,ta,ma
   13b64:	02050087          	vle8.v	v1,(a0)
   13b68:	8e99                	sub	a3,a3,a4
   13b6a:	953a                	add	a0,a0,a4
   13b6c:	020600a7          	vse8.v	v1,(a2)
   13b70:	963a                	add	a2,a2,a4
   13b72:	f6fd                	bnez	a3,13b60 <_vfprintf_r+0x1ab4>
   13b74:	0ba10713          	addi	a4,sp,186
   13b78:	977e                	add	a4,a4,t6
   13b7a:	0709                	addi	a4,a4,2
   13b7c:	8f0d                	sub	a4,a4,a1
   13b7e:	1934                	addi	a3,sp,184
   13b80:	9f15                	subw	a4,a4,a3
   13b82:	f4ba                	sd	a4,104(sp)
   13b84:	7642                	ld	a2,48(sp)
   13b86:	7726                	ld	a4,104(sp)
   13b88:	4685                	li	a3,1
   13b8a:	9f31                	addw	a4,a4,a2
   13b8c:	88ba                	mv	a7,a4
   13b8e:	3ac6d463          	bge	a3,a2,13f36 <_vfprintf_r+0x1e8a>
   13b92:	66a6                	ld	a3,72(sp)
   13b94:	00e688bb          	addw	a7,a3,a4
   13b98:	7762                	ld	a4,56(sp)
   13b9a:	0008881b          	sext.w	a6,a7
   13b9e:	bff77f13          	andi	t5,a4,-1025
   13ba2:	100f6e13          	ori	t3,t5,256
   13ba6:	0008d363          	bgez	a7,13bac <_vfprintf_r+0x1b00>
   13baa:	4801                	li	a6,0
   13bac:	7762                	ld	a4,56(sp)
   13bae:	00277493          	andi	s1,a4,2
   13bb2:	6766                	ld	a4,88(sp)
   13bb4:	2e070163          	beqz	a4,13e96 <_vfprintf_r+0x1dea>
   13bb8:	02d00513          	li	a0,45
   13bbc:	0aa103a3          	sb	a0,167(sp)
   13bc0:	4a81                	li	s5,0
   13bc2:	cc517057          	vsetivli	zero,2,e8,mf8,ta,ma
   13bc6:	2805                	addiw	a6,a6,1
   13bc8:	addfe06f          	j	126a4 <_vfprintf_r+0x5f8>
   13bcc:	7742                	ld	a4,48(sp)
   13bce:	02e4c663          	blt	s1,a4,13bfa <_vfprintf_r+0x1b4e>
   13bd2:	001e7713          	andi	a4,t3,1
   13bd6:	88a6                	mv	a7,s1
   13bd8:	c701                	beqz	a4,13be0 <_vfprintf_r+0x1b34>
   13bda:	6726                	ld	a4,72(sp)
   13bdc:	009708bb          	addw	a7,a4,s1
   13be0:	400e7f13          	andi	t5,t3,1024
   13be4:	000f0463          	beqz	t5,13bec <_vfprintf_r+0x1b40>
   13be8:	36904063          	bgtz	s1,13f48 <_vfprintf_r+0x1e9c>
   13bec:	0008881b          	sext.w	a6,a7
   13bf0:	0208c363          	bltz	a7,13c16 <_vfprintf_r+0x1b6a>
   13bf4:	06700d93          	li	s11,103
   13bf8:	bdad                	j	13a72 <_vfprintf_r+0x19c6>
   13bfa:	6726                	ld	a4,72(sp)
   13bfc:	06700d93          	li	s11,103
   13c00:	011708bb          	addw	a7,a4,a7
   13c04:	e4904ee3          	bgtz	s1,13a60 <_vfprintf_r+0x19b4>
   13c08:	409888bb          	subw	a7,a7,s1
   13c0c:	2885                	addiw	a7,a7,1
   13c0e:	0008881b          	sext.w	a6,a7
   13c12:	fe08d1e3          	bgez	a7,13bf4 <_vfprintf_r+0x1b48>
   13c16:	4801                	li	a6,0
   13c18:	06700d93          	li	s11,103
   13c1c:	bd99                	j	13a72 <_vfprintf_r+0x19c6>
   13c1e:	8bbe                	mv	s7,a5
   13c20:	fcea                	sd	s10,120(sp)
   13c22:	7786                	ld	a5,96(sp)
   13c24:	6e0a                	ld	t3,128(sp)
   13c26:	6d66                	ld	s10,88(sp)
   13c28:	684a                	ld	a6,144(sp)
   13c2a:	6cea                	ld	s9,152(sp)
   13c2c:	8de2                	mv	s11,s8
   13c2e:	893a                	mv	s2,a4
   13c30:	8c16                	mv	s8,t0
   13c32:	afbc7363          	bgeu	s8,s11,12f18 <_vfprintf_r+0xe6c>
   13c36:	8de2                	mv	s11,s8
   13c38:	ae0ff06f          	j	12f18 <_vfprintf_r+0xe6c>
   13c3c:	62868693          	addi	a3,a3,1576
   13c40:	967fe06f          	j	125a6 <_vfprintf_r+0x4fa>
   13c44:	65a2                	ld	a1,8(sp)
   13c46:	6502                	ld	a0,0(sp)
   13c48:	1190                	addi	a2,sp,224
   13c4a:	ecc2                	sd	a6,88(sp)
   13c4c:	e0f2                	sd	t3,64(sp)
   13c4e:	fc3e                	sd	a5,56(sp)
   13c50:	5ec000ef          	jal	1423c <__sprint_r>
   13c54:	92051963          	bnez	a0,12d86 <_vfprintf_r+0xcda>
   13c58:	564a                	lw	a2,176(sp)
   13c5a:	794e                	ld	s2,240(sp)
   13c5c:	6866                	ld	a6,88(sp)
   13c5e:	6e06                	ld	t3,64(sp)
   13c60:	77e2                	ld	a5,56(sp)
   13c62:	8bce                	mv	s7,s3
   13c64:	fbcff06f          	j	13420 <_vfprintf_r+0x1374>
   13c68:	84d6                	mv	s1,s5
   13c6a:	91eff06f          	j	12d88 <_vfprintf_r+0xcdc>
   13c6e:	02d00793          	li	a5,45
   13c72:	0af103a3          	sb	a5,167(sp)
   13c76:	04700793          	li	a5,71
   13c7a:	23b7df63          	bge	a5,s11,13eb8 <_vfprintf_r+0x1e0c>
   13c7e:	67e9                	lui	a5,0x1a
   13c80:	14878793          	addi	a5,a5,328 # 1a148 <__clzdi2+0x124>
   13c84:	b261                	j	1360c <_vfprintf_r+0x1560>
   13c86:	6502                	ld	a0,0(sp)
   13c88:	1190                	addi	a2,sp,224
   13c8a:	85d6                	mv	a1,s5
   13c8c:	fc16                	sd	t0,56(sp)
   13c8e:	5ae000ef          	jal	1423c <__sprint_r>
   13c92:	f979                	bnez	a0,13c68 <_vfprintf_r+0x1bbc>
   13c94:	66e9                	lui	a3,0x1a
   13c96:	62868893          	addi	a7,a3,1576 # 1a628 <zeroes.0>
   13c9a:	000d4603          	lbu	a2,0(s10)
   13c9e:	774e                	ld	a4,240(sp)
   13ca0:	72e2                	ld	t0,56(sp)
   13ca2:	87ce                	mv	a5,s3
   13ca4:	469d                	li	a3,7
   13ca6:	bc75                	j	13762 <_vfprintf_r+0x16b6>
   13ca8:	65a2                	ld	a1,8(sp)
   13caa:	6502                	ld	a0,0(sp)
   13cac:	1190                	addi	a2,sp,224
   13cae:	ecc2                	sd	a6,88(sp)
   13cb0:	e0f2                	sd	t3,64(sp)
   13cb2:	fc3e                	sd	a5,56(sp)
   13cb4:	588000ef          	jal	1423c <__sprint_r>
   13cb8:	8c051763          	bnez	a0,12d86 <_vfprintf_r+0xcda>
   13cbc:	5aca                	lw	s5,176(sp)
   13cbe:	794e                	ld	s2,240(sp)
   13cc0:	6866                	ld	a6,88(sp)
   13cc2:	6e06                	ld	t3,64(sp)
   13cc4:	77e2                	ld	a5,56(sp)
   13cc6:	8bce                	mv	s7,s3
   13cc8:	a7eff06f          	j	12f46 <_vfprintf_r+0xe9a>
   13ccc:	fbb90793          	addi	a5,s2,-69
   13cd0:	6502                	ld	a0,0(sp)
   13cd2:	0017b793          	seqz	a5,a5
   13cd6:	015787bb          	addw	a5,a5,s5
   13cda:	873e                	mv	a4,a5
   13cdc:	f83e                	sd	a5,48(sp)
   13cde:	0c810893          	addi	a7,sp,200
   13ce2:	191c                	addi	a5,sp,176
   13ce4:	0b410813          	addi	a6,sp,180
   13ce8:	4689                	li	a3,2
   13cea:	85a6                	mv	a1,s1
   13cec:	865a                	mv	a2,s6
   13cee:	fc72                	sd	t3,56(sp)
   13cf0:	186010ef          	jal	14e76 <_ldtoa_r>
   13cf4:	04700713          	li	a4,71
   13cf8:	7e62                	ld	t3,56(sp)
   13cfa:	87aa                	mv	a5,a0
   13cfc:	dce905e3          	beq	s2,a4,13ac6 <_vfprintf_r+0x1a1a>
   13d00:	fc2a                	sd	a0,56(sp)
   13d02:	85da                	mv	a1,s6
   13d04:	8526                	mv	a0,s1
   13d06:	4601                	li	a2,0
   13d08:	4681                	li	a3,0
   13d0a:	e0f2                	sd	t3,64(sp)
   13d0c:	0ec050ef          	jal	18df8 <__eqtf2>
   13d10:	77e2                	ld	a5,56(sp)
   13d12:	6e06                	ld	t3,64(sp)
   13d14:	48050163          	beqz	a0,14196 <_vfprintf_r+0x20ea>
   13d18:	7742                	ld	a4,48(sp)
   13d1a:	68ae                	ld	a7,200(sp)
   13d1c:	00e78c33          	add	s8,a5,a4
   13d20:	cf88ece3          	bltu	a7,s8,13a18 <_vfprintf_r+0x196c>
   13d24:	40f8873b          	subw	a4,a7,a5
   13d28:	54ca                	lw	s1,176(sp)
   13d2a:	f83a                	sd	a4,48(sp)
   13d2c:	bb75                	j	13ae8 <_vfprintf_r+0x1a3c>
   13d2e:	001e7713          	andi	a4,t3,1
   13d32:	b60711e3          	bnez	a4,13894 <_vfprintf_r+0x17e8>
   13d36:	cc517057          	vsetivli	zero,2,e8,mf8,ta,ma
   13d3a:	da8fe06f          	j	122e2 <_vfprintf_r+0x236>
   13d3e:	ec26                	sd	s1,24(sp)
   13d40:	18070e63          	beqz	a4,13edc <_vfprintf_r+0x1e30>
   13d44:	001a881b          	addiw	a6,s5,1
   13d48:	88d6                	mv	a7,s5
   13d4a:	e082                	sd	zero,64(sp)
   13d4c:	4a81                	li	s5,0
   13d4e:	fc02                	sd	zero,56(sp)
   13d50:	4481                	li	s1,0
   13d52:	cc517057          	vsetivli	zero,2,e8,mf8,ta,ma
   13d56:	d04fe06f          	j	1225a <_vfprintf_r+0x1ae>
   13d5a:	662a                	ld	a2,136(sp)
   13d5c:	75c6                	ld	a1,112(sp)
   13d5e:	e0c6                	sd	a7,64(sp)
   13d60:	40c78333          	sub	t1,a5,a2
   13d64:	851a                	mv	a0,t1
   13d66:	fc42                	sd	a6,56(sp)
   13d68:	f872                	sd	t3,48(sp)
   13d6a:	f01a                	sd	t1,32(sp)
   13d6c:	4a9000ef          	jal	14a14 <strncpy>
   13d70:	ccccd7b7          	lui	a5,0xccccd
   13d74:	ccd78793          	addi	a5,a5,-819 # ffffffffcccccccd <__BSS_END__+0xffffffffcccb01e5>
   13d78:	02079713          	slli	a4,a5,0x20
   13d7c:	973e                	add	a4,a4,a5
   13d7e:	02e93933          	mulhu	s2,s2,a4
   13d82:	0014c683          	lbu	a3,1(s1)
   13d86:	7302                	ld	t1,32(sp)
   13d88:	7e42                	ld	t3,48(sp)
   13d8a:	00d036b3          	snez	a3,a3
   13d8e:	94b6                	add	s1,s1,a3
   13d90:	7862                	ld	a6,56(sp)
   13d92:	6886                	ld	a7,64(sp)
   13d94:	fff30793          	addi	a5,t1,-1
   13d98:	4585                	li	a1,1
   13d9a:	00395913          	srli	s2,s2,0x3
   13d9e:	02e93733          	mulhu	a4,s2,a4
   13da2:	cc517057          	vsetivli	zero,2,e8,mf8,ta,ma
   13da6:	00375693          	srli	a3,a4,0x3
   13daa:	00269713          	slli	a4,a3,0x2
   13dae:	9736                	add	a4,a4,a3
   13db0:	0706                	slli	a4,a4,0x1
   13db2:	40e90733          	sub	a4,s2,a4
   13db6:	0307071b          	addiw	a4,a4,48
   13dba:	fee30fa3          	sb	a4,-1(t1)
   13dbe:	a9dfe06f          	j	1285a <_vfprintf_r+0x7ae>
   13dc2:	63868693          	addi	a3,a3,1592
   13dc6:	a40ff06f          	j	13006 <_vfprintf_r+0xf5a>
   13dca:	0a714703          	lbu	a4,167(sp)
   13dce:	ca070ae3          	beqz	a4,13a82 <_vfprintf_r+0x19d6>
   13dd2:	2805                	addiw	a6,a6,1
   13dd4:	b17d                	j	13a82 <_vfprintf_r+0x19d6>
   13dd6:	65a2                	ld	a1,8(sp)
   13dd8:	6502                	ld	a0,0(sp)
   13dda:	1190                	addi	a2,sp,224
   13ddc:	e0c2                	sd	a6,64(sp)
   13dde:	fc72                	sd	t3,56(sp)
   13de0:	45c000ef          	jal	1423c <__sprint_r>
   13de4:	c119                	beqz	a0,13dea <_vfprintf_r+0x1d3e>
   13de6:	fa1fe06f          	j	12d86 <_vfprintf_r+0xcda>
   13dea:	5aca                	lw	s5,176(sp)
   13dec:	77c2                	ld	a5,48(sp)
   13dee:	794e                	ld	s2,240(sp)
   13df0:	6806                	ld	a6,64(sp)
   13df2:	7e62                	ld	t3,56(sp)
   13df4:	8bce                	mv	s7,s3
   13df6:	41578abb          	subw	s5,a5,s5
   13dfa:	982ff06f          	j	12f7c <_vfprintf_r+0xed0>
   13dfe:	8f26                	mv	t5,s1
   13e00:	9b5fe06f          	j	127b4 <_vfprintf_r+0x708>
   13e04:	8f26                	mv	t5,s1
   13e06:	b40ff06f          	j	13146 <_vfprintf_r+0x109a>
   13e0a:	56c1                	li	a3,-16
   13e0c:	40c00abb          	negw	s5,a2
   13e10:	34d65063          	bge	a2,a3,14150 <_vfprintf_r+0x20a4>
   13e14:	66e9                	lui	a3,0x1a
   13e16:	fc3e                	sd	a5,56(sp)
   13e18:	4b41                	li	s6,16
   13e1a:	87ca                	mv	a5,s2
   13e1c:	4d9d                	li	s11,7
   13e1e:	8c72                	mv	s8,t3
   13e20:	8942                	mv	s2,a6
   13e22:	62868493          	addi	s1,a3,1576 # 1a628 <zeroes.0>
   13e26:	a021                	j	13e2e <_vfprintf_r+0x1d82>
   13e28:	3ac1                	addiw	s5,s5,-16
   13e2a:	0d5b5363          	bge	s6,s5,13ef0 <_vfprintf_r+0x1e44>
   13e2e:	07c1                	addi	a5,a5,16
   13e30:	2705                	addiw	a4,a4,1
   13e32:	009bb023          	sd	s1,0(s7)
   13e36:	016bb423          	sd	s6,8(s7)
   13e3a:	f9be                	sd	a5,240(sp)
   13e3c:	d5ba                	sw	a4,232(sp)
   13e3e:	0bc1                	addi	s7,s7,16
   13e40:	feedd4e3          	bge	s11,a4,13e28 <_vfprintf_r+0x1d7c>
   13e44:	65a2                	ld	a1,8(sp)
   13e46:	6502                	ld	a0,0(sp)
   13e48:	1190                	addi	a2,sp,224
   13e4a:	3f2000ef          	jal	1423c <__sprint_r>
   13e4e:	c119                	beqz	a0,13e54 <_vfprintf_r+0x1da8>
   13e50:	f37fe06f          	j	12d86 <_vfprintf_r+0xcda>
   13e54:	77ce                	ld	a5,240(sp)
   13e56:	572e                	lw	a4,232(sp)
   13e58:	8bce                	mv	s7,s3
   13e5a:	b7f9                	j	13e28 <_vfprintf_r+0x1d7c>
   13e5c:	63868693          	addi	a3,a3,1592
   13e60:	ff9fe06f          	j	12e58 <_vfprintf_r+0xdac>
   13e64:	8526                	mv	a0,s1
   13e66:	85da                	mv	a1,s6
   13e68:	4601                	li	a2,0
   13e6a:	4681                	li	a3,0
   13e6c:	e0f2                	sd	t3,64(sp)
   13e6e:	fc3e                	sd	a5,56(sp)
   13e70:	789040ef          	jal	18df8 <__eqtf2>
   13e74:	77e2                	ld	a5,56(sp)
   13e76:	6e06                	ld	t3,64(sp)
   13e78:	1e050063          	beqz	a0,14058 <_vfprintf_r+0x1fac>
   13e7c:	7742                	ld	a4,48(sp)
   13e7e:	68ae                	ld	a7,200(sp)
   13e80:	00e78c33          	add	s8,a5,a4
   13e84:	b988eae3          	bltu	a7,s8,13a18 <_vfprintf_r+0x196c>
   13e88:	40f888b3          	sub	a7,a7,a5
   13e8c:	0008871b          	sext.w	a4,a7
   13e90:	54ca                	lw	s1,176(sp)
   13e92:	f83a                	sd	a4,48(sp)
   13e94:	b1a1                	j	13adc <_vfprintf_r+0x1a30>
   13e96:	0a714503          	lbu	a0,167(sp)
   13e9a:	4a81                	li	s5,0
   13e9c:	cc517057          	vsetivli	zero,2,e8,mf8,ta,ma
   13ea0:	c119                	beqz	a0,13ea6 <_vfprintf_r+0x1dfa>
   13ea2:	883fe06f          	j	12724 <_vfprintf_r+0x678>
   13ea6:	ffefe06f          	j	126a4 <_vfprintf_r+0x5f8>
   13eaa:	62868693          	addi	a3,a3,1576
   13eae:	da9fe06f          	j	12c56 <_vfprintf_r+0xbaa>
   13eb2:	c31c                	sw	a5,0(a4)
   13eb4:	ac2fe06f          	j	12176 <_vfprintf_r+0xca>
   13eb8:	67e9                	lui	a5,0x1a
   13eba:	14078793          	addi	a5,a5,320 # 1a140 <__clzdi2+0x11c>
   13ebe:	f4eff06f          	j	1360c <_vfprintf_r+0x1560>
   13ec2:	57fd                	li	a5,-1
   13ec4:	17fe                	slli	a5,a5,0x3f
   13ec6:	8dbd                	xor	a1,a1,a5
   13ec8:	02d00793          	li	a5,45
   13ecc:	ecbe                	sd	a5,88(sp)
   13ece:	f002                	sd	zero,32(sp)
   13ed0:	19bc                	addi	a5,sp,248
   13ed2:	d34fe06f          	j	12406 <_vfprintf_r+0x35a>
   13ed6:	0bc1                	addi	s7,s7,16
   13ed8:	d72ff06f          	j	1344a <_vfprintf_r+0x139e>
   13edc:	88d6                	mv	a7,s5
   13ede:	8856                	mv	a6,s5
   13ee0:	e082                	sd	zero,64(sp)
   13ee2:	4a81                	li	s5,0
   13ee4:	fc02                	sd	zero,56(sp)
   13ee6:	4481                	li	s1,0
   13ee8:	cc517057          	vsetivli	zero,2,e8,mf8,ta,ma
   13eec:	b6efe06f          	j	1225a <_vfprintf_r+0x1ae>
   13ef0:	884a                	mv	a6,s2
   13ef2:	893e                	mv	s2,a5
   13ef4:	77e2                	ld	a5,56(sp)
   13ef6:	8e62                	mv	t3,s8
   13ef8:	86a6                	mv	a3,s1
   13efa:	9956                	add	s2,s2,s5
   13efc:	2705                	addiw	a4,a4,1
   13efe:	00dbb023          	sd	a3,0(s7)
   13f02:	f9ca                	sd	s2,240(sp)
   13f04:	d5ba                	sw	a4,232(sp)
   13f06:	015bb423          	sd	s5,8(s7)
   13f0a:	469d                	li	a3,7
   13f0c:	fce6d5e3          	bge	a3,a4,13ed6 <_vfprintf_r+0x1e2a>
   13f10:	65a2                	ld	a1,8(sp)
   13f12:	6502                	ld	a0,0(sp)
   13f14:	1190                	addi	a2,sp,224
   13f16:	ecc2                	sd	a6,88(sp)
   13f18:	e0f2                	sd	t3,64(sp)
   13f1a:	fc3e                	sd	a5,56(sp)
   13f1c:	320000ef          	jal	1423c <__sprint_r>
   13f20:	c119                	beqz	a0,13f26 <_vfprintf_r+0x1e7a>
   13f22:	e65fe06f          	j	12d86 <_vfprintf_r+0xcda>
   13f26:	794e                	ld	s2,240(sp)
   13f28:	572e                	lw	a4,232(sp)
   13f2a:	6866                	ld	a6,88(sp)
   13f2c:	6e06                	ld	t3,64(sp)
   13f2e:	77e2                	ld	a5,56(sp)
   13f30:	8bce                	mv	s7,s3
   13f32:	d18ff06f          	j	1344a <_vfprintf_r+0x139e>
   13f36:	76e2                	ld	a3,56(sp)
   13f38:	8a85                	andi	a3,a3,1
   13f3a:	c4068fe3          	beqz	a3,13b98 <_vfprintf_r+0x1aec>
   13f3e:	b991                	j	13b92 <_vfprintf_r+0x1ae6>
   13f40:	67e9                	lui	a5,0x1a
   13f42:	15078793          	addi	a5,a5,336 # 1a150 <__clzdi2+0x12c>
   13f46:	bc11                	j	1395a <_vfprintf_r+0x18ae>
   13f48:	06700d93          	li	s11,103
   13f4c:	7666                	ld	a2,120(sp)
   13f4e:	00064703          	lbu	a4,0(a2)
   13f52:	f0170693          	addi	a3,a4,-255
   13f56:	20068b63          	beqz	a3,1416c <_vfprintf_r+0x20c0>
   13f5a:	20975963          	bge	a4,s1,1416c <_vfprintf_r+0x20c0>
   13f5e:	46aa                	lw	a3,136(sp)
   13f60:	4801                	li	a6,0
   13f62:	4501                	li	a0,0
   13f64:	a809                	j	13f76 <_vfprintf_r+0x1eca>
   13f66:	2505                	addiw	a0,a0,1
   13f68:	0605                	addi	a2,a2,1
   13f6a:	f0170593          	addi	a1,a4,-255
   13f6e:	2701                	sext.w	a4,a4
   13f70:	cdd1                	beqz	a1,1400c <_vfprintf_r+0x1f60>
   13f72:	08975d63          	bge	a4,s1,1400c <_vfprintf_r+0x1f60>
   13f76:	9c99                	subw	s1,s1,a4
   13f78:	00164703          	lbu	a4,1(a2)
   13f7c:	f76d                	bnez	a4,13f66 <_vfprintf_r+0x1eba>
   13f7e:	00064703          	lbu	a4,0(a2)
   13f82:	2805                	addiw	a6,a6,1
   13f84:	b7dd                	j	13f6a <_vfprintf_r+0x1ebe>
   13f86:	40fc073b          	subw	a4,s8,a5
   13f8a:	54ca                	lw	s1,176(sp)
   13f8c:	f83a                	sd	a4,48(sp)
   13f8e:	bc6d                	j	13a48 <_vfprintf_r+0x199c>
   13f90:	64a2                	ld	s1,8(sp)
   13f92:	e01fe06f          	j	12d92 <_vfprintf_r+0xce6>
   13f96:	67e9                	lui	a5,0x1a
   13f98:	15078793          	addi	a5,a5,336 # 1a150 <__clzdi2+0x12c>
   13f9c:	e70ff06f          	j	1360c <_vfprintf_r+0x1560>
   13fa0:	8c5a                	mv	s8,s6
   13fa2:	fffa8b1b          	addiw	s6,s5,-1
   13fa6:	87e6                	mv	a5,s9
   13fa8:	6b86                	ld	s7,64(sp)
   13faa:	7c86                	ld	s9,96(sp)
   13fac:	000b5463          	bgez	s6,13fb4 <_vfprintf_r+0x1f08>
   13fb0:	d76fe06f          	j	12526 <_vfprintf_r+0x47a>
   13fb4:	0c0076d7          	vsetvli	a3,zero,e8,m1,ta,ma
   13fb8:	03000613          	li	a2,48
   13fbc:	5e0640d7          	vmv.v.x	v1,a2
   13fc0:	1a82                	slli	s5,s5,0x20
   13fc2:	020ada93          	srli	s5,s5,0x20
   13fc6:	86e2                	mv	a3,s8
   13fc8:	0c0af757          	vsetvli	a4,s5,e8,m1,ta,ma
   13fcc:	020680a7          	vse8.v	v1,(a3)
   13fd0:	40ea8ab3          	sub	s5,s5,a4
   13fd4:	96ba                	add	a3,a3,a4
   13fd6:	fe0a99e3          	bnez	s5,13fc8 <_vfprintf_r+0x1f1c>
   13fda:	001c0813          	addi	a6,s8,1
   13fde:	01680c33          	add	s8,a6,s6
   13fe2:	d44fe06f          	j	12526 <_vfprintf_r+0x47a>
   13fe6:	02d00713          	li	a4,45
   13fea:	0ae10ca3          	sb	a4,185(sp)
   13fee:	56e1                	li	a3,-8
   13ff0:	4705                	li	a4,1
   13ff2:	9f05                	subw	a4,a4,s1
   13ff4:	b0d4c8e3          	blt	s1,a3,13b04 <_vfprintf_r+0x1a58>
   13ff8:	03000693          	li	a3,48
   13ffc:	0ad10d23          	sb	a3,186(sp)
   14000:	fc72                	sd	t3,56(sp)
   14002:	f002                	sd	zero,32(sp)
   14004:	0bb10693          	addi	a3,sp,187
   14008:	d52fe06f          	j	1255a <_vfprintf_r+0x4ae>
   1400c:	00a8073b          	addw	a4,a6,a0
   14010:	02d7073b          	mulw	a4,a4,a3
   14014:	fcb2                	sd	a2,120(sp)
   14016:	fc2a                	sd	a0,56(sp)
   14018:	e0c2                	sd	a6,64(sp)
   1401a:	00e888bb          	addw	a7,a7,a4
   1401e:	8746                	mv	a4,a7
   14020:	0008d363          	bgez	a7,14026 <_vfprintf_r+0x1f7a>
   14024:	4701                	li	a4,0
   14026:	66e6                	ld	a3,88(sp)
   14028:	0007081b          	sext.w	a6,a4
   1402c:	c2f1                	beqz	a3,140f0 <_vfprintf_r+0x2044>
   1402e:	02d00693          	li	a3,45
   14032:	7e02                	ld	t3,32(sp)
   14034:	0ad103a3          	sb	a3,167(sp)
   14038:	0017081b          	addiw	a6,a4,1
   1403c:	f002                	sd	zero,32(sp)
   1403e:	4a81                	li	s5,0
   14040:	cc517057          	vsetivli	zero,2,e8,mf8,ta,ma
   14044:	a16fe06f          	j	1225a <_vfprintf_r+0x1ae>
   14048:	6726                	ld	a4,72(sp)
   1404a:	009a88bb          	addw	a7,s5,s1
   1404e:	06600d93          	li	s11,102
   14052:	00e888bb          	addw	a7,a7,a4
   14056:	b429                	j	13a60 <_vfprintf_r+0x19b4>
   14058:	54ca                	lw	s1,176(sp)
   1405a:	78c2                	ld	a7,48(sp)
   1405c:	b441                	j	13adc <_vfprintf_r+0x1a30>
   1405e:	4601                	li	a2,0
   14060:	4681                	li	a3,0
   14062:	8526                	mv	a0,s1
   14064:	85da                	mv	a1,s6
   14066:	e0f2                	sd	t3,64(sp)
   14068:	fc3e                	sd	a5,56(sp)
   1406a:	f83a                	sd	a4,48(sp)
   1406c:	58d040ef          	jal	18df8 <__eqtf2>
   14070:	7742                	ld	a4,48(sp)
   14072:	77e2                	ld	a5,56(sp)
   14074:	6e06                	ld	t3,64(sp)
   14076:	ed1d                	bnez	a0,140b4 <_vfprintf_r+0x2008>
   14078:	54ca                	lw	s1,176(sp)
   1407a:	9726                	add	a4,a4,s1
   1407c:	9f1d                	subw	a4,a4,a5
   1407e:	f83a                	sd	a4,48(sp)
   14080:	b2c1                	j	13a40 <_vfprintf_r+0x1994>
   14082:	6769                	lui	a4,0x1a
   14084:	16070713          	addi	a4,a4,352 # 1a160 <__clzdi2+0x13c>
   14088:	f83a                	sd	a4,48(sp)
   1408a:	bbefe06f          	j	12448 <_vfprintf_r+0x39c>
   1408e:	e711                	bnez	a4,1409a <_vfprintf_r+0x1fee>
   14090:	4805                	li	a6,1
   14092:	88c2                	mv	a7,a6
   14094:	06600d93          	li	s11,102
   14098:	bae9                	j	13a72 <_vfprintf_r+0x19c6>
   1409a:	6726                	ld	a4,72(sp)
   1409c:	0017089b          	addiw	a7,a4,1
   140a0:	015888bb          	addw	a7,a7,s5
   140a4:	0008881b          	sext.w	a6,a7
   140a8:	fe08d6e3          	bgez	a7,14094 <_vfprintf_r+0x1fe8>
   140ac:	4801                	li	a6,0
   140ae:	06600d93          	li	s11,102
   140b2:	b2c1                	j	13a72 <_vfprintf_r+0x19c6>
   140b4:	4685                	li	a3,1
   140b6:	415686bb          	subw	a3,a3,s5
   140ba:	d936                	sw	a3,176(sp)
   140bc:	ba2d                	j	139f6 <_vfprintf_r+0x194a>
   140be:	02d00713          	li	a4,45
   140c2:	0ae10ca3          	sb	a4,185(sp)
   140c6:	5661                	li	a2,-8
   140c8:	4705                	li	a4,1
   140ca:	9f15                	subw	a4,a4,a3
   140cc:	a2c6cee3          	blt	a3,a2,13b08 <_vfprintf_r+0x1a5c>
   140d0:	c86fe06f          	j	12556 <_vfprintf_r+0x4aa>
   140d4:	6762                	ld	a4,24(sp)
   140d6:	431c                	lw	a5,0(a4)
   140d8:	0721                	addi	a4,a4,8
   140da:	00078a9b          	sext.w	s5,a5
   140de:	0007d363          	bgez	a5,140e4 <_vfprintf_r+0x2038>
   140e2:	5afd                	li	s5,-1
   140e4:	001cc303          	lbu	t1,1(s9)
   140e8:	ec3a                	sd	a4,24(sp)
   140ea:	8cb2                	mv	s9,a2
   140ec:	8fcfe06f          	j	121e8 <_vfprintf_r+0x13c>
   140f0:	0a714683          	lbu	a3,167(sp)
   140f4:	c2b1                	beqz	a3,14138 <_vfprintf_r+0x208c>
   140f6:	7e02                	ld	t3,32(sp)
   140f8:	0017081b          	addiw	a6,a4,1
   140fc:	f002                	sd	zero,32(sp)
   140fe:	4a81                	li	s5,0
   14100:	cc517057          	vsetivli	zero,2,e8,mf8,ta,ma
   14104:	956fe06f          	j	1225a <_vfprintf_r+0x1ae>
   14108:	1afe                	slli	s5,s5,0x3f
   1410a:	02d00793          	li	a5,45
   1410e:	015b4b33          	xor	s6,s6,s5
   14112:	ecbe                	sd	a5,88(sp)
   14114:	4a99                	li	s5,6
   14116:	b065                	j	139be <_vfprintf_r+0x1912>
   14118:	62868693          	addi	a3,a3,1576
   1411c:	906ff06f          	j	13222 <_vfprintf_r+0x1176>
   14120:	62868693          	addi	a3,a3,1576
   14124:	f0eff06f          	j	13832 <_vfprintf_r+0x1786>
   14128:	4709                	li	a4,2
   1412a:	f4ba                	sd	a4,104(sp)
   1412c:	bca1                	j	13b84 <_vfprintf_r+0x1ad8>
   1412e:	76c2                	ld	a3,48(sp)
   14130:	00a6c683          	lbu	a3,10(a3)
   14134:	beefe06f          	j	12522 <_vfprintf_r+0x476>
   14138:	7e02                	ld	t3,32(sp)
   1413a:	4a81                	li	s5,0
   1413c:	f002                	sd	zero,32(sp)
   1413e:	cc517057          	vsetivli	zero,2,e8,mf8,ta,ma
   14142:	918fe06f          	j	1225a <_vfprintf_r+0x1ae>
   14146:	40f8873b          	subw	a4,a7,a5
   1414a:	54ca                	lw	s1,176(sp)
   1414c:	f83a                	sd	a4,48(sp)
   1414e:	b8cd                	j	13a40 <_vfprintf_r+0x1994>
   14150:	66e9                	lui	a3,0x1a
   14152:	62868693          	addi	a3,a3,1576 # 1a628 <zeroes.0>
   14156:	b355                	j	13efa <_vfprintf_r+0x1e4e>
   14158:	4a81                	li	s5,0
   1415a:	e082                	sd	zero,64(sp)
   1415c:	fc02                	sd	zero,56(sp)
   1415e:	f002                	sd	zero,32(sp)
   14160:	488d                	li	a7,3
   14162:	4811                	li	a6,4
   14164:	cc517057          	vsetivli	zero,2,e8,mf8,ta,ma
   14168:	8f2fe06f          	j	1225a <_vfprintf_r+0x1ae>
   1416c:	4701                	li	a4,0
   1416e:	e082                	sd	zero,64(sp)
   14170:	fc02                	sd	zero,56(sp)
   14172:	b565                	j	1401a <_vfprintf_r+0x1f6e>
   14174:	7742                	ld	a4,48(sp)
   14176:	00e78c33          	add	s8,a5,a4
   1417a:	bc65                	j	13c32 <_vfprintf_r+0x1b86>
   1417c:	e082                	sd	zero,64(sp)
   1417e:	fc02                	sd	zero,56(sp)
   14180:	8dafe06f          	j	1225a <_vfprintf_r+0x1ae>
   14184:	64a2                	ld	s1,8(sp)
   14186:	0104d783          	lhu	a5,16(s1)
   1418a:	0407e793          	ori	a5,a5,64
   1418e:	00f49823          	sh	a5,16(s1)
   14192:	c01fe06f          	j	12d92 <_vfprintf_r+0xce6>
   14196:	54ca                	lw	s1,176(sp)
   14198:	ba81                	j	13ae8 <_vfprintf_r+0x1a3c>

000000000001419a <vfprintf>:
   1419a:	872a                	mv	a4,a0
   1419c:	2281b503          	ld	a0,552(gp) # 1c510 <_impure_ptr>
   141a0:	86b2                	mv	a3,a2
   141a2:	862e                	mv	a2,a1
   141a4:	85ba                	mv	a1,a4
   141a6:	f07fd06f          	j	120ac <_vfprintf_r>

00000000000141aa <__sbprintf>:
   141aa:	0105d783          	lhu	a5,16(a1)
   141ae:	0ac5ae83          	lw	t4,172(a1)
   141b2:	0125de03          	lhu	t3,18(a1)
   141b6:	0305b303          	ld	t1,48(a1)
   141ba:	0405b883          	ld	a7,64(a1)
   141be:	b2010113          	addi	sp,sp,-1248
   141c2:	9bf5                	andi	a5,a5,-3
   141c4:	0c010813          	addi	a6,sp,192
   141c8:	40000713          	li	a4,1024
   141cc:	4c813823          	sd	s0,1232(sp)
   141d0:	842e                	mv	s0,a1
   141d2:	080c                	addi	a1,sp,16
   141d4:	4c913423          	sd	s1,1224(sp)
   141d8:	02f11023          	sh	a5,32(sp)
   141dc:	4c113c23          	sd	ra,1240(sp)
   141e0:	dc02                	sw	zero,56(sp)
   141e2:	df76                	sw	t4,188(sp)
   141e4:	03c11123          	sh	t3,34(sp)
   141e8:	e09a                	sd	t1,64(sp)
   141ea:	e8c6                	sd	a7,80(sp)
   141ec:	e842                	sd	a6,16(sp)
   141ee:	f442                	sd	a6,40(sp)
   141f0:	ce3a                	sw	a4,28(sp)
   141f2:	d83a                	sw	a4,48(sp)
   141f4:	84aa                	mv	s1,a0
   141f6:	eb7fd0ef          	jal	120ac <_vfprintf_r>
   141fa:	87aa                	mv	a5,a0
   141fc:	02055763          	bgez	a0,1422a <__sbprintf+0x80>
   14200:	02015703          	lhu	a4,32(sp)
   14204:	04077713          	andi	a4,a4,64
   14208:	c719                	beqz	a4,14216 <__sbprintf+0x6c>
   1420a:	01045703          	lhu	a4,16(s0)
   1420e:	04076713          	ori	a4,a4,64
   14212:	00e41823          	sh	a4,16(s0)
   14216:	4d813083          	ld	ra,1240(sp)
   1421a:	4d013403          	ld	s0,1232(sp)
   1421e:	4c813483          	ld	s1,1224(sp)
   14222:	853e                	mv	a0,a5
   14224:	4e010113          	addi	sp,sp,1248
   14228:	8082                	ret
   1422a:	e42a                	sd	a0,8(sp)
   1422c:	080c                	addi	a1,sp,16
   1422e:	8526                	mv	a0,s1
   14230:	27c000ef          	jal	144ac <_fflush_r>
   14234:	67a2                	ld	a5,8(sp)
   14236:	d569                	beqz	a0,14200 <__sbprintf+0x56>
   14238:	57fd                	li	a5,-1
   1423a:	b7d9                	j	14200 <__sbprintf+0x56>

000000000001423c <__sprint_r>:
   1423c:	6a18                	ld	a4,16(a2)
   1423e:	e709                	bnez	a4,14248 <__sprint_r+0xc>
   14240:	4501                	li	a0,0
   14242:	00062423          	sw	zero,8(a2)
   14246:	8082                	ret
   14248:	1101                	addi	sp,sp,-32
   1424a:	ec06                	sd	ra,24(sp)
   1424c:	e432                	sd	a2,8(sp)
   1424e:	2ea000ef          	jal	14538 <__sfvwrite_r>
   14252:	67a2                	ld	a5,8(sp)
   14254:	60e2                	ld	ra,24(sp)
   14256:	0007b823          	sd	zero,16(a5)
   1425a:	0007a423          	sw	zero,8(a5)
   1425e:	6105                	addi	sp,sp,32
   14260:	8082                	ret

0000000000014262 <_fclose_r>:
   14262:	1101                	addi	sp,sp,-32
   14264:	ec06                	sd	ra,24(sp)
   14266:	e04a                	sd	s2,0(sp)
   14268:	cd89                	beqz	a1,14282 <_fclose_r+0x20>
   1426a:	e822                	sd	s0,16(sp)
   1426c:	e426                	sd	s1,8(sp)
   1426e:	842e                	mv	s0,a1
   14270:	84aa                	mv	s1,a0
   14272:	c119                	beqz	a0,14278 <_fclose_r+0x16>
   14274:	653c                	ld	a5,72(a0)
   14276:	c7d9                	beqz	a5,14304 <_fclose_r+0xa2>
   14278:	01041783          	lh	a5,16(s0)
   1427c:	eb89                	bnez	a5,1428e <_fclose_r+0x2c>
   1427e:	6442                	ld	s0,16(sp)
   14280:	64a2                	ld	s1,8(sp)
   14282:	60e2                	ld	ra,24(sp)
   14284:	4901                	li	s2,0
   14286:	854a                	mv	a0,s2
   14288:	6902                	ld	s2,0(sp)
   1428a:	6105                	addi	sp,sp,32
   1428c:	8082                	ret
   1428e:	85a2                	mv	a1,s0
   14290:	8526                	mv	a0,s1
   14292:	080000ef          	jal	14312 <__sflush_r>
   14296:	683c                	ld	a5,80(s0)
   14298:	892a                	mv	s2,a0
   1429a:	c791                	beqz	a5,142a6 <_fclose_r+0x44>
   1429c:	780c                	ld	a1,48(s0)
   1429e:	8526                	mv	a0,s1
   142a0:	9782                	jalr	a5
   142a2:	04054663          	bltz	a0,142ee <_fclose_r+0x8c>
   142a6:	01045783          	lhu	a5,16(s0)
   142aa:	0807f793          	andi	a5,a5,128
   142ae:	e7b1                	bnez	a5,142fa <_fclose_r+0x98>
   142b0:	6c2c                	ld	a1,88(s0)
   142b2:	c991                	beqz	a1,142c6 <_fclose_r+0x64>
   142b4:	07440793          	addi	a5,s0,116
   142b8:	00f58563          	beq	a1,a5,142c2 <_fclose_r+0x60>
   142bc:	8526                	mv	a0,s1
   142be:	bb3fd0ef          	jal	11e70 <_free_r>
   142c2:	04043c23          	sd	zero,88(s0)
   142c6:	7c2c                	ld	a1,120(s0)
   142c8:	c591                	beqz	a1,142d4 <_fclose_r+0x72>
   142ca:	8526                	mv	a0,s1
   142cc:	ba5fd0ef          	jal	11e70 <_free_r>
   142d0:	06043c23          	sd	zero,120(s0)
   142d4:	bf8fd0ef          	jal	116cc <__sfp_lock_acquire>
   142d8:	00041823          	sh	zero,16(s0)
   142dc:	bf2fd0ef          	jal	116ce <__sfp_lock_release>
   142e0:	60e2                	ld	ra,24(sp)
   142e2:	6442                	ld	s0,16(sp)
   142e4:	64a2                	ld	s1,8(sp)
   142e6:	854a                	mv	a0,s2
   142e8:	6902                	ld	s2,0(sp)
   142ea:	6105                	addi	sp,sp,32
   142ec:	8082                	ret
   142ee:	01045783          	lhu	a5,16(s0)
   142f2:	597d                	li	s2,-1
   142f4:	0807f793          	andi	a5,a5,128
   142f8:	dfc5                	beqz	a5,142b0 <_fclose_r+0x4e>
   142fa:	6c0c                	ld	a1,24(s0)
   142fc:	8526                	mv	a0,s1
   142fe:	b73fd0ef          	jal	11e70 <_free_r>
   14302:	b77d                	j	142b0 <_fclose_r+0x4e>
   14304:	bb2fd0ef          	jal	116b6 <__sinit>
   14308:	bf85                	j	14278 <_fclose_r+0x16>

000000000001430a <fclose>:
   1430a:	85aa                	mv	a1,a0
   1430c:	2281b503          	ld	a0,552(gp) # 1c510 <_impure_ptr>
   14310:	bf89                	j	14262 <_fclose_r>

0000000000014312 <__sflush_r>:
   14312:	01059703          	lh	a4,16(a1)
   14316:	7179                	addi	sp,sp,-48
   14318:	f022                	sd	s0,32(sp)
   1431a:	e44e                	sd	s3,8(sp)
   1431c:	f406                	sd	ra,40(sp)
   1431e:	00877793          	andi	a5,a4,8
   14322:	842e                	mv	s0,a1
   14324:	89aa                	mv	s3,a0
   14326:	e7f1                	bnez	a5,143f2 <__sflush_r+0xe0>
   14328:	6785                	lui	a5,0x1
   1432a:	80078793          	addi	a5,a5,-2048 # 800 <exit-0xf920>
   1432e:	4594                	lw	a3,8(a1)
   14330:	8fd9                	or	a5,a5,a4
   14332:	00f59823          	sh	a5,16(a1)
   14336:	10d05b63          	blez	a3,1444c <__sflush_r+0x13a>
   1433a:	04843803          	ld	a6,72(s0)
   1433e:	0a080463          	beqz	a6,143e6 <__sflush_r+0xd4>
   14342:	ec26                	sd	s1,24(sp)
   14344:	03371693          	slli	a3,a4,0x33
   14348:	0009a483          	lw	s1,0(s3)
   1434c:	0009a023          	sw	zero,0(s3)
   14350:	1006c563          	bltz	a3,1445a <__sflush_r+0x148>
   14354:	780c                	ld	a1,48(s0)
   14356:	4601                	li	a2,0
   14358:	4685                	li	a3,1
   1435a:	854e                	mv	a0,s3
   1435c:	9802                	jalr	a6
   1435e:	57fd                	li	a5,-1
   14360:	862a                	mv	a2,a0
   14362:	12f50363          	beq	a0,a5,14488 <__sflush_r+0x176>
   14366:	01041783          	lh	a5,16(s0)
   1436a:	04843803          	ld	a6,72(s0)
   1436e:	8b91                	andi	a5,a5,4
   14370:	c799                	beqz	a5,1437e <__sflush_r+0x6c>
   14372:	4418                	lw	a4,8(s0)
   14374:	6c3c                	ld	a5,88(s0)
   14376:	8e19                	sub	a2,a2,a4
   14378:	c399                	beqz	a5,1437e <__sflush_r+0x6c>
   1437a:	583c                	lw	a5,112(s0)
   1437c:	8e1d                	sub	a2,a2,a5
   1437e:	780c                	ld	a1,48(s0)
   14380:	4681                	li	a3,0
   14382:	854e                	mv	a0,s3
   14384:	9802                	jalr	a6
   14386:	577d                	li	a4,-1
   14388:	01041783          	lh	a5,16(s0)
   1438c:	0ce51963          	bne	a0,a4,1445e <__sflush_r+0x14c>
   14390:	0009a683          	lw	a3,0(s3)
   14394:	4775                	li	a4,29
   14396:	10d76463          	bltu	a4,a3,1449e <__sflush_r+0x18c>
   1439a:	20400737          	lui	a4,0x20400
   1439e:	0705                	addi	a4,a4,1 # 20400001 <__BSS_END__+0x203e3519>
   143a0:	00d75733          	srl	a4,a4,a3
   143a4:	8b05                	andi	a4,a4,1
   143a6:	cf65                	beqz	a4,1449e <__sflush_r+0x18c>
   143a8:	6c14                	ld	a3,24(s0)
   143aa:	777d                	lui	a4,0xfffff
   143ac:	7ff70713          	addi	a4,a4,2047 # fffffffffffff7ff <__BSS_END__+0xfffffffffffe2d17>
   143b0:	8f7d                	and	a4,a4,a5
   143b2:	00e41823          	sh	a4,16(s0)
   143b6:	00042423          	sw	zero,8(s0)
   143ba:	e014                	sd	a3,0(s0)
   143bc:	03379713          	slli	a4,a5,0x33
   143c0:	00075563          	bgez	a4,143ca <__sflush_r+0xb8>
   143c4:	0009a783          	lw	a5,0(s3)
   143c8:	cbcd                	beqz	a5,1447a <__sflush_r+0x168>
   143ca:	6c2c                	ld	a1,88(s0)
   143cc:	0099a023          	sw	s1,0(s3)
   143d0:	c9d5                	beqz	a1,14484 <__sflush_r+0x172>
   143d2:	07440793          	addi	a5,s0,116
   143d6:	00f58563          	beq	a1,a5,143e0 <__sflush_r+0xce>
   143da:	854e                	mv	a0,s3
   143dc:	a95fd0ef          	jal	11e70 <_free_r>
   143e0:	64e2                	ld	s1,24(sp)
   143e2:	04043c23          	sd	zero,88(s0)
   143e6:	70a2                	ld	ra,40(sp)
   143e8:	7402                	ld	s0,32(sp)
   143ea:	69a2                	ld	s3,8(sp)
   143ec:	4501                	li	a0,0
   143ee:	6145                	addi	sp,sp,48
   143f0:	8082                	ret
   143f2:	e84a                	sd	s2,16(sp)
   143f4:	0185b903          	ld	s2,24(a1)
   143f8:	04090f63          	beqz	s2,14456 <__sflush_r+0x144>
   143fc:	ec26                	sd	s1,24(sp)
   143fe:	6184                	ld	s1,0(a1)
   14400:	8b0d                	andi	a4,a4,3
   14402:	0125b023          	sd	s2,0(a1)
   14406:	412484bb          	subw	s1,s1,s2
   1440a:	4781                	li	a5,0
   1440c:	e311                	bnez	a4,14410 <__sflush_r+0xfe>
   1440e:	519c                	lw	a5,32(a1)
   14410:	c45c                	sw	a5,12(s0)
   14412:	00904663          	bgtz	s1,1441e <__sflush_r+0x10c>
   14416:	a83d                	j	14454 <__sflush_r+0x142>
   14418:	992a                	add	s2,s2,a0
   1441a:	02905d63          	blez	s1,14454 <__sflush_r+0x142>
   1441e:	603c                	ld	a5,64(s0)
   14420:	780c                	ld	a1,48(s0)
   14422:	86a6                	mv	a3,s1
   14424:	864a                	mv	a2,s2
   14426:	854e                	mv	a0,s3
   14428:	9782                	jalr	a5
   1442a:	9c89                	subw	s1,s1,a0
   1442c:	fea046e3          	bgtz	a0,14418 <__sflush_r+0x106>
   14430:	01045783          	lhu	a5,16(s0)
   14434:	6942                	ld	s2,16(sp)
   14436:	0407e793          	ori	a5,a5,64
   1443a:	70a2                	ld	ra,40(sp)
   1443c:	00f41823          	sh	a5,16(s0)
   14440:	7402                	ld	s0,32(sp)
   14442:	64e2                	ld	s1,24(sp)
   14444:	69a2                	ld	s3,8(sp)
   14446:	557d                	li	a0,-1
   14448:	6145                	addi	sp,sp,48
   1444a:	8082                	ret
   1444c:	59b4                	lw	a3,112(a1)
   1444e:	eed046e3          	bgtz	a3,1433a <__sflush_r+0x28>
   14452:	bf51                	j	143e6 <__sflush_r+0xd4>
   14454:	64e2                	ld	s1,24(sp)
   14456:	6942                	ld	s2,16(sp)
   14458:	b779                	j	143e6 <__sflush_r+0xd4>
   1445a:	6850                	ld	a2,144(s0)
   1445c:	bf09                	j	1436e <__sflush_r+0x5c>
   1445e:	6c14                	ld	a3,24(s0)
   14460:	777d                	lui	a4,0xfffff
   14462:	7ff70713          	addi	a4,a4,2047 # fffffffffffff7ff <__BSS_END__+0xfffffffffffe2d17>
   14466:	8f7d                	and	a4,a4,a5
   14468:	00e41823          	sh	a4,16(s0)
   1446c:	00042423          	sw	zero,8(s0)
   14470:	e014                	sd	a3,0(s0)
   14472:	03379713          	slli	a4,a5,0x33
   14476:	f4075ae3          	bgez	a4,143ca <__sflush_r+0xb8>
   1447a:	6c2c                	ld	a1,88(s0)
   1447c:	e848                	sd	a0,144(s0)
   1447e:	0099a023          	sw	s1,0(s3)
   14482:	f9a1                	bnez	a1,143d2 <__sflush_r+0xc0>
   14484:	64e2                	ld	s1,24(sp)
   14486:	b785                	j	143e6 <__sflush_r+0xd4>
   14488:	0009a783          	lw	a5,0(s3)
   1448c:	ec078de3          	beqz	a5,14366 <__sflush_r+0x54>
   14490:	fe378713          	addi	a4,a5,-29
   14494:	cb01                	beqz	a4,144a4 <__sflush_r+0x192>
   14496:	17a9                	addi	a5,a5,-22
   14498:	c791                	beqz	a5,144a4 <__sflush_r+0x192>
   1449a:	01045783          	lhu	a5,16(s0)
   1449e:	0407e793          	ori	a5,a5,64
   144a2:	bf61                	j	1443a <__sflush_r+0x128>
   144a4:	0099a023          	sw	s1,0(s3)
   144a8:	64e2                	ld	s1,24(sp)
   144aa:	bf35                	j	143e6 <__sflush_r+0xd4>

00000000000144ac <_fflush_r>:
   144ac:	87aa                	mv	a5,a0
   144ae:	c119                	beqz	a0,144b4 <_fflush_r+0x8>
   144b0:	6538                	ld	a4,72(a0)
   144b2:	cb01                	beqz	a4,144c2 <_fflush_r+0x16>
   144b4:	01059703          	lh	a4,16(a1)
   144b8:	e319                	bnez	a4,144be <_fflush_r+0x12>
   144ba:	4501                	li	a0,0
   144bc:	8082                	ret
   144be:	853e                	mv	a0,a5
   144c0:	bd89                	j	14312 <__sflush_r>
   144c2:	1101                	addi	sp,sp,-32
   144c4:	e42e                	sd	a1,8(sp)
   144c6:	ec06                	sd	ra,24(sp)
   144c8:	e02a                	sd	a0,0(sp)
   144ca:	9ecfd0ef          	jal	116b6 <__sinit>
   144ce:	65a2                	ld	a1,8(sp)
   144d0:	6782                	ld	a5,0(sp)
   144d2:	01059703          	lh	a4,16(a1)
   144d6:	c709                	beqz	a4,144e0 <_fflush_r+0x34>
   144d8:	60e2                	ld	ra,24(sp)
   144da:	853e                	mv	a0,a5
   144dc:	6105                	addi	sp,sp,32
   144de:	bd15                	j	14312 <__sflush_r>
   144e0:	60e2                	ld	ra,24(sp)
   144e2:	4501                	li	a0,0
   144e4:	6105                	addi	sp,sp,32
   144e6:	8082                	ret

00000000000144e8 <fflush>:
   144e8:	cd05                	beqz	a0,14520 <fflush+0x38>
   144ea:	85aa                	mv	a1,a0
   144ec:	2281b503          	ld	a0,552(gp) # 1c510 <_impure_ptr>
   144f0:	c119                	beqz	a0,144f6 <fflush+0xe>
   144f2:	653c                	ld	a5,72(a0)
   144f4:	c799                	beqz	a5,14502 <fflush+0x1a>
   144f6:	01059783          	lh	a5,16(a1)
   144fa:	e399                	bnez	a5,14500 <fflush+0x18>
   144fc:	4501                	li	a0,0
   144fe:	8082                	ret
   14500:	bd09                	j	14312 <__sflush_r>
   14502:	1101                	addi	sp,sp,-32
   14504:	e42e                	sd	a1,8(sp)
   14506:	e02a                	sd	a0,0(sp)
   14508:	ec06                	sd	ra,24(sp)
   1450a:	9acfd0ef          	jal	116b6 <__sinit>
   1450e:	65a2                	ld	a1,8(sp)
   14510:	6502                	ld	a0,0(sp)
   14512:	01059783          	lh	a5,16(a1)
   14516:	ef91                	bnez	a5,14532 <fflush+0x4a>
   14518:	60e2                	ld	ra,24(sp)
   1451a:	4501                	li	a0,0
   1451c:	6105                	addi	sp,sp,32
   1451e:	8082                	ret
   14520:	65d1                	lui	a1,0x14
   14522:	e7818613          	addi	a2,gp,-392 # 1c160 <__sglue>
   14526:	4ac58593          	addi	a1,a1,1196 # 144ac <_fflush_r>
   1452a:	e9018513          	addi	a0,gp,-368 # 1c178 <_impure_data>
   1452e:	9befd06f          	j	116ec <_fwalk_sglue>
   14532:	60e2                	ld	ra,24(sp)
   14534:	6105                	addi	sp,sp,32
   14536:	bbf1                	j	14312 <__sflush_r>

0000000000014538 <__sfvwrite_r>:
   14538:	6a1c                	ld	a5,16(a2)
   1453a:	18078d63          	beqz	a5,146d4 <__sfvwrite_r+0x19c>
   1453e:	01059683          	lh	a3,16(a1)
   14542:	711d                	addi	sp,sp,-96
   14544:	e8a2                	sd	s0,80(sp)
   14546:	f852                	sd	s4,48(sp)
   14548:	f456                	sd	s5,40(sp)
   1454a:	ec86                	sd	ra,88(sp)
   1454c:	0086f793          	andi	a5,a3,8
   14550:	842e                	mv	s0,a1
   14552:	8aaa                	mv	s5,a0
   14554:	8a32                	mv	s4,a2
   14556:	c7bd                	beqz	a5,145c4 <__sfvwrite_r+0x8c>
   14558:	6d9c                	ld	a5,24(a1)
   1455a:	c7ad                	beqz	a5,145c4 <__sfvwrite_r+0x8c>
   1455c:	e4a6                	sd	s1,72(sp)
   1455e:	e0ca                	sd	s2,64(sp)
   14560:	fc4e                	sd	s3,56(sp)
   14562:	f05a                	sd	s6,32(sp)
   14564:	0026f793          	andi	a5,a3,2
   14568:	000a3483          	ld	s1,0(s4)
   1456c:	cfad                	beqz	a5,145e6 <__sfvwrite_r+0xae>
   1456e:	80000b37          	lui	s6,0x80000
   14572:	c00b4b13          	xori	s6,s6,-1024
   14576:	4981                	li	s3,0
   14578:	4901                	li	s2,0
   1457a:	864e                	mv	a2,s3
   1457c:	8556                	mv	a0,s5
   1457e:	14090563          	beqz	s2,146c8 <__sfvwrite_r+0x190>
   14582:	86ca                	mv	a3,s2
   14584:	012b7663          	bgeu	s6,s2,14590 <__sfvwrite_r+0x58>
   14588:	800006b7          	lui	a3,0x80000
   1458c:	c006c693          	xori	a3,a3,-1024
   14590:	603c                	ld	a5,64(s0)
   14592:	780c                	ld	a1,48(s0)
   14594:	2681                	sext.w	a3,a3
   14596:	9782                	jalr	a5
   14598:	2ea05363          	blez	a0,1487e <__sfvwrite_r+0x346>
   1459c:	010a3783          	ld	a5,16(s4)
   145a0:	99aa                	add	s3,s3,a0
   145a2:	40a90933          	sub	s2,s2,a0
   145a6:	8f89                	sub	a5,a5,a0
   145a8:	00fa3823          	sd	a5,16(s4)
   145ac:	f7f9                	bnez	a5,1457a <__sfvwrite_r+0x42>
   145ae:	64a6                	ld	s1,72(sp)
   145b0:	6906                	ld	s2,64(sp)
   145b2:	79e2                	ld	s3,56(sp)
   145b4:	7b02                	ld	s6,32(sp)
   145b6:	4501                	li	a0,0
   145b8:	60e6                	ld	ra,88(sp)
   145ba:	6446                	ld	s0,80(sp)
   145bc:	7a42                	ld	s4,48(sp)
   145be:	7aa2                	ld	s5,40(sp)
   145c0:	6125                	addi	sp,sp,96
   145c2:	8082                	ret
   145c4:	85a2                	mv	a1,s0
   145c6:	8556                	mv	a0,s5
   145c8:	2ce000ef          	jal	14896 <__swsetup_r>
   145cc:	1e051263          	bnez	a0,147b0 <__sfvwrite_r+0x278>
   145d0:	01041683          	lh	a3,16(s0)
   145d4:	e4a6                	sd	s1,72(sp)
   145d6:	e0ca                	sd	s2,64(sp)
   145d8:	fc4e                	sd	s3,56(sp)
   145da:	f05a                	sd	s6,32(sp)
   145dc:	0026f793          	andi	a5,a3,2
   145e0:	000a3483          	ld	s1,0(s4)
   145e4:	f7c9                	bnez	a5,1456e <__sfvwrite_r+0x36>
   145e6:	ec5e                	sd	s7,24(sp)
   145e8:	e862                	sd	s8,16(sp)
   145ea:	e466                	sd	s9,8(sp)
   145ec:	0016f793          	andi	a5,a3,1
   145f0:	e7e5                	bnez	a5,146d8 <__sfvwrite_r+0x1a0>
   145f2:	601c                	ld	a5,0(s0)
   145f4:	80000737          	lui	a4,0x80000
   145f8:	fff74c13          	not	s8,a4
   145fc:	4b01                	li	s6,0
   145fe:	4981                	li	s3,0
   14600:	0a098e63          	beqz	s3,146bc <__sfvwrite_r+0x184>
   14604:	2006f713          	andi	a4,a3,512
   14608:	00c42903          	lw	s2,12(s0)
   1460c:	853e                	mv	a0,a5
   1460e:	1a070363          	beqz	a4,147b4 <__sfvwrite_r+0x27c>
   14612:	0729ee63          	bltu	s3,s2,1468e <__sfvwrite_r+0x156>
   14616:	4806f713          	andi	a4,a3,1152
   1461a:	8bca                	mv	s7,s2
   1461c:	cb3d                	beqz	a4,14692 <__sfvwrite_r+0x15a>
   1461e:	5010                	lw	a2,32(s0)
   14620:	6c0c                	ld	a1,24(s0)
   14622:	0016171b          	slliw	a4,a2,0x1
   14626:	9f31                	addw	a4,a4,a2
   14628:	8f8d                	sub	a5,a5,a1
   1462a:	01f7591b          	srliw	s2,a4,0x1f
   1462e:	00078b9b          	sext.w	s7,a5
   14632:	00e9093b          	addw	s2,s2,a4
   14636:	001b8713          	addi	a4,s7,1
   1463a:	4019591b          	sraiw	s2,s2,0x1
   1463e:	974e                	add	a4,a4,s3
   14640:	00e97563          	bgeu	s2,a4,1464a <__sfvwrite_r+0x112>
   14644:	2785                	addiw	a5,a5,1
   14646:	0137893b          	addw	s2,a5,s3
   1464a:	4006f693          	andi	a3,a3,1024
   1464e:	1e068b63          	beqz	a3,14844 <__sfvwrite_r+0x30c>
   14652:	85ca                	mv	a1,s2
   14654:	8556                	mv	a0,s5
   14656:	af0fc0ef          	jal	10946 <_malloc_r>
   1465a:	8caa                	mv	s9,a0
   1465c:	22050463          	beqz	a0,14884 <__sfvwrite_r+0x34c>
   14660:	6c0c                	ld	a1,24(s0)
   14662:	865e                	mv	a2,s7
   14664:	564000ef          	jal	14bc8 <memcpy>
   14668:	01045703          	lhu	a4,16(s0)
   1466c:	b7f77713          	andi	a4,a4,-1153
   14670:	08076713          	ori	a4,a4,128
   14674:	00e41823          	sh	a4,16(s0)
   14678:	017c8533          	add	a0,s9,s7
   1467c:	41790bbb          	subw	s7,s2,s7
   14680:	01943c23          	sd	s9,24(s0)
   14684:	e008                	sd	a0,0(s0)
   14686:	01742623          	sw	s7,12(s0)
   1468a:	03242023          	sw	s2,32(s0)
   1468e:	8bce                	mv	s7,s3
   14690:	894e                	mv	s2,s3
   14692:	85da                	mv	a1,s6
   14694:	864a                	mv	a2,s2
   14696:	450000ef          	jal	14ae6 <memmove>
   1469a:	4454                	lw	a3,12(s0)
   1469c:	601c                	ld	a5,0(s0)
   1469e:	010a3703          	ld	a4,16(s4)
   146a2:	417686bb          	subw	a3,a3,s7
   146a6:	97ca                	add	a5,a5,s2
   146a8:	c454                	sw	a3,12(s0)
   146aa:	e01c                	sd	a5,0(s0)
   146ac:	41370733          	sub	a4,a4,s3
   146b0:	00ea3823          	sd	a4,16(s4)
   146b4:	1c070163          	beqz	a4,14876 <__sfvwrite_r+0x33e>
   146b8:	01041683          	lh	a3,16(s0)
   146bc:	0004bb03          	ld	s6,0(s1)
   146c0:	0084b983          	ld	s3,8(s1)
   146c4:	04c1                	addi	s1,s1,16
   146c6:	bf2d                	j	14600 <__sfvwrite_r+0xc8>
   146c8:	0004b983          	ld	s3,0(s1)
   146cc:	0084b903          	ld	s2,8(s1)
   146d0:	04c1                	addi	s1,s1,16
   146d2:	b565                	j	1457a <__sfvwrite_r+0x42>
   146d4:	4501                	li	a0,0
   146d6:	8082                	ret
   146d8:	4b81                	li	s7,0
   146da:	4c01                	li	s8,0
   146dc:	4501                	li	a0,0
   146de:	4c81                	li	s9,0
   146e0:	060b8063          	beqz	s7,14740 <__sfvwrite_r+0x208>
   146e4:	c535                	beqz	a0,14750 <__sfvwrite_r+0x218>
   146e6:	8b62                	mv	s6,s8
   146e8:	018bf363          	bgeu	s7,s8,146ee <__sfvwrite_r+0x1b6>
   146ec:	8b5e                	mv	s6,s7
   146ee:	5014                	lw	a3,32(s0)
   146f0:	445c                	lw	a5,12(s0)
   146f2:	6008                	ld	a0,0(s0)
   146f4:	6c18                	ld	a4,24(s0)
   146f6:	00d789bb          	addw	s3,a5,a3
   146fa:	895a                	mv	s2,s6
   146fc:	00a77463          	bgeu	a4,a0,14704 <__sfvwrite_r+0x1cc>
   14700:	0769c363          	blt	s3,s6,14766 <__sfvwrite_r+0x22e>
   14704:	12db4263          	blt	s6,a3,14828 <__sfvwrite_r+0x2f0>
   14708:	603c                	ld	a5,64(s0)
   1470a:	780c                	ld	a1,48(s0)
   1470c:	8666                	mv	a2,s9
   1470e:	8556                	mv	a0,s5
   14710:	9782                	jalr	a5
   14712:	892a                	mv	s2,a0
   14714:	08a05163          	blez	a0,14796 <__sfvwrite_r+0x25e>
   14718:	0005079b          	sext.w	a5,a0
   1471c:	40fc0c3b          	subw	s8,s8,a5
   14720:	4505                	li	a0,1
   14722:	060c0563          	beqz	s8,1478c <__sfvwrite_r+0x254>
   14726:	010a3783          	ld	a5,16(s4)
   1472a:	412787b3          	sub	a5,a5,s2
   1472e:	00fa3823          	sd	a5,16(s4)
   14732:	14078263          	beqz	a5,14876 <__sfvwrite_r+0x33e>
   14736:	412b8bb3          	sub	s7,s7,s2
   1473a:	9cca                	add	s9,s9,s2
   1473c:	fa0b94e3          	bnez	s7,146e4 <__sfvwrite_r+0x1ac>
   14740:	0084bb83          	ld	s7,8(s1)
   14744:	87a6                	mv	a5,s1
   14746:	04c1                	addi	s1,s1,16
   14748:	fe0b8ce3          	beqz	s7,14740 <__sfvwrite_r+0x208>
   1474c:	0007bc83          	ld	s9,0(a5)
   14750:	865e                	mv	a2,s7
   14752:	45a9                	li	a1,10
   14754:	8566                	mv	a0,s9
   14756:	230000ef          	jal	14986 <memchr>
   1475a:	10050b63          	beqz	a0,14870 <__sfvwrite_r+0x338>
   1475e:	0505                	addi	a0,a0,1
   14760:	41950c3b          	subw	s8,a0,s9
   14764:	b749                	j	146e6 <__sfvwrite_r+0x1ae>
   14766:	85e6                	mv	a1,s9
   14768:	864e                	mv	a2,s3
   1476a:	37c000ef          	jal	14ae6 <memmove>
   1476e:	601c                	ld	a5,0(s0)
   14770:	85a2                	mv	a1,s0
   14772:	8556                	mv	a0,s5
   14774:	97ce                	add	a5,a5,s3
   14776:	e01c                	sd	a5,0(s0)
   14778:	d35ff0ef          	jal	144ac <_fflush_r>
   1477c:	ed09                	bnez	a0,14796 <__sfvwrite_r+0x25e>
   1477e:	87ce                	mv	a5,s3
   14780:	40fc0c3b          	subw	s8,s8,a5
   14784:	894e                	mv	s2,s3
   14786:	4505                	li	a0,1
   14788:	f80c1fe3          	bnez	s8,14726 <__sfvwrite_r+0x1ee>
   1478c:	85a2                	mv	a1,s0
   1478e:	8556                	mv	a0,s5
   14790:	d1dff0ef          	jal	144ac <_fflush_r>
   14794:	d949                	beqz	a0,14726 <__sfvwrite_r+0x1ee>
   14796:	01041783          	lh	a5,16(s0)
   1479a:	6be2                	ld	s7,24(sp)
   1479c:	6c42                	ld	s8,16(sp)
   1479e:	6ca2                	ld	s9,8(sp)
   147a0:	64a6                	ld	s1,72(sp)
   147a2:	6906                	ld	s2,64(sp)
   147a4:	79e2                	ld	s3,56(sp)
   147a6:	7b02                	ld	s6,32(sp)
   147a8:	0407e793          	ori	a5,a5,64
   147ac:	00f41823          	sh	a5,16(s0)
   147b0:	557d                	li	a0,-1
   147b2:	b519                	j	145b8 <__sfvwrite_r+0x80>
   147b4:	6c18                	ld	a4,24(s0)
   147b6:	04f76363          	bltu	a4,a5,147fc <__sfvwrite_r+0x2c4>
   147ba:	5018                	lw	a4,32(s0)
   147bc:	04e9e063          	bltu	s3,a4,147fc <__sfvwrite_r+0x2c4>
   147c0:	86ce                	mv	a3,s3
   147c2:	013c7363          	bgeu	s8,s3,147c8 <__sfvwrite_r+0x290>
   147c6:	86e2                	mv	a3,s8
   147c8:	02e6c6bb          	divw	a3,a3,a4
   147cc:	603c                	ld	a5,64(s0)
   147ce:	780c                	ld	a1,48(s0)
   147d0:	865a                	mv	a2,s6
   147d2:	8556                	mv	a0,s5
   147d4:	02e686bb          	mulw	a3,a3,a4
   147d8:	9782                	jalr	a5
   147da:	faa05ee3          	blez	a0,14796 <__sfvwrite_r+0x25e>
   147de:	892a                	mv	s2,a0
   147e0:	010a3783          	ld	a5,16(s4)
   147e4:	412989b3          	sub	s3,s3,s2
   147e8:	412787b3          	sub	a5,a5,s2
   147ec:	00fa3823          	sd	a5,16(s4)
   147f0:	c3d9                	beqz	a5,14876 <__sfvwrite_r+0x33e>
   147f2:	01041683          	lh	a3,16(s0)
   147f6:	601c                	ld	a5,0(s0)
   147f8:	9b4a                	add	s6,s6,s2
   147fa:	b519                	j	14600 <__sfvwrite_r+0xc8>
   147fc:	0129f363          	bgeu	s3,s2,14802 <__sfvwrite_r+0x2ca>
   14800:	894e                	mv	s2,s3
   14802:	853e                	mv	a0,a5
   14804:	864a                	mv	a2,s2
   14806:	85da                	mv	a1,s6
   14808:	2de000ef          	jal	14ae6 <memmove>
   1480c:	601c                	ld	a5,0(s0)
   1480e:	4458                	lw	a4,12(s0)
   14810:	97ca                	add	a5,a5,s2
   14812:	4127073b          	subw	a4,a4,s2
   14816:	e01c                	sd	a5,0(s0)
   14818:	c458                	sw	a4,12(s0)
   1481a:	f379                	bnez	a4,147e0 <__sfvwrite_r+0x2a8>
   1481c:	85a2                	mv	a1,s0
   1481e:	8556                	mv	a0,s5
   14820:	c8dff0ef          	jal	144ac <_fflush_r>
   14824:	dd55                	beqz	a0,147e0 <__sfvwrite_r+0x2a8>
   14826:	bf85                	j	14796 <__sfvwrite_r+0x25e>
   14828:	865a                	mv	a2,s6
   1482a:	85e6                	mv	a1,s9
   1482c:	2ba000ef          	jal	14ae6 <memmove>
   14830:	4454                	lw	a3,12(s0)
   14832:	6018                	ld	a4,0(s0)
   14834:	000b079b          	sext.w	a5,s6
   14838:	416686bb          	subw	a3,a3,s6
   1483c:	975a                	add	a4,a4,s6
   1483e:	c454                	sw	a3,12(s0)
   14840:	e018                	sd	a4,0(s0)
   14842:	bde9                	j	1471c <__sfvwrite_r+0x1e4>
   14844:	864a                	mv	a2,s2
   14846:	8556                	mv	a0,s5
   14848:	187020ef          	jal	171ce <_realloc_r>
   1484c:	8caa                	mv	s9,a0
   1484e:	e20515e3          	bnez	a0,14678 <__sfvwrite_r+0x140>
   14852:	6c0c                	ld	a1,24(s0)
   14854:	8556                	mv	a0,s5
   14856:	e1afd0ef          	jal	11e70 <_free_r>
   1485a:	01045783          	lhu	a5,16(s0)
   1485e:	4731                	li	a4,12
   14860:	6be2                	ld	s7,24(sp)
   14862:	6c42                	ld	s8,16(sp)
   14864:	6ca2                	ld	s9,8(sp)
   14866:	00eaa023          	sw	a4,0(s5)
   1486a:	f7f7f793          	andi	a5,a5,-129
   1486e:	bf0d                	j	147a0 <__sfvwrite_r+0x268>
   14870:	001b8c1b          	addiw	s8,s7,1
   14874:	bd8d                	j	146e6 <__sfvwrite_r+0x1ae>
   14876:	6be2                	ld	s7,24(sp)
   14878:	6c42                	ld	s8,16(sp)
   1487a:	6ca2                	ld	s9,8(sp)
   1487c:	bb0d                	j	145ae <__sfvwrite_r+0x76>
   1487e:	01041783          	lh	a5,16(s0)
   14882:	bf39                	j	147a0 <__sfvwrite_r+0x268>
   14884:	47b1                	li	a5,12
   14886:	00faa023          	sw	a5,0(s5)
   1488a:	6be2                	ld	s7,24(sp)
   1488c:	01041783          	lh	a5,16(s0)
   14890:	6c42                	ld	s8,16(sp)
   14892:	6ca2                	ld	s9,8(sp)
   14894:	b731                	j	147a0 <__sfvwrite_r+0x268>

0000000000014896 <__swsetup_r>:
   14896:	2281b703          	ld	a4,552(gp) # 1c510 <_impure_ptr>
   1489a:	1101                	addi	sp,sp,-32
   1489c:	ec06                	sd	ra,24(sp)
   1489e:	862a                	mv	a2,a0
   148a0:	87ae                	mv	a5,a1
   148a2:	c319                	beqz	a4,148a8 <__swsetup_r+0x12>
   148a4:	6734                	ld	a3,72(a4)
   148a6:	c2e1                	beqz	a3,14966 <__swsetup_r+0xd0>
   148a8:	01079703          	lh	a4,16(a5)
   148ac:	00877693          	andi	a3,a4,8
   148b0:	c29d                	beqz	a3,148d6 <__swsetup_r+0x40>
   148b2:	6f94                	ld	a3,24(a5)
   148b4:	ce8d                	beqz	a3,148ee <__swsetup_r+0x58>
   148b6:	01079703          	lh	a4,16(a5)
   148ba:	00177613          	andi	a2,a4,1
   148be:	ca39                	beqz	a2,14914 <__swsetup_r+0x7e>
   148c0:	5390                	lw	a2,32(a5)
   148c2:	0007a623          	sw	zero,12(a5)
   148c6:	4501                	li	a0,0
   148c8:	40c0063b          	negw	a2,a2
   148cc:	d790                	sw	a2,40(a5)
   148ce:	cab9                	beqz	a3,14924 <__swsetup_r+0x8e>
   148d0:	60e2                	ld	ra,24(sp)
   148d2:	6105                	addi	sp,sp,32
   148d4:	8082                	ret
   148d6:	01077693          	andi	a3,a4,16
   148da:	ced1                	beqz	a3,14976 <__swsetup_r+0xe0>
   148dc:	00477693          	andi	a3,a4,4
   148e0:	eab9                	bnez	a3,14936 <__swsetup_r+0xa0>
   148e2:	6f94                	ld	a3,24(a5)
   148e4:	00876713          	ori	a4,a4,8
   148e8:	00e79823          	sh	a4,16(a5)
   148ec:	f6e9                	bnez	a3,148b6 <__swsetup_r+0x20>
   148ee:	6b98                	ld	a4,16(a5)
   148f0:	20000593          	li	a1,512
   148f4:	28077713          	andi	a4,a4,640
   148f8:	fab70fe3          	beq	a4,a1,148b6 <__swsetup_r+0x20>
   148fc:	8532                	mv	a0,a2
   148fe:	85be                	mv	a1,a5
   14900:	e03e                	sd	a5,0(sp)
   14902:	547020ef          	jal	17648 <__smakebuf_r>
   14906:	6782                	ld	a5,0(sp)
   14908:	01079703          	lh	a4,16(a5)
   1490c:	6f94                	ld	a3,24(a5)
   1490e:	00177613          	andi	a2,a4,1
   14912:	f65d                	bnez	a2,148c0 <__swsetup_r+0x2a>
   14914:	00277613          	andi	a2,a4,2
   14918:	4581                	li	a1,0
   1491a:	e211                	bnez	a2,1491e <__swsetup_r+0x88>
   1491c:	538c                	lw	a1,32(a5)
   1491e:	c7cc                	sw	a1,12(a5)
   14920:	4501                	li	a0,0
   14922:	f6dd                	bnez	a3,148d0 <__swsetup_r+0x3a>
   14924:	08077693          	andi	a3,a4,128
   14928:	d6c5                	beqz	a3,148d0 <__swsetup_r+0x3a>
   1492a:	04076713          	ori	a4,a4,64
   1492e:	00e79823          	sh	a4,16(a5)
   14932:	557d                	li	a0,-1
   14934:	bf71                	j	148d0 <__swsetup_r+0x3a>
   14936:	6fac                	ld	a1,88(a5)
   14938:	c185                	beqz	a1,14958 <__swsetup_r+0xc2>
   1493a:	07478693          	addi	a3,a5,116
   1493e:	00d58b63          	beq	a1,a3,14954 <__swsetup_r+0xbe>
   14942:	8532                	mv	a0,a2
   14944:	e43e                	sd	a5,8(sp)
   14946:	e032                	sd	a2,0(sp)
   14948:	d28fd0ef          	jal	11e70 <_free_r>
   1494c:	67a2                	ld	a5,8(sp)
   1494e:	6602                	ld	a2,0(sp)
   14950:	01079703          	lh	a4,16(a5)
   14954:	0407bc23          	sd	zero,88(a5)
   14958:	6f94                	ld	a3,24(a5)
   1495a:	fdb77713          	andi	a4,a4,-37
   1495e:	0007a423          	sw	zero,8(a5)
   14962:	e394                	sd	a3,0(a5)
   14964:	b741                	j	148e4 <__swsetup_r+0x4e>
   14966:	e02a                	sd	a0,0(sp)
   14968:	853a                	mv	a0,a4
   1496a:	e42e                	sd	a1,8(sp)
   1496c:	d4bfc0ef          	jal	116b6 <__sinit>
   14970:	67a2                	ld	a5,8(sp)
   14972:	6602                	ld	a2,0(sp)
   14974:	bf15                	j	148a8 <__swsetup_r+0x12>
   14976:	46a5                	li	a3,9
   14978:	04076713          	ori	a4,a4,64
   1497c:	c214                	sw	a3,0(a2)
   1497e:	00e79823          	sh	a4,16(a5)
   14982:	557d                	li	a0,-1
   14984:	b7b1                	j	148d0 <__swsetup_r+0x3a>

0000000000014986 <memchr>:
   14986:	00757793          	andi	a5,a0,7
   1498a:	0ff5f313          	zext.b	t1,a1
   1498e:	cb99                	beqz	a5,149a4 <memchr+0x1e>
   14990:	c241                	beqz	a2,14a10 <memchr+0x8a>
   14992:	00054783          	lbu	a5,0(a0)
   14996:	167d                	addi	a2,a2,-1
   14998:	06678b63          	beq	a5,t1,14a0e <memchr+0x88>
   1499c:	0505                	addi	a0,a0,1
   1499e:	00757793          	andi	a5,a0,7
   149a2:	f7fd                	bnez	a5,14990 <memchr+0xa>
   149a4:	481d                	li	a6,7
   149a6:	04c87a63          	bgeu	a6,a2,149fa <memchr+0x74>
   149aa:	0ff5f593          	zext.b	a1,a1
   149ae:	0085979b          	slliw	a5,a1,0x8
   149b2:	97ae                	add	a5,a5,a1
   149b4:	01079693          	slli	a3,a5,0x10
   149b8:	7f7f8737          	lui	a4,0x7f7f8
   149bc:	96be                	add	a3,a3,a5
   149be:	f7f70713          	addi	a4,a4,-129 # 7f7f7f7f <__BSS_END__+0x7f7db497>
   149c2:	feff07b7          	lui	a5,0xfeff0
   149c6:	eff78793          	addi	a5,a5,-257 # fffffffffefefeff <__BSS_END__+0xfffffffffefd3417>
   149ca:	02071593          	slli	a1,a4,0x20
   149ce:	02069e13          	slli	t3,a3,0x20
   149d2:	95ba                	add	a1,a1,a4
   149d4:	02079893          	slli	a7,a5,0x20
   149d8:	96f2                	add	a3,a3,t3
   149da:	fff5c593          	not	a1,a1
   149de:	98be                	add	a7,a7,a5
   149e0:	611c                	ld	a5,0(a0)
   149e2:	8fb5                	xor	a5,a5,a3
   149e4:	01178733          	add	a4,a5,a7
   149e8:	fff7c793          	not	a5,a5
   149ec:	8ff9                	and	a5,a5,a4
   149ee:	8fed                	and	a5,a5,a1
   149f0:	e791                	bnez	a5,149fc <memchr+0x76>
   149f2:	1661                	addi	a2,a2,-8
   149f4:	0521                	addi	a0,a0,8
   149f6:	fec865e3          	bltu	a6,a2,149e0 <memchr+0x5a>
   149fa:	ca19                	beqz	a2,14a10 <memchr+0x8a>
   149fc:	962a                	add	a2,a2,a0
   149fe:	a021                	j	14a06 <memchr+0x80>
   14a00:	0505                	addi	a0,a0,1
   14a02:	00c50763          	beq	a0,a2,14a10 <memchr+0x8a>
   14a06:	00054783          	lbu	a5,0(a0)
   14a0a:	fe679be3          	bne	a5,t1,14a00 <memchr+0x7a>
   14a0e:	8082                	ret
   14a10:	4501                	li	a0,0
   14a12:	8082                	ret

0000000000014a14 <strncpy>:
   14a14:	00a5e7b3          	or	a5,a1,a0
   14a18:	8b9d                	andi	a5,a5,7
   14a1a:	e781                	bnez	a5,14a22 <strncpy+0xe>
   14a1c:	00863793          	sltiu	a5,a2,8
   14a20:	cf85                	beqz	a5,14a58 <strncpy+0x44>
   14a22:	87aa                	mv	a5,a0
   14a24:	a809                	j	14a36 <strncpy+0x22>
   14a26:	fff5c683          	lbu	a3,-1(a1)
   14a2a:	fff60713          	addi	a4,a2,-1
   14a2e:	863a                	mv	a2,a4
   14a30:	fed78fa3          	sb	a3,-1(a5)
   14a34:	c689                	beqz	a3,14a3e <strncpy+0x2a>
   14a36:	0585                	addi	a1,a1,1
   14a38:	0785                	addi	a5,a5,1
   14a3a:	f675                	bnez	a2,14a26 <strncpy+0x12>
   14a3c:	8082                	ret
   14a3e:	c325                	beqz	a4,14a9e <strncpy+0x8a>
   14a40:	0c0076d7          	vsetvli	a3,zero,e8,m1,ta,ma
   14a44:	5e0030d7          	vmv.v.i	v1,0
   14a48:	0c0776d7          	vsetvli	a3,a4,e8,m1,ta,ma
   14a4c:	020780a7          	vse8.v	v1,(a5)
   14a50:	8f15                	sub	a4,a4,a3
   14a52:	97b6                	add	a5,a5,a3
   14a54:	fb75                	bnez	a4,14a48 <strncpy+0x34>
   14a56:	8082                	ret
   14a58:	7f7f8737          	lui	a4,0x7f7f8
   14a5c:	f7f70713          	addi	a4,a4,-129 # 7f7f7f7f <__BSS_END__+0x7f7db497>
   14a60:	feff07b7          	lui	a5,0xfeff0
   14a64:	eff78793          	addi	a5,a5,-257 # fffffffffefefeff <__BSS_END__+0xfffffffffefd3417>
   14a68:	02071893          	slli	a7,a4,0x20
   14a6c:	02079313          	slli	t1,a5,0x20
   14a70:	98ba                	add	a7,a7,a4
   14a72:	933e                	add	t1,t1,a5
   14a74:	fff8c893          	not	a7,a7
   14a78:	87aa                	mv	a5,a0
   14a7a:	4e1d                	li	t3,7
   14a7c:	6194                	ld	a3,0(a1)
   14a7e:	00668733          	add	a4,a3,t1
   14a82:	fff6c813          	not	a6,a3
   14a86:	01077733          	and	a4,a4,a6
   14a8a:	01177733          	and	a4,a4,a7
   14a8e:	f745                	bnez	a4,14a36 <strncpy+0x22>
   14a90:	1661                	addi	a2,a2,-8
   14a92:	e394                	sd	a3,0(a5)
   14a94:	07a1                	addi	a5,a5,8
   14a96:	05a1                	addi	a1,a1,8
   14a98:	fece62e3          	bltu	t3,a2,14a7c <strncpy+0x68>
   14a9c:	bf69                	j	14a36 <strncpy+0x22>
   14a9e:	8082                	ret

0000000000014aa0 <__localeconv_l>:
   14aa0:	10050513          	addi	a0,a0,256
   14aa4:	8082                	ret

0000000000014aa6 <_localeconv_r>:
   14aa6:	0e818513          	addi	a0,gp,232 # 1c3d0 <__global_pointer$+0xe8>
   14aaa:	8082                	ret

0000000000014aac <localeconv>:
   14aac:	0e818513          	addi	a0,gp,232 # 1c3d0 <__global_pointer$+0xe8>
   14ab0:	8082                	ret

0000000000014ab2 <__libc_fini_array>:
   14ab2:	1101                	addi	sp,sp,-32
   14ab4:	e822                	sd	s0,16(sp)
   14ab6:	67f1                	lui	a5,0x1c
   14ab8:	6471                	lui	s0,0x1c
   14aba:	95078793          	addi	a5,a5,-1712 # 1b950 <__malloc_av_>
   14abe:	94840413          	addi	s0,s0,-1720 # 1b948 <__do_global_dtors_aux_fini_array_entry>
   14ac2:	8f81                	sub	a5,a5,s0
   14ac4:	e426                	sd	s1,8(sp)
   14ac6:	ec06                	sd	ra,24(sp)
   14ac8:	4037d493          	srai	s1,a5,0x3
   14acc:	c881                	beqz	s1,14adc <__libc_fini_array+0x2a>
   14ace:	1461                	addi	s0,s0,-8
   14ad0:	943e                	add	s0,s0,a5
   14ad2:	601c                	ld	a5,0(s0)
   14ad4:	14fd                	addi	s1,s1,-1
   14ad6:	1461                	addi	s0,s0,-8
   14ad8:	9782                	jalr	a5
   14ada:	fce5                	bnez	s1,14ad2 <__libc_fini_array+0x20>
   14adc:	60e2                	ld	ra,24(sp)
   14ade:	6442                	ld	s0,16(sp)
   14ae0:	64a2                	ld	s1,8(sp)
   14ae2:	6105                	addi	sp,sp,32
   14ae4:	8082                	ret

0000000000014ae6 <memmove>:
   14ae6:	02a5f163          	bgeu	a1,a0,14b08 <memmove+0x22>
   14aea:	00c587b3          	add	a5,a1,a2
   14aee:	00f57d63          	bgeu	a0,a5,14b08 <memmove+0x22>
   14af2:	ce05                	beqz	a2,14b2a <memmove+0x44>
   14af4:	962a                	add	a2,a2,a0
   14af6:	fff7c703          	lbu	a4,-1(a5)
   14afa:	167d                	addi	a2,a2,-1
   14afc:	17fd                	addi	a5,a5,-1
   14afe:	00e60023          	sb	a4,0(a2)
   14b02:	fec51ae3          	bne	a0,a2,14af6 <memmove+0x10>
   14b06:	8082                	ret
   14b08:	47fd                	li	a5,31
   14b0a:	02c7e163          	bltu	a5,a2,14b2c <memmove+0x46>
   14b0e:	87aa                	mv	a5,a0
   14b10:	fff60693          	addi	a3,a2,-1
   14b14:	c65d                	beqz	a2,14bc2 <memmove+0xdc>
   14b16:	0685                	addi	a3,a3,1 # ffffffff80000001 <__BSS_END__+0xffffffff7ffe3519>
   14b18:	96be                	add	a3,a3,a5
   14b1a:	0005c703          	lbu	a4,0(a1)
   14b1e:	0785                	addi	a5,a5,1
   14b20:	0585                	addi	a1,a1,1
   14b22:	fee78fa3          	sb	a4,-1(a5)
   14b26:	fed79ae3          	bne	a5,a3,14b1a <memmove+0x34>
   14b2a:	8082                	ret
   14b2c:	00b567b3          	or	a5,a0,a1
   14b30:	8b9d                	andi	a5,a5,7
   14b32:	88ae                	mv	a7,a1
   14b34:	e3d9                	bnez	a5,14bba <memmove+0xd4>
   14b36:	00565793          	srli	a5,a2,0x5
   14b3a:	00579813          	slli	a6,a5,0x5
   14b3e:	982a                	add	a6,a6,a0
   14b40:	17fd                	addi	a5,a5,-1
   14b42:	872a                	mv	a4,a0
   14b44:	6194                	ld	a3,0(a1)
   14b46:	02058593          	addi	a1,a1,32
   14b4a:	02070713          	addi	a4,a4,32
   14b4e:	fed73023          	sd	a3,-32(a4)
   14b52:	fe85b683          	ld	a3,-24(a1)
   14b56:	fed73423          	sd	a3,-24(a4)
   14b5a:	ff05b683          	ld	a3,-16(a1)
   14b5e:	fed73823          	sd	a3,-16(a4)
   14b62:	ff85b683          	ld	a3,-8(a1)
   14b66:	fed73c23          	sd	a3,-8(a4)
   14b6a:	fd071de3          	bne	a4,a6,14b44 <memmove+0x5e>
   14b6e:	0796                	slli	a5,a5,0x5
   14b70:	01178733          	add	a4,a5,a7
   14b74:	02070593          	addi	a1,a4,32
   14b78:	97aa                	add	a5,a5,a0
   14b7a:	01867813          	andi	a6,a2,24
   14b7e:	02078793          	addi	a5,a5,32
   14b82:	8e2e                	mv	t3,a1
   14b84:	01f67693          	andi	a3,a2,31
   14b88:	02080e63          	beqz	a6,14bc4 <memmove+0xde>
   14b8c:	16e1                	addi	a3,a3,-8
   14b8e:	9ae1                	andi	a3,a3,-8
   14b90:	9736                	add	a4,a4,a3
   14b92:	02870713          	addi	a4,a4,40
   14b96:	41150833          	sub	a6,a0,a7
   14b9a:	0005b303          	ld	t1,0(a1)
   14b9e:	010588b3          	add	a7,a1,a6
   14ba2:	05a1                	addi	a1,a1,8
   14ba4:	0068b023          	sd	t1,0(a7)
   14ba8:	fee599e3          	bne	a1,a4,14b9a <memmove+0xb4>
   14bac:	00868713          	addi	a4,a3,8
   14bb0:	01c705b3          	add	a1,a4,t3
   14bb4:	97ba                	add	a5,a5,a4
   14bb6:	8a1d                	andi	a2,a2,7
   14bb8:	bfa1                	j	14b10 <memmove+0x2a>
   14bba:	fff60693          	addi	a3,a2,-1
   14bbe:	87aa                	mv	a5,a0
   14bc0:	bf99                	j	14b16 <memmove+0x30>
   14bc2:	8082                	ret
   14bc4:	8636                	mv	a2,a3
   14bc6:	b7a9                	j	14b10 <memmove+0x2a>

0000000000014bc8 <memcpy>:
   14bc8:	00a5c7b3          	xor	a5,a1,a0
   14bcc:	8b9d                	andi	a5,a5,7
   14bce:	00c508b3          	add	a7,a0,a2
   14bd2:	e7c9                	bnez	a5,14c5c <memcpy+0x94>
   14bd4:	00863613          	sltiu	a2,a2,8
   14bd8:	e251                	bnez	a2,14c5c <memcpy+0x94>
   14bda:	00757713          	andi	a4,a0,7
   14bde:	87aa                	mv	a5,a0
   14be0:	eb39                	bnez	a4,14c36 <memcpy+0x6e>
   14be2:	ff88f713          	andi	a4,a7,-8
   14be6:	40f70633          	sub	a2,a4,a5
   14bea:	04000693          	li	a3,64
   14bee:	08c6c763          	blt	a3,a2,14c7c <memcpy+0xb4>
   14bf2:	02e7ff63          	bgeu	a5,a4,14c30 <memcpy+0x68>
   14bf6:	fff70313          	addi	t1,a4,-1
   14bfa:	40f30333          	sub	t1,t1,a5
   14bfe:	00335313          	srli	t1,t1,0x3
   14c02:	00130693          	addi	a3,t1,1
   14c06:	8e3e                	mv	t3,a5
   14c08:	862e                	mv	a2,a1
   14c0a:	0c56f757          	vsetvli	a4,a3,e8,mf8,ta,ma
   14c0e:	02067087          	vle64.v	v1,(a2)
   14c12:	00371813          	slli	a6,a4,0x3
   14c16:	8e99                	sub	a3,a3,a4
   14c18:	9642                	add	a2,a2,a6
   14c1a:	0207f0a7          	vse64.v	v1,(a5)
   14c1e:	97c2                	add	a5,a5,a6
   14c20:	f6ed                	bnez	a3,14c0a <memcpy+0x42>
   14c22:	00331793          	slli	a5,t1,0x3
   14c26:	05a1                	addi	a1,a1,8
   14c28:	008e0713          	addi	a4,t3,8
   14c2c:	95be                	add	a1,a1,a5
   14c2e:	97ba                	add	a5,a5,a4
   14c30:	0317e963          	bltu	a5,a7,14c62 <memcpy+0x9a>
   14c34:	8082                	ret
   14c36:	0005c683          	lbu	a3,0(a1)
   14c3a:	0785                	addi	a5,a5,1
   14c3c:	0077f713          	andi	a4,a5,7
   14c40:	fed78fa3          	sb	a3,-1(a5)
   14c44:	0585                	addi	a1,a1,1
   14c46:	df51                	beqz	a4,14be2 <memcpy+0x1a>
   14c48:	0005c683          	lbu	a3,0(a1)
   14c4c:	0785                	addi	a5,a5,1
   14c4e:	0077f713          	andi	a4,a5,7
   14c52:	fed78fa3          	sb	a3,-1(a5)
   14c56:	0585                	addi	a1,a1,1
   14c58:	ff79                	bnez	a4,14c36 <memcpy+0x6e>
   14c5a:	b761                	j	14be2 <memcpy+0x1a>
   14c5c:	87aa                	mv	a5,a0
   14c5e:	07157a63          	bgeu	a0,a7,14cd2 <memcpy+0x10a>
   14c62:	40f886b3          	sub	a3,a7,a5
   14c66:	0c06f757          	vsetvli	a4,a3,e8,m1,ta,ma
   14c6a:	02058087          	vle8.v	v1,(a1)
   14c6e:	8e99                	sub	a3,a3,a4
   14c70:	95ba                	add	a1,a1,a4
   14c72:	020780a7          	vse8.v	v1,(a5)
   14c76:	97ba                	add	a5,a5,a4
   14c78:	f6fd                	bnez	a3,14c66 <memcpy+0x9e>
   14c7a:	8082                	ret
   14c7c:	cd817057          	vsetivli	zero,2,e64,m1,ta,ma
   14c80:	01058613          	addi	a2,a1,16
   14c84:	0205f207          	vle64.v	v4,(a1)
   14c88:	02067187          	vle64.v	v3,(a2)
   14c8c:	02058613          	addi	a2,a1,32
   14c90:	02067107          	vle64.v	v2,(a2)
   14c94:	03058613          	addi	a2,a1,48
   14c98:	02067087          	vle64.v	v1,(a2)
   14c9c:	0207f227          	vse64.v	v4,(a5)
   14ca0:	01078613          	addi	a2,a5,16
   14ca4:	020671a7          	vse64.v	v3,(a2)
   14ca8:	02078613          	addi	a2,a5,32
   14cac:	02067127          	vse64.v	v2,(a2)
   14cb0:	03078613          	addi	a2,a5,48
   14cb4:	020670a7          	vse64.v	v1,(a2)
   14cb8:	0405b803          	ld	a6,64(a1)
   14cbc:	04878793          	addi	a5,a5,72
   14cc0:	40f70633          	sub	a2,a4,a5
   14cc4:	04858593          	addi	a1,a1,72
   14cc8:	ff07bc23          	sd	a6,-8(a5)
   14ccc:	fac6cae3          	blt	a3,a2,14c80 <memcpy+0xb8>
   14cd0:	b70d                	j	14bf2 <memcpy+0x2a>
   14cd2:	8082                	ret

0000000000014cd4 <strlen>:
   14cd4:	00757793          	andi	a5,a0,7
   14cd8:	872a                	mv	a4,a0
   14cda:	efb1                	bnez	a5,14d36 <strlen+0x62>
   14cdc:	7f7f87b7          	lui	a5,0x7f7f8
   14ce0:	f7f78793          	addi	a5,a5,-129 # 7f7f7f7f <__BSS_END__+0x7f7db497>
   14ce4:	02079693          	slli	a3,a5,0x20
   14ce8:	96be                	add	a3,a3,a5
   14cea:	55fd                	li	a1,-1
   14cec:	6310                	ld	a2,0(a4)
   14cee:	0721                	addi	a4,a4,8
   14cf0:	00d677b3          	and	a5,a2,a3
   14cf4:	97b6                	add	a5,a5,a3
   14cf6:	8fd1                	or	a5,a5,a2
   14cf8:	8fd5                	or	a5,a5,a3
   14cfa:	feb789e3          	beq	a5,a1,14cec <strlen+0x18>
   14cfe:	ff874783          	lbu	a5,-8(a4)
   14d02:	40a706b3          	sub	a3,a4,a0
   14d06:	c7a9                	beqz	a5,14d50 <strlen+0x7c>
   14d08:	ff974783          	lbu	a5,-7(a4)
   14d0c:	cf9d                	beqz	a5,14d4a <strlen+0x76>
   14d0e:	ffa74783          	lbu	a5,-6(a4)
   14d12:	c7a9                	beqz	a5,14d5c <strlen+0x88>
   14d14:	ffb74783          	lbu	a5,-5(a4)
   14d18:	cf9d                	beqz	a5,14d56 <strlen+0x82>
   14d1a:	ffc74783          	lbu	a5,-4(a4)
   14d1e:	c3b1                	beqz	a5,14d62 <strlen+0x8e>
   14d20:	ffd74783          	lbu	a5,-3(a4)
   14d24:	c3b1                	beqz	a5,14d68 <strlen+0x94>
   14d26:	ffe74783          	lbu	a5,-2(a4)
   14d2a:	00f03533          	snez	a0,a5
   14d2e:	9536                	add	a0,a0,a3
   14d30:	1579                	addi	a0,a0,-2
   14d32:	8082                	ret
   14d34:	d6c5                	beqz	a3,14cdc <strlen+0x8>
   14d36:	00074783          	lbu	a5,0(a4)
   14d3a:	0705                	addi	a4,a4,1
   14d3c:	00777693          	andi	a3,a4,7
   14d40:	fbf5                	bnez	a5,14d34 <strlen+0x60>
   14d42:	8f09                	sub	a4,a4,a0
   14d44:	fff70513          	addi	a0,a4,-1
   14d48:	8082                	ret
   14d4a:	ff968513          	addi	a0,a3,-7
   14d4e:	8082                	ret
   14d50:	ff868513          	addi	a0,a3,-8
   14d54:	8082                	ret
   14d56:	ffb68513          	addi	a0,a3,-5
   14d5a:	8082                	ret
   14d5c:	ffa68513          	addi	a0,a3,-6
   14d60:	8082                	ret
   14d62:	ffc68513          	addi	a0,a3,-4
   14d66:	8082                	ret
   14d68:	ffd68513          	addi	a0,a3,-3
   14d6c:	8082                	ret

0000000000014d6e <frexpl>:
   14d6e:	715d                	addi	sp,sp,-80
   14d70:	fc26                	sd	s1,56(sp)
   14d72:	64a1                	lui	s1,0x8
   14d74:	e486                	sd	ra,72(sp)
   14d76:	0305d793          	srli	a5,a1,0x30
   14d7a:	14fd                	addi	s1,s1,-1 # 7fff <exit-0x8121>
   14d7c:	00062023          	sw	zero,0(a2)
   14d80:	8fe5                	and	a5,a5,s1
   14d82:	872e                	mv	a4,a1
   14d84:	832a                	mv	t1,a0
   14d86:	06978a63          	beq	a5,s1,14dfa <frexpl+0x8c>
   14d8a:	e0a2                	sd	s0,64(sp)
   14d8c:	4681                	li	a3,0
   14d8e:	8432                	mv	s0,a2
   14d90:	4601                	li	a2,0
   14d92:	e82e                	sd	a1,16(sp)
   14d94:	e42a                	sd	a0,8(sp)
   14d96:	ec3e                	sd	a5,24(sp)
   14d98:	f02a                	sd	a0,32(sp)
   14d9a:	f42e                	sd	a1,40(sp)
   14d9c:	05c040ef          	jal	18df8 <__eqtf2>
   14da0:	6322                	ld	t1,8(sp)
   14da2:	6742                	ld	a4,16(sp)
   14da4:	c931                	beqz	a0,14df8 <frexpl+0x8a>
   14da6:	67e2                	ld	a5,24(sp)
   14da8:	4601                	li	a2,0
   14daa:	889a                	mv	a7,t1
   14dac:	883a                	mv	a6,a4
   14dae:	ef99                	bnez	a5,14dcc <frexpl+0x5e>
   14db0:	040716b7          	lui	a3,0x4071
   14db4:	851a                	mv	a0,t1
   14db6:	85ba                	mv	a1,a4
   14db8:	1692                	slli	a3,a3,0x24
   14dba:	252040ef          	jal	1900c <__multf3>
   14dbe:	0305d793          	srli	a5,a1,0x30
   14dc2:	882e                	mv	a6,a1
   14dc4:	88aa                	mv	a7,a0
   14dc6:	8fe5                	and	a5,a5,s1
   14dc8:	f8e00613          	li	a2,-114
   14dcc:	7771                	lui	a4,0xffffc
   14dce:	2709                	addiw	a4,a4,2 # ffffffffffffc002 <__BSS_END__+0xfffffffffffdf51a>
   14dd0:	9fb9                	addw	a5,a5,a4
   14dd2:	f80016b7          	lui	a3,0xf8001
   14dd6:	9fb1                	addw	a5,a5,a2
   14dd8:	60a6                	ld	ra,72(sp)
   14dda:	c01c                	sw	a5,0(s0)
   14ddc:	1692                	slli	a3,a3,0x24
   14dde:	6406                	ld	s0,64(sp)
   14de0:	16fd                	addi	a3,a3,-1 # fffffffff8000fff <__BSS_END__+0xfffffffff7fe4517>
   14de2:	01fff737          	lui	a4,0x1fff
   14de6:	00d87833          	and	a6,a6,a3
   14dea:	1716                	slli	a4,a4,0x25
   14dec:	74e2                	ld	s1,56(sp)
   14dee:	8546                	mv	a0,a7
   14df0:	00e865b3          	or	a1,a6,a4
   14df4:	6161                	addi	sp,sp,80
   14df6:	8082                	ret
   14df8:	6406                	ld	s0,64(sp)
   14dfa:	60a6                	ld	ra,72(sp)
   14dfc:	74e2                	ld	s1,56(sp)
   14dfe:	851a                	mv	a0,t1
   14e00:	85ba                	mv	a1,a4
   14e02:	6161                	addi	sp,sp,80
   14e04:	8082                	ret

0000000000014e06 <__register_exitproc>:
   14e06:	2601b783          	ld	a5,608(gp) # 1c548 <__atexit>
   14e0a:	c3a9                	beqz	a5,14e4c <__register_exitproc+0x46>
   14e0c:	4798                	lw	a4,8(a5)
   14e0e:	487d                	li	a6,31
   14e10:	06e84163          	blt	a6,a4,14e72 <__register_exitproc+0x6c>
   14e14:	c505                	beqz	a0,14e3c <__register_exitproc+0x36>
   14e16:	00371813          	slli	a6,a4,0x3
   14e1a:	983e                	add	a6,a6,a5
   14e1c:	10c83823          	sd	a2,272(a6)
   14e20:	3107a883          	lw	a7,784(a5)
   14e24:	4605                	li	a2,1
   14e26:	00e6163b          	sllw	a2,a2,a4
   14e2a:	00c8e8b3          	or	a7,a7,a2
   14e2e:	3117a823          	sw	a7,784(a5)
   14e32:	20d83823          	sd	a3,528(a6)
   14e36:	4689                	li	a3,2
   14e38:	02d50063          	beq	a0,a3,14e58 <__register_exitproc+0x52>
   14e3c:	0017069b          	addiw	a3,a4,1 # 1fff001 <__BSS_END__+0x1fe2519>
   14e40:	070e                	slli	a4,a4,0x3
   14e42:	c794                	sw	a3,8(a5)
   14e44:	97ba                	add	a5,a5,a4
   14e46:	eb8c                	sd	a1,16(a5)
   14e48:	4501                	li	a0,0
   14e4a:	8082                	ret
   14e4c:	67f1                	lui	a5,0x1c
   14e4e:	7d078793          	addi	a5,a5,2000 # 1c7d0 <__atexit0>
   14e52:	26f1b023          	sd	a5,608(gp) # 1c548 <__atexit>
   14e56:	bf5d                	j	14e0c <__register_exitproc+0x6>
   14e58:	3147a683          	lw	a3,788(a5)
   14e5c:	4501                	li	a0,0
   14e5e:	8e55                	or	a2,a2,a3
   14e60:	0017069b          	addiw	a3,a4,1
   14e64:	070e                	slli	a4,a4,0x3
   14e66:	30c7aa23          	sw	a2,788(a5)
   14e6a:	c794                	sw	a3,8(a5)
   14e6c:	97ba                	add	a5,a5,a4
   14e6e:	eb8c                	sd	a1,16(a5)
   14e70:	8082                	ret
   14e72:	557d                	li	a0,-1
   14e74:	8082                	ret

0000000000014e76 <_ldtoa_r>:
   14e76:	7131                	addi	sp,sp,-192
   14e78:	ec2e                	sd	a1,24(sp)
   14e7a:	65e9                	lui	a1,0x1a
   14e7c:	66058593          	addi	a1,a1,1632 # 1a660 <blanks.1+0x28>
   14e80:	0005be83          	ld	t4,0(a1)
   14e84:	0085be03          	ld	t3,8(a1)
   14e88:	0105a303          	lw	t1,16(a1)
   14e8c:	692c                	ld	a1,80(a0)
   14e8e:	f526                	sd	s1,168(sp)
   14e90:	ed4e                	sd	s3,152(sp)
   14e92:	e952                	sd	s4,144(sp)
   14e94:	e556                	sd	s5,136(sp)
   14e96:	f4e6                	sd	s9,104(sp)
   14e98:	f0ea                	sd	s10,96(sp)
   14e9a:	ecee                	sd	s11,88(sp)
   14e9c:	fd06                	sd	ra,184(sp)
   14e9e:	f922                	sd	s0,176(sp)
   14ea0:	f14a                	sd	s2,160(sp)
   14ea2:	e15a                	sd	s6,128(sp)
   14ea4:	fcde                	sd	s7,120(sp)
   14ea6:	f8e2                	sd	s8,112(sp)
   14ea8:	fc76                	sd	t4,56(sp)
   14eaa:	e0f2                	sd	t3,64(sp)
   14eac:	c49a                	sw	t1,72(sp)
   14eae:	89aa                	mv	s3,a0
   14eb0:	84b2                	mv	s1,a2
   14eb2:	8cb6                	mv	s9,a3
   14eb4:	8d3a                	mv	s10,a4
   14eb6:	8a3e                	mv	s4,a5
   14eb8:	8ac2                	mv	s5,a6
   14eba:	8dc6                	mv	s11,a7
   14ebc:	c589                	beqz	a1,14ec6 <_ldtoa_r+0x50>
   14ebe:	350010ef          	jal	1620e <__freedtoa>
   14ec2:	0409b823          	sd	zero,80(s3)
   14ec6:	4716                	lw	a4,68(sp)
   14ec8:	0004a793          	slti	a5,s1,0
   14ecc:	cd717057          	vsetivli	zero,2,e32,mf2,ta,ma
   14ed0:	4017569b          	sraiw	a3,a4,0x1
   14ed4:	8ff5                	and	a5,a5,a3
   14ed6:	8f3d                	xor	a4,a4,a5
   14ed8:	c2ba                	sw	a4,68(sp)
   14eda:	0004a713          	slti	a4,s1,0
   14ede:	00eaa023          	sw	a4,0(s5)
   14ee2:	77f1                	lui	a5,0xffffc
   14ee4:	00149713          	slli	a4,s1,0x1
   14ee8:	f917879b          	addiw	a5,a5,-111 # ffffffffffffbf91 <__BSS_END__+0xfffffffffffdf4a9>
   14eec:	03175b93          	srli	s7,a4,0x31
   14ef0:	00fb8c3b          	addw	s8,s7,a5
   14ef4:	083c                	addi	a5,sp,24
   14ef6:	0207e087          	vle32.v	v1,(a5)
   14efa:	02810a93          	addi	s5,sp,40
   14efe:	6662                	ld	a2,24(sp)
   14f00:	597d                	li	s2,-1
   14f02:	00195413          	srli	s0,s2,0x1
   14f06:	8c65                	and	s0,s0,s1
   14f08:	020ae0a7          	vse32.v	v1,(s5)
   14f0c:	01049713          	slli	a4,s1,0x10
   14f10:	03075b13          	srli	s6,a4,0x30
   14f14:	86a2                	mv	a3,s0
   14f16:	85a2                	mv	a1,s0
   14f18:	8532                	mv	a0,a2
   14f1a:	d826                	sw	s1,48(sp)
   14f1c:	da5a                	sw	s6,52(sp)
   14f1e:	6ff040ef          	jal	19e1c <__unordtf2>
   14f22:	ed55                	bnez	a0,14fde <_ldtoa_r+0x168>
   14f24:	07fff6b7          	lui	a3,0x7fff
   14f28:	6562                	ld	a0,24(sp)
   14f2a:	1692                	slli	a3,a3,0x24
   14f2c:	96ca                	add	a3,a3,s2
   14f2e:	864a                	mv	a2,s2
   14f30:	85a2                	mv	a1,s0
   14f32:	6eb040ef          	jal	19e1c <__unordtf2>
   14f36:	e135                	bnez	a0,14f9a <_ldtoa_r+0x124>
   14f38:	07fff6b7          	lui	a3,0x7fff
   14f3c:	6562                	ld	a0,24(sp)
   14f3e:	1692                	slli	a3,a3,0x24
   14f40:	864a                	mv	a2,s2
   14f42:	96ca                	add	a3,a3,s2
   14f44:	85a2                	mv	a1,s0
   14f46:	010040ef          	jal	18f56 <__letf2>
   14f4a:	04a05863          	blez	a0,14f9a <_ldtoa_r+0x124>
   14f4e:	478d                	li	a5,3
   14f50:	d23e                	sw	a5,36(sp)
   14f52:	87e6                	mv	a5,s9
   14f54:	1058                	addi	a4,sp,36
   14f56:	e06e                	sd	s11,0(sp)
   14f58:	886a                	mv	a6,s10
   14f5a:	86d6                	mv	a3,s5
   14f5c:	8662                	mv	a2,s8
   14f5e:	854e                	mv	a0,s3
   14f60:	88d2                	mv	a7,s4
   14f62:	182c                	addi	a1,sp,56
   14f64:	102000ef          	jal	15066 <__gdtoa>
   14f68:	000a2703          	lw	a4,0(s4)
   14f6c:	77e1                	lui	a5,0xffff8
   14f6e:	00f71763          	bne	a4,a5,14f7c <_ldtoa_r+0x106>
   14f72:	800007b7          	lui	a5,0x80000
   14f76:	17fd                	addi	a5,a5,-1 # ffffffff7fffffff <__BSS_END__+0xffffffff7ffe3517>
   14f78:	00fa2023          	sw	a5,0(s4)
   14f7c:	70ea                	ld	ra,184(sp)
   14f7e:	744a                	ld	s0,176(sp)
   14f80:	74aa                	ld	s1,168(sp)
   14f82:	790a                	ld	s2,160(sp)
   14f84:	69ea                	ld	s3,152(sp)
   14f86:	6a4a                	ld	s4,144(sp)
   14f88:	6aaa                	ld	s5,136(sp)
   14f8a:	6b0a                	ld	s6,128(sp)
   14f8c:	7be6                	ld	s7,120(sp)
   14f8e:	7c46                	ld	s8,112(sp)
   14f90:	7ca6                	ld	s9,104(sp)
   14f92:	7d06                	ld	s10,96(sp)
   14f94:	6de6                	ld	s11,88(sp)
   14f96:	6129                	addi	sp,sp,192
   14f98:	8082                	ret
   14f9a:	67e9                	lui	a5,0x1a
   14f9c:	6587b683          	ld	a3,1624(a5) # 1a658 <blanks.1+0x20>
   14fa0:	6562                	ld	a0,24(sp)
   14fa2:	85a2                	mv	a1,s0
   14fa4:	4601                	li	a2,0
   14fa6:	6fb030ef          	jal	18ea0 <__getf2>
   14faa:	00054963          	bltz	a0,14fbc <_ldtoa_r+0x146>
   14fae:	67c1                	lui	a5,0x10
   14fb0:	0167e7b3          	or	a5,a5,s6
   14fb4:	4705                	li	a4,1
   14fb6:	da3e                	sw	a5,52(sp)
   14fb8:	d23a                	sw	a4,36(sp)
   14fba:	bf61                	j	14f52 <_ldtoa_r+0xdc>
   14fbc:	6562                	ld	a0,24(sp)
   14fbe:	85a6                	mv	a1,s1
   14fc0:	4601                	li	a2,0
   14fc2:	4681                	li	a3,0
   14fc4:	635030ef          	jal	18df8 <__eqtf2>
   14fc8:	e119                	bnez	a0,14fce <_ldtoa_r+0x158>
   14fca:	d202                	sw	zero,36(sp)
   14fcc:	b759                	j	14f52 <_ldtoa_r+0xdc>
   14fce:	77f1                	lui	a5,0xffffc
   14fd0:	f927879b          	addiw	a5,a5,-110 # ffffffffffffbf92 <__BSS_END__+0xfffffffffffdf4aa>
   14fd4:	4709                	li	a4,2
   14fd6:	00fb8c3b          	addw	s8,s7,a5
   14fda:	d23a                	sw	a4,36(sp)
   14fdc:	bf9d                	j	14f52 <_ldtoa_r+0xdc>
   14fde:	4791                	li	a5,4
   14fe0:	d23e                	sw	a5,36(sp)
   14fe2:	bf85                	j	14f52 <_ldtoa_r+0xdc>

0000000000014fe4 <_ldcheck>:
   14fe4:	7179                	addi	sp,sp,-48
   14fe6:	ec26                	sd	s1,24(sp)
   14fe8:	6504                	ld	s1,8(a0)
   14fea:	e84a                	sd	s2,16(sp)
   14fec:	e44e                	sd	s3,8(sp)
   14fee:	00053903          	ld	s2,0(a0)
   14ff2:	59fd                	li	s3,-1
   14ff4:	0019d793          	srli	a5,s3,0x1
   14ff8:	8cfd                	and	s1,s1,a5
   14ffa:	86a6                	mv	a3,s1
   14ffc:	85a6                	mv	a1,s1
   14ffe:	864a                	mv	a2,s2
   15000:	854a                	mv	a0,s2
   15002:	f406                	sd	ra,40(sp)
   15004:	619040ef          	jal	19e1c <__unordtf2>
   15008:	e921                	bnez	a0,15058 <_ldcheck+0x74>
   1500a:	07fff6b7          	lui	a3,0x7fff
   1500e:	1692                	slli	a3,a3,0x24
   15010:	96ce                	add	a3,a3,s3
   15012:	864e                	mv	a2,s3
   15014:	854a                	mv	a0,s2
   15016:	85a6                	mv	a1,s1
   15018:	f022                	sd	s0,32(sp)
   1501a:	4405                	li	s0,1
   1501c:	601040ef          	jal	19e1c <__unordtf2>
   15020:	cd11                	beqz	a0,1503c <_ldcheck+0x58>
   15022:	70a2                	ld	ra,40(sp)
   15024:	00144513          	xori	a0,s0,1
   15028:	7402                	ld	s0,32(sp)
   1502a:	0ff57513          	zext.b	a0,a0
   1502e:	64e2                	ld	s1,24(sp)
   15030:	6942                	ld	s2,16(sp)
   15032:	69a2                	ld	s3,8(sp)
   15034:	0015151b          	slliw	a0,a0,0x1
   15038:	6145                	addi	sp,sp,48
   1503a:	8082                	ret
   1503c:	07fff7b7          	lui	a5,0x7fff
   15040:	1792                	slli	a5,a5,0x24
   15042:	864e                	mv	a2,s3
   15044:	013786b3          	add	a3,a5,s3
   15048:	854a                	mv	a0,s2
   1504a:	85a6                	mv	a1,s1
   1504c:	70b030ef          	jal	18f56 <__letf2>
   15050:	fca059e3          	blez	a0,15022 <_ldcheck+0x3e>
   15054:	4401                	li	s0,0
   15056:	b7f1                	j	15022 <_ldcheck+0x3e>
   15058:	70a2                	ld	ra,40(sp)
   1505a:	64e2                	ld	s1,24(sp)
   1505c:	6942                	ld	s2,16(sp)
   1505e:	69a2                	ld	s3,8(sp)
   15060:	4505                	li	a0,1
   15062:	6145                	addi	sp,sp,48
   15064:	8082                	ret

0000000000015066 <__gdtoa>:
   15066:	00072303          	lw	t1,0(a4)
   1506a:	7111                	addi	sp,sp,-256
   1506c:	f9a2                	sd	s0,240(sp)
   1506e:	6412                	ld	s0,256(sp)
   15070:	edce                	sd	s3,216(sp)
   15072:	fcf37e13          	andi	t3,t1,-49
   15076:	fd86                	sd	ra,248(sp)
   15078:	01c72023          	sw	t3,0(a4)
   1507c:	4e8d                	li	t4,3
   1507e:	00f37e13          	andi	t3,t1,15
   15082:	89a2                	mv	s3,s0
   15084:	27de0763          	beq	t3,t4,152f2 <__gdtoa+0x28c>
   15088:	fd5e                	sd	s7,184(sp)
   1508a:	00c37413          	andi	s0,t1,12
   1508e:	8ba2                	mv	s7,s0
   15090:	1c041163          	bnez	s0,15252 <__gdtoa+0x1ec>
   15094:	e9d2                	sd	s4,208(sp)
   15096:	f962                	sd	s8,176(sp)
   15098:	f566                	sd	s9,168(sp)
   1509a:	f16a                	sd	s10,160(sp)
   1509c:	ed6e                	sd	s11,152(sp)
   1509e:	e03a                	sd	a4,0(sp)
   150a0:	8a2a                	mv	s4,a0
   150a2:	8cc6                	mv	s9,a7
   150a4:	8c36                	mv	s8,a3
   150a6:	8d32                	mv	s10,a2
   150a8:	8dae                	mv	s11,a1
   150aa:	200e0d63          	beqz	t3,152c4 <__gdtoa+0x25e>
   150ae:	4194                	lw	a3,0(a1)
   150b0:	e5d6                	sd	s5,200(sp)
   150b2:	e1da                	sd	s6,192(sp)
   150b4:	8abe                	mv	s5,a5
   150b6:	02000793          	li	a5,32
   150ba:	8b42                	mv	s6,a6
   150bc:	4581                	li	a1,0
   150be:	00d7d763          	bge	a5,a3,150cc <__gdtoa+0x66>
   150c2:	0017979b          	slliw	a5,a5,0x1
   150c6:	2585                	addiw	a1,a1,1
   150c8:	fed7cde3          	blt	a5,a3,150c2 <__gdtoa+0x5c>
   150cc:	8552                	mv	a0,s4
   150ce:	e836                	sd	a3,16(sp)
   150d0:	e41a                	sd	t1,8(sp)
   150d2:	3aa010ef          	jal	1647c <_Balloc>
   150d6:	6322                	ld	t1,8(sp)
   150d8:	66c2                	ld	a3,16(sp)
   150da:	842a                	mv	s0,a0
   150dc:	1a050f63          	beqz	a0,1529a <__gdtoa+0x234>
   150e0:	fff6871b          	addiw	a4,a3,-1 # 7ffefff <__BSS_END__+0x7fe2517>
   150e4:	4057571b          	sraiw	a4,a4,0x5
   150e8:	070a                	slli	a4,a4,0x2
   150ea:	87e2                	mv	a5,s8
   150ec:	00ec0533          	add	a0,s8,a4
   150f0:	01840613          	addi	a2,s0,24
   150f4:	438c                	lw	a1,0(a5)
   150f6:	0791                	addi	a5,a5,4 # 7fff004 <__BSS_END__+0x7fe251c>
   150f8:	0611                	addi	a2,a2,4
   150fa:	feb62e23          	sw	a1,-4(a2)
   150fe:	fef57be3          	bgeu	a0,a5,150f4 <__gdtoa+0x8e>
   15102:	001c0793          	addi	a5,s8,1
   15106:	0505                	addi	a0,a0,1
   15108:	00f53533          	sltu	a0,a0,a5
   1510c:	157d                	addi	a0,a0,-1
   1510e:	8f69                	and	a4,a4,a0
   15110:	0711                	addi	a4,a4,4
   15112:	40275793          	srai	a5,a4,0x2
   15116:	9722                	add	a4,a4,s0
   15118:	a021                	j	15120 <__gdtoa+0xba>
   1511a:	1771                	addi	a4,a4,-4
   1511c:	1e078963          	beqz	a5,1530e <__gdtoa+0x2a8>
   15120:	4b50                	lw	a2,20(a4)
   15122:	85be                	mv	a1,a5
   15124:	37fd                	addiw	a5,a5,-1
   15126:	da75                	beqz	a2,1511a <__gdtoa+0xb4>
   15128:	078a                	slli	a5,a5,0x2
   1512a:	97a2                	add	a5,a5,s0
   1512c:	4f88                	lw	a0,24(a5)
   1512e:	c84c                	sw	a1,20(s0)
   15130:	ec1a                	sd	t1,24(sp)
   15132:	e836                	sd	a3,16(sp)
   15134:	e42e                	sd	a1,8(sp)
   15136:	5a4010ef          	jal	166da <__hi0bits>
   1513a:	65a2                	ld	a1,8(sp)
   1513c:	6362                	ld	t1,24(sp)
   1513e:	66c2                	ld	a3,16(sp)
   15140:	0055959b          	slliw	a1,a1,0x5
   15144:	40a587bb          	subw	a5,a1,a0
   15148:	8522                	mv	a0,s0
   1514a:	ec3e                	sd	a5,24(sp)
   1514c:	e836                	sd	a3,16(sp)
   1514e:	e41a                	sd	t1,8(sp)
   15150:	2ec010ef          	jal	1643c <__trailz_D2A>
   15154:	c72a                	sw	a0,140(sp)
   15156:	6322                	ld	t1,8(sp)
   15158:	66c2                	ld	a3,16(sp)
   1515a:	67e2                	ld	a5,24(sp)
   1515c:	866a                	mv	a2,s10
   1515e:	3a051963          	bnez	a0,15510 <__gdtoa+0x4aa>
   15162:	4858                	lw	a4,20(s0)
   15164:	14070a63          	beqz	a4,152b8 <__gdtoa+0x252>
   15168:	016c                	addi	a1,sp,140
   1516a:	8522                	mv	a0,s0
   1516c:	f03e                	sd	a5,32(sp)
   1516e:	ec36                	sd	a3,24(sp)
   15170:	e832                	sd	a2,16(sp)
   15172:	e41a                	sd	t1,8(sp)
   15174:	f5a6                	sd	s1,232(sp)
   15176:	549010ef          	jal	16ebe <__b2d>
   1517a:	e2050753          	fmv.x.d	a4,fa0
   1517e:	3ff00537          	lui	a0,0x3ff00
   15182:	00c71593          	slli	a1,a4,0xc
   15186:	02071f13          	slli	t5,a4,0x20
   1518a:	02c5d713          	srli	a4,a1,0x2c
   1518e:	00a765b3          	or	a1,a4,a0
   15192:	02059713          	slli	a4,a1,0x20
   15196:	020f5f13          	srli	t5,t5,0x20
   1519a:	00ef6f33          	or	t5,t5,a4
   1519e:	f20f07d3          	fmv.d.x	fa5,t5
   151a2:	1901b707          	fld	fa4,400(gp) # 1c478 <__SDATA_BEGIN__>
   151a6:	1981b687          	fld	fa3,408(gp) # 1c480 <__SDATA_BEGIN__+0x8>
   151aa:	0ae7f753          	fsub.d	fa4,fa5,fa4
   151ae:	1a01b787          	fld	fa5,416(gp) # 1c488 <__SDATA_BEGIN__+0x10>
   151b2:	6642                	ld	a2,16(sp)
   151b4:	7782                	ld	a5,32(sp)
   151b6:	852e                	mv	a0,a1
   151b8:	7ad77743          	fmadd.d	fa4,fa4,fa3,fa5
   151bc:	00f608bb          	addw	a7,a2,a5
   151c0:	fff8859b          	addiw	a1,a7,-1
   151c4:	1a81b687          	fld	fa3,424(gp) # 1c490 <__SDATA_BEGIN__+0x18>
   151c8:	d20587d3          	fcvt.d.w	fa5,a1
   151cc:	6322                	ld	t1,8(sp)
   151ce:	66e2                	ld	a3,24(sp)
   151d0:	72d7f7c3          	fmadd.d	fa5,fa5,fa3,fa4
   151d4:	872e                	mv	a4,a1
   151d6:	0005d563          	bgez	a1,151e0 <__gdtoa+0x17a>
   151da:	4705                	li	a4,1
   151dc:	4117073b          	subw	a4,a4,a7
   151e0:	bcb7071b          	addiw	a4,a4,-1077
   151e4:	00e05863          	blez	a4,151f4 <__gdtoa+0x18e>
   151e8:	1b01b707          	fld	fa4,432(gp) # 1c498 <__SDATA_BEGIN__+0x20>
   151ec:	d20706d3          	fcvt.d.w	fa3,a4
   151f0:	7ae6f7c3          	fmadd.d	fa5,fa3,fa4,fa5
   151f4:	f2000753          	fmv.d.x	fa4,zero
   151f8:	c2079853          	fcvt.w.d	a6,fa5,rtz
   151fc:	a2e79753          	flt.d	a4,fa5,fa4
   15200:	42071763          	bnez	a4,1562e <__gdtoa+0x5c8>
   15204:	0145971b          	slliw	a4,a1,0x14
   15208:	1f02                	slli	t5,t5,0x20
   1520a:	9f29                	addw	a4,a4,a0
   1520c:	1702                	slli	a4,a4,0x20
   1520e:	020f5f13          	srli	t5,t5,0x20
   15212:	40b785bb          	subw	a1,a5,a1
   15216:	00ef6f33          	or	t5,t5,a4
   1521a:	fff58e9b          	addiw	t4,a1,-1
   1521e:	4759                	li	a4,22
   15220:	8e76                	mv	t3,t4
   15222:	0f076963          	bltu	a4,a6,15314 <__gdtoa+0x2ae>
   15226:	6569                	lui	a0,0x1a
   15228:	6d850513          	addi	a0,a0,1752 # 1a6d8 <__mprec_tens>
   1522c:	00381713          	slli	a4,a6,0x3
   15230:	972a                	add	a4,a4,a0
   15232:	231c                	fld	fa5,0(a4)
   15234:	f20f0753          	fmv.d.x	fa4,t5
   15238:	a2f71753          	flt.d	a4,fa4,fa5
   1523c:	30071263          	bnez	a4,15540 <__gdtoa+0x4da>
   15240:	0cb051e3          	blez	a1,15b02 <__gdtoa+0xa9c>
   15244:	01d80ebb          	addw	t4,a6,t4
   15248:	f082                	sd	zero,96(sp)
   1524a:	e8c2                	sd	a6,80(sp)
   1524c:	e802                	sd	zero,16(sp)
   1524e:	e482                	sd	zero,72(sp)
   15250:	a0cd                	j	15332 <__gdtoa+0x2cc>
   15252:	4791                	li	a5,4
   15254:	04fe1a63          	bne	t3,a5,152a8 <__gdtoa+0x242>
   15258:	744e                	ld	s0,240(sp)
   1525a:	7bea                	ld	s7,184(sp)
   1525c:	70ee                	ld	ra,248(sp)
   1525e:	77e1                	lui	a5,0xffff8
   15260:	864e                	mv	a2,s3
   15262:	69ee                	ld	s3,216(sp)
   15264:	65e9                	lui	a1,0x1a
   15266:	00f8a023          	sw	a5,0(a7)
   1526a:	86f6                	mv	a3,t4
   1526c:	1b058593          	addi	a1,a1,432 # 1a1b0 <__clzdi2+0x18c>
   15270:	6111                	addi	sp,sp,256
   15272:	72b0006f          	j	1619c <__nrv_alloc_D2A>
   15276:	85fa                	mv	a1,t5
   15278:	8552                	mv	a0,s4
   1527a:	fc3a                	sd	a4,56(sp)
   1527c:	f872                	sd	t3,48(sp)
   1527e:	f442                	sd	a6,40(sp)
   15280:	f03e                	sd	a5,32(sp)
   15282:	ec46                	sd	a7,24(sp)
   15284:	0d7010ef          	jal	16b5a <__lshift>
   15288:	68e2                	ld	a7,24(sp)
   1528a:	7782                	ld	a5,32(sp)
   1528c:	7822                	ld	a6,40(sp)
   1528e:	7e42                	ld	t3,48(sp)
   15290:	7762                	ld	a4,56(sp)
   15292:	8f2a                	mv	t5,a0
   15294:	4e051063          	bnez	a0,15774 <__gdtoa+0x70e>
   15298:	74ae                	ld	s1,232(sp)
   1529a:	6a4e                	ld	s4,208(sp)
   1529c:	6aae                	ld	s5,200(sp)
   1529e:	6b0e                	ld	s6,192(sp)
   152a0:	7c4a                	ld	s8,176(sp)
   152a2:	7caa                	ld	s9,168(sp)
   152a4:	7d0a                	ld	s10,160(sp)
   152a6:	6dea                	ld	s11,152(sp)
   152a8:	4701                	li	a4,0
   152aa:	70ee                	ld	ra,248(sp)
   152ac:	744e                	ld	s0,240(sp)
   152ae:	7bea                	ld	s7,184(sp)
   152b0:	69ee                	ld	s3,216(sp)
   152b2:	853a                	mv	a0,a4
   152b4:	6111                	addi	sp,sp,256
   152b6:	8082                	ret
   152b8:	85a2                	mv	a1,s0
   152ba:	8552                	mv	a0,s4
   152bc:	230010ef          	jal	164ec <_Bfree>
   152c0:	6aae                	ld	s5,200(sp)
   152c2:	6b0e                	ld	s6,192(sp)
   152c4:	4685                	li	a3,1
   152c6:	65e9                	lui	a1,0x1a
   152c8:	864e                	mv	a2,s3
   152ca:	8552                	mv	a0,s4
   152cc:	00dca023          	sw	a3,0(s9)
   152d0:	19858593          	addi	a1,a1,408 # 1a198 <__clzdi2+0x174>
   152d4:	6c9000ef          	jal	1619c <__nrv_alloc_D2A>
   152d8:	70ee                	ld	ra,248(sp)
   152da:	744e                	ld	s0,240(sp)
   152dc:	872a                	mv	a4,a0
   152de:	6a4e                	ld	s4,208(sp)
   152e0:	7c4a                	ld	s8,176(sp)
   152e2:	7caa                	ld	s9,168(sp)
   152e4:	7d0a                	ld	s10,160(sp)
   152e6:	6dea                	ld	s11,152(sp)
   152e8:	7bea                	ld	s7,184(sp)
   152ea:	69ee                	ld	s3,216(sp)
   152ec:	853a                	mv	a0,a4
   152ee:	6111                	addi	sp,sp,256
   152f0:	8082                	ret
   152f2:	8622                	mv	a2,s0
   152f4:	744e                	ld	s0,240(sp)
   152f6:	70ee                	ld	ra,248(sp)
   152f8:	69ee                	ld	s3,216(sp)
   152fa:	77e1                	lui	a5,0xffff8
   152fc:	65e9                	lui	a1,0x1a
   152fe:	00f8a023          	sw	a5,0(a7)
   15302:	1a058593          	addi	a1,a1,416 # 1a1a0 <__clzdi2+0x17c>
   15306:	46a1                	li	a3,8
   15308:	6111                	addi	sp,sp,256
   1530a:	6930006f          	j	1619c <__nrv_alloc_D2A>
   1530e:	00042a23          	sw	zero,20(s0)
   15312:	bd1d                	j	15148 <__gdtoa+0xe2>
   15314:	4705                	li	a4,1
   15316:	f0ba                	sd	a4,96(sp)
   15318:	e802                	sd	zero,16(sp)
   1531a:	200e4c63          	bltz	t3,15532 <__gdtoa+0x4cc>
   1531e:	20085563          	bgez	a6,15528 <__gdtoa+0x4c2>
   15322:	6742                	ld	a4,16(sp)
   15324:	e882                	sd	zero,80(sp)
   15326:	4107073b          	subw	a4,a4,a6
   1532a:	e83a                	sd	a4,16(sp)
   1532c:	4100073b          	negw	a4,a6
   15330:	e4ba                	sd	a4,72(sp)
   15332:	4725                	li	a4,9
   15334:	2d576763          	bltu	a4,s5,15602 <__gdtoa+0x59c>
   15338:	4715                	li	a4,5
   1533a:	55575063          	bge	a4,s5,1587a <__gdtoa+0x814>
   1533e:	ffca851b          	addiw	a0,s5,-4
   15342:	4591                	li	a1,4
   15344:	8aaa                	mv	s5,a0
   15346:	2eb50c63          	beq	a0,a1,1563e <__gdtoa+0x5d8>
   1534a:	6ee50163          	beq	a0,a4,15a2c <__gdtoa+0x9c6>
   1534e:	4709                	li	a4,2
   15350:	f482                	sd	zero,104(sp)
   15352:	4481                	li	s1,0
   15354:	2ee50863          	beq	a0,a4,15644 <__gdtoa+0x5de>
   15358:	4a8d                	li	s5,3
   1535a:	010b073b          	addw	a4,s6,a6
   1535e:	f8ba                	sd	a4,112(sp)
   15360:	0017089b          	addiw	a7,a4,1
   15364:	6d105163          	blez	a7,15a26 <__gdtoa+0x9c0>
   15368:	8746                	mv	a4,a7
   1536a:	85c6                	mv	a1,a7
   1536c:	8552                	mv	a0,s4
   1536e:	c73a                	sw	a4,140(sp)
   15370:	e0fa                	sd	t5,64(sp)
   15372:	fc76                	sd	t4,56(sp)
   15374:	f83e                	sd	a5,48(sp)
   15376:	f436                	sd	a3,40(sp)
   15378:	f042                	sd	a6,32(sp)
   1537a:	ec32                	sd	a2,24(sp)
   1537c:	e446                	sd	a7,8(sp)
   1537e:	ec9a                	sd	t1,88(sp)
   15380:	5d9000ef          	jal	16158 <__rv_alloc_D2A>
   15384:	872a                	mv	a4,a0
   15386:	f00509e3          	beqz	a0,15298 <__gdtoa+0x232>
   1538a:	00cdae03          	lw	t3,12(s11)
   1538e:	68a2                	ld	a7,8(sp)
   15390:	6662                	ld	a2,24(sp)
   15392:	3e7d                	addiw	t3,t3,-1
   15394:	7802                	ld	a6,32(sp)
   15396:	76a2                	ld	a3,40(sp)
   15398:	77c2                	ld	a5,48(sp)
   1539a:	7ee2                	ld	t4,56(sp)
   1539c:	6f06                	ld	t5,64(sp)
   1539e:	000e0d63          	beqz	t3,153b8 <__gdtoa+0x352>
   153a2:	6366                	ld	t1,88(sp)
   153a4:	000e5363          	bgez	t3,153aa <__gdtoa+0x344>
   153a8:	4e09                	li	t3,2
   153aa:	10037313          	andi	t1,t1,256
   153ae:	1e030463          	beqz	t1,15596 <__gdtoa+0x530>
   153b2:	458d                	li	a1,3
   153b4:	41c58e3b          	subw	t3,a1,t3
   153b8:	00f8b593          	sltiu	a1,a7,15
   153bc:	1c058d63          	beqz	a1,15596 <__gdtoa+0x530>
   153c0:	1c048b63          	beqz	s1,15596 <__gdtoa+0x530>
   153c4:	010e65b3          	or	a1,t3,a6
   153c8:	1c059763          	bnez	a1,15596 <__gdtoa+0x530>
   153cc:	7586                	ld	a1,96(sp)
   153ce:	c702                	sw	zero,140(sp)
   153d0:	f20f06d3          	fmv.d.x	fa3,t5
   153d4:	c599                	beqz	a1,153e2 <__gdtoa+0x37c>
   153d6:	1c01b787          	fld	fa5,448(gp) # 1c4a8 <__SDATA_BEGIN__+0x30>
   153da:	a2f695d3          	flt.d	a1,fa3,fa5
   153de:	16059463          	bnez	a1,15546 <__gdtoa+0x4e0>
   153e2:	1c81b787          	fld	fa5,456(gp) # 1c4b0 <__SDATA_BEGIN__+0x38>
   153e6:	fcc00537          	lui	a0,0xfcc00
   153ea:	a43e                	fsd	fa5,8(sp)
   153ec:	2722                	fld	fa4,8(sp)
   153ee:	1d01b787          	fld	fa5,464(gp) # 1c4b8 <__SDATA_BEGIN__+0x40>
   153f2:	7ae6f7c3          	fmadd.d	fa5,fa3,fa4,fa5
   153f6:	e20785d3          	fmv.x.d	a1,fa5
   153fa:	02059e13          	slli	t3,a1,0x20
   153fe:	9181                	srli	a1,a1,0x20
   15400:	9da9                	addw	a1,a1,a0
   15402:	020e5e13          	srli	t3,t3,0x20
   15406:	1582                	slli	a1,a1,0x20
   15408:	00be6e33          	or	t3,t3,a1
   1540c:	16088463          	beqz	a7,15574 <__gdtoa+0x50e>
   15410:	22d687d3          	fmv.d	fa5,fa3
   15414:	4581                	li	a1,0
   15416:	8fc6                	mv	t6,a7
   15418:	6569                	lui	a0,0x1a
   1541a:	ffff831b          	addiw	t1,t6,-1
   1541e:	74a6                	ld	s1,104(sp)
   15420:	6d850513          	addi	a0,a0,1752 # 1a6d8 <__mprec_tens>
   15424:	030e                	slli	t1,t1,0x3
   15426:	932a                	add	t1,t1,a0
   15428:	00033607          	fld	fa2,0(t1)
   1542c:	120486e3          	beqz	s1,15d58 <__gdtoa+0xcf2>
   15430:	1f01b707          	fld	fa4,496(gp) # 1c4d8 <__SDATA_BEGIN__+0x60>
   15434:	c20792d3          	fcvt.w.d	t0,fa5,rtz
   15438:	00170313          	addi	t1,a4,1
   1543c:	1ac77753          	fdiv.d	fa4,fa4,fa2
   15440:	d20286d3          	fcvt.d.w	fa3,t0
   15444:	0302829b          	addiw	t0,t0,48 # 11ce2 <__call_exitprocs+0x16>
   15448:	00570023          	sb	t0,0(a4)
   1544c:	0ad7f7d3          	fsub.d	fa5,fa5,fa3
   15450:	f20e06d3          	fmv.d.x	fa3,t3
   15454:	0ad77753          	fsub.d	fa4,fa4,fa3
   15458:	a2e79e53          	flt.d	t3,fa5,fa4
   1545c:	2c0e16e3          	bnez	t3,15f28 <__gdtoa+0xec2>
   15460:	1c01b587          	fld	fa1,448(gp) # 1c4a8 <__SDATA_BEGIN__+0x30>
   15464:	1d81b607          	fld	fa2,472(gp) # 1c4c0 <__SDATA_BEGIN__+0x48>
   15468:	a80d                	j	1549a <__gdtoa+0x434>
   1546a:	4e3a                	lw	t3,140(sp)
   1546c:	0305                	addi	t1,t1,1
   1546e:	2e05                	addiw	t3,t3,1
   15470:	c772                	sw	t3,140(sp)
   15472:	39fe59e3          	bge	t3,t6,16004 <__gdtoa+0xf9e>
   15476:	12c7f7d3          	fmul.d	fa5,fa5,fa2
   1547a:	12c77753          	fmul.d	fa4,fa4,fa2
   1547e:	c2079e53          	fcvt.w.d	t3,fa5,rtz
   15482:	d20e06d3          	fcvt.d.w	fa3,t3
   15486:	030e0e1b          	addiw	t3,t3,48
   1548a:	ffc30fa3          	sb	t3,-1(t1)
   1548e:	0ad7f7d3          	fsub.d	fa5,fa5,fa3
   15492:	a2e79e53          	flt.d	t3,fa5,fa4
   15496:	280e19e3          	bnez	t3,15f28 <__gdtoa+0xec2>
   1549a:	0af5f6d3          	fsub.d	fa3,fa1,fa5
   1549e:	a2e69e53          	flt.d	t3,fa3,fa4
   154a2:	fc0e04e3          	beqz	t3,1546a <__gdtoa+0x404>
   154a6:	fff34683          	lbu	a3,-1(t1)
   154aa:	03900613          	li	a2,57
   154ae:	a031                	j	154ba <__gdtoa+0x454>
   154b0:	18f70ae3          	beq	a4,a5,15e44 <__gdtoa+0xdde>
   154b4:	fff7c683          	lbu	a3,-1(a5) # ffffffffffff7fff <__BSS_END__+0xfffffffffffdb517>
   154b8:	833e                	mv	t1,a5
   154ba:	fff30793          	addi	a5,t1,-1
   154be:	fec689e3          	beq	a3,a2,154b0 <__gdtoa+0x44a>
   154c2:	0685                	addi	a3,a3,1
   154c4:	00d78023          	sb	a3,0(a5)
   154c8:	0015861b          	addiw	a2,a1,1
   154cc:	02000b93          	li	s7,32
   154d0:	85a2                	mv	a1,s0
   154d2:	8552                	mv	a0,s4
   154d4:	ec3a                	sd	a4,24(sp)
   154d6:	e832                	sd	a2,16(sp)
   154d8:	e41a                	sd	t1,8(sp)
   154da:	012010ef          	jal	164ec <_Bfree>
   154de:	6322                	ld	t1,8(sp)
   154e0:	6642                	ld	a2,16(sp)
   154e2:	6762                	ld	a4,24(sp)
   154e4:	00030023          	sb	zero,0(t1)
   154e8:	00cca023          	sw	a2,0(s9)
   154ec:	00098463          	beqz	s3,154f4 <__gdtoa+0x48e>
   154f0:	0069b023          	sd	t1,0(s3)
   154f4:	6682                	ld	a3,0(sp)
   154f6:	74ae                	ld	s1,232(sp)
   154f8:	6a4e                	ld	s4,208(sp)
   154fa:	429c                	lw	a5,0(a3)
   154fc:	6aae                	ld	s5,200(sp)
   154fe:	6b0e                	ld	s6,192(sp)
   15500:	00fbe7b3          	or	a5,s7,a5
   15504:	7c4a                	ld	s8,176(sp)
   15506:	7caa                	ld	s9,168(sp)
   15508:	7d0a                	ld	s10,160(sp)
   1550a:	6dea                	ld	s11,152(sp)
   1550c:	c29c                	sw	a5,0(a3)
   1550e:	bb71                	j	152aa <__gdtoa+0x244>
   15510:	85aa                	mv	a1,a0
   15512:	8522                	mv	a0,s0
   15514:	685000ef          	jal	16398 <__rshift_D2A>
   15518:	463a                	lw	a2,140(sp)
   1551a:	67e2                	ld	a5,24(sp)
   1551c:	66c2                	ld	a3,16(sp)
   1551e:	6322                	ld	t1,8(sp)
   15520:	9f91                	subw	a5,a5,a2
   15522:	01a6063b          	addw	a2,a2,s10
   15526:	b935                	j	15162 <__gdtoa+0xfc>
   15528:	01d80ebb          	addw	t4,a6,t4
   1552c:	e8c2                	sd	a6,80(sp)
   1552e:	e482                	sd	zero,72(sp)
   15530:	b509                	j	15332 <__gdtoa+0x2cc>
   15532:	4705                	li	a4,1
   15534:	9f0d                	subw	a4,a4,a1
   15536:	e83a                	sd	a4,16(sp)
   15538:	4e81                	li	t4,0
   1553a:	de0844e3          	bltz	a6,15322 <__gdtoa+0x2bc>
   1553e:	b7ed                	j	15528 <__gdtoa+0x4c2>
   15540:	387d                	addiw	a6,a6,-1
   15542:	f082                	sd	zero,96(sp)
   15544:	bbd1                	j	15318 <__gdtoa+0x2b2>
   15546:	180896e3          	bnez	a7,15ed2 <__gdtoa+0xe6c>
   1554a:	1c81b787          	fld	fa5,456(gp) # 1c4b0 <__SDATA_BEGIN__+0x38>
   1554e:	fcc00537          	lui	a0,0xfcc00
   15552:	a43e                	fsd	fa5,8(sp)
   15554:	2722                	fld	fa4,8(sp)
   15556:	1d01b787          	fld	fa5,464(gp) # 1c4b8 <__SDATA_BEGIN__+0x40>
   1555a:	7ad777c3          	fmadd.d	fa5,fa4,fa3,fa5
   1555e:	e20785d3          	fmv.x.d	a1,fa5
   15562:	02059e13          	slli	t3,a1,0x20
   15566:	9181                	srli	a1,a1,0x20
   15568:	9da9                	addw	a1,a1,a0
   1556a:	020e5e13          	srli	t3,t3,0x20
   1556e:	1582                	slli	a1,a1,0x20
   15570:	00be6e33          	or	t3,t3,a1
   15574:	1e81b787          	fld	fa5,488(gp) # 1c4d0 <__SDATA_BEGIN__+0x58>
   15578:	0af6f6d3          	fsub.d	fa3,fa3,fa5
   1557c:	f20e07d3          	fmv.d.x	fa5,t3
   15580:	a2d795d3          	flt.d	a1,fa5,fa3
   15584:	08059de3          	bnez	a1,15e1e <__gdtoa+0xdb8>
   15588:	22f797d3          	fneg.d	fa5,fa5
   1558c:	a2f695d3          	flt.d	a1,fa3,fa5
   15590:	48059063          	bnez	a1,15a10 <__gdtoa+0x9aa>
   15594:	4e01                	li	t3,0
   15596:	fff64593          	not	a1,a2
   1559a:	01f5d59b          	srliw	a1,a1,0x1f
   1559e:	cdcd                	beqz	a1,15658 <__gdtoa+0x5f2>
   155a0:	00f82593          	slti	a1,a6,15
   155a4:	c9d5                	beqz	a1,15658 <__gdtoa+0x5f2>
   155a6:	6569                	lui	a0,0x1a
   155a8:	6d850513          	addi	a0,a0,1752 # 1a6d8 <__mprec_tens>
   155ac:	00381693          	slli	a3,a6,0x3
   155b0:	96aa                	add	a3,a3,a0
   155b2:	01fb579b          	srliw	a5,s6,0x1f
   155b6:	2298                	fld	fa4,0(a3)
   155b8:	30078863          	beqz	a5,158c8 <__gdtoa+0x862>
   155bc:	31104663          	bgtz	a7,158c8 <__gdtoa+0x862>
   155c0:	44089863          	bnez	a7,15a10 <__gdtoa+0x9aa>
   155c4:	1e81b787          	fld	fa5,488(gp) # 1c4d0 <__SDATA_BEGIN__+0x58>
   155c8:	12f77753          	fmul.d	fa4,fa4,fa5
   155cc:	f20f07d3          	fmv.d.x	fa5,t5
   155d0:	a2e787d3          	fle.d	a5,fa5,fa4
   155d4:	42079e63          	bnez	a5,15a10 <__gdtoa+0x9aa>
   155d8:	03100793          	li	a5,49
   155dc:	00170313          	addi	t1,a4,1
   155e0:	00f70023          	sb	a5,0(a4)
   155e4:	4581                	li	a1,0
   155e6:	8552                	mv	a0,s4
   155e8:	ec42                	sd	a6,24(sp)
   155ea:	e83a                	sd	a4,16(sp)
   155ec:	e41a                	sd	t1,8(sp)
   155ee:	6ff000ef          	jal	164ec <_Bfree>
   155f2:	6862                	ld	a6,24(sp)
   155f4:	6322                	ld	t1,8(sp)
   155f6:	6742                	ld	a4,16(sp)
   155f8:	0028061b          	addiw	a2,a6,2
   155fc:	02000b93          	li	s7,32
   15600:	bdc1                	j	154d0 <__gdtoa+0x46a>
   15602:	3fd8889b          	addiw	a7,a7,1021
   15606:	7f88b493          	sltiu	s1,a7,2040
   1560a:	4a81                	li	s5,0
   1560c:	1b81b707          	fld	fa4,440(gp) # 1c4a0 <__SDATA_BEGIN__+0x28>
   15610:	d20687d3          	fcvt.d.w	fa5,a3
   15614:	577d                	li	a4,-1
   15616:	f8ba                	sd	a4,112(sp)
   15618:	12e7f7d3          	fmul.d	fa5,fa5,fa4
   1561c:	88ba                	mv	a7,a4
   1561e:	4705                	li	a4,1
   15620:	f4ba                	sd	a4,104(sp)
   15622:	4b01                	li	s6,0
   15624:	c20795d3          	fcvt.w.d	a1,fa5,rtz
   15628:	258d                	addiw	a1,a1,3
   1562a:	872e                	mv	a4,a1
   1562c:	b381                	j	1536c <__gdtoa+0x306>
   1562e:	d2080753          	fcvt.d.w	fa4,a6
   15632:	a2f72753          	feq.d	a4,fa4,fa5
   15636:	bc0717e3          	bnez	a4,15204 <__gdtoa+0x19e>
   1563a:	387d                	addiw	a6,a6,-1
   1563c:	b6e1                	j	15204 <__gdtoa+0x19e>
   1563e:	4705                	li	a4,1
   15640:	4481                	li	s1,0
   15642:	f4ba                	sd	a4,104(sp)
   15644:	000b059b          	sext.w	a1,s6
   15648:	01604363          	bgtz	s6,1564e <__gdtoa+0x5e8>
   1564c:	4585                	li	a1,1
   1564e:	872e                	mv	a4,a1
   15650:	f8ae                	sd	a1,112(sp)
   15652:	88ae                	mv	a7,a1
   15654:	8b2e                	mv	s6,a1
   15656:	bb19                	j	1536c <__gdtoa+0x306>
   15658:	75a6                	ld	a1,104(sp)
   1565a:	24058163          	beqz	a1,1589c <__gdtoa+0x836>
   1565e:	9e9d                	subw	a3,a3,a5
   15660:	004da503          	lw	a0,4(s11)
   15664:	0016859b          	addiw	a1,a3,1
   15668:	c72e                	sw	a1,140(sp)
   1566a:	40d606bb          	subw	a3,a2,a3
   1566e:	4ea6d063          	bge	a3,a0,15b4e <__gdtoa+0xae8>
   15672:	ffda869b          	addiw	a3,s5,-3
   15676:	9af5                	andi	a3,a3,-3
   15678:	3e068c63          	beqz	a3,15a70 <__gdtoa+0xa0a>
   1567c:	40a606bb          	subw	a3,a2,a0
   15680:	4605                	li	a2,1
   15682:	2685                	addiw	a3,a3,1
   15684:	01562633          	slt	a2,a2,s5
   15688:	011025b3          	sgtz	a1,a7
   1568c:	c736                	sw	a3,140(sp)
   1568e:	8e6d                	and	a2,a2,a1
   15690:	c219                	beqz	a2,15696 <__gdtoa+0x630>
   15692:	20d8cfe3          	blt	a7,a3,160b0 <__gdtoa+0x104a>
   15696:	6642                	ld	a2,16(sp)
   15698:	64a6                	ld	s1,72(sp)
   1569a:	01d68ebb          	addw	t4,a3,t4
   1569e:	9eb1                	addw	a3,a3,a2
   156a0:	ec36                	sd	a3,24(sp)
   156a2:	4585                	li	a1,1
   156a4:	8552                	mv	a0,s4
   156a6:	ecba                	sd	a4,88(sp)
   156a8:	e0f6                	sd	t4,64(sp)
   156aa:	fc3e                	sd	a5,56(sp)
   156ac:	f872                	sd	t3,48(sp)
   156ae:	f442                	sd	a6,40(sp)
   156b0:	f046                	sd	a7,32(sp)
   156b2:	14c010ef          	jal	167fe <__i2b>
   156b6:	e42a                	sd	a0,8(sp)
   156b8:	be0500e3          	beqz	a0,15298 <__gdtoa+0x232>
   156bc:	66c2                	ld	a3,16(sp)
   156be:	7882                	ld	a7,32(sp)
   156c0:	7822                	ld	a6,40(sp)
   156c2:	7e42                	ld	t3,48(sp)
   156c4:	77e2                	ld	a5,56(sp)
   156c6:	6e86                	ld	t4,64(sp)
   156c8:	6766                	ld	a4,88(sp)
   156ca:	c28d                	beqz	a3,156ec <__gdtoa+0x686>
   156cc:	03d05063          	blez	t4,156ec <__gdtoa+0x686>
   156d0:	6642                	ld	a2,16(sp)
   156d2:	86b2                	mv	a3,a2
   156d4:	00ced363          	bge	t4,a2,156da <__gdtoa+0x674>
   156d8:	86f6                	mv	a3,t4
   156da:	6662                	ld	a2,24(sp)
   156dc:	c736                	sw	a3,140(sp)
   156de:	40de8ebb          	subw	t4,t4,a3
   156e2:	9e15                	subw	a2,a2,a3
   156e4:	ec32                	sd	a2,24(sp)
   156e6:	6642                	ld	a2,16(sp)
   156e8:	9e15                	subw	a2,a2,a3
   156ea:	e832                	sd	a2,16(sp)
   156ec:	66a6                	ld	a3,72(sp)
   156ee:	c69d                	beqz	a3,1571c <__gdtoa+0x6b6>
   156f0:	60049a63          	bnez	s1,15d04 <__gdtoa+0xc9e>
   156f4:	6626                	ld	a2,72(sp)
   156f6:	85a2                	mv	a1,s0
   156f8:	8552                	mv	a0,s4
   156fa:	ecba                	sd	a4,88(sp)
   156fc:	e0f6                	sd	t4,64(sp)
   156fe:	fc3e                	sd	a5,56(sp)
   15700:	f872                	sd	t3,48(sp)
   15702:	f442                	sd	a6,40(sp)
   15704:	f046                	sd	a7,32(sp)
   15706:	36c010ef          	jal	16a72 <__pow5mult>
   1570a:	7882                	ld	a7,32(sp)
   1570c:	7822                	ld	a6,40(sp)
   1570e:	7e42                	ld	t3,48(sp)
   15710:	77e2                	ld	a5,56(sp)
   15712:	6e86                	ld	t4,64(sp)
   15714:	6766                	ld	a4,88(sp)
   15716:	842a                	mv	s0,a0
   15718:	b80500e3          	beqz	a0,15298 <__gdtoa+0x232>
   1571c:	4585                	li	a1,1
   1571e:	8552                	mv	a0,s4
   15720:	e4ba                	sd	a4,72(sp)
   15722:	e0f6                	sd	t4,64(sp)
   15724:	fc3e                	sd	a5,56(sp)
   15726:	f872                	sd	t3,48(sp)
   15728:	f442                	sd	a6,40(sp)
   1572a:	f046                	sd	a7,32(sp)
   1572c:	0d2010ef          	jal	167fe <__i2b>
   15730:	8f2a                	mv	t5,a0
   15732:	b60503e3          	beqz	a0,15298 <__gdtoa+0x232>
   15736:	66c6                	ld	a3,80(sp)
   15738:	7882                	ld	a7,32(sp)
   1573a:	7822                	ld	a6,40(sp)
   1573c:	7e42                	ld	t3,48(sp)
   1573e:	77e2                	ld	a5,56(sp)
   15740:	6e86                	ld	t4,64(sp)
   15742:	6726                	ld	a4,72(sp)
   15744:	34069763          	bnez	a3,15a92 <__gdtoa+0xa2c>
   15748:	002aa693          	slti	a3,s5,2
   1574c:	c681                	beqz	a3,15754 <__gdtoa+0x6ee>
   1574e:	17fd                	addi	a5,a5,-1
   15750:	10078963          	beqz	a5,15862 <__gdtoa+0x7fc>
   15754:	457d                	li	a0,31
   15756:	66e2                	ld	a3,24(sp)
   15758:	41d507bb          	subw	a5,a0,t4
   1575c:	37f1                	addiw	a5,a5,-4
   1575e:	8bfd                	andi	a5,a5,31
   15760:	00d7863b          	addw	a2,a5,a3
   15764:	c73e                	sw	a5,140(sp)
   15766:	86be                	mv	a3,a5
   15768:	2cc04763          	bgtz	a2,15a36 <__gdtoa+0x9d0>
   1576c:	00de863b          	addw	a2,t4,a3
   15770:	b0c043e3          	bgtz	a2,15276 <__gdtoa+0x210>
   15774:	7686                	ld	a3,96(sp)
   15776:	e6d1                	bnez	a3,15802 <__gdtoa+0x79c>
   15778:	1d104863          	bgtz	a7,15948 <__gdtoa+0x8e2>
   1577c:	4689                	li	a3,2
   1577e:	1d56d563          	bge	a3,s5,15948 <__gdtoa+0x8e2>
   15782:	85fa                	mv	a1,t5
   15784:	4681                	li	a3,0
   15786:	4615                	li	a2,5
   15788:	8552                	mv	a0,s4
   1578a:	f03a                	sd	a4,32(sp)
   1578c:	ec42                	sd	a6,24(sp)
   1578e:	e846                	sd	a7,16(sp)
   15790:	56f000ef          	jal	164fe <__multadd>
   15794:	85aa                	mv	a1,a0
   15796:	b00501e3          	beqz	a0,15298 <__gdtoa+0x232>
   1579a:	68c2                	ld	a7,16(sp)
   1579c:	6862                	ld	a6,24(sp)
   1579e:	7702                	ld	a4,32(sp)
   157a0:	52089863          	bnez	a7,15cd0 <__gdtoa+0xc6a>
   157a4:	e82a                	sd	a0,16(sp)
   157a6:	8522                	mv	a0,s0
   157a8:	f03a                	sd	a4,32(sp)
   157aa:	ec42                	sd	a6,24(sp)
   157ac:	4c8010ef          	jal	16c74 <__mcmp>
   157b0:	65c2                	ld	a1,16(sp)
   157b2:	6862                	ld	a6,24(sp)
   157b4:	7702                	ld	a4,32(sp)
   157b6:	50a05d63          	blez	a0,15cd0 <__gdtoa+0xc6a>
   157ba:	03100793          	li	a5,49
   157be:	00f70023          	sb	a5,0(a4)
   157c2:	2805                	addiw	a6,a6,1
   157c4:	00170313          	addi	t1,a4,1
   157c8:	02000b93          	li	s7,32
   157cc:	8552                	mv	a0,s4
   157ce:	f03a                	sd	a4,32(sp)
   157d0:	ec1a                	sd	t1,24(sp)
   157d2:	e842                	sd	a6,16(sp)
   157d4:	519000ef          	jal	164ec <_Bfree>
   157d8:	6842                	ld	a6,16(sp)
   157da:	67a2                	ld	a5,8(sp)
   157dc:	6362                	ld	t1,24(sp)
   157de:	7702                	ld	a4,32(sp)
   157e0:	0018061b          	addiw	a2,a6,1
   157e4:	ce0786e3          	beqz	a5,154d0 <__gdtoa+0x46a>
   157e8:	65a2                	ld	a1,8(sp)
   157ea:	8552                	mv	a0,s4
   157ec:	f03a                	sd	a4,32(sp)
   157ee:	ec1a                	sd	t1,24(sp)
   157f0:	e842                	sd	a6,16(sp)
   157f2:	4fb000ef          	jal	164ec <_Bfree>
   157f6:	6842                	ld	a6,16(sp)
   157f8:	6362                	ld	t1,24(sp)
   157fa:	7702                	ld	a4,32(sp)
   157fc:	0018061b          	addiw	a2,a6,1
   15800:	b9c1                	j	154d0 <__gdtoa+0x46a>
   15802:	85fa                	mv	a1,t5
   15804:	8522                	mv	a0,s0
   15806:	e0ba                	sd	a4,64(sp)
   15808:	fc72                	sd	t3,56(sp)
   1580a:	f842                	sd	a6,48(sp)
   1580c:	f43e                	sd	a5,40(sp)
   1580e:	f046                	sd	a7,32(sp)
   15810:	ec7a                	sd	t5,24(sp)
   15812:	462010ef          	jal	16c74 <__mcmp>
   15816:	6f62                	ld	t5,24(sp)
   15818:	7882                	ld	a7,32(sp)
   1581a:	77a2                	ld	a5,40(sp)
   1581c:	7842                	ld	a6,48(sp)
   1581e:	7e62                	ld	t3,56(sp)
   15820:	6706                	ld	a4,64(sp)
   15822:	f4055be3          	bgez	a0,15778 <__gdtoa+0x712>
   15826:	85a2                	mv	a1,s0
   15828:	4681                	li	a3,0
   1582a:	4629                	li	a2,10
   1582c:	8552                	mv	a0,s4
   1582e:	fc3a                	sd	a4,56(sp)
   15830:	f87a                	sd	t5,48(sp)
   15832:	f472                	sd	t3,40(sp)
   15834:	f042                	sd	a6,32(sp)
   15836:	ec3e                	sd	a5,24(sp)
   15838:	4c7000ef          	jal	164fe <__multadd>
   1583c:	842a                	mv	s0,a0
   1583e:	a4050de3          	beqz	a0,15298 <__gdtoa+0x232>
   15842:	7802                	ld	a6,32(sp)
   15844:	76a6                	ld	a3,104(sp)
   15846:	7e22                	ld	t3,40(sp)
   15848:	7f42                	ld	t5,48(sp)
   1584a:	7762                	ld	a4,56(sp)
   1584c:	387d                	addiw	a6,a6,-1
   1584e:	30069a63          	bnez	a3,15b62 <__gdtoa+0xafc>
   15852:	77c6                	ld	a5,112(sp)
   15854:	00f041e3          	bgtz	a5,16056 <__gdtoa+0xff0>
   15858:	4789                	li	a5,2
   1585a:	7f57de63          	bge	a5,s5,16056 <__gdtoa+0xff0>
   1585e:	78c6                	ld	a7,112(sp)
   15860:	b70d                	j	15782 <__gdtoa+0x71c>
   15862:	004da783          	lw	a5,4(s11)
   15866:	2785                	addiw	a5,a5,1
   15868:	efa7d6e3          	bge	a5,s10,15754 <__gdtoa+0x6ee>
   1586c:	67e2                	ld	a5,24(sp)
   1586e:	2e85                	addiw	t4,t4,1
   15870:	2785                	addiw	a5,a5,1
   15872:	ec3e                	sd	a5,24(sp)
   15874:	4785                	li	a5,1
   15876:	e8be                	sd	a5,80(sp)
   15878:	bdf1                	j	15754 <__gdtoa+0x6ee>
   1587a:	3fd8889b          	addiw	a7,a7,1021
   1587e:	4591                	li	a1,4
   15880:	7f88b493          	sltiu	s1,a7,2040
   15884:	44ba8b63          	beq	s5,a1,15cda <__gdtoa+0xc74>
   15888:	1aea8363          	beq	s5,a4,15a2e <__gdtoa+0x9c8>
   1588c:	4709                	li	a4,2
   1588e:	44ea8963          	beq	s5,a4,15ce0 <__gdtoa+0xc7a>
   15892:	470d                	li	a4,3
   15894:	f482                	sd	zero,104(sp)
   15896:	acea82e3          	beq	s5,a4,1535a <__gdtoa+0x2f4>
   1589a:	bb8d                	j	1560c <__gdtoa+0x5a6>
   1589c:	66c2                	ld	a3,16(sp)
   1589e:	26068b63          	beqz	a3,15b14 <__gdtoa+0xaae>
   158a2:	260e8963          	beqz	t4,15b14 <__gdtoa+0xaae>
   158a6:	6642                	ld	a2,16(sp)
   158a8:	86b2                	mv	a3,a2
   158aa:	00ced363          	bge	t4,a2,158b0 <__gdtoa+0x84a>
   158ae:	86f6                	mv	a3,t4
   158b0:	6642                	ld	a2,16(sp)
   158b2:	c736                	sw	a3,140(sp)
   158b4:	40de8ebb          	subw	t4,t4,a3
   158b8:	9e15                	subw	a2,a2,a3
   158ba:	66a6                	ld	a3,72(sp)
   158bc:	ec32                	sd	a2,24(sp)
   158be:	26069063          	bnez	a3,15b1e <__gdtoa+0xab8>
   158c2:	e832                	sd	a2,16(sp)
   158c4:	e402                	sd	zero,8(sp)
   158c6:	bd99                	j	1571c <__gdtoa+0x6b6>
   158c8:	f20f06d3          	fmv.d.x	fa3,t5
   158cc:	1ae6f7d3          	fdiv.d	fa5,fa3,fa4
   158d0:	4785                	li	a5,1
   158d2:	c73e                	sw	a5,140(sp)
   158d4:	00f70333          	add	t1,a4,a5
   158d8:	f2000653          	fmv.d.x	fa2,zero
   158dc:	0018061b          	addiw	a2,a6,1
   158e0:	c20797d3          	fcvt.w.d	a5,fa5,rtz
   158e4:	d20787d3          	fcvt.d.w	fa5,a5
   158e8:	0307869b          	addiw	a3,a5,48
   158ec:	00d70023          	sb	a3,0(a4)
   158f0:	6ae7f7cb          	fnmsub.d	fa5,fa5,fa4,fa3
   158f4:	a2c7a6d3          	feq.d	a3,fa5,fa2
   158f8:	bc069ce3          	bnez	a3,154d0 <__gdtoa+0x46a>
   158fc:	1d81b587          	fld	fa1,472(gp) # 1c4c0 <__SDATA_BEGIN__+0x48>
   15900:	a02d                	j	1592a <__gdtoa+0x8c4>
   15902:	12b7f7d3          	fmul.d	fa5,fa5,fa1
   15906:	c72e                	sw	a1,140(sp)
   15908:	0305                	addi	t1,t1,1
   1590a:	1ae7f6d3          	fdiv.d	fa3,fa5,fa4
   1590e:	c20697d3          	fcvt.w.d	a5,fa3,rtz
   15912:	d20786d3          	fcvt.d.w	fa3,a5
   15916:	0307869b          	addiw	a3,a5,48
   1591a:	fed30fa3          	sb	a3,-1(t1)
   1591e:	7ae6f7cb          	fnmsub.d	fa5,fa3,fa4,fa5
   15922:	a2c7a6d3          	feq.d	a3,fa5,fa2
   15926:	ba0695e3          	bnez	a3,154d0 <__gdtoa+0x46a>
   1592a:	46ba                	lw	a3,140(sp)
   1592c:	0016859b          	addiw	a1,a3,1
   15930:	fd1699e3          	bne	a3,a7,15902 <__gdtoa+0x89c>
   15934:	500e0d63          	beqz	t3,15e4e <__gdtoa+0xde8>
   15938:	4785                	li	a5,1
   1593a:	4bc1                	li	s7,16
   1593c:	b8fe1ae3          	bne	t3,a5,154d0 <__gdtoa+0x46a>
   15940:	fff34683          	lbu	a3,-1(t1)
   15944:	85c2                	mv	a1,a6
   15946:	b695                	j	154aa <__gdtoa+0x444>
   15948:	76a6                	ld	a3,104(sp)
   1594a:	24069263          	bnez	a3,15b8e <__gdtoa+0xb28>
   1594e:	f1ca                	sd	s2,224(sp)
   15950:	4685                	li	a3,1
   15952:	8ac6                	mv	s5,a7
   15954:	8b42                	mv	s6,a6
   15956:	8bf2                	mv	s7,t3
   15958:	84ba                	mv	s1,a4
   1595a:	897a                	mv	s2,t5
   1595c:	8c3a                	mv	s8,a4
   1595e:	a811                	j	15972 <__gdtoa+0x90c>
   15960:	85a2                	mv	a1,s0
   15962:	8552                	mv	a0,s4
   15964:	39b000ef          	jal	164fe <__multadd>
   15968:	842a                	mv	s0,a0
   1596a:	0e050f63          	beqz	a0,15a68 <__gdtoa+0xa02>
   1596e:	46ba                	lw	a3,140(sp)
   15970:	2685                	addiw	a3,a3,1
   15972:	85ca                	mv	a1,s2
   15974:	8522                	mv	a0,s0
   15976:	c736                	sw	a3,140(sp)
   15978:	0a5000ef          	jal	1621c <__quorem_D2A>
   1597c:	00148793          	addi	a5,s1,1
   15980:	03050e9b          	addiw	t4,a0,48
   15984:	ffd78fa3          	sb	t4,-1(a5)
   15988:	84be                	mv	s1,a5
   1598a:	47ba                	lw	a5,140(sp)
   1598c:	4681                	li	a3,0
   1598e:	4629                	li	a2,10
   15990:	fd57c8e3          	blt	a5,s5,15960 <__gdtoa+0x8fa>
   15994:	885a                	mv	a6,s6
   15996:	8e5e                	mv	t3,s7
   15998:	87a6                	mv	a5,s1
   1599a:	8f4a                	mv	t5,s2
   1599c:	8762                	mv	a4,s8
   1599e:	4881                	li	a7,0
   159a0:	5a0e0063          	beqz	t3,15f40 <__gdtoa+0xeda>
   159a4:	4689                	li	a3,2
   159a6:	5cde0b63          	beq	t3,a3,15f7c <__gdtoa+0xf16>
   159aa:	4850                	lw	a2,20(s0)
   159ac:	4685                	li	a3,1
   159ae:	42c6c163          	blt	a3,a2,15dd0 <__gdtoa+0xd6a>
   159b2:	4c14                	lw	a3,24(s0)
   159b4:	40069e63          	bnez	a3,15dd0 <__gdtoa+0xd6a>
   159b8:	00d036b3          	snez	a3,a3
   159bc:	00469b9b          	slliw	s7,a3,0x4
   159c0:	03000613          	li	a2,48
   159c4:	833e                	mv	t1,a5
   159c6:	fff7c683          	lbu	a3,-1(a5)
   159ca:	17fd                	addi	a5,a5,-1
   159cc:	fec68ce3          	beq	a3,a2,159c4 <__gdtoa+0x95e>
   159d0:	85fa                	mv	a1,t5
   159d2:	8552                	mv	a0,s4
   159d4:	f43a                	sd	a4,40(sp)
   159d6:	f01a                	sd	t1,32(sp)
   159d8:	ec46                	sd	a7,24(sp)
   159da:	e842                	sd	a6,16(sp)
   159dc:	311000ef          	jal	164ec <_Bfree>
   159e0:	67a2                	ld	a5,8(sp)
   159e2:	6842                	ld	a6,16(sp)
   159e4:	68e2                	ld	a7,24(sp)
   159e6:	7302                	ld	t1,32(sp)
   159e8:	7722                	ld	a4,40(sp)
   159ea:	72078a63          	beqz	a5,1611e <__gdtoa+0x10b8>
   159ee:	06088b63          	beqz	a7,15a64 <__gdtoa+0x9fe>
   159f2:	67a2                	ld	a5,8(sp)
   159f4:	06f88863          	beq	a7,a5,15a64 <__gdtoa+0x9fe>
   159f8:	85c6                	mv	a1,a7
   159fa:	8552                	mv	a0,s4
   159fc:	f03a                	sd	a4,32(sp)
   159fe:	ec1a                	sd	t1,24(sp)
   15a00:	e842                	sd	a6,16(sp)
   15a02:	2eb000ef          	jal	164ec <_Bfree>
   15a06:	7702                	ld	a4,32(sp)
   15a08:	6362                	ld	t1,24(sp)
   15a0a:	6842                	ld	a6,16(sp)
   15a0c:	790e                	ld	s2,224(sp)
   15a0e:	bbe9                	j	157e8 <__gdtoa+0x782>
   15a10:	4581                	li	a1,0
   15a12:	8552                	mv	a0,s4
   15a14:	e43a                	sd	a4,8(sp)
   15a16:	2d7000ef          	jal	164ec <_Bfree>
   15a1a:	6722                	ld	a4,8(sp)
   15a1c:	4160063b          	negw	a2,s6
   15a20:	4bc1                	li	s7,16
   15a22:	833a                	mv	t1,a4
   15a24:	b475                	j	154d0 <__gdtoa+0x46a>
   15a26:	4705                	li	a4,1
   15a28:	85ba                	mv	a1,a4
   15a2a:	b289                	j	1536c <__gdtoa+0x306>
   15a2c:	4481                	li	s1,0
   15a2e:	4705                	li	a4,1
   15a30:	4a95                	li	s5,5
   15a32:	f4ba                	sd	a4,104(sp)
   15a34:	b21d                	j	1535a <__gdtoa+0x2f4>
   15a36:	85a2                	mv	a1,s0
   15a38:	8552                	mv	a0,s4
   15a3a:	e4ba                	sd	a4,72(sp)
   15a3c:	e0f6                	sd	t4,64(sp)
   15a3e:	fc7a                	sd	t5,56(sp)
   15a40:	f872                	sd	t3,48(sp)
   15a42:	f442                	sd	a6,40(sp)
   15a44:	f03e                	sd	a5,32(sp)
   15a46:	ec46                	sd	a7,24(sp)
   15a48:	112010ef          	jal	16b5a <__lshift>
   15a4c:	842a                	mv	s0,a0
   15a4e:	840505e3          	beqz	a0,15298 <__gdtoa+0x232>
   15a52:	46ba                	lw	a3,140(sp)
   15a54:	6726                	ld	a4,72(sp)
   15a56:	6e86                	ld	t4,64(sp)
   15a58:	7f62                	ld	t5,56(sp)
   15a5a:	7e42                	ld	t3,48(sp)
   15a5c:	7822                	ld	a6,40(sp)
   15a5e:	7782                	ld	a5,32(sp)
   15a60:	68e2                	ld	a7,24(sp)
   15a62:	b329                	j	1576c <__gdtoa+0x706>
   15a64:	790e                	ld	s2,224(sp)
   15a66:	b349                	j	157e8 <__gdtoa+0x782>
   15a68:	74ae                	ld	s1,232(sp)
   15a6a:	790e                	ld	s2,224(sp)
   15a6c:	82fff06f          	j	1529a <__gdtoa+0x234>
   15a70:	65a6                	ld	a1,72(sp)
   15a72:	fff8869b          	addiw	a3,a7,-1
   15a76:	8636                	mv	a2,a3
   15a78:	26d5c663          	blt	a1,a3,15ce4 <__gdtoa+0xc7e>
   15a7c:	40d584bb          	subw	s1,a1,a3
   15a80:	6408d963          	bgez	a7,160d2 <__gdtoa+0x106c>
   15a84:	66c2                	ld	a3,16(sp)
   15a86:	c702                	sw	zero,140(sp)
   15a88:	ec36                	sd	a3,24(sp)
   15a8a:	411686bb          	subw	a3,a3,a7
   15a8e:	e836                	sd	a3,16(sp)
   15a90:	b909                	j	156a2 <__gdtoa+0x63c>
   15a92:	85aa                	mv	a1,a0
   15a94:	8636                	mv	a2,a3
   15a96:	8552                	mv	a0,s4
   15a98:	e0ba                	sd	a4,64(sp)
   15a9a:	fc76                	sd	t4,56(sp)
   15a9c:	e4be                	sd	a5,72(sp)
   15a9e:	7d5000ef          	jal	16a72 <__pow5mult>
   15aa2:	8f2a                	mv	t5,a0
   15aa4:	fe050a63          	beqz	a0,15298 <__gdtoa+0x232>
   15aa8:	002aa693          	slti	a3,s5,2
   15aac:	7882                	ld	a7,32(sp)
   15aae:	7822                	ld	a6,40(sp)
   15ab0:	7e42                	ld	t3,48(sp)
   15ab2:	7ee2                	ld	t4,56(sp)
   15ab4:	6706                	ld	a4,64(sp)
   15ab6:	c681                	beqz	a3,15abe <__gdtoa+0xa58>
   15ab8:	67a6                	ld	a5,72(sp)
   15aba:	17fd                	addi	a5,a5,-1
   15abc:	c79d                	beqz	a5,15aea <__gdtoa+0xa84>
   15abe:	e882                	sd	zero,80(sp)
   15ac0:	014f2783          	lw	a5,20(t5)
   15ac4:	e4ba                	sd	a4,72(sp)
   15ac6:	e0f6                	sd	t4,64(sp)
   15ac8:	37fd                	addiw	a5,a5,-1
   15aca:	078a                	slli	a5,a5,0x2
   15acc:	97fa                	add	a5,a5,t5
   15ace:	4f88                	lw	a0,24(a5)
   15ad0:	fc72                	sd	t3,56(sp)
   15ad2:	f842                	sd	a6,48(sp)
   15ad4:	f446                	sd	a7,40(sp)
   15ad6:	f07a                	sd	t5,32(sp)
   15ad8:	403000ef          	jal	166da <__hi0bits>
   15adc:	6726                	ld	a4,72(sp)
   15ade:	6e86                	ld	t4,64(sp)
   15ae0:	7e62                	ld	t3,56(sp)
   15ae2:	7842                	ld	a6,48(sp)
   15ae4:	78a2                	ld	a7,40(sp)
   15ae6:	7f02                	ld	t5,32(sp)
   15ae8:	b1bd                	j	15756 <__gdtoa+0x6f0>
   15aea:	004da783          	lw	a5,4(s11)
   15aee:	2785                	addiw	a5,a5,1
   15af0:	fda7d7e3          	bge	a5,s10,15abe <__gdtoa+0xa58>
   15af4:	67e2                	ld	a5,24(sp)
   15af6:	2e85                	addiw	t4,t4,1
   15af8:	2785                	addiw	a5,a5,1
   15afa:	ec3e                	sd	a5,24(sp)
   15afc:	4785                	li	a5,1
   15afe:	e8be                	sd	a5,80(sp)
   15b00:	b7c1                	j	15ac0 <__gdtoa+0xa5a>
   15b02:	4705                	li	a4,1
   15b04:	9f0d                	subw	a4,a4,a1
   15b06:	e83a                	sd	a4,16(sp)
   15b08:	8ec2                	mv	t4,a6
   15b0a:	f082                	sd	zero,96(sp)
   15b0c:	e8c2                	sd	a6,80(sp)
   15b0e:	e482                	sd	zero,72(sp)
   15b10:	823ff06f          	j	15332 <__gdtoa+0x2cc>
   15b14:	66c2                	ld	a3,16(sp)
   15b16:	ec36                	sd	a3,24(sp)
   15b18:	66a6                	ld	a3,72(sp)
   15b1a:	da0685e3          	beqz	a3,158c4 <__gdtoa+0x85e>
   15b1e:	6626                	ld	a2,72(sp)
   15b20:	85a2                	mv	a1,s0
   15b22:	8552                	mv	a0,s4
   15b24:	ecba                	sd	a4,88(sp)
   15b26:	e0f6                	sd	t4,64(sp)
   15b28:	fc3e                	sd	a5,56(sp)
   15b2a:	f872                	sd	t3,48(sp)
   15b2c:	f442                	sd	a6,40(sp)
   15b2e:	f046                	sd	a7,32(sp)
   15b30:	743000ef          	jal	16a72 <__pow5mult>
   15b34:	842a                	mv	s0,a0
   15b36:	f6050163          	beqz	a0,15298 <__gdtoa+0x232>
   15b3a:	67e2                	ld	a5,24(sp)
   15b3c:	6766                	ld	a4,88(sp)
   15b3e:	6e86                	ld	t4,64(sp)
   15b40:	e83e                	sd	a5,16(sp)
   15b42:	7e42                	ld	t3,48(sp)
   15b44:	77e2                	ld	a5,56(sp)
   15b46:	7822                	ld	a6,40(sp)
   15b48:	7882                	ld	a7,32(sp)
   15b4a:	e402                	sd	zero,8(sp)
   15b4c:	bec1                	j	1571c <__gdtoa+0x6b6>
   15b4e:	4685                	li	a3,1
   15b50:	f356c0e3          	blt	a3,s5,15a70 <__gdtoa+0xa0a>
   15b54:	66c2                	ld	a3,16(sp)
   15b56:	64a6                	ld	s1,72(sp)
   15b58:	01d58ebb          	addw	t4,a1,t4
   15b5c:	9ead                	addw	a3,a3,a1
   15b5e:	ec36                	sd	a3,24(sp)
   15b60:	b689                	j	156a2 <__gdtoa+0x63c>
   15b62:	65a2                	ld	a1,8(sp)
   15b64:	4681                	li	a3,0
   15b66:	4629                	li	a2,10
   15b68:	8552                	mv	a0,s4
   15b6a:	f042                	sd	a6,32(sp)
   15b6c:	193000ef          	jal	164fe <__multadd>
   15b70:	e42a                	sd	a0,8(sp)
   15b72:	f2050363          	beqz	a0,15298 <__gdtoa+0x232>
   15b76:	76c6                	ld	a3,112(sp)
   15b78:	67e2                	ld	a5,24(sp)
   15b7a:	7802                	ld	a6,32(sp)
   15b7c:	7e22                	ld	t3,40(sp)
   15b7e:	7f42                	ld	t5,48(sp)
   15b80:	7762                	ld	a4,56(sp)
   15b82:	78c6                	ld	a7,112(sp)
   15b84:	00d04563          	bgtz	a3,15b8e <__gdtoa+0xb28>
   15b88:	4689                	li	a3,2
   15b8a:	bf56cce3          	blt	a3,s5,15782 <__gdtoa+0x71c>
   15b8e:	66c2                	ld	a3,16(sp)
   15b90:	00d7863b          	addw	a2,a5,a3
   15b94:	26c04163          	bgtz	a2,15df6 <__gdtoa+0xd90>
   15b98:	67c6                	ld	a5,80(sp)
   15b9a:	6b22                	ld	s6,8(sp)
   15b9c:	2e079463          	bnez	a5,15e84 <__gdtoa+0xe1e>
   15ba0:	ffee0793          	addi	a5,t3,-2
   15ba4:	e0be                	sd	a5,64(sp)
   15ba6:	f1ca                	sd	s2,224(sp)
   15ba8:	4785                	li	a5,1
   15baa:	f446                	sd	a7,40(sp)
   15bac:	e4c2                	sd	a6,72(sp)
   15bae:	f872                	sd	t3,48(sp)
   15bb0:	8d3a                	mv	s10,a4
   15bb2:	f07a                	sd	t5,32(sp)
   15bb4:	e8ba                	sd	a4,80(sp)
   15bb6:	a051                	j	15c3a <__gdtoa+0xbd4>
   15bb8:	8552                	mv	a0,s4
   15bba:	ec76                	sd	t4,24(sp)
   15bbc:	131000ef          	jal	164ec <_Bfree>
   15bc0:	6ee2                	ld	t4,24(sp)
   15bc2:	4685                	li	a3,1
   15bc4:	67c2                	ld	a5,16(sp)
   15bc6:	3c07c263          	bltz	a5,15f8a <__gdtoa+0xf24>
   15bca:	0157e7b3          	or	a5,a5,s5
   15bce:	2781                	sext.w	a5,a5
   15bd0:	e791                	bnez	a5,15bdc <__gdtoa+0xb76>
   15bd2:	000c2783          	lw	a5,0(s8)
   15bd6:	8b85                	andi	a5,a5,1
   15bd8:	3a078963          	beqz	a5,15f8a <__gdtoa+0xf24>
   15bdc:	001d0793          	addi	a5,s10,1
   15be0:	893e                	mv	s2,a5
   15be2:	00d05563          	blez	a3,15bec <__gdtoa+0xb86>
   15be6:	6706                	ld	a4,64(sp)
   15be8:	42071d63          	bnez	a4,16022 <__gdtoa+0xfbc>
   15bec:	ffb90fa3          	sb	s11,-1(s2)
   15bf0:	473a                	lw	a4,140(sp)
   15bf2:	76a2                	ld	a3,40(sp)
   15bf4:	44d70a63          	beq	a4,a3,16048 <__gdtoa+0xfe2>
   15bf8:	85a2                	mv	a1,s0
   15bfa:	4681                	li	a3,0
   15bfc:	4629                	li	a2,10
   15bfe:	8552                	mv	a0,s4
   15c00:	0ff000ef          	jal	164fe <__multadd>
   15c04:	842a                	mv	s0,a0
   15c06:	e60501e3          	beqz	a0,15a68 <__gdtoa+0xa02>
   15c0a:	67a2                	ld	a5,8(sp)
   15c0c:	65a2                	ld	a1,8(sp)
   15c0e:	4681                	li	a3,0
   15c10:	4629                	li	a2,10
   15c12:	8552                	mv	a0,s4
   15c14:	0b678763          	beq	a5,s6,15cc2 <__gdtoa+0xc5c>
   15c18:	0e7000ef          	jal	164fe <__multadd>
   15c1c:	e42a                	sd	a0,8(sp)
   15c1e:	e40505e3          	beqz	a0,15a68 <__gdtoa+0xa02>
   15c22:	85da                	mv	a1,s6
   15c24:	4681                	li	a3,0
   15c26:	4629                	li	a2,10
   15c28:	8552                	mv	a0,s4
   15c2a:	0d5000ef          	jal	164fe <__multadd>
   15c2e:	8b2a                	mv	s6,a0
   15c30:	e2050ce3          	beqz	a0,15a68 <__gdtoa+0xa02>
   15c34:	47ba                	lw	a5,140(sp)
   15c36:	8d4a                	mv	s10,s2
   15c38:	2785                	addiw	a5,a5,1
   15c3a:	7482                	ld	s1,32(sp)
   15c3c:	8522                	mv	a0,s0
   15c3e:	c73e                	sw	a5,140(sp)
   15c40:	85a6                	mv	a1,s1
   15c42:	5da000ef          	jal	1621c <__quorem_D2A>
   15c46:	65a2                	ld	a1,8(sp)
   15c48:	892a                	mv	s2,a0
   15c4a:	8522                	mv	a0,s0
   15c4c:	028010ef          	jal	16c74 <__mcmp>
   15c50:	e82a                	sd	a0,16(sp)
   15c52:	85a6                	mv	a1,s1
   15c54:	865a                	mv	a2,s6
   15c56:	8552                	mv	a0,s4
   15c58:	052010ef          	jal	16caa <__mdiff>
   15c5c:	85aa                	mv	a1,a0
   15c5e:	e00505e3          	beqz	a0,15a68 <__gdtoa+0xa02>
   15c62:	491c                	lw	a5,16(a0)
   15c64:	03090e9b          	addiw	t4,s2,48
   15c68:	8df6                	mv	s11,t4
   15c6a:	f7b9                	bnez	a5,15bb8 <__gdtoa+0xb52>
   15c6c:	ec2a                	sd	a0,24(sp)
   15c6e:	8522                	mv	a0,s0
   15c70:	fc76                	sd	t4,56(sp)
   15c72:	002010ef          	jal	16c74 <__mcmp>
   15c76:	65e2                	ld	a1,24(sp)
   15c78:	84aa                	mv	s1,a0
   15c7a:	8552                	mv	a0,s4
   15c7c:	071000ef          	jal	164ec <_Bfree>
   15c80:	0154e6b3          	or	a3,s1,s5
   15c84:	2681                	sext.w	a3,a3
   15c86:	7ee2                	ld	t4,56(sp)
   15c88:	16069563          	bnez	a3,15df2 <__gdtoa+0xd8c>
   15c8c:	000c2783          	lw	a5,0(s8)
   15c90:	7742                	ld	a4,48(sp)
   15c92:	8b85                	andi	a5,a5,1
   15c94:	8fd9                	or	a5,a5,a4
   15c96:	f79d                	bnez	a5,15bc4 <__gdtoa+0xb5e>
   15c98:	03900793          	li	a5,57
   15c9c:	6826                	ld	a6,72(sp)
   15c9e:	7f02                	ld	t5,32(sp)
   15ca0:	6746                	ld	a4,80(sp)
   15ca2:	6542                	ld	a0,16(sp)
   15ca4:	836a                	mv	t1,s10
   15ca6:	10fe8c63          	beq	t4,a5,15dbe <__gdtoa+0xd58>
   15caa:	46a05f63          	blez	a0,16128 <__gdtoa+0x10c2>
   15cae:	03190e9b          	addiw	t4,s2,49
   15cb2:	02000b93          	li	s7,32
   15cb6:	68a2                	ld	a7,8(sp)
   15cb8:	01d30023          	sb	t4,0(t1)
   15cbc:	e45a                	sd	s6,8(sp)
   15cbe:	0305                	addi	t1,t1,1
   15cc0:	bb01                	j	159d0 <__gdtoa+0x96a>
   15cc2:	03d000ef          	jal	164fe <__multadd>
   15cc6:	e42a                	sd	a0,8(sp)
   15cc8:	da0500e3          	beqz	a0,15a68 <__gdtoa+0xa02>
   15ccc:	8b2a                	mv	s6,a0
   15cce:	b79d                	j	15c34 <__gdtoa+0xbce>
   15cd0:	fffb4813          	not	a6,s6
   15cd4:	833a                	mv	t1,a4
   15cd6:	4bc1                	li	s7,16
   15cd8:	bcd5                	j	157cc <__gdtoa+0x766>
   15cda:	4705                	li	a4,1
   15cdc:	f4ba                	sd	a4,104(sp)
   15cde:	b29d                	j	15644 <__gdtoa+0x5de>
   15ce0:	f482                	sd	zero,104(sp)
   15ce2:	b28d                	j	15644 <__gdtoa+0x5de>
   15ce4:	66a6                	ld	a3,72(sp)
   15ce6:	65c6                	ld	a1,80(sp)
   15ce8:	c746                	sw	a7,140(sp)
   15cea:	40d606bb          	subw	a3,a2,a3
   15cee:	9ead                	addw	a3,a3,a1
   15cf0:	e8b6                	sd	a3,80(sp)
   15cf2:	66c2                	ld	a3,16(sp)
   15cf4:	01d88ebb          	addw	t4,a7,t4
   15cf8:	e4b2                	sd	a2,72(sp)
   15cfa:	011686bb          	addw	a3,a3,a7
   15cfe:	ec36                	sd	a3,24(sp)
   15d00:	4481                	li	s1,0
   15d02:	b245                	j	156a2 <__gdtoa+0x63c>
   15d04:	65a2                	ld	a1,8(sp)
   15d06:	8626                	mv	a2,s1
   15d08:	8552                	mv	a0,s4
   15d0a:	f1ca                	sd	s2,224(sp)
   15d0c:	ecba                	sd	a4,88(sp)
   15d0e:	e0f6                	sd	t4,64(sp)
   15d10:	fc3e                	sd	a5,56(sp)
   15d12:	f872                	sd	t3,48(sp)
   15d14:	f442                	sd	a6,40(sp)
   15d16:	f046                	sd	a7,32(sp)
   15d18:	55b000ef          	jal	16a72 <__pow5mult>
   15d1c:	e42a                	sd	a0,8(sp)
   15d1e:	d40505e3          	beqz	a0,15a68 <__gdtoa+0xa02>
   15d22:	85aa                	mv	a1,a0
   15d24:	8622                	mv	a2,s0
   15d26:	8552                	mv	a0,s4
   15d28:	367000ef          	jal	1688e <__multiply>
   15d2c:	d2050ee3          	beqz	a0,15a68 <__gdtoa+0xa02>
   15d30:	85a2                	mv	a1,s0
   15d32:	fcaa                	sd	a0,120(sp)
   15d34:	8552                	mv	a0,s4
   15d36:	7b6000ef          	jal	164ec <_Bfree>
   15d3a:	67a6                	ld	a5,72(sp)
   15d3c:	7466                	ld	s0,120(sp)
   15d3e:	7882                	ld	a7,32(sp)
   15d40:	9f85                	subw	a5,a5,s1
   15d42:	e4be                	sd	a5,72(sp)
   15d44:	86be                	mv	a3,a5
   15d46:	7822                	ld	a6,40(sp)
   15d48:	7e42                	ld	t3,48(sp)
   15d4a:	77e2                	ld	a5,56(sp)
   15d4c:	6e86                	ld	t4,64(sp)
   15d4e:	6766                	ld	a4,88(sp)
   15d50:	790e                	ld	s2,224(sp)
   15d52:	9c0685e3          	beqz	a3,1571c <__gdtoa+0x6b6>
   15d56:	ba79                	j	156f4 <__gdtoa+0x68e>
   15d58:	f20e0753          	fmv.d.x	fa4,t3
   15d5c:	833a                	mv	t1,a4
   15d5e:	12e675d3          	fmul.d	fa1,fa2,fa4
   15d62:	4e05                	li	t3,1
   15d64:	1d81b707          	fld	fa4,472(gp) # 1c4c0 <__SDATA_BEGIN__+0x48>
   15d68:	a021                	j	15d70 <__gdtoa+0xd0a>
   15d6a:	12e7f7d3          	fmul.d	fa5,fa5,fa4
   15d6e:	2e05                	addiw	t3,t3,1
   15d70:	c772                	sw	t3,140(sp)
   15d72:	c2079e53          	fcvt.w.d	t3,fa5,rtz
   15d76:	0305                	addi	t1,t1,1
   15d78:	030e069b          	addiw	a3,t3,48
   15d7c:	0ff6f693          	zext.b	a3,a3
   15d80:	000e0663          	beqz	t3,15d8c <__gdtoa+0xd26>
   15d84:	d20e0653          	fcvt.d.w	fa2,t3
   15d88:	0ac7f7d3          	fsub.d	fa5,fa5,fa2
   15d8c:	fed30fa3          	sb	a3,-1(t1)
   15d90:	4e3a                	lw	t3,140(sp)
   15d92:	fdfe1ce3          	bne	t3,t6,15d6a <__gdtoa+0xd04>
   15d96:	1f01b707          	fld	fa4,496(gp) # 1c4d8 <__SDATA_BEGIN__+0x60>
   15d9a:	02e5f653          	fadd.d	fa2,fa1,fa4
   15d9e:	a2f61e53          	flt.d	t3,fa2,fa5
   15da2:	f00e1463          	bnez	t3,154aa <__gdtoa+0x444>
   15da6:	0ab77753          	fsub.d	fa4,fa4,fa1
   15daa:	a2e796d3          	flt.d	a3,fa5,fa4
   15dae:	26069063          	bnez	a3,1600e <__gdtoa+0xfa8>
   15db2:	4e01                	li	t3,0
   15db4:	ae0644e3          	bltz	a2,1589c <__gdtoa+0x836>
   15db8:	2118                	fld	fa4,0(a0)
   15dba:	4e01                	li	t3,0
   15dbc:	be01                	j	158cc <__gdtoa+0x866>
   15dbe:	00130613          	addi	a2,t1,1
   15dc2:	03900693          	li	a3,57
   15dc6:	68a2                	ld	a7,8(sp)
   15dc8:	87b2                	mv	a5,a2
   15dca:	e45a                	sd	s6,8(sp)
   15dcc:	00d30023          	sb	a3,0(t1)
   15dd0:	03900613          	li	a2,57
   15dd4:	a019                	j	15dda <__gdtoa+0xd74>
   15dd6:	14f70163          	beq	a4,a5,15f18 <__gdtoa+0xeb2>
   15dda:	fff7c683          	lbu	a3,-1(a5)
   15dde:	833e                	mv	t1,a5
   15de0:	17fd                	addi	a5,a5,-1
   15de2:	fec68ae3          	beq	a3,a2,15dd6 <__gdtoa+0xd70>
   15de6:	2685                	addiw	a3,a3,1
   15de8:	00d78023          	sb	a3,0(a5)
   15dec:	02000b93          	li	s7,32
   15df0:	b6c5                	j	159d0 <__gdtoa+0x96a>
   15df2:	86a6                	mv	a3,s1
   15df4:	bbc1                	j	15bc4 <__gdtoa+0xb5e>
   15df6:	65a2                	ld	a1,8(sp)
   15df8:	8552                	mv	a0,s4
   15dfa:	f83a                	sd	a4,48(sp)
   15dfc:	f47a                	sd	t5,40(sp)
   15dfe:	f072                	sd	t3,32(sp)
   15e00:	ec42                	sd	a6,24(sp)
   15e02:	e846                	sd	a7,16(sp)
   15e04:	557000ef          	jal	16b5a <__lshift>
   15e08:	e42a                	sd	a0,8(sp)
   15e0a:	68c2                	ld	a7,16(sp)
   15e0c:	6862                	ld	a6,24(sp)
   15e0e:	7e02                	ld	t3,32(sp)
   15e10:	7f22                	ld	t5,40(sp)
   15e12:	7742                	ld	a4,48(sp)
   15e14:	d80512e3          	bnez	a0,15b98 <__gdtoa+0xb32>
   15e18:	74ae                	ld	s1,232(sp)
   15e1a:	c80ff06f          	j	1529a <__gdtoa+0x234>
   15e1e:	03100793          	li	a5,49
   15e22:	00170313          	addi	t1,a4,1
   15e26:	00f70023          	sb	a5,0(a4)
   15e2a:	4581                	li	a1,0
   15e2c:	8552                	mv	a0,s4
   15e2e:	e83a                	sd	a4,16(sp)
   15e30:	e41a                	sd	t1,8(sp)
   15e32:	6ba000ef          	jal	164ec <_Bfree>
   15e36:	6322                	ld	t1,8(sp)
   15e38:	6742                	ld	a4,16(sp)
   15e3a:	4609                	li	a2,2
   15e3c:	02000b93          	li	s7,32
   15e40:	e90ff06f          	j	154d0 <__gdtoa+0x46a>
   15e44:	2585                	addiw	a1,a1,1
   15e46:	03100693          	li	a3,49
   15e4a:	e7aff06f          	j	154c4 <__gdtoa+0x45e>
   15e4e:	02f7f7d3          	fadd.d	fa5,fa5,fa5
   15e52:	fff34683          	lbu	a3,-1(t1)
   15e56:	a2f71653          	flt.d	a2,fa4,fa5
   15e5a:	ee45                	bnez	a2,15f12 <__gdtoa+0xeac>
   15e5c:	a2e7a653          	feq.d	a2,fa5,fa4
   15e60:	c219                	beqz	a2,15e66 <__gdtoa+0xe00>
   15e62:	8b85                	andi	a5,a5,1
   15e64:	e7dd                	bnez	a5,15f12 <__gdtoa+0xeac>
   15e66:	879a                	mv	a5,t1
   15e68:	85c2                	mv	a1,a6
   15e6a:	4bc1                	li	s7,16
   15e6c:	03000613          	li	a2,48
   15e70:	fff7c683          	lbu	a3,-1(a5)
   15e74:	833e                	mv	t1,a5
   15e76:	17fd                	addi	a5,a5,-1
   15e78:	fec68ce3          	beq	a3,a2,15e70 <__gdtoa+0xe0a>
   15e7c:	0015861b          	addiw	a2,a1,1
   15e80:	e50ff06f          	j	154d0 <__gdtoa+0x46a>
   15e84:	008b2583          	lw	a1,8(s6) # ffffffff80000008 <__BSS_END__+0xffffffff7ffe3520>
   15e88:	8552                	mv	a0,s4
   15e8a:	fc3a                	sd	a4,56(sp)
   15e8c:	f87a                	sd	t5,48(sp)
   15e8e:	f472                	sd	t3,40(sp)
   15e90:	f042                	sd	a6,32(sp)
   15e92:	ec46                	sd	a7,24(sp)
   15e94:	5e8000ef          	jal	1647c <_Balloc>
   15e98:	87aa                	mv	a5,a0
   15e9a:	be050f63          	beqz	a0,15298 <__gdtoa+0x232>
   15e9e:	014b2603          	lw	a2,20(s6)
   15ea2:	010b0593          	addi	a1,s6,16
   15ea6:	0541                	addi	a0,a0,16
   15ea8:	060a                	slli	a2,a2,0x2
   15eaa:	0621                	addi	a2,a2,8
   15eac:	e83e                	sd	a5,16(sp)
   15eae:	d1bfe0ef          	jal	14bc8 <memcpy>
   15eb2:	65c2                	ld	a1,16(sp)
   15eb4:	8552                	mv	a0,s4
   15eb6:	4605                	li	a2,1
   15eb8:	4a3000ef          	jal	16b5a <__lshift>
   15ebc:	68e2                	ld	a7,24(sp)
   15ebe:	7802                	ld	a6,32(sp)
   15ec0:	7e22                	ld	t3,40(sp)
   15ec2:	7f42                	ld	t5,48(sp)
   15ec4:	7762                	ld	a4,56(sp)
   15ec6:	8b2a                	mv	s6,a0
   15ec8:	cc051ce3          	bnez	a0,15ba0 <__gdtoa+0xb3a>
   15ecc:	74ae                	ld	s1,232(sp)
   15ece:	bccff06f          	j	1529a <__gdtoa+0x234>
   15ed2:	7fc6                	ld	t6,112(sp)
   15ed4:	edf05063          	blez	t6,15594 <__gdtoa+0x52e>
   15ed8:	1d81b787          	fld	fa5,472(gp) # 1c4c0 <__SDATA_BEGIN__+0x48>
   15edc:	1e01b707          	fld	fa4,480(gp) # 1c4c8 <__SDATA_BEGIN__+0x50>
   15ee0:	12f6f7d3          	fmul.d	fa5,fa3,fa5
   15ee4:	a43a                	fsd	fa4,8(sp)
   15ee6:	2622                	fld	fa2,8(sp)
   15ee8:	1d01b707          	fld	fa4,464(gp) # 1c4b8 <__SDATA_BEGIN__+0x40>
   15eec:	fcc00337          	lui	t1,0xfcc00
   15ef0:	55fd                	li	a1,-1
   15ef2:	72c7f743          	fmadd.d	fa4,fa5,fa2,fa4
   15ef6:	e2070553          	fmv.x.d	a0,fa4
   15efa:	02051e13          	slli	t3,a0,0x20
   15efe:	9101                	srli	a0,a0,0x20
   15f00:	0065053b          	addw	a0,a0,t1
   15f04:	020e5e13          	srli	t3,t3,0x20
   15f08:	1502                	slli	a0,a0,0x20
   15f0a:	00ae6e33          	or	t3,t3,a0
   15f0e:	d0aff06f          	j	15418 <__gdtoa+0x3b2>
   15f12:	85c2                	mv	a1,a6
   15f14:	d96ff06f          	j	154aa <__gdtoa+0x444>
   15f18:	03100793          	li	a5,49
   15f1c:	2805                	addiw	a6,a6,1
   15f1e:	00f70023          	sb	a5,0(a4)
   15f22:	02000b93          	li	s7,32
   15f26:	b46d                	j	159d0 <__gdtoa+0x96a>
   15f28:	f2000753          	fmv.d.x	fa4,zero
   15f2c:	0015861b          	addiw	a2,a1,1
   15f30:	a2e7a7d3          	feq.d	a5,fa5,fa4
   15f34:	0017b793          	seqz	a5,a5
   15f38:	00479b9b          	slliw	s7,a5,0x4
   15f3c:	d94ff06f          	j	154d0 <__gdtoa+0x46a>
   15f40:	85a2                	mv	a1,s0
   15f42:	4605                	li	a2,1
   15f44:	8552                	mv	a0,s4
   15f46:	fc3a                	sd	a4,56(sp)
   15f48:	e87a                	sd	t5,16(sp)
   15f4a:	f83e                	sd	a5,48(sp)
   15f4c:	f446                	sd	a7,40(sp)
   15f4e:	f042                	sd	a6,32(sp)
   15f50:	ec76                	sd	t4,24(sp)
   15f52:	409000ef          	jal	16b5a <__lshift>
   15f56:	842a                	mv	s0,a0
   15f58:	b00508e3          	beqz	a0,15a68 <__gdtoa+0xa02>
   15f5c:	65c2                	ld	a1,16(sp)
   15f5e:	517000ef          	jal	16c74 <__mcmp>
   15f62:	6f42                	ld	t5,16(sp)
   15f64:	7802                	ld	a6,32(sp)
   15f66:	78a2                	ld	a7,40(sp)
   15f68:	77c2                	ld	a5,48(sp)
   15f6a:	7762                	ld	a4,56(sp)
   15f6c:	e6a042e3          	bgtz	a0,15dd0 <__gdtoa+0xd6a>
   15f70:	e511                	bnez	a0,15f7c <__gdtoa+0xf16>
   15f72:	6ee2                	ld	t4,24(sp)
   15f74:	001efe93          	andi	t4,t4,1
   15f78:	e40e9ce3          	bnez	t4,15dd0 <__gdtoa+0xd6a>
   15f7c:	4850                	lw	a2,20(s0)
   15f7e:	4685                	li	a3,1
   15f80:	4bc1                	li	s7,16
   15f82:	a2c6cfe3          	blt	a3,a2,159c0 <__gdtoa+0x95a>
   15f86:	4c14                	lw	a3,24(s0)
   15f88:	bc05                	j	159b8 <__gdtoa+0x952>
   15f8a:	7e42                	ld	t3,48(sp)
   15f8c:	6826                	ld	a6,72(sp)
   15f8e:	7f02                	ld	t5,32(sp)
   15f90:	6746                	ld	a4,80(sp)
   15f92:	836a                	mv	t1,s10
   15f94:	0c0e0463          	beqz	t3,1605c <__gdtoa+0xff6>
   15f98:	4850                	lw	a2,20(s0)
   15f9a:	4785                	li	a5,1
   15f9c:	14c7d463          	bge	a5,a2,160e4 <__gdtoa+0x107e>
   15fa0:	4789                	li	a5,2
   15fa2:	14fe0763          	beq	t3,a5,160f0 <__gdtoa+0x108a>
   15fa6:	8aa2                	mv	s5,s0
   15fa8:	8c42                	mv	s8,a6
   15faa:	841a                	mv	s0,t1
   15fac:	8bfa                	mv	s7,t5
   15fae:	8d3a                	mv	s10,a4
   15fb0:	a821                	j	15fc8 <__gdtoa+0xf62>
   15fb2:	54c000ef          	jal	164fe <__multadd>
   15fb6:	85de                	mv	a1,s7
   15fb8:	8aaa                	mv	s5,a0
   15fba:	0405                	addi	s0,s0,1
   15fbc:	aa0506e3          	beqz	a0,15a68 <__gdtoa+0xa02>
   15fc0:	25c000ef          	jal	1621c <__quorem_D2A>
   15fc4:	03050e9b          	addiw	t4,a0,48
   15fc8:	85da                	mv	a1,s6
   15fca:	855e                	mv	a0,s7
   15fcc:	e876                	sd	t4,16(sp)
   15fce:	4a7000ef          	jal	16c74 <__mcmp>
   15fd2:	6ec2                	ld	t4,16(sp)
   15fd4:	4681                	li	a3,0
   15fd6:	4629                	li	a2,10
   15fd8:	10a05e63          	blez	a0,160f4 <__gdtoa+0x108e>
   15fdc:	85da                	mv	a1,s6
   15fde:	01d40023          	sb	t4,0(s0)
   15fe2:	8552                	mv	a0,s4
   15fe4:	51a000ef          	jal	164fe <__multadd>
   15fe8:	87aa                	mv	a5,a0
   15fea:	84da                	mv	s1,s6
   15fec:	4681                	li	a3,0
   15fee:	8b2a                	mv	s6,a0
   15ff0:	4629                	li	a2,10
   15ff2:	85d6                	mv	a1,s5
   15ff4:	8552                	mv	a0,s4
   15ff6:	a60789e3          	beqz	a5,15a68 <__gdtoa+0xa02>
   15ffa:	67a2                	ld	a5,8(sp)
   15ffc:	fa979be3          	bne	a5,s1,15fb2 <__gdtoa+0xf4c>
   16000:	e45a                	sd	s6,8(sp)
   16002:	bf45                	j	15fb2 <__gdtoa+0xf4c>
   16004:	4e01                	li	t3,0
   16006:	da065363          	bgez	a2,155ac <__gdtoa+0x546>
   1600a:	e54ff06f          	j	1565e <__gdtoa+0x5f8>
   1600e:	f2000753          	fmv.d.x	fa4,zero
   16012:	879a                	mv	a5,t1
   16014:	a2e7a6d3          	feq.d	a3,fa5,fa4
   16018:	0016b693          	seqz	a3,a3
   1601c:	00469b9b          	slliw	s7,a3,0x4
   16020:	b5b1                	j	15e6c <__gdtoa+0xe06>
   16022:	863e                	mv	a2,a5
   16024:	03900793          	li	a5,57
   16028:	6826                	ld	a6,72(sp)
   1602a:	7f02                	ld	t5,32(sp)
   1602c:	6746                	ld	a4,80(sp)
   1602e:	836a                	mv	t1,s10
   16030:	d8fd89e3          	beq	s11,a5,15dc2 <__gdtoa+0xd5c>
   16034:	001d879b          	addiw	a5,s11,1
   16038:	68a2                	ld	a7,8(sp)
   1603a:	00fd0023          	sb	a5,0(s10)
   1603e:	834a                	mv	t1,s2
   16040:	e45a                	sd	s6,8(sp)
   16042:	02000b93          	li	s7,32
   16046:	b269                	j	159d0 <__gdtoa+0x96a>
   16048:	68a2                	ld	a7,8(sp)
   1604a:	6826                	ld	a6,72(sp)
   1604c:	7e42                	ld	t3,48(sp)
   1604e:	7f02                	ld	t5,32(sp)
   16050:	6746                	ld	a4,80(sp)
   16052:	e45a                	sd	s6,8(sp)
   16054:	b2b1                	j	159a0 <__gdtoa+0x93a>
   16056:	78c6                	ld	a7,112(sp)
   16058:	f1ca                	sd	s2,224(sp)
   1605a:	b8dd                	j	15950 <__gdtoa+0x8ea>
   1605c:	04d05063          	blez	a3,1609c <__gdtoa+0x1036>
   16060:	85a2                	mv	a1,s0
   16062:	4605                	li	a2,1
   16064:	8552                	mv	a0,s4
   16066:	f83a                	sd	a4,48(sp)
   16068:	e87a                	sd	t5,16(sp)
   1606a:	f41a                	sd	t1,40(sp)
   1606c:	f042                	sd	a6,32(sp)
   1606e:	ec76                	sd	t4,24(sp)
   16070:	2eb000ef          	jal	16b5a <__lshift>
   16074:	842a                	mv	s0,a0
   16076:	9e0509e3          	beqz	a0,15a68 <__gdtoa+0xa02>
   1607a:	65c2                	ld	a1,16(sp)
   1607c:	3f9000ef          	jal	16c74 <__mcmp>
   16080:	6f42                	ld	t5,16(sp)
   16082:	7802                	ld	a6,32(sp)
   16084:	7322                	ld	t1,40(sp)
   16086:	7742                	ld	a4,48(sp)
   16088:	08a05363          	blez	a0,1610e <__gdtoa+0x10a8>
   1608c:	03900793          	li	a5,57
   16090:	d2fd87e3          	beq	s11,a5,15dbe <__gdtoa+0xd58>
   16094:	03190e9b          	addiw	t4,s2,49
   16098:	02000e13          	li	t3,32
   1609c:	4854                	lw	a3,20(s0)
   1609e:	4785                	li	a5,1
   160a0:	4bc1                	li	s7,16
   160a2:	c0d7cae3          	blt	a5,a3,15cb6 <__gdtoa+0xc50>
   160a6:	4c1c                	lw	a5,24(s0)
   160a8:	c00797e3          	bnez	a5,15cb6 <__gdtoa+0xc50>
   160ac:	8bf2                	mv	s7,t3
   160ae:	b121                	j	15cb6 <__gdtoa+0xc50>
   160b0:	65a6                	ld	a1,72(sp)
   160b2:	fff8869b          	addiw	a3,a7,-1
   160b6:	8636                	mv	a2,a3
   160b8:	c2d5c6e3          	blt	a1,a3,15ce4 <__gdtoa+0xc7e>
   160bc:	40d584bb          	subw	s1,a1,a3
   160c0:	66c2                	ld	a3,16(sp)
   160c2:	01d88ebb          	addw	t4,a7,t4
   160c6:	c746                	sw	a7,140(sp)
   160c8:	011686bb          	addw	a3,a3,a7
   160cc:	ec36                	sd	a3,24(sp)
   160ce:	dd4ff06f          	j	156a2 <__gdtoa+0x63c>
   160d2:	66c2                	ld	a3,16(sp)
   160d4:	c746                	sw	a7,140(sp)
   160d6:	01d88ebb          	addw	t4,a7,t4
   160da:	011686bb          	addw	a3,a3,a7
   160de:	ec36                	sd	a3,24(sp)
   160e0:	dc2ff06f          	j	156a2 <__gdtoa+0x63c>
   160e4:	4c1c                	lw	a5,24(s0)
   160e6:	ea079de3          	bnez	a5,15fa0 <__gdtoa+0xf3a>
   160ea:	f6d04be3          	bgtz	a3,16060 <__gdtoa+0xffa>
   160ee:	b6e1                	j	15cb6 <__gdtoa+0xc50>
   160f0:	4bc1                	li	s7,16
   160f2:	b6d1                	j	15cb6 <__gdtoa+0xc50>
   160f4:	03900793          	li	a5,57
   160f8:	8322                	mv	t1,s0
   160fa:	8862                	mv	a6,s8
   160fc:	8456                	mv	s0,s5
   160fe:	8f5e                	mv	t5,s7
   16100:	876a                	mv	a4,s10
   16102:	cafe8ee3          	beq	t4,a5,15dbe <__gdtoa+0xd58>
   16106:	2e85                	addiw	t4,t4,1
   16108:	02000b93          	li	s7,32
   1610c:	b66d                	j	15cb6 <__gdtoa+0xc50>
   1610e:	6ee2                	ld	t4,24(sp)
   16110:	e501                	bnez	a0,16118 <__gdtoa+0x10b2>
   16112:	001df793          	andi	a5,s11,1
   16116:	fbbd                	bnez	a5,1608c <__gdtoa+0x1026>
   16118:	02000e13          	li	t3,32
   1611c:	b741                	j	1609c <__gdtoa+0x1036>
   1611e:	790e                	ld	s2,224(sp)
   16120:	0018061b          	addiw	a2,a6,1
   16124:	bacff06f          	j	154d0 <__gdtoa+0x46a>
   16128:	4854                	lw	a3,20(s0)
   1612a:	4785                	li	a5,1
   1612c:	4bc1                	li	s7,16
   1612e:	b8d7c4e3          	blt	a5,a3,15cb6 <__gdtoa+0xc50>
   16132:	4c1c                	lw	a5,24(s0)
   16134:	00f037b3          	snez	a5,a5
   16138:	00479b9b          	slliw	s7,a5,0x4
   1613c:	bead                	j	15cb6 <__gdtoa+0xc50>

000000000001613e <__rv_alloc_D2A.part.0>:
   1613e:	66e9                	lui	a3,0x1a
   16140:	6569                	lui	a0,0x1a
   16142:	1141                	addi	sp,sp,-16
   16144:	1b868693          	addi	a3,a3,440 # 1a1b8 <__clzdi2+0x194>
   16148:	1d050513          	addi	a0,a0,464 # 1a1d0 <__clzdi2+0x1ac>
   1614c:	4601                	li	a2,0
   1614e:	03900593          	li	a1,57
   16152:	e406                	sd	ra,8(sp)
   16154:	08f010ef          	jal	179e2 <__assert_func>

0000000000016158 <__rv_alloc_D2A>:
   16158:	1141                	addi	sp,sp,-16
   1615a:	e022                	sd	s0,0(sp)
   1615c:	e406                	sd	ra,8(sp)
   1615e:	46fd                	li	a3,31
   16160:	842a                	mv	s0,a0
   16162:	4705                	li	a4,1
   16164:	4791                	li	a5,4
   16166:	02b6f563          	bgeu	a3,a1,16190 <__rv_alloc_D2A+0x38>
   1616a:	0017979b          	slliw	a5,a5,0x1
   1616e:	01c78693          	addi	a3,a5,28
   16172:	863a                	mv	a2,a4
   16174:	2705                	addiw	a4,a4,1
   16176:	fed5fae3          	bgeu	a1,a3,1616a <__rv_alloc_D2A+0x12>
   1617a:	85b2                	mv	a1,a2
   1617c:	cc30                	sw	a2,88(s0)
   1617e:	8522                	mv	a0,s0
   16180:	2fc000ef          	jal	1647c <_Balloc>
   16184:	c911                	beqz	a0,16198 <__rv_alloc_D2A+0x40>
   16186:	60a2                	ld	ra,8(sp)
   16188:	e828                	sd	a0,80(s0)
   1618a:	6402                	ld	s0,0(sp)
   1618c:	0141                	addi	sp,sp,16
   1618e:	8082                	ret
   16190:	04052c23          	sw	zero,88(a0)
   16194:	4581                	li	a1,0
   16196:	b7e5                	j	1617e <__rv_alloc_D2A+0x26>
   16198:	fa7ff0ef          	jal	1613e <__rv_alloc_D2A.part.0>

000000000001619c <__nrv_alloc_D2A>:
   1619c:	7179                	addi	sp,sp,-48
   1619e:	f022                	sd	s0,32(sp)
   161a0:	ec26                	sd	s1,24(sp)
   161a2:	f406                	sd	ra,40(sp)
   161a4:	487d                	li	a6,31
   161a6:	84aa                	mv	s1,a0
   161a8:	842e                	mv	s0,a1
   161aa:	4705                	li	a4,1
   161ac:	4791                	li	a5,4
   161ae:	04d87863          	bgeu	a6,a3,161fe <__nrv_alloc_D2A+0x62>
   161b2:	0017979b          	slliw	a5,a5,0x1
   161b6:	01c78513          	addi	a0,a5,28
   161ba:	85ba                	mv	a1,a4
   161bc:	2705                	addiw	a4,a4,1
   161be:	fea6fae3          	bgeu	a3,a0,161b2 <__nrv_alloc_D2A+0x16>
   161c2:	ccac                	sw	a1,88(s1)
   161c4:	8526                	mv	a0,s1
   161c6:	e432                	sd	a2,8(sp)
   161c8:	2b4000ef          	jal	1647c <_Balloc>
   161cc:	6622                	ld	a2,8(sp)
   161ce:	cd15                	beqz	a0,1620a <__nrv_alloc_D2A+0x6e>
   161d0:	e8a8                	sd	a0,80(s1)
   161d2:	00044783          	lbu	a5,0(s0)
   161d6:	00f50023          	sb	a5,0(a0)
   161da:	c795                	beqz	a5,16206 <__nrv_alloc_D2A+0x6a>
   161dc:	00140593          	addi	a1,s0,1
   161e0:	87aa                	mv	a5,a0
   161e2:	0005c703          	lbu	a4,0(a1)
   161e6:	0585                	addi	a1,a1,1
   161e8:	0785                	addi	a5,a5,1
   161ea:	00e78023          	sb	a4,0(a5)
   161ee:	fb75                	bnez	a4,161e2 <__nrv_alloc_D2A+0x46>
   161f0:	c211                	beqz	a2,161f4 <__nrv_alloc_D2A+0x58>
   161f2:	e21c                	sd	a5,0(a2)
   161f4:	70a2                	ld	ra,40(sp)
   161f6:	7402                	ld	s0,32(sp)
   161f8:	64e2                	ld	s1,24(sp)
   161fa:	6145                	addi	sp,sp,48
   161fc:	8082                	ret
   161fe:	04052c23          	sw	zero,88(a0)
   16202:	4581                	li	a1,0
   16204:	b7c1                	j	161c4 <__nrv_alloc_D2A+0x28>
   16206:	87aa                	mv	a5,a0
   16208:	b7e5                	j	161f0 <__nrv_alloc_D2A+0x54>
   1620a:	f35ff0ef          	jal	1613e <__rv_alloc_D2A.part.0>

000000000001620e <__freedtoa>:
   1620e:	4d38                	lw	a4,88(a0)
   16210:	4785                	li	a5,1
   16212:	00e797bb          	sllw	a5,a5,a4
   16216:	c5dc                	sw	a5,12(a1)
   16218:	c598                	sw	a4,8(a1)
   1621a:	acc9                	j	164ec <_Bfree>

000000000001621c <__quorem_D2A>:
   1621c:	0145a803          	lw	a6,20(a1)
   16220:	495c                	lw	a5,20(a0)
   16222:	1707c763          	blt	a5,a6,16390 <__quorem_D2A+0x174>
   16226:	387d                	addiw	a6,a6,-1
   16228:	00281393          	slli	t2,a6,0x2
   1622c:	01858613          	addi	a2,a1,24
   16230:	007608b3          	add	a7,a2,t2
   16234:	01850313          	addi	t1,a0,24
   16238:	0008a783          	lw	a5,0(a7)
   1623c:	939a                	add	t2,t2,t1
   1623e:	0003a703          	lw	a4,0(t2)
   16242:	2785                	addiw	a5,a5,1
   16244:	715d                	addi	sp,sp,-80
   16246:	02f752bb          	divuw	t0,a4,a5
   1624a:	e486                	sd	ra,72(sp)
   1624c:	e0a2                	sd	s0,64(sp)
   1624e:	8e16                	mv	t3,t0
   16250:	0af76063          	bltu	a4,a5,162f0 <__quorem_D2A+0xd4>
   16254:	fc26                	sd	s1,56(sp)
   16256:	8fb2                	mv	t6,a2
   16258:	8f1a                	mv	t5,t1
   1625a:	4481                	li	s1,0
   1625c:	4401                	li	s0,0
   1625e:	000fa703          	lw	a4,0(t6)
   16262:	000f2683          	lw	a3,0(t5)
   16266:	0f11                	addi	t5,t5,4
   16268:	03071793          	slli	a5,a4,0x30
   1626c:	93c1                	srli	a5,a5,0x30
   1626e:	025787bb          	mulw	a5,a5,t0
   16272:	0107571b          	srliw	a4,a4,0x10
   16276:	0f91                	addi	t6,t6,4
   16278:	02570ebb          	mulw	t4,a4,t0
   1627c:	9fa5                	addw	a5,a5,s1
   1627e:	03069713          	slli	a4,a3,0x30
   16282:	03079493          	slli	s1,a5,0x30
   16286:	90c1                	srli	s1,s1,0x30
   16288:	9341                	srli	a4,a4,0x30
   1628a:	9f05                	subw	a4,a4,s1
   1628c:	0107d79b          	srliw	a5,a5,0x10
   16290:	9f01                	subw	a4,a4,s0
   16292:	02f71493          	slli	s1,a4,0x2f
   16296:	01d787bb          	addw	a5,a5,t4
   1629a:	03079413          	slli	s0,a5,0x30
   1629e:	9041                	srli	s0,s0,0x30
   162a0:	03f4de93          	srli	t4,s1,0x3f
   162a4:	9ea2                	add	t4,t4,s0
   162a6:	0106d69b          	srliw	a3,a3,0x10
   162aa:	41d686bb          	subw	a3,a3,t4
   162ae:	1742                	slli	a4,a4,0x30
   162b0:	01069e9b          	slliw	t4,a3,0x10
   162b4:	9341                	srli	a4,a4,0x30
   162b6:	00eee733          	or	a4,t4,a4
   162ba:	0106d69b          	srliw	a3,a3,0x10
   162be:	feef2e23          	sw	a4,-4(t5)
   162c2:	0107d49b          	srliw	s1,a5,0x10
   162c6:	0016f413          	andi	s0,a3,1
   162ca:	f9f8fae3          	bgeu	a7,t6,1625e <__quorem_D2A+0x42>
   162ce:	0003a783          	lw	a5,0(t2)
   162d2:	e3e9                	bnez	a5,16394 <__quorem_D2A+0x178>
   162d4:	13f1                	addi	t2,t2,-4
   162d6:	00736663          	bltu	t1,t2,162e2 <__quorem_D2A+0xc6>
   162da:	a801                	j	162ea <__quorem_D2A+0xce>
   162dc:	387d                	addiw	a6,a6,-1
   162de:	00737663          	bgeu	t1,t2,162ea <__quorem_D2A+0xce>
   162e2:	0003a783          	lw	a5,0(t2)
   162e6:	13f1                	addi	t2,t2,-4
   162e8:	dbf5                	beqz	a5,162dc <__quorem_D2A+0xc0>
   162ea:	74e2                	ld	s1,56(sp)
   162ec:	01052a23          	sw	a6,20(a0)
   162f0:	e072                	sd	t3,0(sp)
   162f2:	f416                	sd	t0,40(sp)
   162f4:	f01a                	sd	t1,32(sp)
   162f6:	ec46                	sd	a7,24(sp)
   162f8:	e832                	sd	a2,16(sp)
   162fa:	e442                	sd	a6,8(sp)
   162fc:	842a                	mv	s0,a0
   162fe:	177000ef          	jal	16c74 <__mcmp>
   16302:	6e02                	ld	t3,0(sp)
   16304:	08054163          	bltz	a0,16386 <__quorem_D2A+0x16a>
   16308:	72a2                	ld	t0,40(sp)
   1630a:	7302                	ld	t1,32(sp)
   1630c:	68e2                	ld	a7,24(sp)
   1630e:	6642                	ld	a2,16(sp)
   16310:	6822                	ld	a6,8(sp)
   16312:	00128e1b          	addiw	t3,t0,1
   16316:	859a                	mv	a1,t1
   16318:	4501                	li	a0,0
   1631a:	419c                	lw	a5,0(a1)
   1631c:	4214                	lw	a3,0(a2)
   1631e:	0591                	addi	a1,a1,4
   16320:	03079713          	slli	a4,a5,0x30
   16324:	03069e93          	slli	t4,a3,0x30
   16328:	030ede93          	srli	t4,t4,0x30
   1632c:	9341                	srli	a4,a4,0x30
   1632e:	41d7073b          	subw	a4,a4,t4
   16332:	9f09                	subw	a4,a4,a0
   16334:	02f71e93          	slli	t4,a4,0x2f
   16338:	03fed513          	srli	a0,t4,0x3f
   1633c:	0106d69b          	srliw	a3,a3,0x10
   16340:	96aa                	add	a3,a3,a0
   16342:	0107d79b          	srliw	a5,a5,0x10
   16346:	9f95                	subw	a5,a5,a3
   16348:	1742                	slli	a4,a4,0x30
   1634a:	0107969b          	slliw	a3,a5,0x10
   1634e:	9341                	srli	a4,a4,0x30
   16350:	8f55                	or	a4,a4,a3
   16352:	0611                	addi	a2,a2,4
   16354:	0107d79b          	srliw	a5,a5,0x10
   16358:	fee5ae23          	sw	a4,-4(a1)
   1635c:	0017f513          	andi	a0,a5,1
   16360:	fac8fde3          	bgeu	a7,a2,1631a <__quorem_D2A+0xfe>
   16364:	00281793          	slli	a5,a6,0x2
   16368:	979a                	add	a5,a5,t1
   1636a:	4398                	lw	a4,0(a5)
   1636c:	ef09                	bnez	a4,16386 <__quorem_D2A+0x16a>
   1636e:	17f1                	addi	a5,a5,-4
   16370:	00f36663          	bltu	t1,a5,1637c <__quorem_D2A+0x160>
   16374:	a039                	j	16382 <__quorem_D2A+0x166>
   16376:	387d                	addiw	a6,a6,-1
   16378:	00f37563          	bgeu	t1,a5,16382 <__quorem_D2A+0x166>
   1637c:	4398                	lw	a4,0(a5)
   1637e:	17f1                	addi	a5,a5,-4
   16380:	db7d                	beqz	a4,16376 <__quorem_D2A+0x15a>
   16382:	01042a23          	sw	a6,20(s0)
   16386:	60a6                	ld	ra,72(sp)
   16388:	6406                	ld	s0,64(sp)
   1638a:	8572                	mv	a0,t3
   1638c:	6161                	addi	sp,sp,80
   1638e:	8082                	ret
   16390:	4501                	li	a0,0
   16392:	8082                	ret
   16394:	74e2                	ld	s1,56(sp)
   16396:	bfa9                	j	162f0 <__quorem_D2A+0xd4>

0000000000016398 <__rshift_D2A>:
   16398:	4954                	lw	a3,20(a0)
   1639a:	4055d31b          	sraiw	t1,a1,0x5
   1639e:	00d34763          	blt	t1,a3,163ac <__rshift_D2A+0x14>
   163a2:	00052a23          	sw	zero,20(a0)
   163a6:	00052c23          	sw	zero,24(a0)
   163aa:	8082                	ret
   163ac:	01850e13          	addi	t3,a0,24
   163b0:	00269813          	slli	a6,a3,0x2
   163b4:	00231793          	slli	a5,t1,0x2
   163b8:	89fd                	andi	a1,a1,31
   163ba:	9872                	add	a6,a6,t3
   163bc:	97f2                	add	a5,a5,t3
   163be:	c5a9                	beqz	a1,16408 <__rshift_D2A+0x70>
   163c0:	4390                	lw	a2,0(a5)
   163c2:	0791                	addi	a5,a5,4
   163c4:	00b6563b          	srlw	a2,a2,a1
   163c8:	0707f563          	bgeu	a5,a6,16432 <__rshift_D2A+0x9a>
   163cc:	02000e93          	li	t4,32
   163d0:	40be8ebb          	subw	t4,t4,a1
   163d4:	88f2                	mv	a7,t3
   163d6:	4398                	lw	a4,0(a5)
   163d8:	0891                	addi	a7,a7,4
   163da:	0791                	addi	a5,a5,4
   163dc:	01d7173b          	sllw	a4,a4,t4
   163e0:	8f51                	or	a4,a4,a2
   163e2:	fee8ae23          	sw	a4,-4(a7)
   163e6:	ffc7a603          	lw	a2,-4(a5)
   163ea:	00b6563b          	srlw	a2,a2,a1
   163ee:	ff07e4e3          	bltu	a5,a6,163d6 <__rshift_D2A+0x3e>
   163f2:	406687b3          	sub	a5,a3,t1
   163f6:	078a                	slli	a5,a5,0x2
   163f8:	17e1                	addi	a5,a5,-8
   163fa:	004e0713          	addi	a4,t3,4
   163fe:	97ba                	add	a5,a5,a4
   16400:	c390                	sw	a2,0(a5)
   16402:	c20d                	beqz	a2,16424 <__rshift_D2A+0x8c>
   16404:	0791                	addi	a5,a5,4
   16406:	a839                	j	16424 <__rshift_D2A+0x8c>
   16408:	8772                	mv	a4,t3
   1640a:	f907fce3          	bgeu	a5,a6,163a2 <__rshift_D2A+0xa>
   1640e:	4390                	lw	a2,0(a5)
   16410:	0791                	addi	a5,a5,4
   16412:	0711                	addi	a4,a4,4
   16414:	fec72e23          	sw	a2,-4(a4)
   16418:	ff07ebe3          	bltu	a5,a6,1640e <__rshift_D2A+0x76>
   1641c:	406687b3          	sub	a5,a3,t1
   16420:	078a                	slli	a5,a5,0x2
   16422:	97f2                	add	a5,a5,t3
   16424:	41c787b3          	sub	a5,a5,t3
   16428:	8789                	srai	a5,a5,0x2
   1642a:	2781                	sext.w	a5,a5
   1642c:	c95c                	sw	a5,20(a0)
   1642e:	dfa5                	beqz	a5,163a6 <__rshift_D2A+0xe>
   16430:	8082                	ret
   16432:	cd10                	sw	a2,24(a0)
   16434:	87f2                	mv	a5,t3
   16436:	d635                	beqz	a2,163a2 <__rshift_D2A+0xa>
   16438:	0791                	addi	a5,a5,4
   1643a:	b7ed                	j	16424 <__rshift_D2A+0x8c>

000000000001643c <__trailz_D2A>:
   1643c:	4954                	lw	a3,20(a0)
   1643e:	0561                	addi	a0,a0,24
   16440:	4781                	li	a5,0
   16442:	068a                	slli	a3,a3,0x2
   16444:	96aa                	add	a3,a3,a0
   16446:	00d56863          	bltu	a0,a3,16456 <__trailz_D2A+0x1a>
   1644a:	a03d                	j	16478 <__trailz_D2A+0x3c>
   1644c:	0511                	addi	a0,a0,4
   1644e:	0207879b          	addiw	a5,a5,32
   16452:	02d57363          	bgeu	a0,a3,16478 <__trailz_D2A+0x3c>
   16456:	4118                	lw	a4,0(a0)
   16458:	db75                	beqz	a4,1644c <__trailz_D2A+0x10>
   1645a:	00d57f63          	bgeu	a0,a3,16478 <__trailz_D2A+0x3c>
   1645e:	7179                	addi	sp,sp,-48
   16460:	0868                	addi	a0,sp,28
   16462:	f406                	sd	ra,40(sp)
   16464:	e43e                	sd	a5,8(sp)
   16466:	ce3a                	sw	a4,28(sp)
   16468:	2da000ef          	jal	16742 <__lo0bits>
   1646c:	67a2                	ld	a5,8(sp)
   1646e:	70a2                	ld	ra,40(sp)
   16470:	9fa9                	addw	a5,a5,a0
   16472:	853e                	mv	a0,a5
   16474:	6145                	addi	sp,sp,48
   16476:	8082                	ret
   16478:	853e                	mv	a0,a5
   1647a:	8082                	ret

000000000001647c <_Balloc>:
   1647c:	753c                	ld	a5,104(a0)
   1647e:	1101                	addi	sp,sp,-32
   16480:	ec06                	sd	ra,24(sp)
   16482:	872a                	mv	a4,a0
   16484:	86ae                	mv	a3,a1
   16486:	c39d                	beqz	a5,164ac <_Balloc+0x30>
   16488:	00369613          	slli	a2,a3,0x3
   1648c:	97b2                	add	a5,a5,a2
   1648e:	6388                	ld	a0,0(a5)
   16490:	cd05                	beqz	a0,164c8 <_Balloc+0x4c>
   16492:	6118                	ld	a4,0(a0)
   16494:	e398                	sd	a4,0(a5)
   16496:	cd717057          	vsetivli	zero,2,e32,mf2,ta,ma
   1649a:	5e0030d7          	vmv.v.i	v1,0
   1649e:	01050793          	addi	a5,a0,16
   164a2:	0207e0a7          	vse32.v	v1,(a5)
   164a6:	60e2                	ld	ra,24(sp)
   164a8:	6105                	addi	sp,sp,32
   164aa:	8082                	ret
   164ac:	e42e                	sd	a1,8(sp)
   164ae:	04100613          	li	a2,65
   164b2:	45a1                	li	a1,8
   164b4:	e02a                	sd	a0,0(sp)
   164b6:	be0fa0ef          	jal	10896 <_calloc_r>
   164ba:	6702                	ld	a4,0(sp)
   164bc:	66a2                	ld	a3,8(sp)
   164be:	87aa                	mv	a5,a0
   164c0:	f728                	sd	a0,104(a4)
   164c2:	f179                	bnez	a0,16488 <_Balloc+0xc>
   164c4:	4501                	li	a0,0
   164c6:	b7c5                	j	164a6 <_Balloc+0x2a>
   164c8:	4785                	li	a5,1
   164ca:	00d797bb          	sllw	a5,a5,a3
   164ce:	00279613          	slli	a2,a5,0x2
   164d2:	853a                	mv	a0,a4
   164d4:	0671                	addi	a2,a2,28
   164d6:	4585                	li	a1,1
   164d8:	e436                	sd	a3,8(sp)
   164da:	e03e                	sd	a5,0(sp)
   164dc:	bbafa0ef          	jal	10896 <_calloc_r>
   164e0:	d175                	beqz	a0,164c4 <_Balloc+0x48>
   164e2:	66a2                	ld	a3,8(sp)
   164e4:	6782                	ld	a5,0(sp)
   164e6:	c514                	sw	a3,8(a0)
   164e8:	c55c                	sw	a5,12(a0)
   164ea:	b775                	j	16496 <_Balloc+0x1a>

00000000000164ec <_Bfree>:
   164ec:	c981                	beqz	a1,164fc <_Bfree+0x10>
   164ee:	4598                	lw	a4,8(a1)
   164f0:	753c                	ld	a5,104(a0)
   164f2:	070e                	slli	a4,a4,0x3
   164f4:	97ba                	add	a5,a5,a4
   164f6:	6398                	ld	a4,0(a5)
   164f8:	e198                	sd	a4,0(a1)
   164fa:	e38c                	sd	a1,0(a5)
   164fc:	8082                	ret

00000000000164fe <__multadd>:
   164fe:	0145a303          	lw	t1,20(a1)
   16502:	8e2e                	mv	t3,a1
   16504:	8736                	mv	a4,a3
   16506:	01858813          	addi	a6,a1,24
   1650a:	4881                	li	a7,0
   1650c:	00082783          	lw	a5,0(a6)
   16510:	0811                	addi	a6,a6,4
   16512:	2885                	addiw	a7,a7,1
   16514:	03079693          	slli	a3,a5,0x30
   16518:	92c1                	srli	a3,a3,0x30
   1651a:	02c686bb          	mulw	a3,a3,a2
   1651e:	0107d79b          	srliw	a5,a5,0x10
   16522:	02c787bb          	mulw	a5,a5,a2
   16526:	9eb9                	addw	a3,a3,a4
   16528:	0106d71b          	srliw	a4,a3,0x10
   1652c:	16c2                	slli	a3,a3,0x30
   1652e:	92c1                	srli	a3,a3,0x30
   16530:	9fb9                	addw	a5,a5,a4
   16532:	0107971b          	slliw	a4,a5,0x10
   16536:	9f35                	addw	a4,a4,a3
   16538:	fee82e23          	sw	a4,-4(a6)
   1653c:	0107d71b          	srliw	a4,a5,0x10
   16540:	fc68c6e3          	blt	a7,t1,1650c <__multadd+0xe>
   16544:	cf09                	beqz	a4,1655e <__multadd+0x60>
   16546:	00ce2783          	lw	a5,12(t3)
   1654a:	00f35c63          	bge	t1,a5,16562 <__multadd+0x64>
   1654e:	00231693          	slli	a3,t1,0x2
   16552:	96f2                	add	a3,a3,t3
   16554:	ce98                	sw	a4,24(a3)
   16556:	0013079b          	addiw	a5,t1,1 # fffffffffcc00001 <__BSS_END__+0xfffffffffcbe3519>
   1655a:	00fe2a23          	sw	a5,20(t3)
   1655e:	8572                	mv	a0,t3
   16560:	8082                	ret
   16562:	008e2583          	lw	a1,8(t3)
   16566:	7179                	addi	sp,sp,-48
   16568:	f022                	sd	s0,32(sp)
   1656a:	2585                	addiw	a1,a1,1
   1656c:	e83a                	sd	a4,16(sp)
   1656e:	e41a                	sd	t1,8(sp)
   16570:	e072                	sd	t3,0(sp)
   16572:	f406                	sd	ra,40(sp)
   16574:	842a                	mv	s0,a0
   16576:	f07ff0ef          	jal	1647c <_Balloc>
   1657a:	6e02                	ld	t3,0(sp)
   1657c:	6322                	ld	t1,8(sp)
   1657e:	6742                	ld	a4,16(sp)
   16580:	86aa                	mv	a3,a0
   16582:	c929                	beqz	a0,165d4 <__multadd+0xd6>
   16584:	014e2603          	lw	a2,20(t3)
   16588:	010e0593          	addi	a1,t3,16
   1658c:	0541                	addi	a0,a0,16
   1658e:	060a                	slli	a2,a2,0x2
   16590:	0621                	addi	a2,a2,8
   16592:	ec3a                	sd	a4,24(sp)
   16594:	e81a                	sd	t1,16(sp)
   16596:	e472                	sd	t3,8(sp)
   16598:	e036                	sd	a3,0(sp)
   1659a:	e2efe0ef          	jal	14bc8 <memcpy>
   1659e:	6e22                	ld	t3,8(sp)
   165a0:	743c                	ld	a5,104(s0)
   165a2:	6342                	ld	t1,16(sp)
   165a4:	008e2603          	lw	a2,8(t3)
   165a8:	6762                	ld	a4,24(sp)
   165aa:	00231693          	slli	a3,t1,0x2
   165ae:	060e                	slli	a2,a2,0x3
   165b0:	97b2                	add	a5,a5,a2
   165b2:	6390                	ld	a2,0(a5)
   165b4:	70a2                	ld	ra,40(sp)
   165b6:	7402                	ld	s0,32(sp)
   165b8:	00ce3023          	sd	a2,0(t3)
   165bc:	01c7b023          	sd	t3,0(a5)
   165c0:	6e02                	ld	t3,0(sp)
   165c2:	0013079b          	addiw	a5,t1,1
   165c6:	96f2                	add	a3,a3,t3
   165c8:	ce98                	sw	a4,24(a3)
   165ca:	00fe2a23          	sw	a5,20(t3)
   165ce:	8572                	mv	a0,t3
   165d0:	6145                	addi	sp,sp,48
   165d2:	8082                	ret
   165d4:	66e9                	lui	a3,0x1a
   165d6:	6569                	lui	a0,0x1a
   165d8:	1b868693          	addi	a3,a3,440 # 1a1b8 <__clzdi2+0x194>
   165dc:	21850513          	addi	a0,a0,536 # 1a218 <__clzdi2+0x1f4>
   165e0:	4601                	li	a2,0
   165e2:	0ba00593          	li	a1,186
   165e6:	3fc010ef          	jal	179e2 <__assert_func>

00000000000165ea <__s2b>:
   165ea:	7139                	addi	sp,sp,-64
   165ec:	f822                	sd	s0,48(sp)
   165ee:	f04a                	sd	s2,32(sp)
   165f0:	ec4e                	sd	s3,24(sp)
   165f2:	e852                	sd	s4,16(sp)
   165f4:	e456                	sd	s5,8(sp)
   165f6:	fc06                	sd	ra,56(sp)
   165f8:	47a5                	li	a5,9
   165fa:	89b6                	mv	s3,a3
   165fc:	8a32                	mv	s4,a2
   165fe:	892a                	mv	s2,a0
   16600:	8aae                	mv	s5,a1
   16602:	843a                	mv	s0,a4
   16604:	0ad7dd63          	bge	a5,a3,166be <__s2b+0xd4>
   16608:	26a1                	addiw	a3,a3,8
   1660a:	1682                	slli	a3,a3,0x20
   1660c:	38e397b7          	lui	a5,0x38e39
   16610:	e3978793          	addi	a5,a5,-455 # 38e38e39 <__BSS_END__+0x38e1c351>
   16614:	9281                	srli	a3,a3,0x20
   16616:	02f686b3          	mul	a3,a3,a5
   1661a:	4581                	li	a1,0
   1661c:	4785                	li	a5,1
   1661e:	9285                	srli	a3,a3,0x21
   16620:	0017979b          	slliw	a5,a5,0x1
   16624:	2585                	addiw	a1,a1,1
   16626:	fed7cde3          	blt	a5,a3,16620 <__s2b+0x36>
   1662a:	854a                	mv	a0,s2
   1662c:	e51ff0ef          	jal	1647c <_Balloc>
   16630:	f426                	sd	s1,40(sp)
   16632:	85aa                	mv	a1,a0
   16634:	c559                	beqz	a0,166c2 <__s2b+0xd8>
   16636:	4785                	li	a5,1
   16638:	c95c                	sw	a5,20(a0)
   1663a:	cd00                	sw	s0,24(a0)
   1663c:	47a5                	li	a5,9
   1663e:	0747dc63          	bge	a5,s4,166b6 <__s2b+0xcc>
   16642:	ff6a071b          	addiw	a4,s4,-10
   16646:	020a1793          	slli	a5,s4,0x20
   1664a:	009a8413          	addi	s0,s5,9
   1664e:	e05a                	sd	s6,0(sp)
   16650:	9381                	srli	a5,a5,0x20
   16652:	02071b13          	slli	s6,a4,0x20
   16656:	020b5b13          	srli	s6,s6,0x20
   1665a:	9abe                	add	s5,s5,a5
   1665c:	84a2                	mv	s1,s0
   1665e:	0004c683          	lbu	a3,0(s1)
   16662:	4629                	li	a2,10
   16664:	854a                	mv	a0,s2
   16666:	fd06869b          	addiw	a3,a3,-48
   1666a:	0485                	addi	s1,s1,1
   1666c:	e93ff0ef          	jal	164fe <__multadd>
   16670:	85aa                	mv	a1,a0
   16672:	ff5496e3          	bne	s1,s5,1665e <__s2b+0x74>
   16676:	945a                	add	s0,s0,s6
   16678:	6b02                	ld	s6,0(sp)
   1667a:	0409                	addi	s0,s0,2
   1667c:	033a5363          	bge	s4,s3,166a2 <__s2b+0xb8>
   16680:	414984bb          	subw	s1,s3,s4
   16684:	1482                	slli	s1,s1,0x20
   16686:	9081                	srli	s1,s1,0x20
   16688:	94a2                	add	s1,s1,s0
   1668a:	00044683          	lbu	a3,0(s0)
   1668e:	4629                	li	a2,10
   16690:	854a                	mv	a0,s2
   16692:	fd06869b          	addiw	a3,a3,-48
   16696:	0405                	addi	s0,s0,1
   16698:	e67ff0ef          	jal	164fe <__multadd>
   1669c:	85aa                	mv	a1,a0
   1669e:	fe9416e3          	bne	s0,s1,1668a <__s2b+0xa0>
   166a2:	70e2                	ld	ra,56(sp)
   166a4:	7442                	ld	s0,48(sp)
   166a6:	74a2                	ld	s1,40(sp)
   166a8:	7902                	ld	s2,32(sp)
   166aa:	69e2                	ld	s3,24(sp)
   166ac:	6a42                	ld	s4,16(sp)
   166ae:	6aa2                	ld	s5,8(sp)
   166b0:	852e                	mv	a0,a1
   166b2:	6121                	addi	sp,sp,64
   166b4:	8082                	ret
   166b6:	00aa8413          	addi	s0,s5,10
   166ba:	8a3e                	mv	s4,a5
   166bc:	b7c1                	j	1667c <__s2b+0x92>
   166be:	4581                	li	a1,0
   166c0:	b7ad                	j	1662a <__s2b+0x40>
   166c2:	66e9                	lui	a3,0x1a
   166c4:	6569                	lui	a0,0x1a
   166c6:	1b868693          	addi	a3,a3,440 # 1a1b8 <__clzdi2+0x194>
   166ca:	21850513          	addi	a0,a0,536 # 1a218 <__clzdi2+0x1f4>
   166ce:	4601                	li	a2,0
   166d0:	0d300593          	li	a1,211
   166d4:	e05a                	sd	s6,0(sp)
   166d6:	30c010ef          	jal	179e2 <__assert_func>

00000000000166da <__hi0bits>:
   166da:	87aa                	mv	a5,a0
   166dc:	6741                	lui	a4,0x10
   166de:	4501                	li	a0,0
   166e0:	00e7f563          	bgeu	a5,a4,166ea <__hi0bits+0x10>
   166e4:	0107979b          	slliw	a5,a5,0x10
   166e8:	4541                	li	a0,16
   166ea:	01000737          	lui	a4,0x1000
   166ee:	00e7f563          	bgeu	a5,a4,166f8 <__hi0bits+0x1e>
   166f2:	2521                	addiw	a0,a0,8
   166f4:	0087979b          	slliw	a5,a5,0x8
   166f8:	10000737          	lui	a4,0x10000
   166fc:	00e7ec63          	bltu	a5,a4,16714 <__hi0bits+0x3a>
   16700:	40000737          	lui	a4,0x40000
   16704:	02e7f863          	bgeu	a5,a4,16734 <__hi0bits+0x5a>
   16708:	02279713          	slli	a4,a5,0x22
   1670c:	02074963          	bltz	a4,1673e <__hi0bits+0x64>
   16710:	250d                	addiw	a0,a0,3
   16712:	8082                	ret
   16714:	0047971b          	slliw	a4,a5,0x4
   16718:	400006b7          	lui	a3,0x40000
   1671c:	2511                	addiw	a0,a0,4
   1671e:	00d77c63          	bgeu	a4,a3,16736 <__hi0bits+0x5c>
   16722:	0067979b          	slliw	a5,a5,0x6
   16726:	0007cc63          	bltz	a5,1673e <__hi0bits+0x64>
   1672a:	8ff5                	and	a5,a5,a3
   1672c:	f3f5                	bnez	a5,16710 <__hi0bits+0x36>
   1672e:	02000513          	li	a0,32
   16732:	8082                	ret
   16734:	873e                	mv	a4,a5
   16736:	fe074ee3          	bltz	a4,16732 <__hi0bits+0x58>
   1673a:	2505                	addiw	a0,a0,1
   1673c:	8082                	ret
   1673e:	2509                	addiw	a0,a0,2
   16740:	8082                	ret

0000000000016742 <__lo0bits>:
   16742:	411c                	lw	a5,0(a0)
   16744:	0077f713          	andi	a4,a5,7
   16748:	86be                	mv	a3,a5
   1674a:	cf11                	beqz	a4,16766 <__lo0bits+0x24>
   1674c:	0017f693          	andi	a3,a5,1
   16750:	4701                	li	a4,0
   16752:	ea81                	bnez	a3,16762 <__lo0bits+0x20>
   16754:	0027f713          	andi	a4,a5,2
   16758:	cf3d                	beqz	a4,167d6 <__lo0bits+0x94>
   1675a:	0017d79b          	srliw	a5,a5,0x1
   1675e:	c11c                	sw	a5,0(a0)
   16760:	4705                	li	a4,1
   16762:	853a                	mv	a0,a4
   16764:	8082                	ret
   16766:	03079713          	slli	a4,a5,0x30
   1676a:	9341                	srli	a4,a4,0x30
   1676c:	eb0d                	bnez	a4,1679e <__lo0bits+0x5c>
   1676e:	0107d79b          	srliw	a5,a5,0x10
   16772:	0ff7f693          	zext.b	a3,a5
   16776:	4741                	li	a4,16
   16778:	e681                	bnez	a3,16780 <__lo0bits+0x3e>
   1677a:	4761                	li	a4,24
   1677c:	0087d79b          	srliw	a5,a5,0x8
   16780:	00f7f693          	andi	a3,a5,15
   16784:	c2a9                	beqz	a3,167c6 <__lo0bits+0x84>
   16786:	0037f693          	andi	a3,a5,3
   1678a:	c68d                	beqz	a3,167b4 <__lo0bits+0x72>
   1678c:	0017f693          	andi	a3,a5,1
   16790:	e681                	bnez	a3,16798 <__lo0bits+0x56>
   16792:	2705                	addiw	a4,a4,1 # 40000001 <__BSS_END__+0x3ffe3519>
   16794:	0017d79b          	srliw	a5,a5,0x1
   16798:	c11c                	sw	a5,0(a0)
   1679a:	853a                	mv	a0,a4
   1679c:	8082                	ret
   1679e:	0ff7f713          	zext.b	a4,a5
   167a2:	c715                	beqz	a4,167ce <__lo0bits+0x8c>
   167a4:	8abd                	andi	a3,a3,15
   167a6:	e6a1                	bnez	a3,167ee <__lo0bits+0xac>
   167a8:	4711                	li	a4,4
   167aa:	0047d79b          	srliw	a5,a5,0x4
   167ae:	0037f693          	andi	a3,a5,3
   167b2:	fee9                	bnez	a3,1678c <__lo0bits+0x4a>
   167b4:	0027d69b          	srliw	a3,a5,0x2
   167b8:	0016f613          	andi	a2,a3,1
   167bc:	c21d                	beqz	a2,167e2 <__lo0bits+0xa0>
   167be:	87b6                	mv	a5,a3
   167c0:	2709                	addiw	a4,a4,2
   167c2:	c11c                	sw	a5,0(a0)
   167c4:	bfd9                	j	1679a <__lo0bits+0x58>
   167c6:	2711                	addiw	a4,a4,4
   167c8:	0047d79b          	srliw	a5,a5,0x4
   167cc:	b7cd                	j	167ae <__lo0bits+0x6c>
   167ce:	4721                	li	a4,8
   167d0:	0087d79b          	srliw	a5,a5,0x8
   167d4:	b775                	j	16780 <__lo0bits+0x3e>
   167d6:	0027d79b          	srliw	a5,a5,0x2
   167da:	4709                	li	a4,2
   167dc:	c11c                	sw	a5,0(a0)
   167de:	853a                	mv	a0,a4
   167e0:	8082                	ret
   167e2:	0037d79b          	srliw	a5,a5,0x3
   167e6:	eb89                	bnez	a5,167f8 <__lo0bits+0xb6>
   167e8:	02000713          	li	a4,32
   167ec:	bf9d                	j	16762 <__lo0bits+0x20>
   167ee:	0037d79b          	srliw	a5,a5,0x3
   167f2:	470d                	li	a4,3
   167f4:	c11c                	sw	a5,0(a0)
   167f6:	b755                	j	1679a <__lo0bits+0x58>
   167f8:	270d                	addiw	a4,a4,3
   167fa:	c11c                	sw	a5,0(a0)
   167fc:	bf79                	j	1679a <__lo0bits+0x58>

00000000000167fe <__i2b>:
   167fe:	753c                	ld	a5,104(a0)
   16800:	1101                	addi	sp,sp,-32
   16802:	ec06                	sd	ra,24(sp)
   16804:	872a                	mv	a4,a0
   16806:	86ae                	mv	a3,a1
   16808:	c38d                	beqz	a5,1682a <__i2b+0x2c>
   1680a:	6788                	ld	a0,8(a5)
   1680c:	c531                	beqz	a0,16858 <__i2b+0x5a>
   1680e:	6118                	ld	a4,0(a0)
   16810:	cd717057          	vsetivli	zero,2,e32,mf2,ta,ma
   16814:	5208a0d7          	vid.v	v1
   16818:	e798                	sd	a4,8(a5)
   1681a:	cd14                	sw	a3,24(a0)
   1681c:	01050793          	addi	a5,a0,16
   16820:	0207e0a7          	vse32.v	v1,(a5)
   16824:	60e2                	ld	ra,24(sp)
   16826:	6105                	addi	sp,sp,32
   16828:	8082                	ret
   1682a:	e42e                	sd	a1,8(sp)
   1682c:	04100613          	li	a2,65
   16830:	45a1                	li	a1,8
   16832:	e02a                	sd	a0,0(sp)
   16834:	862fa0ef          	jal	10896 <_calloc_r>
   16838:	6702                	ld	a4,0(sp)
   1683a:	66a2                	ld	a3,8(sp)
   1683c:	87aa                	mv	a5,a0
   1683e:	f728                	sd	a0,104(a4)
   16840:	f569                	bnez	a0,1680a <__i2b+0xc>
   16842:	66e9                	lui	a3,0x1a
   16844:	6569                	lui	a0,0x1a
   16846:	1b868693          	addi	a3,a3,440 # 1a1b8 <__clzdi2+0x194>
   1684a:	21850513          	addi	a0,a0,536 # 1a218 <__clzdi2+0x1f4>
   1684e:	4601                	li	a2,0
   16850:	14500593          	li	a1,325
   16854:	18e010ef          	jal	179e2 <__assert_func>
   16858:	853a                	mv	a0,a4
   1685a:	02400613          	li	a2,36
   1685e:	4585                	li	a1,1
   16860:	e036                	sd	a3,0(sp)
   16862:	834fa0ef          	jal	10896 <_calloc_r>
   16866:	dd71                	beqz	a0,16842 <__i2b+0x44>
   16868:	cd717057          	vsetivli	zero,2,e32,mf2,ta,ma
   1686c:	5208a0d7          	vid.v	v1
   16870:	00850793          	addi	a5,a0,8
   16874:	0210b157          	vadd.vi	v2,v1,1
   16878:	6682                	ld	a3,0(sp)
   1687a:	60e2                	ld	ra,24(sp)
   1687c:	0207e127          	vse32.v	v2,(a5)
   16880:	01050793          	addi	a5,a0,16
   16884:	cd14                	sw	a3,24(a0)
   16886:	0207e0a7          	vse32.v	v1,(a5)
   1688a:	6105                	addi	sp,sp,32
   1688c:	8082                	ret

000000000001688e <__multiply>:
   1688e:	7139                	addi	sp,sp,-64
   16890:	ec4e                	sd	s3,24(sp)
   16892:	e852                	sd	s4,16(sp)
   16894:	0145a983          	lw	s3,20(a1)
   16898:	01462a03          	lw	s4,20(a2)
   1689c:	f04a                	sd	s2,32(sp)
   1689e:	e456                	sd	s5,8(sp)
   168a0:	fc06                	sd	ra,56(sp)
   168a2:	f822                	sd	s0,48(sp)
   168a4:	f426                	sd	s1,40(sp)
   168a6:	8aae                	mv	s5,a1
   168a8:	8932                	mv	s2,a2
   168aa:	0149c763          	blt	s3,s4,168b8 <__multiply+0x2a>
   168ae:	8752                	mv	a4,s4
   168b0:	892e                	mv	s2,a1
   168b2:	8a4e                	mv	s4,s3
   168b4:	8ab2                	mv	s5,a2
   168b6:	89ba                	mv	s3,a4
   168b8:	00c92783          	lw	a5,12(s2)
   168bc:	013a04bb          	addw	s1,s4,s3
   168c0:	00892583          	lw	a1,8(s2)
   168c4:	8426                	mv	s0,s1
   168c6:	0097d363          	bge	a5,s1,168cc <__multiply+0x3e>
   168ca:	2585                	addiw	a1,a1,1
   168cc:	bb1ff0ef          	jal	1647c <_Balloc>
   168d0:	18050663          	beqz	a0,16a5c <__multiply+0x1ce>
   168d4:	01850893          	addi	a7,a0,24
   168d8:	00249813          	slli	a6,s1,0x2
   168dc:	9846                	add	a6,a6,a7
   168de:	0308f463          	bgeu	a7,a6,16906 <__multiply+0x78>
   168e2:	40a80733          	sub	a4,a6,a0
   168e6:	0d0077d7          	vsetvli	a5,zero,e32,m1,ta,ma
   168ea:	171d                	addi	a4,a4,-25
   168ec:	5e0030d7          	vmv.v.i	v1,0
   168f0:	8309                	srli	a4,a4,0x2
   168f2:	0705                	addi	a4,a4,1
   168f4:	8e46                	mv	t3,a7
   168f6:	0c6777d7          	vsetvli	a5,a4,e8,mf4,ta,ma
   168fa:	020e60a7          	vse32.v	v1,(t3)
   168fe:	8f1d                	sub	a4,a4,a5
   16900:	078a                	slli	a5,a5,0x2
   16902:	9e3e                	add	t3,t3,a5
   16904:	fb6d                	bnez	a4,168f6 <__multiply+0x68>
   16906:	018a8593          	addi	a1,s5,24
   1690a:	00299313          	slli	t1,s3,0x2
   1690e:	932e                	add	t1,t1,a1
   16910:	1265f363          	bgeu	a1,t1,16a36 <__multiply+0x1a8>
   16914:	002a1693          	slli	a3,s4,0x2
   16918:	01890e93          	addi	t4,s2,24
   1691c:	96f6                	add	a3,a3,t4
   1691e:	01990e13          	addi	t3,s2,25
   16922:	01c6be33          	sltu	t3,a3,t3
   16926:	41268633          	sub	a2,a3,s2
   1692a:	001e4e13          	xori	t3,t3,1
   1692e:	161d                	addi	a2,a2,-25
   16930:	a809                	j	16942 <__multiply+0xb4>
   16932:	0102d29b          	srliw	t0,t0,0x10
   16936:	08029863          	bnez	t0,169c6 <__multiply+0x138>
   1693a:	0591                	addi	a1,a1,4
   1693c:	0891                	addi	a7,a7,4
   1693e:	0e65fc63          	bgeu	a1,t1,16a36 <__multiply+0x1a8>
   16942:	0005a283          	lw	t0,0(a1)
   16946:	03029913          	slli	s2,t0,0x30
   1694a:	03095913          	srli	s2,s2,0x30
   1694e:	fe0902e3          	beqz	s2,16932 <__multiply+0xa4>
   16952:	83c6                	mv	t2,a7
   16954:	82f6                	mv	t0,t4
   16956:	4701                	li	a4,0
   16958:	0002af83          	lw	t6,0(t0)
   1695c:	0003af03          	lw	t5,0(t2)
   16960:	0391                	addi	t2,t2,4
   16962:	030f9793          	slli	a5,t6,0x30
   16966:	93c1                	srli	a5,a5,0x30
   16968:	032787bb          	mulw	a5,a5,s2
   1696c:	010fdf9b          	srliw	t6,t6,0x10
   16970:	030f1993          	slli	s3,t5,0x30
   16974:	0309d993          	srli	s3,s3,0x30
   16978:	010f5f1b          	srliw	t5,t5,0x10
   1697c:	0291                	addi	t0,t0,4
   1697e:	032f8fbb          	mulw	t6,t6,s2
   16982:	013787bb          	addw	a5,a5,s3
   16986:	9fb9                	addw	a5,a5,a4
   16988:	0107d71b          	srliw	a4,a5,0x10
   1698c:	17c2                	slli	a5,a5,0x30
   1698e:	93c1                	srli	a5,a5,0x30
   16990:	01ff0f3b          	addw	t5,t5,t6
   16994:	01e7073b          	addw	a4,a4,t5
   16998:	01071f1b          	slliw	t5,a4,0x10
   1699c:	00ff67b3          	or	a5,t5,a5
   169a0:	fef3ae23          	sw	a5,-4(t2)
   169a4:	0107571b          	srliw	a4,a4,0x10
   169a8:	fad2e8e3          	bltu	t0,a3,16958 <__multiply+0xca>
   169ac:	4781                	li	a5,0
   169ae:	000e0463          	beqz	t3,169b6 <__multiply+0x128>
   169b2:	ffc67793          	andi	a5,a2,-4
   169b6:	97c6                	add	a5,a5,a7
   169b8:	c3d8                	sw	a4,4(a5)
   169ba:	0005a283          	lw	t0,0(a1)
   169be:	0102d29b          	srliw	t0,t0,0x10
   169c2:	f6028ce3          	beqz	t0,1693a <__multiply+0xac>
   169c6:	0008a783          	lw	a5,0(a7)
   169ca:	83c6                	mv	t2,a7
   169cc:	8ff6                	mv	t6,t4
   169ce:	893e                	mv	s2,a5
   169d0:	4981                	li	s3,0
   169d2:	000fdf03          	lhu	t5,0(t6)
   169d6:	0109571b          	srliw	a4,s2,0x10
   169da:	17c2                	slli	a5,a5,0x30
   169dc:	025f0f3b          	mulw	t5,t5,t0
   169e0:	93c1                	srli	a5,a5,0x30
   169e2:	0f91                	addi	t6,t6,4
   169e4:	0043a903          	lw	s2,4(t2)
   169e8:	0391                	addi	t2,t2,4
   169ea:	03091a13          	slli	s4,s2,0x30
   169ee:	030a5a13          	srli	s4,s4,0x30
   169f2:	013f0f3b          	addw	t5,t5,s3
   169f6:	01e7073b          	addw	a4,a4,t5
   169fa:	01071f1b          	slliw	t5,a4,0x10
   169fe:	00ff67b3          	or	a5,t5,a5
   16a02:	fef3ae23          	sw	a5,-4(t2)
   16a06:	ffefd783          	lhu	a5,-2(t6)
   16a0a:	0107571b          	srliw	a4,a4,0x10
   16a0e:	025787bb          	mulw	a5,a5,t0
   16a12:	014787bb          	addw	a5,a5,s4
   16a16:	9fb9                	addw	a5,a5,a4
   16a18:	0107d99b          	srliw	s3,a5,0x10
   16a1c:	fadfebe3          	bltu	t6,a3,169d2 <__multiply+0x144>
   16a20:	4701                	li	a4,0
   16a22:	000e0463          	beqz	t3,16a2a <__multiply+0x19c>
   16a26:	ffc67713          	andi	a4,a2,-4
   16a2a:	9746                	add	a4,a4,a7
   16a2c:	c35c                	sw	a5,4(a4)
   16a2e:	0591                	addi	a1,a1,4
   16a30:	0891                	addi	a7,a7,4
   16a32:	f065e8e3          	bltu	a1,t1,16942 <__multiply+0xb4>
   16a36:	00904563          	bgtz	s1,16a40 <__multiply+0x1b2>
   16a3a:	a039                	j	16a48 <__multiply+0x1ba>
   16a3c:	347d                	addiw	s0,s0,-1
   16a3e:	c409                	beqz	s0,16a48 <__multiply+0x1ba>
   16a40:	ffc82783          	lw	a5,-4(a6)
   16a44:	1871                	addi	a6,a6,-4
   16a46:	dbfd                	beqz	a5,16a3c <__multiply+0x1ae>
   16a48:	70e2                	ld	ra,56(sp)
   16a4a:	c940                	sw	s0,20(a0)
   16a4c:	7442                	ld	s0,48(sp)
   16a4e:	74a2                	ld	s1,40(sp)
   16a50:	7902                	ld	s2,32(sp)
   16a52:	69e2                	ld	s3,24(sp)
   16a54:	6a42                	ld	s4,16(sp)
   16a56:	6aa2                	ld	s5,8(sp)
   16a58:	6121                	addi	sp,sp,64
   16a5a:	8082                	ret
   16a5c:	66e9                	lui	a3,0x1a
   16a5e:	6569                	lui	a0,0x1a
   16a60:	1b868693          	addi	a3,a3,440 # 1a1b8 <__clzdi2+0x194>
   16a64:	21850513          	addi	a0,a0,536 # 1a218 <__clzdi2+0x1f4>
   16a68:	4601                	li	a2,0
   16a6a:	16200593          	li	a1,354
   16a6e:	775000ef          	jal	179e2 <__assert_func>

0000000000016a72 <__pow5mult>:
   16a72:	7179                	addi	sp,sp,-48
   16a74:	f022                	sd	s0,32(sp)
   16a76:	e84a                	sd	s2,16(sp)
   16a78:	e44e                	sd	s3,8(sp)
   16a7a:	f406                	sd	ra,40(sp)
   16a7c:	00367793          	andi	a5,a2,3
   16a80:	8432                	mv	s0,a2
   16a82:	89aa                	mv	s3,a0
   16a84:	892e                	mv	s2,a1
   16a86:	e3d9                	bnez	a5,16b0c <__pow5mult+0x9a>
   16a88:	4024541b          	sraiw	s0,s0,0x2
   16a8c:	c82d                	beqz	s0,16afe <__pow5mult+0x8c>
   16a8e:	ec26                	sd	s1,24(sp)
   16a90:	0609b483          	ld	s1,96(s3)
   16a94:	c8c1                	beqz	s1,16b24 <__pow5mult+0xb2>
   16a96:	00147793          	andi	a5,s0,1
   16a9a:	4014541b          	sraiw	s0,s0,0x1
   16a9e:	eb89                	bnez	a5,16ab0 <__pow5mult+0x3e>
   16aa0:	6088                	ld	a0,0(s1)
   16aa2:	cd0d                	beqz	a0,16adc <__pow5mult+0x6a>
   16aa4:	84aa                	mv	s1,a0
   16aa6:	00147793          	andi	a5,s0,1
   16aaa:	4014541b          	sraiw	s0,s0,0x1
   16aae:	dbed                	beqz	a5,16aa0 <__pow5mult+0x2e>
   16ab0:	8626                	mv	a2,s1
   16ab2:	85ca                	mv	a1,s2
   16ab4:	854e                	mv	a0,s3
   16ab6:	dd9ff0ef          	jal	1688e <__multiply>
   16aba:	00090d63          	beqz	s2,16ad4 <__pow5mult+0x62>
   16abe:	00892703          	lw	a4,8(s2)
   16ac2:	0689b783          	ld	a5,104(s3)
   16ac6:	070e                	slli	a4,a4,0x3
   16ac8:	97ba                	add	a5,a5,a4
   16aca:	6398                	ld	a4,0(a5)
   16acc:	00e93023          	sd	a4,0(s2)
   16ad0:	0127b023          	sd	s2,0(a5)
   16ad4:	cc11                	beqz	s0,16af0 <__pow5mult+0x7e>
   16ad6:	892a                	mv	s2,a0
   16ad8:	6088                	ld	a0,0(s1)
   16ada:	f569                	bnez	a0,16aa4 <__pow5mult+0x32>
   16adc:	8626                	mv	a2,s1
   16ade:	85a6                	mv	a1,s1
   16ae0:	854e                	mv	a0,s3
   16ae2:	dadff0ef          	jal	1688e <__multiply>
   16ae6:	e088                	sd	a0,0(s1)
   16ae8:	00053023          	sd	zero,0(a0)
   16aec:	84aa                	mv	s1,a0
   16aee:	bf65                	j	16aa6 <__pow5mult+0x34>
   16af0:	70a2                	ld	ra,40(sp)
   16af2:	7402                	ld	s0,32(sp)
   16af4:	64e2                	ld	s1,24(sp)
   16af6:	6942                	ld	s2,16(sp)
   16af8:	69a2                	ld	s3,8(sp)
   16afa:	6145                	addi	sp,sp,48
   16afc:	8082                	ret
   16afe:	70a2                	ld	ra,40(sp)
   16b00:	7402                	ld	s0,32(sp)
   16b02:	69a2                	ld	s3,8(sp)
   16b04:	854a                	mv	a0,s2
   16b06:	6942                	ld	s2,16(sp)
   16b08:	6145                	addi	sp,sp,48
   16b0a:	8082                	ret
   16b0c:	37fd                	addiw	a5,a5,-1
   16b0e:	6769                	lui	a4,0x1a
   16b10:	67870713          	addi	a4,a4,1656 # 1a678 <p05.0>
   16b14:	078a                	slli	a5,a5,0x2
   16b16:	97ba                	add	a5,a5,a4
   16b18:	4390                	lw	a2,0(a5)
   16b1a:	4681                	li	a3,0
   16b1c:	9e3ff0ef          	jal	164fe <__multadd>
   16b20:	892a                	mv	s2,a0
   16b22:	b79d                	j	16a88 <__pow5mult+0x16>
   16b24:	4585                	li	a1,1
   16b26:	854e                	mv	a0,s3
   16b28:	955ff0ef          	jal	1647c <_Balloc>
   16b2c:	84aa                	mv	s1,a0
   16b2e:	c919                	beqz	a0,16b44 <__pow5mult+0xd2>
   16b30:	27100713          	li	a4,625
   16b34:	4785                	li	a5,1
   16b36:	cd18                	sw	a4,24(a0)
   16b38:	c95c                	sw	a5,20(a0)
   16b3a:	06a9b023          	sd	a0,96(s3)
   16b3e:	00053023          	sd	zero,0(a0)
   16b42:	bf91                	j	16a96 <__pow5mult+0x24>
   16b44:	66e9                	lui	a3,0x1a
   16b46:	6569                	lui	a0,0x1a
   16b48:	1b868693          	addi	a3,a3,440 # 1a1b8 <__clzdi2+0x194>
   16b4c:	21850513          	addi	a0,a0,536 # 1a218 <__clzdi2+0x1f4>
   16b50:	4601                	li	a2,0
   16b52:	14500593          	li	a1,325
   16b56:	68d000ef          	jal	179e2 <__assert_func>

0000000000016b5a <__lshift>:
   16b5a:	7139                	addi	sp,sp,-64
   16b5c:	f426                	sd	s1,40(sp)
   16b5e:	49c4                	lw	s1,20(a1)
   16b60:	45dc                	lw	a5,12(a1)
   16b62:	e852                	sd	s4,16(sp)
   16b64:	40565a1b          	sraiw	s4,a2,0x5
   16b68:	014484bb          	addw	s1,s1,s4
   16b6c:	f822                	sd	s0,48(sp)
   16b6e:	f04a                	sd	s2,32(sp)
   16b70:	ec4e                	sd	s3,24(sp)
   16b72:	0014871b          	addiw	a4,s1,1
   16b76:	fc06                	sd	ra,56(sp)
   16b78:	842e                	mv	s0,a1
   16b7a:	892a                	mv	s2,a0
   16b7c:	458c                	lw	a1,8(a1)
   16b7e:	89ba                	mv	s3,a4
   16b80:	00e7d763          	bge	a5,a4,16b8e <__lshift+0x34>
   16b84:	0017979b          	slliw	a5,a5,0x1
   16b88:	2585                	addiw	a1,a1,1
   16b8a:	fee7cde3          	blt	a5,a4,16b84 <__lshift+0x2a>
   16b8e:	854a                	mv	a0,s2
   16b90:	e432                	sd	a2,8(sp)
   16b92:	8ebff0ef          	jal	1647c <_Balloc>
   16b96:	6622                	ld	a2,8(sp)
   16b98:	c179                	beqz	a0,16c5e <__lshift+0x104>
   16b9a:	01850593          	addi	a1,a0,24
   16b9e:	03405563          	blez	s4,16bc8 <__lshift+0x6e>
   16ba2:	0d0077d7          	vsetvli	a5,zero,e32,m1,ta,ma
   16ba6:	5e0030d7          	vmv.v.i	v1,0
   16baa:	86d2                	mv	a3,s4
   16bac:	872e                	mv	a4,a1
   16bae:	0c66f7d7          	vsetvli	a5,a3,e8,mf4,ta,ma
   16bb2:	020760a7          	vse32.v	v1,(a4)
   16bb6:	8e9d                	sub	a3,a3,a5
   16bb8:	078a                	slli	a5,a5,0x2
   16bba:	973e                	add	a4,a4,a5
   16bbc:	faed                	bnez	a3,16bae <__lshift+0x54>
   16bbe:	020a1793          	slli	a5,s4,0x20
   16bc2:	01e7da13          	srli	s4,a5,0x1e
   16bc6:	95d2                	add	a1,a1,s4
   16bc8:	01442803          	lw	a6,20(s0)
   16bcc:	01840793          	addi	a5,s0,24
   16bd0:	8a7d                	andi	a2,a2,31
   16bd2:	080a                	slli	a6,a6,0x2
   16bd4:	983e                	add	a6,a6,a5
   16bd6:	c62d                	beqz	a2,16c40 <__lshift+0xe6>
   16bd8:	02000313          	li	t1,32
   16bdc:	40c3033b          	subw	t1,t1,a2
   16be0:	88ae                	mv	a7,a1
   16be2:	4681                	li	a3,0
   16be4:	4398                	lw	a4,0(a5)
   16be6:	0891                	addi	a7,a7,4
   16be8:	0791                	addi	a5,a5,4
   16bea:	00c7173b          	sllw	a4,a4,a2
   16bee:	8f55                	or	a4,a4,a3
   16bf0:	fee8ae23          	sw	a4,-4(a7)
   16bf4:	ffc7a683          	lw	a3,-4(a5)
   16bf8:	0066d6bb          	srlw	a3,a3,t1
   16bfc:	ff07e4e3          	bltu	a5,a6,16be4 <__lshift+0x8a>
   16c00:	01940793          	addi	a5,s0,25
   16c04:	4701                	li	a4,0
   16c06:	00f86763          	bltu	a6,a5,16c14 <__lshift+0xba>
   16c0a:	40880833          	sub	a6,a6,s0
   16c0e:	181d                	addi	a6,a6,-25
   16c10:	ffc87713          	andi	a4,a6,-4
   16c14:	95ba                	add	a1,a1,a4
   16c16:	c1d4                	sw	a3,4(a1)
   16c18:	e291                	bnez	a3,16c1c <__lshift+0xc2>
   16c1a:	89a6                	mv	s3,s1
   16c1c:	4418                	lw	a4,8(s0)
   16c1e:	06893783          	ld	a5,104(s2)
   16c22:	01352a23          	sw	s3,20(a0)
   16c26:	070e                	slli	a4,a4,0x3
   16c28:	97ba                	add	a5,a5,a4
   16c2a:	6398                	ld	a4,0(a5)
   16c2c:	70e2                	ld	ra,56(sp)
   16c2e:	74a2                	ld	s1,40(sp)
   16c30:	e018                	sd	a4,0(s0)
   16c32:	e380                	sd	s0,0(a5)
   16c34:	7442                	ld	s0,48(sp)
   16c36:	7902                	ld	s2,32(sp)
   16c38:	69e2                	ld	s3,24(sp)
   16c3a:	6a42                	ld	s4,16(sp)
   16c3c:	6121                	addi	sp,sp,64
   16c3e:	8082                	ret
   16c40:	4398                	lw	a4,0(a5)
   16c42:	0791                	addi	a5,a5,4
   16c44:	0591                	addi	a1,a1,4
   16c46:	fee5ae23          	sw	a4,-4(a1)
   16c4a:	fd07f8e3          	bgeu	a5,a6,16c1a <__lshift+0xc0>
   16c4e:	4398                	lw	a4,0(a5)
   16c50:	0791                	addi	a5,a5,4
   16c52:	0591                	addi	a1,a1,4
   16c54:	fee5ae23          	sw	a4,-4(a1)
   16c58:	ff07e4e3          	bltu	a5,a6,16c40 <__lshift+0xe6>
   16c5c:	bf7d                	j	16c1a <__lshift+0xc0>
   16c5e:	66e9                	lui	a3,0x1a
   16c60:	6569                	lui	a0,0x1a
   16c62:	1b868693          	addi	a3,a3,440 # 1a1b8 <__clzdi2+0x194>
   16c66:	21850513          	addi	a0,a0,536 # 1a218 <__clzdi2+0x1f4>
   16c6a:	4601                	li	a2,0
   16c6c:	1de00593          	li	a1,478
   16c70:	573000ef          	jal	179e2 <__assert_func>

0000000000016c74 <__mcmp>:
   16c74:	49dc                	lw	a5,20(a1)
   16c76:	862a                	mv	a2,a0
   16c78:	4948                	lw	a0,20(a0)
   16c7a:	9d1d                	subw	a0,a0,a5
   16c7c:	e515                	bnez	a0,16ca8 <__mcmp+0x34>
   16c7e:	078a                	slli	a5,a5,0x2
   16c80:	0661                	addi	a2,a2,24
   16c82:	05e1                	addi	a1,a1,24
   16c84:	95be                	add	a1,a1,a5
   16c86:	97b2                	add	a5,a5,a2
   16c88:	a019                	j	16c8e <__mcmp+0x1a>
   16c8a:	00f67f63          	bgeu	a2,a5,16ca8 <__mcmp+0x34>
   16c8e:	ffc7a683          	lw	a3,-4(a5)
   16c92:	ffc5a703          	lw	a4,-4(a1)
   16c96:	17f1                	addi	a5,a5,-4
   16c98:	15f1                	addi	a1,a1,-4
   16c9a:	fee688e3          	beq	a3,a4,16c8a <__mcmp+0x16>
   16c9e:	4505                	li	a0,1
   16ca0:	00e6f463          	bgeu	a3,a4,16ca8 <__mcmp+0x34>
   16ca4:	557d                	li	a0,-1
   16ca6:	8082                	ret
   16ca8:	8082                	ret

0000000000016caa <__mdiff>:
   16caa:	0145a883          	lw	a7,20(a1)
   16cae:	4a5c                	lw	a5,20(a2)
   16cb0:	7179                	addi	sp,sp,-48
   16cb2:	f406                	sd	ra,40(sp)
   16cb4:	40f888bb          	subw	a7,a7,a5
   16cb8:	8f2e                	mv	t5,a1
   16cba:	12089563          	bnez	a7,16de4 <__mdiff+0x13a>
   16cbe:	00279693          	slli	a3,a5,0x2
   16cc2:	01858813          	addi	a6,a1,24
   16cc6:	01860713          	addi	a4,a2,24
   16cca:	00d807b3          	add	a5,a6,a3
   16cce:	9736                	add	a4,a4,a3
   16cd0:	a019                	j	16cd6 <__mdiff+0x2c>
   16cd2:	12f87863          	bgeu	a6,a5,16e02 <__mdiff+0x158>
   16cd6:	ffc7a583          	lw	a1,-4(a5)
   16cda:	ffc72683          	lw	a3,-4(a4)
   16cde:	17f1                	addi	a5,a5,-4
   16ce0:	1771                	addi	a4,a4,-4
   16ce2:	fed588e3          	beq	a1,a3,16cd2 <__mdiff+0x28>
   16ce6:	12d5f963          	bgeu	a1,a3,16e18 <__mdiff+0x16e>
   16cea:	4885                	li	a7,1
   16cec:	460c                	lw	a1,8(a2)
   16cee:	ec7a                	sd	t5,24(sp)
   16cf0:	e846                	sd	a7,16(sp)
   16cf2:	e432                	sd	a2,8(sp)
   16cf4:	f88ff0ef          	jal	1647c <_Balloc>
   16cf8:	6622                	ld	a2,8(sp)
   16cfa:	68c2                	ld	a7,16(sp)
   16cfc:	6f62                	ld	t5,24(sp)
   16cfe:	12050363          	beqz	a0,16e24 <__mdiff+0x17a>
   16d02:	014f2f83          	lw	t6,20(t5)
   16d06:	01152823          	sw	a7,16(a0)
   16d0a:	01462883          	lw	a7,20(a2)
   16d0e:	01860293          	addi	t0,a2,24
   16d12:	0f8a                	slli	t6,t6,0x2
   16d14:	00289813          	slli	a6,a7,0x2
   16d18:	018f0313          	addi	t1,t5,24
   16d1c:	01850393          	addi	t2,a0,24
   16d20:	9816                	add	a6,a6,t0
   16d22:	9f9a                	add	t6,t6,t1
   16d24:	8e96                	mv	t4,t0
   16d26:	8e1e                	mv	t3,t2
   16d28:	4781                	li	a5,0
   16d2a:	000ea683          	lw	a3,0(t4)
   16d2e:	00032603          	lw	a2,0(t1)
   16d32:	0e11                	addi	t3,t3,4
   16d34:	03069713          	slli	a4,a3,0x30
   16d38:	03061593          	slli	a1,a2,0x30
   16d3c:	9341                	srli	a4,a4,0x30
   16d3e:	91c1                	srli	a1,a1,0x30
   16d40:	9f0d                	subw	a4,a4,a1
   16d42:	9f3d                	addw	a4,a4,a5
   16d44:	0106d69b          	srliw	a3,a3,0x10
   16d48:	0106561b          	srliw	a2,a2,0x10
   16d4c:	9e91                	subw	a3,a3,a2
   16d4e:	4107579b          	sraiw	a5,a4,0x10
   16d52:	9fb5                	addw	a5,a5,a3
   16d54:	1742                	slli	a4,a4,0x30
   16d56:	0107969b          	slliw	a3,a5,0x10
   16d5a:	9341                	srli	a4,a4,0x30
   16d5c:	8ed9                	or	a3,a3,a4
   16d5e:	0311                	addi	t1,t1,4
   16d60:	fede2e23          	sw	a3,-4(t3)
   16d64:	0e91                	addi	t4,t4,4
   16d66:	4107d79b          	sraiw	a5,a5,0x10
   16d6a:	fdf360e3          	bltu	t1,t6,16d2a <__mdiff+0x80>
   16d6e:	019f0613          	addi	a2,t5,25
   16d72:	4701                	li	a4,0
   16d74:	08cff163          	bgeu	t6,a2,16df6 <__mdiff+0x14c>
   16d78:	00e28eb3          	add	t4,t0,a4
   16d7c:	0e91                	addi	t4,t4,4
   16d7e:	971e                	add	a4,a4,t2
   16d80:	40538e33          	sub	t3,t2,t0
   16d84:	8676                	mv	a2,t4
   16d86:	00470f13          	addi	t5,a4,4
   16d8a:	090efb63          	bgeu	t4,a6,16e20 <__mdiff+0x176>
   16d8e:	4218                	lw	a4,0(a2)
   16d90:	01c60333          	add	t1,a2,t3
   16d94:	0611                	addi	a2,a2,4
   16d96:	03071693          	slli	a3,a4,0x30
   16d9a:	92c1                	srli	a3,a3,0x30
   16d9c:	00f705bb          	addw	a1,a4,a5
   16da0:	9fb5                	addw	a5,a5,a3
   16da2:	4107d79b          	sraiw	a5,a5,0x10
   16da6:	0107571b          	srliw	a4,a4,0x10
   16daa:	9f3d                	addw	a4,a4,a5
   16dac:	15c2                	slli	a1,a1,0x30
   16dae:	91c1                	srli	a1,a1,0x30
   16db0:	0107169b          	slliw	a3,a4,0x10
   16db4:	8ecd                	or	a3,a3,a1
   16db6:	00d32023          	sw	a3,0(t1)
   16dba:	4107579b          	sraiw	a5,a4,0x10
   16dbe:	fd0668e3          	bltu	a2,a6,16d8e <__mdiff+0xe4>
   16dc2:	fff80793          	addi	a5,a6,-1
   16dc6:	41d787b3          	sub	a5,a5,t4
   16dca:	9bf1                	andi	a5,a5,-4
   16dcc:	97fa                	add	a5,a5,t5
   16dce:	e691                	bnez	a3,16dda <__mdiff+0x130>
   16dd0:	ffc7a703          	lw	a4,-4(a5)
   16dd4:	17f1                	addi	a5,a5,-4
   16dd6:	38fd                	addiw	a7,a7,-1
   16dd8:	df65                	beqz	a4,16dd0 <__mdiff+0x126>
   16dda:	70a2                	ld	ra,40(sp)
   16ddc:	01152a23          	sw	a7,20(a0)
   16de0:	6145                	addi	sp,sp,48
   16de2:	8082                	ret
   16de4:	8746                	mv	a4,a7
   16de6:	4885                	li	a7,1
   16de8:	f00742e3          	bltz	a4,16cec <__mdiff+0x42>
   16dec:	87b2                	mv	a5,a2
   16dee:	4881                	li	a7,0
   16df0:	862e                	mv	a2,a1
   16df2:	8f3e                	mv	t5,a5
   16df4:	bde5                	j	16cec <__mdiff+0x42>
   16df6:	41ef8fb3          	sub	t6,t6,t5
   16dfa:	1f9d                	addi	t6,t6,-25
   16dfc:	ffcff713          	andi	a4,t6,-4
   16e00:	bfa5                	j	16d78 <__mdiff+0xce>
   16e02:	4581                	li	a1,0
   16e04:	e78ff0ef          	jal	1647c <_Balloc>
   16e08:	c90d                	beqz	a0,16e3a <__mdiff+0x190>
   16e0a:	70a2                	ld	ra,40(sp)
   16e0c:	4785                	li	a5,1
   16e0e:	00052c23          	sw	zero,24(a0)
   16e12:	c95c                	sw	a5,20(a0)
   16e14:	6145                	addi	sp,sp,48
   16e16:	8082                	ret
   16e18:	87b2                	mv	a5,a2
   16e1a:	867a                	mv	a2,t5
   16e1c:	8f3e                	mv	t5,a5
   16e1e:	b5f9                	j	16cec <__mdiff+0x42>
   16e20:	87ba                	mv	a5,a4
   16e22:	b775                	j	16dce <__mdiff+0x124>
   16e24:	66e9                	lui	a3,0x1a
   16e26:	6569                	lui	a0,0x1a
   16e28:	1b868693          	addi	a3,a3,440 # 1a1b8 <__clzdi2+0x194>
   16e2c:	21850513          	addi	a0,a0,536 # 1a218 <__clzdi2+0x1f4>
   16e30:	4601                	li	a2,0
   16e32:	24500593          	li	a1,581
   16e36:	3ad000ef          	jal	179e2 <__assert_func>
   16e3a:	66e9                	lui	a3,0x1a
   16e3c:	6569                	lui	a0,0x1a
   16e3e:	1b868693          	addi	a3,a3,440 # 1a1b8 <__clzdi2+0x194>
   16e42:	21850513          	addi	a0,a0,536 # 1a218 <__clzdi2+0x1f4>
   16e46:	4601                	li	a2,0
   16e48:	23700593          	li	a1,567
   16e4c:	397000ef          	jal	179e2 <__assert_func>

0000000000016e50 <__ulp>:
   16e50:	e20507d3          	fmv.x.d	a5,fa0
   16e54:	7ff006b7          	lui	a3,0x7ff00
   16e58:	fcc00737          	lui	a4,0xfcc00
   16e5c:	9381                	srli	a5,a5,0x20
   16e5e:	8ff5                	and	a5,a5,a3
   16e60:	9fb9                	addw	a5,a5,a4
   16e62:	4701                	li	a4,0
   16e64:	00f05963          	blez	a5,16e76 <__ulp+0x26>
   16e68:	1702                	slli	a4,a4,0x20
   16e6a:	9301                	srli	a4,a4,0x20
   16e6c:	1782                	slli	a5,a5,0x20
   16e6e:	8fd9                	or	a5,a5,a4
   16e70:	f2078553          	fmv.d.x	fa0,a5
   16e74:	8082                	ret
   16e76:	40f007bb          	negw	a5,a5
   16e7a:	4147d79b          	sraiw	a5,a5,0x14
   16e7e:	474d                	li	a4,19
   16e80:	00f74e63          	blt	a4,a5,16e9c <__ulp+0x4c>
   16e84:	00080737          	lui	a4,0x80
   16e88:	40f757bb          	sraw	a5,a4,a5
   16e8c:	4701                	li	a4,0
   16e8e:	1702                	slli	a4,a4,0x20
   16e90:	9301                	srli	a4,a4,0x20
   16e92:	1782                	slli	a5,a5,0x20
   16e94:	8fd9                	or	a5,a5,a4
   16e96:	f2078553          	fmv.d.x	fa0,a5
   16e9a:	8082                	ret
   16e9c:	37b1                	addiw	a5,a5,-20
   16e9e:	46f9                	li	a3,30
   16ea0:	4705                	li	a4,1
   16ea2:	00f6c663          	blt	a3,a5,16eae <__ulp+0x5e>
   16ea6:	80000737          	lui	a4,0x80000
   16eaa:	00f7573b          	srlw	a4,a4,a5
   16eae:	4781                	li	a5,0
   16eb0:	1702                	slli	a4,a4,0x20
   16eb2:	9301                	srli	a4,a4,0x20
   16eb4:	1782                	slli	a5,a5,0x20
   16eb6:	8fd9                	or	a5,a5,a4
   16eb8:	f2078553          	fmv.d.x	fa0,a5
   16ebc:	8082                	ret

0000000000016ebe <__b2d>:
   16ebe:	7139                	addi	sp,sp,-64
   16ec0:	f822                	sd	s0,48(sp)
   16ec2:	4940                	lw	s0,20(a0)
   16ec4:	f04a                	sd	s2,32(sp)
   16ec6:	01850913          	addi	s2,a0,24
   16eca:	040a                	slli	s0,s0,0x2
   16ecc:	944a                	add	s0,s0,s2
   16ece:	f426                	sd	s1,40(sp)
   16ed0:	ffc42483          	lw	s1,-4(s0)
   16ed4:	ec4e                	sd	s3,24(sp)
   16ed6:	e42e                	sd	a1,8(sp)
   16ed8:	8526                	mv	a0,s1
   16eda:	fc06                	sd	ra,56(sp)
   16edc:	ffeff0ef          	jal	166da <__hi0bits>
   16ee0:	65a2                	ld	a1,8(sp)
   16ee2:	02000793          	li	a5,32
   16ee6:	40a7873b          	subw	a4,a5,a0
   16eea:	c198                	sw	a4,0(a1)
   16eec:	4729                	li	a4,10
   16eee:	ffc40993          	addi	s3,s0,-4
   16ef2:	06a75863          	bge	a4,a0,16f62 <__b2d+0xa4>
   16ef6:	ff55061b          	addiw	a2,a0,-11
   16efa:	03397d63          	bgeu	s2,s3,16f34 <__b2d+0x76>
   16efe:	ff842703          	lw	a4,-8(s0)
   16f02:	ce0d                	beqz	a2,16f3c <__b2d+0x7e>
   16f04:	40c786bb          	subw	a3,a5,a2
   16f08:	00d757bb          	srlw	a5,a4,a3
   16f0c:	00c494bb          	sllw	s1,s1,a2
   16f10:	8cdd                	or	s1,s1,a5
   16f12:	3ff007b7          	lui	a5,0x3ff00
   16f16:	8cdd                	or	s1,s1,a5
   16f18:	00c7173b          	sllw	a4,a4,a2
   16f1c:	ff840613          	addi	a2,s0,-8
   16f20:	02049793          	slli	a5,s1,0x20
   16f24:	02c97163          	bgeu	s2,a2,16f46 <__b2d+0x88>
   16f28:	ff442603          	lw	a2,-12(s0)
   16f2c:	00d656bb          	srlw	a3,a2,a3
   16f30:	8f55                	or	a4,a4,a3
   16f32:	a811                	j	16f46 <__b2d+0x88>
   16f34:	47ad                	li	a5,11
   16f36:	4701                	li	a4,0
   16f38:	04f51963          	bne	a0,a5,16f8a <__b2d+0xcc>
   16f3c:	3ff007b7          	lui	a5,0x3ff00
   16f40:	8cdd                	or	s1,s1,a5
   16f42:	02049793          	slli	a5,s1,0x20
   16f46:	70e2                	ld	ra,56(sp)
   16f48:	7442                	ld	s0,48(sp)
   16f4a:	1702                	slli	a4,a4,0x20
   16f4c:	9381                	srli	a5,a5,0x20
   16f4e:	9301                	srli	a4,a4,0x20
   16f50:	1782                	slli	a5,a5,0x20
   16f52:	8fd9                	or	a5,a5,a4
   16f54:	74a2                	ld	s1,40(sp)
   16f56:	7902                	ld	s2,32(sp)
   16f58:	69e2                	ld	s3,24(sp)
   16f5a:	f2078553          	fmv.d.x	fa0,a5
   16f5e:	6121                	addi	sp,sp,64
   16f60:	8082                	ret
   16f62:	46ad                	li	a3,11
   16f64:	9e89                	subw	a3,a3,a0
   16f66:	3ff00737          	lui	a4,0x3ff00
   16f6a:	00d4d7bb          	srlw	a5,s1,a3
   16f6e:	8fd9                	or	a5,a5,a4
   16f70:	1782                	slli	a5,a5,0x20
   16f72:	4701                	li	a4,0
   16f74:	01397663          	bgeu	s2,s3,16f80 <__b2d+0xc2>
   16f78:	ff842703          	lw	a4,-8(s0)
   16f7c:	00d7573b          	srlw	a4,a4,a3
   16f80:	2555                	addiw	a0,a0,21
   16f82:	00a494bb          	sllw	s1,s1,a0
   16f86:	8f45                	or	a4,a4,s1
   16f88:	bf7d                	j	16f46 <__b2d+0x88>
   16f8a:	3ff007b7          	lui	a5,0x3ff00
   16f8e:	00c494bb          	sllw	s1,s1,a2
   16f92:	8cdd                	or	s1,s1,a5
   16f94:	02049793          	slli	a5,s1,0x20
   16f98:	4701                	li	a4,0
   16f9a:	b775                	j	16f46 <__b2d+0x88>

0000000000016f9c <__d2b>:
   16f9c:	715d                	addi	sp,sp,-80
   16f9e:	f44e                	sd	s3,40(sp)
   16fa0:	89ae                	mv	s3,a1
   16fa2:	4585                	li	a1,1
   16fa4:	f84a                	sd	s2,48(sp)
   16fa6:	e486                	sd	ra,72(sp)
   16fa8:	e0a2                	sd	s0,64(sp)
   16faa:	fc26                	sd	s1,56(sp)
   16fac:	8932                	mv	s2,a2
   16fae:	a42a                	fsd	fa0,8(sp)
   16fb0:	cccff0ef          	jal	1647c <_Balloc>
   16fb4:	6722                	ld	a4,8(sp)
   16fb6:	c55d                	beqz	a0,17064 <__d2b+0xc8>
   16fb8:	02075793          	srli	a5,a4,0x20
   16fbc:	001006b7          	lui	a3,0x100
   16fc0:	0147d41b          	srliw	s0,a5,0x14
   16fc4:	fff68613          	addi	a2,a3,-1 # fffff <__BSS_END__+0xe3517>
   16fc8:	8ff1                	and	a5,a5,a2
   16fca:	7ff47413          	andi	s0,s0,2047
   16fce:	84aa                	mv	s1,a0
   16fd0:	2781                	sext.w	a5,a5
   16fd2:	c011                	beqz	s0,16fd6 <__d2b+0x3a>
   16fd4:	8fd5                	or	a5,a5,a3
   16fd6:	2701                	sext.w	a4,a4
   16fd8:	ce3e                	sw	a5,28(sp)
   16fda:	ef15                	bnez	a4,17016 <__d2b+0x7a>
   16fdc:	0868                	addi	a0,sp,28
   16fde:	f64ff0ef          	jal	16742 <__lo0bits>
   16fe2:	4772                	lw	a4,28(sp)
   16fe4:	4785                	li	a5,1
   16fe6:	c8dc                	sw	a5,20(s1)
   16fe8:	cc98                	sw	a4,24(s1)
   16fea:	0205051b          	addiw	a0,a0,32
   16fee:	c831                	beqz	s0,17042 <__d2b+0xa6>
   16ff0:	bcd4041b          	addiw	s0,s0,-1075
   16ff4:	9c29                	addw	s0,s0,a0
   16ff6:	03500793          	li	a5,53
   16ffa:	0089a023          	sw	s0,0(s3)
   16ffe:	40a7853b          	subw	a0,a5,a0
   17002:	60a6                	ld	ra,72(sp)
   17004:	6406                	ld	s0,64(sp)
   17006:	00a92023          	sw	a0,0(s2)
   1700a:	79a2                	ld	s3,40(sp)
   1700c:	7942                	ld	s2,48(sp)
   1700e:	8526                	mv	a0,s1
   17010:	74e2                	ld	s1,56(sp)
   17012:	6161                	addi	sp,sp,80
   17014:	8082                	ret
   17016:	0828                	addi	a0,sp,24
   17018:	cc3a                	sw	a4,24(sp)
   1701a:	f28ff0ef          	jal	16742 <__lo0bits>
   1701e:	4772                	lw	a4,28(sp)
   17020:	46e2                	lw	a3,24(sp)
   17022:	c909                	beqz	a0,17034 <__d2b+0x98>
   17024:	02000793          	li	a5,32
   17028:	9f89                	subw	a5,a5,a0
   1702a:	00f717bb          	sllw	a5,a4,a5
   1702e:	8edd                	or	a3,a3,a5
   17030:	00a7573b          	srlw	a4,a4,a0
   17034:	00e037b3          	snez	a5,a4
   17038:	0785                	addi	a5,a5,1 # 3ff00001 <__BSS_END__+0x3fee3519>
   1703a:	cc94                	sw	a3,24(s1)
   1703c:	ccd8                	sw	a4,28(s1)
   1703e:	c8dc                	sw	a5,20(s1)
   17040:	f845                	bnez	s0,16ff0 <__d2b+0x54>
   17042:	00279713          	slli	a4,a5,0x2
   17046:	bce5051b          	addiw	a0,a0,-1074
   1704a:	00a9a023          	sw	a0,0(s3)
   1704e:	9726                	add	a4,a4,s1
   17050:	4b48                	lw	a0,20(a4)
   17052:	e43e                	sd	a5,8(sp)
   17054:	e86ff0ef          	jal	166da <__hi0bits>
   17058:	67a2                	ld	a5,8(sp)
   1705a:	0057979b          	slliw	a5,a5,0x5
   1705e:	40a7853b          	subw	a0,a5,a0
   17062:	b745                	j	17002 <__d2b+0x66>
   17064:	66e9                	lui	a3,0x1a
   17066:	6569                	lui	a0,0x1a
   17068:	1b868693          	addi	a3,a3,440 # 1a1b8 <__clzdi2+0x194>
   1706c:	21850513          	addi	a0,a0,536 # 1a218 <__clzdi2+0x1f4>
   17070:	4601                	li	a2,0
   17072:	30f00593          	li	a1,783
   17076:	16d000ef          	jal	179e2 <__assert_func>

000000000001707a <__ratio>:
   1707a:	7139                	addi	sp,sp,-64
   1707c:	f822                	sd	s0,48(sp)
   1707e:	842e                	mv	s0,a1
   17080:	082c                	addi	a1,sp,24
   17082:	fc06                	sd	ra,56(sp)
   17084:	f426                	sd	s1,40(sp)
   17086:	f04a                	sd	s2,32(sp)
   17088:	84aa                	mv	s1,a0
   1708a:	e35ff0ef          	jal	16ebe <__b2d>
   1708e:	e2050753          	fmv.x.d	a4,fa0
   17092:	086c                	addi	a1,sp,28
   17094:	8522                	mv	a0,s0
   17096:	893a                	mv	s2,a4
   17098:	a42a                	fsd	fa0,8(sp)
   1709a:	e25ff0ef          	jal	16ebe <__b2d>
   1709e:	4854                	lw	a3,20(s0)
   170a0:	48d0                	lw	a2,20(s1)
   170a2:	47e2                	lw	a5,24(sp)
   170a4:	45f2                	lw	a1,28(sp)
   170a6:	9e15                	subw	a2,a2,a3
   170a8:	0056161b          	slliw	a2,a2,0x5
   170ac:	9f8d                	subw	a5,a5,a1
   170ae:	9fb1                	addw	a5,a5,a2
   170b0:	e20506d3          	fmv.x.d	a3,fa0
   170b4:	6722                	ld	a4,8(sp)
   170b6:	02f05863          	blez	a5,170e6 <__ratio+0x6c>
   170ba:	9301                	srli	a4,a4,0x20
   170bc:	0147979b          	slliw	a5,a5,0x14
   170c0:	9fb9                	addw	a5,a5,a4
   170c2:	02091613          	slli	a2,s2,0x20
   170c6:	9201                	srli	a2,a2,0x20
   170c8:	1782                	slli	a5,a5,0x20
   170ca:	00f66733          	or	a4,a2,a5
   170ce:	70e2                	ld	ra,56(sp)
   170d0:	7442                	ld	s0,48(sp)
   170d2:	f20707d3          	fmv.d.x	fa5,a4
   170d6:	f2068753          	fmv.d.x	fa4,a3
   170da:	74a2                	ld	s1,40(sp)
   170dc:	7902                	ld	s2,32(sp)
   170de:	1ae7f553          	fdiv.d	fa0,fa5,fa4
   170e2:	6121                	addi	sp,sp,64
   170e4:	8082                	ret
   170e6:	40f007bb          	negw	a5,a5
   170ea:	02069613          	slli	a2,a3,0x20
   170ee:	0147979b          	slliw	a5,a5,0x14
   170f2:	9281                	srli	a3,a3,0x20
   170f4:	9fb5                	addw	a5,a5,a3
   170f6:	9201                	srli	a2,a2,0x20
   170f8:	1782                	slli	a5,a5,0x20
   170fa:	00f666b3          	or	a3,a2,a5
   170fe:	bfc1                	j	170ce <__ratio+0x54>

0000000000017100 <_mprec_log10>:
   17100:	47dd                	li	a5,23
   17102:	00a7db63          	bge	a5,a0,17118 <_mprec_log10+0x18>
   17106:	1c01b507          	fld	fa0,448(gp) # 1c4a8 <__SDATA_BEGIN__+0x30>
   1710a:	1d81b787          	fld	fa5,472(gp) # 1c4c0 <__SDATA_BEGIN__+0x48>
   1710e:	357d                	addiw	a0,a0,-1
   17110:	12f57553          	fmul.d	fa0,fa0,fa5
   17114:	fd6d                	bnez	a0,1710e <_mprec_log10+0xe>
   17116:	8082                	ret
   17118:	67e9                	lui	a5,0x1a
   1711a:	050e                	slli	a0,a0,0x3
   1711c:	6d878793          	addi	a5,a5,1752 # 1a6d8 <__mprec_tens>
   17120:	97aa                	add	a5,a5,a0
   17122:	2388                	fld	fa0,0(a5)
   17124:	8082                	ret

0000000000017126 <__copybits>:
   17126:	4a58                	lw	a4,20(a2)
   17128:	fff5879b          	addiw	a5,a1,-1
   1712c:	4057d79b          	sraiw	a5,a5,0x5
   17130:	00271593          	slli	a1,a4,0x2
   17134:	2785                	addiw	a5,a5,1
   17136:	01860713          	addi	a4,a2,24
   1713a:	078a                	slli	a5,a5,0x2
   1713c:	95ba                	add	a1,a1,a4
   1713e:	97aa                	add	a5,a5,a0
   17140:	02b77063          	bgeu	a4,a1,17160 <__copybits+0x3a>
   17144:	86aa                	mv	a3,a0
   17146:	00072803          	lw	a6,0(a4) # 3ff00000 <__BSS_END__+0x3fee3518>
   1714a:	0711                	addi	a4,a4,4
   1714c:	0691                	addi	a3,a3,4
   1714e:	ff06ae23          	sw	a6,-4(a3)
   17152:	feb76ae3          	bltu	a4,a1,17146 <__copybits+0x20>
   17156:	8d91                	sub	a1,a1,a2
   17158:	159d                	addi	a1,a1,-25
   1715a:	99f1                	andi	a1,a1,-4
   1715c:	0511                	addi	a0,a0,4
   1715e:	952e                	add	a0,a0,a1
   17160:	02f57263          	bgeu	a0,a5,17184 <__copybits+0x5e>
   17164:	17fd                	addi	a5,a5,-1
   17166:	0d007757          	vsetvli	a4,zero,e32,m1,ta,ma
   1716a:	8f89                	sub	a5,a5,a0
   1716c:	5e0030d7          	vmv.v.i	v1,0
   17170:	8389                	srli	a5,a5,0x2
   17172:	0785                	addi	a5,a5,1
   17174:	0c67f757          	vsetvli	a4,a5,e8,mf4,ta,ma
   17178:	020560a7          	vse32.v	v1,(a0)
   1717c:	8f99                	sub	a5,a5,a4
   1717e:	070a                	slli	a4,a4,0x2
   17180:	953a                	add	a0,a0,a4
   17182:	fbed                	bnez	a5,17174 <__copybits+0x4e>
   17184:	8082                	ret

0000000000017186 <__any_on>:
   17186:	4958                	lw	a4,20(a0)
   17188:	4055d61b          	sraiw	a2,a1,0x5
   1718c:	01850693          	addi	a3,a0,24
   17190:	00c75d63          	bge	a4,a2,171aa <__any_on+0x24>
   17194:	070a                	slli	a4,a4,0x2
   17196:	00e687b3          	add	a5,a3,a4
   1719a:	02f6f863          	bgeu	a3,a5,171ca <__any_on+0x44>
   1719e:	ffc7a703          	lw	a4,-4(a5)
   171a2:	17f1                	addi	a5,a5,-4
   171a4:	db7d                	beqz	a4,1719a <__any_on+0x14>
   171a6:	4505                	li	a0,1
   171a8:	8082                	ret
   171aa:	00261793          	slli	a5,a2,0x2
   171ae:	97b6                	add	a5,a5,a3
   171b0:	fee655e3          	bge	a2,a4,1719a <__any_on+0x14>
   171b4:	89fd                	andi	a1,a1,31
   171b6:	d1f5                	beqz	a1,1719a <__any_on+0x14>
   171b8:	4390                	lw	a2,0(a5)
   171ba:	4505                	li	a0,1
   171bc:	00b6573b          	srlw	a4,a2,a1
   171c0:	00b7173b          	sllw	a4,a4,a1
   171c4:	fcc70be3          	beq	a4,a2,1719a <__any_on+0x14>
   171c8:	8082                	ret
   171ca:	4501                	li	a0,0
   171cc:	8082                	ret

00000000000171ce <_realloc_r>:
   171ce:	16058663          	beqz	a1,1733a <_realloc_r+0x16c>
   171d2:	7139                	addi	sp,sp,-64
   171d4:	f822                	sd	s0,48(sp)
   171d6:	f426                	sd	s1,40(sp)
   171d8:	842e                	mv	s0,a1
   171da:	fc06                	sd	ra,56(sp)
   171dc:	84aa                	mv	s1,a0
   171de:	e032                	sd	a2,0(sp)
   171e0:	de3f90ef          	jal	10fc2 <__malloc_lock>
   171e4:	6582                	ld	a1,0(sp)
   171e6:	02e00713          	li	a4,46
   171ea:	01758793          	addi	a5,a1,23
   171ee:	0ef77563          	bgeu	a4,a5,172d8 <_realloc_r+0x10a>
   171f2:	4705                	li	a4,1
   171f4:	9bc1                	andi	a5,a5,-16
   171f6:	077e                	slli	a4,a4,0x1f
   171f8:	00e7b733          	sltu	a4,a5,a4
   171fc:	00174713          	xori	a4,a4,1
   17200:	16b7e263          	bltu	a5,a1,17364 <_realloc_r+0x196>
   17204:	16071063          	bnez	a4,17364 <_realloc_r+0x196>
   17208:	ff843683          	ld	a3,-8(s0)
   1720c:	ff040613          	addi	a2,s0,-16
   17210:	ffc6f713          	andi	a4,a3,-4
   17214:	0cf75d63          	bge	a4,a5,172ee <_realloc_r+0x120>
   17218:	6571                	lui	a0,0x1c
   1721a:	95050e93          	addi	t4,a0,-1712 # 1b950 <__malloc_av_>
   1721e:	010eb883          	ld	a7,16(t4)
   17222:	00e60833          	add	a6,a2,a4
   17226:	00883503          	ld	a0,8(a6)
   1722a:	15088663          	beq	a7,a6,17376 <_realloc_r+0x1a8>
   1722e:	ffe57893          	andi	a7,a0,-2
   17232:	98c2                	add	a7,a7,a6
   17234:	0088b883          	ld	a7,8(a7)
   17238:	0018f893          	andi	a7,a7,1
   1723c:	0e089463          	bnez	a7,17324 <_realloc_r+0x156>
   17240:	9971                	andi	a0,a0,-4
   17242:	00a708b3          	add	a7,a4,a0
   17246:	08f8dd63          	bge	a7,a5,172e0 <_realloc_r+0x112>
   1724a:	8a85                	andi	a3,a3,1
   1724c:	e28d                	bnez	a3,1726e <_realloc_r+0xa0>
   1724e:	ff043303          	ld	t1,-16(s0)
   17252:	40660333          	sub	t1,a2,t1
   17256:	00833883          	ld	a7,8(t1)
   1725a:	ffc8f893          	andi	a7,a7,-4
   1725e:	9546                	add	a0,a0,a7
   17260:	00e506b3          	add	a3,a0,a4
   17264:	22f6dd63          	bge	a3,a5,1749e <_realloc_r+0x2d0>
   17268:	98ba                	add	a7,a7,a4
   1726a:	1cf8da63          	bge	a7,a5,1743e <_realloc_r+0x270>
   1726e:	8526                	mv	a0,s1
   17270:	e83a                	sd	a4,16(sp)
   17272:	e432                	sd	a2,8(sp)
   17274:	e03e                	sd	a5,0(sp)
   17276:	ed0f90ef          	jal	10946 <_malloc_r>
   1727a:	6782                	ld	a5,0(sp)
   1727c:	6622                	ld	a2,8(sp)
   1727e:	6742                	ld	a4,16(sp)
   17280:	86aa                	mv	a3,a0
   17282:	30050363          	beqz	a0,17588 <_realloc_r+0x3ba>
   17286:	ff843583          	ld	a1,-8(s0)
   1728a:	ff050813          	addi	a6,a0,-16
   1728e:	99f9                	andi	a1,a1,-2
   17290:	95b2                	add	a1,a1,a2
   17292:	19058463          	beq	a1,a6,1741a <_realloc_r+0x24c>
   17296:	ff870613          	addi	a2,a4,-8
   1729a:	04800793          	li	a5,72
   1729e:	1ec7ea63          	bltu	a5,a2,17492 <_realloc_r+0x2c4>
   172a2:	02700713          	li	a4,39
   172a6:	16c76f63          	bltu	a4,a2,17424 <_realloc_r+0x256>
   172aa:	87aa                	mv	a5,a0
   172ac:	8722                	mv	a4,s0
   172ae:	6310                	ld	a2,0(a4)
   172b0:	e390                	sd	a2,0(a5)
   172b2:	6710                	ld	a2,8(a4)
   172b4:	e790                	sd	a2,8(a5)
   172b6:	6b18                	ld	a4,16(a4)
   172b8:	eb98                	sd	a4,16(a5)
   172ba:	85a2                	mv	a1,s0
   172bc:	8526                	mv	a0,s1
   172be:	e036                	sd	a3,0(sp)
   172c0:	bb1fa0ef          	jal	11e70 <_free_r>
   172c4:	8526                	mv	a0,s1
   172c6:	cfff90ef          	jal	10fc4 <__malloc_unlock>
   172ca:	6682                	ld	a3,0(sp)
   172cc:	70e2                	ld	ra,56(sp)
   172ce:	7442                	ld	s0,48(sp)
   172d0:	74a2                	ld	s1,40(sp)
   172d2:	8536                	mv	a0,a3
   172d4:	6121                	addi	sp,sp,64
   172d6:	8082                	ret
   172d8:	4701                	li	a4,0
   172da:	02000793          	li	a5,32
   172de:	b70d                	j	17200 <_realloc_r+0x32>
   172e0:	01883683          	ld	a3,24(a6)
   172e4:	01083583          	ld	a1,16(a6)
   172e8:	8746                	mv	a4,a7
   172ea:	ed94                	sd	a3,24(a1)
   172ec:	ea8c                	sd	a1,16(a3)
   172ee:	6614                	ld	a3,8(a2)
   172f0:	40f70533          	sub	a0,a4,a5
   172f4:	45fd                	li	a1,31
   172f6:	8a85                	andi	a3,a3,1
   172f8:	00e60833          	add	a6,a2,a4
   172fc:	04a5e263          	bltu	a1,a0,17340 <_realloc_r+0x172>
   17300:	8ed9                	or	a3,a3,a4
   17302:	e614                	sd	a3,8(a2)
   17304:	00883783          	ld	a5,8(a6)
   17308:	0017e793          	ori	a5,a5,1
   1730c:	00f83423          	sd	a5,8(a6)
   17310:	8526                	mv	a0,s1
   17312:	cb3f90ef          	jal	10fc4 <__malloc_unlock>
   17316:	86a2                	mv	a3,s0
   17318:	70e2                	ld	ra,56(sp)
   1731a:	7442                	ld	s0,48(sp)
   1731c:	74a2                	ld	s1,40(sp)
   1731e:	8536                	mv	a0,a3
   17320:	6121                	addi	sp,sp,64
   17322:	8082                	ret
   17324:	8a85                	andi	a3,a3,1
   17326:	f6a1                	bnez	a3,1726e <_realloc_r+0xa0>
   17328:	ff043303          	ld	t1,-16(s0)
   1732c:	40660333          	sub	t1,a2,t1
   17330:	00833883          	ld	a7,8(t1)
   17334:	ffc8f893          	andi	a7,a7,-4
   17338:	bf05                	j	17268 <_realloc_r+0x9a>
   1733a:	85b2                	mv	a1,a2
   1733c:	e0af906f          	j	10946 <_malloc_r>
   17340:	8edd                	or	a3,a3,a5
   17342:	e614                	sd	a3,8(a2)
   17344:	00156513          	ori	a0,a0,1
   17348:	963e                	add	a2,a2,a5
   1734a:	e608                	sd	a0,8(a2)
   1734c:	00883783          	ld	a5,8(a6)
   17350:	01060593          	addi	a1,a2,16
   17354:	8526                	mv	a0,s1
   17356:	0017e793          	ori	a5,a5,1
   1735a:	00f83423          	sd	a5,8(a6)
   1735e:	b13fa0ef          	jal	11e70 <_free_r>
   17362:	b77d                	j	17310 <_realloc_r+0x142>
   17364:	47b1                	li	a5,12
   17366:	c09c                	sw	a5,0(s1)
   17368:	4681                	li	a3,0
   1736a:	70e2                	ld	ra,56(sp)
   1736c:	7442                	ld	s0,48(sp)
   1736e:	74a2                	ld	s1,40(sp)
   17370:	8536                	mv	a0,a3
   17372:	6121                	addi	sp,sp,64
   17374:	8082                	ret
   17376:	9971                	andi	a0,a0,-4
   17378:	00e50833          	add	a6,a0,a4
   1737c:	02078e13          	addi	t3,a5,32
   17380:	1bc85763          	bge	a6,t3,1752e <_realloc_r+0x360>
   17384:	8a85                	andi	a3,a3,1
   17386:	ee0694e3          	bnez	a3,1726e <_realloc_r+0xa0>
   1738a:	ff043303          	ld	t1,-16(s0)
   1738e:	40660333          	sub	t1,a2,t1
   17392:	00833883          	ld	a7,8(t1)
   17396:	ffc8f893          	andi	a7,a7,-4
   1739a:	9546                	add	a0,a0,a7
   1739c:	00e50833          	add	a6,a0,a4
   173a0:	edc844e3          	blt	a6,t3,17268 <_realloc_r+0x9a>
   173a4:	01833683          	ld	a3,24(t1)
   173a8:	01033583          	ld	a1,16(t1)
   173ac:	ff870613          	addi	a2,a4,-8
   173b0:	04800713          	li	a4,72
   173b4:	ed94                	sd	a3,24(a1)
   173b6:	ea8c                	sd	a1,16(a3)
   173b8:	01030693          	addi	a3,t1,16
   173bc:	20c76363          	bltu	a4,a2,175c2 <_realloc_r+0x3f4>
   173c0:	02700593          	li	a1,39
   173c4:	8736                	mv	a4,a3
   173c6:	00c5ff63          	bgeu	a1,a2,173e4 <_realloc_r+0x216>
   173ca:	600c                	ld	a1,0(s0)
   173cc:	03700713          	li	a4,55
   173d0:	00b33823          	sd	a1,16(t1)
   173d4:	640c                	ld	a1,8(s0)
   173d6:	00b33c23          	sd	a1,24(t1)
   173da:	22c76063          	bltu	a4,a2,175fa <_realloc_r+0x42c>
   173de:	0441                	addi	s0,s0,16
   173e0:	02030713          	addi	a4,t1,32
   173e4:	6010                	ld	a2,0(s0)
   173e6:	e310                	sd	a2,0(a4)
   173e8:	6410                	ld	a2,8(s0)
   173ea:	e710                	sd	a2,8(a4)
   173ec:	6810                	ld	a2,16(s0)
   173ee:	eb10                	sd	a2,16(a4)
   173f0:	00f30633          	add	a2,t1,a5
   173f4:	40f80733          	sub	a4,a6,a5
   173f8:	00ceb823          	sd	a2,16(t4)
   173fc:	00176713          	ori	a4,a4,1
   17400:	e618                	sd	a4,8(a2)
   17402:	00833703          	ld	a4,8(t1)
   17406:	8526                	mv	a0,s1
   17408:	e036                	sd	a3,0(sp)
   1740a:	8b05                	andi	a4,a4,1
   1740c:	8fd9                	or	a5,a5,a4
   1740e:	00f33423          	sd	a5,8(t1)
   17412:	bb3f90ef          	jal	10fc4 <__malloc_unlock>
   17416:	6682                	ld	a3,0(sp)
   17418:	b701                	j	17318 <_realloc_r+0x14a>
   1741a:	ff853683          	ld	a3,-8(a0)
   1741e:	9af1                	andi	a3,a3,-4
   17420:	9736                	add	a4,a4,a3
   17422:	b5f1                	j	172ee <_realloc_r+0x120>
   17424:	600c                	ld	a1,0(s0)
   17426:	03700713          	li	a4,55
   1742a:	e10c                	sd	a1,0(a0)
   1742c:	640c                	ld	a1,8(s0)
   1742e:	e50c                	sd	a1,8(a0)
   17430:	0cc76763          	bltu	a4,a2,174fe <_realloc_r+0x330>
   17434:	01040713          	addi	a4,s0,16
   17438:	01050793          	addi	a5,a0,16
   1743c:	bd8d                	j	172ae <_realloc_r+0xe0>
   1743e:	01833683          	ld	a3,24(t1)
   17442:	01033583          	ld	a1,16(t1)
   17446:	ff870613          	addi	a2,a4,-8
   1744a:	04800513          	li	a0,72
   1744e:	ed94                	sd	a3,24(a1)
   17450:	ea8c                	sd	a1,16(a3)
   17452:	01030693          	addi	a3,t1,16
   17456:	0ac56f63          	bltu	a0,a2,17514 <_realloc_r+0x346>
   1745a:	02700593          	li	a1,39
   1745e:	8736                	mv	a4,a3
   17460:	00c5ff63          	bgeu	a1,a2,1747e <_realloc_r+0x2b0>
   17464:	600c                	ld	a1,0(s0)
   17466:	03700713          	li	a4,55
   1746a:	00b33823          	sd	a1,16(t1)
   1746e:	640c                	ld	a1,8(s0)
   17470:	00b33c23          	sd	a1,24(t1)
   17474:	0ec76d63          	bltu	a4,a2,1756e <_realloc_r+0x3a0>
   17478:	0441                	addi	s0,s0,16
   1747a:	02030713          	addi	a4,t1,32
   1747e:	6010                	ld	a2,0(s0)
   17480:	e310                	sd	a2,0(a4)
   17482:	6410                	ld	a2,8(s0)
   17484:	e710                	sd	a2,8(a4)
   17486:	6810                	ld	a2,16(s0)
   17488:	eb10                	sd	a2,16(a4)
   1748a:	8436                	mv	s0,a3
   1748c:	8746                	mv	a4,a7
   1748e:	861a                	mv	a2,t1
   17490:	bdb9                	j	172ee <_realloc_r+0x120>
   17492:	85a2                	mv	a1,s0
   17494:	e02a                	sd	a0,0(sp)
   17496:	e50fd0ef          	jal	14ae6 <memmove>
   1749a:	6682                	ld	a3,0(sp)
   1749c:	bd39                	j	172ba <_realloc_r+0xec>
   1749e:	01883583          	ld	a1,24(a6)
   174a2:	01083503          	ld	a0,16(a6)
   174a6:	ff870613          	addi	a2,a4,-8
   174aa:	04800893          	li	a7,72
   174ae:	ed0c                	sd	a1,24(a0)
   174b0:	e988                	sd	a0,16(a1)
   174b2:	01833703          	ld	a4,24(t1)
   174b6:	01033583          	ld	a1,16(t1)
   174ba:	01030813          	addi	a6,t1,16
   174be:	ed98                	sd	a4,24(a1)
   174c0:	eb0c                	sd	a1,16(a4)
   174c2:	08c8e963          	bltu	a7,a2,17554 <_realloc_r+0x386>
   174c6:	02700593          	li	a1,39
   174ca:	8742                	mv	a4,a6
   174cc:	00c5ff63          	bgeu	a1,a2,174ea <_realloc_r+0x31c>
   174d0:	600c                	ld	a1,0(s0)
   174d2:	03700713          	li	a4,55
   174d6:	00b33823          	sd	a1,16(t1)
   174da:	640c                	ld	a1,8(s0)
   174dc:	00b33c23          	sd	a1,24(t1)
   174e0:	0cc76263          	bltu	a4,a2,175a4 <_realloc_r+0x3d6>
   174e4:	0441                	addi	s0,s0,16
   174e6:	02030713          	addi	a4,t1,32
   174ea:	6010                	ld	a2,0(s0)
   174ec:	e310                	sd	a2,0(a4)
   174ee:	6410                	ld	a2,8(s0)
   174f0:	e710                	sd	a2,8(a4)
   174f2:	6810                	ld	a2,16(s0)
   174f4:	eb10                	sd	a2,16(a4)
   174f6:	8442                	mv	s0,a6
   174f8:	8736                	mv	a4,a3
   174fa:	861a                	mv	a2,t1
   174fc:	bbcd                	j	172ee <_realloc_r+0x120>
   174fe:	6818                	ld	a4,16(s0)
   17500:	e918                	sd	a4,16(a0)
   17502:	6c18                	ld	a4,24(s0)
   17504:	ed18                	sd	a4,24(a0)
   17506:	08f60663          	beq	a2,a5,17592 <_realloc_r+0x3c4>
   1750a:	02040713          	addi	a4,s0,32
   1750e:	02050793          	addi	a5,a0,32
   17512:	bb71                	j	172ae <_realloc_r+0xe0>
   17514:	8536                	mv	a0,a3
   17516:	85a2                	mv	a1,s0
   17518:	ec1a                	sd	t1,24(sp)
   1751a:	e83e                	sd	a5,16(sp)
   1751c:	e446                	sd	a7,8(sp)
   1751e:	e036                	sd	a3,0(sp)
   17520:	dc6fd0ef          	jal	14ae6 <memmove>
   17524:	6362                	ld	t1,24(sp)
   17526:	67c2                	ld	a5,16(sp)
   17528:	68a2                	ld	a7,8(sp)
   1752a:	6682                	ld	a3,0(sp)
   1752c:	bfb9                	j	1748a <_realloc_r+0x2bc>
   1752e:	963e                	add	a2,a2,a5
   17530:	40f80733          	sub	a4,a6,a5
   17534:	00ceb823          	sd	a2,16(t4)
   17538:	00176713          	ori	a4,a4,1
   1753c:	e618                	sd	a4,8(a2)
   1753e:	ff843703          	ld	a4,-8(s0)
   17542:	8526                	mv	a0,s1
   17544:	8b05                	andi	a4,a4,1
   17546:	8fd9                	or	a5,a5,a4
   17548:	fef43c23          	sd	a5,-8(s0)
   1754c:	a79f90ef          	jal	10fc4 <__malloc_unlock>
   17550:	86a2                	mv	a3,s0
   17552:	b3d9                	j	17318 <_realloc_r+0x14a>
   17554:	8542                	mv	a0,a6
   17556:	85a2                	mv	a1,s0
   17558:	ec1a                	sd	t1,24(sp)
   1755a:	e83e                	sd	a5,16(sp)
   1755c:	e436                	sd	a3,8(sp)
   1755e:	e042                	sd	a6,0(sp)
   17560:	d86fd0ef          	jal	14ae6 <memmove>
   17564:	6802                	ld	a6,0(sp)
   17566:	66a2                	ld	a3,8(sp)
   17568:	67c2                	ld	a5,16(sp)
   1756a:	6362                	ld	t1,24(sp)
   1756c:	b769                	j	174f6 <_realloc_r+0x328>
   1756e:	6818                	ld	a4,16(s0)
   17570:	02e33023          	sd	a4,32(t1)
   17574:	6c18                	ld	a4,24(s0)
   17576:	02e33423          	sd	a4,40(t1)
   1757a:	06a60463          	beq	a2,a0,175e2 <_realloc_r+0x414>
   1757e:	02040413          	addi	s0,s0,32
   17582:	03030713          	addi	a4,t1,48
   17586:	bde5                	j	1747e <_realloc_r+0x2b0>
   17588:	8526                	mv	a0,s1
   1758a:	a3bf90ef          	jal	10fc4 <__malloc_unlock>
   1758e:	4681                	li	a3,0
   17590:	bbe9                	j	1736a <_realloc_r+0x19c>
   17592:	7010                	ld	a2,32(s0)
   17594:	03040713          	addi	a4,s0,48
   17598:	03050793          	addi	a5,a0,48
   1759c:	f110                	sd	a2,32(a0)
   1759e:	7410                	ld	a2,40(s0)
   175a0:	f510                	sd	a2,40(a0)
   175a2:	b331                	j	172ae <_realloc_r+0xe0>
   175a4:	680c                	ld	a1,16(s0)
   175a6:	04800713          	li	a4,72
   175aa:	02b33023          	sd	a1,32(t1)
   175ae:	6c0c                	ld	a1,24(s0)
   175b0:	02b33423          	sd	a1,40(t1)
   175b4:	06e60263          	beq	a2,a4,17618 <_realloc_r+0x44a>
   175b8:	02040413          	addi	s0,s0,32
   175bc:	03030713          	addi	a4,t1,48
   175c0:	b72d                	j	174ea <_realloc_r+0x31c>
   175c2:	8536                	mv	a0,a3
   175c4:	85a2                	mv	a1,s0
   175c6:	ec1a                	sd	t1,24(sp)
   175c8:	e83e                	sd	a5,16(sp)
   175ca:	e442                	sd	a6,8(sp)
   175cc:	e036                	sd	a3,0(sp)
   175ce:	d18fd0ef          	jal	14ae6 <memmove>
   175d2:	67f1                	lui	a5,0x1c
   175d4:	95078e93          	addi	t4,a5,-1712 # 1b950 <__malloc_av_>
   175d8:	6362                	ld	t1,24(sp)
   175da:	67c2                	ld	a5,16(sp)
   175dc:	6822                	ld	a6,8(sp)
   175de:	6682                	ld	a3,0(sp)
   175e0:	bd01                	j	173f0 <_realloc_r+0x222>
   175e2:	7010                	ld	a2,32(s0)
   175e4:	04030713          	addi	a4,t1,64
   175e8:	03040413          	addi	s0,s0,48
   175ec:	02c33823          	sd	a2,48(t1)
   175f0:	ff843603          	ld	a2,-8(s0)
   175f4:	02c33c23          	sd	a2,56(t1)
   175f8:	b559                	j	1747e <_realloc_r+0x2b0>
   175fa:	680c                	ld	a1,16(s0)
   175fc:	04800713          	li	a4,72
   17600:	02b33023          	sd	a1,32(t1)
   17604:	6c0c                	ld	a1,24(s0)
   17606:	02b33423          	sd	a1,40(t1)
   1760a:	02e60363          	beq	a2,a4,17630 <_realloc_r+0x462>
   1760e:	02040413          	addi	s0,s0,32
   17612:	03030713          	addi	a4,t1,48
   17616:	b3f9                	j	173e4 <_realloc_r+0x216>
   17618:	7010                	ld	a2,32(s0)
   1761a:	04030713          	addi	a4,t1,64
   1761e:	03040413          	addi	s0,s0,48
   17622:	02c33823          	sd	a2,48(t1)
   17626:	ff843603          	ld	a2,-8(s0)
   1762a:	02c33c23          	sd	a2,56(t1)
   1762e:	bd75                	j	174ea <_realloc_r+0x31c>
   17630:	7010                	ld	a2,32(s0)
   17632:	04030713          	addi	a4,t1,64
   17636:	03040413          	addi	s0,s0,48
   1763a:	02c33823          	sd	a2,48(t1)
   1763e:	ff843603          	ld	a2,-8(s0)
   17642:	02c33c23          	sd	a2,56(t1)
   17646:	bb79                	j	173e4 <_realloc_r+0x216>

0000000000017648 <__smakebuf_r>:
   17648:	01059703          	lh	a4,16(a1)
   1764c:	00277793          	andi	a5,a4,2
   17650:	cb81                	beqz	a5,17660 <__smakebuf_r+0x18>
   17652:	07758793          	addi	a5,a1,119
   17656:	4705                	li	a4,1
   17658:	e19c                	sd	a5,0(a1)
   1765a:	ed9c                	sd	a5,24(a1)
   1765c:	d198                	sw	a4,32(a1)
   1765e:	8082                	ret
   17660:	87ae                	mv	a5,a1
   17662:	01259583          	lh	a1,18(a1)
   17666:	7135                	addi	sp,sp,-160
   17668:	e922                	sd	s0,144(sp)
   1766a:	ed06                	sd	ra,152(sp)
   1766c:	842a                	mv	s0,a0
   1766e:	0605c863          	bltz	a1,176de <__smakebuf_r+0x96>
   17672:	0830                	addi	a2,sp,24
   17674:	e03e                	sd	a5,0(sp)
   17676:	212000ef          	jal	17888 <_fstat_r>
   1767a:	6782                	ld	a5,0(sp)
   1767c:	04054f63          	bltz	a0,176da <__smakebuf_r+0x92>
   17680:	40000593          	li	a1,1024
   17684:	8522                	mv	a0,s0
   17686:	e526                	sd	s1,136(sp)
   17688:	e03e                	sd	a5,0(sp)
   1768a:	44f2                	lw	s1,28(sp)
   1768c:	abaf90ef          	jal	10946 <_malloc_r>
   17690:	6782                	ld	a5,0(sp)
   17692:	01079703          	lh	a4,16(a5)
   17696:	c159                	beqz	a0,1771c <__smakebuf_r+0xd4>
   17698:	40000693          	li	a3,1024
   1769c:	08076713          	ori	a4,a4,128
   176a0:	d394                	sw	a3,32(a5)
   176a2:	40c4d693          	srai	a3,s1,0xc
   176a6:	00e79823          	sh	a4,16(a5)
   176aa:	e388                	sd	a0,0(a5)
   176ac:	ef88                	sd	a0,24(a5)
   176ae:	8abd                	andi	a3,a3,15
   176b0:	4609                	li	a2,2
   176b2:	08c69563          	bne	a3,a2,1773c <__smakebuf_r+0xf4>
   176b6:	01279583          	lh	a1,18(a5)
   176ba:	8522                	mv	a0,s0
   176bc:	e03e                	sd	a5,0(sp)
   176be:	204000ef          	jal	178c2 <_isatty_r>
   176c2:	6782                	ld	a5,0(sp)
   176c4:	01079703          	lh	a4,16(a5)
   176c8:	c935                	beqz	a0,1773c <__smakebuf_r+0xf4>
   176ca:	9b71                	andi	a4,a4,-4
   176cc:	6685                	lui	a3,0x1
   176ce:	64aa                	ld	s1,136(sp)
   176d0:	00176713          	ori	a4,a4,1
   176d4:	80068693          	addi	a3,a3,-2048 # 800 <exit-0xf920>
   176d8:	a805                	j	17708 <__smakebuf_r+0xc0>
   176da:	01079703          	lh	a4,16(a5)
   176de:	08077713          	andi	a4,a4,128
   176e2:	40000593          	li	a1,1024
   176e6:	eb05                	bnez	a4,17716 <__smakebuf_r+0xce>
   176e8:	8522                	mv	a0,s0
   176ea:	e43e                	sd	a5,8(sp)
   176ec:	e02e                	sd	a1,0(sp)
   176ee:	a58f90ef          	jal	10946 <_malloc_r>
   176f2:	67a2                	ld	a5,8(sp)
   176f4:	6582                	ld	a1,0(sp)
   176f6:	01079703          	lh	a4,16(a5)
   176fa:	c115                	beqz	a0,1771e <__smakebuf_r+0xd6>
   176fc:	08076713          	ori	a4,a4,128
   17700:	e388                	sd	a0,0(a5)
   17702:	ef88                	sd	a0,24(a5)
   17704:	d38c                	sw	a1,32(a5)
   17706:	4681                	li	a3,0
   17708:	8f55                	or	a4,a4,a3
   1770a:	00e79823          	sh	a4,16(a5)
   1770e:	60ea                	ld	ra,152(sp)
   17710:	644a                	ld	s0,144(sp)
   17712:	610d                	addi	sp,sp,160
   17714:	8082                	ret
   17716:	04000593          	li	a1,64
   1771a:	b7f9                	j	176e8 <__smakebuf_r+0xa0>
   1771c:	64aa                	ld	s1,136(sp)
   1771e:	20077693          	andi	a3,a4,512
   17722:	f6f5                	bnez	a3,1770e <__smakebuf_r+0xc6>
   17724:	9b71                	andi	a4,a4,-4
   17726:	07778693          	addi	a3,a5,119
   1772a:	00276713          	ori	a4,a4,2
   1772e:	4605                	li	a2,1
   17730:	00e79823          	sh	a4,16(a5)
   17734:	e394                	sd	a3,0(a5)
   17736:	ef94                	sd	a3,24(a5)
   17738:	d390                	sw	a2,32(a5)
   1773a:	bfd1                	j	1770e <__smakebuf_r+0xc6>
   1773c:	6685                	lui	a3,0x1
   1773e:	64aa                	ld	s1,136(sp)
   17740:	80068693          	addi	a3,a3,-2048 # 800 <exit-0xf920>
   17744:	b7d1                	j	17708 <__smakebuf_r+0xc0>

0000000000017746 <__swhatbuf_r>:
   17746:	87ae                	mv	a5,a1
   17748:	01259583          	lh	a1,18(a1)
   1774c:	8732                	mv	a4,a2
   1774e:	0405ce63          	bltz	a1,177aa <__swhatbuf_r+0x64>
   17752:	7135                	addi	sp,sp,-160
   17754:	e832                	sd	a2,16(sp)
   17756:	1030                	addi	a2,sp,40
   17758:	ec36                	sd	a3,24(sp)
   1775a:	e43e                	sd	a5,8(sp)
   1775c:	ed06                	sd	ra,152(sp)
   1775e:	12a000ef          	jal	17888 <_fstat_r>
   17762:	67a2                	ld	a5,8(sp)
   17764:	6742                	ld	a4,16(sp)
   17766:	66e2                	ld	a3,24(sp)
   17768:	02054363          	bltz	a0,1778e <__swhatbuf_r+0x48>
   1776c:	57b2                	lw	a5,44(sp)
   1776e:	65bd                	lui	a1,0xf
   17770:	6609                	lui	a2,0x2
   17772:	8fed                	and	a5,a5,a1
   17774:	8f91                	sub	a5,a5,a2
   17776:	60ea                	ld	ra,152(sp)
   17778:	0017b793          	seqz	a5,a5
   1777c:	c29c                	sw	a5,0(a3)
   1777e:	40000613          	li	a2,1024
   17782:	6505                	lui	a0,0x1
   17784:	e310                	sd	a2,0(a4)
   17786:	80050513          	addi	a0,a0,-2048 # 800 <exit-0xf920>
   1778a:	610d                	addi	sp,sp,160
   1778c:	8082                	ret
   1778e:	0107d783          	lhu	a5,16(a5)
   17792:	0807f793          	andi	a5,a5,128
   17796:	c78d                	beqz	a5,177c0 <__swhatbuf_r+0x7a>
   17798:	60ea                	ld	ra,152(sp)
   1779a:	4781                	li	a5,0
   1779c:	c29c                	sw	a5,0(a3)
   1779e:	04000613          	li	a2,64
   177a2:	e310                	sd	a2,0(a4)
   177a4:	4501                	li	a0,0
   177a6:	610d                	addi	sp,sp,160
   177a8:	8082                	ret
   177aa:	0107d783          	lhu	a5,16(a5)
   177ae:	0807f793          	andi	a5,a5,128
   177b2:	ef99                	bnez	a5,177d0 <__swhatbuf_r+0x8a>
   177b4:	40000613          	li	a2,1024
   177b8:	c29c                	sw	a5,0(a3)
   177ba:	4501                	li	a0,0
   177bc:	e310                	sd	a2,0(a4)
   177be:	8082                	ret
   177c0:	60ea                	ld	ra,152(sp)
   177c2:	c29c                	sw	a5,0(a3)
   177c4:	40000613          	li	a2,1024
   177c8:	e310                	sd	a2,0(a4)
   177ca:	4501                	li	a0,0
   177cc:	610d                	addi	sp,sp,160
   177ce:	8082                	ret
   177d0:	4781                	li	a5,0
   177d2:	04000613          	li	a2,64
   177d6:	c29c                	sw	a5,0(a3)
   177d8:	4501                	li	a0,0
   177da:	e310                	sd	a2,0(a4)
   177dc:	8082                	ret

00000000000177de <_setlocale_r>:
   177de:	c21d                	beqz	a2,17804 <_setlocale_r+0x26>
   177e0:	65e9                	lui	a1,0x1a
   177e2:	1101                	addi	sp,sp,-32
   177e4:	26858593          	addi	a1,a1,616 # 1a268 <__clzdi2+0x244>
   177e8:	8532                	mv	a0,a2
   177ea:	e822                	sd	s0,16(sp)
   177ec:	ec06                	sd	ra,24(sp)
   177ee:	8432                	mv	s0,a2
   177f0:	108000ef          	jal	178f8 <strcmp>
   177f4:	67e9                	lui	a5,0x1a
   177f6:	e919                	bnez	a0,1780c <_setlocale_r+0x2e>
   177f8:	26078513          	addi	a0,a5,608 # 1a260 <__clzdi2+0x23c>
   177fc:	60e2                	ld	ra,24(sp)
   177fe:	6442                	ld	s0,16(sp)
   17800:	6105                	addi	sp,sp,32
   17802:	8082                	ret
   17804:	67e9                	lui	a5,0x1a
   17806:	26078513          	addi	a0,a5,608 # 1a260 <__clzdi2+0x23c>
   1780a:	8082                	ret
   1780c:	26078593          	addi	a1,a5,608
   17810:	8522                	mv	a0,s0
   17812:	e43e                	sd	a5,8(sp)
   17814:	0e4000ef          	jal	178f8 <strcmp>
   17818:	67a2                	ld	a5,8(sp)
   1781a:	dd79                	beqz	a0,177f8 <_setlocale_r+0x1a>
   1781c:	65e9                	lui	a1,0x1a
   1781e:	8522                	mv	a0,s0
   17820:	12858593          	addi	a1,a1,296 # 1a128 <__clzdi2+0x104>
   17824:	0d4000ef          	jal	178f8 <strcmp>
   17828:	67a2                	ld	a5,8(sp)
   1782a:	d579                	beqz	a0,177f8 <_setlocale_r+0x1a>
   1782c:	4501                	li	a0,0
   1782e:	b7f9                	j	177fc <_setlocale_r+0x1e>

0000000000017830 <__locale_mb_cur_max>:
   17830:	1481c503          	lbu	a0,328(gp) # 1c430 <__global_pointer$+0x148>
   17834:	8082                	ret

0000000000017836 <setlocale>:
   17836:	c19d                	beqz	a1,1785c <setlocale+0x26>
   17838:	1101                	addi	sp,sp,-32
   1783a:	e822                	sd	s0,16(sp)
   1783c:	852e                	mv	a0,a1
   1783e:	842e                	mv	s0,a1
   17840:	65e9                	lui	a1,0x1a
   17842:	26858593          	addi	a1,a1,616 # 1a268 <__clzdi2+0x244>
   17846:	ec06                	sd	ra,24(sp)
   17848:	0b0000ef          	jal	178f8 <strcmp>
   1784c:	67e9                	lui	a5,0x1a
   1784e:	e919                	bnez	a0,17864 <setlocale+0x2e>
   17850:	26078513          	addi	a0,a5,608 # 1a260 <__clzdi2+0x23c>
   17854:	60e2                	ld	ra,24(sp)
   17856:	6442                	ld	s0,16(sp)
   17858:	6105                	addi	sp,sp,32
   1785a:	8082                	ret
   1785c:	67e9                	lui	a5,0x1a
   1785e:	26078513          	addi	a0,a5,608 # 1a260 <__clzdi2+0x23c>
   17862:	8082                	ret
   17864:	26078593          	addi	a1,a5,608
   17868:	8522                	mv	a0,s0
   1786a:	e43e                	sd	a5,8(sp)
   1786c:	08c000ef          	jal	178f8 <strcmp>
   17870:	67a2                	ld	a5,8(sp)
   17872:	dd79                	beqz	a0,17850 <setlocale+0x1a>
   17874:	65e9                	lui	a1,0x1a
   17876:	8522                	mv	a0,s0
   17878:	12858593          	addi	a1,a1,296 # 1a128 <__clzdi2+0x104>
   1787c:	07c000ef          	jal	178f8 <strcmp>
   17880:	67a2                	ld	a5,8(sp)
   17882:	d579                	beqz	a0,17850 <setlocale+0x1a>
   17884:	4501                	li	a0,0
   17886:	b7f9                	j	17854 <setlocale+0x1e>

0000000000017888 <_fstat_r>:
   17888:	1101                	addi	sp,sp,-32
   1788a:	87ae                	mv	a5,a1
   1788c:	e822                	sd	s0,16(sp)
   1788e:	e426                	sd	s1,8(sp)
   17890:	85b2                	mv	a1,a2
   17892:	84aa                	mv	s1,a0
   17894:	853e                	mv	a0,a5
   17896:	ec06                	sd	ra,24(sp)
   17898:	2401ac23          	sw	zero,600(gp) # 1c540 <errno>
   1789c:	3b0010ef          	jal	18c4c <_fstat>
   178a0:	57fd                	li	a5,-1
   178a2:	00f50763          	beq	a0,a5,178b0 <_fstat_r+0x28>
   178a6:	60e2                	ld	ra,24(sp)
   178a8:	6442                	ld	s0,16(sp)
   178aa:	64a2                	ld	s1,8(sp)
   178ac:	6105                	addi	sp,sp,32
   178ae:	8082                	ret
   178b0:	2581a783          	lw	a5,600(gp) # 1c540 <errno>
   178b4:	dbed                	beqz	a5,178a6 <_fstat_r+0x1e>
   178b6:	60e2                	ld	ra,24(sp)
   178b8:	6442                	ld	s0,16(sp)
   178ba:	c09c                	sw	a5,0(s1)
   178bc:	64a2                	ld	s1,8(sp)
   178be:	6105                	addi	sp,sp,32
   178c0:	8082                	ret

00000000000178c2 <_isatty_r>:
   178c2:	1101                	addi	sp,sp,-32
   178c4:	e822                	sd	s0,16(sp)
   178c6:	e426                	sd	s1,8(sp)
   178c8:	84aa                	mv	s1,a0
   178ca:	852e                	mv	a0,a1
   178cc:	ec06                	sd	ra,24(sp)
   178ce:	2401ac23          	sw	zero,600(gp) # 1c540 <errno>
   178d2:	3c0010ef          	jal	18c92 <_isatty>
   178d6:	57fd                	li	a5,-1
   178d8:	00f50763          	beq	a0,a5,178e6 <_isatty_r+0x24>
   178dc:	60e2                	ld	ra,24(sp)
   178de:	6442                	ld	s0,16(sp)
   178e0:	64a2                	ld	s1,8(sp)
   178e2:	6105                	addi	sp,sp,32
   178e4:	8082                	ret
   178e6:	2581a783          	lw	a5,600(gp) # 1c540 <errno>
   178ea:	dbed                	beqz	a5,178dc <_isatty_r+0x1a>
   178ec:	60e2                	ld	ra,24(sp)
   178ee:	6442                	ld	s0,16(sp)
   178f0:	c09c                	sw	a5,0(s1)
   178f2:	64a2                	ld	s1,8(sp)
   178f4:	6105                	addi	sp,sp,32
   178f6:	8082                	ret

00000000000178f8 <strcmp>:
   178f8:	00b56733          	or	a4,a0,a1
   178fc:	53fd                	li	t2,-1
   178fe:	8b1d                	andi	a4,a4,7
   17900:	eb4d                	bnez	a4,179b2 <strcmp+0xba>
   17902:	00005797          	auipc	a5,0x5
   17906:	bde7b783          	ld	a5,-1058(a5) # 1c4e0 <mask>
   1790a:	6110                	ld	a2,0(a0)
   1790c:	6194                	ld	a3,0(a1)
   1790e:	00f672b3          	and	t0,a2,a5
   17912:	00f66333          	or	t1,a2,a5
   17916:	92be                	add	t0,t0,a5
   17918:	0062e2b3          	or	t0,t0,t1
   1791c:	0a729963          	bne	t0,t2,179ce <strcmp+0xd6>
   17920:	02d61e63          	bne	a2,a3,1795c <strcmp+0x64>
   17924:	6510                	ld	a2,8(a0)
   17926:	6594                	ld	a3,8(a1)
   17928:	00f672b3          	and	t0,a2,a5
   1792c:	00f66333          	or	t1,a2,a5
   17930:	92be                	add	t0,t0,a5
   17932:	0062e2b3          	or	t0,t0,t1
   17936:	08729a63          	bne	t0,t2,179ca <strcmp+0xd2>
   1793a:	02d61163          	bne	a2,a3,1795c <strcmp+0x64>
   1793e:	6910                	ld	a2,16(a0)
   17940:	6994                	ld	a3,16(a1)
   17942:	00f672b3          	and	t0,a2,a5
   17946:	00f66333          	or	t1,a2,a5
   1794a:	92be                	add	t0,t0,a5
   1794c:	0062e2b3          	or	t0,t0,t1
   17950:	08729363          	bne	t0,t2,179d6 <strcmp+0xde>
   17954:	0561                	addi	a0,a0,24
   17956:	05e1                	addi	a1,a1,24
   17958:	fad609e3          	beq	a2,a3,1790a <strcmp+0x12>
   1795c:	03061713          	slli	a4,a2,0x30
   17960:	03069793          	slli	a5,a3,0x30
   17964:	02f71863          	bne	a4,a5,17994 <strcmp+0x9c>
   17968:	02061713          	slli	a4,a2,0x20
   1796c:	02069793          	slli	a5,a3,0x20
   17970:	02f71263          	bne	a4,a5,17994 <strcmp+0x9c>
   17974:	01061713          	slli	a4,a2,0x10
   17978:	01069793          	slli	a5,a3,0x10
   1797c:	00f71c63          	bne	a4,a5,17994 <strcmp+0x9c>
   17980:	03065713          	srli	a4,a2,0x30
   17984:	0306d793          	srli	a5,a3,0x30
   17988:	40f70533          	sub	a0,a4,a5
   1798c:	0ff57593          	zext.b	a1,a0
   17990:	e991                	bnez	a1,179a4 <strcmp+0xac>
   17992:	8082                	ret
   17994:	9341                	srli	a4,a4,0x30
   17996:	93c1                	srli	a5,a5,0x30
   17998:	40f70533          	sub	a0,a4,a5
   1799c:	0ff57593          	zext.b	a1,a0
   179a0:	e191                	bnez	a1,179a4 <strcmp+0xac>
   179a2:	8082                	ret
   179a4:	0ff77713          	zext.b	a4,a4
   179a8:	0ff7f793          	zext.b	a5,a5
   179ac:	40f70533          	sub	a0,a4,a5
   179b0:	8082                	ret
   179b2:	00054603          	lbu	a2,0(a0)
   179b6:	0005c683          	lbu	a3,0(a1)
   179ba:	0505                	addi	a0,a0,1
   179bc:	0585                	addi	a1,a1,1
   179be:	00d61363          	bne	a2,a3,179c4 <strcmp+0xcc>
   179c2:	fa65                	bnez	a2,179b2 <strcmp+0xba>
   179c4:	40d60533          	sub	a0,a2,a3
   179c8:	8082                	ret
   179ca:	0521                	addi	a0,a0,8
   179cc:	05a1                	addi	a1,a1,8
   179ce:	fed612e3          	bne	a2,a3,179b2 <strcmp+0xba>
   179d2:	4501                	li	a0,0
   179d4:	8082                	ret
   179d6:	0541                	addi	a0,a0,16
   179d8:	05c1                	addi	a1,a1,16
   179da:	fcd61ce3          	bne	a2,a3,179b2 <strcmp+0xba>
   179de:	4501                	li	a0,0
   179e0:	8082                	ret

00000000000179e2 <__assert_func>:
   179e2:	2281b783          	ld	a5,552(gp) # 1c510 <_impure_ptr>
   179e6:	1141                	addi	sp,sp,-16
   179e8:	8832                	mv	a6,a2
   179ea:	e406                	sd	ra,8(sp)
   179ec:	832a                	mv	t1,a0
   179ee:	872e                	mv	a4,a1
   179f0:	6f88                	ld	a0,24(a5)
   179f2:	8636                	mv	a2,a3
   179f4:	00080d63          	beqz	a6,17a0e <__assert_func+0x2c>
   179f8:	67e9                	lui	a5,0x1a
   179fa:	27878793          	addi	a5,a5,632 # 1a278 <__clzdi2+0x254>
   179fe:	65e9                	lui	a1,0x1a
   17a00:	869a                	mv	a3,t1
   17a02:	28858593          	addi	a1,a1,648 # 1a288 <__clzdi2+0x264>
   17a06:	0aa000ef          	jal	17ab0 <fiprintf>
   17a0a:	69f000ef          	jal	188a8 <abort>
   17a0e:	67e9                	lui	a5,0x1a
   17a10:	12878793          	addi	a5,a5,296 # 1a128 <__clzdi2+0x104>
   17a14:	883e                	mv	a6,a5
   17a16:	b7e5                	j	179fe <__assert_func+0x1c>

0000000000017a18 <__assert>:
   17a18:	1141                	addi	sp,sp,-16
   17a1a:	86b2                	mv	a3,a2
   17a1c:	4601                	li	a2,0
   17a1e:	e406                	sd	ra,8(sp)
   17a20:	fc3ff0ef          	jal	179e2 <__assert_func>

0000000000017a24 <_mbtowc_r>:
   17a24:	0d01b783          	ld	a5,208(gp) # 1c3b8 <__global_pointer$+0xd0>
   17a28:	8782                	jr	a5

0000000000017a2a <__ascii_mbtowc>:
   17a2a:	c999                	beqz	a1,17a40 <__ascii_mbtowc+0x16>
   17a2c:	c61d                	beqz	a2,17a5a <__ascii_mbtowc+0x30>
   17a2e:	ca95                	beqz	a3,17a62 <__ascii_mbtowc+0x38>
   17a30:	00064783          	lbu	a5,0(a2) # 2000 <exit-0xe120>
   17a34:	c19c                	sw	a5,0(a1)
   17a36:	00064503          	lbu	a0,0(a2)
   17a3a:	00a03533          	snez	a0,a0
   17a3e:	8082                	ret
   17a40:	1141                	addi	sp,sp,-16
   17a42:	006c                	addi	a1,sp,12
   17a44:	ce09                	beqz	a2,17a5e <__ascii_mbtowc+0x34>
   17a46:	c285                	beqz	a3,17a66 <__ascii_mbtowc+0x3c>
   17a48:	00064783          	lbu	a5,0(a2)
   17a4c:	c19c                	sw	a5,0(a1)
   17a4e:	00064503          	lbu	a0,0(a2)
   17a52:	00a03533          	snez	a0,a0
   17a56:	0141                	addi	sp,sp,16
   17a58:	8082                	ret
   17a5a:	4501                	li	a0,0
   17a5c:	8082                	ret
   17a5e:	4501                	li	a0,0
   17a60:	bfdd                	j	17a56 <__ascii_mbtowc+0x2c>
   17a62:	5579                	li	a0,-2
   17a64:	8082                	ret
   17a66:	5579                	li	a0,-2
   17a68:	b7fd                	j	17a56 <__ascii_mbtowc+0x2c>

0000000000017a6a <_wctomb_r>:
   17a6a:	0c81b783          	ld	a5,200(gp) # 1c3b0 <__global_pointer$+0xc8>
   17a6e:	8782                	jr	a5

0000000000017a70 <__ascii_wctomb>:
   17a70:	cd91                	beqz	a1,17a8c <__ascii_wctomb+0x1c>
   17a72:	0ff00793          	li	a5,255
   17a76:	00c7e663          	bltu	a5,a2,17a82 <__ascii_wctomb+0x12>
   17a7a:	00c58023          	sb	a2,0(a1)
   17a7e:	4505                	li	a0,1
   17a80:	8082                	ret
   17a82:	08a00793          	li	a5,138
   17a86:	c11c                	sw	a5,0(a0)
   17a88:	557d                	li	a0,-1
   17a8a:	8082                	ret
   17a8c:	4501                	li	a0,0
   17a8e:	8082                	ret

0000000000017a90 <_fiprintf_r>:
   17a90:	715d                	addi	sp,sp,-80
   17a92:	02810313          	addi	t1,sp,40
   17a96:	f436                	sd	a3,40(sp)
   17a98:	869a                	mv	a3,t1
   17a9a:	ec06                	sd	ra,24(sp)
   17a9c:	f83a                	sd	a4,48(sp)
   17a9e:	fc3e                	sd	a5,56(sp)
   17aa0:	e0c2                	sd	a6,64(sp)
   17aa2:	e4c6                	sd	a7,72(sp)
   17aa4:	e41a                	sd	t1,8(sp)
   17aa6:	038000ef          	jal	17ade <_vfiprintf_r>
   17aaa:	60e2                	ld	ra,24(sp)
   17aac:	6161                	addi	sp,sp,80
   17aae:	8082                	ret

0000000000017ab0 <fiprintf>:
   17ab0:	715d                	addi	sp,sp,-80
   17ab2:	8eaa                	mv	t4,a0
   17ab4:	2281b503          	ld	a0,552(gp) # 1c510 <_impure_ptr>
   17ab8:	8e2e                	mv	t3,a1
   17aba:	02010313          	addi	t1,sp,32
   17abe:	f032                	sd	a2,32(sp)
   17ac0:	f436                	sd	a3,40(sp)
   17ac2:	85f6                	mv	a1,t4
   17ac4:	8672                	mv	a2,t3
   17ac6:	869a                	mv	a3,t1
   17ac8:	ec06                	sd	ra,24(sp)
   17aca:	f83a                	sd	a4,48(sp)
   17acc:	fc3e                	sd	a5,56(sp)
   17ace:	e0c2                	sd	a6,64(sp)
   17ad0:	e4c6                	sd	a7,72(sp)
   17ad2:	e41a                	sd	t1,8(sp)
   17ad4:	00a000ef          	jal	17ade <_vfiprintf_r>
   17ad8:	60e2                	ld	ra,24(sp)
   17ada:	6161                	addi	sp,sp,80
   17adc:	8082                	ret

0000000000017ade <_vfiprintf_r>:
   17ade:	7145                	addi	sp,sp,-464
   17ae0:	fb4a                	sd	s2,432(sp)
   17ae2:	e362                	sd	s8,384(sp)
   17ae4:	f6ee                	sd	s11,360(sp)
   17ae6:	e786                	sd	ra,456(sp)
   17ae8:	e02a                	sd	a0,0(sp)
   17aea:	8db2                	mv	s11,a2
   17aec:	8c36                	mv	s8,a3
   17aee:	892e                	mv	s2,a1
   17af0:	c501                	beqz	a0,17af8 <_vfiprintf_r+0x1a>
   17af2:	653c                	ld	a5,72(a0)
   17af4:	360780e3          	beqz	a5,18654 <_vfiprintf_r+0xb76>
   17af8:	01091783          	lh	a5,16(s2)
   17afc:	0ac92703          	lw	a4,172(s2)
   17b00:	6609                	lui	a2,0x2
   17b02:	03279693          	slli	a3,a5,0x32
   17b06:	2606c563          	bltz	a3,17d70 <_vfiprintf_r+0x292>
   17b0a:	76f9                	lui	a3,0xffffe
   17b0c:	8fd1                	or	a5,a5,a2
   17b0e:	16fd                	addi	a3,a3,-1 # ffffffffffffdfff <__BSS_END__+0xfffffffffffe1517>
   17b10:	8f75                	and	a4,a4,a3
   17b12:	00f91823          	sh	a5,16(s2)
   17b16:	0107979b          	slliw	a5,a5,0x10
   17b1a:	4107d79b          	sraiw	a5,a5,0x10
   17b1e:	0ae92623          	sw	a4,172(s2)
   17b22:	0087f713          	andi	a4,a5,8
   17b26:	1c070963          	beqz	a4,17cf8 <_vfiprintf_r+0x21a>
   17b2a:	01893703          	ld	a4,24(s2)
   17b2e:	1c070563          	beqz	a4,17cf8 <_vfiprintf_r+0x21a>
   17b32:	8be9                	andi	a5,a5,26
   17b34:	4729                	li	a4,10
   17b36:	1ce78c63          	beq	a5,a4,17d0e <_vfiprintf_r+0x230>
   17b3a:	6769                	lui	a4,0x1a
   17b3c:	ef56                	sd	s5,408(sp)
   17b3e:	eb5a                	sd	s6,400(sp)
   17b40:	0e010a93          	addi	s5,sp,224
   17b44:	6b6d                	lui	s6,0x1b
   17b46:	7a070713          	addi	a4,a4,1952 # 1a7a0 <__mprec_tens+0xc8>
   17b4a:	e3a2                	sd	s0,448(sp)
   17b4c:	ff26                	sd	s1,440(sp)
   17b4e:	f74e                	sd	s3,424(sp)
   17b50:	f352                	sd	s4,416(sp)
   17b52:	e75e                	sd	s7,392(sp)
   17b54:	fee6                	sd	s9,376(sp)
   17b56:	faea                	sd	s10,368(sp)
   17b58:	f882                	sd	zero,112(sp)
   17b5a:	d482                	sw	zero,104(sp)
   17b5c:	f0d6                	sd	s5,96(sp)
   17b5e:	87d6                	mv	a5,s5
   17b60:	ec3a                	sd	a4,24(sp)
   17b62:	910b0b13          	addi	s6,s6,-1776 # 1a910 <zeroes.0>
   17b66:	f802                	sd	zero,48(sp)
   17b68:	e082                	sd	zero,64(sp)
   17b6a:	fc02                	sd	zero,56(sp)
   17b6c:	e402                	sd	zero,8(sp)
   17b6e:	4441                	li	s0,16
   17b70:	cc517057          	vsetivli	zero,2,e8,mf8,ta,ma
   17b74:	000dc683          	lbu	a3,0(s11)
   17b78:	84ee                	mv	s1,s11
   17b7a:	fdb68713          	addi	a4,a3,-37
   17b7e:	0006861b          	sext.w	a2,a3
   17b82:	c721                	beqz	a4,17bca <_vfiprintf_r+0xec>
   17b84:	c239                	beqz	a2,17bca <_vfiprintf_r+0xec>
   17b86:	89a6                	mv	s3,s1
   17b88:	0014c683          	lbu	a3,1(s1)
   17b8c:	0485                	addi	s1,s1,1
   17b8e:	0006871b          	sext.w	a4,a3
   17b92:	c681                	beqz	a3,17b9a <_vfiprintf_r+0xbc>
   17b94:	fdb70713          	addi	a4,a4,-37
   17b98:	f77d                	bnez	a4,17b86 <_vfiprintf_r+0xa8>
   17b9a:	41b48bbb          	subw	s7,s1,s11
   17b9e:	020b8663          	beqz	s7,17bca <_vfiprintf_r+0xec>
   17ba2:	76c6                	ld	a3,112(sp)
   17ba4:	5726                	lw	a4,104(sp)
   17ba6:	01b7b023          	sd	s11,0(a5)
   17baa:	96de                	add	a3,a3,s7
   17bac:	2705                	addiw	a4,a4,1
   17bae:	0177b423          	sd	s7,8(a5)
   17bb2:	f8b6                	sd	a3,112(sp)
   17bb4:	d4ba                	sw	a4,104(sp)
   17bb6:	469d                	li	a3,7
   17bb8:	07c1                	addi	a5,a5,16
   17bba:	16e6c963          	blt	a3,a4,17d2c <_vfiprintf_r+0x24e>
   17bbe:	6722                	ld	a4,8(sp)
   17bc0:	0019c683          	lbu	a3,1(s3)
   17bc4:	0177073b          	addw	a4,a4,s7
   17bc8:	e43a                	sd	a4,8(sp)
   17bca:	16068b63          	beqz	a3,17d40 <_vfiprintf_r+0x262>
   17bce:	0014c703          	lbu	a4,1(s1)
   17bd2:	00148d93          	addi	s11,s1,1
   17bd6:	04010ba3          	sb	zero,87(sp)
   17bda:	587d                	li	a6,-1
   17bdc:	4481                	li	s1,0
   17bde:	4a01                	li	s4,0
   17be0:	05a00993          	li	s3,90
   17be4:	0d85                	addi	s11,s11,1
   17be6:	2701                	sext.w	a4,a4
   17be8:	fe07069b          	addiw	a3,a4,-32
   17bec:	04d9e263          	bltu	s3,a3,17c30 <_vfiprintf_r+0x152>
   17bf0:	02069613          	slli	a2,a3,0x20
   17bf4:	01e65693          	srli	a3,a2,0x1e
   17bf8:	6662                	ld	a2,24(sp)
   17bfa:	96b2                	add	a3,a3,a2
   17bfc:	4294                	lw	a3,0(a3)
   17bfe:	8682                	jr	a3
   17c00:	4481                	li	s1,0
   17c02:	4525                	li	a0,9
   17c04:	000dc603          	lbu	a2,0(s11)
   17c08:	0024969b          	slliw	a3,s1,0x2
   17c0c:	9ea5                	addw	a3,a3,s1
   17c0e:	fd07071b          	addiw	a4,a4,-48
   17c12:	0016969b          	slliw	a3,a3,0x1
   17c16:	fd06059b          	addiw	a1,a2,-48 # 1fd0 <exit-0xe150>
   17c1a:	0d85                	addi	s11,s11,1
   17c1c:	00d704bb          	addw	s1,a4,a3
   17c20:	0006071b          	sext.w	a4,a2
   17c24:	feb570e3          	bgeu	a0,a1,17c04 <_vfiprintf_r+0x126>
   17c28:	fe07069b          	addiw	a3,a4,-32
   17c2c:	fcd9f2e3          	bgeu	s3,a3,17bf0 <_vfiprintf_r+0x112>
   17c30:	10070863          	beqz	a4,17d40 <_vfiprintf_r+0x262>
   17c34:	4b85                	li	s7,1
   17c36:	06e10c23          	sb	a4,120(sp)
   17c3a:	04010ba3          	sb	zero,87(sp)
   17c3e:	89de                	mv	s3,s7
   17c40:	4801                	li	a6,0
   17c42:	07810c93          	addi	s9,sp,120
   17c46:	75c6                	ld	a1,112(sp)
   17c48:	5626                	lw	a2,104(sp)
   17c4a:	084a7f13          	andi	t5,s4,132
   17c4e:	86ae                	mv	a3,a1
   17c50:	8732                	mv	a4,a2
   17c52:	040f1663          	bnez	t5,17c9e <_vfiprintf_r+0x1c0>
   17c56:	41348d3b          	subw	s10,s1,s3
   17c5a:	79a04f63          	bgtz	s10,183f8 <_vfiprintf_r+0x91a>
   17c5e:	05714603          	lbu	a2,87(sp)
   17c62:	c231                	beqz	a2,17ca6 <_vfiprintf_r+0x1c8>
   17c64:	4f01                	li	t5,0
   17c66:	f402                	sd	zero,40(sp)
   17c68:	05710613          	addi	a2,sp,87
   17c6c:	e390                	sd	a2,0(a5)
   17c6e:	0685                	addi	a3,a3,1
   17c70:	4605                	li	a2,1
   17c72:	2705                	addiw	a4,a4,1
   17c74:	e790                	sd	a2,8(a5)
   17c76:	f8b6                	sd	a3,112(sp)
   17c78:	d4ba                	sw	a4,104(sp)
   17c7a:	461d                	li	a2,7
   17c7c:	07c1                	addi	a5,a5,16
   17c7e:	6ae64063          	blt	a2,a4,1831e <_vfiprintf_r+0x840>
   17c82:	7622                	ld	a2,40(sp)
   17c84:	ce09                	beqz	a2,17c9e <_vfiprintf_r+0x1c0>
   17c86:	08b0                	addi	a2,sp,88
   17c88:	e390                	sd	a2,0(a5)
   17c8a:	0689                	addi	a3,a3,2
   17c8c:	4609                	li	a2,2
   17c8e:	2705                	addiw	a4,a4,1
   17c90:	e790                	sd	a2,8(a5)
   17c92:	f8b6                	sd	a3,112(sp)
   17c94:	d4ba                	sw	a4,104(sp)
   17c96:	461d                	li	a2,7
   17c98:	07c1                	addi	a5,a5,16
   17c9a:	66e64163          	blt	a2,a4,182fc <_vfiprintf_r+0x81e>
   17c9e:	08000613          	li	a2,128
   17ca2:	52cf0063          	beq	t5,a2,181c2 <_vfiprintf_r+0x6e4>
   17ca6:	41780d3b          	subw	s10,a6,s7
   17caa:	5ba04863          	bgtz	s10,1825a <_vfiprintf_r+0x77c>
   17cae:	96de                	add	a3,a3,s7
   17cb0:	2705                	addiw	a4,a4,1
   17cb2:	0197b023          	sd	s9,0(a5)
   17cb6:	0177b423          	sd	s7,8(a5)
   17cba:	f8b6                	sd	a3,112(sp)
   17cbc:	d4ba                	sw	a4,104(sp)
   17cbe:	461d                	li	a2,7
   17cc0:	07c1                	addi	a5,a5,16
   17cc2:	60e64763          	blt	a2,a4,182d0 <_vfiprintf_r+0x7f2>
   17cc6:	004a7313          	andi	t1,s4,4
   17cca:	00030663          	beqz	t1,17cd6 <_vfiprintf_r+0x1f8>
   17cce:	41348bbb          	subw	s7,s1,s3
   17cd2:	67704763          	bgtz	s7,18340 <_vfiprintf_r+0x862>
   17cd6:	87a6                	mv	a5,s1
   17cd8:	0134d363          	bge	s1,s3,17cde <_vfiprintf_r+0x200>
   17cdc:	87ce                	mv	a5,s3
   17cde:	6722                	ld	a4,8(sp)
   17ce0:	9fb9                	addw	a5,a5,a4
   17ce2:	e43e                	sd	a5,8(sp)
   17ce4:	60069263          	bnez	a3,182e8 <_vfiprintf_r+0x80a>
   17ce8:	d482                	sw	zero,104(sp)
   17cea:	87d6                	mv	a5,s5
   17cec:	b561                	j	17b74 <_vfiprintf_r+0x96>
   17cee:	000dc703          	lbu	a4,0(s11)
   17cf2:	010a6a13          	ori	s4,s4,16
   17cf6:	b5fd                	j	17be4 <_vfiprintf_r+0x106>
   17cf8:	6502                	ld	a0,0(sp)
   17cfa:	85ca                	mv	a1,s2
   17cfc:	b9bfc0ef          	jal	14896 <__swsetup_r>
   17d00:	ed25                	bnez	a0,17d78 <_vfiprintf_r+0x29a>
   17d02:	01091783          	lh	a5,16(s2)
   17d06:	4729                	li	a4,10
   17d08:	8be9                	andi	a5,a5,26
   17d0a:	e2e798e3          	bne	a5,a4,17b3a <_vfiprintf_r+0x5c>
   17d0e:	01291783          	lh	a5,18(s2)
   17d12:	e207c4e3          	bltz	a5,17b3a <_vfiprintf_r+0x5c>
   17d16:	6502                	ld	a0,0(sp)
   17d18:	60be                	ld	ra,456(sp)
   17d1a:	86e2                	mv	a3,s8
   17d1c:	866e                	mv	a2,s11
   17d1e:	6c1a                	ld	s8,384(sp)
   17d20:	7db6                	ld	s11,360(sp)
   17d22:	85ca                	mv	a1,s2
   17d24:	795a                	ld	s2,432(sp)
   17d26:	6179                	addi	sp,sp,464
   17d28:	2ef0006f          	j	18816 <__sbprintf>
   17d2c:	6502                	ld	a0,0(sp)
   17d2e:	1090                	addi	a2,sp,96
   17d30:	85ca                	mv	a1,s2
   17d32:	d0afc0ef          	jal	1423c <__sprint_r>
   17d36:	e901                	bnez	a0,17d46 <_vfiprintf_r+0x268>
   17d38:	87d6                	mv	a5,s5
   17d3a:	cc517057          	vsetivli	zero,2,e8,mf8,ta,ma
   17d3e:	b541                	j	17bbe <_vfiprintf_r+0xe0>
   17d40:	77c6                	ld	a5,112(sp)
   17d42:	1e079ae3          	bnez	a5,18736 <_vfiprintf_r+0xc58>
   17d46:	01095783          	lhu	a5,16(s2)
   17d4a:	641e                	ld	s0,448(sp)
   17d4c:	74fa                	ld	s1,440(sp)
   17d4e:	0407f793          	andi	a5,a5,64
   17d52:	79ba                	ld	s3,424(sp)
   17d54:	7a1a                	ld	s4,416(sp)
   17d56:	6afa                	ld	s5,408(sp)
   17d58:	6b5a                	ld	s6,400(sp)
   17d5a:	6bba                	ld	s7,392(sp)
   17d5c:	7cf6                	ld	s9,376(sp)
   17d5e:	7d56                	ld	s10,368(sp)
   17d60:	ef81                	bnez	a5,17d78 <_vfiprintf_r+0x29a>
   17d62:	60be                	ld	ra,456(sp)
   17d64:	6522                	ld	a0,8(sp)
   17d66:	795a                	ld	s2,432(sp)
   17d68:	6c1a                	ld	s8,384(sp)
   17d6a:	7db6                	ld	s11,360(sp)
   17d6c:	6179                	addi	sp,sp,464
   17d6e:	8082                	ret
   17d70:	03271693          	slli	a3,a4,0x32
   17d74:	da06d7e3          	bgez	a3,17b22 <_vfiprintf_r+0x44>
   17d78:	57fd                	li	a5,-1
   17d7a:	e43e                	sd	a5,8(sp)
   17d7c:	b7dd                	j	17d62 <_vfiprintf_r+0x284>
   17d7e:	020a7693          	andi	a3,s4,32
   17d82:	008c0713          	addi	a4,s8,8
   17d86:	eaf1                	bnez	a3,17e5a <_vfiprintf_r+0x37c>
   17d88:	010a7693          	andi	a3,s4,16
   17d8c:	260698e3          	bnez	a3,187fc <_vfiprintf_r+0xd1e>
   17d90:	040a7693          	andi	a3,s4,64
   17d94:	000c2d03          	lw	s10,0(s8)
   17d98:	100680e3          	beqz	a3,18698 <_vfiprintf_r+0xbba>
   17d9c:	010d1d1b          	slliw	s10,s10,0x10
   17da0:	410d5d1b          	sraiw	s10,s10,0x10
   17da4:	8c3a                	mv	s8,a4
   17da6:	86ea                	mv	a3,s10
   17da8:	0a06cf63          	bltz	a3,17e66 <_vfiprintf_r+0x388>
   17dac:	0c084763          	bltz	a6,17e7a <_vfiprintf_r+0x39c>
   17db0:	f7fa7a13          	andi	s4,s4,-129
   17db4:	0c081363          	bnez	a6,17e7a <_vfiprintf_r+0x39c>
   17db8:	0c0d1163          	bnez	s10,17e7a <_vfiprintf_r+0x39c>
   17dbc:	05714703          	lbu	a4,87(sp)
   17dc0:	4b81                	li	s7,0
   17dc2:	4801                	li	a6,0
   17dc4:	0dc10c93          	addi	s9,sp,220
   17dc8:	28070963          	beqz	a4,1805a <_vfiprintf_r+0x57c>
   17dcc:	4985                	li	s3,1
   17dce:	76c6                	ld	a3,112(sp)
   17dd0:	5726                	lw	a4,104(sp)
   17dd2:	084a7f13          	andi	t5,s4,132
   17dd6:	85b6                	mv	a1,a3
   17dd8:	863a                	mv	a2,a4
   17dda:	e60f0ee3          	beqz	t5,17c56 <_vfiprintf_r+0x178>
   17dde:	f402                	sd	zero,40(sp)
   17de0:	b561                	j	17c68 <_vfiprintf_r+0x18a>
   17de2:	000c3c83          	ld	s9,0(s8)
   17de6:	04010ba3          	sb	zero,87(sp)
   17dea:	0c21                	addi	s8,s8,8
   17dec:	080c86e3          	beqz	s9,18678 <_vfiprintf_r+0xb9a>
   17df0:	7a084863          	bltz	a6,185a0 <_vfiprintf_r+0xac2>
   17df4:	8642                	mv	a2,a6
   17df6:	4581                	li	a1,0
   17df8:	8566                	mv	a0,s9
   17dfa:	f03e                	sd	a5,32(sp)
   17dfc:	e842                	sd	a6,16(sp)
   17dfe:	b89fc0ef          	jal	14986 <memchr>
   17e02:	05714703          	lbu	a4,87(sp)
   17e06:	6842                	ld	a6,16(sp)
   17e08:	7782                	ld	a5,32(sp)
   17e0a:	1a0503e3          	beqz	a0,187b0 <_vfiprintf_r+0xcd2>
   17e0e:	41950bbb          	subw	s7,a0,s9
   17e12:	86de                	mv	a3,s7
   17e14:	000bd363          	bgez	s7,17e1a <_vfiprintf_r+0x33c>
   17e18:	4681                	li	a3,0
   17e1a:	0006899b          	sext.w	s3,a3
   17e1e:	7a070e63          	beqz	a4,185da <_vfiprintf_r+0xafc>
   17e22:	0016899b          	addiw	s3,a3,1
   17e26:	4801                	li	a6,0
   17e28:	cc517057          	vsetivli	zero,2,e8,mf8,ta,ma
   17e2c:	b74d                	j	17dce <_vfiprintf_r+0x2f0>
   17e2e:	000c2703          	lw	a4,0(s8)
   17e32:	4b85                	li	s7,1
   17e34:	04010ba3          	sb	zero,87(sp)
   17e38:	06e10c23          	sb	a4,120(sp)
   17e3c:	0c21                	addi	s8,s8,8
   17e3e:	89de                	mv	s3,s7
   17e40:	4801                	li	a6,0
   17e42:	07810c93          	addi	s9,sp,120
   17e46:	b501                	j	17c46 <_vfiprintf_r+0x168>
   17e48:	020a7713          	andi	a4,s4,32
   17e4c:	010a6313          	ori	t1,s4,16
   17e50:	66070963          	beqz	a4,184c2 <_vfiprintf_r+0x9e4>
   17e54:	8a1a                	mv	s4,t1
   17e56:	008c0713          	addi	a4,s8,8
   17e5a:	000c3683          	ld	a3,0(s8)
   17e5e:	8c3a                	mv	s8,a4
   17e60:	8d36                	mv	s10,a3
   17e62:	f406d5e3          	bgez	a3,17dac <_vfiprintf_r+0x2ce>
   17e66:	02d00713          	li	a4,45
   17e6a:	04e10ba3          	sb	a4,87(sp)
   17e6e:	41a00d33          	neg	s10,s10
   17e72:	00084463          	bltz	a6,17e7a <_vfiprintf_r+0x39c>
   17e76:	f7fa7a13          	andi	s4,s4,-129
   17e7a:	46a5                	li	a3,9
   17e7c:	1fa6ef63          	bltu	a3,s10,1807a <_vfiprintf_r+0x59c>
   17e80:	030d0d1b          	addiw	s10,s10,48
   17e84:	0da10da3          	sb	s10,219(sp)
   17e88:	8742                	mv	a4,a6
   17e8a:	01004363          	bgtz	a6,17e90 <_vfiprintf_r+0x3b2>
   17e8e:	4705                	li	a4,1
   17e90:	05714683          	lbu	a3,87(sp)
   17e94:	0007099b          	sext.w	s3,a4
   17e98:	5e069e63          	bnez	a3,18494 <_vfiprintf_r+0x9b6>
   17e9c:	4b85                	li	s7,1
   17e9e:	0db10c93          	addi	s9,sp,219
   17ea2:	b355                	j	17c46 <_vfiprintf_r+0x168>
   17ea4:	000c2483          	lw	s1,0(s8)
   17ea8:	5c04db63          	bgez	s1,1847e <_vfiprintf_r+0x9a0>
   17eac:	409004bb          	negw	s1,s1
   17eb0:	0c21                	addi	s8,s8,8
   17eb2:	000dc703          	lbu	a4,0(s11)
   17eb6:	004a6a13          	ori	s4,s4,4
   17eba:	b32d                	j	17be4 <_vfiprintf_r+0x106>
   17ebc:	02b00713          	li	a4,43
   17ec0:	04e10ba3          	sb	a4,87(sp)
   17ec4:	000dc703          	lbu	a4,0(s11)
   17ec8:	bb31                	j	17be4 <_vfiprintf_r+0x106>
   17eca:	020a7713          	andi	a4,s4,32
   17ece:	18071863          	bnez	a4,1805e <_vfiprintf_r+0x580>
   17ed2:	010a7993          	andi	s3,s4,16
   17ed6:	008c0713          	addi	a4,s8,8
   17eda:	120993e3          	bnez	s3,18800 <_vfiprintf_r+0xd22>
   17ede:	040a7693          	andi	a3,s4,64
   17ee2:	000c2d03          	lw	s10,0(s8)
   17ee6:	6e068f63          	beqz	a3,185e4 <_vfiprintf_r+0xb06>
   17eea:	1d42                	slli	s10,s10,0x30
   17eec:	04010ba3          	sb	zero,87(sp)
   17ef0:	030d5d13          	srli	s10,s10,0x30
   17ef4:	70084263          	bltz	a6,185f8 <_vfiprintf_r+0xb1a>
   17ef8:	f7fa7a13          	andi	s4,s4,-129
   17efc:	6e0d1e63          	bnez	s10,185f8 <_vfiprintf_r+0xb1a>
   17f00:	6e081c63          	bnez	a6,185f8 <_vfiprintf_r+0xb1a>
   17f04:	8c3a                	mv	s8,a4
   17f06:	4b81                	li	s7,0
   17f08:	0dc10c93          	addi	s9,sp,220
   17f0c:	bb2d                	j	17c46 <_vfiprintf_r+0x168>
   17f0e:	000dc703          	lbu	a4,0(s11)
   17f12:	020a6a13          	ori	s4,s4,32
   17f16:	b1f9                	j	17be4 <_vfiprintf_r+0x106>
   17f18:	5208a0d7          	vid.v	v1
   17f1c:	04800713          	li	a4,72
   17f20:	961760d7          	vmul.vx	v1,v1,a4
   17f24:	03000713          	li	a4,48
   17f28:	08b0                	addi	a2,sp,88
   17f2a:	04010ba3          	sb	zero,87(sp)
   17f2e:	021740d7          	vadd.vx	v1,v1,a4
   17f32:	000c3683          	ld	a3,0(s8)
   17f36:	008c0713          	addi	a4,s8,8
   17f3a:	020600a7          	vse8.v	v1,(a2)
   17f3e:	58084c63          	bltz	a6,184d6 <_vfiprintf_r+0x9f8>
   17f42:	f7fa7313          	andi	t1,s4,-129
   17f46:	00236a13          	ori	s4,t1,2
   17f4a:	0a0693e3          	bnez	a3,187f0 <_vfiprintf_r+0xd12>
   17f4e:	0a0811e3          	bnez	a6,187f0 <_vfiprintf_r+0xd12>
   17f52:	8c3a                	mv	s8,a4
   17f54:	4b81                	li	s7,0
   17f56:	4981                	li	s3,0
   17f58:	0dc10c93          	addi	s9,sp,220
   17f5c:	75c6                	ld	a1,112(sp)
   17f5e:	5626                	lw	a2,104(sp)
   17f60:	084a7f13          	andi	t5,s4,132
   17f64:	2989                	addiw	s3,s3,2
   17f66:	86ae                	mv	a3,a1
   17f68:	8732                	mv	a4,a2
   17f6a:	d00f1ee3          	bnez	t5,17c86 <_vfiprintf_r+0x1a8>
   17f6e:	41348d3b          	subw	s10,s1,s3
   17f72:	d1a05ae3          	blez	s10,17c86 <_vfiprintf_r+0x1a8>
   17f76:	4709                	li	a4,2
   17f78:	f43a                	sd	a4,40(sp)
   17f7a:	a141                	j	183fa <_vfiprintf_r+0x91c>
   17f7c:	020a7693          	andi	a3,s4,32
   17f80:	008c0713          	addi	a4,s8,8
   17f84:	54069763          	bnez	a3,184d2 <_vfiprintf_r+0x9f4>
   17f88:	010a7693          	andi	a3,s4,16
   17f8c:	54069363          	bnez	a3,184d2 <_vfiprintf_r+0x9f4>
   17f90:	040a7613          	andi	a2,s4,64
   17f94:	000c2683          	lw	a3,0(s8)
   17f98:	70060b63          	beqz	a2,186ae <_vfiprintf_r+0xbd0>
   17f9c:	16c2                	slli	a3,a3,0x30
   17f9e:	92c1                	srli	a3,a3,0x30
   17fa0:	8c3a                	mv	s8,a4
   17fa2:	89d2                	mv	s3,s4
   17fa4:	a889                	j	17ff6 <_vfiprintf_r+0x518>
   17fa6:	020a7713          	andi	a4,s4,32
   17faa:	000c3683          	ld	a3,0(s8)
   17fae:	0c21                	addi	s8,s8,8
   17fb0:	e305                	bnez	a4,17fd0 <_vfiprintf_r+0x4f2>
   17fb2:	010a7713          	andi	a4,s4,16
   17fb6:	ef09                	bnez	a4,17fd0 <_vfiprintf_r+0x4f2>
   17fb8:	040a7713          	andi	a4,s4,64
   17fbc:	74071463          	bnez	a4,18704 <_vfiprintf_r+0xc26>
   17fc0:	200a7313          	andi	t1,s4,512
   17fc4:	6722                	ld	a4,8(sp)
   17fc6:	000303e3          	beqz	t1,187cc <_vfiprintf_r+0xcee>
   17fca:	00e68023          	sb	a4,0(a3)
   17fce:	b65d                	j	17b74 <_vfiprintf_r+0x96>
   17fd0:	6722                	ld	a4,8(sp)
   17fd2:	e298                	sd	a4,0(a3)
   17fd4:	b645                	j	17b74 <_vfiprintf_r+0x96>
   17fd6:	000dc703          	lbu	a4,0(s11)
   17fda:	06c00693          	li	a3,108
   17fde:	66d70f63          	beq	a4,a3,1865c <_vfiprintf_r+0xb7e>
   17fe2:	010a6a13          	ori	s4,s4,16
   17fe6:	befd                	j	17be4 <_vfiprintf_r+0x106>
   17fe8:	010a6993          	ori	s3,s4,16
   17fec:	008c0713          	addi	a4,s8,8
   17ff0:	000c3683          	ld	a3,0(s8)
   17ff4:	8c3a                	mv	s8,a4
   17ff6:	04010ba3          	sb	zero,87(sp)
   17ffa:	bff9fa13          	andi	s4,s3,-1025
   17ffe:	3a084f63          	bltz	a6,183bc <_vfiprintf_r+0x8de>
   18002:	b7f9fa13          	andi	s4,s3,-1153
   18006:	3a069b63          	bnez	a3,183bc <_vfiprintf_r+0x8de>
   1800a:	3a081963          	bnez	a6,183bc <_vfiprintf_r+0x8de>
   1800e:	0019f993          	andi	s3,s3,1
   18012:	46098b63          	beqz	s3,18488 <_vfiprintf_r+0x9aa>
   18016:	03000713          	li	a4,48
   1801a:	0ce10da3          	sb	a4,219(sp)
   1801e:	8bce                	mv	s7,s3
   18020:	0db10c93          	addi	s9,sp,219
   18024:	b10d                	j	17c46 <_vfiprintf_r+0x168>
   18026:	020a7713          	andi	a4,s4,32
   1802a:	010a6313          	ori	t1,s4,16
   1802e:	eb0d                	bnez	a4,18060 <_vfiprintf_r+0x582>
   18030:	008c0713          	addi	a4,s8,8
   18034:	04010ba3          	sb	zero,87(sp)
   18038:	000c3d03          	ld	s10,0(s8)
   1803c:	86ba                	mv	a3,a4
   1803e:	8c3a                	mv	s8,a4
   18040:	8a1a                	mv	s4,t1
   18042:	e2084ce3          	bltz	a6,17e7a <_vfiprintf_r+0x39c>
   18046:	f7f37a13          	andi	s4,t1,-129
   1804a:	8c36                	mv	s8,a3
   1804c:	e20817e3          	bnez	a6,17e7a <_vfiprintf_r+0x39c>
   18050:	e20d15e3          	bnez	s10,17e7a <_vfiprintf_r+0x39c>
   18054:	4b81                	li	s7,0
   18056:	0dc10c93          	addi	s9,sp,220
   1805a:	4981                	li	s3,0
   1805c:	b6ed                	j	17c46 <_vfiprintf_r+0x168>
   1805e:	8352                	mv	t1,s4
   18060:	008c0693          	addi	a3,s8,8
   18064:	04010ba3          	sb	zero,87(sp)
   18068:	000c3d03          	ld	s10,0(s8)
   1806c:	8a1a                	mv	s4,t1
   1806e:	8c36                	mv	s8,a3
   18070:	fc085be3          	bgez	a6,18046 <_vfiprintf_r+0x568>
   18074:	46a5                	li	a3,9
   18076:	e1a6f5e3          	bgeu	a3,s10,17e80 <_vfiprintf_r+0x3a2>
   1807a:	ccccd737          	lui	a4,0xccccd
   1807e:	ccd70713          	addi	a4,a4,-819 # ffffffffcccccccd <__BSS_END__+0xffffffffcccb01e5>
   18082:	02071993          	slli	s3,a4,0x20
   18086:	0dc10b93          	addi	s7,sp,220
   1808a:	99ba                	add	s3,s3,a4
   1808c:	865e                	mv	a2,s7
   1808e:	400a7e93          	andi	t4,s4,1024
   18092:	4581                	li	a1,0
   18094:	a809                	j	180a6 <_vfiprintf_r+0x5c8>
   18096:	876a                	mv	a4,s10
   18098:	033d3d33          	mulhu	s10,s10,s3
   1809c:	8666                	mv	a2,s9
   1809e:	003d5d13          	srli	s10,s10,0x3
   180a2:	02e6fe63          	bgeu	a3,a4,180de <_vfiprintf_r+0x600>
   180a6:	033d3533          	mulhu	a0,s10,s3
   180aa:	2585                	addiw	a1,a1,1
   180ac:	fff60c93          	addi	s9,a2,-1
   180b0:	810d                	srli	a0,a0,0x3
   180b2:	00251713          	slli	a4,a0,0x2
   180b6:	972a                	add	a4,a4,a0
   180b8:	0706                	slli	a4,a4,0x1
   180ba:	40ed0733          	sub	a4,s10,a4
   180be:	0307071b          	addiw	a4,a4,48
   180c2:	fee60fa3          	sb	a4,-1(a2)
   180c6:	fc0e88e3          	beqz	t4,18096 <_vfiprintf_r+0x5b8>
   180ca:	7742                	ld	a4,48(sp)
   180cc:	00074703          	lbu	a4,0(a4)
   180d0:	fcb713e3          	bne	a4,a1,18096 <_vfiprintf_r+0x5b8>
   180d4:	f0170713          	addi	a4,a4,-255
   180d8:	df5d                	beqz	a4,18096 <_vfiprintf_r+0x5b8>
   180da:	67a6e563          	bltu	a3,s10,18744 <_vfiprintf_r+0xc66>
   180de:	419b8bbb          	subw	s7,s7,s9
   180e2:	05714703          	lbu	a4,87(sp)
   180e6:	0008099b          	sext.w	s3,a6
   180ea:	01785463          	bge	a6,s7,180f2 <_vfiprintf_r+0x614>
   180ee:	000b899b          	sext.w	s3,s7
   180f2:	46070d63          	beqz	a4,1856c <_vfiprintf_r+0xa8e>
   180f6:	2985                	addiw	s3,s3,1
   180f8:	a995                	j	1856c <_vfiprintf_r+0xa8e>
   180fa:	6b82                	ld	s7,0(sp)
   180fc:	f042                	sd	a6,32(sp)
   180fe:	e83e                	sd	a5,16(sp)
   18100:	855e                	mv	a0,s7
   18102:	9a5fc0ef          	jal	14aa6 <_localeconv_r>
   18106:	651c                	ld	a5,8(a0)
   18108:	853e                	mv	a0,a5
   1810a:	fc3e                	sd	a5,56(sp)
   1810c:	bc9fc0ef          	jal	14cd4 <strlen>
   18110:	872a                	mv	a4,a0
   18112:	855e                	mv	a0,s7
   18114:	e0ba                	sd	a4,64(sp)
   18116:	8bba                	mv	s7,a4
   18118:	98ffc0ef          	jal	14aa6 <_localeconv_r>
   1811c:	6914                	ld	a3,16(a0)
   1811e:	000dc703          	lbu	a4,0(s11)
   18122:	67c2                	ld	a5,16(sp)
   18124:	f836                	sd	a3,48(sp)
   18126:	7802                	ld	a6,32(sp)
   18128:	5a0b8163          	beqz	s7,186ca <_vfiprintf_r+0xbec>
   1812c:	4a068163          	beqz	a3,185ce <_vfiprintf_r+0xaf0>
   18130:	0006c683          	lbu	a3,0(a3)
   18134:	54068e63          	beqz	a3,18690 <_vfiprintf_r+0xbb2>
   18138:	400a6a13          	ori	s4,s4,1024
   1813c:	cc517057          	vsetivli	zero,2,e8,mf8,ta,ma
   18140:	b455                	j	17be4 <_vfiprintf_r+0x106>
   18142:	000dc703          	lbu	a4,0(s11)
   18146:	080a6a13          	ori	s4,s4,128
   1814a:	bc69                	j	17be4 <_vfiprintf_r+0x106>
   1814c:	000dc703          	lbu	a4,0(s11)
   18150:	02a00693          	li	a3,42
   18154:	001d8513          	addi	a0,s11,1
   18158:	66d70f63          	beq	a4,a3,187d6 <_vfiprintf_r+0xcf8>
   1815c:	fd07061b          	addiw	a2,a4,-48
   18160:	4825                	li	a6,9
   18162:	4581                	li	a1,0
   18164:	66c86063          	bltu	a6,a2,187c4 <_vfiprintf_r+0xce6>
   18168:	0025969b          	slliw	a3,a1,0x2
   1816c:	00054703          	lbu	a4,0(a0)
   18170:	9ead                	addw	a3,a3,a1
   18172:	0016969b          	slliw	a3,a3,0x1
   18176:	00c685bb          	addw	a1,a3,a2
   1817a:	fd07061b          	addiw	a2,a4,-48
   1817e:	0505                	addi	a0,a0,1
   18180:	fec874e3          	bgeu	a6,a2,18168 <_vfiprintf_r+0x68a>
   18184:	0005881b          	sext.w	a6,a1
   18188:	3805c663          	bltz	a1,18514 <_vfiprintf_r+0xa36>
   1818c:	8daa                	mv	s11,a0
   1818e:	bca9                	j	17be8 <_vfiprintf_r+0x10a>
   18190:	000dc703          	lbu	a4,0(s11)
   18194:	001a6a13          	ori	s4,s4,1
   18198:	b4b1                	j	17be4 <_vfiprintf_r+0x106>
   1819a:	05714683          	lbu	a3,87(sp)
   1819e:	000dc703          	lbu	a4,0(s11)
   181a2:	a40691e3          	bnez	a3,17be4 <_vfiprintf_r+0x106>
   181a6:	02000693          	li	a3,32
   181aa:	04d10ba3          	sb	a3,87(sp)
   181ae:	bc1d                	j	17be4 <_vfiprintf_r+0x106>
   181b0:	000dc703          	lbu	a4,0(s11)
   181b4:	06800693          	li	a3,104
   181b8:	4ad70963          	beq	a4,a3,1866a <_vfiprintf_r+0xb8c>
   181bc:	040a6a13          	ori	s4,s4,64
   181c0:	b415                	j	17be4 <_vfiprintf_r+0x106>
   181c2:	41348d3b          	subw	s10,s1,s3
   181c6:	afa050e3          	blez	s10,17ca6 <_vfiprintf_r+0x1c8>
   181ca:	666d                	lui	a2,0x1b
   181cc:	91060613          	addi	a2,a2,-1776 # 1a910 <zeroes.0>
   181d0:	4f41                	li	t5,16
   181d2:	e832                	sd	a2,16(sp)
   181d4:	4f9d                	li	t6,7
   181d6:	01af4663          	blt	t5,s10,181e2 <_vfiprintf_r+0x704>
   181da:	a091                	j	1821e <_vfiprintf_r+0x740>
   181dc:	3d41                	addiw	s10,s10,-16
   181de:	05af5063          	bge	t5,s10,1821e <_vfiprintf_r+0x740>
   181e2:	6642                	ld	a2,16(sp)
   181e4:	06c1                	addi	a3,a3,16
   181e6:	2705                	addiw	a4,a4,1
   181e8:	e390                	sd	a2,0(a5)
   181ea:	01e7b423          	sd	t5,8(a5)
   181ee:	f8b6                	sd	a3,112(sp)
   181f0:	d4ba                	sw	a4,104(sp)
   181f2:	07c1                	addi	a5,a5,16
   181f4:	feefd4e3          	bge	t6,a4,181dc <_vfiprintf_r+0x6fe>
   181f8:	6502                	ld	a0,0(sp)
   181fa:	1090                	addi	a2,sp,96
   181fc:	85ca                	mv	a1,s2
   181fe:	f042                	sd	a6,32(sp)
   18200:	83cfc0ef          	jal	1423c <__sprint_r>
   18204:	b40511e3          	bnez	a0,17d46 <_vfiprintf_r+0x268>
   18208:	4f41                	li	t5,16
   1820a:	3d41                	addiw	s10,s10,-16
   1820c:	76c6                	ld	a3,112(sp)
   1820e:	5726                	lw	a4,104(sp)
   18210:	7802                	ld	a6,32(sp)
   18212:	87d6                	mv	a5,s5
   18214:	4f9d                	li	t6,7
   18216:	cc517057          	vsetivli	zero,2,e8,mf8,ta,ma
   1821a:	fdaf44e3          	blt	t5,s10,181e2 <_vfiprintf_r+0x704>
   1821e:	6642                	ld	a2,16(sp)
   18220:	96ea                	add	a3,a3,s10
   18222:	2705                	addiw	a4,a4,1
   18224:	e390                	sd	a2,0(a5)
   18226:	01a7b423          	sd	s10,8(a5)
   1822a:	f8b6                	sd	a3,112(sp)
   1822c:	d4ba                	sw	a4,104(sp)
   1822e:	461d                	li	a2,7
   18230:	07c1                	addi	a5,a5,16
   18232:	a6e65ae3          	bge	a2,a4,17ca6 <_vfiprintf_r+0x1c8>
   18236:	6502                	ld	a0,0(sp)
   18238:	1090                	addi	a2,sp,96
   1823a:	85ca                	mv	a1,s2
   1823c:	e842                	sd	a6,16(sp)
   1823e:	ffffb0ef          	jal	1423c <__sprint_r>
   18242:	b00512e3          	bnez	a0,17d46 <_vfiprintf_r+0x268>
   18246:	6842                	ld	a6,16(sp)
   18248:	76c6                	ld	a3,112(sp)
   1824a:	5726                	lw	a4,104(sp)
   1824c:	41780d3b          	subw	s10,a6,s7
   18250:	87d6                	mv	a5,s5
   18252:	cc517057          	vsetivli	zero,2,e8,mf8,ta,ma
   18256:	a5a05ce3          	blez	s10,17cae <_vfiprintf_r+0x1d0>
   1825a:	49a45163          	bge	s0,s10,186dc <_vfiprintf_r+0xbfe>
   1825e:	e85a                	sd	s6,16(sp)
   18260:	4e9d                	li	t4,7
   18262:	a021                	j	1826a <_vfiprintf_r+0x78c>
   18264:	3d41                	addiw	s10,s10,-16
   18266:	03a45c63          	bge	s0,s10,1829e <_vfiprintf_r+0x7c0>
   1826a:	06c1                	addi	a3,a3,16
   1826c:	2705                	addiw	a4,a4,1
   1826e:	0167b023          	sd	s6,0(a5)
   18272:	e780                	sd	s0,8(a5)
   18274:	f8b6                	sd	a3,112(sp)
   18276:	d4ba                	sw	a4,104(sp)
   18278:	07c1                	addi	a5,a5,16
   1827a:	feeed5e3          	bge	t4,a4,18264 <_vfiprintf_r+0x786>
   1827e:	6502                	ld	a0,0(sp)
   18280:	1090                	addi	a2,sp,96
   18282:	85ca                	mv	a1,s2
   18284:	fb9fb0ef          	jal	1423c <__sprint_r>
   18288:	aa051fe3          	bnez	a0,17d46 <_vfiprintf_r+0x268>
   1828c:	3d41                	addiw	s10,s10,-16
   1828e:	76c6                	ld	a3,112(sp)
   18290:	5726                	lw	a4,104(sp)
   18292:	87d6                	mv	a5,s5
   18294:	4e9d                	li	t4,7
   18296:	cc517057          	vsetivli	zero,2,e8,mf8,ta,ma
   1829a:	fda448e3          	blt	s0,s10,1826a <_vfiprintf_r+0x78c>
   1829e:	6642                	ld	a2,16(sp)
   182a0:	96ea                	add	a3,a3,s10
   182a2:	2705                	addiw	a4,a4,1
   182a4:	e390                	sd	a2,0(a5)
   182a6:	01a7b423          	sd	s10,8(a5)
   182aa:	f8b6                	sd	a3,112(sp)
   182ac:	d4ba                	sw	a4,104(sp)
   182ae:	461d                	li	a2,7
   182b0:	07c1                	addi	a5,a5,16
   182b2:	9ee65ee3          	bge	a2,a4,17cae <_vfiprintf_r+0x1d0>
   182b6:	6502                	ld	a0,0(sp)
   182b8:	1090                	addi	a2,sp,96
   182ba:	85ca                	mv	a1,s2
   182bc:	f81fb0ef          	jal	1423c <__sprint_r>
   182c0:	a80513e3          	bnez	a0,17d46 <_vfiprintf_r+0x268>
   182c4:	76c6                	ld	a3,112(sp)
   182c6:	5726                	lw	a4,104(sp)
   182c8:	87d6                	mv	a5,s5
   182ca:	cc517057          	vsetivli	zero,2,e8,mf8,ta,ma
   182ce:	b2c5                	j	17cae <_vfiprintf_r+0x1d0>
   182d0:	6502                	ld	a0,0(sp)
   182d2:	1090                	addi	a2,sp,96
   182d4:	85ca                	mv	a1,s2
   182d6:	f67fb0ef          	jal	1423c <__sprint_r>
   182da:	a60516e3          	bnez	a0,17d46 <_vfiprintf_r+0x268>
   182de:	76c6                	ld	a3,112(sp)
   182e0:	87d6                	mv	a5,s5
   182e2:	cc517057          	vsetivli	zero,2,e8,mf8,ta,ma
   182e6:	b2c5                	j	17cc6 <_vfiprintf_r+0x1e8>
   182e8:	6502                	ld	a0,0(sp)
   182ea:	1090                	addi	a2,sp,96
   182ec:	85ca                	mv	a1,s2
   182ee:	f4ffb0ef          	jal	1423c <__sprint_r>
   182f2:	a4051ae3          	bnez	a0,17d46 <_vfiprintf_r+0x268>
   182f6:	cc517057          	vsetivli	zero,2,e8,mf8,ta,ma
   182fa:	b2fd                	j	17ce8 <_vfiprintf_r+0x20a>
   182fc:	6502                	ld	a0,0(sp)
   182fe:	1090                	addi	a2,sp,96
   18300:	85ca                	mv	a1,s2
   18302:	f042                	sd	a6,32(sp)
   18304:	e87a                	sd	t5,16(sp)
   18306:	f37fb0ef          	jal	1423c <__sprint_r>
   1830a:	a2051ee3          	bnez	a0,17d46 <_vfiprintf_r+0x268>
   1830e:	76c6                	ld	a3,112(sp)
   18310:	5726                	lw	a4,104(sp)
   18312:	7802                	ld	a6,32(sp)
   18314:	6f42                	ld	t5,16(sp)
   18316:	87d6                	mv	a5,s5
   18318:	cc517057          	vsetivli	zero,2,e8,mf8,ta,ma
   1831c:	b249                	j	17c9e <_vfiprintf_r+0x1c0>
   1831e:	6502                	ld	a0,0(sp)
   18320:	1090                	addi	a2,sp,96
   18322:	85ca                	mv	a1,s2
   18324:	f042                	sd	a6,32(sp)
   18326:	e87a                	sd	t5,16(sp)
   18328:	f15fb0ef          	jal	1423c <__sprint_r>
   1832c:	a0051de3          	bnez	a0,17d46 <_vfiprintf_r+0x268>
   18330:	76c6                	ld	a3,112(sp)
   18332:	5726                	lw	a4,104(sp)
   18334:	7802                	ld	a6,32(sp)
   18336:	6f42                	ld	t5,16(sp)
   18338:	87d6                	mv	a5,s5
   1833a:	cc517057          	vsetivli	zero,2,e8,mf8,ta,ma
   1833e:	b291                	j	17c82 <_vfiprintf_r+0x1a4>
   18340:	6f6d                	lui	t5,0x1b
   18342:	4d41                	li	s10,16
   18344:	5726                	lw	a4,104(sp)
   18346:	920f0f13          	addi	t5,t5,-1760 # 1a920 <blanks.1>
   1834a:	4a1d                	li	s4,7
   1834c:	017d4663          	blt	s10,s7,18358 <_vfiprintf_r+0x87a>
   18350:	a081                	j	18390 <_vfiprintf_r+0x8b2>
   18352:	3bc1                	addiw	s7,s7,-16
   18354:	037d5e63          	bge	s10,s7,18390 <_vfiprintf_r+0x8b2>
   18358:	06c1                	addi	a3,a3,16
   1835a:	2705                	addiw	a4,a4,1
   1835c:	01e7b023          	sd	t5,0(a5)
   18360:	01a7b423          	sd	s10,8(a5)
   18364:	f8b6                	sd	a3,112(sp)
   18366:	d4ba                	sw	a4,104(sp)
   18368:	07c1                	addi	a5,a5,16
   1836a:	feea54e3          	bge	s4,a4,18352 <_vfiprintf_r+0x874>
   1836e:	6502                	ld	a0,0(sp)
   18370:	1090                	addi	a2,sp,96
   18372:	85ca                	mv	a1,s2
   18374:	e87a                	sd	t5,16(sp)
   18376:	ec7fb0ef          	jal	1423c <__sprint_r>
   1837a:	9c0516e3          	bnez	a0,17d46 <_vfiprintf_r+0x268>
   1837e:	3bc1                	addiw	s7,s7,-16
   18380:	76c6                	ld	a3,112(sp)
   18382:	5726                	lw	a4,104(sp)
   18384:	6f42                	ld	t5,16(sp)
   18386:	87d6                	mv	a5,s5
   18388:	cc517057          	vsetivli	zero,2,e8,mf8,ta,ma
   1838c:	fd7d46e3          	blt	s10,s7,18358 <_vfiprintf_r+0x87a>
   18390:	96de                	add	a3,a3,s7
   18392:	2705                	addiw	a4,a4,1
   18394:	01e7b023          	sd	t5,0(a5)
   18398:	0177b423          	sd	s7,8(a5)
   1839c:	f8b6                	sd	a3,112(sp)
   1839e:	d4ba                	sw	a4,104(sp)
   183a0:	479d                	li	a5,7
   183a2:	92e7dae3          	bge	a5,a4,17cd6 <_vfiprintf_r+0x1f8>
   183a6:	6502                	ld	a0,0(sp)
   183a8:	1090                	addi	a2,sp,96
   183aa:	85ca                	mv	a1,s2
   183ac:	e91fb0ef          	jal	1423c <__sprint_r>
   183b0:	98051be3          	bnez	a0,17d46 <_vfiprintf_r+0x268>
   183b4:	76c6                	ld	a3,112(sp)
   183b6:	cc517057          	vsetivli	zero,2,e8,mf8,ta,ma
   183ba:	ba31                	j	17cd6 <_vfiprintf_r+0x1f8>
   183bc:	0dc10b93          	addi	s7,sp,220
   183c0:	8cde                	mv	s9,s7
   183c2:	0076f713          	andi	a4,a3,7
   183c6:	8666                	mv	a2,s9
   183c8:	03070713          	addi	a4,a4,48
   183cc:	828d                	srli	a3,a3,0x3
   183ce:	feec8fa3          	sb	a4,-1(s9)
   183d2:	1cfd                	addi	s9,s9,-1
   183d4:	f6fd                	bnez	a3,183c2 <_vfiprintf_r+0x8e4>
   183d6:	fd070713          	addi	a4,a4,-48
   183da:	03000693          	li	a3,48
   183de:	c701                	beqz	a4,183e6 <_vfiprintf_r+0x908>
   183e0:	001a7713          	andi	a4,s4,1
   183e4:	e369                	bnez	a4,184a6 <_vfiprintf_r+0x9c8>
   183e6:	419b8bbb          	subw	s7,s7,s9
   183ea:	0008099b          	sext.w	s3,a6
   183ee:	85785ce3          	bge	a6,s7,17c46 <_vfiprintf_r+0x168>
   183f2:	000b899b          	sext.w	s3,s7
   183f6:	b881                	j	17c46 <_vfiprintf_r+0x168>
   183f8:	f402                	sd	zero,40(sp)
   183fa:	6f6d                	lui	t5,0x1b
   183fc:	4fc1                	li	t6,16
   183fe:	86ae                	mv	a3,a1
   18400:	8732                	mv	a4,a2
   18402:	920f0f13          	addi	t5,t5,-1760 # 1a920 <blanks.1>
   18406:	429d                	li	t0,7
   18408:	01afc663          	blt	t6,s10,18414 <_vfiprintf_r+0x936>
   1840c:	a0a1                	j	18454 <_vfiprintf_r+0x976>
   1840e:	3d41                	addiw	s10,s10,-16
   18410:	05afd263          	bge	t6,s10,18454 <_vfiprintf_r+0x976>
   18414:	06c1                	addi	a3,a3,16
   18416:	2705                	addiw	a4,a4,1
   18418:	01e7b023          	sd	t5,0(a5)
   1841c:	01f7b423          	sd	t6,8(a5)
   18420:	f8b6                	sd	a3,112(sp)
   18422:	d4ba                	sw	a4,104(sp)
   18424:	07c1                	addi	a5,a5,16
   18426:	fee2d4e3          	bge	t0,a4,1840e <_vfiprintf_r+0x930>
   1842a:	6502                	ld	a0,0(sp)
   1842c:	1090                	addi	a2,sp,96
   1842e:	85ca                	mv	a1,s2
   18430:	f07a                	sd	t5,32(sp)
   18432:	e842                	sd	a6,16(sp)
   18434:	e09fb0ef          	jal	1423c <__sprint_r>
   18438:	900517e3          	bnez	a0,17d46 <_vfiprintf_r+0x268>
   1843c:	4fc1                	li	t6,16
   1843e:	3d41                	addiw	s10,s10,-16
   18440:	76c6                	ld	a3,112(sp)
   18442:	5726                	lw	a4,104(sp)
   18444:	7f02                	ld	t5,32(sp)
   18446:	6842                	ld	a6,16(sp)
   18448:	87d6                	mv	a5,s5
   1844a:	429d                	li	t0,7
   1844c:	cc517057          	vsetivli	zero,2,e8,mf8,ta,ma
   18450:	fdafc2e3          	blt	t6,s10,18414 <_vfiprintf_r+0x936>
   18454:	96ea                	add	a3,a3,s10
   18456:	2705                	addiw	a4,a4,1
   18458:	f8b6                	sd	a3,112(sp)
   1845a:	d4ba                	sw	a4,104(sp)
   1845c:	01e7b023          	sd	t5,0(a5)
   18460:	01a7b423          	sd	s10,8(a5)
   18464:	461d                	li	a2,7
   18466:	1ae64063          	blt	a2,a4,18606 <_vfiprintf_r+0xb28>
   1846a:	05714603          	lbu	a2,87(sp)
   1846e:	07c1                	addi	a5,a5,16
   18470:	ea05                	bnez	a2,184a0 <_vfiprintf_r+0x9c2>
   18472:	7622                	ld	a2,40(sp)
   18474:	820609e3          	beqz	a2,17ca6 <_vfiprintf_r+0x1c8>
   18478:	4f01                	li	t5,0
   1847a:	80dff06f          	j	17c86 <_vfiprintf_r+0x1a8>
   1847e:	000dc703          	lbu	a4,0(s11)
   18482:	0c21                	addi	s8,s8,8
   18484:	f60ff06f          	j	17be4 <_vfiprintf_r+0x106>
   18488:	4b81                	li	s7,0
   1848a:	4801                	li	a6,0
   1848c:	0dc10c93          	addi	s9,sp,220
   18490:	fb6ff06f          	j	17c46 <_vfiprintf_r+0x168>
   18494:	0017099b          	addiw	s3,a4,1
   18498:	4b85                	li	s7,1
   1849a:	0db10c93          	addi	s9,sp,219
   1849e:	ba05                	j	17dce <_vfiprintf_r+0x2f0>
   184a0:	4f01                	li	t5,0
   184a2:	fc6ff06f          	j	17c68 <_vfiprintf_r+0x18a>
   184a6:	1679                	addi	a2,a2,-2
   184a8:	40cb8bbb          	subw	s7,s7,a2
   184ac:	fedc8fa3          	sb	a3,-1(s9)
   184b0:	000b899b          	sext.w	s3,s7
   184b4:	010bd463          	bge	s7,a6,184bc <_vfiprintf_r+0x9de>
   184b8:	0008099b          	sext.w	s3,a6
   184bc:	8cb2                	mv	s9,a2
   184be:	f88ff06f          	j	17c46 <_vfiprintf_r+0x168>
   184c2:	008c0713          	addi	a4,s8,8
   184c6:	000c3683          	ld	a3,0(s8)
   184ca:	8a1a                	mv	s4,t1
   184cc:	8c3a                	mv	s8,a4
   184ce:	8d36                	mv	s10,a3
   184d0:	b8e1                	j	17da8 <_vfiprintf_r+0x2ca>
   184d2:	89d2                	mv	s3,s4
   184d4:	be31                	j	17ff0 <_vfiprintf_r+0x512>
   184d6:	6669                	lui	a2,0x1a
   184d8:	002a6a13          	ori	s4,s4,2
   184dc:	8c3a                	mv	s8,a4
   184de:	16060613          	addi	a2,a2,352 # 1a160 <__clzdi2+0x13c>
   184e2:	4589                	li	a1,2
   184e4:	0dc10b93          	addi	s7,sp,220
   184e8:	8cde                	mv	s9,s7
   184ea:	00f6f713          	andi	a4,a3,15
   184ee:	9732                	add	a4,a4,a2
   184f0:	00074703          	lbu	a4,0(a4)
   184f4:	8291                	srli	a3,a3,0x4
   184f6:	1cfd                	addi	s9,s9,-1
   184f8:	00ec8023          	sb	a4,0(s9)
   184fc:	f6fd                	bnez	a3,184ea <_vfiprintf_r+0xa0c>
   184fe:	419b8bbb          	subw	s7,s7,s9
   18502:	0008099b          	sext.w	s3,a6
   18506:	01785463          	bge	a6,s7,1850e <_vfiprintf_r+0xa30>
   1850a:	000b899b          	sext.w	s3,s7
   1850e:	a40597e3          	bnez	a1,17f5c <_vfiprintf_r+0x47e>
   18512:	a8a9                	j	1856c <_vfiprintf_r+0xa8e>
   18514:	587d                	li	a6,-1
   18516:	8daa                	mv	s11,a0
   18518:	ed0ff06f          	j	17be8 <_vfiprintf_r+0x10a>
   1851c:	6669                	lui	a2,0x1a
   1851e:	020a7693          	andi	a3,s4,32
   18522:	17860613          	addi	a2,a2,376 # 1a178 <__clzdi2+0x154>
   18526:	008c0e13          	addi	t3,s8,8
   1852a:	eaa5                	bnez	a3,1859a <_vfiprintf_r+0xabc>
   1852c:	010a7693          	andi	a3,s4,16
   18530:	e6ad                	bnez	a3,1859a <_vfiprintf_r+0xabc>
   18532:	040a7593          	andi	a1,s4,64
   18536:	000c2683          	lw	a3,0(s8)
   1853a:	18058263          	beqz	a1,186be <_vfiprintf_r+0xbe0>
   1853e:	16c2                	slli	a3,a3,0x30
   18540:	92c1                	srli	a3,a3,0x30
   18542:	001a7593          	andi	a1,s4,1
   18546:	00d03533          	snez	a0,a3
   1854a:	c191                	beqz	a1,1854e <_vfiprintf_r+0xa70>
   1854c:	e17d                	bnez	a0,18632 <_vfiprintf_r+0xb54>
   1854e:	04010ba3          	sb	zero,87(sp)
   18552:	0a084563          	bltz	a6,185fc <_vfiprintf_r+0xb1e>
   18556:	b7fa7a13          	andi	s4,s4,-1153
   1855a:	8c72                	mv	s8,t3
   1855c:	26081b63          	bnez	a6,187d2 <_vfiprintf_r+0xcf4>
   18560:	26051963          	bnez	a0,187d2 <_vfiprintf_r+0xcf4>
   18564:	4b81                	li	s7,0
   18566:	0dc10c93          	addi	s9,sp,220
   1856a:	4981                	li	s3,0
   1856c:	76c6                	ld	a3,112(sp)
   1856e:	5726                	lw	a4,104(sp)
   18570:	084a7f13          	andi	t5,s4,132
   18574:	85b6                	mv	a1,a3
   18576:	863a                	mv	a2,a4
   18578:	ec0f0f63          	beqz	t5,17c56 <_vfiprintf_r+0x178>
   1857c:	05714603          	lbu	a2,87(sp)
   18580:	f402                	sd	zero,40(sp)
   18582:	ee061363          	bnez	a2,17c68 <_vfiprintf_r+0x18a>
   18586:	f18ff06f          	j	17c9e <_vfiprintf_r+0x1c0>
   1858a:	6669                	lui	a2,0x1a
   1858c:	020a7693          	andi	a3,s4,32
   18590:	16060613          	addi	a2,a2,352 # 1a160 <__clzdi2+0x13c>
   18594:	008c0e13          	addi	t3,s8,8
   18598:	dad1                	beqz	a3,1852c <_vfiprintf_r+0xa4e>
   1859a:	000c3683          	ld	a3,0(s8)
   1859e:	b755                	j	18542 <_vfiprintf_r+0xa64>
   185a0:	8566                	mv	a0,s9
   185a2:	e83e                	sd	a5,16(sp)
   185a4:	f30fc0ef          	jal	14cd4 <strlen>
   185a8:	00050b9b          	sext.w	s7,a0
   185ac:	67c2                	ld	a5,16(sp)
   185ae:	875e                	mv	a4,s7
   185b0:	000bd363          	bgez	s7,185b6 <_vfiprintf_r+0xad8>
   185b4:	4701                	li	a4,0
   185b6:	05714683          	lbu	a3,87(sp)
   185ba:	0007099b          	sext.w	s3,a4
   185be:	ce91                	beqz	a3,185da <_vfiprintf_r+0xafc>
   185c0:	0017099b          	addiw	s3,a4,1
   185c4:	4801                	li	a6,0
   185c6:	cc517057          	vsetivli	zero,2,e8,mf8,ta,ma
   185ca:	805ff06f          	j	17dce <_vfiprintf_r+0x2f0>
   185ce:	cc517057          	vsetivli	zero,2,e8,mf8,ta,ma
   185d2:	e12ff06f          	j	17be4 <_vfiprintf_r+0x106>
   185d6:	8bc2                	mv	s7,a6
   185d8:	89c2                	mv	s3,a6
   185da:	4801                	li	a6,0
   185dc:	cc517057          	vsetivli	zero,2,e8,mf8,ta,ma
   185e0:	e66ff06f          	j	17c46 <_vfiprintf_r+0x168>
   185e4:	200a7693          	andi	a3,s4,512
   185e8:	04010ba3          	sb	zero,87(sp)
   185ec:	12068d63          	beqz	a3,18726 <_vfiprintf_r+0xc48>
   185f0:	0ffd7d13          	zext.b	s10,s10
   185f4:	900852e3          	bgez	a6,17ef8 <_vfiprintf_r+0x41a>
   185f8:	8c3a                	mv	s8,a4
   185fa:	b041                	j	17e7a <_vfiprintf_r+0x39c>
   185fc:	bffa7a13          	andi	s4,s4,-1025
   18600:	8c72                	mv	s8,t3
   18602:	4581                	li	a1,0
   18604:	b5c5                	j	184e4 <_vfiprintf_r+0xa06>
   18606:	6502                	ld	a0,0(sp)
   18608:	1090                	addi	a2,sp,96
   1860a:	85ca                	mv	a1,s2
   1860c:	e842                	sd	a6,16(sp)
   1860e:	c2ffb0ef          	jal	1423c <__sprint_r>
   18612:	8f2a                	mv	t5,a0
   18614:	f2051963          	bnez	a0,17d46 <_vfiprintf_r+0x268>
   18618:	05714783          	lbu	a5,87(sp)
   1861c:	76c6                	ld	a3,112(sp)
   1861e:	5726                	lw	a4,104(sp)
   18620:	6842                	ld	a6,16(sp)
   18622:	ebc5                	bnez	a5,186d2 <_vfiprintf_r+0xbf4>
   18624:	77a2                	ld	a5,40(sp)
   18626:	cbf1                	beqz	a5,186fa <_vfiprintf_r+0xc1c>
   18628:	87d6                	mv	a5,s5
   1862a:	cc517057          	vsetivli	zero,2,e8,mf8,ta,ma
   1862e:	e58ff06f          	j	17c86 <_vfiprintf_r+0x1a8>
   18632:	04e10ca3          	sb	a4,89(sp)
   18636:	03000713          	li	a4,48
   1863a:	04010ba3          	sb	zero,87(sp)
   1863e:	04e10c23          	sb	a4,88(sp)
   18642:	0a084263          	bltz	a6,186e6 <_vfiprintf_r+0xc08>
   18646:	b7fa7313          	andi	t1,s4,-1153
   1864a:	00236a13          	ori	s4,t1,2
   1864e:	8c72                	mv	s8,t3
   18650:	4589                	li	a1,2
   18652:	bd49                	j	184e4 <_vfiprintf_r+0xa06>
   18654:	862f90ef          	jal	116b6 <__sinit>
   18658:	ca0ff06f          	j	17af8 <_vfiprintf_r+0x1a>
   1865c:	001dc703          	lbu	a4,1(s11)
   18660:	020a6a13          	ori	s4,s4,32
   18664:	0d85                	addi	s11,s11,1
   18666:	d7eff06f          	j	17be4 <_vfiprintf_r+0x106>
   1866a:	001dc703          	lbu	a4,1(s11)
   1866e:	200a6a13          	ori	s4,s4,512
   18672:	0d85                	addi	s11,s11,1
   18674:	d70ff06f          	j	17be4 <_vfiprintf_r+0x106>
   18678:	4719                	li	a4,6
   1867a:	0008099b          	sext.w	s3,a6
   1867e:	07076b63          	bltu	a4,a6,186f4 <_vfiprintf_r+0xc16>
   18682:	6e69                	lui	t3,0x1a
   18684:	8bce                	mv	s7,s3
   18686:	190e0c93          	addi	s9,t3,400 # 1a190 <__clzdi2+0x16c>
   1868a:	4801                	li	a6,0
   1868c:	dbaff06f          	j	17c46 <_vfiprintf_r+0x168>
   18690:	cc517057          	vsetivli	zero,2,e8,mf8,ta,ma
   18694:	d50ff06f          	j	17be4 <_vfiprintf_r+0x106>
   18698:	200a7693          	andi	a3,s4,512
   1869c:	c2c9                	beqz	a3,1871e <_vfiprintf_r+0xc40>
   1869e:	018d1d1b          	slliw	s10,s10,0x18
   186a2:	418d5d1b          	sraiw	s10,s10,0x18
   186a6:	8c3a                	mv	s8,a4
   186a8:	86ea                	mv	a3,s10
   186aa:	efeff06f          	j	17da8 <_vfiprintf_r+0x2ca>
   186ae:	200a7613          	andi	a2,s4,512
   186b2:	c22d                	beqz	a2,18714 <_vfiprintf_r+0xc36>
   186b4:	0ff6f693          	zext.b	a3,a3
   186b8:	8c3a                	mv	s8,a4
   186ba:	89d2                	mv	s3,s4
   186bc:	ba2d                	j	17ff6 <_vfiprintf_r+0x518>
   186be:	200a7593          	andi	a1,s4,512
   186c2:	c5b1                	beqz	a1,1870e <_vfiprintf_r+0xc30>
   186c4:	0ff6f693          	zext.b	a3,a3
   186c8:	bdad                	j	18542 <_vfiprintf_r+0xa64>
   186ca:	cc517057          	vsetivli	zero,2,e8,mf8,ta,ma
   186ce:	d16ff06f          	j	17be4 <_vfiprintf_r+0x106>
   186d2:	87d6                	mv	a5,s5
   186d4:	cc517057          	vsetivli	zero,2,e8,mf8,ta,ma
   186d8:	d90ff06f          	j	17c68 <_vfiprintf_r+0x18a>
   186dc:	666d                	lui	a2,0x1b
   186de:	91060613          	addi	a2,a2,-1776 # 1a910 <zeroes.0>
   186e2:	e832                	sd	a2,16(sp)
   186e4:	be6d                	j	1829e <_vfiprintf_r+0x7c0>
   186e6:	bffa7313          	andi	t1,s4,-1025
   186ea:	00236a13          	ori	s4,t1,2
   186ee:	8c72                	mv	s8,t3
   186f0:	4589                	li	a1,2
   186f2:	bbcd                	j	184e4 <_vfiprintf_r+0xa06>
   186f4:	0007099b          	sext.w	s3,a4
   186f8:	b769                	j	18682 <_vfiprintf_r+0xba4>
   186fa:	87d6                	mv	a5,s5
   186fc:	cc517057          	vsetivli	zero,2,e8,mf8,ta,ma
   18700:	da6ff06f          	j	17ca6 <_vfiprintf_r+0x1c8>
   18704:	6722                	ld	a4,8(sp)
   18706:	00e69023          	sh	a4,0(a3)
   1870a:	c6aff06f          	j	17b74 <_vfiprintf_r+0x96>
   1870e:	1682                	slli	a3,a3,0x20
   18710:	9281                	srli	a3,a3,0x20
   18712:	bd05                	j	18542 <_vfiprintf_r+0xa64>
   18714:	1682                	slli	a3,a3,0x20
   18716:	9281                	srli	a3,a3,0x20
   18718:	8c3a                	mv	s8,a4
   1871a:	89d2                	mv	s3,s4
   1871c:	b8e9                	j	17ff6 <_vfiprintf_r+0x518>
   1871e:	8c3a                	mv	s8,a4
   18720:	86ea                	mv	a3,s10
   18722:	e86ff06f          	j	17da8 <_vfiprintf_r+0x2ca>
   18726:	1d02                	slli	s10,s10,0x20
   18728:	020d5d13          	srli	s10,s10,0x20
   1872c:	fc085663          	bgez	a6,17ef8 <_vfiprintf_r+0x41a>
   18730:	8c3a                	mv	s8,a4
   18732:	f48ff06f          	j	17e7a <_vfiprintf_r+0x39c>
   18736:	6502                	ld	a0,0(sp)
   18738:	1090                	addi	a2,sp,96
   1873a:	85ca                	mv	a1,s2
   1873c:	b01fb0ef          	jal	1423c <__sprint_r>
   18740:	e06ff06f          	j	17d46 <_vfiprintf_r+0x268>
   18744:	6606                	ld	a2,64(sp)
   18746:	75e2                	ld	a1,56(sp)
   18748:	e4f6                	sd	t4,72(sp)
   1874a:	40cc8733          	sub	a4,s9,a2
   1874e:	853a                	mv	a0,a4
   18750:	f442                	sd	a6,40(sp)
   18752:	f03e                	sd	a5,32(sp)
   18754:	e83a                	sd	a4,16(sp)
   18756:	abefc0ef          	jal	14a14 <strncpy>
   1875a:	ccccd5b7          	lui	a1,0xccccd
   1875e:	ccd58593          	addi	a1,a1,-819 # ffffffffcccccccd <__BSS_END__+0xffffffffcccb01e5>
   18762:	02059613          	slli	a2,a1,0x20
   18766:	962e                	add	a2,a2,a1
   18768:	02cd3d33          	mulhu	s10,s10,a2
   1876c:	77c2                	ld	a5,48(sp)
   1876e:	6742                	ld	a4,16(sp)
   18770:	7822                	ld	a6,40(sp)
   18772:	0017c583          	lbu	a1,1(a5)
   18776:	6ea6                	ld	t4,72(sp)
   18778:	fff70c93          	addi	s9,a4,-1
   1877c:	00b035b3          	snez	a1,a1
   18780:	97ae                	add	a5,a5,a1
   18782:	f83e                	sd	a5,48(sp)
   18784:	003d5d13          	srli	s10,s10,0x3
   18788:	02cd3633          	mulhu	a2,s10,a2
   1878c:	7782                	ld	a5,32(sp)
   1878e:	4585                	li	a1,1
   18790:	46a5                	li	a3,9
   18792:	cc517057          	vsetivli	zero,2,e8,mf8,ta,ma
   18796:	00365513          	srli	a0,a2,0x3
   1879a:	00251613          	slli	a2,a0,0x2
   1879e:	962a                	add	a2,a2,a0
   187a0:	0606                	slli	a2,a2,0x1
   187a2:	40cd0633          	sub	a2,s10,a2
   187a6:	0306061b          	addiw	a2,a2,48
   187aa:	fec70fa3          	sb	a2,-1(a4)
   187ae:	ba31                	j	180ca <_vfiprintf_r+0x5ec>
   187b0:	e20703e3          	beqz	a4,185d6 <_vfiprintf_r+0xaf8>
   187b4:	0018099b          	addiw	s3,a6,1
   187b8:	8bc2                	mv	s7,a6
   187ba:	cc517057          	vsetivli	zero,2,e8,mf8,ta,ma
   187be:	4801                	li	a6,0
   187c0:	e0eff06f          	j	17dce <_vfiprintf_r+0x2f0>
   187c4:	8daa                	mv	s11,a0
   187c6:	4801                	li	a6,0
   187c8:	c20ff06f          	j	17be8 <_vfiprintf_r+0x10a>
   187cc:	c298                	sw	a4,0(a3)
   187ce:	ba6ff06f          	j	17b74 <_vfiprintf_r+0x96>
   187d2:	4581                	li	a1,0
   187d4:	bb01                	j	184e4 <_vfiprintf_r+0xa06>
   187d6:	000c2703          	lw	a4,0(s8)
   187da:	0c21                	addi	s8,s8,8
   187dc:	0007081b          	sext.w	a6,a4
   187e0:	00075363          	bgez	a4,187e6 <_vfiprintf_r+0xd08>
   187e4:	587d                	li	a6,-1
   187e6:	001dc703          	lbu	a4,1(s11)
   187ea:	8daa                	mv	s11,a0
   187ec:	bf8ff06f          	j	17be4 <_vfiprintf_r+0x106>
   187f0:	6669                	lui	a2,0x1a
   187f2:	8c3a                	mv	s8,a4
   187f4:	16060613          	addi	a2,a2,352 # 1a160 <__clzdi2+0x13c>
   187f8:	4589                	li	a1,2
   187fa:	b1ed                	j	184e4 <_vfiprintf_r+0xa06>
   187fc:	8352                	mv	t1,s4
   187fe:	b1e1                	j	184c6 <_vfiprintf_r+0x9e8>
   18800:	8352                	mv	t1,s4
   18802:	833ff06f          	j	18034 <_vfiprintf_r+0x556>

0000000000018806 <vfiprintf>:
   18806:	872a                	mv	a4,a0
   18808:	2281b503          	ld	a0,552(gp) # 1c510 <_impure_ptr>
   1880c:	86b2                	mv	a3,a2
   1880e:	862e                	mv	a2,a1
   18810:	85ba                	mv	a1,a4
   18812:	accff06f          	j	17ade <_vfiprintf_r>

0000000000018816 <__sbprintf>:
   18816:	0105d783          	lhu	a5,16(a1)
   1881a:	0ac5ae83          	lw	t4,172(a1)
   1881e:	0125de03          	lhu	t3,18(a1)
   18822:	0305b303          	ld	t1,48(a1)
   18826:	0405b883          	ld	a7,64(a1)
   1882a:	b2010113          	addi	sp,sp,-1248
   1882e:	9bf5                	andi	a5,a5,-3
   18830:	0c010813          	addi	a6,sp,192
   18834:	40000713          	li	a4,1024
   18838:	4c813823          	sd	s0,1232(sp)
   1883c:	842e                	mv	s0,a1
   1883e:	080c                	addi	a1,sp,16
   18840:	4c913423          	sd	s1,1224(sp)
   18844:	02f11023          	sh	a5,32(sp)
   18848:	4c113c23          	sd	ra,1240(sp)
   1884c:	dc02                	sw	zero,56(sp)
   1884e:	df76                	sw	t4,188(sp)
   18850:	03c11123          	sh	t3,34(sp)
   18854:	e09a                	sd	t1,64(sp)
   18856:	e8c6                	sd	a7,80(sp)
   18858:	e842                	sd	a6,16(sp)
   1885a:	f442                	sd	a6,40(sp)
   1885c:	ce3a                	sw	a4,28(sp)
   1885e:	d83a                	sw	a4,48(sp)
   18860:	84aa                	mv	s1,a0
   18862:	a7cff0ef          	jal	17ade <_vfiprintf_r>
   18866:	87aa                	mv	a5,a0
   18868:	02055763          	bgez	a0,18896 <__sbprintf+0x80>
   1886c:	02015703          	lhu	a4,32(sp)
   18870:	04077713          	andi	a4,a4,64
   18874:	c719                	beqz	a4,18882 <__sbprintf+0x6c>
   18876:	01045703          	lhu	a4,16(s0)
   1887a:	04076713          	ori	a4,a4,64
   1887e:	00e41823          	sh	a4,16(s0)
   18882:	4d813083          	ld	ra,1240(sp)
   18886:	4d013403          	ld	s0,1232(sp)
   1888a:	4c813483          	ld	s1,1224(sp)
   1888e:	853e                	mv	a0,a5
   18890:	4e010113          	addi	sp,sp,1248
   18894:	8082                	ret
   18896:	e42a                	sd	a0,8(sp)
   18898:	080c                	addi	a1,sp,16
   1889a:	8526                	mv	a0,s1
   1889c:	c11fb0ef          	jal	144ac <_fflush_r>
   188a0:	67a2                	ld	a5,8(sp)
   188a2:	d569                	beqz	a0,1886c <__sbprintf+0x56>
   188a4:	57fd                	li	a5,-1
   188a6:	b7d9                	j	1886c <__sbprintf+0x56>

00000000000188a8 <abort>:
   188a8:	1141                	addi	sp,sp,-16
   188aa:	4519                	li	a0,6
   188ac:	e406                	sd	ra,8(sp)
   188ae:	184000ef          	jal	18a32 <raise>
   188b2:	4505                	li	a0,1
   188b4:	376000ef          	jal	18c2a <_exit>

00000000000188b8 <_init_signal_r>:
   188b8:	15053703          	ld	a4,336(a0)
   188bc:	c319                	beqz	a4,188c2 <_init_signal_r+0xa>
   188be:	4501                	li	a0,0
   188c0:	8082                	ret
   188c2:	1101                	addi	sp,sp,-32
   188c4:	10000593          	li	a1,256
   188c8:	ec06                	sd	ra,24(sp)
   188ca:	e42a                	sd	a0,8(sp)
   188cc:	87af80ef          	jal	10946 <_malloc_r>
   188d0:	67a2                	ld	a5,8(sp)
   188d2:	14a7b823          	sd	a0,336(a5)
   188d6:	cd01                	beqz	a0,188ee <_init_signal_r+0x36>
   188d8:	10050793          	addi	a5,a0,256
   188dc:	00053023          	sd	zero,0(a0)
   188e0:	0521                	addi	a0,a0,8
   188e2:	fef51de3          	bne	a0,a5,188dc <_init_signal_r+0x24>
   188e6:	4501                	li	a0,0
   188e8:	60e2                	ld	ra,24(sp)
   188ea:	6105                	addi	sp,sp,32
   188ec:	8082                	ret
   188ee:	557d                	li	a0,-1
   188f0:	bfe5                	j	188e8 <_init_signal_r+0x30>

00000000000188f2 <_signal_r>:
   188f2:	477d                	li	a4,31
   188f4:	00b76a63          	bltu	a4,a1,18908 <_signal_r+0x16>
   188f8:	15053703          	ld	a4,336(a0)
   188fc:	cb11                	beqz	a4,18910 <_signal_r+0x1e>
   188fe:	058e                	slli	a1,a1,0x3
   18900:	972e                	add	a4,a4,a1
   18902:	6308                	ld	a0,0(a4)
   18904:	e310                	sd	a2,0(a4)
   18906:	8082                	ret
   18908:	4759                	li	a4,22
   1890a:	c118                	sw	a4,0(a0)
   1890c:	557d                	li	a0,-1
   1890e:	8082                	ret
   18910:	7179                	addi	sp,sp,-48
   18912:	e42e                	sd	a1,8(sp)
   18914:	10000593          	li	a1,256
   18918:	e832                	sd	a2,16(sp)
   1891a:	f406                	sd	ra,40(sp)
   1891c:	ec2a                	sd	a0,24(sp)
   1891e:	828f80ef          	jal	10946 <_malloc_r>
   18922:	66e2                	ld	a3,24(sp)
   18924:	872a                	mv	a4,a0
   18926:	10050593          	addi	a1,a0,256
   1892a:	14a6b823          	sd	a0,336(a3)
   1892e:	67a2                	ld	a5,8(sp)
   18930:	86aa                	mv	a3,a0
   18932:	6642                	ld	a2,16(sp)
   18934:	557d                	li	a0,-1
   18936:	cb19                	beqz	a4,1894c <_signal_r+0x5a>
   18938:	0006b023          	sd	zero,0(a3)
   1893c:	06a1                	addi	a3,a3,8
   1893e:	feb69de3          	bne	a3,a1,18938 <_signal_r+0x46>
   18942:	00379593          	slli	a1,a5,0x3
   18946:	972e                	add	a4,a4,a1
   18948:	6308                	ld	a0,0(a4)
   1894a:	e310                	sd	a2,0(a4)
   1894c:	70a2                	ld	ra,40(sp)
   1894e:	6145                	addi	sp,sp,48
   18950:	8082                	ret

0000000000018952 <_raise_r>:
   18952:	47fd                	li	a5,31
   18954:	04b7ec63          	bltu	a5,a1,189ac <_raise_r+0x5a>
   18958:	15053783          	ld	a5,336(a0)
   1895c:	1101                	addi	sp,sp,-32
   1895e:	ec06                	sd	ra,24(sp)
   18960:	872a                	mv	a4,a0
   18962:	862e                	mv	a2,a1
   18964:	c785                	beqz	a5,1898c <_raise_r+0x3a>
   18966:	00359693          	slli	a3,a1,0x3
   1896a:	97b6                	add	a5,a5,a3
   1896c:	6394                	ld	a3,0(a5)
   1896e:	ce99                	beqz	a3,1898c <_raise_r+0x3a>
   18970:	4505                	li	a0,1
   18972:	00a68963          	beq	a3,a0,18984 <_raise_r+0x32>
   18976:	55fd                	li	a1,-1
   18978:	02b68563          	beq	a3,a1,189a2 <_raise_r+0x50>
   1897c:	0007b023          	sd	zero,0(a5)
   18980:	8532                	mv	a0,a2
   18982:	9682                	jalr	a3
   18984:	60e2                	ld	ra,24(sp)
   18986:	4501                	li	a0,0
   18988:	6105                	addi	sp,sp,32
   1898a:	8082                	ret
   1898c:	853a                	mv	a0,a4
   1898e:	e432                	sd	a2,8(sp)
   18990:	e03a                	sd	a4,0(sp)
   18992:	26c000ef          	jal	18bfe <_getpid_r>
   18996:	6622                	ld	a2,8(sp)
   18998:	60e2                	ld	ra,24(sp)
   1899a:	85aa                	mv	a1,a0
   1899c:	6502                	ld	a0,0(sp)
   1899e:	6105                	addi	sp,sp,32
   189a0:	a415                	j	18bc4 <_kill_r>
   189a2:	60e2                	ld	ra,24(sp)
   189a4:	47d9                	li	a5,22
   189a6:	c31c                	sw	a5,0(a4)
   189a8:	6105                	addi	sp,sp,32
   189aa:	8082                	ret
   189ac:	47d9                	li	a5,22
   189ae:	c11c                	sw	a5,0(a0)
   189b0:	557d                	li	a0,-1
   189b2:	8082                	ret

00000000000189b4 <__sigtramp_r>:
   189b4:	47fd                	li	a5,31
   189b6:	06b7ec63          	bltu	a5,a1,18a2e <__sigtramp_r+0x7a>
   189ba:	15053783          	ld	a5,336(a0)
   189be:	1101                	addi	sp,sp,-32
   189c0:	ec06                	sd	ra,24(sp)
   189c2:	872e                	mv	a4,a1
   189c4:	cf95                	beqz	a5,18a00 <__sigtramp_r+0x4c>
   189c6:	00371693          	slli	a3,a4,0x3
   189ca:	97b6                	add	a5,a5,a3
   189cc:	6394                	ld	a3,0(a5)
   189ce:	ce99                	beqz	a3,189ec <__sigtramp_r+0x38>
   189d0:	567d                	li	a2,-1
   189d2:	02c68563          	beq	a3,a2,189fc <__sigtramp_r+0x48>
   189d6:	4605                	li	a2,1
   189d8:	00c68e63          	beq	a3,a2,189f4 <__sigtramp_r+0x40>
   189dc:	853a                	mv	a0,a4
   189de:	0007b023          	sd	zero,0(a5)
   189e2:	9682                	jalr	a3
   189e4:	4501                	li	a0,0
   189e6:	60e2                	ld	ra,24(sp)
   189e8:	6105                	addi	sp,sp,32
   189ea:	8082                	ret
   189ec:	60e2                	ld	ra,24(sp)
   189ee:	4505                	li	a0,1
   189f0:	6105                	addi	sp,sp,32
   189f2:	8082                	ret
   189f4:	60e2                	ld	ra,24(sp)
   189f6:	450d                	li	a0,3
   189f8:	6105                	addi	sp,sp,32
   189fa:	8082                	ret
   189fc:	4509                	li	a0,2
   189fe:	b7e5                	j	189e6 <__sigtramp_r+0x32>
   18a00:	e42e                	sd	a1,8(sp)
   18a02:	10000593          	li	a1,256
   18a06:	e02a                	sd	a0,0(sp)
   18a08:	f3ff70ef          	jal	10946 <_malloc_r>
   18a0c:	6682                	ld	a3,0(sp)
   18a0e:	87aa                	mv	a5,a0
   18a10:	14a6b823          	sd	a0,336(a3)
   18a14:	c919                	beqz	a0,18a2a <__sigtramp_r+0x76>
   18a16:	6722                	ld	a4,8(sp)
   18a18:	86aa                	mv	a3,a0
   18a1a:	10050613          	addi	a2,a0,256
   18a1e:	0006b023          	sd	zero,0(a3)
   18a22:	06a1                	addi	a3,a3,8
   18a24:	fec69de3          	bne	a3,a2,18a1e <__sigtramp_r+0x6a>
   18a28:	bf79                	j	189c6 <__sigtramp_r+0x12>
   18a2a:	557d                	li	a0,-1
   18a2c:	bf6d                	j	189e6 <__sigtramp_r+0x32>
   18a2e:	557d                	li	a0,-1
   18a30:	8082                	ret

0000000000018a32 <raise>:
   18a32:	47fd                	li	a5,31
   18a34:	2281b803          	ld	a6,552(gp) # 1c510 <_impure_ptr>
   18a38:	04a7ec63          	bltu	a5,a0,18a90 <raise+0x5e>
   18a3c:	15083783          	ld	a5,336(a6)
   18a40:	1101                	addi	sp,sp,-32
   18a42:	ec06                	sd	ra,24(sp)
   18a44:	862a                	mv	a2,a0
   18a46:	c39d                	beqz	a5,18a6c <raise+0x3a>
   18a48:	00351713          	slli	a4,a0,0x3
   18a4c:	97ba                	add	a5,a5,a4
   18a4e:	6398                	ld	a4,0(a5)
   18a50:	cf11                	beqz	a4,18a6c <raise+0x3a>
   18a52:	4685                	li	a3,1
   18a54:	00d70863          	beq	a4,a3,18a64 <raise+0x32>
   18a58:	567d                	li	a2,-1
   18a5a:	02c70463          	beq	a4,a2,18a82 <raise+0x50>
   18a5e:	0007b023          	sd	zero,0(a5)
   18a62:	9702                	jalr	a4
   18a64:	60e2                	ld	ra,24(sp)
   18a66:	4501                	li	a0,0
   18a68:	6105                	addi	sp,sp,32
   18a6a:	8082                	ret
   18a6c:	8542                	mv	a0,a6
   18a6e:	e432                	sd	a2,8(sp)
   18a70:	e042                	sd	a6,0(sp)
   18a72:	18c000ef          	jal	18bfe <_getpid_r>
   18a76:	6622                	ld	a2,8(sp)
   18a78:	60e2                	ld	ra,24(sp)
   18a7a:	85aa                	mv	a1,a0
   18a7c:	6502                	ld	a0,0(sp)
   18a7e:	6105                	addi	sp,sp,32
   18a80:	a291                	j	18bc4 <_kill_r>
   18a82:	60e2                	ld	ra,24(sp)
   18a84:	47d9                	li	a5,22
   18a86:	00f82023          	sw	a5,0(a6)
   18a8a:	8536                	mv	a0,a3
   18a8c:	6105                	addi	sp,sp,32
   18a8e:	8082                	ret
   18a90:	47d9                	li	a5,22
   18a92:	00f82023          	sw	a5,0(a6)
   18a96:	557d                	li	a0,-1
   18a98:	8082                	ret

0000000000018a9a <signal>:
   18a9a:	47fd                	li	a5,31
   18a9c:	2281b603          	ld	a2,552(gp) # 1c510 <_impure_ptr>
   18aa0:	00a7ea63          	bltu	a5,a0,18ab4 <signal+0x1a>
   18aa4:	15063703          	ld	a4,336(a2)
   18aa8:	cb11                	beqz	a4,18abc <signal+0x22>
   18aaa:	050e                	slli	a0,a0,0x3
   18aac:	972a                	add	a4,a4,a0
   18aae:	6308                	ld	a0,0(a4)
   18ab0:	e30c                	sd	a1,0(a4)
   18ab2:	8082                	ret
   18ab4:	47d9                	li	a5,22
   18ab6:	c21c                	sw	a5,0(a2)
   18ab8:	557d                	li	a0,-1
   18aba:	8082                	ret
   18abc:	7179                	addi	sp,sp,-48
   18abe:	ec2e                	sd	a1,24(sp)
   18ac0:	e82a                	sd	a0,16(sp)
   18ac2:	10000593          	li	a1,256
   18ac6:	8532                	mv	a0,a2
   18ac8:	e432                	sd	a2,8(sp)
   18aca:	f406                	sd	ra,40(sp)
   18acc:	e7bf70ef          	jal	10946 <_malloc_r>
   18ad0:	6622                	ld	a2,8(sp)
   18ad2:	872a                	mv	a4,a0
   18ad4:	10050593          	addi	a1,a0,256
   18ad8:	14a63823          	sd	a0,336(a2)
   18adc:	67c2                	ld	a5,16(sp)
   18ade:	862a                	mv	a2,a0
   18ae0:	66e2                	ld	a3,24(sp)
   18ae2:	557d                	li	a0,-1
   18ae4:	cb19                	beqz	a4,18afa <signal+0x60>
   18ae6:	00063023          	sd	zero,0(a2)
   18aea:	0621                	addi	a2,a2,8
   18aec:	fec59de3          	bne	a1,a2,18ae6 <signal+0x4c>
   18af0:	00379513          	slli	a0,a5,0x3
   18af4:	972a                	add	a4,a4,a0
   18af6:	6308                	ld	a0,0(a4)
   18af8:	e314                	sd	a3,0(a4)
   18afa:	70a2                	ld	ra,40(sp)
   18afc:	6145                	addi	sp,sp,48
   18afe:	8082                	ret

0000000000018b00 <_init_signal>:
   18b00:	2281b783          	ld	a5,552(gp) # 1c510 <_impure_ptr>
   18b04:	1507b703          	ld	a4,336(a5)
   18b08:	c319                	beqz	a4,18b0e <_init_signal+0xe>
   18b0a:	4501                	li	a0,0
   18b0c:	8082                	ret
   18b0e:	1101                	addi	sp,sp,-32
   18b10:	853e                	mv	a0,a5
   18b12:	10000593          	li	a1,256
   18b16:	e43e                	sd	a5,8(sp)
   18b18:	ec06                	sd	ra,24(sp)
   18b1a:	e2df70ef          	jal	10946 <_malloc_r>
   18b1e:	67a2                	ld	a5,8(sp)
   18b20:	14a7b823          	sd	a0,336(a5)
   18b24:	cd01                	beqz	a0,18b3c <_init_signal+0x3c>
   18b26:	10050793          	addi	a5,a0,256
   18b2a:	00053023          	sd	zero,0(a0)
   18b2e:	0521                	addi	a0,a0,8
   18b30:	fef51de3          	bne	a0,a5,18b2a <_init_signal+0x2a>
   18b34:	4501                	li	a0,0
   18b36:	60e2                	ld	ra,24(sp)
   18b38:	6105                	addi	sp,sp,32
   18b3a:	8082                	ret
   18b3c:	557d                	li	a0,-1
   18b3e:	bfe5                	j	18b36 <_init_signal+0x36>

0000000000018b40 <__sigtramp>:
   18b40:	47fd                	li	a5,31
   18b42:	06a7ef63          	bltu	a5,a0,18bc0 <__sigtramp+0x80>
   18b46:	2281b683          	ld	a3,552(gp) # 1c510 <_impure_ptr>
   18b4a:	1101                	addi	sp,sp,-32
   18b4c:	ec06                	sd	ra,24(sp)
   18b4e:	1506b783          	ld	a5,336(a3)
   18b52:	872a                	mv	a4,a0
   18b54:	cf95                	beqz	a5,18b90 <__sigtramp+0x50>
   18b56:	00371693          	slli	a3,a4,0x3
   18b5a:	97b6                	add	a5,a5,a3
   18b5c:	6394                	ld	a3,0(a5)
   18b5e:	ce99                	beqz	a3,18b7c <__sigtramp+0x3c>
   18b60:	567d                	li	a2,-1
   18b62:	02c68563          	beq	a3,a2,18b8c <__sigtramp+0x4c>
   18b66:	4605                	li	a2,1
   18b68:	00c68e63          	beq	a3,a2,18b84 <__sigtramp+0x44>
   18b6c:	853a                	mv	a0,a4
   18b6e:	0007b023          	sd	zero,0(a5)
   18b72:	9682                	jalr	a3
   18b74:	4501                	li	a0,0
   18b76:	60e2                	ld	ra,24(sp)
   18b78:	6105                	addi	sp,sp,32
   18b7a:	8082                	ret
   18b7c:	60e2                	ld	ra,24(sp)
   18b7e:	4505                	li	a0,1
   18b80:	6105                	addi	sp,sp,32
   18b82:	8082                	ret
   18b84:	60e2                	ld	ra,24(sp)
   18b86:	450d                	li	a0,3
   18b88:	6105                	addi	sp,sp,32
   18b8a:	8082                	ret
   18b8c:	4509                	li	a0,2
   18b8e:	b7e5                	j	18b76 <__sigtramp+0x36>
   18b90:	e42a                	sd	a0,8(sp)
   18b92:	10000593          	li	a1,256
   18b96:	8536                	mv	a0,a3
   18b98:	e036                	sd	a3,0(sp)
   18b9a:	dadf70ef          	jal	10946 <_malloc_r>
   18b9e:	6682                	ld	a3,0(sp)
   18ba0:	87aa                	mv	a5,a0
   18ba2:	14a6b823          	sd	a0,336(a3)
   18ba6:	c919                	beqz	a0,18bbc <__sigtramp+0x7c>
   18ba8:	6722                	ld	a4,8(sp)
   18baa:	86aa                	mv	a3,a0
   18bac:	10050613          	addi	a2,a0,256
   18bb0:	0006b023          	sd	zero,0(a3)
   18bb4:	06a1                	addi	a3,a3,8
   18bb6:	fed61de3          	bne	a2,a3,18bb0 <__sigtramp+0x70>
   18bba:	bf71                	j	18b56 <__sigtramp+0x16>
   18bbc:	557d                	li	a0,-1
   18bbe:	bf65                	j	18b76 <__sigtramp+0x36>
   18bc0:	557d                	li	a0,-1
   18bc2:	8082                	ret

0000000000018bc4 <_kill_r>:
   18bc4:	1101                	addi	sp,sp,-32
   18bc6:	87ae                	mv	a5,a1
   18bc8:	e822                	sd	s0,16(sp)
   18bca:	e426                	sd	s1,8(sp)
   18bcc:	85b2                	mv	a1,a2
   18bce:	84aa                	mv	s1,a0
   18bd0:	853e                	mv	a0,a5
   18bd2:	ec06                	sd	ra,24(sp)
   18bd4:	2401ac23          	sw	zero,600(gp) # 1c540 <errno>
   18bd8:	0e0000ef          	jal	18cb8 <_kill>
   18bdc:	57fd                	li	a5,-1
   18bde:	00f50763          	beq	a0,a5,18bec <_kill_r+0x28>
   18be2:	60e2                	ld	ra,24(sp)
   18be4:	6442                	ld	s0,16(sp)
   18be6:	64a2                	ld	s1,8(sp)
   18be8:	6105                	addi	sp,sp,32
   18bea:	8082                	ret
   18bec:	2581a783          	lw	a5,600(gp) # 1c540 <errno>
   18bf0:	dbed                	beqz	a5,18be2 <_kill_r+0x1e>
   18bf2:	60e2                	ld	ra,24(sp)
   18bf4:	6442                	ld	s0,16(sp)
   18bf6:	c09c                	sw	a5,0(s1)
   18bf8:	64a2                	ld	s1,8(sp)
   18bfa:	6105                	addi	sp,sp,32
   18bfc:	8082                	ret

0000000000018bfe <_getpid_r>:
   18bfe:	a841                	j	18c8e <_getpid>

0000000000018c00 <_close>:
   18c00:	03900893          	li	a7,57
   18c04:	00000073          	ecall
   18c08:	00054463          	bltz	a0,18c10 <_close+0x10>
   18c0c:	2501                	sext.w	a0,a0
   18c0e:	8082                	ret
   18c10:	1101                	addi	sp,sp,-32
   18c12:	ec06                	sd	ra,24(sp)
   18c14:	e42a                	sd	a0,8(sp)
   18c16:	fa5f80ef          	jal	11bba <__errno>
   18c1a:	67a2                	ld	a5,8(sp)
   18c1c:	60e2                	ld	ra,24(sp)
   18c1e:	40f007bb          	negw	a5,a5
   18c22:	c11c                	sw	a5,0(a0)
   18c24:	557d                	li	a0,-1
   18c26:	6105                	addi	sp,sp,32
   18c28:	8082                	ret

0000000000018c2a <_exit>:
   18c2a:	05d00893          	li	a7,93
   18c2e:	00000073          	ecall
   18c32:	00054363          	bltz	a0,18c38 <_exit+0xe>
   18c36:	a001                	j	18c36 <_exit+0xc>
   18c38:	1101                	addi	sp,sp,-32
   18c3a:	ec06                	sd	ra,24(sp)
   18c3c:	e42a                	sd	a0,8(sp)
   18c3e:	f7df80ef          	jal	11bba <__errno>
   18c42:	67a2                	ld	a5,8(sp)
   18c44:	40f007bb          	negw	a5,a5
   18c48:	c11c                	sw	a5,0(a0)
   18c4a:	a001                	j	18c4a <_exit+0x20>

0000000000018c4c <_fstat>:
   18c4c:	7135                	addi	sp,sp,-160
   18c4e:	872e                	mv	a4,a1
   18c50:	ed06                	sd	ra,152(sp)
   18c52:	e922                	sd	s0,144(sp)
   18c54:	05000893          	li	a7,80
   18c58:	080c                	addi	a1,sp,16
   18c5a:	00000073          	ecall
   18c5e:	00054d63          	bltz	a0,18c78 <_fstat+0x2c>
   18c62:	0005041b          	sext.w	s0,a0
   18c66:	080c                	addi	a1,sp,16
   18c68:	853a                	mv	a0,a4
   18c6a:	134000ef          	jal	18d9e <_conv_stat>
   18c6e:	60ea                	ld	ra,152(sp)
   18c70:	8522                	mv	a0,s0
   18c72:	644a                	ld	s0,144(sp)
   18c74:	610d                	addi	sp,sp,160
   18c76:	8082                	ret
   18c78:	e03a                	sd	a4,0(sp)
   18c7a:	e42a                	sd	a0,8(sp)
   18c7c:	f3ff80ef          	jal	11bba <__errno>
   18c80:	67a2                	ld	a5,8(sp)
   18c82:	6702                	ld	a4,0(sp)
   18c84:	547d                	li	s0,-1
   18c86:	40f007bb          	negw	a5,a5
   18c8a:	c11c                	sw	a5,0(a0)
   18c8c:	bfe9                	j	18c66 <_fstat+0x1a>

0000000000018c8e <_getpid>:
   18c8e:	4505                	li	a0,1
   18c90:	8082                	ret

0000000000018c92 <_isatty>:
   18c92:	7119                	addi	sp,sp,-128
   18c94:	002c                	addi	a1,sp,8
   18c96:	fc86                	sd	ra,120(sp)
   18c98:	fb5ff0ef          	jal	18c4c <_fstat>
   18c9c:	57fd                	li	a5,-1
   18c9e:	00f50963          	beq	a0,a5,18cb0 <_isatty+0x1e>
   18ca2:	4532                	lw	a0,12(sp)
   18ca4:	70e6                	ld	ra,120(sp)
   18ca6:	00d5551b          	srliw	a0,a0,0xd
   18caa:	8905                	andi	a0,a0,1
   18cac:	6109                	addi	sp,sp,128
   18cae:	8082                	ret
   18cb0:	70e6                	ld	ra,120(sp)
   18cb2:	4501                	li	a0,0
   18cb4:	6109                	addi	sp,sp,128
   18cb6:	8082                	ret

0000000000018cb8 <_kill>:
   18cb8:	1141                	addi	sp,sp,-16
   18cba:	e406                	sd	ra,8(sp)
   18cbc:	efff80ef          	jal	11bba <__errno>
   18cc0:	60a2                	ld	ra,8(sp)
   18cc2:	47d9                	li	a5,22
   18cc4:	c11c                	sw	a5,0(a0)
   18cc6:	557d                	li	a0,-1
   18cc8:	0141                	addi	sp,sp,16
   18cca:	8082                	ret

0000000000018ccc <_lseek>:
   18ccc:	03e00893          	li	a7,62
   18cd0:	00000073          	ecall
   18cd4:	00054363          	bltz	a0,18cda <_lseek+0xe>
   18cd8:	8082                	ret
   18cda:	1101                	addi	sp,sp,-32
   18cdc:	ec06                	sd	ra,24(sp)
   18cde:	e42a                	sd	a0,8(sp)
   18ce0:	edbf80ef          	jal	11bba <__errno>
   18ce4:	67a2                	ld	a5,8(sp)
   18ce6:	60e2                	ld	ra,24(sp)
   18ce8:	40f007bb          	negw	a5,a5
   18cec:	c11c                	sw	a5,0(a0)
   18cee:	57fd                	li	a5,-1
   18cf0:	853e                	mv	a0,a5
   18cf2:	6105                	addi	sp,sp,32
   18cf4:	8082                	ret

0000000000018cf6 <_read>:
   18cf6:	03f00893          	li	a7,63
   18cfa:	00000073          	ecall
   18cfe:	00054363          	bltz	a0,18d04 <_read+0xe>
   18d02:	8082                	ret
   18d04:	1101                	addi	sp,sp,-32
   18d06:	ec06                	sd	ra,24(sp)
   18d08:	e42a                	sd	a0,8(sp)
   18d0a:	eb1f80ef          	jal	11bba <__errno>
   18d0e:	67a2                	ld	a5,8(sp)
   18d10:	60e2                	ld	ra,24(sp)
   18d12:	40f007bb          	negw	a5,a5
   18d16:	c11c                	sw	a5,0(a0)
   18d18:	57fd                	li	a5,-1
   18d1a:	853e                	mv	a0,a5
   18d1c:	6105                	addi	sp,sp,32
   18d1e:	8082                	ret

0000000000018d20 <_sbrk>:
   18d20:	2701b783          	ld	a5,624(gp) # 1c558 <heap_end.0>
   18d24:	1141                	addi	sp,sp,-16
   18d26:	e406                	sd	ra,8(sp)
   18d28:	872a                	mv	a4,a0
   18d2a:	ef81                	bnez	a5,18d42 <_sbrk+0x22>
   18d2c:	0d600893          	li	a7,214
   18d30:	4501                	li	a0,0
   18d32:	00000073          	ecall
   18d36:	57fd                	li	a5,-1
   18d38:	02f50663          	beq	a0,a5,18d64 <_sbrk+0x44>
   18d3c:	87aa                	mv	a5,a0
   18d3e:	26a1b823          	sd	a0,624(gp) # 1c558 <heap_end.0>
   18d42:	00f70533          	add	a0,a4,a5
   18d46:	0d600893          	li	a7,214
   18d4a:	00000073          	ecall
   18d4e:	2701b783          	ld	a5,624(gp) # 1c558 <heap_end.0>
   18d52:	973e                	add	a4,a4,a5
   18d54:	00e51863          	bne	a0,a4,18d64 <_sbrk+0x44>
   18d58:	60a2                	ld	ra,8(sp)
   18d5a:	26a1b823          	sd	a0,624(gp) # 1c558 <heap_end.0>
   18d5e:	853e                	mv	a0,a5
   18d60:	0141                	addi	sp,sp,16
   18d62:	8082                	ret
   18d64:	e57f80ef          	jal	11bba <__errno>
   18d68:	60a2                	ld	ra,8(sp)
   18d6a:	47b1                	li	a5,12
   18d6c:	c11c                	sw	a5,0(a0)
   18d6e:	557d                	li	a0,-1
   18d70:	0141                	addi	sp,sp,16
   18d72:	8082                	ret

0000000000018d74 <_write>:
   18d74:	04000893          	li	a7,64
   18d78:	00000073          	ecall
   18d7c:	00054363          	bltz	a0,18d82 <_write+0xe>
   18d80:	8082                	ret
   18d82:	1101                	addi	sp,sp,-32
   18d84:	ec06                	sd	ra,24(sp)
   18d86:	e42a                	sd	a0,8(sp)
   18d88:	e33f80ef          	jal	11bba <__errno>
   18d8c:	67a2                	ld	a5,8(sp)
   18d8e:	60e2                	ld	ra,24(sp)
   18d90:	40f007bb          	negw	a5,a5
   18d94:	c11c                	sw	a5,0(a0)
   18d96:	57fd                	li	a5,-1
   18d98:	853e                	mv	a0,a5
   18d9a:	6105                	addi	sp,sp,32
   18d9c:	8082                	ret

0000000000018d9e <_conv_stat>:
   18d9e:	4990                	lw	a2,16(a1)
   18da0:	6198                	ld	a4,0(a1)
   18da2:	659c                	ld	a5,8(a1)
   18da4:	cce17057          	vsetivli	zero,2,e16,mf4,ta,ma
   18da8:	c150                	sw	a2,4(a0)
   18daa:	01458693          	addi	a3,a1,20
   18dae:	0206e087          	vle32.v	v1,(a3)
   18db2:	00e51023          	sh	a4,0(a0)
   18db6:	00f51123          	sh	a5,2(a0)
   18dba:	00850793          	addi	a5,a0,8
   18dbe:	01c5ae03          	lw	t3,28(a1)
   18dc2:	0205b303          	ld	t1,32(a1)
   18dc6:	b21030d7          	vnsrl.wi	v1,v1,0
   18dca:	0305b883          	ld	a7,48(a1)
   18dce:	0405b803          	ld	a6,64(a1)
   18dd2:	0207d0a7          	vse16.v	v1,(a5)
   18dd6:	5d90                	lw	a2,56(a1)
   18dd8:	65b4                	ld	a3,72(a1)
   18dda:	6db8                	ld	a4,88(a1)
   18ddc:	75bc                	ld	a5,104(a1)
   18dde:	01c51623          	sh	t3,12(a0)
   18de2:	00651723          	sh	t1,14(a0)
   18de6:	01153823          	sd	a7,16(a0)
   18dea:	05053823          	sd	a6,80(a0)
   18dee:	e530                	sd	a2,72(a0)
   18df0:	ed14                	sd	a3,24(a0)
   18df2:	f518                	sd	a4,40(a0)
   18df4:	fd1c                	sd	a5,56(a0)
   18df6:	8082                	ret

0000000000018df8 <__eqtf2>:
   18df8:	002027f3          	frrm	a5
   18dfc:	68a1                	lui	a7,0x8
   18dfe:	0305d813          	srli	a6,a1,0x30
   18e02:	18fd                	addi	a7,a7,-1 # 7fff <exit-0x8121>
   18e04:	577d                	li	a4,-1
   18e06:	8341                	srli	a4,a4,0x10
   18e08:	0306d793          	srli	a5,a3,0x30
   18e0c:	01187833          	and	a6,a6,a7
   18e10:	00e5f333          	and	t1,a1,a4
   18e14:	0117f7b3          	and	a5,a5,a7
   18e18:	8f75                	and	a4,a4,a3
   18e1a:	91fd                	srli	a1,a1,0x3f
   18e1c:	92fd                	srli	a3,a3,0x3f
   18e1e:	01181a63          	bne	a6,a7,18e32 <__eqtf2+0x3a>
   18e22:	006568b3          	or	a7,a0,t1
   18e26:	02089063          	bnez	a7,18e46 <__eqtf2+0x4e>
   18e2a:	01078663          	beq	a5,a6,18e36 <__eqtf2+0x3e>
   18e2e:	4785                	li	a5,1
   18e30:	a0ad                	j	18e9a <__eqtf2+0xa2>
   18e32:	05179063          	bne	a5,a7,18e72 <__eqtf2+0x7a>
   18e36:	00e668b3          	or	a7,a2,a4
   18e3a:	02088c63          	beqz	a7,18e72 <__eqtf2+0x7a>
   18e3e:	66a1                	lui	a3,0x8
   18e40:	16fd                	addi	a3,a3,-1 # 7fff <exit-0x8121>
   18e42:	00d81e63          	bne	a6,a3,18e5e <__eqtf2+0x66>
   18e46:	00656533          	or	a0,a0,t1
   18e4a:	c509                	beqz	a0,18e54 <__eqtf2+0x5c>
   18e4c:	4685                	li	a3,1
   18e4e:	16be                	slli	a3,a3,0x2f
   18e50:	00d36d63          	bltu	t1,a3,18e6a <__eqtf2+0x72>
   18e54:	66a1                	lui	a3,0x8
   18e56:	16fd                	addi	a3,a3,-1 # 7fff <exit-0x8121>
   18e58:	4505                	li	a0,1
   18e5a:	04d79263          	bne	a5,a3,18e9e <__eqtf2+0xa6>
   18e5e:	8e59                	or	a2,a2,a4
   18e60:	c619                	beqz	a2,18e6e <__eqtf2+0x76>
   18e62:	4785                	li	a5,1
   18e64:	17be                	slli	a5,a5,0x2f
   18e66:	00f77463          	bgeu	a4,a5,18e6e <__eqtf2+0x76>
   18e6a:	00186073          	csrsi	fflags,16
   18e6e:	4505                	li	a0,1
   18e70:	8082                	ret
   18e72:	40f807b3          	sub	a5,a6,a5
   18e76:	8e09                	sub	a2,a2,a0
   18e78:	00f037b3          	snez	a5,a5
   18e7c:	00c03633          	snez	a2,a2
   18e80:	8fd1                	or	a5,a5,a2
   18e82:	f7d5                	bnez	a5,18e2e <__eqtf2+0x36>
   18e84:	fae315e3          	bne	t1,a4,18e2e <__eqtf2+0x36>
   18e88:	00d58963          	beq	a1,a3,18e9a <__eqtf2+0xa2>
   18e8c:	4785                	li	a5,1
   18e8e:	00081663          	bnez	a6,18e9a <__eqtf2+0xa2>
   18e92:	006567b3          	or	a5,a0,t1
   18e96:	00f037b3          	snez	a5,a5
   18e9a:	853e                	mv	a0,a5
   18e9c:	8082                	ret
   18e9e:	8082                	ret

0000000000018ea0 <__getf2>:
   18ea0:	002027f3          	frrm	a5
   18ea4:	67a1                	lui	a5,0x8
   18ea6:	0305d813          	srli	a6,a1,0x30
   18eaa:	17fd                	addi	a5,a5,-1 # 7fff <exit-0x8121>
   18eac:	537d                	li	t1,-1
   18eae:	01035313          	srli	t1,t1,0x10
   18eb2:	0306d713          	srli	a4,a3,0x30
   18eb6:	00f87833          	and	a6,a6,a5
   18eba:	0065f8b3          	and	a7,a1,t1
   18ebe:	8f7d                	and	a4,a4,a5
   18ec0:	91fd                	srli	a1,a1,0x3f
   18ec2:	03f6de13          	srli	t3,a3,0x3f
   18ec6:	04f80063          	beq	a6,a5,18f06 <__getf2+0x66>
   18eca:	0066f6b3          	and	a3,a3,t1
   18ece:	6321                	lui	t1,0x8
   18ed0:	137d                	addi	t1,t1,-1 # 7fff <exit-0x8121>
   18ed2:	87ba                	mv	a5,a4
   18ed4:	00671663          	bne	a4,t1,18ee0 <__getf2+0x40>
   18ed8:	00c6e333          	or	t1,a3,a2
   18edc:	02031863          	bnez	t1,18f0c <__getf2+0x6c>
   18ee0:	4301                	li	t1,0
   18ee2:	00081663          	bnez	a6,18eee <__getf2+0x4e>
   18ee6:	00a8e333          	or	t1,a7,a0
   18eea:	00133313          	seqz	t1,t1
   18eee:	eb29                	bnez	a4,18f40 <__getf2+0xa0>
   18ef0:	00c6eeb3          	or	t4,a3,a2
   18ef4:	02030063          	beqz	t1,18f14 <__getf2+0x74>
   18ef8:	020e8263          	beqz	t4,18f1c <__getf2+0x7c>
   18efc:	4785                	li	a5,1
   18efe:	000e1f63          	bnez	t3,18f1c <__getf2+0x7c>
   18f02:	57fd                	li	a5,-1
   18f04:	a821                	j	18f1c <__getf2+0x7c>
   18f06:	00a8e7b3          	or	a5,a7,a0
   18f0a:	d3e1                	beqz	a5,18eca <__getf2+0x2a>
   18f0c:	00186073          	csrsi	fflags,16
   18f10:	57f9                	li	a5,-2
   18f12:	a029                	j	18f1c <__getf2+0x7c>
   18f14:	020e9863          	bnez	t4,18f44 <__getf2+0xa4>
   18f18:	57fd                	li	a5,-1
   18f1a:	cd85                	beqz	a1,18f52 <__getf2+0xb2>
   18f1c:	853e                	mv	a0,a5
   18f1e:	8082                	ret
   18f20:	fce84ee3          	blt	a6,a4,18efc <__getf2+0x5c>
   18f24:	ff16eae3          	bltu	a3,a7,18f18 <__getf2+0x78>
   18f28:	00a67463          	bgeu	a2,a0,18f30 <__getf2+0x90>
   18f2c:	fed886e3          	beq	a7,a3,18f18 <__getf2+0x78>
   18f30:	00c56563          	bltu	a0,a2,18f3a <__getf2+0x9a>
   18f34:	4781                	li	a5,0
   18f36:	fed8f3e3          	bgeu	a7,a3,18f1c <__getf2+0x7c>
   18f3a:	4785                	li	a5,1
   18f3c:	f1e5                	bnez	a1,18f1c <__getf2+0x7c>
   18f3e:	b7d1                	j	18f02 <__getf2+0x62>
   18f40:	fa031ee3          	bnez	t1,18efc <__getf2+0x5c>
   18f44:	fcbe1ae3          	bne	t3,a1,18f18 <__getf2+0x78>
   18f48:	fd075ce3          	bge	a4,a6,18f20 <__getf2+0x80>
   18f4c:	57fd                	li	a5,-1
   18f4e:	fc0e17e3          	bnez	t3,18f1c <__getf2+0x7c>
   18f52:	4785                	li	a5,1
   18f54:	b7e1                	j	18f1c <__getf2+0x7c>

0000000000018f56 <__letf2>:
   18f56:	002027f3          	frrm	a5
   18f5a:	67a1                	lui	a5,0x8
   18f5c:	0305d813          	srli	a6,a1,0x30
   18f60:	17fd                	addi	a5,a5,-1 # 7fff <exit-0x8121>
   18f62:	537d                	li	t1,-1
   18f64:	01035313          	srli	t1,t1,0x10
   18f68:	0306d713          	srli	a4,a3,0x30
   18f6c:	00f87833          	and	a6,a6,a5
   18f70:	0065f8b3          	and	a7,a1,t1
   18f74:	8f7d                	and	a4,a4,a5
   18f76:	91fd                	srli	a1,a1,0x3f
   18f78:	03f6de13          	srli	t3,a3,0x3f
   18f7c:	04f80063          	beq	a6,a5,18fbc <__letf2+0x66>
   18f80:	0066f6b3          	and	a3,a3,t1
   18f84:	6321                	lui	t1,0x8
   18f86:	137d                	addi	t1,t1,-1 # 7fff <exit-0x8121>
   18f88:	87ba                	mv	a5,a4
   18f8a:	00671663          	bne	a4,t1,18f96 <__letf2+0x40>
   18f8e:	00c6e333          	or	t1,a3,a2
   18f92:	02031863          	bnez	t1,18fc2 <__letf2+0x6c>
   18f96:	4301                	li	t1,0
   18f98:	00081663          	bnez	a6,18fa4 <__letf2+0x4e>
   18f9c:	00a8e333          	or	t1,a7,a0
   18fa0:	00133313          	seqz	t1,t1
   18fa4:	eb29                	bnez	a4,18ff6 <__letf2+0xa0>
   18fa6:	00c6eeb3          	or	t4,a3,a2
   18faa:	02030063          	beqz	t1,18fca <__letf2+0x74>
   18fae:	020e8263          	beqz	t4,18fd2 <__letf2+0x7c>
   18fb2:	4785                	li	a5,1
   18fb4:	000e1f63          	bnez	t3,18fd2 <__letf2+0x7c>
   18fb8:	57fd                	li	a5,-1
   18fba:	a821                	j	18fd2 <__letf2+0x7c>
   18fbc:	00a8e7b3          	or	a5,a7,a0
   18fc0:	d3e1                	beqz	a5,18f80 <__letf2+0x2a>
   18fc2:	00186073          	csrsi	fflags,16
   18fc6:	4789                	li	a5,2
   18fc8:	a029                	j	18fd2 <__letf2+0x7c>
   18fca:	020e9863          	bnez	t4,18ffa <__letf2+0xa4>
   18fce:	57fd                	li	a5,-1
   18fd0:	cd85                	beqz	a1,19008 <__letf2+0xb2>
   18fd2:	853e                	mv	a0,a5
   18fd4:	8082                	ret
   18fd6:	fce84ee3          	blt	a6,a4,18fb2 <__letf2+0x5c>
   18fda:	ff16eae3          	bltu	a3,a7,18fce <__letf2+0x78>
   18fde:	00a67463          	bgeu	a2,a0,18fe6 <__letf2+0x90>
   18fe2:	fed886e3          	beq	a7,a3,18fce <__letf2+0x78>
   18fe6:	00c56563          	bltu	a0,a2,18ff0 <__letf2+0x9a>
   18fea:	4781                	li	a5,0
   18fec:	fed8f3e3          	bgeu	a7,a3,18fd2 <__letf2+0x7c>
   18ff0:	4785                	li	a5,1
   18ff2:	f1e5                	bnez	a1,18fd2 <__letf2+0x7c>
   18ff4:	b7d1                	j	18fb8 <__letf2+0x62>
   18ff6:	fa031ee3          	bnez	t1,18fb2 <__letf2+0x5c>
   18ffa:	fcbe1ae3          	bne	t3,a1,18fce <__letf2+0x78>
   18ffe:	fd075ce3          	bge	a4,a6,18fd6 <__letf2+0x80>
   19002:	57fd                	li	a5,-1
   19004:	fc0e17e3          	bnez	t3,18fd2 <__letf2+0x7c>
   19008:	4785                	li	a5,1
   1900a:	b7e1                	j	18fd2 <__letf2+0x7c>

000000000001900c <__multf3>:
   1900c:	711d                	addi	sp,sp,-96
   1900e:	e8a2                	sd	s0,80(sp)
   19010:	f852                	sd	s4,48(sp)
   19012:	e862                	sd	s8,16(sp)
   19014:	ec86                	sd	ra,88(sp)
   19016:	e4a6                	sd	s1,72(sp)
   19018:	e0ca                	sd	s2,64(sp)
   1901a:	fc4e                	sd	s3,56(sp)
   1901c:	f456                	sd	s5,40(sp)
   1901e:	f05a                	sd	s6,32(sp)
   19020:	ec5e                	sd	s7,24(sp)
   19022:	e466                	sd	s9,8(sp)
   19024:	842a                	mv	s0,a0
   19026:	8c32                	mv	s8,a2
   19028:	8a36                	mv	s4,a3
   1902a:	002029f3          	frrm	s3
   1902e:	67a1                	lui	a5,0x8
   19030:	0305db13          	srli	s6,a1,0x30
   19034:	17fd                	addi	a5,a5,-1 # 7fff <exit-0x8121>
   19036:	01059913          	slli	s2,a1,0x10
   1903a:	00fb7b33          	and	s6,s6,a5
   1903e:	2981                	sext.w	s3,s3
   19040:	01095913          	srli	s2,s2,0x10
   19044:	03f5da93          	srli	s5,a1,0x3f
   19048:	020b0563          	beqz	s6,19072 <__multf3+0x66>
   1904c:	08fb0363          	beq	s6,a5,190d2 <__multf3+0xc6>
   19050:	090e                	slli	s2,s2,0x3
   19052:	03d55793          	srli	a5,a0,0x3d
   19056:	0127e7b3          	or	a5,a5,s2
   1905a:	4905                	li	s2,1
   1905c:	194e                	slli	s2,s2,0x33
   1905e:	0127e933          	or	s2,a5,s2
   19062:	77f1                	lui	a5,0xffffc
   19064:	0785                	addi	a5,a5,1 # ffffffffffffc001 <__BSS_END__+0xfffffffffffdf519>
   19066:	00351b93          	slli	s7,a0,0x3
   1906a:	9b3e                	add	s6,s6,a5
   1906c:	4c81                	li	s9,0
   1906e:	4481                	li	s1,0
   19070:	a8b5                	j	190ec <__multf3+0xe0>
   19072:	01256bb3          	or	s7,a0,s2
   19076:	0e0b8963          	beqz	s7,19168 <__multf3+0x15c>
   1907a:	02090d63          	beqz	s2,190b4 <__multf3+0xa8>
   1907e:	854a                	mv	a0,s2
   19080:	7a5000ef          	jal	1a024 <__clzdi2>
   19084:	2501                	sext.w	a0,a0
   19086:	ff150793          	addi	a5,a0,-15
   1908a:	03d00713          	li	a4,61
   1908e:	0037869b          	addiw	a3,a5,3
   19092:	40f707bb          	subw	a5,a4,a5
   19096:	00d91933          	sll	s2,s2,a3
   1909a:	00f457b3          	srl	a5,s0,a5
   1909e:	0127e7b3          	or	a5,a5,s2
   190a2:	00d41933          	sll	s2,s0,a3
   190a6:	7b71                	lui	s6,0xffffc
   190a8:	0b45                	addi	s6,s6,17 # ffffffffffffc011 <__BSS_END__+0xfffffffffffdf529>
   190aa:	8bca                	mv	s7,s2
   190ac:	40ab0b33          	sub	s6,s6,a0
   190b0:	893e                	mv	s2,a5
   190b2:	bf6d                	j	1906c <__multf3+0x60>
   190b4:	771000ef          	jal	1a024 <__clzdi2>
   190b8:	0405051b          	addiw	a0,a0,64
   190bc:	ff150793          	addi	a5,a0,-15
   190c0:	03c00713          	li	a4,60
   190c4:	fcf753e3          	bge	a4,a5,1908a <__multf3+0x7e>
   190c8:	fc37879b          	addiw	a5,a5,-61
   190cc:	00f417b3          	sll	a5,s0,a5
   190d0:	bfd9                	j	190a6 <__multf3+0x9a>
   190d2:	01256bb3          	or	s7,a0,s2
   190d6:	080b8d63          	beqz	s7,19170 <__multf3+0x164>
   190da:	4485                	li	s1,1
   190dc:	14be                	slli	s1,s1,0x2f
   190de:	009934b3          	sltu	s1,s2,s1
   190e2:	0044949b          	slliw	s1,s1,0x4
   190e6:	8baa                	mv	s7,a0
   190e8:	2b01                	sext.w	s6,s6
   190ea:	4c8d                	li	s9,3
   190ec:	56fd                	li	a3,-1
   190ee:	6621                	lui	a2,0x8
   190f0:	030a5713          	srli	a4,s4,0x30
   190f4:	9636                	add	a2,a2,a3
   190f6:	0106d413          	srli	s0,a3,0x10
   190fa:	8f71                	and	a4,a4,a2
   190fc:	008a7433          	and	s0,s4,s0
   19100:	87e2                	mv	a5,s8
   19102:	03fa5a13          	srli	s4,s4,0x3f
   19106:	cb2d                	beqz	a4,19178 <__multf3+0x16c>
   19108:	0cc70663          	beq	a4,a2,191d4 <__multf3+0x1c8>
   1910c:	040e                	slli	s0,s0,0x3
   1910e:	03dc5693          	srli	a3,s8,0x3d
   19112:	8ec1                	or	a3,a3,s0
   19114:	4405                	li	s0,1
   19116:	144e                	slli	s0,s0,0x33
   19118:	8c55                	or	s0,s0,a3
   1911a:	76f1                	lui	a3,0xffffc
   1911c:	0685                	addi	a3,a3,1 # ffffffffffffc001 <__BSS_END__+0xfffffffffffdf519>
   1911e:	003c1793          	slli	a5,s8,0x3
   19122:	9736                	add	a4,a4,a3
   19124:	4881                	li	a7,0
   19126:	002c9693          	slli	a3,s9,0x2
   1912a:	01670833          	add	a6,a4,s6
   1912e:	0116e6b3          	or	a3,a3,a7
   19132:	4729                	li	a4,10
   19134:	00180593          	addi	a1,a6,1
   19138:	0cd74f63          	blt	a4,a3,19216 <__multf3+0x20a>
   1913c:	4509                	li	a0,2
   1913e:	014ac633          	xor	a2,s5,s4
   19142:	4705                	li	a4,1
   19144:	0ad54b63          	blt	a0,a3,191fa <__multf3+0x1ee>
   19148:	16fd                	addi	a3,a3,-1
   1914a:	0ed76063          	bltu	a4,a3,1922a <__multf3+0x21e>
   1914e:	8cc6                	mv	s9,a7
   19150:	4709                	li	a4,2
   19152:	4cec8263          	beq	s9,a4,19616 <__multf3+0x60a>
   19156:	468d                	li	a3,3
   19158:	4705                	li	a4,1
   1915a:	4adc8863          	beq	s9,a3,1960a <__multf3+0x5fe>
   1915e:	26ec9763          	bne	s9,a4,193cc <__multf3+0x3c0>
   19162:	4701                	li	a4,0
   19164:	4501                	li	a0,0
   19166:	a151                	j	195ea <__multf3+0x5de>
   19168:	4901                	li	s2,0
   1916a:	4b01                	li	s6,0
   1916c:	4c85                	li	s9,1
   1916e:	b701                	j	1906e <__multf3+0x62>
   19170:	4901                	li	s2,0
   19172:	2b01                	sext.w	s6,s6
   19174:	4c89                	li	s9,2
   19176:	bde5                	j	1906e <__multf3+0x62>
   19178:	008c67b3          	or	a5,s8,s0
   1917c:	c7b5                	beqz	a5,191e8 <__multf3+0x1dc>
   1917e:	c81d                	beqz	s0,191b4 <__multf3+0x1a8>
   19180:	8522                	mv	a0,s0
   19182:	6a3000ef          	jal	1a024 <__clzdi2>
   19186:	2501                	sext.w	a0,a0
   19188:	ff150793          	addi	a5,a0,-15
   1918c:	03d00713          	li	a4,61
   19190:	0037861b          	addiw	a2,a5,3
   19194:	40f707bb          	subw	a5,a4,a5
   19198:	00c41433          	sll	s0,s0,a2
   1919c:	00fc57b3          	srl	a5,s8,a5
   191a0:	0087e6b3          	or	a3,a5,s0
   191a4:	00cc1433          	sll	s0,s8,a2
   191a8:	7771                	lui	a4,0xffffc
   191aa:	0745                	addi	a4,a4,17 # ffffffffffffc011 <__BSS_END__+0xfffffffffffdf529>
   191ac:	87a2                	mv	a5,s0
   191ae:	8f09                	sub	a4,a4,a0
   191b0:	8436                	mv	s0,a3
   191b2:	bf8d                	j	19124 <__multf3+0x118>
   191b4:	8562                	mv	a0,s8
   191b6:	66f000ef          	jal	1a024 <__clzdi2>
   191ba:	0405051b          	addiw	a0,a0,64
   191be:	ff150793          	addi	a5,a0,-15
   191c2:	03c00713          	li	a4,60
   191c6:	fcf753e3          	bge	a4,a5,1918c <__multf3+0x180>
   191ca:	fc37879b          	addiw	a5,a5,-61
   191ce:	00fc16b3          	sll	a3,s8,a5
   191d2:	bfd9                	j	191a8 <__multf3+0x19c>
   191d4:	008c6633          	or	a2,s8,s0
   191d8:	ce01                	beqz	a2,191f0 <__multf3+0x1e4>
   191da:	82c5                	srli	a3,a3,0x11
   191dc:	2701                	sext.w	a4,a4
   191de:	488d                	li	a7,3
   191e0:	f486e3e3          	bltu	a3,s0,19126 <__multf3+0x11a>
   191e4:	44c1                	li	s1,16
   191e6:	b781                	j	19126 <__multf3+0x11a>
   191e8:	4401                	li	s0,0
   191ea:	4701                	li	a4,0
   191ec:	4885                	li	a7,1
   191ee:	bf25                	j	19126 <__multf3+0x11a>
   191f0:	4401                	li	s0,0
   191f2:	4781                	li	a5,0
   191f4:	2701                	sext.w	a4,a4
   191f6:	4889                	li	a7,2
   191f8:	b73d                	j	19126 <__multf3+0x11a>
   191fa:	00d716b3          	sll	a3,a4,a3
   191fe:	5306f513          	andi	a0,a3,1328
   19202:	e10d                	bnez	a0,19224 <__multf3+0x218>
   19204:	2406f313          	andi	t1,a3,576
   19208:	3e031a63          	bnez	t1,195fc <__multf3+0x5f0>
   1920c:	0886f693          	andi	a3,a3,136
   19210:	ce89                	beqz	a3,1922a <__multf3+0x21e>
   19212:	8652                	mv	a2,s4
   19214:	bf2d                	j	1914e <__multf3+0x142>
   19216:	473d                	li	a4,15
   19218:	3ee68863          	beq	a3,a4,19608 <__multf3+0x5fc>
   1921c:	472d                	li	a4,11
   1921e:	8656                	mv	a2,s5
   19220:	fee689e3          	beq	a3,a4,19212 <__multf3+0x206>
   19224:	844a                	mv	s0,s2
   19226:	87de                	mv	a5,s7
   19228:	b725                	j	19150 <__multf3+0x144>
   1922a:	008786b3          	add	a3,a5,s0
   1922e:	020bd513          	srli	a0,s7,0x20
   19232:	0207d893          	srli	a7,a5,0x20
   19236:	01790733          	add	a4,s2,s7
   1923a:	00f6bfb3          	sltu	t6,a3,a5
   1923e:	1b82                	slli	s7,s7,0x20
   19240:	1782                	slli	a5,a5,0x20
   19242:	020bdb93          	srli	s7,s7,0x20
   19246:	9381                	srli	a5,a5,0x20
   19248:	03778eb3          	mul	t4,a5,s7
   1924c:	01273f33          	sltu	t5,a4,s2
   19250:	02f507b3          	mul	a5,a0,a5
   19254:	03150533          	mul	a0,a0,a7
   19258:	037888b3          	mul	a7,a7,s7
   1925c:	00f88333          	add	t1,a7,a5
   19260:	020ed893          	srli	a7,t4,0x20
   19264:	989a                	add	a7,a7,t1
   19266:	00f8f563          	bgeu	a7,a5,19270 <__multf3+0x264>
   1926a:	4785                	li	a5,1
   1926c:	1782                	slli	a5,a5,0x20
   1926e:	953e                	add	a0,a0,a5
   19270:	0208de13          	srli	t3,a7,0x20
   19274:	9e2a                	add	t3,t3,a0
   19276:	1e82                	slli	t4,t4,0x20
   19278:	02071313          	slli	t1,a4,0x20
   1927c:	02069513          	slli	a0,a3,0x20
   19280:	02035313          	srli	t1,t1,0x20
   19284:	020ede93          	srli	t4,t4,0x20
   19288:	02075293          	srli	t0,a4,0x20
   1928c:	0206d793          	srli	a5,a3,0x20
   19290:	9101                	srli	a0,a0,0x20
   19292:	1882                	slli	a7,a7,0x20
   19294:	98f6                	add	a7,a7,t4
   19296:	02650eb3          	mul	t4,a0,t1
   1929a:	02a28533          	mul	a0,t0,a0
   1929e:	02f282b3          	mul	t0,t0,a5
   192a2:	026787b3          	mul	a5,a5,t1
   192a6:	020ed313          	srli	t1,t4,0x20
   192aa:	97aa                	add	a5,a5,a0
   192ac:	933e                	add	t1,t1,a5
   192ae:	00a37563          	bgeu	t1,a0,192b8 <__multf3+0x2ac>
   192b2:	4785                	li	a5,1
   192b4:	1782                	slli	a5,a5,0x20
   192b6:	92be                	add	t0,t0,a5
   192b8:	02095393          	srli	t2,s2,0x20
   192bc:	02045793          	srli	a5,s0,0x20
   192c0:	1902                	slli	s2,s2,0x20
   192c2:	1402                	slli	s0,s0,0x20
   192c4:	02095913          	srli	s2,s2,0x20
   192c8:	9001                	srli	s0,s0,0x20
   192ca:	03240a33          	mul	s4,s0,s2
   192ce:	1e82                	slli	t4,t4,0x20
   192d0:	020ede93          	srli	t4,t4,0x20
   192d4:	02035513          	srli	a0,t1,0x20
   192d8:	1302                	slli	t1,t1,0x20
   192da:	9376                	add	t1,t1,t4
   192dc:	02838433          	mul	s0,t2,s0
   192e0:	02f383b3          	mul	t2,t2,a5
   192e4:	032787b3          	mul	a5,a5,s2
   192e8:	00878eb3          	add	t4,a5,s0
   192ec:	020a5793          	srli	a5,s4,0x20
   192f0:	97f6                	add	a5,a5,t4
   192f2:	0087f563          	bgeu	a5,s0,192fc <__multf3+0x2f0>
   192f6:	4e85                	li	t4,1
   192f8:	1e82                	slli	t4,t4,0x20
   192fa:	93f6                	add	t2,t2,t4
   192fc:	0207de93          	srli	t4,a5,0x20
   19300:	9e9e                	add	t4,t4,t2
   19302:	020a1393          	slli	t2,s4,0x20
   19306:	0203d393          	srli	t2,t2,0x20
   1930a:	1782                	slli	a5,a5,0x20
   1930c:	979e                	add	a5,a5,t2
   1930e:	41f003b3          	neg	t2,t6
   19312:	00777733          	and	a4,a4,t2
   19316:	41e003b3          	neg	t2,t5
   1931a:	0076f6b3          	and	a3,a3,t2
   1931e:	01c303b3          	add	t2,t1,t3
   19322:	0063b333          	sltu	t1,t2,t1
   19326:	951a                	add	a0,a0,t1
   19328:	9516                	add	a0,a0,t0
   1932a:	01ff7f33          	and	t5,t5,t6
   1932e:	00653333          	sltu	t1,a0,t1
   19332:	972a                	add	a4,a4,a0
   19334:	937a                	add	t1,t1,t5
   19336:	00a73533          	sltu	a0,a4,a0
   1933a:	9736                	add	a4,a4,a3
   1933c:	951a                	add	a0,a0,t1
   1933e:	00d736b3          	sltu	a3,a4,a3
   19342:	41c70fb3          	sub	t6,a4,t3
   19346:	96aa                	add	a3,a3,a0
   19348:	40ee0e33          	sub	t3,t3,a4
   1934c:	41138533          	sub	a0,t2,a7
   19350:	00a3b333          	sltu	t1,t2,a0
   19354:	001e3e13          	seqz	t3,t3
   19358:	406f8f33          	sub	t5,t6,t1
   1935c:	01f73733          	sltu	a4,a4,t6
   19360:	01c37333          	and	t1,t1,t3
   19364:	00676733          	or	a4,a4,t1
   19368:	40f50333          	sub	t1,a0,a5
   1936c:	00653533          	sltu	a0,a0,t1
   19370:	41df0fb3          	sub	t6,t5,t4
   19374:	40a78e33          	sub	t3,a5,a0
   19378:	9e7e                	add	t3,t3,t6
   1937a:	8e99                	sub	a3,a3,a4
   1937c:	00fe3733          	sltu	a4,t3,a5
   19380:	001fb793          	seqz	a5,t6
   19384:	96f6                	add	a3,a3,t4
   19386:	8d7d                	and	a0,a0,a5
   19388:	01ff37b3          	sltu	a5,t5,t6
   1938c:	9736                	add	a4,a4,a3
   1938e:	8fc9                	or	a5,a5,a0
   19390:	8f1d                	sub	a4,a4,a5
   19392:	00d31793          	slli	a5,t1,0xd
   19396:	0117e7b3          	or	a5,a5,a7
   1939a:	00f037b3          	snez	a5,a5
   1939e:	03335313          	srli	t1,t1,0x33
   193a2:	0736                	slli	a4,a4,0xd
   193a4:	00de1693          	slli	a3,t3,0xd
   193a8:	0067e7b3          	or	a5,a5,t1
   193ac:	033e5413          	srli	s0,t3,0x33
   193b0:	8fd5                	or	a5,a5,a3
   193b2:	00b71693          	slli	a3,a4,0xb
   193b6:	8c59                	or	s0,s0,a4
   193b8:	0406d963          	bgez	a3,1940a <__multf3+0x3fe>
   193bc:	0017d713          	srli	a4,a5,0x1
   193c0:	8b85                	andi	a5,a5,1
   193c2:	8f5d                	or	a4,a4,a5
   193c4:	03f41793          	slli	a5,s0,0x3f
   193c8:	8fd9                	or	a5,a5,a4
   193ca:	8005                	srli	s0,s0,0x1
   193cc:	6691                	lui	a3,0x4
   193ce:	16fd                	addi	a3,a3,-1 # 3fff <exit-0xc121>
   193d0:	96ae                	add	a3,a3,a1
   193d2:	0cd05663          	blez	a3,1949e <__multf3+0x492>
   193d6:	0077f713          	andi	a4,a5,7
   193da:	cf1d                	beqz	a4,19418 <__multf3+0x40c>
   193dc:	0014e493          	ori	s1,s1,1
   193e0:	4709                	li	a4,2
   193e2:	2481                	sext.w	s1,s1
   193e4:	02e98963          	beq	s3,a4,19416 <__multf3+0x40a>
   193e8:	470d                	li	a4,3
   193ea:	02e98263          	beq	s3,a4,1940e <__multf3+0x402>
   193ee:	02099563          	bnez	s3,19418 <__multf3+0x40c>
   193f2:	00f7f713          	andi	a4,a5,15
   193f6:	4511                	li	a0,4
   193f8:	02a70063          	beq	a4,a0,19418 <__multf3+0x40c>
   193fc:	00a78733          	add	a4,a5,a0
   19400:	00f73533          	sltu	a0,a4,a5
   19404:	942a                	add	s0,s0,a0
   19406:	87ba                	mv	a5,a4
   19408:	a801                	j	19418 <__multf3+0x40c>
   1940a:	85c2                	mv	a1,a6
   1940c:	b7c1                	j	193cc <__multf3+0x3c0>
   1940e:	e609                	bnez	a2,19418 <__multf3+0x40c>
   19410:	00878713          	addi	a4,a5,8
   19414:	b7f5                	j	19400 <__multf3+0x3f4>
   19416:	fe6d                	bnez	a2,19410 <__multf3+0x404>
   19418:	00b41713          	slli	a4,s0,0xb
   1941c:	00075863          	bgez	a4,1942c <__multf3+0x420>
   19420:	577d                	li	a4,-1
   19422:	1752                	slli	a4,a4,0x34
   19424:	177d                	addi	a4,a4,-1
   19426:	6691                	lui	a3,0x4
   19428:	8c79                	and	s0,s0,a4
   1942a:	96ae                	add	a3,a3,a1
   1942c:	65a1                	lui	a1,0x8
   1942e:	ffe58713          	addi	a4,a1,-2 # 7ffe <exit-0x8122>
   19432:	04d74063          	blt	a4,a3,19472 <__multf3+0x466>
   19436:	838d                	srli	a5,a5,0x3
   19438:	03d41513          	slli	a0,s0,0x3d
   1943c:	8d5d                	or	a0,a0,a5
   1943e:	00345713          	srli	a4,s0,0x3
   19442:	00f6161b          	slliw	a2,a2,0xf
   19446:	01071593          	slli	a1,a4,0x10
   1944a:	8e55                	or	a2,a2,a3
   1944c:	1642                	slli	a2,a2,0x30
   1944e:	81c1                	srli	a1,a1,0x10
   19450:	8dd1                	or	a1,a1,a2
   19452:	c099                	beqz	s1,19458 <__multf3+0x44c>
   19454:	0014a073          	csrs	fflags,s1
   19458:	60e6                	ld	ra,88(sp)
   1945a:	6446                	ld	s0,80(sp)
   1945c:	64a6                	ld	s1,72(sp)
   1945e:	6906                	ld	s2,64(sp)
   19460:	79e2                	ld	s3,56(sp)
   19462:	7a42                	ld	s4,48(sp)
   19464:	7aa2                	ld	s5,40(sp)
   19466:	7b02                	ld	s6,32(sp)
   19468:	6be2                	ld	s7,24(sp)
   1946a:	6c42                	ld	s8,16(sp)
   1946c:	6ca2                	ld	s9,8(sp)
   1946e:	6125                	addi	sp,sp,96
   19470:	8082                	ret
   19472:	4789                	li	a5,2
   19474:	02f98363          	beq	s3,a5,1949a <__multf3+0x48e>
   19478:	478d                	li	a5,3
   1947a:	00f98863          	beq	s3,a5,1948a <__multf3+0x47e>
   1947e:	00099763          	bnez	s3,1948c <__multf3+0x480>
   19482:	4501                	li	a0,0
   19484:	fff58693          	addi	a3,a1,-1
   19488:	a021                	j	19490 <__multf3+0x484>
   1948a:	de65                	beqz	a2,19482 <__multf3+0x476>
   1948c:	557d                	li	a0,-1
   1948e:	86ba                	mv	a3,a4
   19490:	0054e493          	ori	s1,s1,5
   19494:	2481                	sext.w	s1,s1
   19496:	872a                	mv	a4,a0
   19498:	b76d                	j	19442 <__multf3+0x436>
   1949a:	f665                	bnez	a2,19482 <__multf3+0x476>
   1949c:	bfc5                	j	1948c <__multf3+0x480>
   1949e:	e2cd                	bnez	a3,19540 <__multf3+0x534>
   194a0:	0077f693          	andi	a3,a5,7
   194a4:	8722                	mv	a4,s0
   194a6:	ce85                	beqz	a3,194de <__multf3+0x4d2>
   194a8:	0014e493          	ori	s1,s1,1
   194ac:	4689                	li	a3,2
   194ae:	2481                	sext.w	s1,s1
   194b0:	02d98663          	beq	s3,a3,194dc <__multf3+0x4d0>
   194b4:	468d                	li	a3,3
   194b6:	00d98f63          	beq	s3,a3,194d4 <__multf3+0x4c8>
   194ba:	02099263          	bnez	s3,194de <__multf3+0x4d2>
   194be:	00f7f693          	andi	a3,a5,15
   194c2:	4591                	li	a1,4
   194c4:	00b68d63          	beq	a3,a1,194de <__multf3+0x4d2>
   194c8:	ffc7b713          	sltiu	a4,a5,-4
   194cc:	00173713          	seqz	a4,a4
   194d0:	9722                	add	a4,a4,s0
   194d2:	a031                	j	194de <__multf3+0x4d2>
   194d4:	e609                	bnez	a2,194de <__multf3+0x4d2>
   194d6:	ff87b713          	sltiu	a4,a5,-8
   194da:	bfcd                	j	194cc <__multf3+0x4c0>
   194dc:	fe6d                	bnez	a2,194d6 <__multf3+0x4ca>
   194de:	03475593          	srli	a1,a4,0x34
   194e2:	8985                	andi	a1,a1,1
   194e4:	0015c593          	xori	a1,a1,1
   194e8:	4705                	li	a4,1
   194ea:	04000513          	li	a0,64
   194ee:	9d19                	subw	a0,a0,a4
   194f0:	00e7d833          	srl	a6,a5,a4
   194f4:	00a416b3          	sll	a3,s0,a0
   194f8:	00a79533          	sll	a0,a5,a0
   194fc:	0106e6b3          	or	a3,a3,a6
   19500:	00a03533          	snez	a0,a0
   19504:	00a6e7b3          	or	a5,a3,a0
   19508:	00e45733          	srl	a4,s0,a4
   1950c:	0077f693          	andi	a3,a5,7
   19510:	ceb5                	beqz	a3,1958c <__multf3+0x580>
   19512:	0014e493          	ori	s1,s1,1
   19516:	4689                	li	a3,2
   19518:	2481                	sext.w	s1,s1
   1951a:	06d98863          	beq	s3,a3,1958a <__multf3+0x57e>
   1951e:	468d                	li	a3,3
   19520:	06d98163          	beq	s3,a3,19582 <__multf3+0x576>
   19524:	06099463          	bnez	s3,1958c <__multf3+0x580>
   19528:	00f7f693          	andi	a3,a5,15
   1952c:	4511                	li	a0,4
   1952e:	04a68f63          	beq	a3,a0,1958c <__multf3+0x580>
   19532:	00a786b3          	add	a3,a5,a0
   19536:	00f6b533          	sltu	a0,a3,a5
   1953a:	972a                	add	a4,a4,a0
   1953c:	87b6                	mv	a5,a3
   1953e:	a0b9                	j	1958c <__multf3+0x580>
   19540:	f8d00713          	li	a4,-115
   19544:	06e6cf63          	blt	a3,a4,195c2 <__multf3+0x5b6>
   19548:	4585                	li	a1,1
   1954a:	fc200513          	li	a0,-62
   1954e:	40d58733          	sub	a4,a1,a3
   19552:	f8a6dce3          	bge	a3,a0,194ea <__multf3+0x4de>
   19556:	fc07059b          	addiw	a1,a4,-64
   1955a:	fc100813          	li	a6,-63
   1955e:	00b455b3          	srl	a1,s0,a1
   19562:	4501                	li	a0,0
   19564:	01068763          	beq	a3,a6,19572 <__multf3+0x566>
   19568:	08000513          	li	a0,128
   1956c:	9d19                	subw	a0,a0,a4
   1956e:	00a41533          	sll	a0,s0,a0
   19572:	8d5d                	or	a0,a0,a5
   19574:	00a03533          	snez	a0,a0
   19578:	00a5e7b3          	or	a5,a1,a0
   1957c:	4701                	li	a4,0
   1957e:	4585                	li	a1,1
   19580:	b771                	j	1950c <__multf3+0x500>
   19582:	e609                	bnez	a2,1958c <__multf3+0x580>
   19584:	00878693          	addi	a3,a5,8
   19588:	b77d                	j	19536 <__multf3+0x52a>
   1958a:	fe6d                	bnez	a2,19584 <__multf3+0x578>
   1958c:	00c71693          	slli	a3,a4,0xc
   19590:	0206d263          	bgez	a3,195b4 <__multf3+0x5a8>
   19594:	0014e493          	ori	s1,s1,1
   19598:	2481                	sext.w	s1,s1
   1959a:	4701                	li	a4,0
   1959c:	4501                	li	a0,0
   1959e:	4685                	li	a3,1
   195a0:	ea0581e3          	beqz	a1,19442 <__multf3+0x436>
   195a4:	0014f793          	andi	a5,s1,1
   195a8:	0017979b          	slliw	a5,a5,0x1
   195ac:	8fc5                	or	a5,a5,s1
   195ae:	0007849b          	sext.w	s1,a5
   195b2:	bd41                	j	19442 <__multf3+0x436>
   195b4:	03d71513          	slli	a0,a4,0x3d
   195b8:	838d                	srli	a5,a5,0x3
   195ba:	8d5d                	or	a0,a0,a5
   195bc:	830d                	srli	a4,a4,0x3
   195be:	4681                	li	a3,0
   195c0:	b7c5                	j	195a0 <__multf3+0x594>
   195c2:	00f46533          	or	a0,s0,a5
   195c6:	cd11                	beqz	a0,195e2 <__multf3+0x5d6>
   195c8:	4789                	li	a5,2
   195ca:	0014e493          	ori	s1,s1,1
   195ce:	02f98463          	beq	s3,a5,195f6 <__multf3+0x5ea>
   195d2:	478d                	li	a5,3
   195d4:	00f98d63          	beq	s3,a5,195ee <__multf3+0x5e2>
   195d8:	4505                	li	a0,1
   195da:	00099363          	bnez	s3,195e0 <__multf3+0x5d4>
   195de:	4515                	li	a0,5
   195e0:	810d                	srli	a0,a0,0x3
   195e2:	0024e493          	ori	s1,s1,2
   195e6:	2481                	sext.w	s1,s1
   195e8:	4701                	li	a4,0
   195ea:	4681                	li	a3,0
   195ec:	bd99                	j	19442 <__multf3+0x436>
   195ee:	4525                	li	a0,9
   195f0:	da65                	beqz	a2,195e0 <__multf3+0x5d4>
   195f2:	4505                	li	a0,1
   195f4:	b7f5                	j	195e0 <__multf3+0x5d4>
   195f6:	4525                	li	a0,9
   195f8:	f665                	bnez	a2,195e0 <__multf3+0x5d4>
   195fa:	bfe5                	j	195f2 <__multf3+0x5e6>
   195fc:	66a1                	lui	a3,0x8
   195fe:	173e                	slli	a4,a4,0x2f
   19600:	16fd                	addi	a3,a3,-1 # 7fff <exit-0x8121>
   19602:	4601                	li	a2,0
   19604:	44c1                	li	s1,16
   19606:	bd35                	j	19442 <__multf3+0x436>
   19608:	4705                	li	a4,1
   1960a:	66a1                	lui	a3,0x8
   1960c:	173e                	slli	a4,a4,0x2f
   1960e:	4501                	li	a0,0
   19610:	16fd                	addi	a3,a3,-1 # 7fff <exit-0x8121>
   19612:	4601                	li	a2,0
   19614:	b53d                	j	19442 <__multf3+0x436>
   19616:	66a1                	lui	a3,0x8
   19618:	4701                	li	a4,0
   1961a:	4501                	li	a0,0
   1961c:	16fd                	addi	a3,a3,-1 # 7fff <exit-0x8121>
   1961e:	b515                	j	19442 <__multf3+0x436>

0000000000019620 <__subtf3>:
   19620:	7179                	addi	sp,sp,-48
   19622:	f406                	sd	ra,40(sp)
   19624:	f022                	sd	s0,32(sp)
   19626:	ec26                	sd	s1,24(sp)
   19628:	e84a                	sd	s2,16(sp)
   1962a:	e44e                	sd	s3,8(sp)
   1962c:	e052                	sd	s4,0(sp)
   1962e:	002029f3          	frrm	s3
   19632:	577d                	li	a4,-1
   19634:	8341                	srli	a4,a4,0x10
   19636:	0305d813          	srli	a6,a1,0x30
   1963a:	03f5d913          	srli	s2,a1,0x3f
   1963e:	8df9                	and	a1,a1,a4
   19640:	058e                	slli	a1,a1,0x3
   19642:	03d55313          	srli	t1,a0,0x3d
   19646:	67a1                	lui	a5,0x8
   19648:	17fd                	addi	a5,a5,-1 # 7fff <exit-0x8121>
   1964a:	0306de93          	srli	t4,a3,0x30
   1964e:	00b36333          	or	t1,t1,a1
   19652:	03f6d593          	srli	a1,a3,0x3f
   19656:	8ef9                	and	a3,a3,a4
   19658:	03d65e13          	srli	t3,a2,0x3d
   1965c:	00f87833          	and	a6,a6,a5
   19660:	068e                	slli	a3,a3,0x3
   19662:	00fefeb3          	and	t4,t4,a5
   19666:	2981                	sext.w	s3,s3
   19668:	84c2                	mv	s1,a6
   1966a:	050e                	slli	a0,a0,0x3
   1966c:	00de6e33          	or	t3,t3,a3
   19670:	060e                	slli	a2,a2,0x3
   19672:	00fe9563          	bne	t4,a5,1967c <__subtf3+0x5c>
   19676:	00ce67b3          	or	a5,t3,a2
   1967a:	e399                	bnez	a5,19680 <__subtf3+0x60>
   1967c:	0015c593          	xori	a1,a1,1
   19680:	68a1                	lui	a7,0x8
   19682:	41d807bb          	subw	a5,a6,t4
   19686:	18fd                	addi	a7,a7,-1 # 7fff <exit-0x8121>
   19688:	33259963          	bne	a1,s2,199ba <__subtf3+0x39a>
   1968c:	0ef05a63          	blez	a5,19780 <__subtf3+0x160>
   19690:	060e9a63          	bnez	t4,19704 <__subtf3+0xe4>
   19694:	00ce6733          	or	a4,t3,a2
   19698:	e711                	bnez	a4,196a4 <__subtf3+0x84>
   1969a:	862a                	mv	a2,a0
   1969c:	05180763          	beq	a6,a7,196ea <__subtf3+0xca>
   196a0:	4781                	li	a5,0
   196a2:	a2dd                	j	19888 <__subtf3+0x268>
   196a4:	37fd                	addiw	a5,a5,-1
   196a6:	e3a1                	bnez	a5,196e6 <__subtf3+0xc6>
   196a8:	962a                	add	a2,a2,a0
   196aa:	9e1a                	add	t3,t3,t1
   196ac:	00a63533          	sltu	a0,a2,a0
   196b0:	00ae0333          	add	t1,t3,a0
   196b4:	00c31793          	slli	a5,t1,0xc
   196b8:	0207d563          	bgez	a5,196e2 <__subtf3+0xc2>
   196bc:	67a1                	lui	a5,0x8
   196be:	0485                	addi	s1,s1,1
   196c0:	17fd                	addi	a5,a5,-1 # 7fff <exit-0x8121>
   196c2:	2cf48863          	beq	s1,a5,19992 <__subtf3+0x372>
   196c6:	57fd                	li	a5,-1
   196c8:	17ce                	slli	a5,a5,0x33
   196ca:	17fd                	addi	a5,a5,-1
   196cc:	00f377b3          	and	a5,t1,a5
   196d0:	00165713          	srli	a4,a2,0x1
   196d4:	8a05                	andi	a2,a2,1
   196d6:	8f51                	or	a4,a4,a2
   196d8:	03f79613          	slli	a2,a5,0x3f
   196dc:	8e59                	or	a2,a2,a4
   196de:	0017d313          	srli	t1,a5,0x1
   196e2:	4781                	li	a5,0
   196e4:	aca1                	j	1993c <__subtf3+0x31c>
   196e6:	03181563          	bne	a6,a7,19710 <__subtf3+0xf0>
   196ea:	00a36633          	or	a2,t1,a0
   196ee:	70060063          	beqz	a2,19dee <__subtf3+0x7ce>
   196f2:	03235793          	srli	a5,t1,0x32
   196f6:	8b85                	andi	a5,a5,1
   196f8:	0017c793          	xori	a5,a5,1
   196fc:	0047979b          	slliw	a5,a5,0x4
   19700:	862a                	mv	a2,a0
   19702:	a259                	j	19888 <__subtf3+0x268>
   19704:	ff1803e3          	beq	a6,a7,196ea <__subtf3+0xca>
   19708:	4705                	li	a4,1
   1970a:	174e                	slli	a4,a4,0x33
   1970c:	00ee6e33          	or	t3,t3,a4
   19710:	07400713          	li	a4,116
   19714:	06f74163          	blt	a4,a5,19776 <__subtf3+0x156>
   19718:	03f00713          	li	a4,63
   1971c:	02f74963          	blt	a4,a5,1974e <__subtf3+0x12e>
   19720:	04000693          	li	a3,64
   19724:	9e9d                	subw	a3,a3,a5
   19726:	00de1733          	sll	a4,t3,a3
   1972a:	00f655b3          	srl	a1,a2,a5
   1972e:	00d616b3          	sll	a3,a2,a3
   19732:	8f4d                	or	a4,a4,a1
   19734:	00d036b3          	snez	a3,a3
   19738:	8f55                	or	a4,a4,a3
   1973a:	00fe57b3          	srl	a5,t3,a5
   1973e:	00a70633          	add	a2,a4,a0
   19742:	979a                	add	a5,a5,t1
   19744:	00e63733          	sltu	a4,a2,a4
   19748:	00e78333          	add	t1,a5,a4
   1974c:	b7a5                	j	196b4 <__subtf3+0x94>
   1974e:	fc07871b          	addiw	a4,a5,-64
   19752:	04000593          	li	a1,64
   19756:	00ee5733          	srl	a4,t3,a4
   1975a:	4681                	li	a3,0
   1975c:	00b78763          	beq	a5,a1,1976a <__subtf3+0x14a>
   19760:	08000693          	li	a3,128
   19764:	9e9d                	subw	a3,a3,a5
   19766:	00de16b3          	sll	a3,t3,a3
   1976a:	8ed1                	or	a3,a3,a2
   1976c:	00d036b3          	snez	a3,a3
   19770:	8f55                	or	a4,a4,a3
   19772:	4781                	li	a5,0
   19774:	b7e9                	j	1973e <__subtf3+0x11e>
   19776:	00ce6733          	or	a4,t3,a2
   1977a:	00e03733          	snez	a4,a4
   1977e:	bfd5                	j	19772 <__subtf3+0x152>
   19780:	c7e1                	beqz	a5,19848 <__subtf3+0x228>
   19782:	08081163          	bnez	a6,19804 <__subtf3+0x1e4>
   19786:	00a36733          	or	a4,t1,a0
   1978a:	e30d                	bnez	a4,197ac <__subtf3+0x18c>
   1978c:	671e9363          	bne	t4,a7,19df2 <__subtf3+0x7d2>
   19790:	00ce6333          	or	t1,t3,a2
   19794:	66030363          	beqz	t1,19dfa <__subtf3+0x7da>
   19798:	032e5793          	srli	a5,t3,0x32
   1979c:	8b85                	andi	a5,a5,1
   1979e:	0017c793          	xori	a5,a5,1
   197a2:	0047979b          	slliw	a5,a5,0x4
   197a6:	8372                	mv	t1,t3
   197a8:	84f6                	mv	s1,t4
   197aa:	a8f9                	j	19888 <__subtf3+0x268>
   197ac:	fff7c793          	not	a5,a5
   197b0:	2781                	sext.w	a5,a5
   197b2:	eb89                	bnez	a5,197c4 <__subtf3+0x1a4>
   197b4:	962a                	add	a2,a2,a0
   197b6:	9e1a                	add	t3,t3,t1
   197b8:	00a63533          	sltu	a0,a2,a0
   197bc:	00ae0333          	add	t1,t3,a0
   197c0:	84f6                	mv	s1,t4
   197c2:	bdcd                	j	196b4 <__subtf3+0x94>
   197c4:	fd1e86e3          	beq	t4,a7,19790 <__subtf3+0x170>
   197c8:	07400713          	li	a4,116
   197cc:	06f74963          	blt	a4,a5,1983e <__subtf3+0x21e>
   197d0:	03f00713          	li	a4,63
   197d4:	04f74163          	blt	a4,a5,19816 <__subtf3+0x1f6>
   197d8:	04000693          	li	a3,64
   197dc:	9e9d                	subw	a3,a3,a5
   197de:	00d31733          	sll	a4,t1,a3
   197e2:	00f555b3          	srl	a1,a0,a5
   197e6:	00d516b3          	sll	a3,a0,a3
   197ea:	8f4d                	or	a4,a4,a1
   197ec:	00d036b3          	snez	a3,a3
   197f0:	8f55                	or	a4,a4,a3
   197f2:	00f357b3          	srl	a5,t1,a5
   197f6:	963a                	add	a2,a2,a4
   197f8:	97f2                	add	a5,a5,t3
   197fa:	00e63733          	sltu	a4,a2,a4
   197fe:	00e78333          	add	t1,a5,a4
   19802:	bf7d                	j	197c0 <__subtf3+0x1a0>
   19804:	f91e86e3          	beq	t4,a7,19790 <__subtf3+0x170>
   19808:	4705                	li	a4,1
   1980a:	174e                	slli	a4,a4,0x33
   1980c:	40f007bb          	negw	a5,a5
   19810:	00e36333          	or	t1,t1,a4
   19814:	bf55                	j	197c8 <__subtf3+0x1a8>
   19816:	fc07871b          	addiw	a4,a5,-64
   1981a:	04000593          	li	a1,64
   1981e:	00e35733          	srl	a4,t1,a4
   19822:	4681                	li	a3,0
   19824:	00b78763          	beq	a5,a1,19832 <__subtf3+0x212>
   19828:	08000693          	li	a3,128
   1982c:	9e9d                	subw	a3,a3,a5
   1982e:	00d316b3          	sll	a3,t1,a3
   19832:	8ec9                	or	a3,a3,a0
   19834:	00d036b3          	snez	a3,a3
   19838:	8f55                	or	a4,a4,a3
   1983a:	4781                	li	a5,0
   1983c:	bf6d                	j	197f6 <__subtf3+0x1d6>
   1983e:	00a36733          	or	a4,t1,a0
   19842:	00e03733          	snez	a4,a4
   19846:	bfd5                	j	1983a <__subtf3+0x21a>
   19848:	00180713          	addi	a4,a6,1
   1984c:	03171693          	slli	a3,a4,0x31
   19850:	92c9                	srli	a3,a3,0x32
   19852:	e6f9                	bnez	a3,19920 <__subtf3+0x300>
   19854:	00a36733          	or	a4,t1,a0
   19858:	08081363          	bnez	a6,198de <__subtf3+0x2be>
   1985c:	4e070663          	beqz	a4,19d48 <__subtf3+0x728>
   19860:	00ce6733          	or	a4,t3,a2
   19864:	4e070663          	beqz	a4,19d50 <__subtf3+0x730>
   19868:	962a                	add	a2,a2,a0
   1986a:	9e1a                	add	t3,t3,t1
   1986c:	00a63533          	sltu	a0,a2,a0
   19870:	00ae0333          	add	t1,t3,a0
   19874:	00c31713          	slli	a4,t1,0xc
   19878:	40075863          	bgez	a4,19c88 <__subtf3+0x668>
   1987c:	577d                	li	a4,-1
   1987e:	174e                	slli	a4,a4,0x33
   19880:	177d                	addi	a4,a4,-1
   19882:	00e37333          	and	t1,t1,a4
   19886:	4485                	li	s1,1
   19888:	6721                	lui	a4,0x8
   1988a:	03d31513          	slli	a0,t1,0x3d
   1988e:	820d                	srli	a2,a2,0x3
   19890:	177d                	addi	a4,a4,-1 # 7fff <exit-0x8121>
   19892:	8d51                	or	a0,a0,a2
   19894:	00335313          	srli	t1,t1,0x3
   19898:	00e49a63          	bne	s1,a4,198ac <__subtf3+0x28c>
   1989c:	00656533          	or	a0,a0,t1
   198a0:	4301                	li	t1,0
   198a2:	c509                	beqz	a0,198ac <__subtf3+0x28c>
   198a4:	4305                	li	t1,1
   198a6:	133e                	slli	t1,t1,0x2f
   198a8:	4501                	li	a0,0
   198aa:	4901                	li	s2,0
   198ac:	03149713          	slli	a4,s1,0x31
   198b0:	00197913          	andi	s2,s2,1
   198b4:	9345                	srli	a4,a4,0x31
   198b6:	093e                	slli	s2,s2,0xf
   198b8:	01031593          	slli	a1,t1,0x10
   198bc:	00e96933          	or	s2,s2,a4
   198c0:	1942                	slli	s2,s2,0x30
   198c2:	81c1                	srli	a1,a1,0x10
   198c4:	0125e5b3          	or	a1,a1,s2
   198c8:	c399                	beqz	a5,198ce <__subtf3+0x2ae>
   198ca:	0017a073          	csrs	fflags,a5
   198ce:	70a2                	ld	ra,40(sp)
   198d0:	7402                	ld	s0,32(sp)
   198d2:	64e2                	ld	s1,24(sp)
   198d4:	6942                	ld	s2,16(sp)
   198d6:	69a2                	ld	s3,8(sp)
   198d8:	6a02                	ld	s4,0(sp)
   198da:	6145                	addi	sp,sp,48
   198dc:	8082                	ret
   198de:	03181563          	bne	a6,a7,19908 <__subtf3+0x2e8>
   198e2:	c31d                	beqz	a4,19908 <__subtf3+0x2e8>
   198e4:	03235793          	srli	a5,t1,0x32
   198e8:	8b85                	andi	a5,a5,1
   198ea:	0017c793          	xori	a5,a5,1
   198ee:	0047979b          	slliw	a5,a5,0x4
   198f2:	030e9163          	bne	t4,a6,19914 <__subtf3+0x2f4>
   198f6:	00ce66b3          	or	a3,t3,a2
   198fa:	ca99                	beqz	a3,19910 <__subtf3+0x2f0>
   198fc:	00de1693          	slli	a3,t3,0xd
   19900:	0006c863          	bltz	a3,19910 <__subtf3+0x2f0>
   19904:	47c1                	li	a5,16
   19906:	a029                	j	19910 <__subtf3+0x2f0>
   19908:	66a1                	lui	a3,0x8
   1990a:	16fd                	addi	a3,a3,-1 # 7fff <exit-0x8121>
   1990c:	fede85e3          	beq	t4,a3,198f6 <__subtf3+0x2d6>
   19910:	2e070263          	beqz	a4,19bf4 <__subtf3+0x5d4>
   19914:	00ce6e33          	or	t3,t3,a2
   19918:	2e0e1563          	bnez	t3,19c02 <__subtf3+0x5e2>
   1991c:	862a                	mv	a2,a0
   1991e:	ace1                	j	19bf6 <__subtf3+0x5d6>
   19920:	03170063          	beq	a4,a7,19940 <__subtf3+0x320>
   19924:	962a                	add	a2,a2,a0
   19926:	9e1a                	add	t3,t3,t1
   19928:	00a63533          	sltu	a0,a2,a0
   1992c:	9e2a                	add	t3,t3,a0
   1992e:	03fe1693          	slli	a3,t3,0x3f
   19932:	8205                	srli	a2,a2,0x1
   19934:	8e55                	or	a2,a2,a3
   19936:	001e5313          	srli	t1,t3,0x1
   1993a:	84ba                	mv	s1,a4
   1993c:	4701                	li	a4,0
   1993e:	ae49                	j	19cd0 <__subtf3+0x6b0>
   19940:	4a098563          	beqz	s3,19dea <__subtf3+0x7ca>
   19944:	468d                	li	a3,3
   19946:	02d99a63          	bne	s3,a3,1997a <__subtf3+0x35a>
   1994a:	4a090063          	beqz	s2,19dea <__subtf3+0x7ca>
   1994e:	64a1                	lui	s1,0x8
   19950:	14f9                	addi	s1,s1,-2 # 7ffe <exit-0x8122>
   19952:	567d                	li	a2,-1
   19954:	8332                	mv	t1,a2
   19956:	4715                	li	a4,5
   19958:	468d                	li	a3,3
   1995a:	40d98d63          	beq	s3,a3,19d74 <__subtf3+0x754>
   1995e:	42099363          	bnez	s3,19d84 <__subtf3+0x764>
   19962:	00f67693          	andi	a3,a2,15
   19966:	4591                	li	a1,4
   19968:	40b68e63          	beq	a3,a1,19d84 <__subtf3+0x764>
   1996c:	00b606b3          	add	a3,a2,a1
   19970:	00c6b5b3          	sltu	a1,a3,a2
   19974:	932e                	add	t1,t1,a1
   19976:	8636                	mv	a2,a3
   19978:	a131                	j	19d84 <__subtf3+0x764>
   1997a:	4789                	li	a5,2
   1997c:	42f99a63          	bne	s3,a5,19db0 <__subtf3+0x790>
   19980:	46091563          	bnez	s2,19dea <__subtf3+0x7ca>
   19984:	64a1                	lui	s1,0x8
   19986:	567d                	li	a2,-1
   19988:	14f9                	addi	s1,s1,-2 # 7ffe <exit-0x8122>
   1998a:	8332                	mv	t1,a2
   1998c:	4715                	li	a4,5
   1998e:	87ba                	mv	a5,a4
   19990:	a109                	j	19d92 <__subtf3+0x772>
   19992:	02098063          	beqz	s3,199b2 <__subtf3+0x392>
   19996:	478d                	li	a5,3
   19998:	00f99863          	bne	s3,a5,199a8 <__subtf3+0x388>
   1999c:	00090b63          	beqz	s2,199b2 <__subtf3+0x392>
   199a0:	64a1                	lui	s1,0x8
   199a2:	14f9                	addi	s1,s1,-2 # 7ffe <exit-0x8122>
   199a4:	4781                	li	a5,0
   199a6:	b775                	j	19952 <__subtf3+0x332>
   199a8:	4789                	li	a5,2
   199aa:	40f99363          	bne	s3,a5,19db0 <__subtf3+0x790>
   199ae:	fc090be3          	beqz	s2,19984 <__subtf3+0x364>
   199b2:	4301                	li	t1,0
   199b4:	4601                	li	a2,0
   199b6:	4795                	li	a5,5
   199b8:	bdc1                	j	19888 <__subtf3+0x268>
   199ba:	0af05d63          	blez	a5,19a74 <__subtf3+0x454>
   199be:	060e9b63          	bnez	t4,19a34 <__subtf3+0x414>
   199c2:	00ce6733          	or	a4,t3,a2
   199c6:	cc070ae3          	beqz	a4,1969a <__subtf3+0x7a>
   199ca:	37fd                	addiw	a5,a5,-1
   199cc:	e395                	bnez	a5,199f0 <__subtf3+0x3d0>
   199ce:	40c50633          	sub	a2,a0,a2
   199d2:	41c30e33          	sub	t3,t1,t3
   199d6:	00c53533          	sltu	a0,a0,a2
   199da:	40ae0333          	sub	t1,t3,a0
   199de:	00c31793          	slli	a5,t1,0xc
   199e2:	d007d0e3          	bgez	a5,196e2 <__subtf3+0xc2>
   199e6:	00d31413          	slli	s0,t1,0xd
   199ea:	8035                	srli	s0,s0,0xd
   199ec:	8a32                	mv	s4,a2
   199ee:	a499                	j	19c34 <__subtf3+0x614>
   199f0:	cf180de3          	beq	a6,a7,196ea <__subtf3+0xca>
   199f4:	07400713          	li	a4,116
   199f8:	06f74963          	blt	a4,a5,19a6a <__subtf3+0x44a>
   199fc:	03f00713          	li	a4,63
   19a00:	04f74163          	blt	a4,a5,19a42 <__subtf3+0x422>
   19a04:	04000693          	li	a3,64
   19a08:	9e9d                	subw	a3,a3,a5
   19a0a:	00de1733          	sll	a4,t3,a3
   19a0e:	00f655b3          	srl	a1,a2,a5
   19a12:	00d616b3          	sll	a3,a2,a3
   19a16:	8f4d                	or	a4,a4,a1
   19a18:	00d036b3          	snez	a3,a3
   19a1c:	8f55                	or	a4,a4,a3
   19a1e:	00fe57b3          	srl	a5,t3,a5
   19a22:	40e50633          	sub	a2,a0,a4
   19a26:	40f307b3          	sub	a5,t1,a5
   19a2a:	00c53533          	sltu	a0,a0,a2
   19a2e:	40a78333          	sub	t1,a5,a0
   19a32:	b775                	j	199de <__subtf3+0x3be>
   19a34:	cb180be3          	beq	a6,a7,196ea <__subtf3+0xca>
   19a38:	4705                	li	a4,1
   19a3a:	174e                	slli	a4,a4,0x33
   19a3c:	00ee6e33          	or	t3,t3,a4
   19a40:	bf55                	j	199f4 <__subtf3+0x3d4>
   19a42:	fc07871b          	addiw	a4,a5,-64
   19a46:	04000593          	li	a1,64
   19a4a:	00ee5733          	srl	a4,t3,a4
   19a4e:	4681                	li	a3,0
   19a50:	00b78763          	beq	a5,a1,19a5e <__subtf3+0x43e>
   19a54:	08000693          	li	a3,128
   19a58:	9e9d                	subw	a3,a3,a5
   19a5a:	00de16b3          	sll	a3,t3,a3
   19a5e:	8ed1                	or	a3,a3,a2
   19a60:	00d036b3          	snez	a3,a3
   19a64:	8f55                	or	a4,a4,a3
   19a66:	4781                	li	a5,0
   19a68:	bf6d                	j	19a22 <__subtf3+0x402>
   19a6a:	00ce6733          	or	a4,t3,a2
   19a6e:	00e03733          	snez	a4,a4
   19a72:	bfd5                	j	19a66 <__subtf3+0x446>
   19a74:	cfe1                	beqz	a5,19b4c <__subtf3+0x52c>
   19a76:	08081963          	bnez	a6,19b08 <__subtf3+0x4e8>
   19a7a:	00a36733          	or	a4,t1,a0
   19a7e:	e30d                	bnez	a4,19aa0 <__subtf3+0x480>
   19a80:	892e                	mv	s2,a1
   19a82:	371e9863          	bne	t4,a7,19df2 <__subtf3+0x7d2>
   19a86:	00ce6333          	or	t1,t3,a2
   19a8a:	36030763          	beqz	t1,19df8 <__subtf3+0x7d8>
   19a8e:	032e5793          	srli	a5,t3,0x32
   19a92:	8b85                	andi	a5,a5,1
   19a94:	0017c793          	xori	a5,a5,1
   19a98:	0047979b          	slliw	a5,a5,0x4
   19a9c:	892e                	mv	s2,a1
   19a9e:	b321                	j	197a6 <__subtf3+0x186>
   19aa0:	fff7c793          	not	a5,a5
   19aa4:	2781                	sext.w	a5,a5
   19aa6:	ef89                	bnez	a5,19ac0 <__subtf3+0x4a0>
   19aa8:	40a60533          	sub	a0,a2,a0
   19aac:	00a637b3          	sltu	a5,a2,a0
   19ab0:	406e0e33          	sub	t3,t3,t1
   19ab4:	862a                	mv	a2,a0
   19ab6:	40fe0333          	sub	t1,t3,a5
   19aba:	84f6                	mv	s1,t4
   19abc:	892e                	mv	s2,a1
   19abe:	b705                	j	199de <__subtf3+0x3be>
   19ac0:	fd1e83e3          	beq	t4,a7,19a86 <__subtf3+0x466>
   19ac4:	07400713          	li	a4,116
   19ac8:	06f74d63          	blt	a4,a5,19b42 <__subtf3+0x522>
   19acc:	03f00713          	li	a4,63
   19ad0:	04f74563          	blt	a4,a5,19b1a <__subtf3+0x4fa>
   19ad4:	04000693          	li	a3,64
   19ad8:	9e9d                	subw	a3,a3,a5
   19ada:	00d31733          	sll	a4,t1,a3
   19ade:	00f55833          	srl	a6,a0,a5
   19ae2:	00d516b3          	sll	a3,a0,a3
   19ae6:	01076733          	or	a4,a4,a6
   19aea:	00d036b3          	snez	a3,a3
   19aee:	8f55                	or	a4,a4,a3
   19af0:	00f357b3          	srl	a5,t1,a5
   19af4:	40e60733          	sub	a4,a2,a4
   19af8:	00e63333          	sltu	t1,a2,a4
   19afc:	40fe07b3          	sub	a5,t3,a5
   19b00:	863a                	mv	a2,a4
   19b02:	40678333          	sub	t1,a5,t1
   19b06:	bf55                	j	19aba <__subtf3+0x49a>
   19b08:	f71e8fe3          	beq	t4,a7,19a86 <__subtf3+0x466>
   19b0c:	4705                	li	a4,1
   19b0e:	174e                	slli	a4,a4,0x33
   19b10:	40f007bb          	negw	a5,a5
   19b14:	00e36333          	or	t1,t1,a4
   19b18:	b775                	j	19ac4 <__subtf3+0x4a4>
   19b1a:	fc07871b          	addiw	a4,a5,-64
   19b1e:	04000813          	li	a6,64
   19b22:	00e35733          	srl	a4,t1,a4
   19b26:	4681                	li	a3,0
   19b28:	01078763          	beq	a5,a6,19b36 <__subtf3+0x516>
   19b2c:	08000693          	li	a3,128
   19b30:	9e9d                	subw	a3,a3,a5
   19b32:	00d316b3          	sll	a3,t1,a3
   19b36:	8ec9                	or	a3,a3,a0
   19b38:	00d036b3          	snez	a3,a3
   19b3c:	8f55                	or	a4,a4,a3
   19b3e:	4781                	li	a5,0
   19b40:	bf55                	j	19af4 <__subtf3+0x4d4>
   19b42:	00a36733          	or	a4,t1,a0
   19b46:	00e03733          	snez	a4,a4
   19b4a:	bfd5                	j	19b3e <__subtf3+0x51e>
   19b4c:	00180713          	addi	a4,a6,1
   19b50:	03171693          	slli	a3,a4,0x31
   19b54:	92c9                	srli	a3,a3,0x32
   19b56:	eadd                	bnez	a3,19c0c <__subtf3+0x5ec>
   19b58:	00ce6733          	or	a4,t3,a2
   19b5c:	00a366b3          	or	a3,t1,a0
   19b60:	04081f63          	bnez	a6,19bbe <__subtf3+0x59e>
   19b64:	ea91                	bnez	a3,19b78 <__subtf3+0x558>
   19b66:	1e071363          	bnez	a4,19d4c <__subtf3+0x72c>
   19b6a:	ffe98913          	addi	s2,s3,-2
   19b6e:	00193913          	seqz	s2,s2
   19b72:	4301                	li	t1,0
   19b74:	4601                	li	a2,0
   19b76:	bb09                	j	19888 <__subtf3+0x268>
   19b78:	1c070c63          	beqz	a4,19d50 <__subtf3+0x730>
   19b7c:	40c506b3          	sub	a3,a0,a2
   19b80:	00d53833          	sltu	a6,a0,a3
   19b84:	41c30733          	sub	a4,t1,t3
   19b88:	41070733          	sub	a4,a4,a6
   19b8c:	00c71813          	slli	a6,a4,0xc
   19b90:	00085d63          	bgez	a6,19baa <__subtf3+0x58a>
   19b94:	40a60533          	sub	a0,a2,a0
   19b98:	00a637b3          	sltu	a5,a2,a0
   19b9c:	406e0e33          	sub	t3,t3,t1
   19ba0:	862a                	mv	a2,a0
   19ba2:	40fe0333          	sub	t1,t3,a5
   19ba6:	892e                	mv	s2,a1
   19ba8:	a0c5                	j	19c88 <__subtf3+0x668>
   19baa:	00e6e633          	or	a2,a3,a4
   19bae:	1a061363          	bnez	a2,19d54 <__subtf3+0x734>
   19bb2:	ffe98913          	addi	s2,s3,-2
   19bb6:	00193913          	seqz	s2,s2
   19bba:	4301                	li	t1,0
   19bbc:	b1f1                	j	19888 <__subtf3+0x268>
   19bbe:	03181563          	bne	a6,a7,19be8 <__subtf3+0x5c8>
   19bc2:	24068a63          	beqz	a3,19e16 <__subtf3+0x7f6>
   19bc6:	03235793          	srli	a5,t1,0x32
   19bca:	8b85                	andi	a5,a5,1
   19bcc:	0017c793          	xori	a5,a5,1
   19bd0:	0047979b          	slliw	a5,a5,0x4
   19bd4:	030e9563          	bne	t4,a6,19bfe <__subtf3+0x5de>
   19bd8:	cb11                	beqz	a4,19bec <__subtf3+0x5cc>
   19bda:	00de1813          	slli	a6,t3,0xd
   19bde:	00084763          	bltz	a6,19bec <__subtf3+0x5cc>
   19be2:	47c1                	li	a5,16
   19be4:	c699                	beqz	a3,19bf2 <__subtf3+0x5d2>
   19be6:	a831                	j	19c02 <__subtf3+0x5e2>
   19be8:	ff1e88e3          	beq	t4,a7,19bd8 <__subtf3+0x5b8>
   19bec:	ea89                	bnez	a3,19bfe <__subtf3+0x5de>
   19bee:	20070863          	beqz	a4,19dfe <__subtf3+0x7de>
   19bf2:	892e                	mv	s2,a1
   19bf4:	8372                	mv	t1,t3
   19bf6:	6721                	lui	a4,0x8
   19bf8:	fff70493          	addi	s1,a4,-1 # 7fff <exit-0x8121>
   19bfc:	b171                	j	19888 <__subtf3+0x268>
   19bfe:	d0070fe3          	beqz	a4,1991c <__subtf3+0x2fc>
   19c02:	4305                	li	t1,1
   19c04:	4901                	li	s2,0
   19c06:	134a                	slli	t1,t1,0x32
   19c08:	4601                	li	a2,0
   19c0a:	b7f5                	j	19bf6 <__subtf3+0x5d6>
   19c0c:	40c50733          	sub	a4,a0,a2
   19c10:	00e536b3          	sltu	a3,a0,a4
   19c14:	41c30433          	sub	s0,t1,t3
   19c18:	8c15                	sub	s0,s0,a3
   19c1a:	00c41693          	slli	a3,s0,0xc
   19c1e:	8a3a                	mv	s4,a4
   19c20:	0c06d063          	bgez	a3,19ce0 <__subtf3+0x6c0>
   19c24:	40a60a33          	sub	s4,a2,a0
   19c28:	406e0433          	sub	s0,t3,t1
   19c2c:	01463633          	sltu	a2,a2,s4
   19c30:	8c11                	sub	s0,s0,a2
   19c32:	892e                	mv	s2,a1
   19c34:	c061                	beqz	s0,19cf4 <__subtf3+0x6d4>
   19c36:	8522                	mv	a0,s0
   19c38:	3ec000ef          	jal	1a024 <__clzdi2>
   19c3c:	ff45061b          	addiw	a2,a0,-12
   19c40:	04000313          	li	t1,64
   19c44:	40c3033b          	subw	t1,t1,a2
   19c48:	00c41433          	sll	s0,s0,a2
   19c4c:	006a5333          	srl	t1,s4,t1
   19c50:	00836333          	or	t1,t1,s0
   19c54:	00ca1433          	sll	s0,s4,a2
   19c58:	0e964063          	blt	a2,s1,19d38 <__subtf3+0x718>
   19c5c:	9e05                	subw	a2,a2,s1
   19c5e:	0016071b          	addiw	a4,a2,1 # 8001 <exit-0x811f>
   19c62:	03f00793          	li	a5,63
   19c66:	0ae7c563          	blt	a5,a4,19d10 <__subtf3+0x6f0>
   19c6a:	04000793          	li	a5,64
   19c6e:	9f99                	subw	a5,a5,a4
   19c70:	00f31633          	sll	a2,t1,a5
   19c74:	00e456b3          	srl	a3,s0,a4
   19c78:	00f417b3          	sll	a5,s0,a5
   19c7c:	8e55                	or	a2,a2,a3
   19c7e:	00f037b3          	snez	a5,a5
   19c82:	8e5d                	or	a2,a2,a5
   19c84:	00e35333          	srl	t1,t1,a4
   19c88:	00c367b3          	or	a5,t1,a2
   19c8c:	18078263          	beqz	a5,19e10 <__subtf3+0x7f0>
   19c90:	00161693          	slli	a3,a2,0x1
   19c94:	03f65713          	srli	a4,a2,0x3f
   19c98:	00131793          	slli	a5,t1,0x1
   19c9c:	0076f593          	andi	a1,a3,7
   19ca0:	97ba                	add	a5,a5,a4
   19ca2:	4701                	li	a4,0
   19ca4:	c18d                	beqz	a1,19cc6 <__subtf3+0x6a6>
   19ca6:	4709                	li	a4,2
   19ca8:	0ce98263          	beq	s3,a4,19d6c <__subtf3+0x74c>
   19cac:	470d                	li	a4,3
   19cae:	0ae98663          	beq	s3,a4,19d5a <__subtf3+0x73a>
   19cb2:	4705                	li	a4,1
   19cb4:	00099963          	bnez	s3,19cc6 <__subtf3+0x6a6>
   19cb8:	00f6f593          	andi	a1,a3,15
   19cbc:	4511                	li	a0,4
   19cbe:	ffc6b693          	sltiu	a3,a3,-4
   19cc2:	0aa59163          	bne	a1,a0,19d64 <__subtf3+0x744>
   19cc6:	93d1                	srli	a5,a5,0x34
   19cc8:	8b85                	andi	a5,a5,1
   19cca:	0017c793          	xori	a5,a5,1
   19cce:	4481                	li	s1,0
   19cd0:	00767693          	andi	a3,a2,7
   19cd4:	cac5                	beqz	a3,19d84 <__subtf3+0x764>
   19cd6:	4709                	li	a4,2
   19cd8:	0ae98363          	beq	s3,a4,19d7e <__subtf3+0x75e>
   19cdc:	4705                	li	a4,1
   19cde:	b9ad                	j	19958 <__subtf3+0x338>
   19ce0:	00876633          	or	a2,a4,s0
   19ce4:	fa21                	bnez	a2,19c34 <__subtf3+0x614>
   19ce6:	ffe98913          	addi	s2,s3,-2
   19cea:	00193913          	seqz	s2,s2
   19cee:	4301                	li	t1,0
   19cf0:	4481                	li	s1,0
   19cf2:	be59                	j	19888 <__subtf3+0x268>
   19cf4:	8552                	mv	a0,s4
   19cf6:	32e000ef          	jal	1a024 <__clzdi2>
   19cfa:	0345061b          	addiw	a2,a0,52
   19cfe:	03f00793          	li	a5,63
   19d02:	f2c7dfe3          	bge	a5,a2,19c40 <__subtf3+0x620>
   19d06:	ff45031b          	addiw	t1,a0,-12
   19d0a:	006a1333          	sll	t1,s4,t1
   19d0e:	b7a9                	j	19c58 <__subtf3+0x638>
   19d10:	fc16061b          	addiw	a2,a2,-63
   19d14:	04000693          	li	a3,64
   19d18:	00c35633          	srl	a2,t1,a2
   19d1c:	4781                	li	a5,0
   19d1e:	00d70763          	beq	a4,a3,19d2c <__subtf3+0x70c>
   19d22:	08000793          	li	a5,128
   19d26:	9f99                	subw	a5,a5,a4
   19d28:	00f317b3          	sll	a5,t1,a5
   19d2c:	8fc1                	or	a5,a5,s0
   19d2e:	00f037b3          	snez	a5,a5
   19d32:	8e5d                	or	a2,a2,a5
   19d34:	4301                	li	t1,0
   19d36:	bf89                	j	19c88 <__subtf3+0x668>
   19d38:	57fd                	li	a5,-1
   19d3a:	17ce                	slli	a5,a5,0x33
   19d3c:	17fd                	addi	a5,a5,-1
   19d3e:	8c91                	sub	s1,s1,a2
   19d40:	00f37333          	and	t1,t1,a5
   19d44:	8622                	mv	a2,s0
   19d46:	ba71                	j	196e2 <__subtf3+0xc2>
   19d48:	8372                	mv	t1,t3
   19d4a:	bf3d                	j	19c88 <__subtf3+0x668>
   19d4c:	8372                	mv	t1,t3
   19d4e:	bda1                	j	19ba6 <__subtf3+0x586>
   19d50:	862a                	mv	a2,a0
   19d52:	bf1d                	j	19c88 <__subtf3+0x668>
   19d54:	833a                	mv	t1,a4
   19d56:	8636                	mv	a2,a3
   19d58:	bf05                	j	19c88 <__subtf3+0x668>
   19d5a:	4705                	li	a4,1
   19d5c:	f60915e3          	bnez	s2,19cc6 <__subtf3+0x6a6>
   19d60:	ff86b693          	sltiu	a3,a3,-8
   19d64:	0016b693          	seqz	a3,a3
   19d68:	97b6                	add	a5,a5,a3
   19d6a:	bfb1                	j	19cc6 <__subtf3+0x6a6>
   19d6c:	4705                	li	a4,1
   19d6e:	f4090ce3          	beqz	s2,19cc6 <__subtf3+0x6a6>
   19d72:	b7fd                	j	19d60 <__subtf3+0x740>
   19d74:	00091863          	bnez	s2,19d84 <__subtf3+0x764>
   19d78:	00860693          	addi	a3,a2,8
   19d7c:	bed5                	j	19970 <__subtf3+0x350>
   19d7e:	4705                	li	a4,1
   19d80:	fe091ce3          	bnez	s2,19d78 <__subtf3+0x758>
   19d84:	c00785e3          	beqz	a5,1998e <__subtf3+0x36e>
   19d88:	00177793          	andi	a5,a4,1
   19d8c:	0017979b          	slliw	a5,a5,0x1
   19d90:	8fd9                	or	a5,a5,a4
   19d92:	00c31713          	slli	a4,t1,0xc
   19d96:	ae0759e3          	bgez	a4,19888 <__subtf3+0x268>
   19d9a:	6721                	lui	a4,0x8
   19d9c:	0485                	addi	s1,s1,1
   19d9e:	177d                	addi	a4,a4,-1 # 7fff <exit-0x8121>
   19da0:	00e48e63          	beq	s1,a4,19dbc <__subtf3+0x79c>
   19da4:	577d                	li	a4,-1
   19da6:	174e                	slli	a4,a4,0x33
   19da8:	177d                	addi	a4,a4,-1
   19daa:	00e37333          	and	t1,t1,a4
   19dae:	bce9                	j	19888 <__subtf3+0x268>
   19db0:	64a1                	lui	s1,0x8
   19db2:	537d                	li	t1,-1
   19db4:	14f9                	addi	s1,s1,-2 # 7ffe <exit-0x8122>
   19db6:	861a                	mv	a2,t1
   19db8:	4795                	li	a5,5
   19dba:	bfe1                	j	19d92 <__subtf3+0x772>
   19dbc:	4601                	li	a2,0
   19dbe:	02098163          	beqz	s3,19de0 <__subtf3+0x7c0>
   19dc2:	470d                	li	a4,3
   19dc4:	00e99863          	bne	s3,a4,19dd4 <__subtf3+0x7b4>
   19dc8:	00090c63          	beqz	s2,19de0 <__subtf3+0x7c0>
   19dcc:	64a1                	lui	s1,0x8
   19dce:	567d                	li	a2,-1
   19dd0:	14f9                	addi	s1,s1,-2 # 7ffe <exit-0x8122>
   19dd2:	a039                	j	19de0 <__subtf3+0x7c0>
   19dd4:	ffe98693          	addi	a3,s3,-2
   19dd8:	faf5                	bnez	a3,19dcc <__subtf3+0x7ac>
   19dda:	00197713          	andi	a4,s2,1
   19dde:	d77d                	beqz	a4,19dcc <__subtf3+0x7ac>
   19de0:	0057e793          	ori	a5,a5,5
   19de4:	2781                	sext.w	a5,a5
   19de6:	8332                	mv	t1,a2
   19de8:	b445                	j	19888 <__subtf3+0x268>
   19dea:	84ba                	mv	s1,a4
   19dec:	b6d9                	j	199b2 <__subtf3+0x392>
   19dee:	4301                	li	t1,0
   19df0:	b845                	j	196a0 <__subtf3+0x80>
   19df2:	8372                	mv	t1,t3
   19df4:	84f6                	mv	s1,t4
   19df6:	b06d                	j	196a0 <__subtf3+0x80>
   19df8:	892e                	mv	s2,a1
   19dfa:	4601                	li	a2,0
   19dfc:	bfe5                	j	19df4 <__subtf3+0x7d4>
   19dfe:	4305                	li	t1,1
   19e00:	6721                	lui	a4,0x8
   19e02:	4901                	li	s2,0
   19e04:	4601                	li	a2,0
   19e06:	134a                	slli	t1,t1,0x32
   19e08:	fff70493          	addi	s1,a4,-1 # 7fff <exit-0x8121>
   19e0c:	47c1                	li	a5,16
   19e0e:	bcad                	j	19888 <__subtf3+0x268>
   19e10:	4301                	li	t1,0
   19e12:	4601                	li	a2,0
   19e14:	bdf1                	j	19cf0 <__subtf3+0x6d0>
   19e16:	dd0e9ce3          	bne	t4,a6,19bee <__subtf3+0x5ce>
   19e1a:	bb7d                	j	19bd8 <__subtf3+0x5b8>

0000000000019e1c <__unordtf2>:
   19e1c:	882a                	mv	a6,a0
   19e1e:	002027f3          	frrm	a5
   19e22:	57fd                	li	a5,-1
   19e24:	83c1                	srli	a5,a5,0x10
   19e26:	6721                	lui	a4,0x8
   19e28:	00f5f8b3          	and	a7,a1,a5
   19e2c:	177d                	addi	a4,a4,-1 # 7fff <exit-0x8121>
   19e2e:	91c1                	srli	a1,a1,0x30
   19e30:	8ff5                	and	a5,a5,a3
   19e32:	8df9                	and	a1,a1,a4
   19e34:	92c1                	srli	a3,a3,0x30
   19e36:	8ef9                	and	a3,a3,a4
   19e38:	00e59563          	bne	a1,a4,19e42 <__unordtf2+0x26>
   19e3c:	01156533          	or	a0,a0,a7
   19e40:	e909                	bnez	a0,19e52 <__unordtf2+0x36>
   19e42:	4501                	li	a0,0
   19e44:	02e69d63          	bne	a3,a4,19e7e <__unordtf2+0x62>
   19e48:	00f66733          	or	a4,a2,a5
   19e4c:	cb0d                	beqz	a4,19e7e <__unordtf2+0x62>
   19e4e:	00d59f63          	bne	a1,a3,19e6c <__unordtf2+0x50>
   19e52:	01186833          	or	a6,a6,a7
   19e56:	00080663          	beqz	a6,19e62 <__unordtf2+0x46>
   19e5a:	4705                	li	a4,1
   19e5c:	173e                	slli	a4,a4,0x2f
   19e5e:	00e8ed63          	bltu	a7,a4,19e78 <__unordtf2+0x5c>
   19e62:	6721                	lui	a4,0x8
   19e64:	177d                	addi	a4,a4,-1 # 7fff <exit-0x8121>
   19e66:	4505                	li	a0,1
   19e68:	00e69b63          	bne	a3,a4,19e7e <__unordtf2+0x62>
   19e6c:	8e5d                	or	a2,a2,a5
   19e6e:	c619                	beqz	a2,19e7c <__unordtf2+0x60>
   19e70:	4705                	li	a4,1
   19e72:	173e                	slli	a4,a4,0x2f
   19e74:	00e7f463          	bgeu	a5,a4,19e7c <__unordtf2+0x60>
   19e78:	00186073          	csrsi	fflags,16
   19e7c:	4505                	li	a0,1
   19e7e:	8082                	ret

0000000000019e80 <__fixtfsi>:
   19e80:	862a                	mv	a2,a0
   19e82:	002027f3          	frrm	a5
   19e86:	00159713          	slli	a4,a1,0x1
   19e8a:	03175693          	srli	a3,a4,0x31
   19e8e:	6711                	lui	a4,0x4
   19e90:	01059793          	slli	a5,a1,0x10
   19e94:	1779                	addi	a4,a4,-2 # 3ffe <exit-0xc122>
   19e96:	83c1                	srli	a5,a5,0x10
   19e98:	91fd                	srli	a1,a1,0x3f
   19e9a:	00d74863          	blt	a4,a3,19eaa <__fixtfsi+0x2a>
   19e9e:	e2a5                	bnez	a3,19efe <__fixtfsi+0x7e>
   19ea0:	00f56633          	or	a2,a0,a5
   19ea4:	4501                	li	a0,0
   19ea6:	ea31                	bnez	a2,19efa <__fixtfsi+0x7a>
   19ea8:	8082                	ret
   19eaa:	6711                	lui	a4,0x4
   19eac:	0775                	addi	a4,a4,29 # 401d <exit-0xc103>
   19eae:	02d75063          	bge	a4,a3,19ece <__fixtfsi+0x4e>
   19eb2:	80000537          	lui	a0,0x80000
   19eb6:	c5b1                	beqz	a1,19f02 <__fixtfsi+0x82>
   19eb8:	6711                	lui	a4,0x4
   19eba:	0779                	addi	a4,a4,30 # 401e <exit-0xc102>
   19ebc:	04e69563          	bne	a3,a4,19f06 <__fixtfsi+0x86>
   19ec0:	0117d713          	srli	a4,a5,0x11
   19ec4:	e329                	bnez	a4,19f06 <__fixtfsi+0x86>
   19ec6:	17be                	slli	a5,a5,0x2f
   19ec8:	8fd1                	or	a5,a5,a2
   19eca:	eb85                	bnez	a5,19efa <__fixtfsi+0x7a>
   19ecc:	8082                	ret
   19ece:	4705                	li	a4,1
   19ed0:	1742                	slli	a4,a4,0x30
   19ed2:	8fd9                	or	a5,a5,a4
   19ed4:	6611                	lui	a2,0x4
   19ed6:	7771                	lui	a4,0xffffc
   19ed8:	2745                	addiw	a4,a4,17 # ffffffffffffc011 <__BSS_END__+0xfffffffffffdf529>
   19eda:	02f6061b          	addiw	a2,a2,47 # 402f <exit-0xc0f1>
   19ede:	9f35                	addw	a4,a4,a3
   19ee0:	40d606bb          	subw	a3,a2,a3
   19ee4:	00e79733          	sll	a4,a5,a4
   19ee8:	00d7d7b3          	srl	a5,a5,a3
   19eec:	8f49                	or	a4,a4,a0
   19eee:	0007851b          	sext.w	a0,a5
   19ef2:	c199                	beqz	a1,19ef8 <__fixtfsi+0x78>
   19ef4:	40a0053b          	negw	a0,a0
   19ef8:	cb11                	beqz	a4,19f0c <__fixtfsi+0x8c>
   19efa:	4785                	li	a5,1
   19efc:	a031                	j	19f08 <__fixtfsi+0x88>
   19efe:	4501                	li	a0,0
   19f00:	bfed                	j	19efa <__fixtfsi+0x7a>
   19f02:	fff54513          	not	a0,a0
   19f06:	47c1                	li	a5,16
   19f08:	0017a073          	csrs	fflags,a5
   19f0c:	8082                	ret

0000000000019f0e <__floatsitf>:
   19f0e:	1101                	addi	sp,sp,-32
   19f10:	ec06                	sd	ra,24(sp)
   19f12:	e822                	sd	s0,16(sp)
   19f14:	e426                	sd	s1,8(sp)
   19f16:	c129                	beqz	a0,19f58 <__floatsitf+0x4a>
   19f18:	41f5579b          	sraiw	a5,a0,0x1f
   19f1c:	00f54433          	xor	s0,a0,a5
   19f20:	9c1d                	subw	s0,s0,a5
   19f22:	1402                	slli	s0,s0,0x20
   19f24:	9001                	srli	s0,s0,0x20
   19f26:	01f5549b          	srliw	s1,a0,0x1f
   19f2a:	8522                	mv	a0,s0
   19f2c:	0f8000ef          	jal	1a024 <__clzdi2>
   19f30:	6791                	lui	a5,0x4
   19f32:	03e7879b          	addiw	a5,a5,62 # 403e <exit-0xc0e2>
   19f36:	9f89                	subw	a5,a5,a0
   19f38:	3545                	addiw	a0,a0,-15 # 7ffffff1 <__BSS_END__+0x7ffe3509>
   19f3a:	00a41433          	sll	s0,s0,a0
   19f3e:	00f4959b          	slliw	a1,s1,0xf
   19f42:	0442                	slli	s0,s0,0x10
   19f44:	8ddd                	or	a1,a1,a5
   19f46:	8041                	srli	s0,s0,0x10
   19f48:	15c2                	slli	a1,a1,0x30
   19f4a:	60e2                	ld	ra,24(sp)
   19f4c:	8dc1                	or	a1,a1,s0
   19f4e:	6442                	ld	s0,16(sp)
   19f50:	64a2                	ld	s1,8(sp)
   19f52:	4501                	li	a0,0
   19f54:	6105                	addi	sp,sp,32
   19f56:	8082                	ret
   19f58:	4481                	li	s1,0
   19f5a:	4401                	li	s0,0
   19f5c:	4781                	li	a5,0
   19f5e:	b7c5                	j	19f3e <__floatsitf+0x30>

0000000000019f60 <__extenddftf2>:
   19f60:	1101                	addi	sp,sp,-32
   19f62:	e20507d3          	fmv.x.d	a5,fa0
   19f66:	ec06                	sd	ra,24(sp)
   19f68:	e822                	sd	s0,16(sp)
   19f6a:	e426                	sd	s1,8(sp)
   19f6c:	00202773          	frrm	a4
   19f70:	0347d513          	srli	a0,a5,0x34
   19f74:	7ff57513          	andi	a0,a0,2047
   19f78:	00150713          	addi	a4,a0,1
   19f7c:	00c79413          	slli	s0,a5,0xc
   19f80:	7fe77713          	andi	a4,a4,2046
   19f84:	8031                	srli	s0,s0,0xc
   19f86:	03f7d493          	srli	s1,a5,0x3f
   19f8a:	cb11                	beqz	a4,19f9e <__extenddftf2+0x3e>
   19f8c:	6711                	lui	a4,0x4
   19f8e:	c0070713          	addi	a4,a4,-1024 # 3c00 <exit-0xc520>
   19f92:	00445793          	srli	a5,s0,0x4
   19f96:	953a                	add	a0,a0,a4
   19f98:	1472                	slli	s0,s0,0x3c
   19f9a:	4701                	li	a4,0
   19f9c:	a8b9                	j	19ffa <__extenddftf2+0x9a>
   19f9e:	ed1d                	bnez	a0,19fdc <__extenddftf2+0x7c>
   19fa0:	4781                	li	a5,0
   19fa2:	dc65                	beqz	s0,19f9a <__extenddftf2+0x3a>
   19fa4:	8522                	mv	a0,s0
   19fa6:	07e000ef          	jal	1a024 <__clzdi2>
   19faa:	0005071b          	sext.w	a4,a0
   19fae:	47b9                	li	a5,14
   19fb0:	02e7c063          	blt	a5,a4,19fd0 <__extenddftf2+0x70>
   19fb4:	47bd                	li	a5,15
   19fb6:	9f89                	subw	a5,a5,a0
   19fb8:	0315071b          	addiw	a4,a0,49
   19fbc:	00f457b3          	srl	a5,s0,a5
   19fc0:	00e41433          	sll	s0,s0,a4
   19fc4:	6711                	lui	a4,0x4
   19fc6:	c0c7071b          	addiw	a4,a4,-1012 # 3c0c <exit-0xc514>
   19fca:	40a7053b          	subw	a0,a4,a0
   19fce:	b7f1                	j	19f9a <__extenddftf2+0x3a>
   19fd0:	ff15079b          	addiw	a5,a0,-15
   19fd4:	00f417b3          	sll	a5,s0,a5
   19fd8:	4401                	li	s0,0
   19fda:	b7ed                	j	19fc4 <__extenddftf2+0x64>
   19fdc:	c021                	beqz	s0,1a01c <__extenddftf2+0xbc>
   19fde:	4685                	li	a3,1
   19fe0:	03369713          	slli	a4,a3,0x33
   19fe4:	00e43733          	sltu	a4,s0,a4
   19fe8:	00445793          	srli	a5,s0,0x4
   19fec:	16be                	slli	a3,a3,0x2f
   19fee:	6521                	lui	a0,0x8
   19ff0:	0047171b          	slliw	a4,a4,0x4
   19ff4:	8fd5                	or	a5,a5,a3
   19ff6:	1472                	slli	s0,s0,0x3c
   19ff8:	157d                	addi	a0,a0,-1 # 7fff <exit-0x8121>
   19ffa:	01079593          	slli	a1,a5,0x10
   19ffe:	00f4979b          	slliw	a5,s1,0xf
   1a002:	8fc9                	or	a5,a5,a0
   1a004:	17c2                	slli	a5,a5,0x30
   1a006:	81c1                	srli	a1,a1,0x10
   1a008:	8ddd                	or	a1,a1,a5
   1a00a:	c319                	beqz	a4,1a010 <__extenddftf2+0xb0>
   1a00c:	00186073          	csrsi	fflags,16
   1a010:	60e2                	ld	ra,24(sp)
   1a012:	8522                	mv	a0,s0
   1a014:	6442                	ld	s0,16(sp)
   1a016:	64a2                	ld	s1,8(sp)
   1a018:	6105                	addi	sp,sp,32
   1a01a:	8082                	ret
   1a01c:	6521                	lui	a0,0x8
   1a01e:	4781                	li	a5,0
   1a020:	157d                	addi	a0,a0,-1 # 7fff <exit-0x8121>
   1a022:	bfa5                	j	19f9a <__extenddftf2+0x3a>

000000000001a024 <__clzdi2>:
   1a024:	03800793          	li	a5,56
   1a028:	00f55733          	srl	a4,a0,a5
   1a02c:	0ff77693          	zext.b	a3,a4
   1a030:	ee99                	bnez	a3,1a04e <__clzdi2+0x2a>
   1a032:	17e1                	addi	a5,a5,-8
   1a034:	fbf5                	bnez	a5,1a028 <__clzdi2+0x4>
   1a036:	04000713          	li	a4,64
   1a03a:	8f1d                	sub	a4,a4,a5
   1a03c:	67e9                	lui	a5,0x1a
   1a03e:	2b878793          	addi	a5,a5,696 # 1a2b8 <__clz_tab>
   1a042:	97aa                	add	a5,a5,a0
   1a044:	0007c503          	lbu	a0,0(a5)
   1a048:	40a7053b          	subw	a0,a4,a0
   1a04c:	8082                	ret
   1a04e:	853a                	mv	a0,a4
   1a050:	b7dd                	j	1a036 <__clzdi2+0x12>
