
bin/gap_bc_natural/gap_bc_natural_vector:     file format elf64-littleriscv


Disassembly of section .text:

0000000000010120 <exit>:
   10120:	1141                	addi	sp,sp,-16
   10122:	4581                	li	a1,0
   10124:	e022                	sd	s0,0(sp)
   10126:	e406                	sd	ra,8(sp)
   10128:	842a                	mv	s0,a0
   1012a:	409020ef          	jal	12d32 <__call_exitprocs>
   1012e:	2501b783          	ld	a5,592(gp) # 1d588 <__stdio_exit_handler>
   10132:	c391                	beqz	a5,10136 <exit+0x16>
   10134:	9782                	jalr	a5
   10136:	8522                	mv	a0,s0
   10138:	20f090ef          	jal	19b46 <_exit>

000000000001013c <main>:
   1013c:	7151                	addi	sp,sp,-240
   1013e:	f586                	sd	ra,232(sp)
   10140:	4795                	li	a5,5
   10142:	5ef51263          	bne	a0,a5,10726 <main+0x5ea>
   10146:	6594                	ld	a3,8(a1)
   10148:	f1a2                	sd	s0,224(sp)
   1014a:	eda6                	sd	s1,216(sp)
   1014c:	e9ca                	sd	s2,208(sp)
   1014e:	e5ce                	sd	s3,200(sp)
   10150:	e1d2                	sd	s4,192(sp)
   10152:	fd56                	sd	s5,184(sp)
   10154:	f95a                	sd	s6,176(sp)
   10156:	f55e                	sd	s7,168(sp)
   10158:	e96a                	sd	s10,144(sp)
   1015a:	842e                	mv	s0,a1
   1015c:	0000b717          	auipc	a4,0xb
   10160:	ec470713          	addi	a4,a4,-316 # 1b020 <__clzdi2+0xb6>
   10164:	4781                	li	a5,0
   10166:	0c007657          	vsetvli	a2,zero,e8,m1,ta,ma
   1016a:	96be                	add	a3,a3,a5
   1016c:	03068087          	vle8ff.v	v1,(a3)
   10170:	973e                	add	a4,a4,a5
   10172:	03070107          	vle8ff.v	v2,(a4)
   10176:	66110157          	vmsne.vv	v2,v1,v2
   1017a:	621030d7          	vmseq.vi	v1,v1,0
   1017e:	c20027f3          	csrr	a5,vl
   10182:	6a1120d7          	vmor.mm	v1,v1,v2
   10186:	4218a5d7          	vfirst.m	a1,v1
   1018a:	fc05cee3          	bltz	a1,10166 <main+0x2a>
   1018e:	96ae                	add	a3,a3,a1
   10190:	972e                	add	a4,a4,a1
   10192:	0006c983          	lbu	s3,0(a3)
   10196:	00074783          	lbu	a5,0(a4)
   1019a:	6c08                	ld	a0,24(s0)
   1019c:	40f984b3          	sub	s1,s3,a5
   101a0:	3a1000ef          	jal	10d40 <atoi>
   101a4:	8a2a                	mv	s4,a0
   101a6:	7008                	ld	a0,32(s0)
   101a8:	4601                	li	a2,0
   101aa:	4581                	li	a1,0
   101ac:	71e010ef          	jal	118ca <strtoull>
   101b0:	8ba6                	mv	s7,s1
   101b2:	862a                	mv	a2,a0
   101b4:	58048963          	beqz	s1,10746 <main+0x60a>
   101b8:	6408                	ld	a0,8(s0)
   101ba:	e432                	sd	a2,8(sp)
   101bc:	385000ef          	jal	10d40 <atoi>
   101c0:	892a                	mv	s2,a0
   101c2:	6808                	ld	a0,16(s0)
   101c4:	714010ef          	jal	118d8 <atoll>
   101c8:	00292793          	slti	a5,s2,2
   101cc:	89aa                	mv	s3,a0
   101ce:	64079363          	bnez	a5,10814 <main+0x6d8>
   101d2:	6622                	ld	a2,8(sp)
   101d4:	64a05063          	blez	a0,10814 <main+0x6d8>
   101d8:	00251413          	slli	s0,a0,0x2
   101dc:	8522                	mv	a0,s0
   101de:	e832                	sd	a2,16(sp)
   101e0:	433000ef          	jal	10e12 <malloc>
   101e4:	e42a                	sd	a0,8(sp)
   101e6:	8522                	mv	a0,s0
   101e8:	42b000ef          	jal	10e12 <malloc>
   101ec:	4591                	li	a1,4
   101ee:	8aaa                	mv	s5,a0
   101f0:	00290513          	addi	a0,s2,2
   101f4:	375000ef          	jal	10d68 <calloc>
   101f8:	842a                	mv	s0,a0
   101fa:	00399513          	slli	a0,s3,0x3
   101fe:	415000ef          	jal	10e12 <malloc>
   10202:	6f22                	ld	t5,8(sp)
   10204:	00199d13          	slli	s10,s3,0x1
   10208:	84aa                	mv	s1,a0
   1020a:	6a0f0f63          	beqz	t5,108c8 <main+0x78c>
   1020e:	6a0a8d63          	beqz	s5,108c8 <main+0x78c>
   10212:	6a040b63          	beqz	s0,108c8 <main+0x78c>
   10216:	6a050963          	beqz	a0,108c8 <main+0x78c>
   1021a:	3c6ef837          	lui	a6,0x3c6ef
   1021e:	37380813          	addi	a6,a6,883 # 3c6ef373 <__BSS_END__+0x3c6d183b>
   10222:	94d055b7          	lui	a1,0x94d05
   10226:	9e3788b7          	lui	a7,0x9e378
   1022a:	bf584537          	lui	a0,0xbf584
   1022e:	0842                	slli	a6,a6,0x10
   10230:	9bb58593          	addi	a1,a1,-1605 # ffffffff94d049bb <__BSS_END__+0xffffffff94ce6e83>
   10234:	133116b7          	lui	a3,0x13311
   10238:	9b988893          	addi	a7,a7,-1607 # ffffffff9e3779b9 <__BSS_END__+0xffffffff9e359e81>
   1023c:	7f4a8737          	lui	a4,0x7f4a8
   10240:	76d50513          	addi	a0,a0,1901 # ffffffffbf58476d <__BSS_END__+0xffffffffbf566c35>
   10244:	1ce4e7b7          	lui	a5,0x1ce4e
   10248:	e9580813          	addi	a6,a6,-363
   1024c:	6642                	ld	a2,16(sp)
   1024e:	c1570713          	addi	a4,a4,-1003 # 7f4a7c15 <__BSS_END__+0x7f48a0dd>
   10252:	1582                	slli	a1,a1,0x20
   10254:	1eb68693          	addi	a3,a3,491 # 133111eb <__BSS_END__+0x132f36b3>
   10258:	1882                	slli	a7,a7,0x20
   1025a:	1502                	slli	a0,a0,0x20
   1025c:	5b978793          	addi	a5,a5,1465 # 1ce4e5b9 <__BSS_END__+0x1ce30a81>
   10260:	0842                	slli	a6,a6,0x10
   10262:	98ba                	add	a7,a7,a4
   10264:	95b6                	add	a1,a1,a3
   10266:	953e                	add	a0,a0,a5
   10268:	82a80813          	addi	a6,a6,-2006
   1026c:	8e7a                	mv	t3,t5
   1026e:	82d6                	mv	t0,s5
   10270:	8756                	mv	a4,s5
   10272:	8ffa                	mv	t6,t5
   10274:	4e81                	li	t4,0
   10276:	011607b3          	add	a5,a2,a7
   1027a:	01e7d313          	srli	t1,a5,0x1e
   1027e:	9642                	add	a2,a2,a6
   10280:	00f34333          	xor	t1,t1,a5
   10284:	01e65693          	srli	a3,a2,0x1e
   10288:	02a30333          	mul	t1,t1,a0
   1028c:	8eb1                	xor	a3,a3,a2
   1028e:	02a686b3          	mul	a3,a3,a0
   10292:	01b35793          	srli	a5,t1,0x1b
   10296:	0067c7b3          	xor	a5,a5,t1
   1029a:	01b6d313          	srli	t1,a3,0x1b
   1029e:	02b787b3          	mul	a5,a5,a1
   102a2:	00d34333          	xor	t1,t1,a3
   102a6:	02b30333          	mul	t1,t1,a1
   102aa:	01f7d693          	srli	a3,a5,0x1f
   102ae:	8ebd                	xor	a3,a3,a5
   102b0:	01f35793          	srli	a5,t1,0x1f
   102b4:	0067c7b3          	xor	a5,a5,t1
   102b8:	0326f6b3          	remu	a3,a3,s2
   102bc:	0327f7b3          	remu	a5,a5,s2
   102c0:	2681                	sext.w	a3,a3
   102c2:	2781                	sext.w	a5,a5
   102c4:	faf689e3          	beq	a3,a5,10276 <main+0x13a>
   102c8:	00dfa023          	sw	a3,0(t6)
   102cc:	00f2a023          	sw	a5,0(t0)
   102d0:	0e85                	addi	t4,t4,1
   102d2:	0f91                	addi	t6,t6,4
   102d4:	0291                	addi	t0,t0,4
   102d6:	fb3ec0e3          	blt	t4,s3,10276 <main+0x13a>
   102da:	8856                	mv	a6,s5
   102dc:	857a                	mv	a0,t5
   102de:	4581                	li	a1,0
   102e0:	4114                	lw	a3,0(a0)
   102e2:	00082783          	lw	a5,0(a6)
   102e6:	0585                	addi	a1,a1,1
   102e8:	068a                	slli	a3,a3,0x2
   102ea:	96a2                	add	a3,a3,s0
   102ec:	42d0                	lw	a2,4(a3)
   102ee:	078a                	slli	a5,a5,0x2
   102f0:	97a2                	add	a5,a5,s0
   102f2:	2605                	addiw	a2,a2,1
   102f4:	c2d0                	sw	a2,4(a3)
   102f6:	43d4                	lw	a3,4(a5)
   102f8:	0511                	addi	a0,a0,4
   102fa:	0811                	addi	a6,a6,4
   102fc:	2685                	addiw	a3,a3,1
   102fe:	c3d4                	sw	a3,4(a5)
   10300:	ff35c0e3          	blt	a1,s3,102e0 <main+0x1a4>
   10304:	4010                	lw	a2,0(s0)
   10306:	00440793          	addi	a5,s0,4
   1030a:	4681                	li	a3,0
   1030c:	438c                	lw	a1,0(a5)
   1030e:	2685                	addiw	a3,a3,1
   10310:	0791                	addi	a5,a5,4
   10312:	9e2d                	addw	a2,a2,a1
   10314:	fec7ae23          	sw	a2,-4(a5)
   10318:	ff26cae3          	blt	a3,s2,1030c <main+0x1d0>
   1031c:	00291513          	slli	a0,s2,0x2
   10320:	ec3a                	sd	a4,24(sp)
   10322:	e872                	sd	t3,16(sp)
   10324:	e47a                	sd	t5,8(sp)
   10326:	2ed000ef          	jal	10e12 <malloc>
   1032a:	8eaa                	mv	t4,a0
   1032c:	58050e63          	beqz	a0,108c8 <main+0x78c>
   10330:	6762                	ld	a4,24(sp)
   10332:	6e42                	ld	t3,16(sp)
   10334:	6f22                	ld	t5,8(sp)
   10336:	02091793          	slli	a5,s2,0x20
   1033a:	862a                	mv	a2,a0
   1033c:	85a2                	mv	a1,s0
   1033e:	01e7d693          	srli	a3,a5,0x1e
   10342:	0c06f7d7          	vsetvli	a5,a3,e8,m1,ta,ma
   10346:	02058087          	vle8.v	v1,(a1)
   1034a:	8e9d                	sub	a3,a3,a5
   1034c:	95be                	add	a1,a1,a5
   1034e:	020600a7          	vse8.v	v1,(a2)
   10352:	963e                	add	a2,a2,a5
   10354:	f6fd                	bnez	a3,10342 <main+0x206>
   10356:	4501                	li	a0,0
   10358:	000e2803          	lw	a6,0(t3)
   1035c:	00072883          	lw	a7,0(a4)
   10360:	0505                	addi	a0,a0,1
   10362:	00281613          	slli	a2,a6,0x2
   10366:	9676                	add	a2,a2,t4
   10368:	421c                	lw	a5,0(a2)
   1036a:	00289693          	slli	a3,a7,0x2
   1036e:	96f6                	add	a3,a3,t4
   10370:	0017859b          	addiw	a1,a5,1
   10374:	c20c                	sw	a1,0(a2)
   10376:	4290                	lw	a2,0(a3)
   10378:	078a                	slli	a5,a5,0x2
   1037a:	97a6                	add	a5,a5,s1
   1037c:	00261593          	slli	a1,a2,0x2
   10380:	0117a023          	sw	a7,0(a5)
   10384:	2605                	addiw	a2,a2,1
   10386:	00b487b3          	add	a5,s1,a1
   1038a:	0107a023          	sw	a6,0(a5)
   1038e:	c290                	sw	a2,0(a3)
   10390:	0e11                	addi	t3,t3,4
   10392:	0711                	addi	a4,a4,4
   10394:	fd3542e3          	blt	a0,s3,10358 <main+0x21c>
   10398:	857a                	mv	a0,t5
   1039a:	e476                	sd	t4,8(sp)
   1039c:	27f000ef          	jal	10e1a <free>
   103a0:	8556                	mv	a0,s5
   103a2:	279000ef          	jal	10e1a <free>
   103a6:	6522                	ld	a0,8(sp)
   103a8:	273000ef          	jal	10e1a <free>
   103ac:	412a7863          	bgeu	s4,s2,107bc <main+0x680>
   103b0:	00391993          	slli	s3,s2,0x3
   103b4:	854e                	mv	a0,s3
   103b6:	4585                	li	a1,1
   103b8:	e56e                	sd	s11,136(sp)
   103ba:	1af000ef          	jal	10d68 <calloc>
   103be:	4585                	li	a1,1
   103c0:	fc2a                	sd	a0,56(sp)
   103c2:	856a                	mv	a0,s10
   103c4:	1a5000ef          	jal	10d68 <calloc>
   103c8:	00291793          	slli	a5,s2,0x2
   103cc:	f82a                	sd	a0,48(sp)
   103ce:	853e                	mv	a0,a5
   103d0:	e43e                	sd	a5,8(sp)
   103d2:	241000ef          	jal	10e12 <malloc>
   103d6:	f42a                	sd	a0,40(sp)
   103d8:	01098513          	addi	a0,s3,16
   103dc:	237000ef          	jal	10e12 <malloc>
   103e0:	4591                	li	a1,4
   103e2:	89aa                	mv	s3,a0
   103e4:	8daa                	mv	s11,a0
   103e6:	854a                	mv	a0,s2
   103e8:	181000ef          	jal	10d68 <calloc>
   103ec:	ec2a                	sd	a0,24(sp)
   103ee:	4591                	li	a1,4
   103f0:	8aaa                	mv	s5,a0
   103f2:	854a                	mv	a0,s2
   103f4:	175000ef          	jal	10d68 <calloc>
   103f8:	e82a                	sd	a0,16(sp)
   103fa:	4591                	li	a1,4
   103fc:	8b2a                	mv	s6,a0
   103fe:	854a                	mv	a0,s2
   10400:	169000ef          	jal	10d68 <calloc>
   10404:	f02a                	sd	a0,32(sp)
   10406:	4591                	li	a1,4
   10408:	854a                	mv	a0,s2
   1040a:	15f000ef          	jal	10d68 <calloc>
   1040e:	7362                	ld	t1,56(sp)
   10410:	3c030163          	beqz	t1,107d2 <main+0x696>
   10414:	7fc2                	ld	t6,48(sp)
   10416:	3a0f8e63          	beqz	t6,107d2 <main+0x696>
   1041a:	76a2                	ld	a3,40(sp)
   1041c:	3a068b63          	beqz	a3,107d2 <main+0x696>
   10420:	3a098963          	beqz	s3,107d2 <main+0x696>
   10424:	3a0a8763          	beqz	s5,107d2 <main+0x696>
   10428:	3a0b0563          	beqz	s6,107d2 <main+0x696>
   1042c:	7e02                	ld	t3,32(sp)
   1042e:	3a0e0263          	beqz	t3,107d2 <main+0x696>
   10432:	3a050063          	beqz	a0,107d2 <main+0x696>
   10436:	e0aa                	sd	a0,64(sp)
   10438:	6522                	ld	a0,8(sp)
   1043a:	fc72                	sd	t3,56(sp)
   1043c:	f836                	sd	a3,48(sp)
   1043e:	f47e                	sd	t6,40(sp)
   10440:	f01a                	sd	t1,32(sp)
   10442:	1d1000ef          	jal	10e12 <malloc>
   10446:	89aa                	mv	s3,a0
   10448:	38050563          	beqz	a0,107d2 <main+0x696>
   1044c:	02091793          	slli	a5,s2,0x20
   10450:	01e7d613          	srli	a2,a5,0x1e
   10454:	0ff00593          	li	a1,255
   10458:	f162                	sd	s8,160(sp)
   1045a:	ed66                	sd	s9,152(sp)
   1045c:	720020ef          	jal	12b7c <memset>
   10460:	0000d797          	auipc	a5,0xd
   10464:	0787b787          	fld	fa5,120(a5) # 1d4d8 <__SDATA_BEGIN__>
   10468:	7302                	ld	t1,32(sp)
   1046a:	76c2                	ld	a3,48(sp)
   1046c:	002a1713          	slli	a4,s4,0x2
   10470:	003a1793          	slli	a5,s4,0x3
   10474:	974e                	add	a4,a4,s3
   10476:	979a                	add	a5,a5,t1
   10478:	0146a023          	sw	s4,0(a3)
   1047c:	00072023          	sw	zero,0(a4)
   10480:	a39c                	fsd	fa5,0(a5)
   10482:	85b6                	mv	a1,a3
   10484:	000db023          	sd	zero,0(s11)
   10488:	4685                	li	a3,1
   1048a:	4885                	li	a7,1
   1048c:	4701                	li	a4,0
   1048e:	7fa2                	ld	t6,40(sp)
   10490:	6e86                	ld	t4,64(sp)
   10492:	72e2                	ld	t0,56(sp)
   10494:	4385                	li	t2,1
   10496:	5a7d                	li	s4,-1
   10498:	008d8e13          	addi	t3,s11,8
   1049c:	0006879b          	sext.w	a5,a3
   104a0:	0b175663          	bge	a4,a7,1054c <main+0x410>
   104a4:	070a                	slli	a4,a4,0x2
   104a6:	00289813          	slli	a6,a7,0x2
   104aa:	00e58533          	add	a0,a1,a4
   104ae:	982e                	add	a6,a6,a1
   104b0:	8646                	mv	a2,a7
   104b2:	00052a83          	lw	s5,0(a0)
   104b6:	002a9f13          	slli	t5,s5,0x2
   104ba:	9f22                	add	t5,t5,s0
   104bc:	000f2703          	lw	a4,0(t5)
   104c0:	004f2c03          	lw	s8,4(t5)
   104c4:	07875563          	bge	a4,s8,1052e <main+0x3f2>
   104c8:	40ec0c3b          	subw	s8,s8,a4
   104cc:	1c02                	slli	s8,s8,0x20
   104ce:	00ef8bb3          	add	s7,t6,a4
   104d2:	020c5c13          	srli	s8,s8,0x20
   104d6:	0a8e                	slli	s5,s5,0x3
   104d8:	070a                	slli	a4,a4,0x2
   104da:	9a9a                	add	s5,s5,t1
   104dc:	9c5e                	add	s8,s8,s7
   104de:	00e48b33          	add	s6,s1,a4
   104e2:	a039                	j	104f0 <main+0x3b4>
   104e4:	03e78763          	beq	a5,t5,10512 <main+0x3d6>
   104e8:	0b85                	addi	s7,s7,1
   104ea:	0b11                	addi	s6,s6,4
   104ec:	057c0163          	beq	s8,s7,1052e <main+0x3f2>
   104f0:	000b2703          	lw	a4,0(s6)
   104f4:	00271c93          	slli	s9,a4,0x2
   104f8:	9cce                	add	s9,s9,s3
   104fa:	000caf03          	lw	t5,0(s9)
   104fe:	ff4f13e3          	bne	t5,s4,104e4 <main+0x3a8>
   10502:	00261f13          	slli	t5,a2,0x2
   10506:	9f2e                	add	t5,t5,a1
   10508:	00fca023          	sw	a5,0(s9)
   1050c:	00ef2023          	sw	a4,0(t5)
   10510:	0605                	addi	a2,a2,1
   10512:	070e                	slli	a4,a4,0x3
   10514:	971a                	add	a4,a4,t1
   10516:	231c                	fld	fa5,0(a4)
   10518:	000ab707          	fld	fa4,0(s5)
   1051c:	007b8023          	sb	t2,0(s7)
   10520:	0b85                	addi	s7,s7,1
   10522:	02e7f7d3          	fadd.d	fa5,fa5,fa4
   10526:	0b11                	addi	s6,s6,4
   10528:	a31c                	fsd	fa5,0(a4)
   1052a:	fd7c13e3          	bne	s8,s7,104f0 <main+0x3b4>
   1052e:	0511                	addi	a0,a0,4
   10530:	f8a811e3          	bne	a6,a0,104b2 <main+0x376>
   10534:	011e3023          	sd	a7,0(t3)
   10538:	8746                	mv	a4,a7
   1053a:	0e21                	addi	t3,t3,8
   1053c:	36c8df63          	bge	a7,a2,108ba <main+0x77e>
   10540:	0685                	addi	a3,a3,1
   10542:	88b2                	mv	a7,a2
   10544:	0006879b          	sext.w	a5,a3
   10548:	f5174ee3          	blt	a4,a7,104a4 <main+0x368>
   1054c:	872e                	mv	a4,a1
   1054e:	85b6                	mv	a1,a3
   10550:	86ba                	mv	a3,a4
   10552:	00379713          	slli	a4,a5,0x3
   10556:	976e                	add	a4,a4,s11
   10558:	8e16                	mv	t3,t0
   1055a:	01173023          	sd	a7,0(a4)
   1055e:	82f6                	mv	t0,t4
   10560:	8646                	mv	a2,a7
   10562:	873e                	mv	a4,a5
   10564:	070e                	slli	a4,a4,0x3
   10566:	0721                	addi	a4,a4,8
   10568:	976e                	add	a4,a4,s11
   1056a:	e310                	sd	a2,0(a4)
   1056c:	854e                	mv	a0,s3
   1056e:	e496                	sd	t0,72(sp)
   10570:	e0f2                	sd	t3,64(sp)
   10572:	f436                	sd	a3,40(sp)
   10574:	fc7e                	sd	t6,56(sp)
   10576:	f81a                	sd	t1,48(sp)
   10578:	f03e                	sd	a5,32(sp)
   1057a:	fff5899b          	addiw	s3,a1,-1
   1057e:	09d000ef          	jal	10e1a <free>
   10582:	4581                	li	a1,0
   10584:	4501                	li	a0,0
   10586:	760000ef          	jal	10ce6 <m5_reset_stats>
   1058a:	c0002773          	rdcycle	a4
   1058e:	7fe2                	ld	t6,56(sp)
   10590:	7342                	ld	t1,48(sp)
   10592:	6862                	ld	a6,24(sp)
   10594:	7782                	ld	a5,32(sp)
   10596:	68c2                	ld	a7,16(sp)
   10598:	76a2                	ld	a3,40(sp)
   1059a:	22e1b823          	sd	a4,560(gp) # 1d568 <roi_start_cycles_>
   1059e:	867e                	mv	a2,t6
   105a0:	876e                	mv	a4,s11
   105a2:	859a                	mv	a1,t1
   105a4:	1088                	addi	a0,sp,96
   105a6:	d0ca                	sw	s2,96(sp)
   105a8:	f4ea                	sd	s10,104(sp)
   105aa:	f07e                	sd	t6,32(sp)
   105ac:	ec1a                	sd	t1,24(sp)
   105ae:	f8a2                	sd	s0,112(sp)
   105b0:	fca6                	sd	s1,120(sp)
   105b2:	530000ef          	jal	10ae2 <backward_rvv>
   105b6:	c0002973          	rdcycle	s2
   105ba:	4581                	li	a1,0
   105bc:	4501                	li	a0,0
   105be:	734000ef          	jal	10cf2 <m5_dump_reset_stats>
   105c2:	2301b583          	ld	a1,560(gp) # 1d568 <roi_start_cycles_>
   105c6:	0000b517          	auipc	a0,0xb
   105ca:	b8250513          	addi	a0,a0,-1150 # 1b148 <__clzdi2+0x1de>
   105ce:	40b905b3          	sub	a1,s2,a1
   105d2:	585010ef          	jal	12356 <printf>
   105d6:	02099793          	slli	a5,s3,0x20
   105da:	00399393          	slli	t2,s3,0x3
   105de:	01d7d593          	srli	a1,a5,0x1d
   105e2:	ff8d8f13          	addi	t5,s11,-8
   105e6:	0000d797          	auipc	a5,0xd
   105ea:	ef27b607          	fld	fa2,-270(a5) # 1d4d8 <__SDATA_BEGIN__>
   105ee:	6362                	ld	t1,24(sp)
   105f0:	7f82                	ld	t6,32(sp)
   105f2:	76a2                	ld	a3,40(sp)
   105f4:	6e06                	ld	t3,64(sp)
   105f6:	62a6                	ld	t0,72(sp)
   105f8:	9f1e                	add	t5,t5,t2
   105fa:	40bf0f33          	sub	t5,t5,a1
   105fe:	93ee                	add	t2,t2,s11
   10600:	0003b703          	ld	a4,0(t2)
   10604:	0083b783          	ld	a5,8(t2)
   10608:	08f75a63          	bge	a4,a5,1069c <main+0x560>
   1060c:	070a                	slli	a4,a4,0x2
   1060e:	078a                	slli	a5,a5,0x2
   10610:	00e68eb3          	add	t4,a3,a4
   10614:	00f68933          	add	s2,a3,a5
   10618:	000ea803          	lw	a6,0(t4)
   1061c:	00281893          	slli	a7,a6,0x2
   10620:	011407b3          	add	a5,s0,a7
   10624:	4390                	lw	a2,0(a5)
   10626:	43c8                	lw	a0,4(a5)
   10628:	18a65763          	bge	a2,a0,107b6 <main+0x67a>
   1062c:	9d11                	subw	a0,a0,a2
   1062e:	1502                	slli	a0,a0,0x20
   10630:	f00006d3          	fmv.w.x	fa3,zero
   10634:	00cf87b3          	add	a5,t6,a2
   10638:	9101                	srli	a0,a0,0x20
   1063a:	080e                	slli	a6,a6,0x3
   1063c:	060a                	slli	a2,a2,0x2
   1063e:	981a                	add	a6,a6,t1
   10640:	953e                	add	a0,a0,a5
   10642:	9626                	add	a2,a2,s1
   10644:	0007c703          	lbu	a4,0(a5)
   10648:	0785                	addi	a5,a5,1
   1064a:	cb05                	beqz	a4,1067a <main+0x53e>
   1064c:	4218                	lw	a4,0(a2)
   1064e:	00083787          	fld	fa5,0(a6)
   10652:	00371593          	slli	a1,a4,0x3
   10656:	959a                	add	a1,a1,t1
   10658:	2198                	fld	fa4,0(a1)
   1065a:	070a                	slli	a4,a4,0x2
   1065c:	9772                	add	a4,a4,t3
   1065e:	1ae7f7d3          	fdiv.d	fa5,fa5,fa4
   10662:	00072707          	flw	fa4,0(a4)
   10666:	42070753          	fcvt.d.s	fa4,fa4
   1066a:	02c77753          	fadd.d	fa4,fa4,fa2
   1066e:	12e7f7d3          	fmul.d	fa5,fa5,fa4
   10672:	4017f7d3          	fcvt.s.d	fa5,fa5
   10676:	00f6f6d3          	fadd.s	fa3,fa3,fa5
   1067a:	0611                	addi	a2,a2,4
   1067c:	fca794e3          	bne	a5,a0,10644 <main+0x508>
   10680:	011287b3          	add	a5,t0,a7
   10684:	0007a787          	flw	fa5,0(a5)
   10688:	98f2                	add	a7,a7,t3
   1068a:	0e91                	addi	t4,t4,4
   1068c:	00d7f7d3          	fadd.s	fa5,fa5,fa3
   10690:	00d8a027          	fsw	fa3,0(a7)
   10694:	00f7a027          	fsw	fa5,0(a5)
   10698:	f9d910e3          	bne	s2,t4,10618 <main+0x4dc>
   1069c:	13e1                	addi	t2,t2,-8
   1069e:	f67f11e3          	bne	t5,t2,10600 <main+0x4c4>
   106a2:	6942                	ld	s2,16(sp)
   106a4:	64a2                	ld	s1,8(sp)
   106a6:	8596                	mv	a1,t0
   106a8:	854a                	mv	a0,s2
   106aa:	8626                	mv	a2,s1
   106ac:	204020ef          	jal	128b0 <memcmp>
   106b0:	f2000753          	fmv.d.x	fa4,zero
   106b4:	842a                	mv	s0,a0
   106b6:	87ca                	mv	a5,s2
   106b8:	00990733          	add	a4,s2,s1
   106bc:	0007a787          	flw	fa5,0(a5)
   106c0:	0791                	addi	a5,a5,4
   106c2:	420787d3          	fcvt.d.s	fa5,fa5
   106c6:	02f77753          	fadd.d	fa4,fa4,fa5
   106ca:	fef719e3          	bne	a4,a5,106bc <main+0x580>
   106ce:	e20706d3          	fmv.x.d	a3,fa4
   106d2:	e2070653          	fmv.x.d	a2,fa4
   106d6:	0000b597          	auipc	a1,0xb
   106da:	a8a58593          	addi	a1,a1,-1398 # 1b160 <__clzdi2+0x1f6>
   106de:	0000b517          	auipc	a0,0xb
   106e2:	a9250513          	addi	a0,a0,-1390 # 1b170 <__clzdi2+0x206>
   106e6:	471010ef          	jal	12356 <printf>
   106ea:	0000b597          	auipc	a1,0xb
   106ee:	8be58593          	addi	a1,a1,-1858 # 1afa8 <__clzdi2+0x3e>
   106f2:	e409                	bnez	s0,106fc <main+0x5c0>
   106f4:	0000b597          	auipc	a1,0xb
   106f8:	8ac58593          	addi	a1,a1,-1876 # 1afa0 <__clzdi2+0x36>
   106fc:	0000b517          	auipc	a0,0xb
   10700:	a9450513          	addi	a0,a0,-1388 # 1b190 <__clzdi2+0x226>
   10704:	453010ef          	jal	12356 <printf>
   10708:	00803533          	snez	a0,s0
   1070c:	64ee                	ld	s1,216(sp)
   1070e:	740e                	ld	s0,224(sp)
   10710:	694e                	ld	s2,208(sp)
   10712:	69ae                	ld	s3,200(sp)
   10714:	6a0e                	ld	s4,192(sp)
   10716:	7aea                	ld	s5,184(sp)
   10718:	7b4a                	ld	s6,176(sp)
   1071a:	7baa                	ld	s7,168(sp)
   1071c:	7c0a                	ld	s8,160(sp)
   1071e:	6cea                	ld	s9,152(sp)
   10720:	6d4a                	ld	s10,144(sp)
   10722:	6daa                	ld	s11,136(sp)
   10724:	a831                	j	10740 <main+0x604>
   10726:	2281b783          	ld	a5,552(gp) # 1d560 <_impure_ptr>
   1072a:	06b00613          	li	a2,107
   1072e:	4585                	li	a1,1
   10730:	6f94                	ld	a3,24(a5)
   10732:	0000b517          	auipc	a0,0xb
   10736:	87e50513          	addi	a0,a0,-1922 # 1afb0 <__clzdi2+0x46>
   1073a:	359010ef          	jal	12292 <fwrite>
   1073e:	4509                	li	a0,2
   10740:	70ae                	ld	ra,232(sp)
   10742:	616d                	addi	sp,sp,240
   10744:	8082                	ret
   10746:	6804                	ld	s1,16(s0)
   10748:	0000b597          	auipc	a1,0xb
   1074c:	8f858593          	addi	a1,a1,-1800 # 1b040 <__clzdi2+0xd6>
   10750:	8526                	mv	a0,s1
   10752:	013010ef          	jal	11f64 <fopen>
   10756:	842a                	mv	s0,a0
   10758:	c15d                	beqz	a0,107fe <main+0x6c2>
   1075a:	86aa                	mv	a3,a0
   1075c:	4605                	li	a2,1
   1075e:	45a1                	li	a1,8
   10760:	08a8                	addi	a0,sp,88
   10762:	ec82                	sd	zero,88(sp)
   10764:	1f5010ef          	jal	12158 <fread>
   10768:	4785                	li	a5,1
   1076a:	00f51f63          	bne	a0,a5,10788 <main+0x64c>
   1076e:	315257b7          	lui	a5,0x31525
   10772:	34378793          	addi	a5,a5,835 # 31525343 <__BSS_END__+0x3150780b>
   10776:	4f534737          	lui	a4,0x4f534
   1077a:	66e6                	ld	a3,88(sp)
   1077c:	1782                	slli	a5,a5,0x20
   1077e:	64270713          	addi	a4,a4,1602 # 4f534642 <__BSS_END__+0x4f516b0a>
   10782:	97ba                	add	a5,a5,a4
   10784:	0af68463          	beq	a3,a5,1082c <main+0x6f0>
   10788:	2281b783          	ld	a5,552(gp) # 1d560 <_impure_ptr>
   1078c:	8626                	mv	a2,s1
   1078e:	0000b597          	auipc	a1,0xb
   10792:	8da58593          	addi	a1,a1,-1830 # 1b068 <__clzdi2+0xfe>
   10796:	6f88                	ld	a0,24(a5)
   10798:	7f8010ef          	jal	11f90 <fprintf>
   1079c:	8522                	mv	a0,s0
   1079e:	1f2010ef          	jal	11990 <fclose>
   107a2:	740e                	ld	s0,224(sp)
   107a4:	64ee                	ld	s1,216(sp)
   107a6:	694e                	ld	s2,208(sp)
   107a8:	69ae                	ld	s3,200(sp)
   107aa:	6a0e                	ld	s4,192(sp)
   107ac:	7aea                	ld	s5,184(sp)
   107ae:	7b4a                	ld	s6,176(sp)
   107b0:	7baa                	ld	s7,168(sp)
   107b2:	6d4a                	ld	s10,144(sp)
   107b4:	b769                	j	1073e <main+0x602>
   107b6:	f00006d3          	fmv.w.x	fa3,zero
   107ba:	b5d9                	j	10680 <main+0x544>
   107bc:	2281b783          	ld	a5,552(gp) # 1d560 <_impure_ptr>
   107c0:	864a                	mv	a2,s2
   107c2:	0000b597          	auipc	a1,0xb
   107c6:	95e58593          	addi	a1,a1,-1698 # 1b120 <__clzdi2+0x1b6>
   107ca:	6f88                	ld	a0,24(a5)
   107cc:	7c4010ef          	jal	11f90 <fprintf>
   107d0:	bfc9                	j	107a2 <main+0x666>
   107d2:	2281b783          	ld	a5,552(gp) # 1d560 <_impure_ptr>
   107d6:	4611                	li	a2,4
   107d8:	4585                	li	a1,1
   107da:	6f94                	ld	a3,24(a5)
   107dc:	0000b517          	auipc	a0,0xb
   107e0:	93c50513          	addi	a0,a0,-1732 # 1b118 <__clzdi2+0x1ae>
   107e4:	2af010ef          	jal	12292 <fwrite>
   107e8:	740e                	ld	s0,224(sp)
   107ea:	64ee                	ld	s1,216(sp)
   107ec:	694e                	ld	s2,208(sp)
   107ee:	69ae                	ld	s3,200(sp)
   107f0:	6a0e                	ld	s4,192(sp)
   107f2:	7aea                	ld	s5,184(sp)
   107f4:	7b4a                	ld	s6,176(sp)
   107f6:	7baa                	ld	s7,168(sp)
   107f8:	6d4a                	ld	s10,144(sp)
   107fa:	6daa                	ld	s11,136(sp)
   107fc:	b789                	j	1073e <main+0x602>
   107fe:	2281b783          	ld	a5,552(gp) # 1d560 <_impure_ptr>
   10802:	8626                	mv	a2,s1
   10804:	0000b597          	auipc	a1,0xb
   10808:	84458593          	addi	a1,a1,-1980 # 1b048 <__clzdi2+0xde>
   1080c:	6f88                	ld	a0,24(a5)
   1080e:	782010ef          	jal	11f90 <fprintf>
   10812:	bf41                	j	107a2 <main+0x666>
   10814:	2281b783          	ld	a5,552(gp) # 1d560 <_impure_ptr>
   10818:	4645                	li	a2,17
   1081a:	4585                	li	a1,1
   1081c:	6f94                	ld	a3,24(a5)
   1081e:	0000b517          	auipc	a0,0xb
   10822:	80a50513          	addi	a0,a0,-2038 # 1b028 <__clzdi2+0xbe>
   10826:	26d010ef          	jal	12292 <fwrite>
   1082a:	bfa5                	j	107a2 <main+0x666>
   1082c:	86a2                	mv	a3,s0
   1082e:	4609                	li	a2,2
   10830:	45a1                	li	a1,8
   10832:	1088                	addi	a0,sp,96
   10834:	125010ef          	jal	12158 <fread>
   10838:	4789                	li	a5,2
   1083a:	0cf51163          	bne	a0,a5,108fc <main+0x7c0>
   1083e:	7906                	ld	s2,96(sp)
   10840:	800007b7          	lui	a5,0x80000
   10844:	fff7c793          	not	a5,a5
   10848:	0927ec63          	bltu	a5,s2,108e0 <main+0x7a4>
   1084c:	00190613          	addi	a2,s2,1
   10850:	7aa6                	ld	s5,104(sp)
   10852:	00361513          	slli	a0,a2,0x3
   10856:	e432                	sd	a2,8(sp)
   10858:	5ba000ef          	jal	10e12 <malloc>
   1085c:	89aa                	mv	s3,a0
   1085e:	003a9513          	slli	a0,s5,0x3
   10862:	5b0000ef          	jal	10e12 <malloc>
   10866:	8b2a                	mv	s6,a0
   10868:	0a098863          	beqz	s3,10918 <main+0x7dc>
   1086c:	6622                	ld	a2,8(sp)
   1086e:	c54d                	beqz	a0,10918 <main+0x7dc>
   10870:	86a2                	mv	a3,s0
   10872:	45a1                	li	a1,8
   10874:	854e                	mv	a0,s3
   10876:	e432                	sd	a2,8(sp)
   10878:	0e1010ef          	jal	12158 <fread>
   1087c:	6622                	ld	a2,8(sp)
   1087e:	00a61a63          	bne	a2,a0,10892 <main+0x756>
   10882:	86a2                	mv	a3,s0
   10884:	8656                	mv	a2,s5
   10886:	45a1                	li	a1,8
   10888:	855a                	mv	a0,s6
   1088a:	0cf010ef          	jal	12158 <fread>
   1088e:	08aa8963          	beq	s5,a0,10920 <main+0x7e4>
   10892:	2281b783          	ld	a5,552(gp) # 1d560 <_impure_ptr>
   10896:	8626                	mv	a2,s1
   10898:	0000b597          	auipc	a1,0xb
   1089c:	85858593          	addi	a1,a1,-1960 # 1b0f0 <__clzdi2+0x186>
   108a0:	6f88                	ld	a0,24(a5)
   108a2:	6ee010ef          	jal	11f90 <fprintf>
   108a6:	8522                	mv	a0,s0
   108a8:	0e8010ef          	jal	11990 <fclose>
   108ac:	854e                	mv	a0,s3
   108ae:	56c000ef          	jal	10e1a <free>
   108b2:	855a                	mv	a0,s6
   108b4:	566000ef          	jal	10e1a <free>
   108b8:	b5ed                	j	107a2 <main+0x666>
   108ba:	872e                	mv	a4,a1
   108bc:	85b6                	mv	a1,a3
   108be:	8e16                	mv	t3,t0
   108c0:	86ba                	mv	a3,a4
   108c2:	82f6                	mv	t0,t4
   108c4:	872e                	mv	a4,a1
   108c6:	b979                	j	10564 <main+0x428>
   108c8:	2281b783          	ld	a5,552(gp) # 1d560 <_impure_ptr>
   108cc:	4611                	li	a2,4
   108ce:	4585                	li	a1,1
   108d0:	6f94                	ld	a3,24(a5)
   108d2:	0000b517          	auipc	a0,0xb
   108d6:	84650513          	addi	a0,a0,-1978 # 1b118 <__clzdi2+0x1ae>
   108da:	1b9010ef          	jal	12292 <fwrite>
   108de:	b5d1                	j	107a2 <main+0x666>
   108e0:	2281b783          	ld	a5,552(gp) # 1d560 <_impure_ptr>
   108e4:	8626                	mv	a2,s1
   108e6:	0000a597          	auipc	a1,0xa
   108ea:	7da58593          	addi	a1,a1,2010 # 1b0c0 <__clzdi2+0x156>
   108ee:	6f88                	ld	a0,24(a5)
   108f0:	6a0010ef          	jal	11f90 <fprintf>
   108f4:	8522                	mv	a0,s0
   108f6:	09a010ef          	jal	11990 <fclose>
   108fa:	b565                	j	107a2 <main+0x666>
   108fc:	2281b783          	ld	a5,552(gp) # 1d560 <_impure_ptr>
   10900:	8626                	mv	a2,s1
   10902:	0000a597          	auipc	a1,0xa
   10906:	79658593          	addi	a1,a1,1942 # 1b098 <__clzdi2+0x12e>
   1090a:	6f88                	ld	a0,24(a5)
   1090c:	684010ef          	jal	11f90 <fprintf>
   10910:	8522                	mv	a0,s0
   10912:	07e010ef          	jal	11990 <fclose>
   10916:	b571                	j	107a2 <main+0x666>
   10918:	8522                	mv	a0,s0
   1091a:	076010ef          	jal	11990 <fclose>
   1091e:	b551                	j	107a2 <main+0x666>
   10920:	8522                	mv	a0,s0
   10922:	06e010ef          	jal	11990 <fclose>
   10926:	4591                	li	a1,4
   10928:	00290513          	addi	a0,s2,2
   1092c:	43c000ef          	jal	10d68 <calloc>
   10930:	842a                	mv	s0,a0
   10932:	003a9513          	slli	a0,s5,0x3
   10936:	4dc000ef          	jal	10e12 <malloc>
   1093a:	84aa                	mv	s1,a0
   1093c:	00291513          	slli	a0,s2,0x2
   10940:	4d2000ef          	jal	10e12 <malloc>
   10944:	001a9d13          	slli	s10,s5,0x1
   10948:	86aa                	mv	a3,a0
   1094a:	e4040ce3          	beqz	s0,107a2 <main+0x666>
   1094e:	e4048ae3          	beqz	s1,107a2 <main+0x666>
   10952:	e40508e3          	beqz	a0,107a2 <main+0x666>
   10956:	00391793          	slli	a5,s2,0x3
   1095a:	0009081b          	sext.w	a6,s2
   1095e:	97ce                	add	a5,a5,s3
   10960:	8942                	mv	s2,a6
   10962:	854e                	mv	a0,s3
   10964:	8622                	mv	a2,s0
   10966:	00440893          	addi	a7,s0,4
   1096a:	85ce                	mv	a1,s3
   1096c:	02b78e63          	beq	a5,a1,109a8 <main+0x86c>
   10970:	0005b303          	ld	t1,0(a1)
   10974:	0085be83          	ld	t4,8(a1)
   10978:	a005                	j	10998 <main+0x85c>
   1097a:	6318                	ld	a4,0(a4)
   1097c:	0008ae03          	lw	t3,0(a7)
   10980:	0305                	addi	t1,t1,1
   10982:	070a                	slli	a4,a4,0x2
   10984:	2e05                	addiw	t3,t3,1
   10986:	0711                	addi	a4,a4,4
   10988:	9722                	add	a4,a4,s0
   1098a:	01c8a023          	sw	t3,0(a7)
   1098e:	00072e03          	lw	t3,0(a4)
   10992:	2e05                	addiw	t3,t3,1
   10994:	01c72023          	sw	t3,0(a4)
   10998:	00331713          	slli	a4,t1,0x3
   1099c:	975a                	add	a4,a4,s6
   1099e:	fdd36ee3          	bltu	t1,t4,1097a <main+0x83e>
   109a2:	05a1                	addi	a1,a1,8
   109a4:	0891                	addi	a7,a7,4
   109a6:	b7d9                	j	1096c <main+0x830>
   109a8:	875e                	mv	a4,s7
   109aa:	01075963          	bge	a4,a6,109bc <main+0x880>
   109ae:	424c                	lw	a1,4(a2)
   109b0:	421c                	lw	a5,0(a2)
   109b2:	2705                	addiw	a4,a4,1
   109b4:	0611                	addi	a2,a2,4
   109b6:	9fad                	addw	a5,a5,a1
   109b8:	c21c                	sw	a5,0(a2)
   109ba:	bfc5                	j	109aa <main+0x86e>
   109bc:	4781                	li	a5,0
   109be:	a021                	j	109c6 <main+0x88a>
   109c0:	4190                	lw	a2,0(a1)
   109c2:	0785                	addi	a5,a5,1 # ffffffff80000001 <__BSS_END__+0xffffffff7ffe24c9>
   109c4:	c310                	sw	a2,0(a4)
   109c6:	00279713          	slli	a4,a5,0x2
   109ca:	0007861b          	sext.w	a2,a5
   109ce:	00e405b3          	add	a1,s0,a4
   109d2:	9736                	add	a4,a4,a3
   109d4:	ff0646e3          	blt	a2,a6,109c0 <main+0x884>
   109d8:	8636                	mv	a2,a3
   109da:	4701                	li	a4,0
   109dc:	04e80763          	beq	a6,a4,10a2a <main+0x8ee>
   109e0:	610c                	ld	a1,0(a0)
   109e2:	00853e83          	ld	t4,8(a0)
   109e6:	a80d                	j	10a18 <main+0x8dc>
   109e8:	0007ae03          	lw	t3,0(a5)
   109ec:	421c                	lw	a5,0(a2)
   109ee:	0585                	addi	a1,a1,1
   109f0:	002e1893          	slli	a7,t3,0x2
   109f4:	00279313          	slli	t1,a5,0x2
   109f8:	2785                	addiw	a5,a5,1
   109fa:	c21c                	sw	a5,0(a2)
   109fc:	98b6                	add	a7,a7,a3
   109fe:	006487b3          	add	a5,s1,t1
   10a02:	01c7a023          	sw	t3,0(a5)
   10a06:	0008a783          	lw	a5,0(a7)
   10a0a:	0017831b          	addiw	t1,a5,1
   10a0e:	078a                	slli	a5,a5,0x2
   10a10:	97a6                	add	a5,a5,s1
   10a12:	0068a023          	sw	t1,0(a7)
   10a16:	c398                	sw	a4,0(a5)
   10a18:	00359793          	slli	a5,a1,0x3
   10a1c:	97da                	add	a5,a5,s6
   10a1e:	fdd5e5e3          	bltu	a1,t4,109e8 <main+0x8ac>
   10a22:	2705                	addiw	a4,a4,1
   10a24:	0521                	addi	a0,a0,8
   10a26:	0611                	addi	a2,a2,4
   10a28:	bf55                	j	109dc <main+0x8a0>
   10a2a:	854e                	mv	a0,s3
   10a2c:	e436                	sd	a3,8(sp)
   10a2e:	3ec000ef          	jal	10e1a <free>
   10a32:	855a                	mv	a0,s6
   10a34:	3e6000ef          	jal	10e1a <free>
   10a38:	6522                	ld	a0,8(sp)
   10a3a:	3e0000ef          	jal	10e1a <free>
   10a3e:	b2bd                	j	103ac <main+0x270>

0000000000010a40 <register_fini>:
   10a40:	00000793          	li	a5,0
   10a44:	c791                	beqz	a5,10a50 <register_fini+0x10>
   10a46:	6559                	lui	a0,0x16
   10a48:	ce050513          	addi	a0,a0,-800 # 15ce0 <__libc_fini_array>
   10a4c:	3b80206f          	j	12e04 <atexit>
   10a50:	8082                	ret

0000000000010a52 <_start>:
   10a52:	0000d197          	auipc	gp,0xd
   10a56:	8e618193          	addi	gp,gp,-1818 # 1d338 <__global_pointer$>
   10a5a:	0000d517          	auipc	a0,0xd
   10a5e:	b0e50513          	addi	a0,a0,-1266 # 1d568 <roi_start_cycles_>
   10a62:	0000d617          	auipc	a2,0xd
   10a66:	0d660613          	addi	a2,a2,214 # 1db38 <__BSS_END__>
   10a6a:	8e09                	sub	a2,a2,a0
   10a6c:	4581                	li	a1,0
   10a6e:	10e020ef          	jal	12b7c <memset>
   10a72:	00002517          	auipc	a0,0x2
   10a76:	39250513          	addi	a0,a0,914 # 12e04 <atexit>
   10a7a:	c519                	beqz	a0,10a88 <_start+0x36>
   10a7c:	00005517          	auipc	a0,0x5
   10a80:	26450513          	addi	a0,a0,612 # 15ce0 <__libc_fini_array>
   10a84:	380020ef          	jal	12e04 <atexit>
   10a88:	092020ef          	jal	12b1a <__libc_init_array>
   10a8c:	4502                	lw	a0,0(sp)
   10a8e:	002c                	addi	a1,sp,8
   10a90:	4601                	li	a2,0
   10a92:	eaaff0ef          	jal	1013c <main>
   10a96:	e8aff06f          	j	10120 <exit>

0000000000010a9a <__do_global_dtors_aux>:
   10a9a:	1141                	addi	sp,sp,-16
   10a9c:	e022                	sd	s0,0(sp)
   10a9e:	2781c783          	lbu	a5,632(gp) # 1d5b0 <completed.1>
   10aa2:	e406                	sd	ra,8(sp)
   10aa4:	ef91                	bnez	a5,10ac0 <__do_global_dtors_aux+0x26>
   10aa6:	00000793          	li	a5,0
   10aaa:	cb81                	beqz	a5,10aba <__do_global_dtors_aux+0x20>
   10aac:	6571                	lui	a0,0x1c
   10aae:	99050513          	addi	a0,a0,-1648 # 1b990 <__EH_FRAME_BEGIN__>
   10ab2:	00000097          	auipc	ra,0x0
   10ab6:	000000e7          	jalr	zero # 0 <exit-0x10120>
   10aba:	4785                	li	a5,1
   10abc:	26f18c23          	sb	a5,632(gp) # 1d5b0 <completed.1>
   10ac0:	60a2                	ld	ra,8(sp)
   10ac2:	6402                	ld	s0,0(sp)
   10ac4:	0141                	addi	sp,sp,16
   10ac6:	8082                	ret

0000000000010ac8 <frame_dummy>:
   10ac8:	00000793          	li	a5,0
   10acc:	cb91                	beqz	a5,10ae0 <frame_dummy+0x18>
   10ace:	6571                	lui	a0,0x1c
   10ad0:	28018593          	addi	a1,gp,640 # 1d5b8 <object.0>
   10ad4:	99050513          	addi	a0,a0,-1648 # 1b990 <__EH_FRAME_BEGIN__>
   10ad8:	00000317          	auipc	t1,0x0
   10adc:	00000067          	jr	zero # 0 <exit-0x10120>
   10ae0:	8082                	ret

0000000000010ae2 <backward_rvv>:
   10ae2:	1af05d63          	blez	a5,10c9c <backward_rvv+0x1ba>
   10ae6:	81010113          	addi	sp,sp,-2032
   10aea:	7e913023          	sd	s1,2016(sp)
   10aee:	84ae                	mv	s1,a1
   10af0:	85b2                	mv	a1,a2
   10af2:	0000d617          	auipc	a2,0xd
   10af6:	9e663587          	fld	fa1,-1562(a2) # 1d4d8 <__SDATA_BEGIN__>
   10afa:	7b613c23          	sd	s6,1976(sp)
   10afe:	8b36                	mv	s6,a3
   10b00:	00379693          	slli	a3,a5,0x3
   10b04:	37fd                	addiw	a5,a5,-1
   10b06:	7b913023          	sd	s9,1952(sp)
   10b0a:	02079613          	slli	a2,a5,0x20
   10b0e:	ff870c93          	addi	s9,a4,-8
   10b12:	7e813423          	sd	s0,2024(sp)
   10b16:	7d313823          	sd	s3,2000(sp)
   10b1a:	7d513023          	sd	s5,1984(sp)
   10b1e:	7b813423          	sd	s8,1960(sp)
   10b22:	9cb6                	add	s9,s9,a3
   10b24:	7d213c23          	sd	s2,2008(sp)
   10b28:	7d413423          	sd	s4,1992(sp)
   10b2c:	7b713823          	sd	s7,1968(sp)
   10b30:	79a13c23          	sd	s10,1944(sp)
   10b34:	01d65793          	srli	a5,a2,0x1d
   10b38:	b7010113          	addi	sp,sp,-1168
   10b3c:	00d70ab3          	add	s5,a4,a3
   10b40:	89aa                	mv	s3,a0
   10b42:	8442                	mv	s0,a6
   10b44:	8c46                	mv	s8,a7
   10b46:	40fc8cb3          	sub	s9,s9,a5
   10b4a:	02010393          	addi	t2,sp,32
   10b4e:	c2010f93          	addi	t6,sp,-992
   10b52:	42010693          	addi	a3,sp,1056
   10b56:	ff8aba03          	ld	s4,-8(s5)
   10b5a:	000ab883          	ld	a7,0(s5)
   10b5e:	091a5063          	bge	s4,a7,10bde <backward_rvv+0xfc>
   10b62:	0109bb83          	ld	s7,16(s3)
   10b66:	002a1913          	slli	s2,s4,0x2
   10b6a:	995a                	add	s2,s2,s6
   10b6c:	00092783          	lw	a5,0(s2)
   10b70:	00279813          	slli	a6,a5,0x2
   10b74:	010b8733          	add	a4,s7,a6
   10b78:	4310                	lw	a2,0(a4)
   10b7a:	00472283          	lw	t0,4(a4)
   10b7e:	40c282bb          	subw	t0,t0,a2
   10b82:	10505a63          	blez	t0,10c96 <backward_rvv+0x1b4>
   10b86:	078e                	slli	a5,a5,0x3
   10b88:	97a6                	add	a5,a5,s1
   10b8a:	2390                	fld	fa2,0(a5)
   10b8c:	0189b883          	ld	a7,24(s3)
   10b90:	f00006d3          	fmv.w.x	fa3,zero
   10b94:	4f01                	li	t5,0
   10b96:	41e2833b          	subw	t1,t0,t5
   10b9a:	00cf07b3          	add	a5,t5,a2
   10b9e:	0c637357          	vsetvli	t1,t1,e8,mf4,ta,ma
   10ba2:	00f58733          	add	a4,a1,a5
   10ba6:	02070007          	vle8.v	v0,(a4)
   10baa:	01e30f3b          	addw	t5,t1,t5
   10bae:	66003057          	vmsne.vi	v0,v0,0
   10bb2:	42082757          	vcpop.m	a4,v0
   10bb6:	e335                	bnez	a4,10c1a <backward_rvv+0x138>
   10bb8:	fc5f4fe3          	blt	t5,t0,10b96 <backward_rvv+0xb4>
   10bbc:	000ab883          	ld	a7,0(s5)
   10bc0:	010407b3          	add	a5,s0,a6
   10bc4:	00d7a027          	fsw	fa3,0(a5)
   10bc8:	9862                	add	a6,a6,s8
   10bca:	00082787          	flw	fa5,0(a6)
   10bce:	0a05                	addi	s4,s4,1
   10bd0:	0911                	addi	s2,s2,4
   10bd2:	00d7f7d3          	fadd.s	fa5,fa5,fa3
   10bd6:	00f82027          	fsw	fa5,0(a6)
   10bda:	f91a49e3          	blt	s4,a7,10b6c <backward_rvv+0x8a>
   10bde:	1ae1                	addi	s5,s5,-8
   10be0:	f75c9be3          	bne	s9,s5,10b56 <backward_rvv+0x74>
   10be4:	49010113          	addi	sp,sp,1168
   10be8:	7e813403          	ld	s0,2024(sp)
   10bec:	7e013483          	ld	s1,2016(sp)
   10bf0:	7d813903          	ld	s2,2008(sp)
   10bf4:	7d013983          	ld	s3,2000(sp)
   10bf8:	7c813a03          	ld	s4,1992(sp)
   10bfc:	7c013a83          	ld	s5,1984(sp)
   10c00:	7b813b03          	ld	s6,1976(sp)
   10c04:	7b013b83          	ld	s7,1968(sp)
   10c08:	7a813c03          	ld	s8,1960(sp)
   10c0c:	7a013c83          	ld	s9,1952(sp)
   10c10:	79813d03          	ld	s10,1944(sp)
   10c14:	7f010113          	addi	sp,sp,2032
   10c18:	8082                	ret
   10c1a:	078a                	slli	a5,a5,0x2
   10c1c:	0d007057          	vsetvli	zero,zero,e32,m1,ta,ma
   10c20:	97c6                	add	a5,a5,a7
   10c22:	0207e087          	vle32.v	v1,(a5)
   10c26:	96113157          	vsll.vi	v2,v1,2
   10c2a:	9611b0d7          	vsll.vi	v1,v1,3
   10c2e:	04246107          	vluxei32.v	v2,(s0),v2,v0.t
   10c32:	0203e127          	vse32.v	v2,(t2)
   10c36:	0d907057          	vsetvli	zero,zero,e64,m2,ta,ma
   10c3a:	0414e107          	vluxei32.v	v2,(s1),v1,v0.t
   10c3e:	0206f127          	vse64.v	v2,(a3)
   10c42:	02b10027          	vsm.v	v0,(sp)
   10c46:	f60309e3          	beqz	t1,10bb8 <backward_rvv+0xd6>
   10c4a:	8eb6                	mv	t4,a3
   10c4c:	8e1e                	mv	t3,t2
   10c4e:	4701                	li	a4,0
   10c50:	00375793          	srli	a5,a4,0x3
   10c54:	97fe                	add	a5,a5,t6
   10c56:	3e07c783          	lbu	a5,992(a5)
   10c5a:	00777d13          	andi	s10,a4,7
   10c5e:	0705                	addi	a4,a4,1
   10c60:	41a7d7bb          	sraw	a5,a5,s10
   10c64:	8b85                	andi	a5,a5,1
   10c66:	c38d                	beqz	a5,10c88 <backward_rvv+0x1a6>
   10c68:	000eb787          	fld	fa5,0(t4)
   10c6c:	000e2707          	flw	fa4,0(t3)
   10c70:	1af677d3          	fdiv.d	fa5,fa2,fa5
   10c74:	42070753          	fcvt.d.s	fa4,fa4
   10c78:	02b77753          	fadd.d	fa4,fa4,fa1
   10c7c:	12e7f7d3          	fmul.d	fa5,fa5,fa4
   10c80:	4017f7d3          	fcvt.s.d	fa5,fa5
   10c84:	00f6f6d3          	fadd.s	fa3,fa3,fa5
   10c88:	0ea1                	addi	t4,t4,8
   10c8a:	0e11                	addi	t3,t3,4
   10c8c:	fce312e3          	bne	t1,a4,10c50 <backward_rvv+0x16e>
   10c90:	f05f43e3          	blt	t5,t0,10b96 <backward_rvv+0xb4>
   10c94:	b725                	j	10bbc <backward_rvv+0xda>
   10c96:	f00006d3          	fmv.w.x	fa3,zero
   10c9a:	b71d                	j	10bc0 <backward_rvv+0xde>
   10c9c:	8082                	ret

0000000000010c9e <m5_arm>:
   10c9e:	0000007b          	.word	0x0000007b
   10ca2:	8082                	ret

0000000000010ca4 <m5_quiesce>:
   10ca4:	0200007b          	.word	0x0200007b
   10ca8:	8082                	ret

0000000000010caa <m5_quiesce_ns>:
   10caa:	0400007b          	.word	0x0400007b
   10cae:	8082                	ret

0000000000010cb0 <m5_quiesce_cycle>:
   10cb0:	0600007b          	.word	0x0600007b
   10cb4:	8082                	ret

0000000000010cb6 <m5_quiesce_time>:
   10cb6:	0800007b          	.word	0x0800007b
   10cba:	8082                	ret

0000000000010cbc <m5_rpns>:
   10cbc:	0e00007b          	.word	0x0e00007b
   10cc0:	8082                	ret

0000000000010cc2 <m5_wake_cpu>:
   10cc2:	1200007b          	.word	0x1200007b
   10cc6:	8082                	ret

0000000000010cc8 <m5_exit>:
   10cc8:	4200007b          	.word	0x4200007b
   10ccc:	8082                	ret

0000000000010cce <m5_fail>:
   10cce:	4400007b          	.word	0x4400007b
   10cd2:	8082                	ret

0000000000010cd4 <m5_sum>:
   10cd4:	4600007b          	.word	0x4600007b
   10cd8:	8082                	ret

0000000000010cda <m5_init_param>:
   10cda:	6000007b          	.word	0x6000007b
   10cde:	8082                	ret

0000000000010ce0 <m5_load_symbol>:
   10ce0:	6200007b          	.word	0x6200007b
   10ce4:	8082                	ret

0000000000010ce6 <m5_reset_stats>:
   10ce6:	8000007b          	.word	0x8000007b
   10cea:	8082                	ret

0000000000010cec <m5_dump_stats>:
   10cec:	8200007b          	.word	0x8200007b
   10cf0:	8082                	ret

0000000000010cf2 <m5_dump_reset_stats>:
   10cf2:	8400007b          	.word	0x8400007b
   10cf6:	8082                	ret

0000000000010cf8 <m5_checkpoint>:
   10cf8:	8600007b          	.word	0x8600007b
   10cfc:	8082                	ret

0000000000010cfe <m5_write_file>:
   10cfe:	9e00007b          	.word	0x9e00007b
   10d02:	8082                	ret

0000000000010d04 <m5_read_file>:
   10d04:	a000007b          	.word	0xa000007b
   10d08:	8082                	ret

0000000000010d0a <m5_debug_break>:
   10d0a:	a200007b          	.word	0xa200007b
   10d0e:	8082                	ret

0000000000010d10 <m5_switch_cpu>:
   10d10:	a400007b          	.word	0xa400007b
   10d14:	8082                	ret

0000000000010d16 <m5_add_symbol>:
   10d16:	a600007b          	.word	0xa600007b
   10d1a:	8082                	ret

0000000000010d1c <m5_panic>:
   10d1c:	a800007b          	.word	0xa800007b
   10d20:	8082                	ret

0000000000010d22 <m5_work_begin>:
   10d22:	b400007b          	.word	0xb400007b
   10d26:	8082                	ret

0000000000010d28 <m5_work_end>:
   10d28:	b600007b          	.word	0xb600007b
   10d2c:	8082                	ret

0000000000010d2e <m5_dist_toggle_sync>:
   10d2e:	c400007b          	.word	0xc400007b
   10d32:	8082                	ret

0000000000010d34 <m5_workload>:
   10d34:	e000007b          	.word	0xe000007b
   10d38:	8082                	ret

0000000000010d3a <m5_hypercall>:
   10d3a:	e200007b          	.word	0xe200007b
   10d3e:	8082                	ret

0000000000010d40 <atoi>:
   10d40:	1141                	addi	sp,sp,-16
   10d42:	4629                	li	a2,10
   10d44:	4581                	li	a1,0
   10d46:	e406                	sd	ra,8(sp)
   10d48:	1e5000ef          	jal	1172c <strtol>
   10d4c:	60a2                	ld	ra,8(sp)
   10d4e:	2501                	sext.w	a0,a0
   10d50:	0141                	addi	sp,sp,16
   10d52:	8082                	ret

0000000000010d54 <_atoi_r>:
   10d54:	1141                	addi	sp,sp,-16
   10d56:	46a9                	li	a3,10
   10d58:	4601                	li	a2,0
   10d5a:	e406                	sd	ra,8(sp)
   10d5c:	17d000ef          	jal	116d8 <_strtol_r>
   10d60:	60a2                	ld	ra,8(sp)
   10d62:	2501                	sext.w	a0,a0
   10d64:	0141                	addi	sp,sp,16
   10d66:	8082                	ret

0000000000010d68 <calloc>:
   10d68:	87aa                	mv	a5,a0
   10d6a:	2281b503          	ld	a0,552(gp) # 1d560 <_impure_ptr>
   10d6e:	862e                	mv	a2,a1
   10d70:	85be                	mv	a1,a5
   10d72:	a009                	j	10d74 <_calloc_r>

0000000000010d74 <_calloc_r>:
   10d74:	02c5b7b3          	mulhu	a5,a1,a2
   10d78:	1101                	addi	sp,sp,-32
   10d7a:	ec06                	sd	ra,24(sp)
   10d7c:	02c585b3          	mul	a1,a1,a2
   10d80:	ebad                	bnez	a5,10df2 <_calloc_r+0x7e>
   10d82:	0a2000ef          	jal	10e24 <_malloc_r>
   10d86:	87aa                	mv	a5,a0
   10d88:	c92d                	beqz	a0,10dfa <_calloc_r+0x86>
   10d8a:	ff853603          	ld	a2,-8(a0)
   10d8e:	04800713          	li	a4,72
   10d92:	9a71                	andi	a2,a2,-4
   10d94:	1661                	addi	a2,a2,-8
   10d96:	02c76963          	bltu	a4,a2,10dc8 <_calloc_r+0x54>
   10d9a:	cd817057          	vsetivli	zero,2,e64,m1,ta,ma
   10d9e:	02700693          	li	a3,39
   10da2:	5e0030d7          	vmv.v.i	v1,0
   10da6:	02c6fa63          	bgeu	a3,a2,10dda <_calloc_r+0x66>
   10daa:	020570a7          	vse64.v	v1,(a0)
   10dae:	03700693          	li	a3,55
   10db2:	02c6fd63          	bgeu	a3,a2,10dec <_calloc_r+0x78>
   10db6:	01050693          	addi	a3,a0,16
   10dba:	0206f0a7          	vse64.v	v1,(a3)
   10dbe:	04e60363          	beq	a2,a4,10e04 <_calloc_r+0x90>
   10dc2:	02050713          	addi	a4,a0,32
   10dc6:	a819                	j	10ddc <_calloc_r+0x68>
   10dc8:	4581                	li	a1,0
   10dca:	e42a                	sd	a0,8(sp)
   10dcc:	5b1010ef          	jal	12b7c <memset>
   10dd0:	67a2                	ld	a5,8(sp)
   10dd2:	60e2                	ld	ra,24(sp)
   10dd4:	853e                	mv	a0,a5
   10dd6:	6105                	addi	sp,sp,32
   10dd8:	8082                	ret
   10dda:	872a                	mv	a4,a0
   10ddc:	020770a7          	vse64.v	v1,(a4)
   10de0:	60e2                	ld	ra,24(sp)
   10de2:	00073823          	sd	zero,16(a4)
   10de6:	853e                	mv	a0,a5
   10de8:	6105                	addi	sp,sp,32
   10dea:	8082                	ret
   10dec:	01050713          	addi	a4,a0,16
   10df0:	b7f5                	j	10ddc <_calloc_r+0x68>
   10df2:	523010ef          	jal	12b14 <__errno>
   10df6:	47b1                	li	a5,12
   10df8:	c11c                	sw	a5,0(a0)
   10dfa:	60e2                	ld	ra,24(sp)
   10dfc:	4781                	li	a5,0
   10dfe:	853e                	mv	a0,a5
   10e00:	6105                	addi	sp,sp,32
   10e02:	8082                	ret
   10e04:	02050713          	addi	a4,a0,32
   10e08:	020770a7          	vse64.v	v1,(a4)
   10e0c:	03050713          	addi	a4,a0,48
   10e10:	b7f1                	j	10ddc <_calloc_r+0x68>

0000000000010e12 <malloc>:
   10e12:	85aa                	mv	a1,a0
   10e14:	2281b503          	ld	a0,552(gp) # 1d560 <_impure_ptr>
   10e18:	a031                	j	10e24 <_malloc_r>

0000000000010e1a <free>:
   10e1a:	85aa                	mv	a1,a0
   10e1c:	2281b503          	ld	a0,552(gp) # 1d560 <_impure_ptr>
   10e20:	0b60206f          	j	12ed6 <_free_r>

0000000000010e24 <_malloc_r>:
   10e24:	711d                	addi	sp,sp,-96
   10e26:	e8a2                	sd	s0,80(sp)
   10e28:	ec86                	sd	ra,88(sp)
   10e2a:	01758713          	addi	a4,a1,23
   10e2e:	02e00793          	li	a5,46
   10e32:	842a                	mv	s0,a0
   10e34:	06e7e363          	bltu	a5,a4,10e9a <_malloc_r+0x76>
   10e38:	02000713          	li	a4,32
   10e3c:	04b76863          	bltu	a4,a1,10e8c <_malloc_r+0x68>
   10e40:	660000ef          	jal	114a0 <__malloc_lock>
   10e44:	02000713          	li	a4,32
   10e48:	05000693          	li	a3,80
   10e4c:	4891                	li	a7,4
   10e4e:	6875                	lui	a6,0x1d
   10e50:	9b080813          	addi	a6,a6,-1616 # 1c9b0 <__malloc_av_>
   10e54:	96c2                	add	a3,a3,a6
   10e56:	669c                	ld	a5,8(a3)
   10e58:	ff068613          	addi	a2,a3,-16
   10e5c:	32c78963          	beq	a5,a2,1118e <_malloc_r+0x36a>
   10e60:	6798                	ld	a4,8(a5)
   10e62:	6f90                	ld	a2,24(a5)
   10e64:	6b8c                	ld	a1,16(a5)
   10e66:	9b71                	andi	a4,a4,-4
   10e68:	973e                	add	a4,a4,a5
   10e6a:	6714                	ld	a3,8(a4)
   10e6c:	ed90                	sd	a2,24(a1)
   10e6e:	ea0c                	sd	a1,16(a2)
   10e70:	0016e693          	ori	a3,a3,1
   10e74:	8522                	mv	a0,s0
   10e76:	e714                	sd	a3,8(a4)
   10e78:	e43e                	sd	a5,8(sp)
   10e7a:	628000ef          	jal	114a2 <__malloc_unlock>
   10e7e:	67a2                	ld	a5,8(sp)
   10e80:	60e6                	ld	ra,88(sp)
   10e82:	6446                	ld	s0,80(sp)
   10e84:	01078513          	addi	a0,a5,16
   10e88:	6125                	addi	sp,sp,96
   10e8a:	8082                	ret
   10e8c:	47b1                	li	a5,12
   10e8e:	c01c                	sw	a5,0(s0)
   10e90:	4501                	li	a0,0
   10e92:	60e6                	ld	ra,88(sp)
   10e94:	6446                	ld	s0,80(sp)
   10e96:	6125                	addi	sp,sp,96
   10e98:	8082                	ret
   10e9a:	4785                	li	a5,1
   10e9c:	9b41                	andi	a4,a4,-16
   10e9e:	07fe                	slli	a5,a5,0x1f
   10ea0:	fef776e3          	bgeu	a4,a5,10e8c <_malloc_r+0x68>
   10ea4:	feb764e3          	bltu	a4,a1,10e8c <_malloc_r+0x68>
   10ea8:	e43a                	sd	a4,8(sp)
   10eaa:	5f6000ef          	jal	114a0 <__malloc_lock>
   10eae:	6722                	ld	a4,8(sp)
   10eb0:	1f700793          	li	a5,503
   10eb4:	38e7fb63          	bgeu	a5,a4,1124a <_malloc_r+0x426>
   10eb8:	00975793          	srli	a5,a4,0x9
   10ebc:	12078463          	beqz	a5,10fe4 <_malloc_r+0x1c0>
   10ec0:	4691                	li	a3,4
   10ec2:	30f6ed63          	bltu	a3,a5,111dc <_malloc_r+0x3b8>
   10ec6:	00675793          	srli	a5,a4,0x6
   10eca:	0397889b          	addiw	a7,a5,57
   10ece:	0018951b          	slliw	a0,a7,0x1
   10ed2:	03878e1b          	addiw	t3,a5,56
   10ed6:	050e                	slli	a0,a0,0x3
   10ed8:	6875                	lui	a6,0x1d
   10eda:	9b080813          	addi	a6,a6,-1616 # 1c9b0 <__malloc_av_>
   10ede:	9542                	add	a0,a0,a6
   10ee0:	651c                	ld	a5,8(a0)
   10ee2:	1541                	addi	a0,a0,-16
   10ee4:	02f50163          	beq	a0,a5,10f06 <_malloc_r+0xe2>
   10ee8:	437d                	li	t1,31
   10eea:	a039                	j	10ef8 <_malloc_r+0xd4>
   10eec:	6f8c                	ld	a1,24(a5)
   10eee:	26065d63          	bgez	a2,11168 <_malloc_r+0x344>
   10ef2:	00b50a63          	beq	a0,a1,10f06 <_malloc_r+0xe2>
   10ef6:	87ae                	mv	a5,a1
   10ef8:	6794                	ld	a3,8(a5)
   10efa:	9af1                	andi	a3,a3,-4
   10efc:	40e68633          	sub	a2,a3,a4
   10f00:	fec356e3          	bge	t1,a2,10eec <_malloc_r+0xc8>
   10f04:	88f2                	mv	a7,t3
   10f06:	02083783          	ld	a5,32(a6)
   10f0a:	6e75                	lui	t3,0x1d
   10f0c:	9c0e0e13          	addi	t3,t3,-1600 # 1c9c0 <__malloc_av_+0x10>
   10f10:	23c78563          	beq	a5,t3,1113a <_malloc_r+0x316>
   10f14:	0087b303          	ld	t1,8(a5)
   10f18:	467d                	li	a2,31
   10f1a:	ffc37313          	andi	t1,t1,-4
   10f1e:	40e306b3          	sub	a3,t1,a4
   10f22:	34d64b63          	blt	a2,a3,11278 <_malloc_r+0x454>
   10f26:	03c83423          	sd	t3,40(a6)
   10f2a:	03c83023          	sd	t3,32(a6)
   10f2e:	3206d663          	bgez	a3,1125a <_malloc_r+0x436>
   10f32:	1ff00693          	li	a3,511
   10f36:	00883583          	ld	a1,8(a6)
   10f3a:	2466ef63          	bltu	a3,t1,11198 <_malloc_r+0x374>
   10f3e:	00335313          	srli	t1,t1,0x3
   10f42:	00131693          	slli	a3,t1,0x1
   10f46:	2689                	addiw	a3,a3,2
   10f48:	068e                	slli	a3,a3,0x3
   10f4a:	96c2                	add	a3,a3,a6
   10f4c:	6288                	ld	a0,0(a3)
   10f4e:	4023531b          	sraiw	t1,t1,0x2
   10f52:	4605                	li	a2,1
   10f54:	00661633          	sll	a2,a2,t1
   10f58:	8dd1                	or	a1,a1,a2
   10f5a:	ff068613          	addi	a2,a3,-16
   10f5e:	eb88                	sd	a0,16(a5)
   10f60:	ef90                	sd	a2,24(a5)
   10f62:	00b83423          	sd	a1,8(a6)
   10f66:	e29c                	sd	a5,0(a3)
   10f68:	ed1c                	sd	a5,24(a0)
   10f6a:	4028d79b          	sraiw	a5,a7,0x2
   10f6e:	4505                	li	a0,1
   10f70:	00f51533          	sll	a0,a0,a5
   10f74:	06a5ef63          	bltu	a1,a0,10ff2 <_malloc_r+0x1ce>
   10f78:	00b577b3          	and	a5,a0,a1
   10f7c:	ef89                	bnez	a5,10f96 <_malloc_r+0x172>
   10f7e:	0506                	slli	a0,a0,0x1
   10f80:	ffc8f893          	andi	a7,a7,-4
   10f84:	00b577b3          	and	a5,a0,a1
   10f88:	2891                	addiw	a7,a7,4
   10f8a:	e791                	bnez	a5,10f96 <_malloc_r+0x172>
   10f8c:	0506                	slli	a0,a0,0x1
   10f8e:	00b577b3          	and	a5,a0,a1
   10f92:	2891                	addiw	a7,a7,4
   10f94:	dfe5                	beqz	a5,10f8c <_malloc_r+0x168>
   10f96:	4efd                	li	t4,31
   10f98:	00189f13          	slli	t5,a7,0x1
   10f9c:	2f09                	addiw	t5,t5,2
   10f9e:	0f0e                	slli	t5,t5,0x3
   10fa0:	1f41                	addi	t5,t5,-16
   10fa2:	9f42                	add	t5,t5,a6
   10fa4:	837a                	mv	t1,t5
   10fa6:	01833683          	ld	a3,24(t1) # 10af0 <backward_rvv+0xe>
   10faa:	8fc6                	mv	t6,a7
   10fac:	24d30963          	beq	t1,a3,111fe <_malloc_r+0x3da>
   10fb0:	6690                	ld	a2,8(a3)
   10fb2:	87b6                	mv	a5,a3
   10fb4:	6e94                	ld	a3,24(a3)
   10fb6:	9a71                	andi	a2,a2,-4
   10fb8:	40e605b3          	sub	a1,a2,a4
   10fbc:	24beca63          	blt	t4,a1,11210 <_malloc_r+0x3ec>
   10fc0:	fe05c6e3          	bltz	a1,10fac <_malloc_r+0x188>
   10fc4:	963e                	add	a2,a2,a5
   10fc6:	6618                	ld	a4,8(a2)
   10fc8:	6b8c                	ld	a1,16(a5)
   10fca:	8522                	mv	a0,s0
   10fcc:	00176713          	ori	a4,a4,1
   10fd0:	e618                	sd	a4,8(a2)
   10fd2:	ed94                	sd	a3,24(a1)
   10fd4:	ea8c                	sd	a1,16(a3)
   10fd6:	e43e                	sd	a5,8(sp)
   10fd8:	4ca000ef          	jal	114a2 <__malloc_unlock>
   10fdc:	67a2                	ld	a5,8(sp)
   10fde:	01078513          	addi	a0,a5,16
   10fe2:	bd45                	j	10e92 <_malloc_r+0x6e>
   10fe4:	40000513          	li	a0,1024
   10fe8:	04000893          	li	a7,64
   10fec:	03f00e13          	li	t3,63
   10ff0:	b5e5                	j	10ed8 <_malloc_r+0xb4>
   10ff2:	01083783          	ld	a5,16(a6)
   10ff6:	6794                	ld	a3,8(a5)
   10ff8:	ffc6f893          	andi	a7,a3,-4
   10ffc:	40e88633          	sub	a2,a7,a4
   11000:	00e8e663          	bltu	a7,a4,1100c <_malloc_r+0x1e8>
   11004:	02062693          	slti	a3,a2,32
   11008:	12068c63          	beqz	a3,11140 <_malloc_r+0x31c>
   1100c:	2481b583          	ld	a1,584(gp) # 1d580 <__malloc_top_pad>
   11010:	2181b603          	ld	a2,536(gp) # 1d550 <__malloc_sbrk_base>
   11014:	56fd                	li	a3,-1
   11016:	95ba                	add	a1,a1,a4
   11018:	30d60d63          	beq	a2,a3,11332 <_malloc_r+0x50e>
   1101c:	6685                	lui	a3,0x1
   1101e:	06fd                	addi	a3,a3,31 # 101f <exit-0xf101>
   11020:	95b6                	add	a1,a1,a3
   11022:	76fd                	lui	a3,0xfffff
   11024:	8df5                	and	a1,a1,a3
   11026:	8522                	mv	a0,s0
   11028:	f442                	sd	a6,40(sp)
   1102a:	f03e                	sd	a5,32(sp)
   1102c:	ec3a                	sd	a4,24(sp)
   1102e:	e846                	sd	a7,16(sp)
   11030:	e42e                	sd	a1,8(sp)
   11032:	271010ef          	jal	12aa2 <_sbrk_r>
   11036:	56fd                	li	a3,-1
   11038:	65a2                	ld	a1,8(sp)
   1103a:	68c2                	ld	a7,16(sp)
   1103c:	6762                	ld	a4,24(sp)
   1103e:	7782                	ld	a5,32(sp)
   11040:	7822                	ld	a6,40(sp)
   11042:	832a                	mv	t1,a0
   11044:	28d50063          	beq	a0,a3,112c4 <_malloc_r+0x4a0>
   11048:	011786b3          	add	a3,a5,a7
   1104c:	26d56a63          	bltu	a0,a3,112c0 <_malloc_r+0x49c>
   11050:	2b018e13          	addi	t3,gp,688 # 1d5e8 <__malloc_current_mallinfo>
   11054:	000e2603          	lw	a2,0(t3)
   11058:	9e2d                	addw	a2,a2,a1
   1105a:	00ce2023          	sw	a2,0(t3)
   1105e:	8532                	mv	a0,a2
   11060:	36668863          	beq	a3,t1,113d0 <_malloc_r+0x5ac>
   11064:	2181bf03          	ld	t5,536(gp) # 1d550 <__malloc_sbrk_base>
   11068:	567d                	li	a2,-1
   1106a:	36cf0f63          	beq	t5,a2,113e8 <_malloc_r+0x5c4>
   1106e:	40d306b3          	sub	a3,t1,a3
   11072:	9ea9                	addw	a3,a3,a0
   11074:	00de2023          	sw	a3,0(t3)
   11078:	00f37e93          	andi	t4,t1,15
   1107c:	2c0e8763          	beqz	t4,1134a <_malloc_r+0x526>
   11080:	ff037313          	andi	t1,t1,-16
   11084:	6685                	lui	a3,0x1
   11086:	0341                	addi	t1,t1,16
   11088:	06c1                	addi	a3,a3,16 # 1010 <exit-0xf110>
   1108a:	00b30633          	add	a2,t1,a1
   1108e:	41d685b3          	sub	a1,a3,t4
   11092:	8d91                	sub	a1,a1,a2
   11094:	15d2                	slli	a1,a1,0x34
   11096:	91d1                	srli	a1,a1,0x34
   11098:	8522                	mv	a0,s0
   1109a:	e0c2                	sd	a6,64(sp)
   1109c:	fc72                	sd	t3,56(sp)
   1109e:	f83e                	sd	a5,48(sp)
   110a0:	f43a                	sd	a4,40(sp)
   110a2:	f046                	sd	a7,32(sp)
   110a4:	ec1a                	sd	t1,24(sp)
   110a6:	e876                	sd	t4,16(sp)
   110a8:	e432                	sd	a2,8(sp)
   110aa:	e4ae                	sd	a1,72(sp)
   110ac:	1f7010ef          	jal	12aa2 <_sbrk_r>
   110b0:	86aa                	mv	a3,a0
   110b2:	557d                	li	a0,-1
   110b4:	6622                	ld	a2,8(sp)
   110b6:	6ec2                	ld	t4,16(sp)
   110b8:	6362                	ld	t1,24(sp)
   110ba:	7882                	ld	a7,32(sp)
   110bc:	7722                	ld	a4,40(sp)
   110be:	77c2                	ld	a5,48(sp)
   110c0:	7e62                	ld	t3,56(sp)
   110c2:	6806                	ld	a6,64(sp)
   110c4:	36a68563          	beq	a3,a0,1142e <_malloc_r+0x60a>
   110c8:	65a6                	ld	a1,72(sp)
   110ca:	0005851b          	sext.w	a0,a1
   110ce:	000e2603          	lw	a2,0(t3)
   110d2:	406686b3          	sub	a3,a3,t1
   110d6:	96ae                	add	a3,a3,a1
   110d8:	0016e693          	ori	a3,a3,1
   110dc:	00683823          	sd	t1,16(a6)
   110e0:	9e29                	addw	a2,a2,a0
   110e2:	00d33423          	sd	a3,8(t1)
   110e6:	00ce2023          	sw	a2,0(t3)
   110ea:	03078a63          	beq	a5,a6,1111e <_malloc_r+0x2fa>
   110ee:	457d                	li	a0,31
   110f0:	2f157f63          	bgeu	a0,a7,113ee <_malloc_r+0x5ca>
   110f4:	678c                	ld	a1,8(a5)
   110f6:	fe888693          	addi	a3,a7,-24
   110fa:	cd817057          	vsetivli	zero,2,e64,m1,ta,ma
   110fe:	9ac1                	andi	a3,a3,-16
   11100:	5e04b0d7          	vmv.v.i	v1,9
   11104:	8985                	andi	a1,a1,1
   11106:	8dd5                	or	a1,a1,a3
   11108:	00d788b3          	add	a7,a5,a3
   1110c:	e78c                	sd	a1,8(a5)
   1110e:	00888593          	addi	a1,a7,8
   11112:	0205f0a7          	vse64.v	v1,(a1)
   11116:	32d56663          	bltu	a0,a3,11442 <_malloc_r+0x61e>
   1111a:	00833683          	ld	a3,8(t1)
   1111e:	2401b583          	ld	a1,576(gp) # 1d578 <__malloc_max_sbrked_mem>
   11122:	00c5f463          	bgeu	a1,a2,1112a <_malloc_r+0x306>
   11126:	24c1b023          	sd	a2,576(gp) # 1d578 <__malloc_max_sbrked_mem>
   1112a:	2381b583          	ld	a1,568(gp) # 1d570 <__malloc_max_total_mem>
   1112e:	00c5f463          	bgeu	a1,a2,11136 <_malloc_r+0x312>
   11132:	22c1bc23          	sd	a2,568(gp) # 1d570 <__malloc_max_total_mem>
   11136:	879a                	mv	a5,t1
   11138:	aa49                	j	112ca <_malloc_r+0x4a6>
   1113a:	00883583          	ld	a1,8(a6)
   1113e:	b535                	j	10f6a <_malloc_r+0x146>
   11140:	00176693          	ori	a3,a4,1
   11144:	e794                	sd	a3,8(a5)
   11146:	973e                	add	a4,a4,a5
   11148:	00166613          	ori	a2,a2,1
   1114c:	00e83823          	sd	a4,16(a6)
   11150:	8522                	mv	a0,s0
   11152:	e710                	sd	a2,8(a4)
   11154:	e43e                	sd	a5,8(sp)
   11156:	34c000ef          	jal	114a2 <__malloc_unlock>
   1115a:	67a2                	ld	a5,8(sp)
   1115c:	60e6                	ld	ra,88(sp)
   1115e:	6446                	ld	s0,80(sp)
   11160:	01078513          	addi	a0,a5,16
   11164:	6125                	addi	sp,sp,96
   11166:	8082                	ret
   11168:	6b90                	ld	a2,16(a5)
   1116a:	96be                	add	a3,a3,a5
   1116c:	6698                	ld	a4,8(a3)
   1116e:	ee0c                	sd	a1,24(a2)
   11170:	e990                	sd	a2,16(a1)
   11172:	00176713          	ori	a4,a4,1
   11176:	8522                	mv	a0,s0
   11178:	e698                	sd	a4,8(a3)
   1117a:	e43e                	sd	a5,8(sp)
   1117c:	326000ef          	jal	114a2 <__malloc_unlock>
   11180:	67a2                	ld	a5,8(sp)
   11182:	60e6                	ld	ra,88(sp)
   11184:	6446                	ld	s0,80(sp)
   11186:	01078513          	addi	a0,a5,16
   1118a:	6125                	addi	sp,sp,96
   1118c:	8082                	ret
   1118e:	6e9c                	ld	a5,24(a3)
   11190:	2889                	addiw	a7,a7,2
   11192:	d6f68ae3          	beq	a3,a5,10f06 <_malloc_r+0xe2>
   11196:	b1e9                	j	10e60 <_malloc_r+0x3c>
   11198:	00935693          	srli	a3,t1,0x9
   1119c:	4611                	li	a2,4
   1119e:	10d67763          	bgeu	a2,a3,112ac <_malloc_r+0x488>
   111a2:	4651                	li	a2,20
   111a4:	1ed66263          	bltu	a2,a3,11388 <_malloc_r+0x564>
   111a8:	00169513          	slli	a0,a3,0x1
   111ac:	0b85051b          	addiw	a0,a0,184
   111b0:	050e                	slli	a0,a0,0x3
   111b2:	05b6861b          	addiw	a2,a3,91
   111b6:	9542                	add	a0,a0,a6
   111b8:	6114                	ld	a3,0(a0)
   111ba:	1541                	addi	a0,a0,-16
   111bc:	00d51663          	bne	a0,a3,111c8 <_malloc_r+0x3a4>
   111c0:	aaa5                	j	11338 <_malloc_r+0x514>
   111c2:	6a94                	ld	a3,16(a3)
   111c4:	00d50663          	beq	a0,a3,111d0 <_malloc_r+0x3ac>
   111c8:	6690                	ld	a2,8(a3)
   111ca:	9a71                	andi	a2,a2,-4
   111cc:	fec36be3          	bltu	t1,a2,111c2 <_malloc_r+0x39e>
   111d0:	6e88                	ld	a0,24(a3)
   111d2:	ef88                	sd	a0,24(a5)
   111d4:	eb94                	sd	a3,16(a5)
   111d6:	e91c                	sd	a5,16(a0)
   111d8:	ee9c                	sd	a5,24(a3)
   111da:	bb41                	j	10f6a <_malloc_r+0x146>
   111dc:	46d1                	li	a3,20
   111de:	10f6f363          	bgeu	a3,a5,112e4 <_malloc_r+0x4c0>
   111e2:	05400693          	li	a3,84
   111e6:	1af6ef63          	bltu	a3,a5,113a4 <_malloc_r+0x580>
   111ea:	00c75793          	srli	a5,a4,0xc
   111ee:	06f7889b          	addiw	a7,a5,111
   111f2:	0018951b          	slliw	a0,a7,0x1
   111f6:	06e78e1b          	addiw	t3,a5,110
   111fa:	050e                	slli	a0,a0,0x3
   111fc:	b9f1                	j	10ed8 <_malloc_r+0xb4>
   111fe:	2f85                	addiw	t6,t6,1
   11200:	003ff793          	andi	a5,t6,3
   11204:	0341                	addi	t1,t1,16
   11206:	0e078c63          	beqz	a5,112fe <_malloc_r+0x4da>
   1120a:	01833683          	ld	a3,24(t1)
   1120e:	bb79                	j	10fac <_malloc_r+0x188>
   11210:	6b88                	ld	a0,16(a5)
   11212:	00176893          	ori	a7,a4,1
   11216:	0117b423          	sd	a7,8(a5)
   1121a:	ed14                	sd	a3,24(a0)
   1121c:	ea88                	sd	a0,16(a3)
   1121e:	973e                	add	a4,a4,a5
   11220:	02e83423          	sd	a4,40(a6)
   11224:	02e83023          	sd	a4,32(a6)
   11228:	0015e693          	ori	a3,a1,1
   1122c:	963e                	add	a2,a2,a5
   1122e:	01c73c23          	sd	t3,24(a4)
   11232:	01c73823          	sd	t3,16(a4)
   11236:	e714                	sd	a3,8(a4)
   11238:	8522                	mv	a0,s0
   1123a:	e20c                	sd	a1,0(a2)
   1123c:	e43e                	sd	a5,8(sp)
   1123e:	264000ef          	jal	114a2 <__malloc_unlock>
   11242:	67a2                	ld	a5,8(sp)
   11244:	01078513          	addi	a0,a5,16
   11248:	b1a9                	j	10e92 <_malloc_r+0x6e>
   1124a:	00375893          	srli	a7,a4,0x3
   1124e:	00189693          	slli	a3,a7,0x1
   11252:	2689                	addiw	a3,a3,2
   11254:	068e                	slli	a3,a3,0x3
   11256:	2881                	sext.w	a7,a7
   11258:	bedd                	j	10e4e <_malloc_r+0x2a>
   1125a:	933e                	add	t1,t1,a5
   1125c:	00833703          	ld	a4,8(t1)
   11260:	8522                	mv	a0,s0
   11262:	e43e                	sd	a5,8(sp)
   11264:	00176713          	ori	a4,a4,1
   11268:	00e33423          	sd	a4,8(t1)
   1126c:	236000ef          	jal	114a2 <__malloc_unlock>
   11270:	67a2                	ld	a5,8(sp)
   11272:	01078513          	addi	a0,a5,16
   11276:	b931                	j	10e92 <_malloc_r+0x6e>
   11278:	00176613          	ori	a2,a4,1
   1127c:	e790                	sd	a2,8(a5)
   1127e:	973e                	add	a4,a4,a5
   11280:	02e83423          	sd	a4,40(a6)
   11284:	02e83023          	sd	a4,32(a6)
   11288:	0016e613          	ori	a2,a3,1
   1128c:	933e                	add	t1,t1,a5
   1128e:	01c73c23          	sd	t3,24(a4)
   11292:	01c73823          	sd	t3,16(a4)
   11296:	e710                	sd	a2,8(a4)
   11298:	8522                	mv	a0,s0
   1129a:	00d33023          	sd	a3,0(t1)
   1129e:	e43e                	sd	a5,8(sp)
   112a0:	202000ef          	jal	114a2 <__malloc_unlock>
   112a4:	67a2                	ld	a5,8(sp)
   112a6:	01078513          	addi	a0,a5,16
   112aa:	b6e5                	j	10e92 <_malloc_r+0x6e>
   112ac:	00635693          	srli	a3,t1,0x6
   112b0:	00169513          	slli	a0,a3,0x1
   112b4:	0725051b          	addiw	a0,a0,114
   112b8:	050e                	slli	a0,a0,0x3
   112ba:	0386861b          	addiw	a2,a3,56
   112be:	bde5                	j	111b6 <_malloc_r+0x392>
   112c0:	11078063          	beq	a5,a6,113c0 <_malloc_r+0x59c>
   112c4:	01083783          	ld	a5,16(a6)
   112c8:	6794                	ld	a3,8(a5)
   112ca:	9af1                	andi	a3,a3,-4
   112cc:	40e68633          	sub	a2,a3,a4
   112d0:	00e6e663          	bltu	a3,a4,112dc <_malloc_r+0x4b8>
   112d4:	02062693          	slti	a3,a2,32
   112d8:	e60684e3          	beqz	a3,11140 <_malloc_r+0x31c>
   112dc:	8522                	mv	a0,s0
   112de:	1c4000ef          	jal	114a2 <__malloc_unlock>
   112e2:	b67d                	j	10e90 <_malloc_r+0x6c>
   112e4:	05c7889b          	addiw	a7,a5,92
   112e8:	0018951b          	slliw	a0,a7,0x1
   112ec:	05b78e1b          	addiw	t3,a5,91
   112f0:	050e                	slli	a0,a0,0x3
   112f2:	b6dd                	j	10ed8 <_malloc_r+0xb4>
   112f4:	010f3783          	ld	a5,16(t5)
   112f8:	38fd                	addiw	a7,a7,-1
   112fa:	1be79063          	bne	a5,t5,1149a <_malloc_r+0x676>
   112fe:	0038f793          	andi	a5,a7,3
   11302:	1f41                	addi	t5,t5,-16
   11304:	fbe5                	bnez	a5,112f4 <_malloc_r+0x4d0>
   11306:	00883683          	ld	a3,8(a6)
   1130a:	fff54793          	not	a5,a0
   1130e:	8ff5                	and	a5,a5,a3
   11310:	00f83423          	sd	a5,8(a6)
   11314:	0506                	slli	a0,a0,0x1
   11316:	fff50693          	addi	a3,a0,-1
   1131a:	ccf6fce3          	bgeu	a3,a5,10ff2 <_malloc_r+0x1ce>
   1131e:	00f576b3          	and	a3,a0,a5
   11322:	e691                	bnez	a3,1132e <_malloc_r+0x50a>
   11324:	0506                	slli	a0,a0,0x1
   11326:	00f576b3          	and	a3,a0,a5
   1132a:	2f91                	addiw	t6,t6,4
   1132c:	dee5                	beqz	a3,11324 <_malloc_r+0x500>
   1132e:	88fe                	mv	a7,t6
   11330:	b1a5                	j	10f98 <_malloc_r+0x174>
   11332:	02058593          	addi	a1,a1,32
   11336:	b9c5                	j	11026 <_malloc_r+0x202>
   11338:	4026561b          	sraiw	a2,a2,0x2
   1133c:	4305                	li	t1,1
   1133e:	00c31633          	sll	a2,t1,a2
   11342:	8dd1                	or	a1,a1,a2
   11344:	00b83423          	sd	a1,8(a6)
   11348:	b569                	j	111d2 <_malloc_r+0x3ae>
   1134a:	00b30633          	add	a2,t1,a1
   1134e:	40c005b3          	neg	a1,a2
   11352:	15d2                	slli	a1,a1,0x34
   11354:	91d1                	srli	a1,a1,0x34
   11356:	8522                	mv	a0,s0
   11358:	fc42                	sd	a6,56(sp)
   1135a:	f872                	sd	t3,48(sp)
   1135c:	f43e                	sd	a5,40(sp)
   1135e:	f03a                	sd	a4,32(sp)
   11360:	ec46                	sd	a7,24(sp)
   11362:	e81a                	sd	t1,16(sp)
   11364:	e432                	sd	a2,8(sp)
   11366:	e0ae                	sd	a1,64(sp)
   11368:	73a010ef          	jal	12aa2 <_sbrk_r>
   1136c:	86aa                	mv	a3,a0
   1136e:	557d                	li	a0,-1
   11370:	6342                	ld	t1,16(sp)
   11372:	68e2                	ld	a7,24(sp)
   11374:	7702                	ld	a4,32(sp)
   11376:	77a2                	ld	a5,40(sp)
   11378:	7e42                	ld	t3,48(sp)
   1137a:	7862                	ld	a6,56(sp)
   1137c:	0aa68f63          	beq	a3,a0,1143a <_malloc_r+0x616>
   11380:	6586                	ld	a1,64(sp)
   11382:	0005851b          	sext.w	a0,a1
   11386:	b3a1                	j	110ce <_malloc_r+0x2aa>
   11388:	05400613          	li	a2,84
   1138c:	06d66563          	bltu	a2,a3,113f6 <_malloc_r+0x5d2>
   11390:	00c35693          	srli	a3,t1,0xc
   11394:	00169513          	slli	a0,a3,0x1
   11398:	0de5051b          	addiw	a0,a0,222
   1139c:	050e                	slli	a0,a0,0x3
   1139e:	06e6861b          	addiw	a2,a3,110
   113a2:	bd11                	j	111b6 <_malloc_r+0x392>
   113a4:	15400693          	li	a3,340
   113a8:	06f6e563          	bltu	a3,a5,11412 <_malloc_r+0x5ee>
   113ac:	00f75793          	srli	a5,a4,0xf
   113b0:	0787889b          	addiw	a7,a5,120
   113b4:	0018951b          	slliw	a0,a7,0x1
   113b8:	07778e1b          	addiw	t3,a5,119
   113bc:	050e                	slli	a0,a0,0x3
   113be:	be29                	j	10ed8 <_malloc_r+0xb4>
   113c0:	2b018e13          	addi	t3,gp,688 # 1d5e8 <__malloc_current_mallinfo>
   113c4:	000e2503          	lw	a0,0(t3)
   113c8:	9d2d                	addw	a0,a0,a1
   113ca:	00ae2023          	sw	a0,0(t3)
   113ce:	b959                	j	11064 <_malloc_r+0x240>
   113d0:	03431f13          	slli	t5,t1,0x34
   113d4:	c80f18e3          	bnez	t5,11064 <_malloc_r+0x240>
   113d8:	01083303          	ld	t1,16(a6)
   113dc:	95c6                	add	a1,a1,a7
   113de:	0015e693          	ori	a3,a1,1
   113e2:	00d33423          	sd	a3,8(t1)
   113e6:	bb25                	j	1111e <_malloc_r+0x2fa>
   113e8:	2061bc23          	sd	t1,536(gp) # 1d550 <__malloc_sbrk_base>
   113ec:	b171                	j	11078 <_malloc_r+0x254>
   113ee:	4785                	li	a5,1
   113f0:	00f33423          	sd	a5,8(t1)
   113f4:	b5e5                	j	112dc <_malloc_r+0x4b8>
   113f6:	15400613          	li	a2,340
   113fa:	06d66663          	bltu	a2,a3,11466 <_malloc_r+0x642>
   113fe:	00f35693          	srli	a3,t1,0xf
   11402:	00169513          	slli	a0,a3,0x1
   11406:	0f05051b          	addiw	a0,a0,240
   1140a:	050e                	slli	a0,a0,0x3
   1140c:	0776861b          	addiw	a2,a3,119
   11410:	b35d                	j	111b6 <_malloc_r+0x392>
   11412:	55400693          	li	a3,1364
   11416:	06f6e663          	bltu	a3,a5,11482 <_malloc_r+0x65e>
   1141a:	01275793          	srli	a5,a4,0x12
   1141e:	07d7889b          	addiw	a7,a5,125
   11422:	0018951b          	slliw	a0,a7,0x1
   11426:	07c78e1b          	addiw	t3,a5,124
   1142a:	050e                	slli	a0,a0,0x3
   1142c:	b475                	j	10ed8 <_malloc_r+0xb4>
   1142e:	1ec1                	addi	t4,t4,-16
   11430:	01d606b3          	add	a3,a2,t4
   11434:	4501                	li	a0,0
   11436:	4581                	li	a1,0
   11438:	b959                	j	110ce <_malloc_r+0x2aa>
   1143a:	66a2                	ld	a3,8(sp)
   1143c:	4581                	li	a1,0
   1143e:	4501                	li	a0,0
   11440:	b179                	j	110ce <_malloc_r+0x2aa>
   11442:	01078593          	addi	a1,a5,16
   11446:	8522                	mv	a0,s0
   11448:	ec42                	sd	a6,24(sp)
   1144a:	e872                	sd	t3,16(sp)
   1144c:	e43a                	sd	a4,8(sp)
   1144e:	289010ef          	jal	12ed6 <_free_r>
   11452:	6862                	ld	a6,24(sp)
   11454:	6e42                	ld	t3,16(sp)
   11456:	6722                	ld	a4,8(sp)
   11458:	01083303          	ld	t1,16(a6)
   1145c:	000e2603          	lw	a2,0(t3)
   11460:	00833683          	ld	a3,8(t1)
   11464:	b96d                	j	1111e <_malloc_r+0x2fa>
   11466:	55400613          	li	a2,1364
   1146a:	02d66363          	bltu	a2,a3,11490 <_malloc_r+0x66c>
   1146e:	01235693          	srli	a3,t1,0x12
   11472:	00169513          	slli	a0,a3,0x1
   11476:	0fa5051b          	addiw	a0,a0,250
   1147a:	050e                	slli	a0,a0,0x3
   1147c:	07c6861b          	addiw	a2,a3,124
   11480:	bb1d                	j	111b6 <_malloc_r+0x392>
   11482:	7f000513          	li	a0,2032
   11486:	07f00893          	li	a7,127
   1148a:	07e00e13          	li	t3,126
   1148e:	b4a9                	j	10ed8 <_malloc_r+0xb4>
   11490:	7f000513          	li	a0,2032
   11494:	07e00613          	li	a2,126
   11498:	bb39                	j	111b6 <_malloc_r+0x392>
   1149a:	00883783          	ld	a5,8(a6)
   1149e:	bd9d                	j	11314 <_malloc_r+0x4f0>

00000000000114a0 <__malloc_lock>:
   114a0:	8082                	ret

00000000000114a2 <__malloc_unlock>:
   114a2:	8082                	ret

00000000000114a4 <_strtol_l.part.0>:
   114a4:	1141                	addi	sp,sp,-16
   114a6:	68ed                	lui	a7,0x1b
   114a8:	e422                	sd	s0,8(sp)
   114aa:	87ae                	mv	a5,a1
   114ac:	842a                	mv	s0,a0
   114ae:	31988893          	addi	a7,a7,793 # 1b319 <_ctype_+0x1>
   114b2:	833e                	mv	t1,a5
   114b4:	0007c803          	lbu	a6,0(a5)
   114b8:	0785                	addi	a5,a5,1
   114ba:	01088733          	add	a4,a7,a6
   114be:	00074703          	lbu	a4,0(a4)
   114c2:	8b21                	andi	a4,a4,8
   114c4:	f77d                	bnez	a4,114b2 <_strtol_l.part.0+0xe>
   114c6:	02d00713          	li	a4,45
   114ca:	0008089b          	sext.w	a7,a6
   114ce:	fef6ff93          	andi	t6,a3,-17
   114d2:	0ee80063          	beq	a6,a4,115b2 <_strtol_l.part.0+0x10e>
   114d6:	02b00713          	li	a4,43
   114da:	02e88563          	beq	a7,a4,11504 <_strtol_l.part.0+0x60>
   114de:	020f9963          	bnez	t6,11510 <_strtol_l.part.0+0x6c>
   114e2:	03000713          	li	a4,48
   114e6:	16e88d63          	beq	a7,a4,11660 <_strtol_l.part.0+0x1bc>
   114ea:	14068c63          	beqz	a3,11642 <_strtol_l.part.0+0x19e>
   114ee:	537d                	li	t1,-1
   114f0:	46c1                	li	a3,16
   114f2:	00535313          	srli	t1,t1,0x5
   114f6:	82b6                	mv	t0,a3
   114f8:	4fbd                	li	t6,15
   114fa:	577d                	li	a4,-1
   114fc:	00175393          	srli	t2,a4,0x1
   11500:	4f01                	li	t5,0
   11502:	a01d                	j	11528 <_strtol_l.part.0+0x84>
   11504:	0007c883          	lbu	a7,0(a5)
   11508:	00230793          	addi	a5,t1,2
   1150c:	0e0f8f63          	beqz	t6,1160a <_strtol_l.part.0+0x166>
   11510:	537d                	li	t1,-1
   11512:	00135313          	srli	t1,t1,0x1
   11516:	02d37533          	remu	a0,t1,a3
   1151a:	839a                	mv	t2,t1
   1151c:	82b6                	mv	t0,a3
   1151e:	4f01                	li	t5,0
   11520:	02d35333          	divu	t1,t1,a3
   11524:	00050f9b          	sext.w	t6,a0
   11528:	4801                	li	a6,0
   1152a:	4501                	li	a0,0
   1152c:	4e25                	li	t3,9
   1152e:	4ee5                	li	t4,25
   11530:	fd08871b          	addiw	a4,a7,-48
   11534:	00ee7863          	bgeu	t3,a4,11544 <_strtol_l.part.0+0xa0>
   11538:	fbf8871b          	addiw	a4,a7,-65
   1153c:	02eee663          	bltu	t4,a4,11568 <_strtol_l.part.0+0xc4>
   11540:	fc98871b          	addiw	a4,a7,-55
   11544:	02d75a63          	bge	a4,a3,11578 <_strtol_l.part.0+0xd4>
   11548:	0805                	addi	a6,a6,1
   1154a:	00080d63          	beqz	a6,11564 <_strtol_l.part.0+0xc0>
   1154e:	00a36b63          	bltu	t1,a0,11564 <_strtol_l.part.0+0xc0>
   11552:	04651163          	bne	a0,t1,11594 <_strtol_l.part.0+0xf0>
   11556:	587d                	li	a6,-1
   11558:	02efde63          	bge	t6,a4,11594 <_strtol_l.part.0+0xf0>
   1155c:	0785                	addi	a5,a5,1
   1155e:	fff7c883          	lbu	a7,-1(a5)
   11562:	b7f9                	j	11530 <_strtol_l.part.0+0x8c>
   11564:	587d                	li	a6,-1
   11566:	bfdd                	j	1155c <_strtol_l.part.0+0xb8>
   11568:	f9f8871b          	addiw	a4,a7,-97
   1156c:	00eee663          	bltu	t4,a4,11578 <_strtol_l.part.0+0xd4>
   11570:	fa98871b          	addiw	a4,a7,-87
   11574:	fcd74ae3          	blt	a4,a3,11548 <_strtol_l.part.0+0xa4>
   11578:	577d                	li	a4,-1
   1157a:	02e80363          	beq	a6,a4,115a0 <_strtol_l.part.0+0xfc>
   1157e:	000f0463          	beqz	t5,11586 <_strtol_l.part.0+0xe2>
   11582:	40a00533          	neg	a0,a0
   11586:	c601                	beqz	a2,1158e <_strtol_l.part.0+0xea>
   11588:	06081f63          	bnez	a6,11606 <_strtol_l.part.0+0x162>
   1158c:	e20c                	sd	a1,0(a2)
   1158e:	6422                	ld	s0,8(sp)
   11590:	0141                	addi	sp,sp,16
   11592:	8082                	ret
   11594:	025508b3          	mul	a7,a0,t0
   11598:	4805                	li	a6,1
   1159a:	01170533          	add	a0,a4,a7
   1159e:	bf7d                	j	1155c <_strtol_l.part.0+0xb8>
   115a0:	02200693          	li	a3,34
   115a4:	c014                	sw	a3,0(s0)
   115a6:	851e                	mv	a0,t2
   115a8:	d27d                	beqz	a2,1158e <_strtol_l.part.0+0xea>
   115aa:	fff78593          	addi	a1,a5,-1
   115ae:	851e                	mv	a0,t2
   115b0:	bff1                	j	1158c <_strtol_l.part.0+0xe8>
   115b2:	0007c883          	lbu	a7,0(a5)
   115b6:	00230793          	addi	a5,t1,2
   115ba:	020f9a63          	bnez	t6,115ee <_strtol_l.part.0+0x14a>
   115be:	03000713          	li	a4,48
   115c2:	0ce88263          	beq	a7,a4,11686 <_strtol_l.part.0+0x1e2>
   115c6:	e2f5                	bnez	a3,116aa <_strtol_l.part.0+0x206>
   115c8:	33333737          	lui	a4,0x33333
   115cc:	03333337          	lui	t1,0x3333
   115d0:	33370713          	addi	a4,a4,819 # 33333333 <__BSS_END__+0x333157fb>
   115d4:	33330313          	addi	t1,t1,819 # 3333333 <__BSS_END__+0x33157fb>
   115d8:	070a                	slli	a4,a4,0x2
   115da:	130a                	slli	t1,t1,0x22
   115dc:	933a                	add	t1,t1,a4
   115de:	46a9                	li	a3,10
   115e0:	577d                	li	a4,-1
   115e2:	82b6                	mv	t0,a3
   115e4:	03f71393          	slli	t2,a4,0x3f
   115e8:	4fa1                	li	t6,8
   115ea:	4f05                	li	t5,1
   115ec:	bf35                	j	11528 <_strtol_l.part.0+0x84>
   115ee:	537d                	li	t1,-1
   115f0:	137e                	slli	t1,t1,0x3f
   115f2:	02d37533          	remu	a0,t1,a3
   115f6:	839a                	mv	t2,t1
   115f8:	82b6                	mv	t0,a3
   115fa:	4f05                	li	t5,1
   115fc:	02d35333          	divu	t1,t1,a3
   11600:	00050f9b          	sext.w	t6,a0
   11604:	b715                	j	11528 <_strtol_l.part.0+0x84>
   11606:	83aa                	mv	t2,a0
   11608:	b74d                	j	115aa <_strtol_l.part.0+0x106>
   1160a:	03000713          	li	a4,48
   1160e:	ece89ee3          	bne	a7,a4,114ea <_strtol_l.part.0+0x46>
   11612:	00234703          	lbu	a4,2(t1)
   11616:	05800513          	li	a0,88
   1161a:	0df77713          	andi	a4,a4,223
   1161e:	06a71063          	bne	a4,a0,1167e <_strtol_l.part.0+0x1da>
   11622:	00334883          	lbu	a7,3(t1)
   11626:	46c1                	li	a3,16
   11628:	82b6                	mv	t0,a3
   1162a:	00430793          	addi	a5,t1,4
   1162e:	537d                	li	t1,-1
   11630:	00135313          	srli	t1,t1,0x1
   11634:	02537533          	remu	a0,t1,t0
   11638:	02535333          	divu	t1,t1,t0
   1163c:	00050f9b          	sext.w	t6,a0
   11640:	bd6d                	j	114fa <_strtol_l.part.0+0x56>
   11642:	33333737          	lui	a4,0x33333
   11646:	03333337          	lui	t1,0x3333
   1164a:	33370713          	addi	a4,a4,819 # 33333333 <__BSS_END__+0x333157fb>
   1164e:	33330313          	addi	t1,t1,819 # 3333333 <__BSS_END__+0x33157fb>
   11652:	070a                	slli	a4,a4,0x2
   11654:	130a                	slli	t1,t1,0x22
   11656:	46a9                	li	a3,10
   11658:	933a                	add	t1,t1,a4
   1165a:	82b6                	mv	t0,a3
   1165c:	4f9d                	li	t6,7
   1165e:	bd71                	j	114fa <_strtol_l.part.0+0x56>
   11660:	0007c703          	lbu	a4,0(a5)
   11664:	05800513          	li	a0,88
   11668:	0df77713          	andi	a4,a4,223
   1166c:	00a71963          	bne	a4,a0,1167e <_strtol_l.part.0+0x1da>
   11670:	46c1                	li	a3,16
   11672:	0017c883          	lbu	a7,1(a5)
   11676:	82b6                	mv	t0,a3
   11678:	00330793          	addi	a5,t1,3
   1167c:	bf4d                	j	1162e <_strtol_l.part.0+0x18a>
   1167e:	e6b9                	bnez	a3,116cc <_strtol_l.part.0+0x228>
   11680:	46a1                	li	a3,8
   11682:	82b6                	mv	t0,a3
   11684:	b76d                	j	1162e <_strtol_l.part.0+0x18a>
   11686:	00234703          	lbu	a4,2(t1)
   1168a:	05800513          	li	a0,88
   1168e:	0df77713          	andi	a4,a4,223
   11692:	02a70663          	beq	a4,a0,116be <_strtol_l.part.0+0x21a>
   11696:	ce95                	beqz	a3,116d2 <_strtol_l.part.0+0x22e>
   11698:	46c1                	li	a3,16
   1169a:	82b6                	mv	t0,a3
   1169c:	577d                	li	a4,-1
   1169e:	177e                	slli	a4,a4,0x3f
   116a0:	02575333          	divu	t1,a4,t0
   116a4:	83ba                	mv	t2,a4
   116a6:	4f05                	li	t5,1
   116a8:	b541                	j	11528 <_strtol_l.part.0+0x84>
   116aa:	4505                	li	a0,1
   116ac:	46c1                	li	a3,16
   116ae:	577d                	li	a4,-1
   116b0:	03b51313          	slli	t1,a0,0x3b
   116b4:	8f2a                	mv	t5,a0
   116b6:	82b6                	mv	t0,a3
   116b8:	03f71393          	slli	t2,a4,0x3f
   116bc:	b5b5                	j	11528 <_strtol_l.part.0+0x84>
   116be:	46c1                	li	a3,16
   116c0:	00334883          	lbu	a7,3(t1)
   116c4:	82b6                	mv	t0,a3
   116c6:	00430793          	addi	a5,t1,4
   116ca:	bfc9                	j	1169c <_strtol_l.part.0+0x1f8>
   116cc:	46c1                	li	a3,16
   116ce:	82b6                	mv	t0,a3
   116d0:	bfb9                	j	1162e <_strtol_l.part.0+0x18a>
   116d2:	46a1                	li	a3,8
   116d4:	82b6                	mv	t0,a3
   116d6:	b7d9                	j	1169c <_strtol_l.part.0+0x1f8>

00000000000116d8 <_strtol_r>:
   116d8:	02400713          	li	a4,36
   116dc:	00d76663          	bltu	a4,a3,116e8 <_strtol_r+0x10>
   116e0:	fff68793          	addi	a5,a3,-1
   116e4:	c391                	beqz	a5,116e8 <_strtol_r+0x10>
   116e6:	bb7d                	j	114a4 <_strtol_l.part.0>
   116e8:	1141                	addi	sp,sp,-16
   116ea:	e406                	sd	ra,8(sp)
   116ec:	428010ef          	jal	12b14 <__errno>
   116f0:	60a2                	ld	ra,8(sp)
   116f2:	47d9                	li	a5,22
   116f4:	c11c                	sw	a5,0(a0)
   116f6:	4501                	li	a0,0
   116f8:	0141                	addi	sp,sp,16
   116fa:	8082                	ret

00000000000116fc <strtol_l>:
   116fc:	02400793          	li	a5,36
   11700:	00c7ec63          	bltu	a5,a2,11718 <strtol_l+0x1c>
   11704:	fff60793          	addi	a5,a2,-1
   11708:	cb81                	beqz	a5,11718 <strtol_l+0x1c>
   1170a:	872a                	mv	a4,a0
   1170c:	2281b503          	ld	a0,552(gp) # 1d560 <_impure_ptr>
   11710:	86b2                	mv	a3,a2
   11712:	862e                	mv	a2,a1
   11714:	85ba                	mv	a1,a4
   11716:	b379                	j	114a4 <_strtol_l.part.0>
   11718:	1141                	addi	sp,sp,-16
   1171a:	e406                	sd	ra,8(sp)
   1171c:	3f8010ef          	jal	12b14 <__errno>
   11720:	60a2                	ld	ra,8(sp)
   11722:	47d9                	li	a5,22
   11724:	c11c                	sw	a5,0(a0)
   11726:	4501                	li	a0,0
   11728:	0141                	addi	sp,sp,16
   1172a:	8082                	ret

000000000001172c <strtol>:
   1172c:	02400793          	li	a5,36
   11730:	00c7ec63          	bltu	a5,a2,11748 <strtol+0x1c>
   11734:	fff60793          	addi	a5,a2,-1
   11738:	cb81                	beqz	a5,11748 <strtol+0x1c>
   1173a:	872a                	mv	a4,a0
   1173c:	2281b503          	ld	a0,552(gp) # 1d560 <_impure_ptr>
   11740:	86b2                	mv	a3,a2
   11742:	862e                	mv	a2,a1
   11744:	85ba                	mv	a1,a4
   11746:	bbb9                	j	114a4 <_strtol_l.part.0>
   11748:	1141                	addi	sp,sp,-16
   1174a:	e406                	sd	ra,8(sp)
   1174c:	3c8010ef          	jal	12b14 <__errno>
   11750:	60a2                	ld	ra,8(sp)
   11752:	47d9                	li	a5,22
   11754:	c11c                	sw	a5,0(a0)
   11756:	4501                	li	a0,0
   11758:	0141                	addi	sp,sp,16
   1175a:	8082                	ret

000000000001175c <_strtoull_l.isra.0>:
   1175c:	676d                	lui	a4,0x1b
   1175e:	8eaa                	mv	t4,a0
   11760:	87ae                	mv	a5,a1
   11762:	31970513          	addi	a0,a4,793 # 1b319 <_ctype_+0x1>
   11766:	833e                	mv	t1,a5
   11768:	0007c803          	lbu	a6,0(a5)
   1176c:	0785                	addi	a5,a5,1
   1176e:	01050733          	add	a4,a0,a6
   11772:	00074703          	lbu	a4,0(a4)
   11776:	8b21                	andi	a4,a4,8
   11778:	f77d                	bnez	a4,11766 <_strtoull_l.isra.0+0xa>
   1177a:	02d00713          	li	a4,45
   1177e:	0008089b          	sext.w	a7,a6
   11782:	0ce80f63          	beq	a6,a4,11860 <_strtoull_l.isra.0+0x104>
   11786:	02b00713          	li	a4,43
   1178a:	4f81                	li	t6,0
   1178c:	0ae88b63          	beq	a7,a4,11842 <_strtoull_l.isra.0+0xe6>
   11790:	fef6f713          	andi	a4,a3,-17
   11794:	c341                	beqz	a4,11814 <_strtoull_l.isra.0+0xb8>
   11796:	537d                	li	t1,-1
   11798:	02d372b3          	remu	t0,t1,a3
   1179c:	83b6                	mv	t2,a3
   1179e:	02d35333          	divu	t1,t1,a3
   117a2:	2281                	sext.w	t0,t0
   117a4:	4801                	li	a6,0
   117a6:	4501                	li	a0,0
   117a8:	4e25                	li	t3,9
   117aa:	4f65                	li	t5,25
   117ac:	fd08871b          	addiw	a4,a7,-48
   117b0:	00ee7863          	bgeu	t3,a4,117c0 <_strtoull_l.isra.0+0x64>
   117b4:	fbf8871b          	addiw	a4,a7,-65
   117b8:	02ef6663          	bltu	t5,a4,117e4 <_strtoull_l.isra.0+0x88>
   117bc:	fc98871b          	addiw	a4,a7,-55
   117c0:	02d75a63          	bge	a4,a3,117f4 <_strtoull_l.isra.0+0x98>
   117c4:	0805                	addi	a6,a6,1
   117c6:	00080d63          	beqz	a6,117e0 <_strtoull_l.isra.0+0x84>
   117ca:	00a36b63          	bltu	t1,a0,117e0 <_strtoull_l.isra.0+0x84>
   117ce:	02651d63          	bne	a0,t1,11808 <_strtoull_l.isra.0+0xac>
   117d2:	587d                	li	a6,-1
   117d4:	02e2da63          	bge	t0,a4,11808 <_strtoull_l.isra.0+0xac>
   117d8:	0785                	addi	a5,a5,1
   117da:	fff7c883          	lbu	a7,-1(a5)
   117de:	b7f9                	j	117ac <_strtoull_l.isra.0+0x50>
   117e0:	587d                	li	a6,-1
   117e2:	bfdd                	j	117d8 <_strtoull_l.isra.0+0x7c>
   117e4:	f9f8871b          	addiw	a4,a7,-97
   117e8:	00ef6663          	bltu	t5,a4,117f4 <_strtoull_l.isra.0+0x98>
   117ec:	fa98871b          	addiw	a4,a7,-87
   117f0:	fcd74ae3          	blt	a4,a3,117c4 <_strtoull_l.isra.0+0x68>
   117f4:	577d                	li	a4,-1
   117f6:	04e80b63          	beq	a6,a4,1184c <_strtoull_l.isra.0+0xf0>
   117fa:	040f9163          	bnez	t6,1183c <_strtoull_l.isra.0+0xe0>
   117fe:	c601                	beqz	a2,11806 <_strtoull_l.isra.0+0xaa>
   11800:	04081c63          	bnez	a6,11858 <_strtoull_l.isra.0+0xfc>
   11804:	e20c                	sd	a1,0(a2)
   11806:	8082                	ret
   11808:	027508b3          	mul	a7,a0,t2
   1180c:	4805                	li	a6,1
   1180e:	01170533          	add	a0,a4,a7
   11812:	b7d9                	j	117d8 <_strtoull_l.isra.0+0x7c>
   11814:	03000713          	li	a4,48
   11818:	04e88a63          	beq	a7,a4,1186c <_strtoull_l.isra.0+0x110>
   1181c:	eab5                	bnez	a3,11890 <_strtoull_l.isra.0+0x134>
   1181e:	4cccd737          	lui	a4,0x4cccd
   11822:	1999a337          	lui	t1,0x1999a
   11826:	0706                	slli	a4,a4,0x1
   11828:	99930313          	addi	t1,t1,-1639 # 19999999 <__BSS_END__+0x1997be61>
   1182c:	99970713          	addi	a4,a4,-1639 # 4cccc999 <__BSS_END__+0x4ccaee61>
   11830:	1302                	slli	t1,t1,0x20
   11832:	46a9                	li	a3,10
   11834:	933a                	add	t1,t1,a4
   11836:	83b6                	mv	t2,a3
   11838:	4295                	li	t0,5
   1183a:	b7ad                	j	117a4 <_strtoull_l.isra.0+0x48>
   1183c:	40a00533          	neg	a0,a0
   11840:	bf7d                	j	117fe <_strtoull_l.isra.0+0xa2>
   11842:	0007c883          	lbu	a7,0(a5)
   11846:	00230793          	addi	a5,t1,2
   1184a:	b799                	j	11790 <_strtoull_l.isra.0+0x34>
   1184c:	02200713          	li	a4,34
   11850:	00eea023          	sw	a4,0(t4)
   11854:	8542                	mv	a0,a6
   11856:	c621                	beqz	a2,1189e <_strtoull_l.isra.0+0x142>
   11858:	fff78593          	addi	a1,a5,-1
   1185c:	e20c                	sd	a1,0(a2)
   1185e:	8082                	ret
   11860:	0007c883          	lbu	a7,0(a5)
   11864:	4f85                	li	t6,1
   11866:	00230793          	addi	a5,t1,2
   1186a:	b71d                	j	11790 <_strtoull_l.isra.0+0x34>
   1186c:	0007c703          	lbu	a4,0(a5)
   11870:	05800513          	li	a0,88
   11874:	537d                	li	t1,-1
   11876:	0df77713          	andi	a4,a4,223
   1187a:	02a71363          	bne	a4,a0,118a0 <_strtoull_l.isra.0+0x144>
   1187e:	46c1                	li	a3,16
   11880:	0017c883          	lbu	a7,1(a5)
   11884:	00435313          	srli	t1,t1,0x4
   11888:	83b6                	mv	t2,a3
   1188a:	42bd                	li	t0,15
   1188c:	0789                	addi	a5,a5,2
   1188e:	bf19                	j	117a4 <_strtoull_l.isra.0+0x48>
   11890:	537d                	li	t1,-1
   11892:	46c1                	li	a3,16
   11894:	00435313          	srli	t1,t1,0x4
   11898:	83b6                	mv	t2,a3
   1189a:	42bd                	li	t0,15
   1189c:	b721                	j	117a4 <_strtoull_l.isra.0+0x48>
   1189e:	8082                	ret
   118a0:	e699                	bnez	a3,118ae <_strtoull_l.isra.0+0x152>
   118a2:	46a1                	li	a3,8
   118a4:	00335313          	srli	t1,t1,0x3
   118a8:	83b6                	mv	t2,a3
   118aa:	429d                	li	t0,7
   118ac:	bde5                	j	117a4 <_strtoull_l.isra.0+0x48>
   118ae:	46c1                	li	a3,16
   118b0:	00435313          	srli	t1,t1,0x4
   118b4:	83b6                	mv	t2,a3
   118b6:	42bd                	li	t0,15
   118b8:	b5f5                	j	117a4 <_strtoull_l.isra.0+0x48>

00000000000118ba <_strtoull_r>:
   118ba:	b54d                	j	1175c <_strtoull_l.isra.0>

00000000000118bc <strtoull_l>:
   118bc:	872a                	mv	a4,a0
   118be:	2281b503          	ld	a0,552(gp) # 1d560 <_impure_ptr>
   118c2:	86b2                	mv	a3,a2
   118c4:	862e                	mv	a2,a1
   118c6:	85ba                	mv	a1,a4
   118c8:	bd51                	j	1175c <_strtoull_l.isra.0>

00000000000118ca <strtoull>:
   118ca:	872a                	mv	a4,a0
   118cc:	2281b503          	ld	a0,552(gp) # 1d560 <_impure_ptr>
   118d0:	86b2                	mv	a3,a2
   118d2:	862e                	mv	a2,a1
   118d4:	85ba                	mv	a1,a4
   118d6:	b559                	j	1175c <_strtoull_l.isra.0>

00000000000118d8 <atoll>:
   118d8:	4629                	li	a2,10
   118da:	4581                	li	a1,0
   118dc:	27b0106f          	j	13356 <strtoll>

00000000000118e0 <_atoll_r>:
   118e0:	46a9                	li	a3,10
   118e2:	4601                	li	a2,0
   118e4:	2630106f          	j	13346 <_strtoll_r>

00000000000118e8 <_fclose_r>:
   118e8:	1101                	addi	sp,sp,-32
   118ea:	ec06                	sd	ra,24(sp)
   118ec:	e04a                	sd	s2,0(sp)
   118ee:	cd89                	beqz	a1,11908 <_fclose_r+0x20>
   118f0:	e822                	sd	s0,16(sp)
   118f2:	e426                	sd	s1,8(sp)
   118f4:	842e                	mv	s0,a1
   118f6:	84aa                	mv	s1,a0
   118f8:	c119                	beqz	a0,118fe <_fclose_r+0x16>
   118fa:	653c                	ld	a5,72(a0)
   118fc:	c7d9                	beqz	a5,1198a <_fclose_r+0xa2>
   118fe:	01041783          	lh	a5,16(s0)
   11902:	eb89                	bnez	a5,11914 <_fclose_r+0x2c>
   11904:	6442                	ld	s0,16(sp)
   11906:	64a2                	ld	s1,8(sp)
   11908:	60e2                	ld	ra,24(sp)
   1190a:	4901                	li	s2,0
   1190c:	854a                	mv	a0,s2
   1190e:	6902                	ld	s2,0(sp)
   11910:	6105                	addi	sp,sp,32
   11912:	8082                	ret
   11914:	85a2                	mv	a1,s0
   11916:	8526                	mv	a0,s1
   11918:	080000ef          	jal	11998 <__sflush_r>
   1191c:	683c                	ld	a5,80(s0)
   1191e:	892a                	mv	s2,a0
   11920:	c791                	beqz	a5,1192c <_fclose_r+0x44>
   11922:	780c                	ld	a1,48(s0)
   11924:	8526                	mv	a0,s1
   11926:	9782                	jalr	a5
   11928:	04054663          	bltz	a0,11974 <_fclose_r+0x8c>
   1192c:	01045783          	lhu	a5,16(s0)
   11930:	0807f793          	andi	a5,a5,128
   11934:	e7b1                	bnez	a5,11980 <_fclose_r+0x98>
   11936:	6c2c                	ld	a1,88(s0)
   11938:	c991                	beqz	a1,1194c <_fclose_r+0x64>
   1193a:	07440793          	addi	a5,s0,116
   1193e:	00f58563          	beq	a1,a5,11948 <_fclose_r+0x60>
   11942:	8526                	mv	a0,s1
   11944:	592010ef          	jal	12ed6 <_free_r>
   11948:	04043c23          	sd	zero,88(s0)
   1194c:	7c2c                	ld	a1,120(s0)
   1194e:	c591                	beqz	a1,1195a <_fclose_r+0x72>
   11950:	8526                	mv	a0,s1
   11952:	584010ef          	jal	12ed6 <_free_r>
   11956:	06043c23          	sd	zero,120(s0)
   1195a:	532000ef          	jal	11e8c <__sfp_lock_acquire>
   1195e:	00041823          	sh	zero,16(s0)
   11962:	52c000ef          	jal	11e8e <__sfp_lock_release>
   11966:	60e2                	ld	ra,24(sp)
   11968:	6442                	ld	s0,16(sp)
   1196a:	64a2                	ld	s1,8(sp)
   1196c:	854a                	mv	a0,s2
   1196e:	6902                	ld	s2,0(sp)
   11970:	6105                	addi	sp,sp,32
   11972:	8082                	ret
   11974:	01045783          	lhu	a5,16(s0)
   11978:	597d                	li	s2,-1
   1197a:	0807f793          	andi	a5,a5,128
   1197e:	dfc5                	beqz	a5,11936 <_fclose_r+0x4e>
   11980:	6c0c                	ld	a1,24(s0)
   11982:	8526                	mv	a0,s1
   11984:	552010ef          	jal	12ed6 <_free_r>
   11988:	b77d                	j	11936 <_fclose_r+0x4e>
   1198a:	4ec000ef          	jal	11e76 <__sinit>
   1198e:	bf85                	j	118fe <_fclose_r+0x16>

0000000000011990 <fclose>:
   11990:	85aa                	mv	a1,a0
   11992:	2281b503          	ld	a0,552(gp) # 1d560 <_impure_ptr>
   11996:	bf89                	j	118e8 <_fclose_r>

0000000000011998 <__sflush_r>:
   11998:	01059703          	lh	a4,16(a1)
   1199c:	7179                	addi	sp,sp,-48
   1199e:	f022                	sd	s0,32(sp)
   119a0:	e44e                	sd	s3,8(sp)
   119a2:	f406                	sd	ra,40(sp)
   119a4:	00877793          	andi	a5,a4,8
   119a8:	842e                	mv	s0,a1
   119aa:	89aa                	mv	s3,a0
   119ac:	e7f1                	bnez	a5,11a78 <__sflush_r+0xe0>
   119ae:	6785                	lui	a5,0x1
   119b0:	80078793          	addi	a5,a5,-2048 # 800 <exit-0xf920>
   119b4:	4594                	lw	a3,8(a1)
   119b6:	8fd9                	or	a5,a5,a4
   119b8:	00f59823          	sh	a5,16(a1)
   119bc:	10d05b63          	blez	a3,11ad2 <__sflush_r+0x13a>
   119c0:	04843803          	ld	a6,72(s0)
   119c4:	0a080463          	beqz	a6,11a6c <__sflush_r+0xd4>
   119c8:	ec26                	sd	s1,24(sp)
   119ca:	03371693          	slli	a3,a4,0x33
   119ce:	0009a483          	lw	s1,0(s3)
   119d2:	0009a023          	sw	zero,0(s3)
   119d6:	1006c563          	bltz	a3,11ae0 <__sflush_r+0x148>
   119da:	780c                	ld	a1,48(s0)
   119dc:	4601                	li	a2,0
   119de:	4685                	li	a3,1
   119e0:	854e                	mv	a0,s3
   119e2:	9802                	jalr	a6
   119e4:	57fd                	li	a5,-1
   119e6:	862a                	mv	a2,a0
   119e8:	12f50363          	beq	a0,a5,11b0e <__sflush_r+0x176>
   119ec:	01041783          	lh	a5,16(s0)
   119f0:	04843803          	ld	a6,72(s0)
   119f4:	8b91                	andi	a5,a5,4
   119f6:	c799                	beqz	a5,11a04 <__sflush_r+0x6c>
   119f8:	4418                	lw	a4,8(s0)
   119fa:	6c3c                	ld	a5,88(s0)
   119fc:	8e19                	sub	a2,a2,a4
   119fe:	c399                	beqz	a5,11a04 <__sflush_r+0x6c>
   11a00:	583c                	lw	a5,112(s0)
   11a02:	8e1d                	sub	a2,a2,a5
   11a04:	780c                	ld	a1,48(s0)
   11a06:	4681                	li	a3,0
   11a08:	854e                	mv	a0,s3
   11a0a:	9802                	jalr	a6
   11a0c:	577d                	li	a4,-1
   11a0e:	01041783          	lh	a5,16(s0)
   11a12:	0ce51963          	bne	a0,a4,11ae4 <__sflush_r+0x14c>
   11a16:	0009a683          	lw	a3,0(s3)
   11a1a:	4775                	li	a4,29
   11a1c:	10d76463          	bltu	a4,a3,11b24 <__sflush_r+0x18c>
   11a20:	20400737          	lui	a4,0x20400
   11a24:	0705                	addi	a4,a4,1 # 20400001 <__BSS_END__+0x203e24c9>
   11a26:	00d75733          	srl	a4,a4,a3
   11a2a:	8b05                	andi	a4,a4,1
   11a2c:	cf65                	beqz	a4,11b24 <__sflush_r+0x18c>
   11a2e:	6c14                	ld	a3,24(s0)
   11a30:	777d                	lui	a4,0xfffff
   11a32:	7ff70713          	addi	a4,a4,2047 # fffffffffffff7ff <__BSS_END__+0xfffffffffffe1cc7>
   11a36:	8f7d                	and	a4,a4,a5
   11a38:	00e41823          	sh	a4,16(s0)
   11a3c:	00042423          	sw	zero,8(s0)
   11a40:	e014                	sd	a3,0(s0)
   11a42:	03379713          	slli	a4,a5,0x33
   11a46:	00075563          	bgez	a4,11a50 <__sflush_r+0xb8>
   11a4a:	0009a783          	lw	a5,0(s3)
   11a4e:	cbcd                	beqz	a5,11b00 <__sflush_r+0x168>
   11a50:	6c2c                	ld	a1,88(s0)
   11a52:	0099a023          	sw	s1,0(s3)
   11a56:	c9d5                	beqz	a1,11b0a <__sflush_r+0x172>
   11a58:	07440793          	addi	a5,s0,116
   11a5c:	00f58563          	beq	a1,a5,11a66 <__sflush_r+0xce>
   11a60:	854e                	mv	a0,s3
   11a62:	474010ef          	jal	12ed6 <_free_r>
   11a66:	64e2                	ld	s1,24(sp)
   11a68:	04043c23          	sd	zero,88(s0)
   11a6c:	70a2                	ld	ra,40(sp)
   11a6e:	7402                	ld	s0,32(sp)
   11a70:	69a2                	ld	s3,8(sp)
   11a72:	4501                	li	a0,0
   11a74:	6145                	addi	sp,sp,48
   11a76:	8082                	ret
   11a78:	e84a                	sd	s2,16(sp)
   11a7a:	0185b903          	ld	s2,24(a1)
   11a7e:	04090f63          	beqz	s2,11adc <__sflush_r+0x144>
   11a82:	ec26                	sd	s1,24(sp)
   11a84:	6184                	ld	s1,0(a1)
   11a86:	8b0d                	andi	a4,a4,3
   11a88:	0125b023          	sd	s2,0(a1)
   11a8c:	412484bb          	subw	s1,s1,s2
   11a90:	4781                	li	a5,0
   11a92:	e311                	bnez	a4,11a96 <__sflush_r+0xfe>
   11a94:	519c                	lw	a5,32(a1)
   11a96:	c45c                	sw	a5,12(s0)
   11a98:	00904663          	bgtz	s1,11aa4 <__sflush_r+0x10c>
   11a9c:	a83d                	j	11ada <__sflush_r+0x142>
   11a9e:	992a                	add	s2,s2,a0
   11aa0:	02905d63          	blez	s1,11ada <__sflush_r+0x142>
   11aa4:	603c                	ld	a5,64(s0)
   11aa6:	780c                	ld	a1,48(s0)
   11aa8:	86a6                	mv	a3,s1
   11aaa:	864a                	mv	a2,s2
   11aac:	854e                	mv	a0,s3
   11aae:	9782                	jalr	a5
   11ab0:	9c89                	subw	s1,s1,a0
   11ab2:	fea046e3          	bgtz	a0,11a9e <__sflush_r+0x106>
   11ab6:	01045783          	lhu	a5,16(s0)
   11aba:	6942                	ld	s2,16(sp)
   11abc:	0407e793          	ori	a5,a5,64
   11ac0:	70a2                	ld	ra,40(sp)
   11ac2:	00f41823          	sh	a5,16(s0)
   11ac6:	7402                	ld	s0,32(sp)
   11ac8:	64e2                	ld	s1,24(sp)
   11aca:	69a2                	ld	s3,8(sp)
   11acc:	557d                	li	a0,-1
   11ace:	6145                	addi	sp,sp,48
   11ad0:	8082                	ret
   11ad2:	59b4                	lw	a3,112(a1)
   11ad4:	eed046e3          	bgtz	a3,119c0 <__sflush_r+0x28>
   11ad8:	bf51                	j	11a6c <__sflush_r+0xd4>
   11ada:	64e2                	ld	s1,24(sp)
   11adc:	6942                	ld	s2,16(sp)
   11ade:	b779                	j	11a6c <__sflush_r+0xd4>
   11ae0:	6850                	ld	a2,144(s0)
   11ae2:	bf09                	j	119f4 <__sflush_r+0x5c>
   11ae4:	6c14                	ld	a3,24(s0)
   11ae6:	777d                	lui	a4,0xfffff
   11ae8:	7ff70713          	addi	a4,a4,2047 # fffffffffffff7ff <__BSS_END__+0xfffffffffffe1cc7>
   11aec:	8f7d                	and	a4,a4,a5
   11aee:	00e41823          	sh	a4,16(s0)
   11af2:	00042423          	sw	zero,8(s0)
   11af6:	e014                	sd	a3,0(s0)
   11af8:	03379713          	slli	a4,a5,0x33
   11afc:	f4075ae3          	bgez	a4,11a50 <__sflush_r+0xb8>
   11b00:	6c2c                	ld	a1,88(s0)
   11b02:	e848                	sd	a0,144(s0)
   11b04:	0099a023          	sw	s1,0(s3)
   11b08:	f9a1                	bnez	a1,11a58 <__sflush_r+0xc0>
   11b0a:	64e2                	ld	s1,24(sp)
   11b0c:	b785                	j	11a6c <__sflush_r+0xd4>
   11b0e:	0009a783          	lw	a5,0(s3)
   11b12:	ec078de3          	beqz	a5,119ec <__sflush_r+0x54>
   11b16:	fe378713          	addi	a4,a5,-29
   11b1a:	cb01                	beqz	a4,11b2a <__sflush_r+0x192>
   11b1c:	17a9                	addi	a5,a5,-22
   11b1e:	c791                	beqz	a5,11b2a <__sflush_r+0x192>
   11b20:	01045783          	lhu	a5,16(s0)
   11b24:	0407e793          	ori	a5,a5,64
   11b28:	bf61                	j	11ac0 <__sflush_r+0x128>
   11b2a:	0099a023          	sw	s1,0(s3)
   11b2e:	64e2                	ld	s1,24(sp)
   11b30:	bf35                	j	11a6c <__sflush_r+0xd4>

0000000000011b32 <_fflush_r>:
   11b32:	87aa                	mv	a5,a0
   11b34:	c119                	beqz	a0,11b3a <_fflush_r+0x8>
   11b36:	6538                	ld	a4,72(a0)
   11b38:	cb01                	beqz	a4,11b48 <_fflush_r+0x16>
   11b3a:	01059703          	lh	a4,16(a1)
   11b3e:	e319                	bnez	a4,11b44 <_fflush_r+0x12>
   11b40:	4501                	li	a0,0
   11b42:	8082                	ret
   11b44:	853e                	mv	a0,a5
   11b46:	bd89                	j	11998 <__sflush_r>
   11b48:	1101                	addi	sp,sp,-32
   11b4a:	e42e                	sd	a1,8(sp)
   11b4c:	ec06                	sd	ra,24(sp)
   11b4e:	e02a                	sd	a0,0(sp)
   11b50:	326000ef          	jal	11e76 <__sinit>
   11b54:	65a2                	ld	a1,8(sp)
   11b56:	6782                	ld	a5,0(sp)
   11b58:	01059703          	lh	a4,16(a1)
   11b5c:	c709                	beqz	a4,11b66 <_fflush_r+0x34>
   11b5e:	60e2                	ld	ra,24(sp)
   11b60:	853e                	mv	a0,a5
   11b62:	6105                	addi	sp,sp,32
   11b64:	bd15                	j	11998 <__sflush_r>
   11b66:	60e2                	ld	ra,24(sp)
   11b68:	4501                	li	a0,0
   11b6a:	6105                	addi	sp,sp,32
   11b6c:	8082                	ret

0000000000011b6e <fflush>:
   11b6e:	cd05                	beqz	a0,11ba6 <fflush+0x38>
   11b70:	85aa                	mv	a1,a0
   11b72:	2281b503          	ld	a0,552(gp) # 1d560 <_impure_ptr>
   11b76:	c119                	beqz	a0,11b7c <fflush+0xe>
   11b78:	653c                	ld	a5,72(a0)
   11b7a:	c799                	beqz	a5,11b88 <fflush+0x1a>
   11b7c:	01059783          	lh	a5,16(a1)
   11b80:	e399                	bnez	a5,11b86 <fflush+0x18>
   11b82:	4501                	li	a0,0
   11b84:	8082                	ret
   11b86:	bd09                	j	11998 <__sflush_r>
   11b88:	1101                	addi	sp,sp,-32
   11b8a:	e42e                	sd	a1,8(sp)
   11b8c:	e02a                	sd	a0,0(sp)
   11b8e:	ec06                	sd	ra,24(sp)
   11b90:	2e6000ef          	jal	11e76 <__sinit>
   11b94:	65a2                	ld	a1,8(sp)
   11b96:	6502                	ld	a0,0(sp)
   11b98:	01059783          	lh	a5,16(a1)
   11b9c:	ef89                	bnez	a5,11bb6 <fflush+0x48>
   11b9e:	60e2                	ld	ra,24(sp)
   11ba0:	4501                	li	a0,0
   11ba2:	6105                	addi	sp,sp,32
   11ba4:	8082                	ret
   11ba6:	65c9                	lui	a1,0x12
   11ba8:	e8818613          	addi	a2,gp,-376 # 1d1c0 <__sglue>
   11bac:	b3258593          	addi	a1,a1,-1230 # 11b32 <_fflush_r>
   11bb0:	ea018513          	addi	a0,gp,-352 # 1d1d8 <_impure_data>
   11bb4:	a3d1                	j	12178 <_fwalk_sglue>
   11bb6:	60e2                	ld	ra,24(sp)
   11bb8:	6105                	addi	sp,sp,32
   11bba:	bbf9                	j	11998 <__sflush_r>

0000000000011bbc <__fp_lock>:
   11bbc:	4501                	li	a0,0
   11bbe:	8082                	ret

0000000000011bc0 <stdio_exit_handler>:
   11bc0:	65c9                	lui	a1,0x12
   11bc2:	e8818613          	addi	a2,gp,-376 # 1d1c0 <__sglue>
   11bc6:	8e858593          	addi	a1,a1,-1816 # 118e8 <_fclose_r>
   11bca:	ea018513          	addi	a0,gp,-352 # 1d1d8 <_impure_data>
   11bce:	a36d                	j	12178 <_fwalk_sglue>

0000000000011bd0 <cleanup_stdio>:
   11bd0:	650c                	ld	a1,8(a0)
   11bd2:	1141                	addi	sp,sp,-16
   11bd4:	e022                	sd	s0,0(sp)
   11bd6:	e406                	sd	ra,8(sp)
   11bd8:	2d818793          	addi	a5,gp,728 # 1d610 <__sf>
   11bdc:	842a                	mv	s0,a0
   11bde:	00f58463          	beq	a1,a5,11be6 <cleanup_stdio+0x16>
   11be2:	d07ff0ef          	jal	118e8 <_fclose_r>
   11be6:	680c                	ld	a1,16(s0)
   11be8:	38818793          	addi	a5,gp,904 # 1d6c0 <__sf+0xb0>
   11bec:	00f58563          	beq	a1,a5,11bf6 <cleanup_stdio+0x26>
   11bf0:	8522                	mv	a0,s0
   11bf2:	cf7ff0ef          	jal	118e8 <_fclose_r>
   11bf6:	6c0c                	ld	a1,24(s0)
   11bf8:	43818793          	addi	a5,gp,1080 # 1d770 <__sf+0x160>
   11bfc:	00f58763          	beq	a1,a5,11c0a <cleanup_stdio+0x3a>
   11c00:	8522                	mv	a0,s0
   11c02:	6402                	ld	s0,0(sp)
   11c04:	60a2                	ld	ra,8(sp)
   11c06:	0141                	addi	sp,sp,16
   11c08:	b1c5                	j	118e8 <_fclose_r>
   11c0a:	60a2                	ld	ra,8(sp)
   11c0c:	6402                	ld	s0,0(sp)
   11c0e:	0141                	addi	sp,sp,16
   11c10:	8082                	ret

0000000000011c12 <__fp_unlock>:
   11c12:	4501                	li	a0,0
   11c14:	8082                	ret

0000000000011c16 <global_stdio_init.part.0>:
   11c16:	cce17057          	vsetivli	zero,2,e16,mf4,ta,ma
   11c1a:	5208a0d7          	vid.v	v1
   11c1e:	57f1                	li	a5,-4
   11c20:	9617e0d7          	vmul.vx	v1,v1,a5
   11c24:	0d707057          	vsetvli	zero,zero,e32,mf2,ta,ma
   11c28:	7179                	addi	sp,sp,-48
   11c2a:	5e003157          	vmv.v.i	v2,0
   11c2e:	0ce07057          	vsetvli	zero,zero,e16,mf4,ta,ma
   11c32:	f022                	sd	s0,32(sp)
   11c34:	021230d7          	vadd.vi	v1,v1,4
   11c38:	2d818413          	addi	s0,gp,728 # 1d610 <__sf>
   11c3c:	f406                	sd	ra,40(sp)
   11c3e:	ec26                	sd	s1,24(sp)
   11c40:	e84a                	sd	s2,16(sp)
   11c42:	e44e                	sd	s3,8(sp)
   11c44:	e052                	sd	s4,0(sp)
   11c46:	01040713          	addi	a4,s0,16
   11c4a:	020750a7          	vse16.v	v1,(a4)
   11c4e:	67c9                	lui	a5,0x12
   11c50:	00840713          	addi	a4,s0,8
   11c54:	02076127          	vse32.v	v2,(a4)
   11c58:	bc078793          	addi	a5,a5,-1088 # 11bc0 <stdio_exit_handler>
   11c5c:	4621                	li	a2,8
   11c5e:	4581                	li	a1,0
   11c60:	37c18513          	addi	a0,gp,892 # 1d6b4 <__sf+0xa4>
   11c64:	24f1b823          	sd	a5,592(gp) # 1d588 <__stdio_exit_handler>
   11c68:	00043023          	sd	zero,0(s0)
   11c6c:	0a042623          	sw	zero,172(s0)
   11c70:	00043c23          	sd	zero,24(s0)
   11c74:	02042023          	sw	zero,32(s0)
   11c78:	02042423          	sw	zero,40(s0)
   11c7c:	701000ef          	jal	12b7c <memset>
   11c80:	cce17057          	vsetivli	zero,2,e16,mf4,ta,ma
   11c84:	5208a0d7          	vid.v	v1
   11c88:	57e1                	li	a5,-8
   11c8a:	9617e0d7          	vmul.vx	v1,v1,a5
   11c8e:	0d707057          	vsetvli	zero,zero,e32,mf2,ta,ma
   11c92:	5e003157          	vmv.v.i	v2,0
   11c96:	0ce07057          	vsetvli	zero,zero,e16,mf4,ta,ma
   11c9a:	0214b0d7          	vadd.vi	v1,v1,9
   11c9e:	0c040793          	addi	a5,s0,192
   11ca2:	6a49                	lui	s4,0x12
   11ca4:	69c9                	lui	s3,0x12
   11ca6:	6949                	lui	s2,0x12
   11ca8:	64c9                	lui	s1,0x12
   11caa:	0207d0a7          	vse16.v	v1,(a5)
   11cae:	4b4a0a13          	addi	s4,s4,1204 # 124b4 <__sread>
   11cb2:	0b840793          	addi	a5,s0,184
   11cb6:	4f098993          	addi	s3,s3,1264 # 124f0 <__swrite>
   11cba:	54290913          	addi	s2,s2,1346 # 12542 <__sseek>
   11cbe:	58448493          	addi	s1,s1,1412 # 12584 <__sclose>
   11cc2:	4621                	li	a2,8
   11cc4:	4581                	li	a1,0
   11cc6:	42c18513          	addi	a0,gp,1068 # 1d764 <__sf+0x154>
   11cca:	0207e127          	vse32.v	v2,(a5)
   11cce:	03443c23          	sd	s4,56(s0)
   11cd2:	05343023          	sd	s3,64(s0)
   11cd6:	05243423          	sd	s2,72(s0)
   11cda:	e824                	sd	s1,80(s0)
   11cdc:	f800                	sd	s0,48(s0)
   11cde:	0a043823          	sd	zero,176(s0)
   11ce2:	14042e23          	sw	zero,348(s0)
   11ce6:	0c043423          	sd	zero,200(s0)
   11cea:	0c042823          	sw	zero,208(s0)
   11cee:	0c042c23          	sw	zero,216(s0)
   11cf2:	68b000ef          	jal	12b7c <memset>
   11cf6:	cce17057          	vsetivli	zero,2,e16,mf4,ta,ma
   11cfa:	5208a0d7          	vid.v	v1
   11cfe:	57c1                	li	a5,-16
   11d00:	9617e0d7          	vmul.vx	v1,v1,a5
   11d04:	0d707057          	vsetvli	zero,zero,e32,mf2,ta,ma
   11d08:	5e003157          	vmv.v.i	v2,0
   11d0c:	4749                	li	a4,18
   11d0e:	0ce07057          	vsetvli	zero,zero,e16,mf4,ta,ma
   11d12:	021740d7          	vadd.vx	v1,v1,a4
   11d16:	17040693          	addi	a3,s0,368
   11d1a:	38818793          	addi	a5,gp,904 # 1d6c0 <__sf+0xb0>
   11d1e:	16840713          	addi	a4,s0,360
   11d22:	4dc18513          	addi	a0,gp,1244 # 1d814 <__sf+0x204>
   11d26:	4621                	li	a2,8
   11d28:	4581                	li	a1,0
   11d2a:	0f443423          	sd	s4,232(s0)
   11d2e:	0f343823          	sd	s3,240(s0)
   11d32:	0f243c23          	sd	s2,248(s0)
   11d36:	10943023          	sd	s1,256(s0)
   11d3a:	f07c                	sd	a5,224(s0)
   11d3c:	16043023          	sd	zero,352(s0)
   11d40:	20042623          	sw	zero,524(s0)
   11d44:	16043c23          	sd	zero,376(s0)
   11d48:	18042023          	sw	zero,384(s0)
   11d4c:	18042423          	sw	zero,392(s0)
   11d50:	0206d0a7          	vse16.v	v1,(a3)
   11d54:	02076127          	vse32.v	v2,(a4)
   11d58:	625000ef          	jal	12b7c <memset>
   11d5c:	43818793          	addi	a5,gp,1080 # 1d770 <__sf+0x160>
   11d60:	19443c23          	sd	s4,408(s0)
   11d64:	1b343023          	sd	s3,416(s0)
   11d68:	1b243423          	sd	s2,424(s0)
   11d6c:	1a943823          	sd	s1,432(s0)
   11d70:	70a2                	ld	ra,40(sp)
   11d72:	18f43823          	sd	a5,400(s0)
   11d76:	7402                	ld	s0,32(sp)
   11d78:	64e2                	ld	s1,24(sp)
   11d7a:	6942                	ld	s2,16(sp)
   11d7c:	69a2                	ld	s3,8(sp)
   11d7e:	6a02                	ld	s4,0(sp)
   11d80:	6145                	addi	sp,sp,48
   11d82:	8082                	ret

0000000000011d84 <__sfp>:
   11d84:	2501b783          	ld	a5,592(gp) # 1d588 <__stdio_exit_handler>
   11d88:	7179                	addi	sp,sp,-48
   11d8a:	ec26                	sd	s1,24(sp)
   11d8c:	f406                	sd	ra,40(sp)
   11d8e:	f022                	sd	s0,32(sp)
   11d90:	84aa                	mv	s1,a0
   11d92:	cbf1                	beqz	a5,11e66 <__sfp+0xe2>
   11d94:	e8818693          	addi	a3,gp,-376 # 1d1c0 <__sglue>
   11d98:	0b000813          	li	a6,176
   11d9c:	4698                	lw	a4,8(a3)
   11d9e:	08e05563          	blez	a4,11e28 <__sfp+0xa4>
   11da2:	1702                	slli	a4,a4,0x20
   11da4:	9301                	srli	a4,a4,0x20
   11da6:	03070733          	mul	a4,a4,a6
   11daa:	6a80                	ld	s0,16(a3)
   11dac:	9722                	add	a4,a4,s0
   11dae:	a029                	j	11db8 <__sfp+0x34>
   11db0:	0b040413          	addi	s0,s0,176
   11db4:	06e40a63          	beq	s0,a4,11e28 <__sfp+0xa4>
   11db8:	01041783          	lh	a5,16(s0)
   11dbc:	fbf5                	bnez	a5,11db0 <__sfp+0x2c>
   11dbe:	cce17057          	vsetivli	zero,2,e16,mf4,ta,ma
   11dc2:	5208a0d7          	vid.v	v1
   11dc6:	57f9                	li	a5,-2
   11dc8:	9617e0d7          	vmul.vx	v1,v1,a5
   11dcc:	0d707057          	vsetvli	zero,zero,e32,mf2,ta,ma
   11dd0:	5e003157          	vmv.v.i	v2,0
   11dd4:	0ce07057          	vsetvli	zero,zero,e16,mf4,ta,ma
   11dd8:	0210b0d7          	vadd.vi	v1,v1,1
   11ddc:	01040713          	addi	a4,s0,16
   11de0:	00840793          	addi	a5,s0,8
   11de4:	020750a7          	vse16.v	v1,(a4)
   11de8:	4621                	li	a2,8
   11dea:	4581                	li	a1,0
   11dec:	0a440513          	addi	a0,s0,164
   11df0:	0a042623          	sw	zero,172(s0)
   11df4:	00043023          	sd	zero,0(s0)
   11df8:	0207e127          	vse32.v	v2,(a5)
   11dfc:	00043c23          	sd	zero,24(s0)
   11e00:	02042023          	sw	zero,32(s0)
   11e04:	02042423          	sw	zero,40(s0)
   11e08:	575000ef          	jal	12b7c <memset>
   11e0c:	04043c23          	sd	zero,88(s0)
   11e10:	06042023          	sw	zero,96(s0)
   11e14:	06043c23          	sd	zero,120(s0)
   11e18:	08042023          	sw	zero,128(s0)
   11e1c:	70a2                	ld	ra,40(sp)
   11e1e:	8522                	mv	a0,s0
   11e20:	7402                	ld	s0,32(sp)
   11e22:	64e2                	ld	s1,24(sp)
   11e24:	6145                	addi	sp,sp,48
   11e26:	8082                	ret
   11e28:	6280                	ld	s0,0(a3)
   11e2a:	c019                	beqz	s0,11e30 <__sfp+0xac>
   11e2c:	86a2                	mv	a3,s0
   11e2e:	b7bd                	j	11d9c <__sfp+0x18>
   11e30:	2d800593          	li	a1,728
   11e34:	8526                	mv	a0,s1
   11e36:	e436                	sd	a3,8(sp)
   11e38:	fedfe0ef          	jal	10e24 <_malloc_r>
   11e3c:	66a2                	ld	a3,8(sp)
   11e3e:	842a                	mv	s0,a0
   11e40:	c515                	beqz	a0,11e6c <__sfp+0xe8>
   11e42:	4791                	li	a5,4
   11e44:	c51c                	sw	a5,8(a0)
   11e46:	0561                	addi	a0,a0,24
   11e48:	00043023          	sd	zero,0(s0)
   11e4c:	e808                	sd	a0,16(s0)
   11e4e:	2c000613          	li	a2,704
   11e52:	4581                	li	a1,0
   11e54:	e436                	sd	a3,8(sp)
   11e56:	527000ef          	jal	12b7c <memset>
   11e5a:	66a2                	ld	a3,8(sp)
   11e5c:	0b000813          	li	a6,176
   11e60:	e280                	sd	s0,0(a3)
   11e62:	86a2                	mv	a3,s0
   11e64:	bf25                	j	11d9c <__sfp+0x18>
   11e66:	db1ff0ef          	jal	11c16 <global_stdio_init.part.0>
   11e6a:	b72d                	j	11d94 <__sfp+0x10>
   11e6c:	0006b023          	sd	zero,0(a3)
   11e70:	47b1                	li	a5,12
   11e72:	c09c                	sw	a5,0(s1)
   11e74:	b765                	j	11e1c <__sfp+0x98>

0000000000011e76 <__sinit>:
   11e76:	653c                	ld	a5,72(a0)
   11e78:	c391                	beqz	a5,11e7c <__sinit+0x6>
   11e7a:	8082                	ret
   11e7c:	67c9                	lui	a5,0x12
   11e7e:	2501b703          	ld	a4,592(gp) # 1d588 <__stdio_exit_handler>
   11e82:	bd078793          	addi	a5,a5,-1072 # 11bd0 <cleanup_stdio>
   11e86:	e53c                	sd	a5,72(a0)
   11e88:	fb6d                	bnez	a4,11e7a <__sinit+0x4>
   11e8a:	b371                	j	11c16 <global_stdio_init.part.0>

0000000000011e8c <__sfp_lock_acquire>:
   11e8c:	8082                	ret

0000000000011e8e <__sfp_lock_release>:
   11e8e:	8082                	ret

0000000000011e90 <__fp_lock_all>:
   11e90:	65c9                	lui	a1,0x12
   11e92:	e8818613          	addi	a2,gp,-376 # 1d1c0 <__sglue>
   11e96:	bbc58593          	addi	a1,a1,-1092 # 11bbc <__fp_lock>
   11e9a:	4501                	li	a0,0
   11e9c:	acf1                	j	12178 <_fwalk_sglue>

0000000000011e9e <__fp_unlock_all>:
   11e9e:	65c9                	lui	a1,0x12
   11ea0:	e8818613          	addi	a2,gp,-376 # 1d1c0 <__sglue>
   11ea4:	c1258593          	addi	a1,a1,-1006 # 11c12 <__fp_unlock>
   11ea8:	4501                	li	a0,0
   11eaa:	a4f9                	j	12178 <_fwalk_sglue>

0000000000011eac <_fopen_r>:
   11eac:	7139                	addi	sp,sp,-64
   11eae:	f04a                	sd	s2,32(sp)
   11eb0:	892e                	mv	s2,a1
   11eb2:	85b2                	mv	a1,a2
   11eb4:	0870                	addi	a2,sp,28
   11eb6:	f426                	sd	s1,40(sp)
   11eb8:	fc06                	sd	ra,56(sp)
   11eba:	84aa                	mv	s1,a0
   11ebc:	65e030ef          	jal	1551a <__sflags>
   11ec0:	c135                	beqz	a0,11f24 <_fopen_r+0x78>
   11ec2:	f822                	sd	s0,48(sp)
   11ec4:	842a                	mv	s0,a0
   11ec6:	8526                	mv	a0,s1
   11ec8:	ebdff0ef          	jal	11d84 <__sfp>
   11ecc:	c939                	beqz	a0,11f22 <_fopen_r+0x76>
   11ece:	4672                	lw	a2,28(sp)
   11ed0:	e42a                	sd	a0,8(sp)
   11ed2:	85ca                	mv	a1,s2
   11ed4:	1b600693          	li	a3,438
   11ed8:	8526                	mv	a0,s1
   11eda:	351000ef          	jal	12a2a <_open_r>
   11ede:	67a2                	ld	a5,8(sp)
   11ee0:	06054863          	bltz	a0,11f50 <_fopen_r+0xa4>
   11ee4:	65c9                	lui	a1,0x12
   11ee6:	6649                	lui	a2,0x12
   11ee8:	66c9                	lui	a3,0x12
   11eea:	6749                	lui	a4,0x12
   11eec:	4b458593          	addi	a1,a1,1204 # 124b4 <__sread>
   11ef0:	4f060613          	addi	a2,a2,1264 # 124f0 <__swrite>
   11ef4:	54268693          	addi	a3,a3,1346 # 12542 <__sseek>
   11ef8:	58470713          	addi	a4,a4,1412 # 12584 <__sclose>
   11efc:	00879823          	sh	s0,16(a5)
   11f00:	00a79923          	sh	a0,18(a5)
   11f04:	fb9c                	sd	a5,48(a5)
   11f06:	10047413          	andi	s0,s0,256
   11f0a:	ff8c                	sd	a1,56(a5)
   11f0c:	e3b0                	sd	a2,64(a5)
   11f0e:	e7b4                	sd	a3,72(a5)
   11f10:	ebb8                	sd	a4,80(a5)
   11f12:	e005                	bnez	s0,11f32 <_fopen_r+0x86>
   11f14:	7442                	ld	s0,48(sp)
   11f16:	70e2                	ld	ra,56(sp)
   11f18:	74a2                	ld	s1,40(sp)
   11f1a:	7902                	ld	s2,32(sp)
   11f1c:	853e                	mv	a0,a5
   11f1e:	6121                	addi	sp,sp,64
   11f20:	8082                	ret
   11f22:	7442                	ld	s0,48(sp)
   11f24:	4781                	li	a5,0
   11f26:	70e2                	ld	ra,56(sp)
   11f28:	74a2                	ld	s1,40(sp)
   11f2a:	7902                	ld	s2,32(sp)
   11f2c:	853e                	mv	a0,a5
   11f2e:	6121                	addi	sp,sp,64
   11f30:	8082                	ret
   11f32:	8526                	mv	a0,s1
   11f34:	85be                	mv	a1,a5
   11f36:	4689                	li	a3,2
   11f38:	4601                	li	a2,0
   11f3a:	e43e                	sd	a5,8(sp)
   11f3c:	22c000ef          	jal	12168 <_fseek_r>
   11f40:	67a2                	ld	a5,8(sp)
   11f42:	7442                	ld	s0,48(sp)
   11f44:	70e2                	ld	ra,56(sp)
   11f46:	74a2                	ld	s1,40(sp)
   11f48:	7902                	ld	s2,32(sp)
   11f4a:	853e                	mv	a0,a5
   11f4c:	6121                	addi	sp,sp,64
   11f4e:	8082                	ret
   11f50:	f3dff0ef          	jal	11e8c <__sfp_lock_acquire>
   11f54:	67a2                	ld	a5,8(sp)
   11f56:	00079823          	sh	zero,16(a5)
   11f5a:	f35ff0ef          	jal	11e8e <__sfp_lock_release>
   11f5e:	4781                	li	a5,0
   11f60:	7442                	ld	s0,48(sp)
   11f62:	b7d1                	j	11f26 <_fopen_r+0x7a>

0000000000011f64 <fopen>:
   11f64:	87aa                	mv	a5,a0
   11f66:	2281b503          	ld	a0,552(gp) # 1d560 <_impure_ptr>
   11f6a:	862e                	mv	a2,a1
   11f6c:	85be                	mv	a1,a5
   11f6e:	bf3d                	j	11eac <_fopen_r>

0000000000011f70 <_fprintf_r>:
   11f70:	715d                	addi	sp,sp,-80
   11f72:	02810313          	addi	t1,sp,40
   11f76:	f436                	sd	a3,40(sp)
   11f78:	869a                	mv	a3,t1
   11f7a:	ec06                	sd	ra,24(sp)
   11f7c:	f83a                	sd	a4,48(sp)
   11f7e:	fc3e                	sd	a5,56(sp)
   11f80:	e0c2                	sd	a6,64(sp)
   11f82:	e4c6                	sd	a7,72(sp)
   11f84:	e41a                	sd	t1,8(sp)
   11f86:	3de010ef          	jal	13364 <_vfprintf_r>
   11f8a:	60e2                	ld	ra,24(sp)
   11f8c:	6161                	addi	sp,sp,80
   11f8e:	8082                	ret

0000000000011f90 <fprintf>:
   11f90:	715d                	addi	sp,sp,-80
   11f92:	8eaa                	mv	t4,a0
   11f94:	2281b503          	ld	a0,552(gp) # 1d560 <_impure_ptr>
   11f98:	8e2e                	mv	t3,a1
   11f9a:	02010313          	addi	t1,sp,32
   11f9e:	f032                	sd	a2,32(sp)
   11fa0:	f436                	sd	a3,40(sp)
   11fa2:	85f6                	mv	a1,t4
   11fa4:	8672                	mv	a2,t3
   11fa6:	869a                	mv	a3,t1
   11fa8:	ec06                	sd	ra,24(sp)
   11faa:	f83a                	sd	a4,48(sp)
   11fac:	fc3e                	sd	a5,56(sp)
   11fae:	e0c2                	sd	a6,64(sp)
   11fb0:	e4c6                	sd	a7,72(sp)
   11fb2:	e41a                	sd	t1,8(sp)
   11fb4:	3b0010ef          	jal	13364 <_vfprintf_r>
   11fb8:	60e2                	ld	ra,24(sp)
   11fba:	6161                	addi	sp,sp,80
   11fbc:	8082                	ret

0000000000011fbe <_fread_r>:
   11fbe:	711d                	addi	sp,sp,-96
   11fc0:	f456                	sd	s5,40(sp)
   11fc2:	02c68ab3          	mul	s5,a3,a2
   11fc6:	ec86                	sd	ra,88(sp)
   11fc8:	0c0a8363          	beqz	s5,1208e <_fread_r+0xd0>
   11fcc:	e8a2                	sd	s0,80(sp)
   11fce:	e0ca                	sd	s2,64(sp)
   11fd0:	f852                	sd	s4,48(sp)
   11fd2:	e862                	sd	s8,16(sp)
   11fd4:	e466                	sd	s9,8(sp)
   11fd6:	892e                	mv	s2,a1
   11fd8:	8a2a                	mv	s4,a0
   11fda:	843a                	mv	s0,a4
   11fdc:	8cb6                	mv	s9,a3
   11fde:	8c32                	mv	s8,a2
   11fe0:	c119                	beqz	a0,11fe6 <_fread_r+0x28>
   11fe2:	653c                	ld	a5,72(a0)
   11fe4:	cbd5                	beqz	a5,12098 <_fread_r+0xda>
   11fe6:	01041783          	lh	a5,16(s0)
   11fea:	0ac42703          	lw	a4,172(s0)
   11fee:	6609                	lui	a2,0x2
   11ff0:	03279693          	slli	a3,a5,0x32
   11ff4:	0806c463          	bltz	a3,1207c <_fread_r+0xbe>
   11ff8:	76f9                	lui	a3,0xffffe
   11ffa:	16fd                	addi	a3,a3,-1 # ffffffffffffdfff <__BSS_END__+0xfffffffffffe04c7>
   11ffc:	e4a6                	sd	s1,72(sp)
   11ffe:	fc4e                	sd	s3,56(sp)
   12000:	8fd1                	or	a5,a5,a2
   12002:	8f75                	and	a4,a4,a3
   12004:	00f41823          	sh	a5,16(s0)
   12008:	0ae42623          	sw	a4,172(s0)
   1200c:	4404                	lw	s1,8(s0)
   1200e:	8726                	mv	a4,s1
   12010:	0004d663          	bgez	s1,1201c <_fread_r+0x5e>
   12014:	00042423          	sw	zero,8(s0)
   12018:	4701                	li	a4,0
   1201a:	4481                	li	s1,0
   1201c:	01045783          	lhu	a5,16(s0)
   12020:	89d6                	mv	s3,s5
   12022:	8b89                	andi	a5,a5,2
   12024:	c38d                	beqz	a5,12046 <_fread_r+0x88>
   12026:	a8a5                	j	1209e <_fread_r+0xe0>
   12028:	3ff000ef          	jal	12c26 <memcpy>
   1202c:	601c                	ld	a5,0(s0)
   1202e:	85a2                	mv	a1,s0
   12030:	8552                	mv	a0,s4
   12032:	97a6                	add	a5,a5,s1
   12034:	e01c                	sd	a5,0(s0)
   12036:	364000ef          	jal	1239a <__srefill_r>
   1203a:	10051063          	bnez	a0,1213a <_fread_r+0x17c>
   1203e:	9926                	add	s2,s2,s1
   12040:	409989b3          	sub	s3,s3,s1
   12044:	4404                	lw	s1,8(s0)
   12046:	600c                	ld	a1,0(s0)
   12048:	8626                	mv	a2,s1
   1204a:	854a                	mv	a0,s2
   1204c:	fd34eee3          	bltu	s1,s3,12028 <_fread_r+0x6a>
   12050:	864e                	mv	a2,s3
   12052:	3d5000ef          	jal	12c26 <memcpy>
   12056:	4418                	lw	a4,8(s0)
   12058:	601c                	ld	a5,0(s0)
   1205a:	4137073b          	subw	a4,a4,s3
   1205e:	97ce                	add	a5,a5,s3
   12060:	c418                	sw	a4,8(s0)
   12062:	e01c                	sd	a5,0(s0)
   12064:	8566                	mv	a0,s9
   12066:	6446                	ld	s0,80(sp)
   12068:	60e6                	ld	ra,88(sp)
   1206a:	64a6                	ld	s1,72(sp)
   1206c:	6906                	ld	s2,64(sp)
   1206e:	79e2                	ld	s3,56(sp)
   12070:	7a42                	ld	s4,48(sp)
   12072:	6c42                	ld	s8,16(sp)
   12074:	6ca2                	ld	s9,8(sp)
   12076:	7aa2                	ld	s5,40(sp)
   12078:	6125                	addi	sp,sp,96
   1207a:	8082                	ret
   1207c:	03271793          	slli	a5,a4,0x32
   12080:	0c07d363          	bgez	a5,12146 <_fread_r+0x188>
   12084:	6446                	ld	s0,80(sp)
   12086:	6906                	ld	s2,64(sp)
   12088:	7a42                	ld	s4,48(sp)
   1208a:	6c42                	ld	s8,16(sp)
   1208c:	6ca2                	ld	s9,8(sp)
   1208e:	4501                	li	a0,0
   12090:	60e6                	ld	ra,88(sp)
   12092:	7aa2                	ld	s5,40(sp)
   12094:	6125                	addi	sp,sp,96
   12096:	8082                	ret
   12098:	ddfff0ef          	jal	11e76 <__sinit>
   1209c:	b7a9                	j	11fe6 <_fread_r+0x28>
   1209e:	84d6                	mv	s1,s5
   120a0:	01577363          	bgeu	a4,s5,120a6 <_fread_r+0xe8>
   120a4:	84ba                	mv	s1,a4
   120a6:	600c                	ld	a1,0(s0)
   120a8:	8626                	mv	a2,s1
   120aa:	854a                	mv	a0,s2
   120ac:	37b000ef          	jal	12c26 <memcpy>
   120b0:	6018                	ld	a4,0(s0)
   120b2:	441c                	lw	a5,8(s0)
   120b4:	6c2c                	ld	a1,88(s0)
   120b6:	9726                	add	a4,a4,s1
   120b8:	9f85                	subw	a5,a5,s1
   120ba:	e018                	sd	a4,0(s0)
   120bc:	c41c                	sw	a5,8(s0)
   120be:	409a89b3          	sub	s3,s5,s1
   120c2:	c5c9                	beqz	a1,1214c <_fread_r+0x18e>
   120c4:	fa0980e3          	beqz	s3,12064 <_fread_r+0xa6>
   120c8:	f05a                	sd	s6,32(sp)
   120ca:	ec5e                	sd	s7,24(sp)
   120cc:	07440793          	addi	a5,s0,116
   120d0:	00f58563          	beq	a1,a5,120da <_fread_r+0x11c>
   120d4:	8552                	mv	a0,s4
   120d6:	601000ef          	jal	12ed6 <_free_r>
   120da:	04043c23          	sd	zero,88(s0)
   120de:	94ca                	add	s1,s1,s2
   120e0:	a019                	j	120e6 <_fread_r+0x128>
   120e2:	40f989b3          	sub	s3,s3,a5
   120e6:	85a2                	mv	a1,s0
   120e8:	8552                	mv	a0,s4
   120ea:	06098463          	beqz	s3,12152 <_fread_r+0x194>
   120ee:	01843b83          	ld	s7,24(s0)
   120f2:	00043903          	ld	s2,0(s0)
   120f6:	02042b03          	lw	s6,32(s0)
   120fa:	ec04                	sd	s1,24(s0)
   120fc:	e004                	sd	s1,0(s0)
   120fe:	03342023          	sw	s3,32(s0)
   12102:	298000ef          	jal	1239a <__srefill_r>
   12106:	441c                	lw	a5,8(s0)
   12108:	01743c23          	sd	s7,24(s0)
   1210c:	03642023          	sw	s6,32(s0)
   12110:	01243023          	sd	s2,0(s0)
   12114:	00042423          	sw	zero,8(s0)
   12118:	94be                	add	s1,s1,a5
   1211a:	d561                	beqz	a0,120e2 <_fread_r+0x124>
   1211c:	97d6                	add	a5,a5,s5
   1211e:	413787b3          	sub	a5,a5,s3
   12122:	0387d533          	divu	a0,a5,s8
   12126:	6446                	ld	s0,80(sp)
   12128:	64a6                	ld	s1,72(sp)
   1212a:	6906                	ld	s2,64(sp)
   1212c:	79e2                	ld	s3,56(sp)
   1212e:	7a42                	ld	s4,48(sp)
   12130:	7b02                	ld	s6,32(sp)
   12132:	6be2                	ld	s7,24(sp)
   12134:	6c42                	ld	s8,16(sp)
   12136:	6ca2                	ld	s9,8(sp)
   12138:	bfa1                	j	12090 <_fread_r+0xd2>
   1213a:	94d6                	add	s1,s1,s5
   1213c:	413484b3          	sub	s1,s1,s3
   12140:	0384d533          	divu	a0,s1,s8
   12144:	b70d                	j	12066 <_fread_r+0xa8>
   12146:	e4a6                	sd	s1,72(sp)
   12148:	fc4e                	sd	s3,56(sp)
   1214a:	b5c9                	j	1200c <_fread_r+0x4e>
   1214c:	f05a                	sd	s6,32(sp)
   1214e:	ec5e                	sd	s7,24(sp)
   12150:	b779                	j	120de <_fread_r+0x120>
   12152:	7b02                	ld	s6,32(sp)
   12154:	6be2                	ld	s7,24(sp)
   12156:	b739                	j	12064 <_fread_r+0xa6>

0000000000012158 <fread>:
   12158:	88aa                	mv	a7,a0
   1215a:	2281b503          	ld	a0,552(gp) # 1d560 <_impure_ptr>
   1215e:	8736                	mv	a4,a3
   12160:	86b2                	mv	a3,a2
   12162:	862e                	mv	a2,a1
   12164:	85c6                	mv	a1,a7
   12166:	bda1                	j	11fbe <_fread_r>

0000000000012168 <_fseek_r>:
   12168:	a10d                	j	1258a <_fseeko_r>

000000000001216a <fseek>:
   1216a:	872a                	mv	a4,a0
   1216c:	2281b503          	ld	a0,552(gp) # 1d560 <_impure_ptr>
   12170:	86b2                	mv	a3,a2
   12172:	862e                	mv	a2,a1
   12174:	85ba                	mv	a1,a4
   12176:	a911                	j	1258a <_fseeko_r>

0000000000012178 <_fwalk_sglue>:
   12178:	715d                	addi	sp,sp,-80
   1217a:	f84a                	sd	s2,48(sp)
   1217c:	f44e                	sd	s3,40(sp)
   1217e:	f052                	sd	s4,32(sp)
   12180:	ec56                	sd	s5,24(sp)
   12182:	e85a                	sd	s6,16(sp)
   12184:	e45e                	sd	s7,8(sp)
   12186:	e062                	sd	s8,0(sp)
   12188:	e486                	sd	ra,72(sp)
   1218a:	e0a2                	sd	s0,64(sp)
   1218c:	fc26                	sd	s1,56(sp)
   1218e:	89b2                	mv	s3,a2
   12190:	8aaa                	mv	s5,a0
   12192:	8b2e                	mv	s6,a1
   12194:	4901                	li	s2,0
   12196:	0b000b93          	li	s7,176
   1219a:	4c05                	li	s8,1
   1219c:	5a7d                	li	s4,-1
   1219e:	0089a483          	lw	s1,8(s3)
   121a2:	02905b63          	blez	s1,121d8 <_fwalk_sglue+0x60>
   121a6:	1482                	slli	s1,s1,0x20
   121a8:	9081                	srli	s1,s1,0x20
   121aa:	037484b3          	mul	s1,s1,s7
   121ae:	0109b403          	ld	s0,16(s3)
   121b2:	94a2                	add	s1,s1,s0
   121b4:	01045783          	lhu	a5,16(s0)
   121b8:	00fc7c63          	bgeu	s8,a5,121d0 <_fwalk_sglue+0x58>
   121bc:	01241783          	lh	a5,18(s0)
   121c0:	85a2                	mv	a1,s0
   121c2:	8556                	mv	a0,s5
   121c4:	01478663          	beq	a5,s4,121d0 <_fwalk_sglue+0x58>
   121c8:	9b02                	jalr	s6
   121ca:	01256933          	or	s2,a0,s2
   121ce:	2901                	sext.w	s2,s2
   121d0:	0b040413          	addi	s0,s0,176
   121d4:	fe9410e3          	bne	s0,s1,121b4 <_fwalk_sglue+0x3c>
   121d8:	0009b983          	ld	s3,0(s3)
   121dc:	fc0991e3          	bnez	s3,1219e <_fwalk_sglue+0x26>
   121e0:	60a6                	ld	ra,72(sp)
   121e2:	6406                	ld	s0,64(sp)
   121e4:	74e2                	ld	s1,56(sp)
   121e6:	79a2                	ld	s3,40(sp)
   121e8:	7a02                	ld	s4,32(sp)
   121ea:	6ae2                	ld	s5,24(sp)
   121ec:	6b42                	ld	s6,16(sp)
   121ee:	6ba2                	ld	s7,8(sp)
   121f0:	6c02                	ld	s8,0(sp)
   121f2:	854a                	mv	a0,s2
   121f4:	7942                	ld	s2,48(sp)
   121f6:	6161                	addi	sp,sp,80
   121f8:	8082                	ret

00000000000121fa <_fwrite_r>:
   121fa:	02c687b3          	mul	a5,a3,a2
   121fe:	7159                	addi	sp,sp,-112
   12200:	03810813          	addi	a6,sp,56
   12204:	88b2                	mv	a7,a2
   12206:	4605                	li	a2,1
   12208:	e4c2                	sd	a6,72(sp)
   1220a:	f486                	sd	ra,104(sp)
   1220c:	fc2e                	sd	a1,56(sp)
   1220e:	c8b2                	sw	a2,80(sp)
   12210:	882a                	mv	a6,a0
   12212:	e0be                	sd	a5,64(sp)
   12214:	ecbe                	sd	a5,88(sp)
   12216:	c119                	beqz	a0,1221c <_fwrite_r+0x22>
   12218:	6530                	ld	a2,72(a0)
   1221a:	ce39                	beqz	a2,12278 <_fwrite_r+0x7e>
   1221c:	01071603          	lh	a2,16(a4)
   12220:	0ac72583          	lw	a1,172(a4)
   12224:	6309                	lui	t1,0x2
   12226:	03261513          	slli	a0,a2,0x32
   1222a:	02054f63          	bltz	a0,12268 <_fwrite_r+0x6e>
   1222e:	7579                	lui	a0,0xffffe
   12230:	157d                	addi	a0,a0,-1 # ffffffffffffdfff <__BSS_END__+0xfffffffffffe04c7>
   12232:	00666633          	or	a2,a2,t1
   12236:	8de9                	and	a1,a1,a0
   12238:	00c71823          	sh	a2,16(a4)
   1223c:	0ab72623          	sw	a1,172(a4)
   12240:	85ba                	mv	a1,a4
   12242:	8542                	mv	a0,a6
   12244:	00b0                	addi	a2,sp,72
   12246:	e436                	sd	a3,8(sp)
   12248:	ec46                	sd	a7,24(sp)
   1224a:	e83e                	sd	a5,16(sp)
   1224c:	34e030ef          	jal	1559a <__sfvwrite_r>
   12250:	872a                	mv	a4,a0
   12252:	6522                	ld	a0,8(sp)
   12254:	c719                	beqz	a4,12262 <_fwrite_r+0x68>
   12256:	6766                	ld	a4,88(sp)
   12258:	67c2                	ld	a5,16(sp)
   1225a:	68e2                	ld	a7,24(sp)
   1225c:	8f99                	sub	a5,a5,a4
   1225e:	0317d533          	divu	a0,a5,a7
   12262:	70a6                	ld	ra,104(sp)
   12264:	6165                	addi	sp,sp,112
   12266:	8082                	ret
   12268:	03259613          	slli	a2,a1,0x32
   1226c:	4501                	li	a0,0
   1226e:	fc0659e3          	bgez	a2,12240 <_fwrite_r+0x46>
   12272:	70a6                	ld	ra,104(sp)
   12274:	6165                	addi	sp,sp,112
   12276:	8082                	ret
   12278:	f43a                	sd	a4,40(sp)
   1227a:	f036                	sd	a3,32(sp)
   1227c:	ec46                	sd	a7,24(sp)
   1227e:	e43e                	sd	a5,8(sp)
   12280:	e82a                	sd	a0,16(sp)
   12282:	bf5ff0ef          	jal	11e76 <__sinit>
   12286:	7722                	ld	a4,40(sp)
   12288:	7682                	ld	a3,32(sp)
   1228a:	68e2                	ld	a7,24(sp)
   1228c:	6842                	ld	a6,16(sp)
   1228e:	67a2                	ld	a5,8(sp)
   12290:	b771                	j	1221c <_fwrite_r+0x22>

0000000000012292 <fwrite>:
   12292:	02c587b3          	mul	a5,a1,a2
   12296:	7159                	addi	sp,sp,-112
   12298:	8832                	mv	a6,a2
   1229a:	2281b603          	ld	a2,552(gp) # 1d560 <_impure_ptr>
   1229e:	88ae                	mv	a7,a1
   122a0:	4705                	li	a4,1
   122a2:	182c                	addi	a1,sp,56
   122a4:	f486                	sd	ra,104(sp)
   122a6:	fc2a                	sd	a0,56(sp)
   122a8:	e4ae                	sd	a1,72(sp)
   122aa:	c8ba                	sw	a4,80(sp)
   122ac:	e0be                	sd	a5,64(sp)
   122ae:	ecbe                	sd	a5,88(sp)
   122b0:	c219                	beqz	a2,122b6 <fwrite+0x24>
   122b2:	6638                	ld	a4,72(a2)
   122b4:	cf39                	beqz	a4,12312 <fwrite+0x80>
   122b6:	01069703          	lh	a4,16(a3)
   122ba:	0ac6a583          	lw	a1,172(a3)
   122be:	6309                	lui	t1,0x2
   122c0:	03271513          	slli	a0,a4,0x32
   122c4:	02054f63          	bltz	a0,12302 <fwrite+0x70>
   122c8:	7579                	lui	a0,0xffffe
   122ca:	157d                	addi	a0,a0,-1 # ffffffffffffdfff <__BSS_END__+0xfffffffffffe04c7>
   122cc:	00676733          	or	a4,a4,t1
   122d0:	8de9                	and	a1,a1,a0
   122d2:	00e69823          	sh	a4,16(a3)
   122d6:	0ab6a623          	sw	a1,172(a3)
   122da:	8532                	mv	a0,a2
   122dc:	85b6                	mv	a1,a3
   122de:	00b0                	addi	a2,sp,72
   122e0:	e442                	sd	a6,8(sp)
   122e2:	ec46                	sd	a7,24(sp)
   122e4:	e83e                	sd	a5,16(sp)
   122e6:	2b4030ef          	jal	1559a <__sfvwrite_r>
   122ea:	872a                	mv	a4,a0
   122ec:	6522                	ld	a0,8(sp)
   122ee:	c719                	beqz	a4,122fc <fwrite+0x6a>
   122f0:	6766                	ld	a4,88(sp)
   122f2:	67c2                	ld	a5,16(sp)
   122f4:	68e2                	ld	a7,24(sp)
   122f6:	8f99                	sub	a5,a5,a4
   122f8:	0317d533          	divu	a0,a5,a7
   122fc:	70a6                	ld	ra,104(sp)
   122fe:	6165                	addi	sp,sp,112
   12300:	8082                	ret
   12302:	03259713          	slli	a4,a1,0x32
   12306:	4501                	li	a0,0
   12308:	fc0759e3          	bgez	a4,122da <fwrite+0x48>
   1230c:	70a6                	ld	ra,104(sp)
   1230e:	6165                	addi	sp,sp,112
   12310:	8082                	ret
   12312:	8532                	mv	a0,a2
   12314:	f436                	sd	a3,40(sp)
   12316:	f042                	sd	a6,32(sp)
   12318:	ec46                	sd	a7,24(sp)
   1231a:	e83e                	sd	a5,16(sp)
   1231c:	e432                	sd	a2,8(sp)
   1231e:	b59ff0ef          	jal	11e76 <__sinit>
   12322:	76a2                	ld	a3,40(sp)
   12324:	7802                	ld	a6,32(sp)
   12326:	68e2                	ld	a7,24(sp)
   12328:	67c2                	ld	a5,16(sp)
   1232a:	6622                	ld	a2,8(sp)
   1232c:	b769                	j	122b6 <fwrite+0x24>

000000000001232e <_printf_r>:
   1232e:	715d                	addi	sp,sp,-80
   12330:	8e2e                	mv	t3,a1
   12332:	690c                	ld	a1,16(a0)
   12334:	02010313          	addi	t1,sp,32
   12338:	f032                	sd	a2,32(sp)
   1233a:	f436                	sd	a3,40(sp)
   1233c:	8672                	mv	a2,t3
   1233e:	869a                	mv	a3,t1
   12340:	ec06                	sd	ra,24(sp)
   12342:	f83a                	sd	a4,48(sp)
   12344:	fc3e                	sd	a5,56(sp)
   12346:	e0c2                	sd	a6,64(sp)
   12348:	e4c6                	sd	a7,72(sp)
   1234a:	e41a                	sd	t1,8(sp)
   1234c:	018010ef          	jal	13364 <_vfprintf_r>
   12350:	60e2                	ld	ra,24(sp)
   12352:	6161                	addi	sp,sp,80
   12354:	8082                	ret

0000000000012356 <printf>:
   12356:	2281b303          	ld	t1,552(gp) # 1d560 <_impure_ptr>
   1235a:	711d                	addi	sp,sp,-96
   1235c:	f832                	sd	a2,48(sp)
   1235e:	fc36                	sd	a3,56(sp)
   12360:	f42e                	sd	a1,40(sp)
   12362:	e0ba                	sd	a4,64(sp)
   12364:	e4be                	sd	a5,72(sp)
   12366:	e8c2                	sd	a6,80(sp)
   12368:	ecc6                	sd	a7,88(sp)
   1236a:	01033583          	ld	a1,16(t1) # 2010 <exit-0xe110>
   1236e:	1034                	addi	a3,sp,40
   12370:	862a                	mv	a2,a0
   12372:	851a                	mv	a0,t1
   12374:	ec06                	sd	ra,24(sp)
   12376:	e436                	sd	a3,8(sp)
   12378:	7ed000ef          	jal	13364 <_vfprintf_r>
   1237c:	60e2                	ld	ra,24(sp)
   1237e:	6125                	addi	sp,sp,96
   12380:	8082                	ret

0000000000012382 <lflush>:
   12382:	0105d783          	lhu	a5,16(a1)
   12386:	4725                	li	a4,9
   12388:	8ff9                	and	a5,a5,a4
   1238a:	00e78463          	beq	a5,a4,12392 <lflush+0x10>
   1238e:	4501                	li	a0,0
   12390:	8082                	ret
   12392:	2281b503          	ld	a0,552(gp) # 1d560 <_impure_ptr>
   12396:	f9cff06f          	j	11b32 <_fflush_r>

000000000001239a <__srefill_r>:
   1239a:	7179                	addi	sp,sp,-48
   1239c:	f022                	sd	s0,32(sp)
   1239e:	ec26                	sd	s1,24(sp)
   123a0:	f406                	sd	ra,40(sp)
   123a2:	84aa                	mv	s1,a0
   123a4:	842e                	mv	s0,a1
   123a6:	c119                	beqz	a0,123ac <__srefill_r+0x12>
   123a8:	653c                	ld	a5,72(a0)
   123aa:	cbe9                	beqz	a5,1247c <__srefill_r+0xe2>
   123ac:	01041783          	lh	a5,16(s0)
   123b0:	00042423          	sw	zero,8(s0)
   123b4:	0207f713          	andi	a4,a5,32
   123b8:	ef61                	bnez	a4,12490 <__srefill_r+0xf6>
   123ba:	0047f713          	andi	a4,a5,4
   123be:	e339                	bnez	a4,12404 <__srefill_r+0x6a>
   123c0:	0107f713          	andi	a4,a5,16
   123c4:	cb61                	beqz	a4,12494 <__srefill_r+0xfa>
   123c6:	0087f713          	andi	a4,a5,8
   123ca:	e759                	bnez	a4,12458 <__srefill_r+0xbe>
   123cc:	0047e793          	ori	a5,a5,4
   123d0:	00f41823          	sh	a5,16(s0)
   123d4:	6c1c                	ld	a5,24(s0)
   123d6:	cfd1                	beqz	a5,12472 <__srefill_r+0xd8>
   123d8:	01041783          	lh	a5,16(s0)
   123dc:	0037f713          	andi	a4,a5,3
   123e0:	e339                	bnez	a4,12426 <__srefill_r+0x8c>
   123e2:	6c10                	ld	a2,24(s0)
   123e4:	7c1c                	ld	a5,56(s0)
   123e6:	5014                	lw	a3,32(s0)
   123e8:	780c                	ld	a1,48(s0)
   123ea:	8526                	mv	a0,s1
   123ec:	e010                	sd	a2,0(s0)
   123ee:	9782                	jalr	a5
   123f0:	2501                	sext.w	a0,a0
   123f2:	c408                	sw	a0,8(s0)
   123f4:	08a05763          	blez	a0,12482 <__srefill_r+0xe8>
   123f8:	4501                	li	a0,0
   123fa:	70a2                	ld	ra,40(sp)
   123fc:	7402                	ld	s0,32(sp)
   123fe:	64e2                	ld	s1,24(sp)
   12400:	6145                	addi	sp,sp,48
   12402:	8082                	ret
   12404:	6c2c                	ld	a1,88(s0)
   12406:	d5f9                	beqz	a1,123d4 <__srefill_r+0x3a>
   12408:	07440793          	addi	a5,s0,116
   1240c:	00f58563          	beq	a1,a5,12416 <__srefill_r+0x7c>
   12410:	8526                	mv	a0,s1
   12412:	2c5000ef          	jal	12ed6 <_free_r>
   12416:	583c                	lw	a5,112(s0)
   12418:	04043c23          	sd	zero,88(s0)
   1241c:	c41c                	sw	a5,8(s0)
   1241e:	dbdd                	beqz	a5,123d4 <__srefill_r+0x3a>
   12420:	743c                	ld	a5,104(s0)
   12422:	e01c                	sd	a5,0(s0)
   12424:	bfd1                	j	123f8 <__srefill_r+0x5e>
   12426:	4705                	li	a4,1
   12428:	65c9                	lui	a1,0x12
   1242a:	00e41823          	sh	a4,16(s0)
   1242e:	e8818613          	addi	a2,gp,-376 # 1d1c0 <__sglue>
   12432:	38258593          	addi	a1,a1,898 # 12382 <lflush>
   12436:	ea018513          	addi	a0,gp,-352 # 1d1d8 <_impure_data>
   1243a:	e43e                	sd	a5,8(sp)
   1243c:	d3dff0ef          	jal	12178 <_fwalk_sglue>
   12440:	67a2                	ld	a5,8(sp)
   12442:	4725                	li	a4,9
   12444:	00f41823          	sh	a5,16(s0)
   12448:	8ba5                	andi	a5,a5,9
   1244a:	f8e79ce3          	bne	a5,a4,123e2 <__srefill_r+0x48>
   1244e:	85a2                	mv	a1,s0
   12450:	8526                	mv	a0,s1
   12452:	d46ff0ef          	jal	11998 <__sflush_r>
   12456:	b771                	j	123e2 <__srefill_r+0x48>
   12458:	85a2                	mv	a1,s0
   1245a:	8526                	mv	a0,s1
   1245c:	ed6ff0ef          	jal	11b32 <_fflush_r>
   12460:	e905                	bnez	a0,12490 <__srefill_r+0xf6>
   12462:	01045783          	lhu	a5,16(s0)
   12466:	00042623          	sw	zero,12(s0)
   1246a:	02042423          	sw	zero,40(s0)
   1246e:	9bdd                	andi	a5,a5,-9
   12470:	bfb1                	j	123cc <__srefill_r+0x32>
   12472:	85a2                	mv	a1,s0
   12474:	8526                	mv	a0,s1
   12476:	482030ef          	jal	158f8 <__smakebuf_r>
   1247a:	bfb9                	j	123d8 <__srefill_r+0x3e>
   1247c:	9fbff0ef          	jal	11e76 <__sinit>
   12480:	b735                	j	123ac <__srefill_r+0x12>
   12482:	01041783          	lh	a5,16(s0)
   12486:	ed19                	bnez	a0,124a4 <__srefill_r+0x10a>
   12488:	0207e793          	ori	a5,a5,32
   1248c:	00f41823          	sh	a5,16(s0)
   12490:	557d                	li	a0,-1
   12492:	b7a5                	j	123fa <__srefill_r+0x60>
   12494:	4725                	li	a4,9
   12496:	0407e793          	ori	a5,a5,64
   1249a:	c098                	sw	a4,0(s1)
   1249c:	00f41823          	sh	a5,16(s0)
   124a0:	557d                	li	a0,-1
   124a2:	bfa1                	j	123fa <__srefill_r+0x60>
   124a4:	0407e793          	ori	a5,a5,64
   124a8:	00f41823          	sh	a5,16(s0)
   124ac:	00042423          	sw	zero,8(s0)
   124b0:	557d                	li	a0,-1
   124b2:	b7a1                	j	123fa <__srefill_r+0x60>

00000000000124b4 <__sread>:
   124b4:	1141                	addi	sp,sp,-16
   124b6:	e022                	sd	s0,0(sp)
   124b8:	842e                	mv	s0,a1
   124ba:	01259583          	lh	a1,18(a1)
   124be:	e406                	sd	ra,8(sp)
   124c0:	5a6000ef          	jal	12a66 <_read_r>
   124c4:	00054963          	bltz	a0,124d6 <__sread+0x22>
   124c8:	685c                	ld	a5,144(s0)
   124ca:	60a2                	ld	ra,8(sp)
   124cc:	97aa                	add	a5,a5,a0
   124ce:	e85c                	sd	a5,144(s0)
   124d0:	6402                	ld	s0,0(sp)
   124d2:	0141                	addi	sp,sp,16
   124d4:	8082                	ret
   124d6:	01045783          	lhu	a5,16(s0)
   124da:	777d                	lui	a4,0xfffff
   124dc:	177d                	addi	a4,a4,-1 # ffffffffffffefff <__BSS_END__+0xfffffffffffe14c7>
   124de:	8ff9                	and	a5,a5,a4
   124e0:	60a2                	ld	ra,8(sp)
   124e2:	00f41823          	sh	a5,16(s0)
   124e6:	6402                	ld	s0,0(sp)
   124e8:	0141                	addi	sp,sp,16
   124ea:	8082                	ret

00000000000124ec <__seofread>:
   124ec:	4501                	li	a0,0
   124ee:	8082                	ret

00000000000124f0 <__swrite>:
   124f0:	01059783          	lh	a5,16(a1)
   124f4:	7179                	addi	sp,sp,-48
   124f6:	8336                	mv	t1,a3
   124f8:	f406                	sd	ra,40(sp)
   124fa:	1007f693          	andi	a3,a5,256
   124fe:	872e                	mv	a4,a1
   12500:	88b2                	mv	a7,a2
   12502:	882a                	mv	a6,a0
   12504:	ee91                	bnez	a3,12520 <__swrite+0x30>
   12506:	76fd                	lui	a3,0xfffff
   12508:	16fd                	addi	a3,a3,-1 # ffffffffffffefff <__BSS_END__+0xfffffffffffe14c7>
   1250a:	70a2                	ld	ra,40(sp)
   1250c:	8ff5                	and	a5,a5,a3
   1250e:	01271583          	lh	a1,18(a4)
   12512:	00f71823          	sh	a5,16(a4)
   12516:	869a                	mv	a3,t1
   12518:	8646                	mv	a2,a7
   1251a:	8542                	mv	a0,a6
   1251c:	6145                	addi	sp,sp,48
   1251e:	ab6d                	j	12ad8 <_write_r>
   12520:	01259583          	lh	a1,18(a1)
   12524:	e832                	sd	a2,16(sp)
   12526:	4689                	li	a3,2
   12528:	4601                	li	a2,0
   1252a:	ec1a                	sd	t1,24(sp)
   1252c:	e03a                	sd	a4,0(sp)
   1252e:	e42a                	sd	a0,8(sp)
   12530:	4be000ef          	jal	129ee <_lseek_r>
   12534:	6702                	ld	a4,0(sp)
   12536:	6362                	ld	t1,24(sp)
   12538:	68c2                	ld	a7,16(sp)
   1253a:	01071783          	lh	a5,16(a4)
   1253e:	6822                	ld	a6,8(sp)
   12540:	b7d9                	j	12506 <__swrite+0x16>

0000000000012542 <__sseek>:
   12542:	1141                	addi	sp,sp,-16
   12544:	e022                	sd	s0,0(sp)
   12546:	842e                	mv	s0,a1
   12548:	01259583          	lh	a1,18(a1)
   1254c:	e406                	sd	ra,8(sp)
   1254e:	4a0000ef          	jal	129ee <_lseek_r>
   12552:	577d                	li	a4,-1
   12554:	01041783          	lh	a5,16(s0)
   12558:	00e50b63          	beq	a0,a4,1256e <__sseek+0x2c>
   1255c:	6705                	lui	a4,0x1
   1255e:	8fd9                	or	a5,a5,a4
   12560:	60a2                	ld	ra,8(sp)
   12562:	e848                	sd	a0,144(s0)
   12564:	00f41823          	sh	a5,16(s0)
   12568:	6402                	ld	s0,0(sp)
   1256a:	0141                	addi	sp,sp,16
   1256c:	8082                	ret
   1256e:	80050713          	addi	a4,a0,-2048
   12572:	80070713          	addi	a4,a4,-2048 # 800 <exit-0xf920>
   12576:	8ff9                	and	a5,a5,a4
   12578:	60a2                	ld	ra,8(sp)
   1257a:	00f41823          	sh	a5,16(s0)
   1257e:	6402                	ld	s0,0(sp)
   12580:	0141                	addi	sp,sp,16
   12582:	8082                	ret

0000000000012584 <__sclose>:
   12584:	01259583          	lh	a1,18(a1)
   12588:	ae85                	j	128f8 <_close_r>

000000000001258a <_fseeko_r>:
   1258a:	7171                	addi	sp,sp,-176
   1258c:	f122                	sd	s0,160(sp)
   1258e:	ed26                	sd	s1,152(sp)
   12590:	e94a                	sd	s2,144(sp)
   12592:	e54e                	sd	s3,136(sp)
   12594:	f506                	sd	ra,168(sp)
   12596:	e152                	sd	s4,128(sp)
   12598:	892a                	mv	s2,a0
   1259a:	89b2                	mv	s3,a2
   1259c:	84b6                	mv	s1,a3
   1259e:	842e                	mv	s0,a1
   125a0:	c501                	beqz	a0,125a8 <_fseeko_r+0x1e>
   125a2:	653c                	ld	a5,72(a0)
   125a4:	28078763          	beqz	a5,12832 <_fseeko_r+0x2a8>
   125a8:	01045783          	lhu	a5,16(s0)
   125ac:	10800713          	li	a4,264
   125b0:	8ff9                	and	a5,a5,a4
   125b2:	26e78b63          	beq	a5,a4,12828 <_fseeko_r+0x29e>
   125b6:	04843a03          	ld	s4,72(s0)
   125ba:	2e0a0063          	beqz	s4,1289a <_fseeko_r+0x310>
   125be:	4785                	li	a5,1
   125c0:	0af48d63          	beq	s1,a5,1267a <_fseeko_r+0xf0>
   125c4:	ffd4f693          	andi	a3,s1,-3
   125c8:	ce89                	beqz	a3,125e2 <_fseeko_r+0x58>
   125ca:	47d9                	li	a5,22
   125cc:	00f92023          	sw	a5,0(s2)
   125d0:	70aa                	ld	ra,168(sp)
   125d2:	740a                	ld	s0,160(sp)
   125d4:	64ea                	ld	s1,152(sp)
   125d6:	694a                	ld	s2,144(sp)
   125d8:	69aa                	ld	s3,136(sp)
   125da:	6a0a                	ld	s4,128(sp)
   125dc:	557d                	li	a0,-1
   125de:	614d                	addi	sp,sp,176
   125e0:	8082                	ret
   125e2:	6c10                	ld	a2,24(s0)
   125e4:	4781                	li	a5,0
   125e6:	ce71                	beqz	a2,126c2 <_fseeko_r+0x138>
   125e8:	01041703          	lh	a4,16(s0)
   125ec:	00175613          	srli	a2,a4,0x1
   125f0:	40d67613          	andi	a2,a2,1037
   125f4:	e205                	bnez	a2,12614 <_fseeko_r+0x8a>
   125f6:	40077613          	andi	a2,a4,1024
   125fa:	10061b63          	bnez	a2,12710 <_fseeko_r+0x186>
   125fe:	6649                	lui	a2,0x12
   12600:	54260613          	addi	a2,a2,1346 # 12542 <__sseek>
   12604:	0cca0863          	beq	s4,a2,126d4 <_fseeko_r+0x14a>
   12608:	6785                	lui	a5,0x1
   1260a:	80078793          	addi	a5,a5,-2048 # 800 <exit-0xf920>
   1260e:	8f5d                	or	a4,a4,a5
   12610:	00e41823          	sh	a4,16(s0)
   12614:	85a2                	mv	a1,s0
   12616:	854a                	mv	a0,s2
   12618:	d1aff0ef          	jal	11b32 <_fflush_r>
   1261c:	f955                	bnez	a0,125d0 <_fseeko_r+0x46>
   1261e:	780c                	ld	a1,48(s0)
   12620:	86a6                	mv	a3,s1
   12622:	864e                	mv	a2,s3
   12624:	854a                	mv	a0,s2
   12626:	9a02                	jalr	s4
   12628:	57fd                	li	a5,-1
   1262a:	faf503e3          	beq	a0,a5,125d0 <_fseeko_r+0x46>
   1262e:	6c2c                	ld	a1,88(s0)
   12630:	c991                	beqz	a1,12644 <_fseeko_r+0xba>
   12632:	07440793          	addi	a5,s0,116
   12636:	00f58563          	beq	a1,a5,12640 <_fseeko_r+0xb6>
   1263a:	854a                	mv	a0,s2
   1263c:	09b000ef          	jal	12ed6 <_free_r>
   12640:	04043c23          	sd	zero,88(s0)
   12644:	01045783          	lhu	a5,16(s0)
   12648:	6c14                	ld	a3,24(s0)
   1264a:	777d                	lui	a4,0xfffff
   1264c:	7df70713          	addi	a4,a4,2015 # fffffffffffff7df <__BSS_END__+0xfffffffffffe1ca7>
   12650:	8ff9                	and	a5,a5,a4
   12652:	00042423          	sw	zero,8(s0)
   12656:	00f41823          	sh	a5,16(s0)
   1265a:	e014                	sd	a3,0(s0)
   1265c:	0a440513          	addi	a0,s0,164
   12660:	4621                	li	a2,8
   12662:	4581                	li	a1,0
   12664:	518000ef          	jal	12b7c <memset>
   12668:	4501                	li	a0,0
   1266a:	70aa                	ld	ra,168(sp)
   1266c:	740a                	ld	s0,160(sp)
   1266e:	64ea                	ld	s1,152(sp)
   12670:	694a                	ld	s2,144(sp)
   12672:	69aa                	ld	s3,136(sp)
   12674:	6a0a                	ld	s4,128(sp)
   12676:	614d                	addi	sp,sp,176
   12678:	8082                	ret
   1267a:	85a2                	mv	a1,s0
   1267c:	854a                	mv	a0,s2
   1267e:	cb4ff0ef          	jal	11b32 <_fflush_r>
   12682:	01041703          	lh	a4,16(s0)
   12686:	03371793          	slli	a5,a4,0x33
   1268a:	1407ca63          	bltz	a5,127de <_fseeko_r+0x254>
   1268e:	780c                	ld	a1,48(s0)
   12690:	86a6                	mv	a3,s1
   12692:	4601                	li	a2,0
   12694:	854a                	mv	a0,s2
   12696:	9a02                	jalr	s4
   12698:	577d                	li	a4,-1
   1269a:	87aa                	mv	a5,a0
   1269c:	f2e50ae3          	beq	a0,a4,125d0 <_fseeko_r+0x46>
   126a0:	01041703          	lh	a4,16(s0)
   126a4:	6c10                	ld	a2,24(s0)
   126a6:	00477693          	andi	a3,a4,4
   126aa:	14068063          	beqz	a3,127ea <_fseeko_r+0x260>
   126ae:	4414                	lw	a3,8(s0)
   126b0:	6c38                	ld	a4,88(s0)
   126b2:	8f95                	sub	a5,a5,a3
   126b4:	c319                	beqz	a4,126ba <_fseeko_r+0x130>
   126b6:	5838                	lw	a4,112(s0)
   126b8:	8f99                	sub	a5,a5,a4
   126ba:	86a6                	mv	a3,s1
   126bc:	99be                	add	s3,s3,a5
   126be:	4481                	li	s1,0
   126c0:	f605                	bnez	a2,125e8 <_fseeko_r+0x5e>
   126c2:	85a2                	mv	a1,s0
   126c4:	854a                	mv	a0,s2
   126c6:	e436                	sd	a3,8(sp)
   126c8:	e03e                	sd	a5,0(sp)
   126ca:	22e030ef          	jal	158f8 <__smakebuf_r>
   126ce:	66a2                	ld	a3,8(sp)
   126d0:	6782                	ld	a5,0(sp)
   126d2:	bf19                	j	125e8 <_fseeko_r+0x5e>
   126d4:	01241583          	lh	a1,18(s0)
   126d8:	f205c8e3          	bltz	a1,12608 <_fseeko_r+0x7e>
   126dc:	0830                	addi	a2,sp,24
   126de:	854a                	mv	a0,s2
   126e0:	e03e                	sd	a5,0(sp)
   126e2:	e436                	sd	a3,8(sp)
   126e4:	2d0000ef          	jal	129b4 <_fstat_r>
   126e8:	01041703          	lh	a4,16(s0)
   126ec:	fd11                	bnez	a0,12608 <_fseeko_r+0x7e>
   126ee:	4672                	lw	a2,28(sp)
   126f0:	4521                	li	a0,8
   126f2:	6782                	ld	a5,0(sp)
   126f4:	40c65593          	srai	a1,a2,0xc
   126f8:	89bd                	andi	a1,a1,15
   126fa:	66a2                	ld	a3,8(sp)
   126fc:	f0a596e3          	bne	a1,a0,12608 <_fseeko_r+0x7e>
   12700:	40076713          	ori	a4,a4,1024
   12704:	40000613          	li	a2,1024
   12708:	00e41823          	sh	a4,16(s0)
   1270c:	08c42423          	sw	a2,136(s0)
   12710:	884e                	mv	a6,s3
   12712:	0e049b63          	bnez	s1,12808 <_fseeko_r+0x27e>
   12716:	e2fd                	bnez	a3,127fc <_fseeko_r+0x272>
   12718:	01045783          	lhu	a5,16(s0)
   1271c:	03379713          	slli	a4,a5,0x33
   12720:	12075263          	bgez	a4,12844 <_fseeko_r+0x2ba>
   12724:	6848                	ld	a0,144(s0)
   12726:	4418                	lw	a4,8(s0)
   12728:	6c2c                	ld	a1,88(s0)
   1272a:	40e507b3          	sub	a5,a0,a4
   1272e:	853a                	mv	a0,a4
   12730:	10058463          	beqz	a1,12838 <_fseeko_r+0x2ae>
   12734:	5834                	lw	a3,112(s0)
   12736:	8f95                	sub	a5,a5,a3
   12738:	97ba                	add	a5,a5,a4
   1273a:	6c10                	ld	a2,24(s0)
   1273c:	7438                	ld	a4,104(s0)
   1273e:	8f11                	sub	a4,a4,a2
   12740:	8f99                	sub	a5,a5,a4
   12742:	96ba                	add	a3,a3,a4
   12744:	00f84663          	blt	a6,a5,12750 <_fseeko_r+0x1c6>
   12748:	00d78733          	add	a4,a5,a3
   1274c:	10e86763          	bltu	a6,a4,1285a <_fseeko_r+0x2d0>
   12750:	08842603          	lw	a2,136(s0)
   12754:	780c                	ld	a1,48(s0)
   12756:	4681                	li	a3,0
   12758:	40c0063b          	negw	a2,a2
   1275c:	01067633          	and	a2,a2,a6
   12760:	854a                	mv	a0,s2
   12762:	e442                	sd	a6,8(sp)
   12764:	e032                	sd	a2,0(sp)
   12766:	9a02                	jalr	s4
   12768:	57fd                	li	a5,-1
   1276a:	eaf505e3          	beq	a0,a5,12614 <_fseeko_r+0x8a>
   1276e:	6c1c                	ld	a5,24(s0)
   12770:	6c2c                	ld	a1,88(s0)
   12772:	00042423          	sw	zero,8(s0)
   12776:	e01c                	sd	a5,0(s0)
   12778:	6602                	ld	a2,0(sp)
   1277a:	6822                	ld	a6,8(sp)
   1277c:	cd91                	beqz	a1,12798 <_fseeko_r+0x20e>
   1277e:	07440793          	addi	a5,s0,116
   12782:	00f58963          	beq	a1,a5,12794 <_fseeko_r+0x20a>
   12786:	854a                	mv	a0,s2
   12788:	e432                	sd	a2,8(sp)
   1278a:	e042                	sd	a6,0(sp)
   1278c:	74a000ef          	jal	12ed6 <_free_r>
   12790:	6622                	ld	a2,8(sp)
   12792:	6802                	ld	a6,0(sp)
   12794:	04043c23          	sd	zero,88(s0)
   12798:	01045783          	lhu	a5,16(s0)
   1279c:	40c80733          	sub	a4,a6,a2
   127a0:	fdf7f793          	andi	a5,a5,-33
   127a4:	00f41823          	sh	a5,16(s0)
   127a8:	02c80363          	beq	a6,a2,127ce <_fseeko_r+0x244>
   127ac:	85a2                	mv	a1,s0
   127ae:	854a                	mv	a0,s2
   127b0:	e03a                	sd	a4,0(sp)
   127b2:	be9ff0ef          	jal	1239a <__srefill_r>
   127b6:	e4051fe3          	bnez	a0,12614 <_fseeko_r+0x8a>
   127ba:	441c                	lw	a5,8(s0)
   127bc:	6702                	ld	a4,0(sp)
   127be:	e4e7ebe3          	bltu	a5,a4,12614 <_fseeko_r+0x8a>
   127c2:	6014                	ld	a3,0(s0)
   127c4:	9f99                	subw	a5,a5,a4
   127c6:	c41c                	sw	a5,8(s0)
   127c8:	00e687b3          	add	a5,a3,a4
   127cc:	e01c                	sd	a5,0(s0)
   127ce:	0a440513          	addi	a0,s0,164
   127d2:	4621                	li	a2,8
   127d4:	4581                	li	a1,0
   127d6:	3a6000ef          	jal	12b7c <memset>
   127da:	4501                	li	a0,0
   127dc:	b579                	j	1266a <_fseeko_r+0xe0>
   127de:	00477693          	andi	a3,a4,4
   127e2:	685c                	ld	a5,144(s0)
   127e4:	6c10                	ld	a2,24(s0)
   127e6:	ec0694e3          	bnez	a3,126ae <_fseeko_r+0x124>
   127ea:	8b21                	andi	a4,a4,8
   127ec:	ec0707e3          	beqz	a4,126ba <_fseeko_r+0x130>
   127f0:	6018                	ld	a4,0(s0)
   127f2:	ec0704e3          	beqz	a4,126ba <_fseeko_r+0x130>
   127f6:	8f11                	sub	a4,a4,a2
   127f8:	97ba                	add	a5,a5,a4
   127fa:	b5c1                	j	126ba <_fseeko_r+0x130>
   127fc:	6c2c                	ld	a1,88(s0)
   127fe:	4408                	lw	a0,8(s0)
   12800:	cd85                	beqz	a1,12838 <_fseeko_r+0x2ae>
   12802:	5834                	lw	a3,112(s0)
   12804:	872a                	mv	a4,a0
   12806:	bf0d                	j	12738 <_fseeko_r+0x1ae>
   12808:	01241583          	lh	a1,18(s0)
   1280c:	0830                	addi	a2,sp,24
   1280e:	854a                	mv	a0,s2
   12810:	e436                	sd	a3,8(sp)
   12812:	e03e                	sd	a5,0(sp)
   12814:	1a0000ef          	jal	129b4 <_fstat_r>
   12818:	de051ee3          	bnez	a0,12614 <_fseeko_r+0x8a>
   1281c:	7822                	ld	a6,40(sp)
   1281e:	66a2                	ld	a3,8(sp)
   12820:	6782                	ld	a5,0(sp)
   12822:	984e                	add	a6,a6,s3
   12824:	fee1                	bnez	a3,127fc <_fseeko_r+0x272>
   12826:	bdcd                	j	12718 <_fseeko_r+0x18e>
   12828:	85a2                	mv	a1,s0
   1282a:	854a                	mv	a0,s2
   1282c:	b06ff0ef          	jal	11b32 <_fflush_r>
   12830:	b359                	j	125b6 <_fseeko_r+0x2c>
   12832:	e44ff0ef          	jal	11e76 <__sinit>
   12836:	bb8d                	j	125a8 <_fseeko_r+0x1e>
   12838:	6014                	ld	a3,0(s0)
   1283a:	6c10                	ld	a2,24(s0)
   1283c:	8e91                	sub	a3,a3,a2
   1283e:	8f95                	sub	a5,a5,a3
   12840:	96aa                	add	a3,a3,a0
   12842:	b709                	j	12744 <_fseeko_r+0x1ba>
   12844:	780c                	ld	a1,48(s0)
   12846:	4685                	li	a3,1
   12848:	4601                	li	a2,0
   1284a:	854a                	mv	a0,s2
   1284c:	e042                	sd	a6,0(sp)
   1284e:	9a02                	jalr	s4
   12850:	57fd                	li	a5,-1
   12852:	6802                	ld	a6,0(sp)
   12854:	ecf519e3          	bne	a0,a5,12726 <_fseeko_r+0x19c>
   12858:	bb75                	j	12614 <_fseeko_r+0x8a>
   1285a:	9ebd                	addw	a3,a3,a5
   1285c:	40f807bb          	subw	a5,a6,a5
   12860:	410686bb          	subw	a3,a3,a6
   12864:	963e                	add	a2,a2,a5
   12866:	c414                	sw	a3,8(s0)
   12868:	e010                	sd	a2,0(s0)
   1286a:	c991                	beqz	a1,1287e <_fseeko_r+0x2f4>
   1286c:	07440793          	addi	a5,s0,116
   12870:	00f58563          	beq	a1,a5,1287a <_fseeko_r+0x2f0>
   12874:	854a                	mv	a0,s2
   12876:	660000ef          	jal	12ed6 <_free_r>
   1287a:	04043c23          	sd	zero,88(s0)
   1287e:	01045783          	lhu	a5,16(s0)
   12882:	0a440513          	addi	a0,s0,164
   12886:	4621                	li	a2,8
   12888:	fdf7f793          	andi	a5,a5,-33
   1288c:	00f41823          	sh	a5,16(s0)
   12890:	4581                	li	a1,0
   12892:	2ea000ef          	jal	12b7c <memset>
   12896:	4501                	li	a0,0
   12898:	bbc9                	j	1266a <_fseeko_r+0xe0>
   1289a:	47f5                	li	a5,29
   1289c:	00f92023          	sw	a5,0(s2)
   128a0:	bb05                	j	125d0 <_fseeko_r+0x46>

00000000000128a2 <fseeko>:
   128a2:	872a                	mv	a4,a0
   128a4:	2281b503          	ld	a0,552(gp) # 1d560 <_impure_ptr>
   128a8:	86b2                	mv	a3,a2
   128aa:	862e                	mv	a2,a1
   128ac:	85ba                	mv	a1,a4
   128ae:	b9f1                	j	1258a <_fseeko_r>

00000000000128b0 <memcmp>:
   128b0:	469d                	li	a3,7
   128b2:	04c6f063          	bgeu	a3,a2,128f2 <memcmp+0x42>
   128b6:	00a5e7b3          	or	a5,a1,a0
   128ba:	8b9d                	andi	a5,a5,7
   128bc:	c395                	beqz	a5,128e0 <memcmp+0x30>
   128be:	167d                	addi	a2,a2,-1
   128c0:	0605                	addi	a2,a2,1
   128c2:	962a                	add	a2,a2,a0
   128c4:	a019                	j	128ca <memcmp+0x1a>
   128c6:	02c50763          	beq	a0,a2,128f4 <memcmp+0x44>
   128ca:	00054783          	lbu	a5,0(a0)
   128ce:	0005c703          	lbu	a4,0(a1)
   128d2:	0505                	addi	a0,a0,1
   128d4:	0585                	addi	a1,a1,1
   128d6:	fee788e3          	beq	a5,a4,128c6 <memcmp+0x16>
   128da:	40e7853b          	subw	a0,a5,a4
   128de:	8082                	ret
   128e0:	6118                	ld	a4,0(a0)
   128e2:	619c                	ld	a5,0(a1)
   128e4:	fcf71de3          	bne	a4,a5,128be <memcmp+0xe>
   128e8:	1661                	addi	a2,a2,-8
   128ea:	0521                	addi	a0,a0,8
   128ec:	05a1                	addi	a1,a1,8
   128ee:	fec6e9e3          	bltu	a3,a2,128e0 <memcmp+0x30>
   128f2:	f671                	bnez	a2,128be <memcmp+0xe>
   128f4:	4501                	li	a0,0
   128f6:	8082                	ret

00000000000128f8 <_close_r>:
   128f8:	1101                	addi	sp,sp,-32
   128fa:	e822                	sd	s0,16(sp)
   128fc:	e426                	sd	s1,8(sp)
   128fe:	84aa                	mv	s1,a0
   12900:	852e                	mv	a0,a1
   12902:	ec06                	sd	ra,24(sp)
   12904:	2401ac23          	sw	zero,600(gp) # 1d590 <errno>
   12908:	214070ef          	jal	19b1c <_close>
   1290c:	57fd                	li	a5,-1
   1290e:	00f50763          	beq	a0,a5,1291c <_close_r+0x24>
   12912:	60e2                	ld	ra,24(sp)
   12914:	6442                	ld	s0,16(sp)
   12916:	64a2                	ld	s1,8(sp)
   12918:	6105                	addi	sp,sp,32
   1291a:	8082                	ret
   1291c:	2581a783          	lw	a5,600(gp) # 1d590 <errno>
   12920:	dbed                	beqz	a5,12912 <_close_r+0x1a>
   12922:	60e2                	ld	ra,24(sp)
   12924:	6442                	ld	s0,16(sp)
   12926:	c09c                	sw	a5,0(s1)
   12928:	64a2                	ld	s1,8(sp)
   1292a:	6105                	addi	sp,sp,32
   1292c:	8082                	ret

000000000001292e <_reclaim_reent>:
   1292e:	2281b783          	ld	a5,552(gp) # 1d560 <_impure_ptr>
   12932:	08a78063          	beq	a5,a0,129b2 <_reclaim_reent+0x84>
   12936:	752c                	ld	a1,104(a0)
   12938:	7179                	addi	sp,sp,-48
   1293a:	ec26                	sd	s1,24(sp)
   1293c:	f406                	sd	ra,40(sp)
   1293e:	f022                	sd	s0,32(sp)
   12940:	84aa                	mv	s1,a0
   12942:	c98d                	beqz	a1,12974 <_reclaim_reent+0x46>
   12944:	e84a                	sd	s2,16(sp)
   12946:	e44e                	sd	s3,8(sp)
   12948:	4901                	li	s2,0
   1294a:	20000993          	li	s3,512
   1294e:	012587b3          	add	a5,a1,s2
   12952:	6380                	ld	s0,0(a5)
   12954:	c801                	beqz	s0,12964 <_reclaim_reent+0x36>
   12956:	85a2                	mv	a1,s0
   12958:	6000                	ld	s0,0(s0)
   1295a:	8526                	mv	a0,s1
   1295c:	57a000ef          	jal	12ed6 <_free_r>
   12960:	f87d                	bnez	s0,12956 <_reclaim_reent+0x28>
   12962:	74ac                	ld	a1,104(s1)
   12964:	0921                	addi	s2,s2,8
   12966:	ff3914e3          	bne	s2,s3,1294e <_reclaim_reent+0x20>
   1296a:	8526                	mv	a0,s1
   1296c:	56a000ef          	jal	12ed6 <_free_r>
   12970:	6942                	ld	s2,16(sp)
   12972:	69a2                	ld	s3,8(sp)
   12974:	68ac                	ld	a1,80(s1)
   12976:	c581                	beqz	a1,1297e <_reclaim_reent+0x50>
   12978:	8526                	mv	a0,s1
   1297a:	55c000ef          	jal	12ed6 <_free_r>
   1297e:	70a0                	ld	s0,96(s1)
   12980:	c419                	beqz	s0,1298e <_reclaim_reent+0x60>
   12982:	85a2                	mv	a1,s0
   12984:	6000                	ld	s0,0(s0)
   12986:	8526                	mv	a0,s1
   12988:	54e000ef          	jal	12ed6 <_free_r>
   1298c:	f87d                	bnez	s0,12982 <_reclaim_reent+0x54>
   1298e:	7cac                	ld	a1,120(s1)
   12990:	c581                	beqz	a1,12998 <_reclaim_reent+0x6a>
   12992:	8526                	mv	a0,s1
   12994:	542000ef          	jal	12ed6 <_free_r>
   12998:	64bc                	ld	a5,72(s1)
   1299a:	c799                	beqz	a5,129a8 <_reclaim_reent+0x7a>
   1299c:	7402                	ld	s0,32(sp)
   1299e:	70a2                	ld	ra,40(sp)
   129a0:	8526                	mv	a0,s1
   129a2:	64e2                	ld	s1,24(sp)
   129a4:	6145                	addi	sp,sp,48
   129a6:	8782                	jr	a5
   129a8:	70a2                	ld	ra,40(sp)
   129aa:	7402                	ld	s0,32(sp)
   129ac:	64e2                	ld	s1,24(sp)
   129ae:	6145                	addi	sp,sp,48
   129b0:	8082                	ret
   129b2:	8082                	ret

00000000000129b4 <_fstat_r>:
   129b4:	1101                	addi	sp,sp,-32
   129b6:	87ae                	mv	a5,a1
   129b8:	e822                	sd	s0,16(sp)
   129ba:	e426                	sd	s1,8(sp)
   129bc:	85b2                	mv	a1,a2
   129be:	84aa                	mv	s1,a0
   129c0:	853e                	mv	a0,a5
   129c2:	ec06                	sd	ra,24(sp)
   129c4:	2401ac23          	sw	zero,600(gp) # 1d590 <errno>
   129c8:	1a0070ef          	jal	19b68 <_fstat>
   129cc:	57fd                	li	a5,-1
   129ce:	00f50763          	beq	a0,a5,129dc <_fstat_r+0x28>
   129d2:	60e2                	ld	ra,24(sp)
   129d4:	6442                	ld	s0,16(sp)
   129d6:	64a2                	ld	s1,8(sp)
   129d8:	6105                	addi	sp,sp,32
   129da:	8082                	ret
   129dc:	2581a783          	lw	a5,600(gp) # 1d590 <errno>
   129e0:	dbed                	beqz	a5,129d2 <_fstat_r+0x1e>
   129e2:	60e2                	ld	ra,24(sp)
   129e4:	6442                	ld	s0,16(sp)
   129e6:	c09c                	sw	a5,0(s1)
   129e8:	64a2                	ld	s1,8(sp)
   129ea:	6105                	addi	sp,sp,32
   129ec:	8082                	ret

00000000000129ee <_lseek_r>:
   129ee:	1101                	addi	sp,sp,-32
   129f0:	87ae                	mv	a5,a1
   129f2:	e822                	sd	s0,16(sp)
   129f4:	e426                	sd	s1,8(sp)
   129f6:	85b2                	mv	a1,a2
   129f8:	84aa                	mv	s1,a0
   129fa:	8636                	mv	a2,a3
   129fc:	853e                	mv	a0,a5
   129fe:	ec06                	sd	ra,24(sp)
   12a00:	2401ac23          	sw	zero,600(gp) # 1d590 <errno>
   12a04:	1e4070ef          	jal	19be8 <_lseek>
   12a08:	57fd                	li	a5,-1
   12a0a:	00f50763          	beq	a0,a5,12a18 <_lseek_r+0x2a>
   12a0e:	60e2                	ld	ra,24(sp)
   12a10:	6442                	ld	s0,16(sp)
   12a12:	64a2                	ld	s1,8(sp)
   12a14:	6105                	addi	sp,sp,32
   12a16:	8082                	ret
   12a18:	2581a783          	lw	a5,600(gp) # 1d590 <errno>
   12a1c:	dbed                	beqz	a5,12a0e <_lseek_r+0x20>
   12a1e:	60e2                	ld	ra,24(sp)
   12a20:	6442                	ld	s0,16(sp)
   12a22:	c09c                	sw	a5,0(s1)
   12a24:	64a2                	ld	s1,8(sp)
   12a26:	6105                	addi	sp,sp,32
   12a28:	8082                	ret

0000000000012a2a <_open_r>:
   12a2a:	1101                	addi	sp,sp,-32
   12a2c:	87ae                	mv	a5,a1
   12a2e:	e822                	sd	s0,16(sp)
   12a30:	e426                	sd	s1,8(sp)
   12a32:	85b2                	mv	a1,a2
   12a34:	84aa                	mv	s1,a0
   12a36:	8636                	mv	a2,a3
   12a38:	853e                	mv	a0,a5
   12a3a:	ec06                	sd	ra,24(sp)
   12a3c:	2401ac23          	sw	zero,600(gp) # 1d590 <errno>
   12a40:	1d2070ef          	jal	19c12 <_open>
   12a44:	57fd                	li	a5,-1
   12a46:	00f50763          	beq	a0,a5,12a54 <_open_r+0x2a>
   12a4a:	60e2                	ld	ra,24(sp)
   12a4c:	6442                	ld	s0,16(sp)
   12a4e:	64a2                	ld	s1,8(sp)
   12a50:	6105                	addi	sp,sp,32
   12a52:	8082                	ret
   12a54:	2581a783          	lw	a5,600(gp) # 1d590 <errno>
   12a58:	dbed                	beqz	a5,12a4a <_open_r+0x20>
   12a5a:	60e2                	ld	ra,24(sp)
   12a5c:	6442                	ld	s0,16(sp)
   12a5e:	c09c                	sw	a5,0(s1)
   12a60:	64a2                	ld	s1,8(sp)
   12a62:	6105                	addi	sp,sp,32
   12a64:	8082                	ret

0000000000012a66 <_read_r>:
   12a66:	1101                	addi	sp,sp,-32
   12a68:	87ae                	mv	a5,a1
   12a6a:	e822                	sd	s0,16(sp)
   12a6c:	e426                	sd	s1,8(sp)
   12a6e:	85b2                	mv	a1,a2
   12a70:	84aa                	mv	s1,a0
   12a72:	8636                	mv	a2,a3
   12a74:	853e                	mv	a0,a5
   12a76:	ec06                	sd	ra,24(sp)
   12a78:	2401ac23          	sw	zero,600(gp) # 1d590 <errno>
   12a7c:	1c0070ef          	jal	19c3c <_read>
   12a80:	57fd                	li	a5,-1
   12a82:	00f50763          	beq	a0,a5,12a90 <_read_r+0x2a>
   12a86:	60e2                	ld	ra,24(sp)
   12a88:	6442                	ld	s0,16(sp)
   12a8a:	64a2                	ld	s1,8(sp)
   12a8c:	6105                	addi	sp,sp,32
   12a8e:	8082                	ret
   12a90:	2581a783          	lw	a5,600(gp) # 1d590 <errno>
   12a94:	dbed                	beqz	a5,12a86 <_read_r+0x20>
   12a96:	60e2                	ld	ra,24(sp)
   12a98:	6442                	ld	s0,16(sp)
   12a9a:	c09c                	sw	a5,0(s1)
   12a9c:	64a2                	ld	s1,8(sp)
   12a9e:	6105                	addi	sp,sp,32
   12aa0:	8082                	ret

0000000000012aa2 <_sbrk_r>:
   12aa2:	1101                	addi	sp,sp,-32
   12aa4:	e822                	sd	s0,16(sp)
   12aa6:	e426                	sd	s1,8(sp)
   12aa8:	84aa                	mv	s1,a0
   12aaa:	852e                	mv	a0,a1
   12aac:	ec06                	sd	ra,24(sp)
   12aae:	2401ac23          	sw	zero,600(gp) # 1d590 <errno>
   12ab2:	1b4070ef          	jal	19c66 <_sbrk>
   12ab6:	57fd                	li	a5,-1
   12ab8:	00f50763          	beq	a0,a5,12ac6 <_sbrk_r+0x24>
   12abc:	60e2                	ld	ra,24(sp)
   12abe:	6442                	ld	s0,16(sp)
   12ac0:	64a2                	ld	s1,8(sp)
   12ac2:	6105                	addi	sp,sp,32
   12ac4:	8082                	ret
   12ac6:	2581a783          	lw	a5,600(gp) # 1d590 <errno>
   12aca:	dbed                	beqz	a5,12abc <_sbrk_r+0x1a>
   12acc:	60e2                	ld	ra,24(sp)
   12ace:	6442                	ld	s0,16(sp)
   12ad0:	c09c                	sw	a5,0(s1)
   12ad2:	64a2                	ld	s1,8(sp)
   12ad4:	6105                	addi	sp,sp,32
   12ad6:	8082                	ret

0000000000012ad8 <_write_r>:
   12ad8:	1101                	addi	sp,sp,-32
   12ada:	87ae                	mv	a5,a1
   12adc:	e822                	sd	s0,16(sp)
   12ade:	e426                	sd	s1,8(sp)
   12ae0:	85b2                	mv	a1,a2
   12ae2:	84aa                	mv	s1,a0
   12ae4:	8636                	mv	a2,a3
   12ae6:	853e                	mv	a0,a5
   12ae8:	ec06                	sd	ra,24(sp)
   12aea:	2401ac23          	sw	zero,600(gp) # 1d590 <errno>
   12aee:	1cc070ef          	jal	19cba <_write>
   12af2:	57fd                	li	a5,-1
   12af4:	00f50763          	beq	a0,a5,12b02 <_write_r+0x2a>
   12af8:	60e2                	ld	ra,24(sp)
   12afa:	6442                	ld	s0,16(sp)
   12afc:	64a2                	ld	s1,8(sp)
   12afe:	6105                	addi	sp,sp,32
   12b00:	8082                	ret
   12b02:	2581a783          	lw	a5,600(gp) # 1d590 <errno>
   12b06:	dbed                	beqz	a5,12af8 <_write_r+0x20>
   12b08:	60e2                	ld	ra,24(sp)
   12b0a:	6442                	ld	s0,16(sp)
   12b0c:	c09c                	sw	a5,0(s1)
   12b0e:	64a2                	ld	s1,8(sp)
   12b10:	6105                	addi	sp,sp,32
   12b12:	8082                	ret

0000000000012b14 <__errno>:
   12b14:	2281b503          	ld	a0,552(gp) # 1d560 <_impure_ptr>
   12b18:	8082                	ret

0000000000012b1a <__libc_init_array>:
   12b1a:	1101                	addi	sp,sp,-32
   12b1c:	e822                	sd	s0,16(sp)
   12b1e:	e04a                	sd	s2,0(sp)
   12b20:	6475                	lui	s0,0x1d
   12b22:	6975                	lui	s2,0x1d
   12b24:	ec06                	sd	ra,24(sp)
   12b26:	e426                	sd	s1,8(sp)
   12b28:	99490913          	addi	s2,s2,-1644 # 1c994 <__preinit_array_end>
   12b2c:	99440413          	addi	s0,s0,-1644 # 1c994 <__preinit_array_end>
   12b30:	00890d63          	beq	s2,s0,12b4a <__libc_init_array+0x30>
   12b34:	40890933          	sub	s2,s2,s0
   12b38:	40395913          	srai	s2,s2,0x3
   12b3c:	4481                	li	s1,0
   12b3e:	601c                	ld	a5,0(s0)
   12b40:	0485                	addi	s1,s1,1
   12b42:	0421                	addi	s0,s0,8
   12b44:	9782                	jalr	a5
   12b46:	ff24ece3          	bltu	s1,s2,12b3e <__libc_init_array+0x24>
   12b4a:	6975                	lui	s2,0x1d
   12b4c:	6475                	lui	s0,0x1d
   12b4e:	9a890913          	addi	s2,s2,-1624 # 1c9a8 <__do_global_dtors_aux_fini_array_entry>
   12b52:	99840413          	addi	s0,s0,-1640 # 1c998 <__init_array_start>
   12b56:	00890d63          	beq	s2,s0,12b70 <__libc_init_array+0x56>
   12b5a:	40890933          	sub	s2,s2,s0
   12b5e:	40395913          	srai	s2,s2,0x3
   12b62:	4481                	li	s1,0
   12b64:	601c                	ld	a5,0(s0)
   12b66:	0485                	addi	s1,s1,1
   12b68:	0421                	addi	s0,s0,8
   12b6a:	9782                	jalr	a5
   12b6c:	ff24ece3          	bltu	s1,s2,12b64 <__libc_init_array+0x4a>
   12b70:	60e2                	ld	ra,24(sp)
   12b72:	6442                	ld	s0,16(sp)
   12b74:	64a2                	ld	s1,8(sp)
   12b76:	6902                	ld	s2,0(sp)
   12b78:	6105                	addi	sp,sp,32
   12b7a:	8082                	ret

0000000000012b7c <memset>:
   12b7c:	433d                	li	t1,15
   12b7e:	872a                	mv	a4,a0
   12b80:	02c37163          	bgeu	t1,a2,12ba2 <memset+0x26>
   12b84:	00f77793          	andi	a5,a4,15
   12b88:	e3c1                	bnez	a5,12c08 <memset+0x8c>
   12b8a:	e1bd                	bnez	a1,12bf0 <memset+0x74>
   12b8c:	ff067693          	andi	a3,a2,-16
   12b90:	8a3d                	andi	a2,a2,15
   12b92:	96ba                	add	a3,a3,a4
   12b94:	e30c                	sd	a1,0(a4)
   12b96:	e70c                	sd	a1,8(a4)
   12b98:	0741                	addi	a4,a4,16
   12b9a:	fed76de3          	bltu	a4,a3,12b94 <memset+0x18>
   12b9e:	e211                	bnez	a2,12ba2 <memset+0x26>
   12ba0:	8082                	ret
   12ba2:	40c306b3          	sub	a3,t1,a2
   12ba6:	068a                	slli	a3,a3,0x2
   12ba8:	00000297          	auipc	t0,0x0
   12bac:	9696                	add	a3,a3,t0
   12bae:	00a68067          	jr	10(a3)
   12bb2:	00b70723          	sb	a1,14(a4)
   12bb6:	00b706a3          	sb	a1,13(a4)
   12bba:	00b70623          	sb	a1,12(a4)
   12bbe:	00b705a3          	sb	a1,11(a4)
   12bc2:	00b70523          	sb	a1,10(a4)
   12bc6:	00b704a3          	sb	a1,9(a4)
   12bca:	00b70423          	sb	a1,8(a4)
   12bce:	00b703a3          	sb	a1,7(a4)
   12bd2:	00b70323          	sb	a1,6(a4)
   12bd6:	00b702a3          	sb	a1,5(a4)
   12bda:	00b70223          	sb	a1,4(a4)
   12bde:	00b701a3          	sb	a1,3(a4)
   12be2:	00b70123          	sb	a1,2(a4)
   12be6:	00b700a3          	sb	a1,1(a4)
   12bea:	00b70023          	sb	a1,0(a4)
   12bee:	8082                	ret
   12bf0:	0ff5f593          	zext.b	a1,a1
   12bf4:	00859693          	slli	a3,a1,0x8
   12bf8:	8dd5                	or	a1,a1,a3
   12bfa:	01059693          	slli	a3,a1,0x10
   12bfe:	8dd5                	or	a1,a1,a3
   12c00:	02059693          	slli	a3,a1,0x20
   12c04:	8dd5                	or	a1,a1,a3
   12c06:	b759                	j	12b8c <memset+0x10>
   12c08:	00279693          	slli	a3,a5,0x2
   12c0c:	00000297          	auipc	t0,0x0
   12c10:	9696                	add	a3,a3,t0
   12c12:	8286                	mv	t0,ra
   12c14:	fa2680e7          	jalr	-94(a3)
   12c18:	8096                	mv	ra,t0
   12c1a:	17c1                	addi	a5,a5,-16
   12c1c:	8f1d                	sub	a4,a4,a5
   12c1e:	963e                	add	a2,a2,a5
   12c20:	f8c371e3          	bgeu	t1,a2,12ba2 <memset+0x26>
   12c24:	b79d                	j	12b8a <memset+0xe>

0000000000012c26 <memcpy>:
   12c26:	00a5c7b3          	xor	a5,a1,a0
   12c2a:	8b9d                	andi	a5,a5,7
   12c2c:	00c508b3          	add	a7,a0,a2
   12c30:	e7c9                	bnez	a5,12cba <memcpy+0x94>
   12c32:	00863613          	sltiu	a2,a2,8
   12c36:	e251                	bnez	a2,12cba <memcpy+0x94>
   12c38:	00757713          	andi	a4,a0,7
   12c3c:	87aa                	mv	a5,a0
   12c3e:	eb39                	bnez	a4,12c94 <memcpy+0x6e>
   12c40:	ff88f713          	andi	a4,a7,-8
   12c44:	40f70633          	sub	a2,a4,a5
   12c48:	04000693          	li	a3,64
   12c4c:	08c6c763          	blt	a3,a2,12cda <memcpy+0xb4>
   12c50:	02e7ff63          	bgeu	a5,a4,12c8e <memcpy+0x68>
   12c54:	fff70313          	addi	t1,a4,-1
   12c58:	40f30333          	sub	t1,t1,a5
   12c5c:	00335313          	srli	t1,t1,0x3
   12c60:	00130693          	addi	a3,t1,1
   12c64:	8e3e                	mv	t3,a5
   12c66:	862e                	mv	a2,a1
   12c68:	0c56f757          	vsetvli	a4,a3,e8,mf8,ta,ma
   12c6c:	02067087          	vle64.v	v1,(a2)
   12c70:	00371813          	slli	a6,a4,0x3
   12c74:	8e99                	sub	a3,a3,a4
   12c76:	9642                	add	a2,a2,a6
   12c78:	0207f0a7          	vse64.v	v1,(a5)
   12c7c:	97c2                	add	a5,a5,a6
   12c7e:	f6ed                	bnez	a3,12c68 <memcpy+0x42>
   12c80:	00331793          	slli	a5,t1,0x3
   12c84:	05a1                	addi	a1,a1,8
   12c86:	008e0713          	addi	a4,t3,8
   12c8a:	95be                	add	a1,a1,a5
   12c8c:	97ba                	add	a5,a5,a4
   12c8e:	0317e963          	bltu	a5,a7,12cc0 <memcpy+0x9a>
   12c92:	8082                	ret
   12c94:	0005c683          	lbu	a3,0(a1)
   12c98:	0785                	addi	a5,a5,1
   12c9a:	0077f713          	andi	a4,a5,7
   12c9e:	fed78fa3          	sb	a3,-1(a5)
   12ca2:	0585                	addi	a1,a1,1
   12ca4:	df51                	beqz	a4,12c40 <memcpy+0x1a>
   12ca6:	0005c683          	lbu	a3,0(a1)
   12caa:	0785                	addi	a5,a5,1
   12cac:	0077f713          	andi	a4,a5,7
   12cb0:	fed78fa3          	sb	a3,-1(a5)
   12cb4:	0585                	addi	a1,a1,1
   12cb6:	ff79                	bnez	a4,12c94 <memcpy+0x6e>
   12cb8:	b761                	j	12c40 <memcpy+0x1a>
   12cba:	87aa                	mv	a5,a0
   12cbc:	07157a63          	bgeu	a0,a7,12d30 <memcpy+0x10a>
   12cc0:	40f886b3          	sub	a3,a7,a5
   12cc4:	0c06f757          	vsetvli	a4,a3,e8,m1,ta,ma
   12cc8:	02058087          	vle8.v	v1,(a1)
   12ccc:	8e99                	sub	a3,a3,a4
   12cce:	95ba                	add	a1,a1,a4
   12cd0:	020780a7          	vse8.v	v1,(a5)
   12cd4:	97ba                	add	a5,a5,a4
   12cd6:	f6fd                	bnez	a3,12cc4 <memcpy+0x9e>
   12cd8:	8082                	ret
   12cda:	cd817057          	vsetivli	zero,2,e64,m1,ta,ma
   12cde:	01058613          	addi	a2,a1,16
   12ce2:	0205f207          	vle64.v	v4,(a1)
   12ce6:	02067187          	vle64.v	v3,(a2)
   12cea:	02058613          	addi	a2,a1,32
   12cee:	02067107          	vle64.v	v2,(a2)
   12cf2:	03058613          	addi	a2,a1,48
   12cf6:	02067087          	vle64.v	v1,(a2)
   12cfa:	0207f227          	vse64.v	v4,(a5)
   12cfe:	01078613          	addi	a2,a5,16
   12d02:	020671a7          	vse64.v	v3,(a2)
   12d06:	02078613          	addi	a2,a5,32
   12d0a:	02067127          	vse64.v	v2,(a2)
   12d0e:	03078613          	addi	a2,a5,48
   12d12:	020670a7          	vse64.v	v1,(a2)
   12d16:	0405b803          	ld	a6,64(a1)
   12d1a:	04878793          	addi	a5,a5,72
   12d1e:	40f70633          	sub	a2,a4,a5
   12d22:	04858593          	addi	a1,a1,72
   12d26:	ff07bc23          	sd	a6,-8(a5)
   12d2a:	fac6cae3          	blt	a3,a2,12cde <memcpy+0xb8>
   12d2e:	b70d                	j	12c50 <memcpy+0x2a>
   12d30:	8082                	ret

0000000000012d32 <__call_exitprocs>:
   12d32:	715d                	addi	sp,sp,-80
   12d34:	f052                	sd	s4,32(sp)
   12d36:	f84a                	sd	s2,48(sp)
   12d38:	2601b903          	ld	s2,608(gp) # 1d598 <__atexit>
   12d3c:	e486                	sd	ra,72(sp)
   12d3e:	04090863          	beqz	s2,12d8e <__call_exitprocs+0x5c>
   12d42:	f44e                	sd	s3,40(sp)
   12d44:	ec56                	sd	s5,24(sp)
   12d46:	e85a                	sd	s6,16(sp)
   12d48:	e45e                	sd	s7,8(sp)
   12d4a:	e0a2                	sd	s0,64(sp)
   12d4c:	fc26                	sd	s1,56(sp)
   12d4e:	e062                	sd	s8,0(sp)
   12d50:	8b2a                	mv	s6,a0
   12d52:	8bae                	mv	s7,a1
   12d54:	59fd                	li	s3,-1
   12d56:	4a85                	li	s5,1
   12d58:	00892403          	lw	s0,8(s2)
   12d5c:	347d                	addiw	s0,s0,-1
   12d5e:	02044163          	bltz	s0,12d80 <__call_exitprocs+0x4e>
   12d62:	01090493          	addi	s1,s2,16
   12d66:	00341793          	slli	a5,s0,0x3
   12d6a:	94be                	add	s1,s1,a5
   12d6c:	020b8663          	beqz	s7,12d98 <__call_exitprocs+0x66>
   12d70:	2004b783          	ld	a5,512(s1)
   12d74:	03778263          	beq	a5,s7,12d98 <__call_exitprocs+0x66>
   12d78:	347d                	addiw	s0,s0,-1
   12d7a:	14e1                	addi	s1,s1,-8
   12d7c:	ff341ae3          	bne	s0,s3,12d70 <__call_exitprocs+0x3e>
   12d80:	6406                	ld	s0,64(sp)
   12d82:	74e2                	ld	s1,56(sp)
   12d84:	79a2                	ld	s3,40(sp)
   12d86:	6ae2                	ld	s5,24(sp)
   12d88:	6b42                	ld	s6,16(sp)
   12d8a:	6ba2                	ld	s7,8(sp)
   12d8c:	6c02                	ld	s8,0(sp)
   12d8e:	60a6                	ld	ra,72(sp)
   12d90:	7942                	ld	s2,48(sp)
   12d92:	7a02                	ld	s4,32(sp)
   12d94:	6161                	addi	sp,sp,80
   12d96:	8082                	ret
   12d98:	00892783          	lw	a5,8(s2)
   12d9c:	6094                	ld	a3,0(s1)
   12d9e:	37fd                	addiw	a5,a5,-1
   12da0:	04878c63          	beq	a5,s0,12df8 <__call_exitprocs+0xc6>
   12da4:	0004b023          	sd	zero,0(s1)
   12da8:	c295                	beqz	a3,12dcc <__call_exitprocs+0x9a>
   12daa:	31092783          	lw	a5,784(s2)
   12dae:	008a973b          	sllw	a4,s5,s0
   12db2:	00892c03          	lw	s8,8(s2)
   12db6:	8ff9                	and	a5,a5,a4
   12db8:	ef99                	bnez	a5,12dd6 <__call_exitprocs+0xa4>
   12dba:	9682                	jalr	a3
   12dbc:	00892703          	lw	a4,8(s2)
   12dc0:	2601b783          	ld	a5,608(gp) # 1d598 <__atexit>
   12dc4:	03871763          	bne	a4,s8,12df2 <__call_exitprocs+0xc0>
   12dc8:	03279563          	bne	a5,s2,12df2 <__call_exitprocs+0xc0>
   12dcc:	347d                	addiw	s0,s0,-1
   12dce:	14e1                	addi	s1,s1,-8
   12dd0:	f9341ee3          	bne	s0,s3,12d6c <__call_exitprocs+0x3a>
   12dd4:	b775                	j	12d80 <__call_exitprocs+0x4e>
   12dd6:	31492783          	lw	a5,788(s2)
   12dda:	1004b583          	ld	a1,256(s1)
   12dde:	8f7d                	and	a4,a4,a5
   12de0:	ef19                	bnez	a4,12dfe <__call_exitprocs+0xcc>
   12de2:	855a                	mv	a0,s6
   12de4:	9682                	jalr	a3
   12de6:	00892703          	lw	a4,8(s2)
   12dea:	2601b783          	ld	a5,608(gp) # 1d598 <__atexit>
   12dee:	fd870de3          	beq	a4,s8,12dc8 <__call_exitprocs+0x96>
   12df2:	d7d9                	beqz	a5,12d80 <__call_exitprocs+0x4e>
   12df4:	893e                	mv	s2,a5
   12df6:	b78d                	j	12d58 <__call_exitprocs+0x26>
   12df8:	00892423          	sw	s0,8(s2)
   12dfc:	b775                	j	12da8 <__call_exitprocs+0x76>
   12dfe:	852e                	mv	a0,a1
   12e00:	9682                	jalr	a3
   12e02:	bf6d                	j	12dbc <__call_exitprocs+0x8a>

0000000000012e04 <atexit>:
   12e04:	85aa                	mv	a1,a0
   12e06:	4681                	li	a3,0
   12e08:	4601                	li	a2,0
   12e0a:	4501                	li	a0,0
   12e0c:	11c0306f          	j	15f28 <__register_exitproc>

0000000000012e10 <_malloc_trim_r>:
   12e10:	7179                	addi	sp,sp,-48
   12e12:	e84a                	sd	s2,16(sp)
   12e14:	6975                	lui	s2,0x1d
   12e16:	f022                	sd	s0,32(sp)
   12e18:	ec26                	sd	s1,24(sp)
   12e1a:	e44e                	sd	s3,8(sp)
   12e1c:	842e                	mv	s0,a1
   12e1e:	f406                	sd	ra,40(sp)
   12e20:	89aa                	mv	s3,a0
   12e22:	9b090913          	addi	s2,s2,-1616 # 1c9b0 <__malloc_av_>
   12e26:	e7afe0ef          	jal	114a0 <__malloc_lock>
   12e2a:	01093783          	ld	a5,16(s2)
   12e2e:	6705                	lui	a4,0x1
   12e30:	6784                	ld	s1,8(a5)
   12e32:	98f1                	andi	s1,s1,-4
   12e34:	7ff48793          	addi	a5,s1,2047
   12e38:	7e078793          	addi	a5,a5,2016
   12e3c:	40878433          	sub	s0,a5,s0
   12e40:	8031                	srli	s0,s0,0xc
   12e42:	147d                	addi	s0,s0,-1
   12e44:	0432                	slli	s0,s0,0xc
   12e46:	00e44b63          	blt	s0,a4,12e5c <_malloc_trim_r+0x4c>
   12e4a:	4581                	li	a1,0
   12e4c:	854e                	mv	a0,s3
   12e4e:	c55ff0ef          	jal	12aa2 <_sbrk_r>
   12e52:	01093783          	ld	a5,16(s2)
   12e56:	97a6                	add	a5,a5,s1
   12e58:	00f50d63          	beq	a0,a5,12e72 <_malloc_trim_r+0x62>
   12e5c:	854e                	mv	a0,s3
   12e5e:	e44fe0ef          	jal	114a2 <__malloc_unlock>
   12e62:	70a2                	ld	ra,40(sp)
   12e64:	7402                	ld	s0,32(sp)
   12e66:	64e2                	ld	s1,24(sp)
   12e68:	6942                	ld	s2,16(sp)
   12e6a:	69a2                	ld	s3,8(sp)
   12e6c:	4501                	li	a0,0
   12e6e:	6145                	addi	sp,sp,48
   12e70:	8082                	ret
   12e72:	408005b3          	neg	a1,s0
   12e76:	854e                	mv	a0,s3
   12e78:	c2bff0ef          	jal	12aa2 <_sbrk_r>
   12e7c:	57fd                	li	a5,-1
   12e7e:	02f50863          	beq	a0,a5,12eae <_malloc_trim_r+0x9e>
   12e82:	01093683          	ld	a3,16(s2)
   12e86:	2b01a783          	lw	a5,688(gp) # 1d5e8 <__malloc_current_mallinfo>
   12e8a:	8c81                	sub	s1,s1,s0
   12e8c:	0014e493          	ori	s1,s1,1
   12e90:	854e                	mv	a0,s3
   12e92:	9f81                	subw	a5,a5,s0
   12e94:	e684                	sd	s1,8(a3)
   12e96:	2af1a823          	sw	a5,688(gp) # 1d5e8 <__malloc_current_mallinfo>
   12e9a:	e08fe0ef          	jal	114a2 <__malloc_unlock>
   12e9e:	70a2                	ld	ra,40(sp)
   12ea0:	7402                	ld	s0,32(sp)
   12ea2:	64e2                	ld	s1,24(sp)
   12ea4:	6942                	ld	s2,16(sp)
   12ea6:	69a2                	ld	s3,8(sp)
   12ea8:	4505                	li	a0,1
   12eaa:	6145                	addi	sp,sp,48
   12eac:	8082                	ret
   12eae:	4581                	li	a1,0
   12eb0:	854e                	mv	a0,s3
   12eb2:	bf1ff0ef          	jal	12aa2 <_sbrk_r>
   12eb6:	01093703          	ld	a4,16(s2)
   12eba:	46fd                	li	a3,31
   12ebc:	40e507b3          	sub	a5,a0,a4
   12ec0:	f8f6dee3          	bge	a3,a5,12e5c <_malloc_trim_r+0x4c>
   12ec4:	2181b603          	ld	a2,536(gp) # 1d550 <__malloc_sbrk_base>
   12ec8:	0017e793          	ori	a5,a5,1
   12ecc:	8d11                	sub	a0,a0,a2
   12ece:	e71c                	sd	a5,8(a4)
   12ed0:	2aa1a823          	sw	a0,688(gp) # 1d5e8 <__malloc_current_mallinfo>
   12ed4:	b761                	j	12e5c <_malloc_trim_r+0x4c>

0000000000012ed6 <_free_r>:
   12ed6:	c1ed                	beqz	a1,12fb8 <_free_r+0xe2>
   12ed8:	1101                	addi	sp,sp,-32
   12eda:	e822                	sd	s0,16(sp)
   12edc:	e42e                	sd	a1,8(sp)
   12ede:	842a                	mv	s0,a0
   12ee0:	ec06                	sd	ra,24(sp)
   12ee2:	dbefe0ef          	jal	114a0 <__malloc_lock>
   12ee6:	65a2                	ld	a1,8(sp)
   12ee8:	6875                	lui	a6,0x1d
   12eea:	9b080813          	addi	a6,a6,-1616 # 1c9b0 <__malloc_av_>
   12eee:	ff85b503          	ld	a0,-8(a1)
   12ef2:	ff058713          	addi	a4,a1,-16
   12ef6:	01083883          	ld	a7,16(a6)
   12efa:	ffe57793          	andi	a5,a0,-2
   12efe:	00f70633          	add	a2,a4,a5
   12f02:	6614                	ld	a3,8(a2)
   12f04:	00157313          	andi	t1,a0,1
   12f08:	9af1                	andi	a3,a3,-4
   12f0a:	12c88463          	beq	a7,a2,13032 <_free_r+0x15c>
   12f0e:	e614                	sd	a3,8(a2)
   12f10:	00d608b3          	add	a7,a2,a3
   12f14:	0088b883          	ld	a7,8(a7)
   12f18:	0018f893          	andi	a7,a7,1
   12f1c:	06031a63          	bnez	t1,12f90 <_free_r+0xba>
   12f20:	ff05b303          	ld	t1,-16(a1)
   12f24:	65f5                	lui	a1,0x1d
   12f26:	9c058593          	addi	a1,a1,-1600 # 1c9c0 <__malloc_av_+0x10>
   12f2a:	40670733          	sub	a4,a4,t1
   12f2e:	6b08                	ld	a0,16(a4)
   12f30:	979a                	add	a5,a5,t1
   12f32:	0eb50363          	beq	a0,a1,13018 <_free_r+0x142>
   12f36:	01873303          	ld	t1,24(a4) # 1018 <exit-0xf108>
   12f3a:	00653c23          	sd	t1,24(a0)
   12f3e:	00a33823          	sd	a0,16(t1)
   12f42:	12088263          	beqz	a7,13066 <_free_r+0x190>
   12f46:	0017e693          	ori	a3,a5,1
   12f4a:	e714                	sd	a3,8(a4)
   12f4c:	e21c                	sd	a5,0(a2)
   12f4e:	1ff00693          	li	a3,511
   12f52:	06f6ed63          	bltu	a3,a5,12fcc <_free_r+0xf6>
   12f56:	838d                	srli	a5,a5,0x3
   12f58:	00179693          	slli	a3,a5,0x1
   12f5c:	2689                	addiw	a3,a3,2
   12f5e:	068e                	slli	a3,a3,0x3
   12f60:	00883503          	ld	a0,8(a6)
   12f64:	96c2                	add	a3,a3,a6
   12f66:	628c                	ld	a1,0(a3)
   12f68:	4027d61b          	sraiw	a2,a5,0x2
   12f6c:	4785                	li	a5,1
   12f6e:	00c797b3          	sll	a5,a5,a2
   12f72:	8fc9                	or	a5,a5,a0
   12f74:	ff068613          	addi	a2,a3,-16
   12f78:	eb0c                	sd	a1,16(a4)
   12f7a:	ef10                	sd	a2,24(a4)
   12f7c:	00f83423          	sd	a5,8(a6)
   12f80:	e298                	sd	a4,0(a3)
   12f82:	ed98                	sd	a4,24(a1)
   12f84:	8522                	mv	a0,s0
   12f86:	6442                	ld	s0,16(sp)
   12f88:	60e2                	ld	ra,24(sp)
   12f8a:	6105                	addi	sp,sp,32
   12f8c:	d16fe06f          	j	114a2 <__malloc_unlock>
   12f90:	02089563          	bnez	a7,12fba <_free_r+0xe4>
   12f94:	65f5                	lui	a1,0x1d
   12f96:	97b6                	add	a5,a5,a3
   12f98:	9c058593          	addi	a1,a1,-1600 # 1c9c0 <__malloc_av_+0x10>
   12f9c:	6a14                	ld	a3,16(a2)
   12f9e:	0017e893          	ori	a7,a5,1
   12fa2:	00f70533          	add	a0,a4,a5
   12fa6:	10b68063          	beq	a3,a1,130a6 <_free_r+0x1d0>
   12faa:	6e10                	ld	a2,24(a2)
   12fac:	ee90                	sd	a2,24(a3)
   12fae:	ea14                	sd	a3,16(a2)
   12fb0:	01173423          	sd	a7,8(a4)
   12fb4:	e11c                	sd	a5,0(a0)
   12fb6:	bf61                	j	12f4e <_free_r+0x78>
   12fb8:	8082                	ret
   12fba:	00156513          	ori	a0,a0,1
   12fbe:	fea5bc23          	sd	a0,-8(a1)
   12fc2:	e21c                	sd	a5,0(a2)
   12fc4:	1ff00693          	li	a3,511
   12fc8:	f8f6f7e3          	bgeu	a3,a5,12f56 <_free_r+0x80>
   12fcc:	0097d693          	srli	a3,a5,0x9
   12fd0:	4611                	li	a2,4
   12fd2:	08d66c63          	bltu	a2,a3,1306a <_free_r+0x194>
   12fd6:	0067d693          	srli	a3,a5,0x6
   12fda:	00169593          	slli	a1,a3,0x1
   12fde:	0725859b          	addiw	a1,a1,114
   12fe2:	058e                	slli	a1,a1,0x3
   12fe4:	0386861b          	addiw	a2,a3,56
   12fe8:	95c2                	add	a1,a1,a6
   12fea:	6194                	ld	a3,0(a1)
   12fec:	15c1                	addi	a1,a1,-16
   12fee:	00d59663          	bne	a1,a3,12ffa <_free_r+0x124>
   12ff2:	a0e1                	j	130ba <_free_r+0x1e4>
   12ff4:	6a94                	ld	a3,16(a3)
   12ff6:	00d58663          	beq	a1,a3,13002 <_free_r+0x12c>
   12ffa:	6690                	ld	a2,8(a3)
   12ffc:	9a71                	andi	a2,a2,-4
   12ffe:	fec7ebe3          	bltu	a5,a2,12ff4 <_free_r+0x11e>
   13002:	6e8c                	ld	a1,24(a3)
   13004:	ef0c                	sd	a1,24(a4)
   13006:	eb14                	sd	a3,16(a4)
   13008:	8522                	mv	a0,s0
   1300a:	6442                	ld	s0,16(sp)
   1300c:	60e2                	ld	ra,24(sp)
   1300e:	e998                	sd	a4,16(a1)
   13010:	ee98                	sd	a4,24(a3)
   13012:	6105                	addi	sp,sp,32
   13014:	c8efe06f          	j	114a2 <__malloc_unlock>
   13018:	06089a63          	bnez	a7,1308c <_free_r+0x1b6>
   1301c:	6e0c                	ld	a1,24(a2)
   1301e:	6a10                	ld	a2,16(a2)
   13020:	96be                	add	a3,a3,a5
   13022:	0016e793          	ori	a5,a3,1
   13026:	ee0c                	sd	a1,24(a2)
   13028:	e990                	sd	a2,16(a1)
   1302a:	e71c                	sd	a5,8(a4)
   1302c:	9736                	add	a4,a4,a3
   1302e:	e314                	sd	a3,0(a4)
   13030:	bf91                	j	12f84 <_free_r+0xae>
   13032:	96be                	add	a3,a3,a5
   13034:	00031a63          	bnez	t1,13048 <_free_r+0x172>
   13038:	ff05b783          	ld	a5,-16(a1)
   1303c:	8f1d                	sub	a4,a4,a5
   1303e:	6b10                	ld	a2,16(a4)
   13040:	96be                	add	a3,a3,a5
   13042:	6f1c                	ld	a5,24(a4)
   13044:	ee1c                	sd	a5,24(a2)
   13046:	eb90                	sd	a2,16(a5)
   13048:	0016e613          	ori	a2,a3,1
   1304c:	2201b783          	ld	a5,544(gp) # 1d558 <__malloc_trim_threshold>
   13050:	e710                	sd	a2,8(a4)
   13052:	00e83823          	sd	a4,16(a6)
   13056:	f2f6e7e3          	bltu	a3,a5,12f84 <_free_r+0xae>
   1305a:	2481b583          	ld	a1,584(gp) # 1d580 <__malloc_top_pad>
   1305e:	8522                	mv	a0,s0
   13060:	db1ff0ef          	jal	12e10 <_malloc_trim_r>
   13064:	b705                	j	12f84 <_free_r+0xae>
   13066:	97b6                	add	a5,a5,a3
   13068:	bf15                	j	12f9c <_free_r+0xc6>
   1306a:	4651                	li	a2,20
   1306c:	02d67563          	bgeu	a2,a3,13096 <_free_r+0x1c0>
   13070:	05400613          	li	a2,84
   13074:	04d66e63          	bltu	a2,a3,130d0 <_free_r+0x1fa>
   13078:	00c7d693          	srli	a3,a5,0xc
   1307c:	00169593          	slli	a1,a3,0x1
   13080:	0de5859b          	addiw	a1,a1,222
   13084:	058e                	slli	a1,a1,0x3
   13086:	06e6861b          	addiw	a2,a3,110
   1308a:	bfb9                	j	12fe8 <_free_r+0x112>
   1308c:	0017e693          	ori	a3,a5,1
   13090:	e714                	sd	a3,8(a4)
   13092:	e21c                	sd	a5,0(a2)
   13094:	bdc5                	j	12f84 <_free_r+0xae>
   13096:	00169593          	slli	a1,a3,0x1
   1309a:	0b85859b          	addiw	a1,a1,184
   1309e:	058e                	slli	a1,a1,0x3
   130a0:	05b6861b          	addiw	a2,a3,91
   130a4:	b791                	j	12fe8 <_free_r+0x112>
   130a6:	02e83423          	sd	a4,40(a6)
   130aa:	02e83023          	sd	a4,32(a6)
   130ae:	ef0c                	sd	a1,24(a4)
   130b0:	eb0c                	sd	a1,16(a4)
   130b2:	01173423          	sd	a7,8(a4)
   130b6:	e11c                	sd	a5,0(a0)
   130b8:	b5f1                	j	12f84 <_free_r+0xae>
   130ba:	00883503          	ld	a0,8(a6)
   130be:	4026561b          	sraiw	a2,a2,0x2
   130c2:	4785                	li	a5,1
   130c4:	00c797b3          	sll	a5,a5,a2
   130c8:	8fc9                	or	a5,a5,a0
   130ca:	00f83423          	sd	a5,8(a6)
   130ce:	bf1d                	j	13004 <_free_r+0x12e>
   130d0:	15400613          	li	a2,340
   130d4:	00d66c63          	bltu	a2,a3,130ec <_free_r+0x216>
   130d8:	00f7d693          	srli	a3,a5,0xf
   130dc:	00169593          	slli	a1,a3,0x1
   130e0:	0f05859b          	addiw	a1,a1,240
   130e4:	058e                	slli	a1,a1,0x3
   130e6:	0776861b          	addiw	a2,a3,119
   130ea:	bdfd                	j	12fe8 <_free_r+0x112>
   130ec:	55400613          	li	a2,1364
   130f0:	00d66c63          	bltu	a2,a3,13108 <_free_r+0x232>
   130f4:	0127d693          	srli	a3,a5,0x12
   130f8:	00169593          	slli	a1,a3,0x1
   130fc:	0fa5859b          	addiw	a1,a1,250
   13100:	058e                	slli	a1,a1,0x3
   13102:	07c6861b          	addiw	a2,a3,124
   13106:	b5cd                	j	12fe8 <_free_r+0x112>
   13108:	7f000593          	li	a1,2032
   1310c:	07e00613          	li	a2,126
   13110:	bde1                	j	12fe8 <_free_r+0x112>

0000000000013112 <_strtoll_l.isra.0>:
   13112:	1141                	addi	sp,sp,-16
   13114:	68ed                	lui	a7,0x1b
   13116:	e422                	sd	s0,8(sp)
   13118:	87ae                	mv	a5,a1
   1311a:	842a                	mv	s0,a0
   1311c:	31988893          	addi	a7,a7,793 # 1b319 <_ctype_+0x1>
   13120:	833e                	mv	t1,a5
   13122:	0007c803          	lbu	a6,0(a5)
   13126:	0785                	addi	a5,a5,1
   13128:	01088733          	add	a4,a7,a6
   1312c:	00074703          	lbu	a4,0(a4)
   13130:	8b21                	andi	a4,a4,8
   13132:	f77d                	bnez	a4,13120 <_strtoll_l.isra.0+0xe>
   13134:	02d00713          	li	a4,45
   13138:	0008089b          	sext.w	a7,a6
   1313c:	fef6ff93          	andi	t6,a3,-17
   13140:	0ee80063          	beq	a6,a4,13220 <_strtoll_l.isra.0+0x10e>
   13144:	02b00713          	li	a4,43
   13148:	02e88563          	beq	a7,a4,13172 <_strtoll_l.isra.0+0x60>
   1314c:	020f9963          	bnez	t6,1317e <_strtoll_l.isra.0+0x6c>
   13150:	03000713          	li	a4,48
   13154:	16e88d63          	beq	a7,a4,132ce <_strtoll_l.isra.0+0x1bc>
   13158:	14068c63          	beqz	a3,132b0 <_strtoll_l.isra.0+0x19e>
   1315c:	537d                	li	t1,-1
   1315e:	46c1                	li	a3,16
   13160:	00535313          	srli	t1,t1,0x5
   13164:	82b6                	mv	t0,a3
   13166:	4fbd                	li	t6,15
   13168:	577d                	li	a4,-1
   1316a:	00175393          	srli	t2,a4,0x1
   1316e:	4f01                	li	t5,0
   13170:	a01d                	j	13196 <_strtoll_l.isra.0+0x84>
   13172:	0007c883          	lbu	a7,0(a5)
   13176:	00230793          	addi	a5,t1,2
   1317a:	0e0f8f63          	beqz	t6,13278 <_strtoll_l.isra.0+0x166>
   1317e:	537d                	li	t1,-1
   13180:	00135313          	srli	t1,t1,0x1
   13184:	02d37533          	remu	a0,t1,a3
   13188:	839a                	mv	t2,t1
   1318a:	82b6                	mv	t0,a3
   1318c:	4f01                	li	t5,0
   1318e:	02d35333          	divu	t1,t1,a3
   13192:	00050f9b          	sext.w	t6,a0
   13196:	4801                	li	a6,0
   13198:	4501                	li	a0,0
   1319a:	4e25                	li	t3,9
   1319c:	4ee5                	li	t4,25
   1319e:	fd08871b          	addiw	a4,a7,-48
   131a2:	00ee7863          	bgeu	t3,a4,131b2 <_strtoll_l.isra.0+0xa0>
   131a6:	fbf8871b          	addiw	a4,a7,-65
   131aa:	02eee663          	bltu	t4,a4,131d6 <_strtoll_l.isra.0+0xc4>
   131ae:	fc98871b          	addiw	a4,a7,-55
   131b2:	02d75a63          	bge	a4,a3,131e6 <_strtoll_l.isra.0+0xd4>
   131b6:	0805                	addi	a6,a6,1
   131b8:	00080d63          	beqz	a6,131d2 <_strtoll_l.isra.0+0xc0>
   131bc:	00a36b63          	bltu	t1,a0,131d2 <_strtoll_l.isra.0+0xc0>
   131c0:	04651163          	bne	a0,t1,13202 <_strtoll_l.isra.0+0xf0>
   131c4:	587d                	li	a6,-1
   131c6:	02efde63          	bge	t6,a4,13202 <_strtoll_l.isra.0+0xf0>
   131ca:	0785                	addi	a5,a5,1
   131cc:	fff7c883          	lbu	a7,-1(a5)
   131d0:	b7f9                	j	1319e <_strtoll_l.isra.0+0x8c>
   131d2:	587d                	li	a6,-1
   131d4:	bfdd                	j	131ca <_strtoll_l.isra.0+0xb8>
   131d6:	f9f8871b          	addiw	a4,a7,-97
   131da:	00eee663          	bltu	t4,a4,131e6 <_strtoll_l.isra.0+0xd4>
   131de:	fa98871b          	addiw	a4,a7,-87
   131e2:	fcd74ae3          	blt	a4,a3,131b6 <_strtoll_l.isra.0+0xa4>
   131e6:	577d                	li	a4,-1
   131e8:	02e80363          	beq	a6,a4,1320e <_strtoll_l.isra.0+0xfc>
   131ec:	000f0463          	beqz	t5,131f4 <_strtoll_l.isra.0+0xe2>
   131f0:	40a00533          	neg	a0,a0
   131f4:	c601                	beqz	a2,131fc <_strtoll_l.isra.0+0xea>
   131f6:	06081f63          	bnez	a6,13274 <_strtoll_l.isra.0+0x162>
   131fa:	e20c                	sd	a1,0(a2)
   131fc:	6422                	ld	s0,8(sp)
   131fe:	0141                	addi	sp,sp,16
   13200:	8082                	ret
   13202:	025508b3          	mul	a7,a0,t0
   13206:	4805                	li	a6,1
   13208:	01170533          	add	a0,a4,a7
   1320c:	bf7d                	j	131ca <_strtoll_l.isra.0+0xb8>
   1320e:	02200693          	li	a3,34
   13212:	c014                	sw	a3,0(s0)
   13214:	851e                	mv	a0,t2
   13216:	d27d                	beqz	a2,131fc <_strtoll_l.isra.0+0xea>
   13218:	fff78593          	addi	a1,a5,-1
   1321c:	851e                	mv	a0,t2
   1321e:	bff1                	j	131fa <_strtoll_l.isra.0+0xe8>
   13220:	0007c883          	lbu	a7,0(a5)
   13224:	00230793          	addi	a5,t1,2
   13228:	020f9a63          	bnez	t6,1325c <_strtoll_l.isra.0+0x14a>
   1322c:	03000713          	li	a4,48
   13230:	0ce88263          	beq	a7,a4,132f4 <_strtoll_l.isra.0+0x1e2>
   13234:	e2f5                	bnez	a3,13318 <_strtoll_l.isra.0+0x206>
   13236:	33333737          	lui	a4,0x33333
   1323a:	03333337          	lui	t1,0x3333
   1323e:	33370713          	addi	a4,a4,819 # 33333333 <__BSS_END__+0x333157fb>
   13242:	33330313          	addi	t1,t1,819 # 3333333 <__BSS_END__+0x33157fb>
   13246:	070a                	slli	a4,a4,0x2
   13248:	130a                	slli	t1,t1,0x22
   1324a:	933a                	add	t1,t1,a4
   1324c:	46a9                	li	a3,10
   1324e:	577d                	li	a4,-1
   13250:	82b6                	mv	t0,a3
   13252:	03f71393          	slli	t2,a4,0x3f
   13256:	4fa1                	li	t6,8
   13258:	4f05                	li	t5,1
   1325a:	bf35                	j	13196 <_strtoll_l.isra.0+0x84>
   1325c:	537d                	li	t1,-1
   1325e:	137e                	slli	t1,t1,0x3f
   13260:	02d37533          	remu	a0,t1,a3
   13264:	839a                	mv	t2,t1
   13266:	82b6                	mv	t0,a3
   13268:	4f05                	li	t5,1
   1326a:	02d35333          	divu	t1,t1,a3
   1326e:	00050f9b          	sext.w	t6,a0
   13272:	b715                	j	13196 <_strtoll_l.isra.0+0x84>
   13274:	83aa                	mv	t2,a0
   13276:	b74d                	j	13218 <_strtoll_l.isra.0+0x106>
   13278:	03000713          	li	a4,48
   1327c:	ece89ee3          	bne	a7,a4,13158 <_strtoll_l.isra.0+0x46>
   13280:	00234703          	lbu	a4,2(t1)
   13284:	05800513          	li	a0,88
   13288:	0df77713          	andi	a4,a4,223
   1328c:	06a71063          	bne	a4,a0,132ec <_strtoll_l.isra.0+0x1da>
   13290:	00334883          	lbu	a7,3(t1)
   13294:	46c1                	li	a3,16
   13296:	82b6                	mv	t0,a3
   13298:	00430793          	addi	a5,t1,4
   1329c:	537d                	li	t1,-1
   1329e:	00135313          	srli	t1,t1,0x1
   132a2:	02537533          	remu	a0,t1,t0
   132a6:	02535333          	divu	t1,t1,t0
   132aa:	00050f9b          	sext.w	t6,a0
   132ae:	bd6d                	j	13168 <_strtoll_l.isra.0+0x56>
   132b0:	33333737          	lui	a4,0x33333
   132b4:	03333337          	lui	t1,0x3333
   132b8:	33370713          	addi	a4,a4,819 # 33333333 <__BSS_END__+0x333157fb>
   132bc:	33330313          	addi	t1,t1,819 # 3333333 <__BSS_END__+0x33157fb>
   132c0:	070a                	slli	a4,a4,0x2
   132c2:	130a                	slli	t1,t1,0x22
   132c4:	46a9                	li	a3,10
   132c6:	933a                	add	t1,t1,a4
   132c8:	82b6                	mv	t0,a3
   132ca:	4f9d                	li	t6,7
   132cc:	bd71                	j	13168 <_strtoll_l.isra.0+0x56>
   132ce:	0007c703          	lbu	a4,0(a5)
   132d2:	05800513          	li	a0,88
   132d6:	0df77713          	andi	a4,a4,223
   132da:	00a71963          	bne	a4,a0,132ec <_strtoll_l.isra.0+0x1da>
   132de:	46c1                	li	a3,16
   132e0:	0017c883          	lbu	a7,1(a5)
   132e4:	82b6                	mv	t0,a3
   132e6:	00330793          	addi	a5,t1,3
   132ea:	bf4d                	j	1329c <_strtoll_l.isra.0+0x18a>
   132ec:	e6b9                	bnez	a3,1333a <_strtoll_l.isra.0+0x228>
   132ee:	46a1                	li	a3,8
   132f0:	82b6                	mv	t0,a3
   132f2:	b76d                	j	1329c <_strtoll_l.isra.0+0x18a>
   132f4:	00234703          	lbu	a4,2(t1)
   132f8:	05800513          	li	a0,88
   132fc:	0df77713          	andi	a4,a4,223
   13300:	02a70663          	beq	a4,a0,1332c <_strtoll_l.isra.0+0x21a>
   13304:	ce95                	beqz	a3,13340 <_strtoll_l.isra.0+0x22e>
   13306:	46c1                	li	a3,16
   13308:	82b6                	mv	t0,a3
   1330a:	577d                	li	a4,-1
   1330c:	177e                	slli	a4,a4,0x3f
   1330e:	02575333          	divu	t1,a4,t0
   13312:	83ba                	mv	t2,a4
   13314:	4f05                	li	t5,1
   13316:	b541                	j	13196 <_strtoll_l.isra.0+0x84>
   13318:	4505                	li	a0,1
   1331a:	46c1                	li	a3,16
   1331c:	577d                	li	a4,-1
   1331e:	03b51313          	slli	t1,a0,0x3b
   13322:	8f2a                	mv	t5,a0
   13324:	82b6                	mv	t0,a3
   13326:	03f71393          	slli	t2,a4,0x3f
   1332a:	b5b5                	j	13196 <_strtoll_l.isra.0+0x84>
   1332c:	46c1                	li	a3,16
   1332e:	00334883          	lbu	a7,3(t1)
   13332:	82b6                	mv	t0,a3
   13334:	00430793          	addi	a5,t1,4
   13338:	bfc9                	j	1330a <_strtoll_l.isra.0+0x1f8>
   1333a:	46c1                	li	a3,16
   1333c:	82b6                	mv	t0,a3
   1333e:	bfb9                	j	1329c <_strtoll_l.isra.0+0x18a>
   13340:	46a1                	li	a3,8
   13342:	82b6                	mv	t0,a3
   13344:	b7d9                	j	1330a <_strtoll_l.isra.0+0x1f8>

0000000000013346 <_strtoll_r>:
   13346:	b3f1                	j	13112 <_strtoll_l.isra.0>

0000000000013348 <strtoll_l>:
   13348:	872a                	mv	a4,a0
   1334a:	2281b503          	ld	a0,552(gp) # 1d560 <_impure_ptr>
   1334e:	86b2                	mv	a3,a2
   13350:	862e                	mv	a2,a1
   13352:	85ba                	mv	a1,a4
   13354:	bb7d                	j	13112 <_strtoll_l.isra.0>

0000000000013356 <strtoll>:
   13356:	872a                	mv	a4,a0
   13358:	2281b503          	ld	a0,552(gp) # 1d560 <_impure_ptr>
   1335c:	86b2                	mv	a3,a2
   1335e:	862e                	mv	a2,a1
   13360:	85ba                	mv	a1,a4
   13362:	bb45                	j	13112 <_strtoll_l.isra.0>

0000000000013364 <_vfprintf_r>:
   13364:	db010113          	addi	sp,sp,-592
   13368:	24113423          	sd	ra,584(sp)
   1336c:	24813023          	sd	s0,576(sp)
   13370:	22913c23          	sd	s1,568(sp)
   13374:	21613823          	sd	s6,528(sp)
   13378:	ec36                	sd	a3,24(sp)
   1337a:	8b32                	mv	s6,a2
   1337c:	84ae                	mv	s1,a1
   1337e:	842a                	mv	s0,a0
   13380:	e02a                	sd	a0,0(sp)
   13382:	11d020ef          	jal	15c9e <_localeconv_r>
   13386:	611c                	ld	a5,0(a0)
   13388:	853e                	mv	a0,a5
   1338a:	e8be                	sd	a5,80(sp)
   1338c:	26b020ef          	jal	15df6 <strlen>
   13390:	e4aa                	sd	a0,72(sp)
   13392:	e982                	sd	zero,208(sp)
   13394:	ed82                	sd	zero,216(sp)
   13396:	c409                	beqz	s0,133a0 <_vfprintf_r+0x3c>
   13398:	643c                	ld	a5,72(s0)
   1339a:	e399                	bnez	a5,133a0 <_vfprintf_r+0x3c>
   1339c:	3c20106f          	j	1475e <_vfprintf_r+0x13fa>
   133a0:	01049783          	lh	a5,16(s1)
   133a4:	0ac4a703          	lw	a4,172(s1)
   133a8:	6609                	lui	a2,0x2
   133aa:	03279693          	slli	a3,a5,0x32
   133ae:	2606cb63          	bltz	a3,13624 <_vfprintf_r+0x2c0>
   133b2:	76f9                	lui	a3,0xffffe
   133b4:	8fd1                	or	a5,a5,a2
   133b6:	16fd                	addi	a3,a3,-1 # ffffffffffffdfff <__BSS_END__+0xfffffffffffe04c7>
   133b8:	8f75                	and	a4,a4,a3
   133ba:	00f49823          	sh	a5,16(s1)
   133be:	0107979b          	slliw	a5,a5,0x10
   133c2:	4107d79b          	sraiw	a5,a5,0x10
   133c6:	0ae4a623          	sw	a4,172(s1)
   133ca:	0087f713          	andi	a4,a5,8
   133ce:	20070763          	beqz	a4,135dc <_vfprintf_r+0x278>
   133d2:	6c98                	ld	a4,24(s1)
   133d4:	20070463          	beqz	a4,135dc <_vfprintf_r+0x278>
   133d8:	8be9                	andi	a5,a5,26
   133da:	4729                	li	a4,10
   133dc:	20e78b63          	beq	a5,a4,135f2 <_vfprintf_r+0x28e>
   133e0:	67ed                	lui	a5,0x1b
   133e2:	23313423          	sd	s3,552(sp)
   133e6:	23413023          	sd	s4,544(sp)
   133ea:	16010993          	addi	s3,sp,352
   133ee:	6a6d                	lui	s4,0x1b
   133f0:	41c78793          	addi	a5,a5,1052 # 1b41c <_ctype_+0x104>
   133f4:	21713423          	sd	s7,520(sp)
   133f8:	ffe6                	sd	s9,504(sp)
   133fa:	23213823          	sd	s2,560(sp)
   133fe:	21513c23          	sd	s5,536(sp)
   13402:	21813023          	sd	s8,512(sp)
   13406:	fbea                	sd	s10,496(sp)
   13408:	f7ee                	sd	s11,488(sp)
   1340a:	f982                	sd	zero,240(sp)
   1340c:	d582                	sw	zero,232(sp)
   1340e:	f1ce                	sd	s3,224(sp)
   13410:	8bce                	mv	s7,s3
   13412:	f43e                	sd	a5,40(sp)
   13414:	588a0a13          	addi	s4,s4,1416 # 1b588 <zeroes.0>
   13418:	f802                	sd	zero,48(sp)
   1341a:	f482                	sd	zero,104(sp)
   1341c:	fc82                	sd	zero,120(sp)
   1341e:	e502                	sd	zero,136(sp)
   13420:	f882                	sd	zero,112(sp)
   13422:	e802                	sd	zero,16(sp)
   13424:	4441                	li	s0,16
   13426:	8cda                	mv	s9,s6
   13428:	e426                	sd	s1,8(sp)
   1342a:	cc517057          	vsetivli	zero,2,e8,mf8,ta,ma
   1342e:	000cc703          	lbu	a4,0(s9)
   13432:	8966                	mv	s2,s9
   13434:	fdb70793          	addi	a5,a4,-37
   13438:	0007069b          	sext.w	a3,a4
   1343c:	c7a1                	beqz	a5,13484 <_vfprintf_r+0x120>
   1343e:	c2b9                	beqz	a3,13484 <_vfprintf_r+0x120>
   13440:	8aca                	mv	s5,s2
   13442:	00194703          	lbu	a4,1(s2)
   13446:	0905                	addi	s2,s2,1
   13448:	0007079b          	sext.w	a5,a4
   1344c:	c701                	beqz	a4,13454 <_vfprintf_r+0xf0>
   1344e:	fdb78793          	addi	a5,a5,-37
   13452:	f7fd                	bnez	a5,13440 <_vfprintf_r+0xdc>
   13454:	41990b3b          	subw	s6,s2,s9
   13458:	020b0663          	beqz	s6,13484 <_vfprintf_r+0x120>
   1345c:	774e                	ld	a4,240(sp)
   1345e:	57ae                	lw	a5,232(sp)
   13460:	019bb023          	sd	s9,0(s7)
   13464:	975a                	add	a4,a4,s6
   13466:	2785                	addiw	a5,a5,1
   13468:	016bb423          	sd	s6,8(s7)
   1346c:	f9ba                	sd	a4,240(sp)
   1346e:	d5be                	sw	a5,232(sp)
   13470:	471d                	li	a4,7
   13472:	0bc1                	addi	s7,s7,16
   13474:	18f74c63          	blt	a4,a5,1360c <_vfprintf_r+0x2a8>
   13478:	67c2                	ld	a5,16(sp)
   1347a:	001ac703          	lbu	a4,1(s5)
   1347e:	016787bb          	addw	a5,a5,s6
   13482:	e83e                	sd	a5,16(sp)
   13484:	e319                	bnez	a4,1348a <_vfprintf_r+0x126>
   13486:	36a0106f          	j	147f0 <_vfprintf_r+0x148c>
   1348a:	00194303          	lbu	t1,1(s2)
   1348e:	00190c93          	addi	s9,s2,1
   13492:	0a0103a3          	sb	zero,167(sp)
   13496:	5afd                	li	s5,-1
   13498:	4d01                	li	s10,0
   1349a:	05a00913          	li	s2,90
   1349e:	4481                	li	s1,0
   134a0:	0c85                	addi	s9,s9,1
   134a2:	00030d9b          	sext.w	s11,t1
   134a6:	fe0d879b          	addiw	a5,s11,-32
   134aa:	04f96363          	bltu	s2,a5,134f0 <_vfprintf_r+0x18c>
   134ae:	02079713          	slli	a4,a5,0x20
   134b2:	01e75793          	srli	a5,a4,0x1e
   134b6:	7722                	ld	a4,40(sp)
   134b8:	97ba                	add	a5,a5,a4
   134ba:	439c                	lw	a5,0(a5)
   134bc:	8782                	jr	a5
   134be:	4d01                	li	s10,0
   134c0:	46a5                	li	a3,9
   134c2:	002d179b          	slliw	a5,s10,0x2
   134c6:	0c85                	addi	s9,s9,1
   134c8:	01a78d3b          	addw	s10,a5,s10
   134cc:	fffcc783          	lbu	a5,-1(s9)
   134d0:	fd0d8d9b          	addiw	s11,s11,-48
   134d4:	001d1d1b          	slliw	s10,s10,0x1
   134d8:	fd07871b          	addiw	a4,a5,-48
   134dc:	01ad8d3b          	addw	s10,s11,s10
   134e0:	00078d9b          	sext.w	s11,a5
   134e4:	fce6ffe3          	bgeu	a3,a4,134c2 <_vfprintf_r+0x15e>
   134e8:	fe0d879b          	addiw	a5,s11,-32
   134ec:	fcf971e3          	bgeu	s2,a5,134ae <_vfprintf_r+0x14a>
   134f0:	8e26                	mv	t3,s1
   134f2:	000d9463          	bnez	s11,134fa <_vfprintf_r+0x196>
   134f6:	2fa0106f          	j	147f0 <_vfprintf_r+0x148c>
   134fa:	4885                	li	a7,1
   134fc:	0fb10c23          	sb	s11,248(sp)
   13500:	0a0103a3          	sb	zero,167(sp)
   13504:	8846                	mv	a6,a7
   13506:	f002                	sd	zero,32(sp)
   13508:	4a81                	li	s5,0
   1350a:	e082                	sd	zero,64(sp)
   1350c:	fc02                	sd	zero,56(sp)
   1350e:	4481                	li	s1,0
   13510:	19bc                	addi	a5,sp,248
   13512:	794e                	ld	s2,240(sp)
   13514:	084e7b13          	andi	s6,t3,132
   13518:	85ca                	mv	a1,s2
   1351a:	6e0b0563          	beqz	s6,13c04 <_vfprintf_r+0x8a0>
   1351e:	0a714703          	lbu	a4,167(sp)
   13522:	c339                	beqz	a4,13568 <_vfprintf_r+0x204>
   13524:	562e                	lw	a2,232(sp)
   13526:	4381                	li	t2,0
   13528:	0a710713          	addi	a4,sp,167
   1352c:	00ebb023          	sd	a4,0(s7)
   13530:	0905                	addi	s2,s2,1
   13532:	4705                	li	a4,1
   13534:	2605                	addiw	a2,a2,1 # 2001 <exit-0xe11f>
   13536:	00ebb423          	sd	a4,8(s7)
   1353a:	f9ca                	sd	s2,240(sp)
   1353c:	d5b2                	sw	a2,232(sp)
   1353e:	471d                	li	a4,7
   13540:	0bc1                	addi	s7,s7,16
   13542:	2ec74363          	blt	a4,a2,13828 <_vfprintf_r+0x4c4>
   13546:	02038163          	beqz	t2,13568 <_vfprintf_r+0x204>
   1354a:	562e                	lw	a2,232(sp)
   1354c:	1138                	addi	a4,sp,168
   1354e:	00ebb023          	sd	a4,0(s7)
   13552:	0909                	addi	s2,s2,2
   13554:	4709                	li	a4,2
   13556:	2605                	addiw	a2,a2,1
   13558:	00ebb423          	sd	a4,8(s7)
   1355c:	f9ca                	sd	s2,240(sp)
   1355e:	d5b2                	sw	a2,232(sp)
   13560:	471d                	li	a4,7
   13562:	0bc1                	addi	s7,s7,16
   13564:	32c744e3          	blt	a4,a2,1408c <_vfprintf_r+0xd28>
   13568:	08000713          	li	a4,128
   1356c:	12eb02e3          	beq	s6,a4,13e90 <_vfprintf_r+0xb2c>
   13570:	411a8abb          	subw	s5,s5,a7
   13574:	6b504463          	bgtz	s5,13c1c <_vfprintf_r+0x8b8>
   13578:	100e7713          	andi	a4,t3,256
   1357c:	74071b63          	bnez	a4,13cd2 <_vfprintf_r+0x96e>
   13580:	00fbb023          	sd	a5,0(s7)
   13584:	57ae                	lw	a5,232(sp)
   13586:	9946                	add	s2,s2,a7
   13588:	f9ca                	sd	s2,240(sp)
   1358a:	2785                	addiw	a5,a5,1
   1358c:	011bb423          	sd	a7,8(s7)
   13590:	471d                	li	a4,7
   13592:	d5be                	sw	a5,232(sp)
   13594:	2ef74063          	blt	a4,a5,13874 <_vfprintf_r+0x510>
   13598:	0bc1                	addi	s7,s7,16
   1359a:	004e7f13          	andi	t5,t3,4
   1359e:	000f0663          	beqz	t5,135aa <_vfprintf_r+0x246>
   135a2:	410d0abb          	subw	s5,s10,a6
   135a6:	315047e3          	bgtz	s5,140b4 <_vfprintf_r+0xd50>
   135aa:	87ea                	mv	a5,s10
   135ac:	010d5363          	bge	s10,a6,135b2 <_vfprintf_r+0x24e>
   135b0:	87c2                	mv	a5,a6
   135b2:	6742                	ld	a4,16(sp)
   135b4:	9fb9                	addw	a5,a5,a4
   135b6:	e83e                	sd	a5,16(sp)
   135b8:	18091ce3          	bnez	s2,13f50 <_vfprintf_r+0xbec>
   135bc:	7782                	ld	a5,32(sp)
   135be:	d582                	sw	zero,232(sp)
   135c0:	c799                	beqz	a5,135ce <_vfprintf_r+0x26a>
   135c2:	7582                	ld	a1,32(sp)
   135c4:	6502                	ld	a0,0(sp)
   135c6:	911ff0ef          	jal	12ed6 <_free_r>
   135ca:	cc517057          	vsetivli	zero,2,e8,mf8,ta,ma
   135ce:	8bce                	mv	s7,s3
   135d0:	bdb9                	j	1342e <_vfprintf_r+0xca>
   135d2:	000cc303          	lbu	t1,0(s9)
   135d6:	0104e493          	ori	s1,s1,16
   135da:	b5d9                	j	134a0 <_vfprintf_r+0x13c>
   135dc:	6502                	ld	a0,0(sp)
   135de:	85a6                	mv	a1,s1
   135e0:	4ae020ef          	jal	15a8e <__swsetup_r>
   135e4:	e521                	bnez	a0,1362c <_vfprintf_r+0x2c8>
   135e6:	01049783          	lh	a5,16(s1)
   135ea:	4729                	li	a4,10
   135ec:	8be9                	andi	a5,a5,26
   135ee:	dee799e3          	bne	a5,a4,133e0 <_vfprintf_r+0x7c>
   135f2:	01249783          	lh	a5,18(s1)
   135f6:	de07c5e3          	bltz	a5,133e0 <_vfprintf_r+0x7c>
   135fa:	66e2                	ld	a3,24(sp)
   135fc:	6502                	ld	a0,0(sp)
   135fe:	865a                	mv	a2,s6
   13600:	85a6                	mv	a1,s1
   13602:	661010ef          	jal	15462 <__sbprintf>
   13606:	e82a                	sd	a0,16(sp)
   13608:	26d0006f          	j	14074 <_vfprintf_r+0xd10>
   1360c:	65a2                	ld	a1,8(sp)
   1360e:	6502                	ld	a0,0(sp)
   13610:	1190                	addi	a2,sp,224
   13612:	6e3010ef          	jal	154f4 <__sprint_r>
   13616:	c119                	beqz	a0,1361c <_vfprintf_r+0x2b8>
   13618:	4310106f          	j	15248 <_vfprintf_r+0x1ee4>
   1361c:	8bce                	mv	s7,s3
   1361e:	cc517057          	vsetivli	zero,2,e8,mf8,ta,ma
   13622:	bd99                	j	13478 <_vfprintf_r+0x114>
   13624:	03271693          	slli	a3,a4,0x32
   13628:	da06d1e3          	bgez	a3,133ca <_vfprintf_r+0x66>
   1362c:	57fd                	li	a5,-1
   1362e:	e83e                	sd	a5,16(sp)
   13630:	2450006f          	j	14074 <_vfprintf_r+0xd10>
   13634:	0084f793          	andi	a5,s1,8
   13638:	8e26                	mv	t3,s1
   1363a:	580793e3          	bnez	a5,143c0 <_vfprintf_r+0x105c>
   1363e:	f026                	sd	s1,32(sp)
   13640:	64e2                	ld	s1,24(sp)
   13642:	2088                	fld	fa0,0(s1)
   13644:	063070ef          	jal	1aea6 <__extenddftf2>
   13648:	7e02                	ld	t3,32(sp)
   1364a:	00848793          	addi	a5,s1,8
   1364e:	ec3e                	sd	a5,24(sp)
   13650:	e9aa                	sd	a0,208(sp)
   13652:	0988                	addi	a0,sp,208
   13654:	f072                	sd	t3,32(sp)
   13656:	edae                	sd	a1,216(sp)
   13658:	2af020ef          	jal	16106 <_ldcheck>
   1365c:	d92a                	sw	a0,176(sp)
   1365e:	4789                	li	a5,2
   13660:	7e02                	ld	t3,32(sp)
   13662:	00f51463          	bne	a0,a5,1366a <_vfprintf_r+0x306>
   13666:	1460106f          	j	147ac <_vfprintf_r+0x1448>
   1366a:	4785                	li	a5,1
   1366c:	00f51463          	bne	a0,a5,13674 <_vfprintf_r+0x310>
   13670:	2300106f          	j	148a0 <_vfprintf_r+0x153c>
   13674:	fdfdf913          	andi	s2,s11,-33
   13678:	04100793          	li	a5,65
   1367c:	00f90463          	beq	s2,a5,13684 <_vfprintf_r+0x320>
   13680:	25a0106f          	j	148da <_vfprintf_r+0x1576>
   13684:	03000793          	li	a5,48
   13688:	0af10423          	sb	a5,168(sp)
   1368c:	06100713          	li	a4,97
   13690:	05800793          	li	a5,88
   13694:	00ed9463          	bne	s11,a4,1369c <_vfprintf_r+0x338>
   13698:	5ce0106f          	j	14c66 <_vfprintf_r+0x1902>
   1369c:	0af104a3          	sb	a5,169(sp)
   136a0:	06300793          	li	a5,99
   136a4:	0157d463          	bge	a5,s5,136ac <_vfprintf_r+0x348>
   136a8:	58a0106f          	j	14c32 <_vfprintf_r+0x18ce>
   136ac:	65ee                	ld	a1,216(sp)
   136ae:	654e                	ld	a0,208(sp)
   136b0:	0005d463          	bgez	a1,136b8 <_vfprintf_r+0x354>
   136b4:	2c70106f          	j	1517a <_vfprintf_r+0x1e16>
   136b8:	ec82                	sd	zero,88(sp)
   136ba:	f002                	sd	zero,32(sp)
   136bc:	19bc                	addi	a5,sp,248
   136be:	f83e                	sd	a5,48(sp)
   136c0:	1910                	addi	a2,sp,176
   136c2:	002e6793          	ori	a5,t3,2
   136c6:	fc3e                	sd	a5,56(sp)
   136c8:	7c8020ef          	jal	15e90 <frexpl>
   136cc:	00fff6b7          	lui	a3,0xfff
   136d0:	169a                	slli	a3,a3,0x26
   136d2:	4601                	li	a2,0
   136d4:	07f060ef          	jal	19f52 <__multf3>
   136d8:	4601                	li	a2,0
   136da:	4681                	li	a3,0
   136dc:	84aa                	mv	s1,a0
   136de:	892e                	mv	s2,a1
   136e0:	65e060ef          	jal	19d3e <__eqtf2>
   136e4:	77c2                	ld	a5,48(sp)
   136e6:	e119                	bnez	a0,136ec <_vfprintf_r+0x388>
   136e8:	4705                	li	a4,1
   136ea:	d93a                	sw	a4,176(sp)
   136ec:	06100713          	li	a4,97
   136f0:	00ed9463          	bne	s11,a4,136f8 <_vfprintf_r+0x394>
   136f4:	4470106f          	j	1533a <_vfprintf_r+0x1fd6>
   136f8:	676d                	lui	a4,0x1b
   136fa:	1d870713          	addi	a4,a4,472 # 1b1d8 <__clzdi2+0x26e>
   136fe:	f83a                	sd	a4,48(sp)
   13700:	e0de                	sd	s7,64(sp)
   13702:	f0e6                	sd	s9,96(sp)
   13704:	7bc2                	ld	s7,48(sp)
   13706:	8b3e                	mv	s6,a5
   13708:	8cbe                	mv	s9,a5
   1370a:	a809                	j	1371c <_vfprintf_r+0x3b8>
   1370c:	4601                	li	a2,0
   1370e:	4681                	li	a3,0
   13710:	62e060ef          	jal	19d3e <__eqtf2>
   13714:	e119                	bnez	a0,1371a <_vfprintf_r+0x3b6>
   13716:	3430106f          	j	15258 <_vfprintf_r+0x1ef4>
   1371a:	3afd                	addiw	s5,s5,-1
   1371c:	040036b7          	lui	a3,0x4003
   13720:	1692                	slli	a3,a3,0x24
   13722:	4601                	li	a2,0
   13724:	8526                	mv	a0,s1
   13726:	85ca                	mv	a1,s2
   13728:	02b060ef          	jal	19f52 <__multf3>
   1372c:	84ae                	mv	s1,a1
   1372e:	892a                	mv	s2,a0
   13730:	696070ef          	jal	1adc6 <__fixtfsi>
   13734:	00050c1b          	sext.w	s8,a0
   13738:	8562                	mv	a0,s8
   1373a:	71a070ef          	jal	1ae54 <__floatsitf>
   1373e:	862a                	mv	a2,a0
   13740:	86ae                	mv	a3,a1
   13742:	854a                	mv	a0,s2
   13744:	85a6                	mv	a1,s1
   13746:	621060ef          	jal	1a566 <__subtf3>
   1374a:	018b86b3          	add	a3,s7,s8
   1374e:	0006c683          	lbu	a3,0(a3) # 4003000 <__BSS_END__+0x3fe54c8>
   13752:	865a                	mv	a2,s6
   13754:	84aa                	mv	s1,a0
   13756:	00db0023          	sb	a3,0(s6)
   1375a:	0b05                	addi	s6,s6,1
   1375c:	892e                	mv	s2,a1
   1375e:	fa0a97e3          	bnez	s5,1370c <_vfprintf_r+0x3a8>
   13762:	01fff6b7          	lui	a3,0x1fff
   13766:	875a                	mv	a4,s6
   13768:	84b2                	mv	s1,a2
   1376a:	1696                	slli	a3,a3,0x25
   1376c:	4601                	li	a2,0
   1376e:	6b86                	ld	s7,64(sp)
   13770:	8b62                	mv	s6,s8
   13772:	e0e6                	sd	s9,64(sp)
   13774:	8aaa                	mv	s5,a0
   13776:	8c3a                	mv	s8,a4
   13778:	66e060ef          	jal	19de6 <__getf2>
   1377c:	7c86                	ld	s9,96(sp)
   1377e:	6786                	ld	a5,64(sp)
   13780:	00a04f63          	bgtz	a0,1379e <_vfprintf_r+0x43a>
   13784:	01fff6b7          	lui	a3,0x1fff
   13788:	8556                	mv	a0,s5
   1378a:	85ca                	mv	a1,s2
   1378c:	1696                	slli	a3,a3,0x25
   1378e:	4601                	li	a2,0
   13790:	5ae060ef          	jal	19d3e <__eqtf2>
   13794:	6786                	ld	a5,64(sp)
   13796:	e521                	bnez	a0,137de <_vfprintf_r+0x47a>
   13798:	001b7713          	andi	a4,s6,1
   1379c:	c329                	beqz	a4,137de <_vfprintf_r+0x47a>
   1379e:	7742                	ld	a4,48(sp)
   137a0:	e5a6                	sd	s1,200(sp)
   137a2:	fffc4683          	lbu	a3,-1(s8)
   137a6:	00f74603          	lbu	a2,15(a4)
   137aa:	8762                	mv	a4,s8
   137ac:	00d61e63          	bne	a2,a3,137c8 <_vfprintf_r+0x464>
   137b0:	03000593          	li	a1,48
   137b4:	feb70fa3          	sb	a1,-1(a4)
   137b8:	672e                	ld	a4,200(sp)
   137ba:	fff70693          	addi	a3,a4,-1
   137be:	e5b6                	sd	a3,200(sp)
   137c0:	fff74683          	lbu	a3,-1(a4)
   137c4:	fec688e3          	beq	a3,a2,137b4 <_vfprintf_r+0x450>
   137c8:	03900613          	li	a2,57
   137cc:	00c69463          	bne	a3,a2,137d4 <_vfprintf_r+0x470>
   137d0:	4170106f          	j	153e6 <_vfprintf_r+0x2082>
   137d4:	2685                	addiw	a3,a3,1 # 1fff001 <__BSS_END__+0x1fe14c9>
   137d6:	0ff6f693          	zext.b	a3,a3
   137da:	fed70fa3          	sb	a3,-1(a4)
   137de:	56ca                	lw	a3,176(sp)
   137e0:	00fd871b          	addiw	a4,s11,15
   137e4:	0ae10c23          	sb	a4,184(sp)
   137e8:	40fc063b          	subw	a2,s8,a5
   137ec:	fff6871b          	addiw	a4,a3,-1
   137f0:	d93a                	sw	a4,176(sp)
   137f2:	f832                	sd	a2,48(sp)
   137f4:	00075463          	bgez	a4,137fc <_vfprintf_r+0x498>
   137f8:	37f0106f          	j	15376 <_vfprintf_r+0x2012>
   137fc:	02b00693          	li	a3,43
   13800:	0ad10ca3          	sb	a3,185(sp)
   13804:	46a5                	li	a3,9
   13806:	00e6d463          	bge	a3,a4,1380e <_vfprintf_r+0x4aa>
   1380a:	5b60106f          	j	14dc0 <_vfprintf_r+0x1a5c>
   1380e:	0ba10693          	addi	a3,sp,186
   13812:	0307071b          	addiw	a4,a4,48
   13816:	00e68023          	sb	a4,0(a3)
   1381a:	1398                	addi	a4,sp,480
   1381c:	8e99                	sub	a3,a3,a4
   1381e:	1296871b          	addiw	a4,a3,297
   13822:	f4ba                	sd	a4,104(sp)
   13824:	6180106f          	j	14e3c <_vfprintf_r+0x1ad8>
   13828:	65a2                	ld	a1,8(sp)
   1382a:	6502                	ld	a0,0(sp)
   1382c:	1190                	addi	a2,sp,224
   1382e:	ed46                	sd	a7,152(sp)
   13830:	e942                	sd	a6,144(sp)
   13832:	e172                	sd	t3,128(sp)
   13834:	f0be                	sd	a5,96(sp)
   13836:	ec9e                	sd	t2,88(sp)
   13838:	4bd010ef          	jal	154f4 <__sprint_r>
   1383c:	000511e3          	bnez	a0,1403e <_vfprintf_r+0xcda>
   13840:	794e                	ld	s2,240(sp)
   13842:	68ea                	ld	a7,152(sp)
   13844:	684a                	ld	a6,144(sp)
   13846:	6e0a                	ld	t3,128(sp)
   13848:	7786                	ld	a5,96(sp)
   1384a:	63e6                	ld	t2,88(sp)
   1384c:	8bce                	mv	s7,s3
   1384e:	cc517057          	vsetivli	zero,2,e8,mf8,ta,ma
   13852:	b9d5                	j	13546 <_vfprintf_r+0x1e2>
   13854:	8e4a                	mv	t3,s2
   13856:	8856                	mv	a6,s5
   13858:	893a                	mv	s2,a4
   1385a:	8aa6                	mv	s5,s1
   1385c:	86e2                	mv	a3,s8
   1385e:	9956                	add	s2,s2,s5
   13860:	2785                	addiw	a5,a5,1
   13862:	f9ca                	sd	s2,240(sp)
   13864:	d5be                	sw	a5,232(sp)
   13866:	00dbb023          	sd	a3,0(s7)
   1386a:	015bb423          	sd	s5,8(s7)
   1386e:	471d                	li	a4,7
   13870:	d2f754e3          	bge	a4,a5,13598 <_vfprintf_r+0x234>
   13874:	65a2                	ld	a1,8(sp)
   13876:	6502                	ld	a0,0(sp)
   13878:	1190                	addi	a2,sp,224
   1387a:	e0c2                	sd	a6,64(sp)
   1387c:	fc72                	sd	t3,56(sp)
   1387e:	477010ef          	jal	154f4 <__sprint_r>
   13882:	7a051e63          	bnez	a0,1403e <_vfprintf_r+0xcda>
   13886:	794e                	ld	s2,240(sp)
   13888:	7e62                	ld	t3,56(sp)
   1388a:	6806                	ld	a6,64(sp)
   1388c:	8bce                	mv	s7,s3
   1388e:	cc517057          	vsetivli	zero,2,e8,mf8,ta,ma
   13892:	b321                	j	1359a <_vfprintf_r+0x236>
   13894:	6762                	ld	a4,24(sp)
   13896:	8e26                	mv	t3,s1
   13898:	4885                	li	a7,1
   1389a:	431c                	lw	a5,0(a4)
   1389c:	0a0103a3          	sb	zero,167(sp)
   138a0:	0ef10c23          	sb	a5,248(sp)
   138a4:	00870793          	addi	a5,a4,8
   138a8:	ec3e                	sd	a5,24(sp)
   138aa:	b9a9                	j	13504 <_vfprintf_r+0x1a0>
   138ac:	6762                	ld	a4,24(sp)
   138ae:	0a0103a3          	sb	zero,167(sp)
   138b2:	8e26                	mv	t3,s1
   138b4:	631c                	ld	a5,0(a4)
   138b6:	00870493          	addi	s1,a4,8
   138ba:	4c0784e3          	beqz	a5,14582 <_vfprintf_r+0x121e>
   138be:	740ac4e3          	bltz	s5,14806 <_vfprintf_r+0x14a2>
   138c2:	853e                	mv	a0,a5
   138c4:	8656                	mv	a2,s5
   138c6:	4581                	li	a1,0
   138c8:	fc72                	sd	t3,56(sp)
   138ca:	ec3e                	sd	a5,24(sp)
   138cc:	2b2020ef          	jal	15b7e <memchr>
   138d0:	f02a                	sd	a0,32(sp)
   138d2:	0a714703          	lbu	a4,167(sp)
   138d6:	67e2                	ld	a5,24(sp)
   138d8:	7e62                	ld	t3,56(sp)
   138da:	e119                	bnez	a0,138e0 <_vfprintf_r+0x57c>
   138dc:	71a0106f          	j	14ff6 <_vfprintf_r+0x1c92>
   138e0:	40f508bb          	subw	a7,a0,a5
   138e4:	86c6                	mv	a3,a7
   138e6:	0008d463          	bgez	a7,138ee <_vfprintf_r+0x58a>
   138ea:	3100106f          	j	14bfa <_vfprintf_r+0x1896>
   138ee:	0006881b          	sext.w	a6,a3
   138f2:	c319                	beqz	a4,138f8 <_vfprintf_r+0x594>
   138f4:	0016881b          	addiw	a6,a3,1
   138f8:	ec26                	sd	s1,24(sp)
   138fa:	cc517057          	vsetivli	zero,2,e8,mf8,ta,ma
   138fe:	4990006f          	j	14596 <_vfprintf_r+0x1232>
   13902:	6762                	ld	a4,24(sp)
   13904:	0204f793          	andi	a5,s1,32
   13908:	8e26                	mv	t3,s1
   1390a:	0721                	addi	a4,a4,8
   1390c:	e7c9                	bnez	a5,13996 <_vfprintf_r+0x632>
   1390e:	0104f793          	andi	a5,s1,16
   13912:	c399                	beqz	a5,13918 <_vfprintf_r+0x5b4>
   13914:	7a80106f          	j	150bc <_vfprintf_r+0x1d58>
   13918:	66e2                	ld	a3,24(sp)
   1391a:	0404f793          	andi	a5,s1,64
   1391e:	0006a903          	lw	s2,0(a3)
   13922:	74078ae3          	beqz	a5,14876 <_vfprintf_r+0x1512>
   13926:	0109191b          	slliw	s2,s2,0x10
   1392a:	4109591b          	sraiw	s2,s2,0x10
   1392e:	ec3a                	sd	a4,24(sp)
   13930:	87ca                	mv	a5,s2
   13932:	0607c863          	bltz	a5,139a2 <_vfprintf_r+0x63e>
   13936:	080ac063          	bltz	s5,139b6 <_vfprintf_r+0x652>
   1393a:	f7fe7e13          	andi	t3,t3,-129
   1393e:	06091c63          	bnez	s2,139b6 <_vfprintf_r+0x652>
   13942:	060a9a63          	bnez	s5,139b6 <_vfprintf_r+0x652>
   13946:	0a714503          	lbu	a0,167(sp)
   1394a:	740502e3          	beqz	a0,1488e <_vfprintf_r+0x152a>
   1394e:	4801                	li	a6,0
   13950:	4481                	li	s1,0
   13952:	f002                	sd	zero,32(sp)
   13954:	4881                	li	a7,0
   13956:	4a81                	li	s5,0
   13958:	0afc                	addi	a5,sp,348
   1395a:	2805                	addiw	a6,a6,1
   1395c:	e099                	bnez	s1,13962 <_vfprintf_r+0x5fe>
   1395e:	2d70106f          	j	15434 <_vfprintf_r+0x20d0>
   13962:	794e                	ld	s2,240(sp)
   13964:	562e                	lw	a2,232(sp)
   13966:	084e7b13          	andi	s6,t3,132
   1396a:	2809                	addiw	a6,a6,2
   1396c:	85ca                	mv	a1,s2
   1396e:	86b2                	mv	a3,a2
   13970:	5e0b0a63          	beqz	s6,13f64 <_vfprintf_r+0xc00>
   13974:	e082                	sd	zero,64(sp)
   13976:	fc02                	sd	zero,56(sp)
   13978:	4481                	li	s1,0
   1397a:	bc0509e3          	beqz	a0,1354c <_vfprintf_r+0x1e8>
   1397e:	4389                	li	t2,2
   13980:	b665                	j	13528 <_vfprintf_r+0x1c4>
   13982:	0204f793          	andi	a5,s1,32
   13986:	0104ef13          	ori	t5,s1,16
   1398a:	260787e3          	beqz	a5,143f8 <_vfprintf_r+0x1094>
   1398e:	67e2                	ld	a5,24(sp)
   13990:	8e7a                	mv	t3,t5
   13992:	00878713          	addi	a4,a5,8
   13996:	67e2                	ld	a5,24(sp)
   13998:	ec3a                	sd	a4,24(sp)
   1399a:	639c                	ld	a5,0(a5)
   1399c:	893e                	mv	s2,a5
   1399e:	f807dce3          	bgez	a5,13936 <_vfprintf_r+0x5d2>
   139a2:	02d00793          	li	a5,45
   139a6:	0af103a3          	sb	a5,167(sp)
   139aa:	41200933          	neg	s2,s2
   139ae:	000ac463          	bltz	s5,139b6 <_vfprintf_r+0x652>
   139b2:	f7fe7e13          	andi	t3,t3,-129
   139b6:	4c25                	li	s8,9
   139b8:	112c6463          	bltu	s8,s2,13ac0 <_vfprintf_r+0x75c>
   139bc:	0309091b          	addiw	s2,s2,48
   139c0:	15210da3          	sb	s2,347(sp)
   139c4:	000a881b          	sext.w	a6,s5
   139c8:	255052e3          	blez	s5,1440c <_vfprintf_r+0x10a8>
   139cc:	0a714503          	lbu	a0,167(sp)
   139d0:	4481                	li	s1,0
   139d2:	4885                	li	a7,1
   139d4:	15b10793          	addi	a5,sp,347
   139d8:	f002                	sd	zero,32(sp)
   139da:	d149                	beqz	a0,1395c <_vfprintf_r+0x5f8>
   139dc:	2805                	addiw	a6,a6,1
   139de:	bfbd                	j	1395c <_vfprintf_r+0x5f8>
   139e0:	67e2                	ld	a5,24(sp)
   139e2:	0007ad03          	lw	s10,0(a5)
   139e6:	160d57e3          	bgez	s10,14354 <_vfprintf_r+0xff0>
   139ea:	67e2                	ld	a5,24(sp)
   139ec:	41a00d3b          	negw	s10,s10
   139f0:	07a1                	addi	a5,a5,8
   139f2:	ec3e                	sd	a5,24(sp)
   139f4:	000cc303          	lbu	t1,0(s9)
   139f8:	0044e493          	ori	s1,s1,4
   139fc:	b455                	j	134a0 <_vfprintf_r+0x13c>
   139fe:	02b00793          	li	a5,43
   13a02:	000cc303          	lbu	t1,0(s9)
   13a06:	0af103a3          	sb	a5,167(sp)
   13a0a:	bc59                	j	134a0 <_vfprintf_r+0x13c>
   13a0c:	000cc303          	lbu	t1,0(s9)
   13a10:	0804e493          	ori	s1,s1,128
   13a14:	b471                	j	134a0 <_vfprintf_r+0x13c>
   13a16:	000ccd83          	lbu	s11,0(s9)
   13a1a:	02a00793          	li	a5,42
   13a1e:	001c8613          	addi	a2,s9,1
   13a22:	00fd9463          	bne	s11,a5,13a2a <_vfprintf_r+0x6c6>
   13a26:	1670106f          	j	1538c <_vfprintf_r+0x2028>
   13a2a:	fd0d871b          	addiw	a4,s11,-48
   13a2e:	45a5                	li	a1,9
   13a30:	4681                	li	a3,0
   13a32:	8cb2                	mv	s9,a2
   13a34:	4a81                	li	s5,0
   13a36:	a6e5e8e3          	bltu	a1,a4,134a6 <_vfprintf_r+0x142>
   13a3a:	0026979b          	slliw	a5,a3,0x2
   13a3e:	00064d83          	lbu	s11,0(a2)
   13a42:	9fb5                	addw	a5,a5,a3
   13a44:	0017979b          	slliw	a5,a5,0x1
   13a48:	00e786bb          	addw	a3,a5,a4
   13a4c:	fd0d871b          	addiw	a4,s11,-48
   13a50:	0605                	addi	a2,a2,1
   13a52:	fee5f4e3          	bgeu	a1,a4,13a3a <_vfprintf_r+0x6d6>
   13a56:	00068a9b          	sext.w	s5,a3
   13a5a:	2a06cce3          	bltz	a3,14512 <_vfprintf_r+0x11ae>
   13a5e:	8cb2                	mv	s9,a2
   13a60:	b499                	j	134a6 <_vfprintf_r+0x142>
   13a62:	0204f793          	andi	a5,s1,32
   13a66:	0104ef13          	ori	t5,s1,16
   13a6a:	eb8d                	bnez	a5,13a9c <_vfprintf_r+0x738>
   13a6c:	6762                	ld	a4,24(sp)
   13a6e:	0a0103a3          	sb	zero,167(sp)
   13a72:	00073903          	ld	s2,0(a4)
   13a76:	00870793          	addi	a5,a4,8
   13a7a:	1a0ac2e3          	bltz	s5,1441e <_vfprintf_r+0x10ba>
   13a7e:	ec3e                	sd	a5,24(sp)
   13a80:	f7ff7e13          	andi	t3,t5,-129
   13a84:	f20919e3          	bnez	s2,139b6 <_vfprintf_r+0x652>
   13a88:	f20a97e3          	bnez	s5,139b6 <_vfprintf_r+0x652>
   13a8c:	4481                	li	s1,0
   13a8e:	aeb5                	j	13e0a <_vfprintf_r+0xaa6>
   13a90:	0204f793          	andi	a5,s1,32
   13a94:	8e26                	mv	t3,s1
   13a96:	0e0787e3          	beqz	a5,14384 <_vfprintf_r+0x1020>
   13a9a:	8f26                	mv	t5,s1
   13a9c:	6762                	ld	a4,24(sp)
   13a9e:	0a0103a3          	sb	zero,167(sp)
   13aa2:	00073903          	ld	s2,0(a4)
   13aa6:	00870793          	addi	a5,a4,8
   13aaa:	160acae3          	bltz	s5,1441e <_vfprintf_r+0x10ba>
   13aae:	ec3e                	sd	a5,24(sp)
   13ab0:	f7ff7e13          	andi	t3,t5,-129
   13ab4:	f00a91e3          	bnez	s5,139b6 <_vfprintf_r+0x652>
   13ab8:	ee091fe3          	bnez	s2,139b6 <_vfprintf_r+0x652>
   13abc:	4481                	li	s1,0
   13abe:	a6b1                	j	13e0a <_vfprintf_r+0xaa6>
   13ac0:	ccccd7b7          	lui	a5,0xccccd
   13ac4:	ccd78793          	addi	a5,a5,-819 # ffffffffcccccccd <__BSS_END__+0xffffffffcccaf195>
   13ac8:	02079b13          	slli	s6,a5,0x20
   13acc:	15c10893          	addi	a7,sp,348
   13ad0:	74e6                	ld	s1,120(sp)
   13ad2:	9b3e                	add	s6,s6,a5
   13ad4:	8646                	mv	a2,a7
   13ad6:	4581                	li	a1,0
   13ad8:	400e7813          	andi	a6,t3,1024
   13adc:	a809                	j	13aee <_vfprintf_r+0x78a>
   13ade:	874a                	mv	a4,s2
   13ae0:	03693933          	mulhu	s2,s2,s6
   13ae4:	863e                	mv	a2,a5
   13ae6:	00395913          	srli	s2,s2,0x3
   13aea:	02ec7f63          	bgeu	s8,a4,13b28 <_vfprintf_r+0x7c4>
   13aee:	036936b3          	mulhu	a3,s2,s6
   13af2:	2585                	addiw	a1,a1,1
   13af4:	fff60793          	addi	a5,a2,-1
   13af8:	828d                	srli	a3,a3,0x3
   13afa:	00269713          	slli	a4,a3,0x2
   13afe:	9736                	add	a4,a4,a3
   13b00:	0706                	slli	a4,a4,0x1
   13b02:	40e90733          	sub	a4,s2,a4
   13b06:	0307071b          	addiw	a4,a4,48
   13b0a:	fee60fa3          	sb	a4,-1(a2)
   13b0e:	fc0808e3          	beqz	a6,13ade <_vfprintf_r+0x77a>
   13b12:	0004c703          	lbu	a4,0(s1)
   13b16:	f0170693          	addi	a3,a4,-255
   13b1a:	d2f1                	beqz	a3,13ade <_vfprintf_r+0x77a>
   13b1c:	fcb711e3          	bne	a4,a1,13ade <_vfprintf_r+0x77a>
   13b20:	012c7463          	bgeu	s8,s2,13b28 <_vfprintf_r+0x7c4>
   13b24:	4ee0106f          	j	15012 <_vfprintf_r+0x1cae>
   13b28:	fca6                	sd	s1,120(sp)
   13b2a:	f82e                	sd	a1,48(sp)
   13b2c:	40f888bb          	subw	a7,a7,a5
   13b30:	000a881b          	sext.w	a6,s5
   13b34:	011ad463          	bge	s5,a7,13b3c <_vfprintf_r+0x7d8>
   13b38:	0008881b          	sext.w	a6,a7
   13b3c:	0a714503          	lbu	a0,167(sp)
   13b40:	4481                	li	s1,0
   13b42:	f002                	sd	zero,32(sp)
   13b44:	bd59                	j	139da <_vfprintf_r+0x676>
   13b46:	6b02                	ld	s6,0(sp)
   13b48:	855a                	mv	a0,s6
   13b4a:	154020ef          	jal	15c9e <_localeconv_r>
   13b4e:	651c                	ld	a5,8(a0)
   13b50:	853e                	mv	a0,a5
   13b52:	f8be                	sd	a5,112(sp)
   13b54:	2a2020ef          	jal	15df6 <strlen>
   13b58:	87aa                	mv	a5,a0
   13b5a:	855a                	mv	a0,s6
   13b5c:	e53e                	sd	a5,136(sp)
   13b5e:	8b3e                	mv	s6,a5
   13b60:	13e020ef          	jal	15c9e <_localeconv_r>
   13b64:	6918                	ld	a4,16(a0)
   13b66:	000cc303          	lbu	t1,0(s9)
   13b6a:	fcba                	sd	a4,120(sp)
   13b6c:	280b07e3          	beqz	s6,145fa <_vfprintf_r+0x1296>
   13b70:	4e070fe3          	beqz	a4,1486e <_vfprintf_r+0x150a>
   13b74:	00074783          	lbu	a5,0(a4)
   13b78:	4e0787e3          	beqz	a5,14866 <_vfprintf_r+0x1502>
   13b7c:	4004e493          	ori	s1,s1,1024
   13b80:	cc517057          	vsetivli	zero,2,e8,mf8,ta,ma
   13b84:	ba31                	j	134a0 <_vfprintf_r+0x13c>
   13b86:	000cc303          	lbu	t1,0(s9)
   13b8a:	0014e493          	ori	s1,s1,1
   13b8e:	ba09                	j	134a0 <_vfprintf_r+0x13c>
   13b90:	0a714783          	lbu	a5,167(sp)
   13b94:	000cc303          	lbu	t1,0(s9)
   13b98:	900794e3          	bnez	a5,134a0 <_vfprintf_r+0x13c>
   13b9c:	02000793          	li	a5,32
   13ba0:	0af103a3          	sb	a5,167(sp)
   13ba4:	b8f5                	j	134a0 <_vfprintf_r+0x13c>
   13ba6:	000cc303          	lbu	t1,0(s9)
   13baa:	0084e493          	ori	s1,s1,8
   13bae:	b8cd                	j	134a0 <_vfprintf_r+0x13c>
   13bb0:	67e2                	ld	a5,24(sp)
   13bb2:	0104e813          	ori	a6,s1,16
   13bb6:	00878713          	addi	a4,a5,8
   13bba:	67e2                	ld	a5,24(sp)
   13bbc:	6394                	ld	a3,0(a5)
   13bbe:	ec3a                	sd	a4,24(sp)
   13bc0:	0a0103a3          	sb	zero,167(sp)
   13bc4:	bff87e13          	andi	t3,a6,-1025
   13bc8:	560acd63          	bltz	s5,14142 <_vfprintf_r+0xdde>
   13bcc:	b7f87e13          	andi	t3,a6,-1153
   13bd0:	560a9963          	bnez	s5,14142 <_vfprintf_r+0xdde>
   13bd4:	56069763          	bnez	a3,14142 <_vfprintf_r+0xdde>
   13bd8:	00187813          	andi	a6,a6,1
   13bdc:	70080b63          	beqz	a6,142f2 <_vfprintf_r+0xf8e>
   13be0:	794e                	ld	s2,240(sp)
   13be2:	03000793          	li	a5,48
   13be6:	14f10da3          	sb	a5,347(sp)
   13bea:	f002                	sd	zero,32(sp)
   13bec:	e082                	sd	zero,64(sp)
   13bee:	fc02                	sd	zero,56(sp)
   13bf0:	084e7b13          	andi	s6,t3,132
   13bf4:	88c2                	mv	a7,a6
   13bf6:	4a81                	li	s5,0
   13bf8:	4481                	li	s1,0
   13bfa:	15b10793          	addi	a5,sp,347
   13bfe:	85ca                	mv	a1,s2
   13c00:	900b1fe3          	bnez	s6,1351e <_vfprintf_r+0x1ba>
   13c04:	410d073b          	subw	a4,s10,a6
   13c08:	6ee04163          	bgtz	a4,142ea <_vfprintf_r+0xf86>
   13c0c:	0a714703          	lbu	a4,167(sp)
   13c10:	90071ae3          	bnez	a4,13524 <_vfprintf_r+0x1c0>
   13c14:	411a8abb          	subw	s5,s5,a7
   13c18:	975050e3          	blez	s5,13578 <_vfprintf_r+0x214>
   13c1c:	66ed                	lui	a3,0x1b
   13c1e:	562e                	lw	a2,232(sp)
   13c20:	58868693          	addi	a3,a3,1416 # 1b588 <zeroes.0>
   13c24:	07545463          	bge	s0,s5,13c8c <_vfprintf_r+0x928>
   13c28:	85a6                	mv	a1,s1
   13c2a:	ecbe                	sd	a5,88(sp)
   13c2c:	84d6                	mv	s1,s5
   13c2e:	87de                	mv	a5,s7
   13c30:	874a                	mv	a4,s2
   13c32:	4b1d                	li	s6,7
   13c34:	8c72                	mv	s8,t3
   13c36:	f0c2                	sd	a6,96(sp)
   13c38:	8946                	mv	s2,a7
   13c3a:	8bd2                	mv	s7,s4
   13c3c:	8aae                	mv	s5,a1
   13c3e:	a021                	j	13c46 <_vfprintf_r+0x8e2>
   13c40:	34c1                	addiw	s1,s1,-16
   13c42:	02945b63          	bge	s0,s1,13c78 <_vfprintf_r+0x914>
   13c46:	0741                	addi	a4,a4,16
   13c48:	2605                	addiw	a2,a2,1
   13c4a:	0147b023          	sd	s4,0(a5)
   13c4e:	e780                	sd	s0,8(a5)
   13c50:	f9ba                	sd	a4,240(sp)
   13c52:	d5b2                	sw	a2,232(sp)
   13c54:	07c1                	addi	a5,a5,16
   13c56:	fecb55e3          	bge	s6,a2,13c40 <_vfprintf_r+0x8dc>
   13c5a:	65a2                	ld	a1,8(sp)
   13c5c:	6502                	ld	a0,0(sp)
   13c5e:	1190                	addi	a2,sp,224
   13c60:	095010ef          	jal	154f4 <__sprint_r>
   13c64:	3c051d63          	bnez	a0,1403e <_vfprintf_r+0xcda>
   13c68:	34c1                	addiw	s1,s1,-16
   13c6a:	774e                	ld	a4,240(sp)
   13c6c:	562e                	lw	a2,232(sp)
   13c6e:	87ce                	mv	a5,s3
   13c70:	cc517057          	vsetivli	zero,2,e8,mf8,ta,ma
   13c74:	fc9449e3          	blt	s0,s1,13c46 <_vfprintf_r+0x8e2>
   13c78:	86de                	mv	a3,s7
   13c7a:	7806                	ld	a6,96(sp)
   13c7c:	8bbe                	mv	s7,a5
   13c7e:	67e6                	ld	a5,88(sp)
   13c80:	85d6                	mv	a1,s5
   13c82:	88ca                	mv	a7,s2
   13c84:	8aa6                	mv	s5,s1
   13c86:	8e62                	mv	t3,s8
   13c88:	893a                	mv	s2,a4
   13c8a:	84ae                	mv	s1,a1
   13c8c:	9956                	add	s2,s2,s5
   13c8e:	2605                	addiw	a2,a2,1
   13c90:	00dbb023          	sd	a3,0(s7)
   13c94:	015bb423          	sd	s5,8(s7)
   13c98:	f9ca                	sd	s2,240(sp)
   13c9a:	d5b2                	sw	a2,232(sp)
   13c9c:	471d                	li	a4,7
   13c9e:	0bc1                	addi	s7,s7,16
   13ca0:	8cc75ce3          	bge	a4,a2,13578 <_vfprintf_r+0x214>
   13ca4:	65a2                	ld	a1,8(sp)
   13ca6:	6502                	ld	a0,0(sp)
   13ca8:	1190                	addi	a2,sp,224
   13caa:	e946                	sd	a7,144(sp)
   13cac:	e142                	sd	a6,128(sp)
   13cae:	f0f2                	sd	t3,96(sp)
   13cb0:	ecbe                	sd	a5,88(sp)
   13cb2:	043010ef          	jal	154f4 <__sprint_r>
   13cb6:	38051463          	bnez	a0,1403e <_vfprintf_r+0xcda>
   13cba:	7e06                	ld	t3,96(sp)
   13cbc:	794e                	ld	s2,240(sp)
   13cbe:	68ca                	ld	a7,144(sp)
   13cc0:	100e7713          	andi	a4,t3,256
   13cc4:	680a                	ld	a6,128(sp)
   13cc6:	67e6                	ld	a5,88(sp)
   13cc8:	8bce                	mv	s7,s3
   13cca:	cc517057          	vsetivli	zero,2,e8,mf8,ta,ma
   13cce:	8a0709e3          	beqz	a4,13580 <_vfprintf_r+0x21c>
   13cd2:	06500713          	li	a4,101
   13cd6:	2bb75363          	bge	a4,s11,13f7c <_vfprintf_r+0xc18>
   13cda:	654e                	ld	a0,208(sp)
   13cdc:	65ee                	ld	a1,216(sp)
   13cde:	4601                	li	a2,0
   13ce0:	4681                	li	a3,0
   13ce2:	e142                	sd	a6,128(sp)
   13ce4:	f0f2                	sd	t3,96(sp)
   13ce6:	ecbe                	sd	a5,88(sp)
   13ce8:	056060ef          	jal	19d3e <__eqtf2>
   13cec:	67e6                	ld	a5,88(sp)
   13cee:	7e06                	ld	t3,96(sp)
   13cf0:	680a                	ld	a6,128(sp)
   13cf2:	48051a63          	bnez	a0,14186 <_vfprintf_r+0xe22>
   13cf6:	57ae                	lw	a5,232(sp)
   13cf8:	676d                	lui	a4,0x1b
   13cfa:	1f870713          	addi	a4,a4,504 # 1b1f8 <__clzdi2+0x28e>
   13cfe:	00ebb023          	sd	a4,0(s7)
   13d02:	0905                	addi	s2,s2,1
   13d04:	4705                	li	a4,1
   13d06:	2785                	addiw	a5,a5,1
   13d08:	00ebb423          	sd	a4,8(s7)
   13d0c:	f9ca                	sd	s2,240(sp)
   13d0e:	d5be                	sw	a5,232(sp)
   13d10:	471d                	li	a4,7
   13d12:	0bc1                	addi	s7,s7,16
   13d14:	24f74ae3          	blt	a4,a5,14768 <_vfprintf_r+0x1404>
   13d18:	57ca                	lw	a5,176(sp)
   13d1a:	7742                	ld	a4,48(sp)
   13d1c:	62e7c963          	blt	a5,a4,1434e <_vfprintf_r+0xfea>
   13d20:	001e7793          	andi	a5,t3,1
   13d24:	cc517057          	vsetivli	zero,2,e8,mf8,ta,ma
   13d28:	860789e3          	beqz	a5,1359a <_vfprintf_r+0x236>
   13d2c:	6726                	ld	a4,72(sp)
   13d2e:	57ae                	lw	a5,232(sp)
   13d30:	66c6                	ld	a3,80(sp)
   13d32:	993a                	add	s2,s2,a4
   13d34:	2785                	addiw	a5,a5,1
   13d36:	00ebb423          	sd	a4,8(s7)
   13d3a:	00dbb023          	sd	a3,0(s7)
   13d3e:	f9ca                	sd	s2,240(sp)
   13d40:	d5be                	sw	a5,232(sp)
   13d42:	471d                	li	a4,7
   13d44:	0bc1                	addi	s7,s7,16
   13d46:	24f742e3          	blt	a4,a5,1478a <_vfprintf_r+0x1426>
   13d4a:	77c2                	ld	a5,48(sp)
   13d4c:	fff78a9b          	addiw	s5,a5,-1
   13d50:	855055e3          	blez	s5,1359a <_vfprintf_r+0x236>
   13d54:	4b41                	li	s6,16
   13d56:	57ae                	lw	a5,232(sp)
   13d58:	66ed                	lui	a3,0x1b
   13d5a:	015b4463          	blt	s6,s5,13d62 <_vfprintf_r+0x9fe>
   13d5e:	1960106f          	j	14ef4 <_vfprintf_r+0x1b90>
   13d62:	84d6                	mv	s1,s5
   13d64:	874a                	mv	a4,s2
   13d66:	4d9d                	li	s11,7
   13d68:	8ac2                	mv	s5,a6
   13d6a:	8972                	mv	s2,t3
   13d6c:	58868c13          	addi	s8,a3,1416 # 1b588 <zeroes.0>
   13d70:	a021                	j	13d78 <_vfprintf_r+0xa14>
   13d72:	34c1                	addiw	s1,s1,-16
   13d74:	ae9b50e3          	bge	s6,s1,13854 <_vfprintf_r+0x4f0>
   13d78:	0741                	addi	a4,a4,16
   13d7a:	2785                	addiw	a5,a5,1
   13d7c:	018bb023          	sd	s8,0(s7)
   13d80:	016bb423          	sd	s6,8(s7)
   13d84:	f9ba                	sd	a4,240(sp)
   13d86:	d5be                	sw	a5,232(sp)
   13d88:	0bc1                	addi	s7,s7,16
   13d8a:	fefdd4e3          	bge	s11,a5,13d72 <_vfprintf_r+0xa0e>
   13d8e:	65a2                	ld	a1,8(sp)
   13d90:	6502                	ld	a0,0(sp)
   13d92:	1190                	addi	a2,sp,224
   13d94:	760010ef          	jal	154f4 <__sprint_r>
   13d98:	2a051363          	bnez	a0,1403e <_vfprintf_r+0xcda>
   13d9c:	774e                	ld	a4,240(sp)
   13d9e:	57ae                	lw	a5,232(sp)
   13da0:	8bce                	mv	s7,s3
   13da2:	cc517057          	vsetivli	zero,2,e8,mf8,ta,ma
   13da6:	b7f1                	j	13d72 <_vfprintf_r+0xa0e>
   13da8:	000cc303          	lbu	t1,0(s9)
   13dac:	06800793          	li	a5,104
   13db0:	76f30563          	beq	t1,a5,1451a <_vfprintf_r+0x11b6>
   13db4:	0404e493          	ori	s1,s1,64
   13db8:	ee8ff06f          	j	134a0 <_vfprintf_r+0x13c>
   13dbc:	000cc303          	lbu	t1,0(s9)
   13dc0:	0204e493          	ori	s1,s1,32
   13dc4:	edcff06f          	j	134a0 <_vfprintf_r+0x13c>
   13dc8:	5208a0d7          	vid.v	v1
   13dcc:	04800793          	li	a5,72
   13dd0:	9617e0d7          	vmul.vx	v1,v1,a5
   13dd4:	03000713          	li	a4,48
   13dd8:	113c                	addi	a5,sp,168
   13dda:	0a0103a3          	sb	zero,167(sp)
   13dde:	021740d7          	vadd.vx	v1,v1,a4
   13de2:	6762                	ld	a4,24(sp)
   13de4:	020780a7          	vse8.v	v1,(a5)
   13de8:	00870593          	addi	a1,a4,8
   13dec:	6318                	ld	a4,0(a4)
   13dee:	620acc63          	bltz	s5,14426 <_vfprintf_r+0x10c2>
   13df2:	f7f4ff13          	andi	t5,s1,-129
   13df6:	002f6e13          	ori	t3,t5,2
   13dfa:	1e0a94e3          	bnez	s5,147e2 <_vfprintf_r+0x147e>
   13dfe:	1e0712e3          	bnez	a4,147e2 <_vfprintf_r+0x147e>
   13e02:	ec2e                	sd	a1,24(sp)
   13e04:	4489                	li	s1,2
   13e06:	07800d93          	li	s11,120
   13e0a:	0a714503          	lbu	a0,167(sp)
   13e0e:	4a81                	li	s5,0
   13e10:	4801                	li	a6,0
   13e12:	4881                	li	a7,0
   13e14:	0afc                	addi	a5,sp,348
   13e16:	f002                	sd	zero,32(sp)
   13e18:	b6c9                	j	139da <_vfprintf_r+0x676>
   13e1a:	6762                	ld	a4,24(sp)
   13e1c:	0204f793          	andi	a5,s1,32
   13e20:	8e26                	mv	t3,s1
   13e22:	0721                	addi	a4,a4,8
   13e24:	54079d63          	bnez	a5,1437e <_vfprintf_r+0x101a>
   13e28:	0104f793          	andi	a5,s1,16
   13e2c:	54079963          	bnez	a5,1437e <_vfprintf_r+0x101a>
   13e30:	66e2                	ld	a3,24(sp)
   13e32:	0404f793          	andi	a5,s1,64
   13e36:	4294                	lw	a3,0(a3)
   13e38:	20078de3          	beqz	a5,14852 <_vfprintf_r+0x14ee>
   13e3c:	16c2                	slli	a3,a3,0x30
   13e3e:	92c1                	srli	a3,a3,0x30
   13e40:	ec3a                	sd	a4,24(sp)
   13e42:	8826                	mv	a6,s1
   13e44:	bbb5                	j	13bc0 <_vfprintf_r+0x85c>
   13e46:	66e2                	ld	a3,24(sp)
   13e48:	0204f793          	andi	a5,s1,32
   13e4c:	6298                	ld	a4,0(a3)
   13e4e:	06a1                	addi	a3,a3,8
   13e50:	ec36                	sd	a3,24(sp)
   13e52:	52079263          	bnez	a5,14376 <_vfprintf_r+0x1012>
   13e56:	0104f793          	andi	a5,s1,16
   13e5a:	50079e63          	bnez	a5,14376 <_vfprintf_r+0x1012>
   13e5e:	0404f793          	andi	a5,s1,64
   13e62:	580795e3          	bnez	a5,14bec <_vfprintf_r+0x1888>
   13e66:	2004ff13          	andi	t5,s1,512
   13e6a:	67c2                	ld	a5,16(sp)
   13e6c:	000f1463          	bnez	t5,13e74 <_vfprintf_r+0xb10>
   13e70:	2fa0106f          	j	1516a <_vfprintf_r+0x1e06>
   13e74:	00f70023          	sb	a5,0(a4)
   13e78:	db6ff06f          	j	1342e <_vfprintf_r+0xca>
   13e7c:	000cc303          	lbu	t1,0(s9)
   13e80:	06c00793          	li	a5,108
   13e84:	6af30263          	beq	t1,a5,14528 <_vfprintf_r+0x11c4>
   13e88:	0104e493          	ori	s1,s1,16
   13e8c:	e14ff06f          	j	134a0 <_vfprintf_r+0x13c>
   13e90:	410d0b3b          	subw	s6,s10,a6
   13e94:	ed605e63          	blez	s6,13570 <_vfprintf_r+0x20c>
   13e98:	42c1                	li	t0,16
   13e9a:	562e                	lw	a2,232(sp)
   13e9c:	66ed                	lui	a3,0x1b
   13e9e:	0162c463          	blt	t0,s6,13ea6 <_vfprintf_r+0xb42>
   13ea2:	2c00106f          	j	15162 <_vfprintf_r+0x1dfe>
   13ea6:	8c3e                	mv	s8,a5
   13ea8:	874a                	mv	a4,s2
   13eaa:	87de                	mv	a5,s7
   13eac:	439d                	li	t2,7
   13eae:	8ba6                	mv	s7,s1
   13eb0:	ecf2                	sd	t3,88(sp)
   13eb2:	84da                	mv	s1,s6
   13eb4:	f0c2                	sd	a6,96(sp)
   13eb6:	8b46                	mv	s6,a7
   13eb8:	58868913          	addi	s2,a3,1416 # 1b588 <zeroes.0>
   13ebc:	a021                	j	13ec4 <_vfprintf_r+0xb60>
   13ebe:	34c1                	addiw	s1,s1,-16
   13ec0:	0292de63          	bge	t0,s1,13efc <_vfprintf_r+0xb98>
   13ec4:	0741                	addi	a4,a4,16
   13ec6:	2605                	addiw	a2,a2,1
   13ec8:	0127b023          	sd	s2,0(a5)
   13ecc:	0057b423          	sd	t0,8(a5)
   13ed0:	f9ba                	sd	a4,240(sp)
   13ed2:	d5b2                	sw	a2,232(sp)
   13ed4:	07c1                	addi	a5,a5,16
   13ed6:	fec3d4e3          	bge	t2,a2,13ebe <_vfprintf_r+0xb5a>
   13eda:	65a2                	ld	a1,8(sp)
   13edc:	6502                	ld	a0,0(sp)
   13ede:	1190                	addi	a2,sp,224
   13ee0:	614010ef          	jal	154f4 <__sprint_r>
   13ee4:	14051d63          	bnez	a0,1403e <_vfprintf_r+0xcda>
   13ee8:	42c1                	li	t0,16
   13eea:	34c1                	addiw	s1,s1,-16
   13eec:	774e                	ld	a4,240(sp)
   13eee:	562e                	lw	a2,232(sp)
   13ef0:	87ce                	mv	a5,s3
   13ef2:	439d                	li	t2,7
   13ef4:	cc517057          	vsetivli	zero,2,e8,mf8,ta,ma
   13ef8:	fc92c6e3          	blt	t0,s1,13ec4 <_vfprintf_r+0xb60>
   13efc:	6e66                	ld	t3,88(sp)
   13efe:	7806                	ld	a6,96(sp)
   13f00:	88da                	mv	a7,s6
   13f02:	86ca                	mv	a3,s2
   13f04:	8b26                	mv	s6,s1
   13f06:	893a                	mv	s2,a4
   13f08:	84de                	mv	s1,s7
   13f0a:	8bbe                	mv	s7,a5
   13f0c:	87e2                	mv	a5,s8
   13f0e:	995a                	add	s2,s2,s6
   13f10:	2605                	addiw	a2,a2,1
   13f12:	00dbb023          	sd	a3,0(s7)
   13f16:	016bb423          	sd	s6,8(s7)
   13f1a:	f9ca                	sd	s2,240(sp)
   13f1c:	d5b2                	sw	a2,232(sp)
   13f1e:	471d                	li	a4,7
   13f20:	0bc1                	addi	s7,s7,16
   13f22:	e4c75763          	bge	a4,a2,13570 <_vfprintf_r+0x20c>
   13f26:	65a2                	ld	a1,8(sp)
   13f28:	6502                	ld	a0,0(sp)
   13f2a:	1190                	addi	a2,sp,224
   13f2c:	e946                	sd	a7,144(sp)
   13f2e:	e142                	sd	a6,128(sp)
   13f30:	f0f2                	sd	t3,96(sp)
   13f32:	ecbe                	sd	a5,88(sp)
   13f34:	5c0010ef          	jal	154f4 <__sprint_r>
   13f38:	10051363          	bnez	a0,1403e <_vfprintf_r+0xcda>
   13f3c:	794e                	ld	s2,240(sp)
   13f3e:	67e6                	ld	a5,88(sp)
   13f40:	7e06                	ld	t3,96(sp)
   13f42:	680a                	ld	a6,128(sp)
   13f44:	68ca                	ld	a7,144(sp)
   13f46:	8bce                	mv	s7,s3
   13f48:	cc517057          	vsetivli	zero,2,e8,mf8,ta,ma
   13f4c:	e24ff06f          	j	13570 <_vfprintf_r+0x20c>
   13f50:	65a2                	ld	a1,8(sp)
   13f52:	6502                	ld	a0,0(sp)
   13f54:	1190                	addi	a2,sp,224
   13f56:	59e010ef          	jal	154f4 <__sprint_r>
   13f5a:	e175                	bnez	a0,1403e <_vfprintf_r+0xcda>
   13f5c:	cc517057          	vsetivli	zero,2,e8,mf8,ta,ma
   13f60:	e5cff06f          	j	135bc <_vfprintf_r+0x258>
   13f64:	410d073b          	subw	a4,s10,a6
   13f68:	e082                	sd	zero,64(sp)
   13f6a:	fc02                	sd	zero,56(sp)
   13f6c:	2ee04063          	bgtz	a4,1424c <_vfprintf_r+0xee8>
   13f70:	4481                	li	s1,0
   13f72:	dc050d63          	beqz	a0,1354c <_vfprintf_r+0x1e8>
   13f76:	4389                	li	t2,2
   13f78:	db0ff06f          	j	13528 <_vfprintf_r+0x1c4>
   13f7c:	5aae                	lw	s5,232(sp)
   13f7e:	7642                	ld	a2,48(sp)
   13f80:	4685                	li	a3,1
   13f82:	2a85                	addiw	s5,s5,1
   13f84:	9936                	add	s2,s2,a3
   13f86:	8756                	mv	a4,s5
   13f88:	010b8b13          	addi	s6,s7,16
   13f8c:	36c6dc63          	bge	a3,a2,14304 <_vfprintf_r+0xfa0>
   13f90:	4685                	li	a3,1
   13f92:	00dbb423          	sd	a3,8(s7)
   13f96:	00fbb023          	sd	a5,0(s7)
   13f9a:	f9ca                	sd	s2,240(sp)
   13f9c:	d5ba                	sw	a4,232(sp)
   13f9e:	469d                	li	a3,7
   13fa0:	6ae6c663          	blt	a3,a4,1464c <_vfprintf_r+0x12e8>
   13fa4:	6726                	ld	a4,72(sp)
   13fa6:	66c6                	ld	a3,80(sp)
   13fa8:	2a85                	addiw	s5,s5,1
   13faa:	993a                	add	s2,s2,a4
   13fac:	00eb3423          	sd	a4,8(s6)
   13fb0:	00db3023          	sd	a3,0(s6)
   13fb4:	f9ca                	sd	s2,240(sp)
   13fb6:	d5d6                	sw	s5,232(sp)
   13fb8:	471d                	li	a4,7
   13fba:	0b41                	addi	s6,s6,16
   13fbc:	67574763          	blt	a4,s5,1462a <_vfprintf_r+0x12c6>
   13fc0:	ecbe                	sd	a5,88(sp)
   13fc2:	654e                	ld	a0,208(sp)
   13fc4:	77c2                	ld	a5,48(sp)
   13fc6:	65ee                	ld	a1,216(sp)
   13fc8:	4601                	li	a2,0
   13fca:	4681                	li	a3,0
   13fcc:	e0c2                	sd	a6,64(sp)
   13fce:	fc72                	sd	t3,56(sp)
   13fd0:	fff78b9b          	addiw	s7,a5,-1
   13fd4:	56b050ef          	jal	19d3e <__eqtf2>
   13fd8:	7e62                	ld	t3,56(sp)
   13fda:	6806                	ld	a6,64(sp)
   13fdc:	36050263          	beqz	a0,14340 <_vfprintf_r+0xfdc>
   13fe0:	67e6                	ld	a5,88(sp)
   13fe2:	2a85                	addiw	s5,s5,1
   13fe4:	995e                	add	s2,s2,s7
   13fe6:	0785                	addi	a5,a5,1
   13fe8:	d5d6                	sw	s5,232(sp)
   13fea:	f9ca                	sd	s2,240(sp)
   13fec:	00fb3023          	sd	a5,0(s6)
   13ff0:	017b3423          	sd	s7,8(s6)
   13ff4:	479d                	li	a5,7
   13ff6:	4f57cd63          	blt	a5,s5,144f0 <_vfprintf_r+0x118c>
   13ffa:	cc517057          	vsetivli	zero,2,e8,mf8,ta,ma
   13ffe:	0b41                	addi	s6,s6,16
   14000:	7726                	ld	a4,104(sp)
   14002:	193c                	addi	a5,sp,184
   14004:	2a85                	addiw	s5,s5,1
   14006:	993a                	add	s2,s2,a4
   14008:	00fb3023          	sd	a5,0(s6)
   1400c:	f9ca                	sd	s2,240(sp)
   1400e:	d5d6                	sw	s5,232(sp)
   14010:	00eb3423          	sd	a4,8(s6)
   14014:	479d                	li	a5,7
   14016:	010b0b93          	addi	s7,s6,16
   1401a:	d957d063          	bge	a5,s5,1359a <_vfprintf_r+0x236>
   1401e:	65a2                	ld	a1,8(sp)
   14020:	6502                	ld	a0,0(sp)
   14022:	1190                	addi	a2,sp,224
   14024:	e0c2                	sd	a6,64(sp)
   14026:	fc72                	sd	t3,56(sp)
   14028:	4cc010ef          	jal	154f4 <__sprint_r>
   1402c:	e909                	bnez	a0,1403e <_vfprintf_r+0xcda>
   1402e:	794e                	ld	s2,240(sp)
   14030:	6806                	ld	a6,64(sp)
   14032:	7e62                	ld	t3,56(sp)
   14034:	8bce                	mv	s7,s3
   14036:	cc517057          	vsetivli	zero,2,e8,mf8,ta,ma
   1403a:	d60ff06f          	j	1359a <_vfprintf_r+0x236>
   1403e:	64a2                	ld	s1,8(sp)
   14040:	7582                	ld	a1,32(sp)
   14042:	c581                	beqz	a1,1404a <_vfprintf_r+0xce6>
   14044:	6502                	ld	a0,0(sp)
   14046:	e91fe0ef          	jal	12ed6 <_free_r>
   1404a:	0104d783          	lhu	a5,16(s1)
   1404e:	23013903          	ld	s2,560(sp)
   14052:	22813983          	ld	s3,552(sp)
   14056:	0407f793          	andi	a5,a5,64
   1405a:	22013a03          	ld	s4,544(sp)
   1405e:	21813a83          	ld	s5,536(sp)
   14062:	20813b83          	ld	s7,520(sp)
   14066:	20013c03          	ld	s8,512(sp)
   1406a:	7cfe                	ld	s9,504(sp)
   1406c:	7d5e                	ld	s10,496(sp)
   1406e:	7dbe                	ld	s11,488(sp)
   14070:	da079e63          	bnez	a5,1362c <_vfprintf_r+0x2c8>
   14074:	24813083          	ld	ra,584(sp)
   14078:	24013403          	ld	s0,576(sp)
   1407c:	6542                	ld	a0,16(sp)
   1407e:	23813483          	ld	s1,568(sp)
   14082:	21013b03          	ld	s6,528(sp)
   14086:	25010113          	addi	sp,sp,592
   1408a:	8082                	ret
   1408c:	65a2                	ld	a1,8(sp)
   1408e:	6502                	ld	a0,0(sp)
   14090:	1190                	addi	a2,sp,224
   14092:	e946                	sd	a7,144(sp)
   14094:	e142                	sd	a6,128(sp)
   14096:	f0f2                	sd	t3,96(sp)
   14098:	ecbe                	sd	a5,88(sp)
   1409a:	45a010ef          	jal	154f4 <__sprint_r>
   1409e:	f145                	bnez	a0,1403e <_vfprintf_r+0xcda>
   140a0:	794e                	ld	s2,240(sp)
   140a2:	68ca                	ld	a7,144(sp)
   140a4:	680a                	ld	a6,128(sp)
   140a6:	7e06                	ld	t3,96(sp)
   140a8:	67e6                	ld	a5,88(sp)
   140aa:	8bce                	mv	s7,s3
   140ac:	cc517057          	vsetivli	zero,2,e8,mf8,ta,ma
   140b0:	cb8ff06f          	j	13568 <_vfprintf_r+0x204>
   140b4:	4b41                	li	s6,16
   140b6:	57ae                	lw	a5,232(sp)
   140b8:	66ed                	lui	a3,0x1b
   140ba:	015b4463          	blt	s6,s5,140c2 <_vfprintf_r+0xd5e>
   140be:	0560106f          	j	15114 <_vfprintf_r+0x1db0>
   140c2:	874a                	mv	a4,s2
   140c4:	6c22                	ld	s8,8(sp)
   140c6:	4d9d                	li	s11,7
   140c8:	8942                	mv	s2,a6
   140ca:	59868493          	addi	s1,a3,1432 # 1b598 <blanks.1>
   140ce:	a021                	j	140d6 <_vfprintf_r+0xd72>
   140d0:	3ac1                	addiw	s5,s5,-16
   140d2:	035b5c63          	bge	s6,s5,1410a <_vfprintf_r+0xda6>
   140d6:	0741                	addi	a4,a4,16
   140d8:	2785                	addiw	a5,a5,1
   140da:	009bb023          	sd	s1,0(s7)
   140de:	016bb423          	sd	s6,8(s7)
   140e2:	f9ba                	sd	a4,240(sp)
   140e4:	d5be                	sw	a5,232(sp)
   140e6:	0bc1                	addi	s7,s7,16
   140e8:	fefdd4e3          	bge	s11,a5,140d0 <_vfprintf_r+0xd6c>
   140ec:	6502                	ld	a0,0(sp)
   140ee:	1190                	addi	a2,sp,224
   140f0:	85e2                	mv	a1,s8
   140f2:	402010ef          	jal	154f4 <__sprint_r>
   140f6:	68051863          	bnez	a0,14786 <_vfprintf_r+0x1422>
   140fa:	3ac1                	addiw	s5,s5,-16
   140fc:	774e                	ld	a4,240(sp)
   140fe:	57ae                	lw	a5,232(sp)
   14100:	8bce                	mv	s7,s3
   14102:	cc517057          	vsetivli	zero,2,e8,mf8,ta,ma
   14106:	fd5b48e3          	blt	s6,s5,140d6 <_vfprintf_r+0xd72>
   1410a:	884a                	mv	a6,s2
   1410c:	86a6                	mv	a3,s1
   1410e:	893a                	mv	s2,a4
   14110:	9956                	add	s2,s2,s5
   14112:	2785                	addiw	a5,a5,1
   14114:	f9ca                	sd	s2,240(sp)
   14116:	d5be                	sw	a5,232(sp)
   14118:	00dbb023          	sd	a3,0(s7)
   1411c:	015bb423          	sd	s5,8(s7)
   14120:	471d                	li	a4,7
   14122:	c8f75463          	bge	a4,a5,135aa <_vfprintf_r+0x246>
   14126:	65a2                	ld	a1,8(sp)
   14128:	6502                	ld	a0,0(sp)
   1412a:	1190                	addi	a2,sp,224
   1412c:	fc42                	sd	a6,56(sp)
   1412e:	3c6010ef          	jal	154f4 <__sprint_r>
   14132:	f00516e3          	bnez	a0,1403e <_vfprintf_r+0xcda>
   14136:	794e                	ld	s2,240(sp)
   14138:	7862                	ld	a6,56(sp)
   1413a:	cc517057          	vsetivli	zero,2,e8,mf8,ta,ma
   1413e:	c6cff06f          	j	135aa <_vfprintf_r+0x246>
   14142:	15c10893          	addi	a7,sp,348
   14146:	87c6                	mv	a5,a7
   14148:	0076f713          	andi	a4,a3,7
   1414c:	863e                	mv	a2,a5
   1414e:	03070713          	addi	a4,a4,48
   14152:	828d                	srli	a3,a3,0x3
   14154:	fee78fa3          	sb	a4,-1(a5)
   14158:	17fd                	addi	a5,a5,-1
   1415a:	f6fd                	bnez	a3,14148 <_vfprintf_r+0xde4>
   1415c:	fd070713          	addi	a4,a4,-48
   14160:	03000693          	li	a3,48
   14164:	c709                	beqz	a4,1416e <_vfprintf_r+0xe0a>
   14166:	001e7713          	andi	a4,t3,1
   1416a:	26071563          	bnez	a4,143d4 <_vfprintf_r+0x1070>
   1416e:	40f888bb          	subw	a7,a7,a5
   14172:	000a881b          	sext.w	a6,s5
   14176:	1f1ac863          	blt	s5,a7,14366 <_vfprintf_r+0x1002>
   1417a:	f002                	sd	zero,32(sp)
   1417c:	e082                	sd	zero,64(sp)
   1417e:	fc02                	sd	zero,56(sp)
   14180:	4481                	li	s1,0
   14182:	b90ff06f          	j	13512 <_vfprintf_r+0x1ae>
   14186:	564a                	lw	a2,176(sp)
   14188:	52c05763          	blez	a2,146b6 <_vfprintf_r+0x1352>
   1418c:	76c2                	ld	a3,48(sp)
   1418e:	8726                	mv	a4,s1
   14190:	2c96cd63          	blt	a3,s1,1446a <_vfprintf_r+0x1106>
   14194:	00070d9b          	sext.w	s11,a4
   14198:	01b05f63          	blez	s11,141b6 <_vfprintf_r+0xe52>
   1419c:	572e                	lw	a4,232(sp)
   1419e:	996e                	add	s2,s2,s11
   141a0:	00fbb023          	sd	a5,0(s7)
   141a4:	2705                	addiw	a4,a4,1
   141a6:	01bbb423          	sd	s11,8(s7)
   141aa:	f9ca                	sd	s2,240(sp)
   141ac:	d5ba                	sw	a4,232(sp)
   141ae:	469d                	li	a3,7
   141b0:	0bc1                	addi	s7,s7,16
   141b2:	16e6cce3          	blt	a3,a4,14b2a <_vfprintf_r+0x17c6>
   141b6:	8aee                	mv	s5,s11
   141b8:	3a0dce63          	bltz	s11,14574 <_vfprintf_r+0x1210>
   141bc:	41548abb          	subw	s5,s1,s5
   141c0:	3f504263          	bgtz	s5,145a4 <_vfprintf_r+0x1240>
   141c4:	400e7713          	andi	a4,t3,1024
   141c8:	00978db3          	add	s11,a5,s1
   141cc:	7a071463          	bnez	a4,14974 <_vfprintf_r+0x1610>
   141d0:	5aca                	lw	s5,176(sp)
   141d2:	76c2                	ld	a3,48(sp)
   141d4:	00dac663          	blt	s5,a3,141e0 <_vfprintf_r+0xe7c>
   141d8:	001e7713          	andi	a4,t3,1
   141dc:	1a070de3          	beqz	a4,14b96 <_vfprintf_r+0x1832>
   141e0:	66a6                	ld	a3,72(sp)
   141e2:	572e                	lw	a4,232(sp)
   141e4:	6646                	ld	a2,80(sp)
   141e6:	9936                	add	s2,s2,a3
   141e8:	2705                	addiw	a4,a4,1
   141ea:	00dbb423          	sd	a3,8(s7)
   141ee:	00cbb023          	sd	a2,0(s7)
   141f2:	f9ca                	sd	s2,240(sp)
   141f4:	d5ba                	sw	a4,232(sp)
   141f6:	469d                	li	a3,7
   141f8:	0bc1                	addi	s7,s7,16
   141fa:	56e6c3e3          	blt	a3,a4,14f60 <_vfprintf_r+0x1bfc>
   141fe:	7742                	ld	a4,48(sp)
   14200:	97ba                	add	a5,a5,a4
   14202:	41b78b33          	sub	s6,a5,s11
   14206:	41570abb          	subw	s5,a4,s5
   1420a:	000b079b          	sext.w	a5,s6
   1420e:	00fad363          	bge	s5,a5,14214 <_vfprintf_r+0xeb0>
   14212:	8b56                	mv	s6,s5
   14214:	2b01                	sext.w	s6,s6
   14216:	01605f63          	blez	s6,14234 <_vfprintf_r+0xed0>
   1421a:	57ae                	lw	a5,232(sp)
   1421c:	995a                	add	s2,s2,s6
   1421e:	01bbb023          	sd	s11,0(s7)
   14222:	2785                	addiw	a5,a5,1
   14224:	016bb423          	sd	s6,8(s7)
   14228:	f9ca                	sd	s2,240(sp)
   1422a:	d5be                	sw	a5,232(sp)
   1422c:	471d                	li	a4,7
   1422e:	0bc1                	addi	s7,s7,16
   14230:	64f74fe3          	blt	a4,a5,1508e <_vfprintf_r+0x1d2a>
   14234:	87da                	mv	a5,s6
   14236:	000b5363          	bgez	s6,1423c <_vfprintf_r+0xed8>
   1423a:	4781                	li	a5,0
   1423c:	40fa8abb          	subw	s5,s5,a5
   14240:	6d504e63          	bgtz	s5,1491c <_vfprintf_r+0x15b8>
   14244:	cc517057          	vsetivli	zero,2,e8,mf8,ta,ma
   14248:	b52ff06f          	j	1359a <_vfprintf_r+0x236>
   1424c:	4389                	li	t2,2
   1424e:	4941                	li	s2,16
   14250:	8636                	mv	a2,a3
   14252:	66ed                	lui	a3,0x1b
   14254:	62e953e3          	bge	s2,a4,1507a <_vfprintf_r+0x1d16>
   14258:	f0be                	sd	a5,96(sp)
   1425a:	e956                	sd	s5,144(sp)
   1425c:	87de                	mv	a5,s7
   1425e:	4f9d                	li	t6,7
   14260:	84ba                	mv	s1,a4
   14262:	ec9e                	sd	t2,88(sp)
   14264:	e172                	sd	t3,128(sp)
   14266:	8c42                	mv	s8,a6
   14268:	8bc6                	mv	s7,a7
   1426a:	59868a93          	addi	s5,a3,1432 # 1b598 <blanks.1>
   1426e:	a021                	j	14276 <_vfprintf_r+0xf12>
   14270:	34c1                	addiw	s1,s1,-16
   14272:	02995d63          	bge	s2,s1,142ac <_vfprintf_r+0xf48>
   14276:	05c1                	addi	a1,a1,16
   14278:	2605                	addiw	a2,a2,1
   1427a:	0157b023          	sd	s5,0(a5)
   1427e:	0127b423          	sd	s2,8(a5)
   14282:	f9ae                	sd	a1,240(sp)
   14284:	d5b2                	sw	a2,232(sp)
   14286:	07c1                	addi	a5,a5,16
   14288:	fecfd4e3          	bge	t6,a2,14270 <_vfprintf_r+0xf0c>
   1428c:	65a2                	ld	a1,8(sp)
   1428e:	6502                	ld	a0,0(sp)
   14290:	1190                	addi	a2,sp,224
   14292:	262010ef          	jal	154f4 <__sprint_r>
   14296:	da0514e3          	bnez	a0,1403e <_vfprintf_r+0xcda>
   1429a:	34c1                	addiw	s1,s1,-16
   1429c:	75ce                	ld	a1,240(sp)
   1429e:	562e                	lw	a2,232(sp)
   142a0:	87ce                	mv	a5,s3
   142a2:	4f9d                	li	t6,7
   142a4:	cc517057          	vsetivli	zero,2,e8,mf8,ta,ma
   142a8:	fc9947e3          	blt	s2,s1,14276 <_vfprintf_r+0xf12>
   142ac:	88de                	mv	a7,s7
   142ae:	86d6                	mv	a3,s5
   142b0:	8bbe                	mv	s7,a5
   142b2:	63e6                	ld	t2,88(sp)
   142b4:	6e0a                	ld	t3,128(sp)
   142b6:	7786                	ld	a5,96(sp)
   142b8:	6aca                	ld	s5,144(sp)
   142ba:	8726                	mv	a4,s1
   142bc:	8862                	mv	a6,s8
   142be:	00b70933          	add	s2,a4,a1
   142c2:	2605                	addiw	a2,a2,1
   142c4:	00ebb423          	sd	a4,8(s7)
   142c8:	f9ca                	sd	s2,240(sp)
   142ca:	d5b2                	sw	a2,232(sp)
   142cc:	00dbb023          	sd	a3,0(s7)
   142d0:	471d                	li	a4,7
   142d2:	3ac74463          	blt	a4,a2,1467a <_vfprintf_r+0x1316>
   142d6:	0a714703          	lbu	a4,167(sp)
   142da:	0bc1                	addi	s7,s7,16
   142dc:	84da                	mv	s1,s6
   142de:	e349                	bnez	a4,14360 <_vfprintf_r+0xffc>
   142e0:	a8038863          	beqz	t2,13570 <_vfprintf_r+0x20c>
   142e4:	4b01                	li	s6,0
   142e6:	a66ff06f          	j	1354c <_vfprintf_r+0x1e8>
   142ea:	56ae                	lw	a3,232(sp)
   142ec:	8b26                	mv	s6,s1
   142ee:	4381                	li	t2,0
   142f0:	bfb9                	j	1424e <_vfprintf_r+0xeea>
   142f2:	4881                	li	a7,0
   142f4:	4a81                	li	s5,0
   142f6:	e082                	sd	zero,64(sp)
   142f8:	fc02                	sd	zero,56(sp)
   142fa:	4481                	li	s1,0
   142fc:	f002                	sd	zero,32(sp)
   142fe:	0afc                	addi	a5,sp,348
   14300:	a12ff06f          	j	13512 <_vfprintf_r+0x1ae>
   14304:	00de7633          	and	a2,t3,a3
   14308:	c80614e3          	bnez	a2,13f90 <_vfprintf_r+0xc2c>
   1430c:	00fbb023          	sd	a5,0(s7)
   14310:	00dbb423          	sd	a3,8(s7)
   14314:	f9ca                	sd	s2,240(sp)
   14316:	d5d6                	sw	s5,232(sp)
   14318:	479d                	li	a5,7
   1431a:	cf57d3e3          	bge	a5,s5,14000 <_vfprintf_r+0xc9c>
   1431e:	65a2                	ld	a1,8(sp)
   14320:	6502                	ld	a0,0(sp)
   14322:	1190                	addi	a2,sp,224
   14324:	e0c2                	sd	a6,64(sp)
   14326:	fc72                	sd	t3,56(sp)
   14328:	1cc010ef          	jal	154f4 <__sprint_r>
   1432c:	d00519e3          	bnez	a0,1403e <_vfprintf_r+0xcda>
   14330:	794e                	ld	s2,240(sp)
   14332:	5aae                	lw	s5,232(sp)
   14334:	6806                	ld	a6,64(sp)
   14336:	7e62                	ld	t3,56(sp)
   14338:	8b4e                	mv	s6,s3
   1433a:	cc517057          	vsetivli	zero,2,e8,mf8,ta,ma
   1433e:	b1c9                	j	14000 <_vfprintf_r+0xc9c>
   14340:	7742                	ld	a4,48(sp)
   14342:	4785                	li	a5,1
   14344:	12e7c963          	blt	a5,a4,14476 <_vfprintf_r+0x1112>
   14348:	cc517057          	vsetivli	zero,2,e8,mf8,ta,ma
   1434c:	b955                	j	14000 <_vfprintf_r+0xc9c>
   1434e:	cc517057          	vsetivli	zero,2,e8,mf8,ta,ma
   14352:	bae9                	j	13d2c <_vfprintf_r+0x9c8>
   14354:	07a1                	addi	a5,a5,8
   14356:	000cc303          	lbu	t1,0(s9)
   1435a:	ec3e                	sd	a5,24(sp)
   1435c:	944ff06f          	j	134a0 <_vfprintf_r+0x13c>
   14360:	4b01                	li	s6,0
   14362:	9c6ff06f          	j	13528 <_vfprintf_r+0x1c4>
   14366:	0008881b          	sext.w	a6,a7
   1436a:	f002                	sd	zero,32(sp)
   1436c:	e082                	sd	zero,64(sp)
   1436e:	fc02                	sd	zero,56(sp)
   14370:	4481                	li	s1,0
   14372:	9a0ff06f          	j	13512 <_vfprintf_r+0x1ae>
   14376:	67c2                	ld	a5,16(sp)
   14378:	e31c                	sd	a5,0(a4)
   1437a:	8b4ff06f          	j	1342e <_vfprintf_r+0xca>
   1437e:	8872                	mv	a6,t3
   14380:	83bff06f          	j	13bba <_vfprintf_r+0x856>
   14384:	0104f793          	andi	a5,s1,16
   14388:	520797e3          	bnez	a5,150b6 <_vfprintf_r+0x1d52>
   1438c:	66e2                	ld	a3,24(sp)
   1438e:	0404f793          	andi	a5,s1,64
   14392:	0006a903          	lw	s2,0(a3)
   14396:	00868713          	addi	a4,a3,8
   1439a:	26078463          	beqz	a5,14602 <_vfprintf_r+0x129e>
   1439e:	1942                	slli	s2,s2,0x30
   143a0:	0a0103a3          	sb	zero,167(sp)
   143a4:	03095913          	srli	s2,s2,0x30
   143a8:	260ac763          	bltz	s5,14616 <_vfprintf_r+0x12b2>
   143ac:	012aefb3          	or	t6,s5,s2
   143b0:	000f849b          	sext.w	s1,t6
   143b4:	ec3a                	sd	a4,24(sp)
   143b6:	f7fe7e13          	andi	t3,t3,-129
   143ba:	de049e63          	bnez	s1,139b6 <_vfprintf_r+0x652>
   143be:	b4b1                	j	13e0a <_vfprintf_r+0xaa6>
   143c0:	67e2                	ld	a5,24(sp)
   143c2:	07bd                	addi	a5,a5,15
   143c4:	9bc1                	andi	a5,a5,-16
   143c6:	01078713          	addi	a4,a5,16
   143ca:	6388                	ld	a0,0(a5)
   143cc:	678c                	ld	a1,8(a5)
   143ce:	ec3a                	sd	a4,24(sp)
   143d0:	a80ff06f          	j	13650 <_vfprintf_r+0x2ec>
   143d4:	1679                	addi	a2,a2,-2
   143d6:	40c888bb          	subw	a7,a7,a2
   143da:	fed78fa3          	sb	a3,-1(a5)
   143de:	000a881b          	sext.w	a6,s5
   143e2:	011ad463          	bge	s5,a7,143ea <_vfprintf_r+0x1086>
   143e6:	0008881b          	sext.w	a6,a7
   143ea:	87b2                	mv	a5,a2
   143ec:	f002                	sd	zero,32(sp)
   143ee:	e082                	sd	zero,64(sp)
   143f0:	fc02                	sd	zero,56(sp)
   143f2:	4481                	li	s1,0
   143f4:	91eff06f          	j	13512 <_vfprintf_r+0x1ae>
   143f8:	67e2                	ld	a5,24(sp)
   143fa:	00878713          	addi	a4,a5,8
   143fe:	67e2                	ld	a5,24(sp)
   14400:	8e7a                	mv	t3,t5
   14402:	ec3a                	sd	a4,24(sp)
   14404:	639c                	ld	a5,0(a5)
   14406:	893e                	mv	s2,a5
   14408:	d2aff06f          	j	13932 <_vfprintf_r+0x5ce>
   1440c:	0a714503          	lbu	a0,167(sp)
   14410:	4805                	li	a6,1
   14412:	4481                	li	s1,0
   14414:	4885                	li	a7,1
   14416:	15b10793          	addi	a5,sp,347
   1441a:	dbeff06f          	j	139d8 <_vfprintf_r+0x674>
   1441e:	ec3e                	sd	a5,24(sp)
   14420:	8e7a                	mv	t3,t5
   14422:	d94ff06f          	j	139b6 <_vfprintf_r+0x652>
   14426:	666d                	lui	a2,0x1b
   14428:	0024ee13          	ori	t3,s1,2
   1442c:	ec2e                	sd	a1,24(sp)
   1442e:	1c060613          	addi	a2,a2,448 # 1b1c0 <__clzdi2+0x256>
   14432:	4489                	li	s1,2
   14434:	4501                	li	a0,0
   14436:	07800d93          	li	s11,120
   1443a:	15c10893          	addi	a7,sp,348
   1443e:	87c6                	mv	a5,a7
   14440:	00f77693          	andi	a3,a4,15
   14444:	96b2                	add	a3,a3,a2
   14446:	0006c683          	lbu	a3,0(a3)
   1444a:	8311                	srli	a4,a4,0x4
   1444c:	17fd                	addi	a5,a5,-1
   1444e:	00d78023          	sb	a3,0(a5)
   14452:	f77d                	bnez	a4,14440 <_vfprintf_r+0x10dc>
   14454:	40f888bb          	subw	a7,a7,a5
   14458:	000a881b          	sext.w	a6,s5
   1445c:	d71ade63          	bge	s5,a7,139d8 <_vfprintf_r+0x674>
   14460:	0008881b          	sext.w	a6,a7
   14464:	f002                	sd	zero,32(sp)
   14466:	d74ff06f          	j	139da <_vfprintf_r+0x676>
   1446a:	8736                	mv	a4,a3
   1446c:	00070d9b          	sext.w	s11,a4
   14470:	d3b046e3          	bgtz	s11,1419c <_vfprintf_r+0xe38>
   14474:	b389                	j	141b6 <_vfprintf_r+0xe52>
   14476:	47c5                	li	a5,17
   14478:	cc517057          	vsetivli	zero,2,e8,mf8,ta,ma
   1447c:	66ed                	lui	a3,0x1b
   1447e:	00e7c463          	blt	a5,a4,14486 <_vfprintf_r+0x1122>
   14482:	74f0006f          	j	153d0 <_vfprintf_r+0x206c>
   14486:	874a                	mv	a4,s2
   14488:	84de                	mv	s1,s7
   1448a:	4dc1                	li	s11,16
   1448c:	479d                	li	a5,7
   1448e:	8972                	mv	s2,t3
   14490:	8bc2                	mv	s7,a6
   14492:	58868c13          	addi	s8,a3,1416 # 1b588 <zeroes.0>
   14496:	a021                	j	1449e <_vfprintf_r+0x113a>
   14498:	34c1                	addiw	s1,s1,-16
   1449a:	029ddb63          	bge	s11,s1,144d0 <_vfprintf_r+0x116c>
   1449e:	0741                	addi	a4,a4,16
   144a0:	2a85                	addiw	s5,s5,1
   144a2:	018b3023          	sd	s8,0(s6)
   144a6:	01bb3423          	sd	s11,8(s6)
   144aa:	f9ba                	sd	a4,240(sp)
   144ac:	d5d6                	sw	s5,232(sp)
   144ae:	0b41                	addi	s6,s6,16
   144b0:	ff57d4e3          	bge	a5,s5,14498 <_vfprintf_r+0x1134>
   144b4:	65a2                	ld	a1,8(sp)
   144b6:	6502                	ld	a0,0(sp)
   144b8:	1190                	addi	a2,sp,224
   144ba:	03a010ef          	jal	154f4 <__sprint_r>
   144be:	b80510e3          	bnez	a0,1403e <_vfprintf_r+0xcda>
   144c2:	774e                	ld	a4,240(sp)
   144c4:	5aae                	lw	s5,232(sp)
   144c6:	8b4e                	mv	s6,s3
   144c8:	479d                	li	a5,7
   144ca:	cc517057          	vsetivli	zero,2,e8,mf8,ta,ma
   144ce:	b7e9                	j	14498 <_vfprintf_r+0x1134>
   144d0:	8e4a                	mv	t3,s2
   144d2:	885e                	mv	a6,s7
   144d4:	893a                	mv	s2,a4
   144d6:	8ba6                	mv	s7,s1
   144d8:	86e2                	mv	a3,s8
   144da:	995e                	add	s2,s2,s7
   144dc:	2a85                	addiw	s5,s5,1
   144de:	f9ca                	sd	s2,240(sp)
   144e0:	d5d6                	sw	s5,232(sp)
   144e2:	00db3023          	sd	a3,0(s6)
   144e6:	017b3423          	sd	s7,8(s6)
   144ea:	479d                	li	a5,7
   144ec:	b157d9e3          	bge	a5,s5,13ffe <_vfprintf_r+0xc9a>
   144f0:	65a2                	ld	a1,8(sp)
   144f2:	6502                	ld	a0,0(sp)
   144f4:	1190                	addi	a2,sp,224
   144f6:	e0c2                	sd	a6,64(sp)
   144f8:	fc72                	sd	t3,56(sp)
   144fa:	7fb000ef          	jal	154f4 <__sprint_r>
   144fe:	b40510e3          	bnez	a0,1403e <_vfprintf_r+0xcda>
   14502:	794e                	ld	s2,240(sp)
   14504:	5aae                	lw	s5,232(sp)
   14506:	7e62                	ld	t3,56(sp)
   14508:	6806                	ld	a6,64(sp)
   1450a:	8b4e                	mv	s6,s3
   1450c:	cc517057          	vsetivli	zero,2,e8,mf8,ta,ma
   14510:	bcc5                	j	14000 <_vfprintf_r+0xc9c>
   14512:	5afd                	li	s5,-1
   14514:	8cb2                	mv	s9,a2
   14516:	f91fe06f          	j	134a6 <_vfprintf_r+0x142>
   1451a:	001cc303          	lbu	t1,1(s9)
   1451e:	2004e493          	ori	s1,s1,512
   14522:	0c85                	addi	s9,s9,1
   14524:	f7dfe06f          	j	134a0 <_vfprintf_r+0x13c>
   14528:	001cc303          	lbu	t1,1(s9)
   1452c:	0204e493          	ori	s1,s1,32
   14530:	0c85                	addi	s9,s9,1
   14532:	f6ffe06f          	j	134a0 <_vfprintf_r+0x13c>
   14536:	666d                	lui	a2,0x1b
   14538:	8e26                	mv	t3,s1
   1453a:	1d860613          	addi	a2,a2,472 # 1b1d8 <__clzdi2+0x26e>
   1453e:	6762                	ld	a4,24(sp)
   14540:	020e7793          	andi	a5,t3,32
   14544:	00870593          	addi	a1,a4,8
   14548:	cbf1                	beqz	a5,1461c <_vfprintf_r+0x12b8>
   1454a:	6318                	ld	a4,0(a4)
   1454c:	001e7793          	andi	a5,t3,1
   14550:	00e036b3          	snez	a3,a4
   14554:	c399                	beqz	a5,1455a <_vfprintf_r+0x11f6>
   14556:	1c069663          	bnez	a3,14722 <_vfprintf_r+0x13be>
   1455a:	0a0103a3          	sb	zero,167(sp)
   1455e:	100ac863          	bltz	s5,1466e <_vfprintf_r+0x130a>
   14562:	b7fe7e13          	andi	t3,t3,-1153
   14566:	1e0a9a63          	bnez	s5,1475a <_vfprintf_r+0x13f6>
   1456a:	1e069863          	bnez	a3,1475a <_vfprintf_r+0x13f6>
   1456e:	ec2e                	sd	a1,24(sp)
   14570:	4481                	li	s1,0
   14572:	b861                	j	13e0a <_vfprintf_r+0xaa6>
   14574:	4a81                	li	s5,0
   14576:	b199                	j	141bc <_vfprintf_r+0xe58>
   14578:	666d                	lui	a2,0x1b
   1457a:	8e26                	mv	t3,s1
   1457c:	1c060613          	addi	a2,a2,448 # 1b1c0 <__clzdi2+0x256>
   14580:	bf7d                	j	1453e <_vfprintf_r+0x11da>
   14582:	4799                	li	a5,6
   14584:	000a881b          	sext.w	a6,s5
   14588:	5957ee63          	bltu	a5,s5,14b24 <_vfprintf_r+0x17c0>
   1458c:	67ed                	lui	a5,0x1b
   1458e:	ec26                	sd	s1,24(sp)
   14590:	88c2                	mv	a7,a6
   14592:	1f078793          	addi	a5,a5,496 # 1b1f0 <__clzdi2+0x286>
   14596:	f002                	sd	zero,32(sp)
   14598:	4a81                	li	s5,0
   1459a:	e082                	sd	zero,64(sp)
   1459c:	fc02                	sd	zero,56(sp)
   1459e:	4481                	li	s1,0
   145a0:	f73fe06f          	j	13512 <_vfprintf_r+0x1ae>
   145a4:	48c1                	li	a7,16
   145a6:	572e                	lw	a4,232(sp)
   145a8:	66ed                	lui	a3,0x1b
   145aa:	6358d7e3          	bge	a7,s5,153d8 <_vfprintf_r+0x2074>
   145ae:	85a6                	mv	a1,s1
   145b0:	8b56                	mv	s6,s5
   145b2:	84be                	mv	s1,a5
   145b4:	864a                	mv	a2,s2
   145b6:	87de                	mv	a5,s7
   145b8:	4d9d                	li	s11,7
   145ba:	8ac2                	mv	s5,a6
   145bc:	8972                	mv	s2,t3
   145be:	58868c13          	addi	s8,a3,1416 # 1b588 <zeroes.0>
   145c2:	8bae                	mv	s7,a1
   145c4:	a021                	j	145cc <_vfprintf_r+0x1268>
   145c6:	3b41                	addiw	s6,s6,-16
   145c8:	5168d863          	bge	a7,s6,14ad8 <_vfprintf_r+0x1774>
   145cc:	0641                	addi	a2,a2,16
   145ce:	2705                	addiw	a4,a4,1
   145d0:	0187b023          	sd	s8,0(a5)
   145d4:	0117b423          	sd	a7,8(a5)
   145d8:	f9b2                	sd	a2,240(sp)
   145da:	d5ba                	sw	a4,232(sp)
   145dc:	07c1                	addi	a5,a5,16
   145de:	feedd4e3          	bge	s11,a4,145c6 <_vfprintf_r+0x1262>
   145e2:	65a2                	ld	a1,8(sp)
   145e4:	6502                	ld	a0,0(sp)
   145e6:	1190                	addi	a2,sp,224
   145e8:	70d000ef          	jal	154f4 <__sprint_r>
   145ec:	a40519e3          	bnez	a0,1403e <_vfprintf_r+0xcda>
   145f0:	764e                	ld	a2,240(sp)
   145f2:	572e                	lw	a4,232(sp)
   145f4:	87ce                	mv	a5,s3
   145f6:	48c1                	li	a7,16
   145f8:	b7f9                	j	145c6 <_vfprintf_r+0x1262>
   145fa:	cc517057          	vsetivli	zero,2,e8,mf8,ta,ma
   145fe:	ea3fe06f          	j	134a0 <_vfprintf_r+0x13c>
   14602:	2004f493          	andi	s1,s1,512
   14606:	0a0103a3          	sb	zero,167(sp)
   1460a:	5a048763          	beqz	s1,14bb8 <_vfprintf_r+0x1854>
   1460e:	0ff97913          	zext.b	s2,s2
   14612:	d80adde3          	bgez	s5,143ac <_vfprintf_r+0x1048>
   14616:	ec3a                	sd	a4,24(sp)
   14618:	b9eff06f          	j	139b6 <_vfprintf_r+0x652>
   1461c:	010e7793          	andi	a5,t3,16
   14620:	12078463          	beqz	a5,14748 <_vfprintf_r+0x13e4>
   14624:	67e2                	ld	a5,24(sp)
   14626:	6398                	ld	a4,0(a5)
   14628:	b715                	j	1454c <_vfprintf_r+0x11e8>
   1462a:	65a2                	ld	a1,8(sp)
   1462c:	6502                	ld	a0,0(sp)
   1462e:	1190                	addi	a2,sp,224
   14630:	ecc2                	sd	a6,88(sp)
   14632:	e0f2                	sd	t3,64(sp)
   14634:	fc3e                	sd	a5,56(sp)
   14636:	6bf000ef          	jal	154f4 <__sprint_r>
   1463a:	a00512e3          	bnez	a0,1403e <_vfprintf_r+0xcda>
   1463e:	794e                	ld	s2,240(sp)
   14640:	5aae                	lw	s5,232(sp)
   14642:	6866                	ld	a6,88(sp)
   14644:	6e06                	ld	t3,64(sp)
   14646:	77e2                	ld	a5,56(sp)
   14648:	8b4e                	mv	s6,s3
   1464a:	ba9d                	j	13fc0 <_vfprintf_r+0xc5c>
   1464c:	65a2                	ld	a1,8(sp)
   1464e:	6502                	ld	a0,0(sp)
   14650:	1190                	addi	a2,sp,224
   14652:	ecc2                	sd	a6,88(sp)
   14654:	e0f2                	sd	t3,64(sp)
   14656:	fc3e                	sd	a5,56(sp)
   14658:	69d000ef          	jal	154f4 <__sprint_r>
   1465c:	9e0511e3          	bnez	a0,1403e <_vfprintf_r+0xcda>
   14660:	794e                	ld	s2,240(sp)
   14662:	5aae                	lw	s5,232(sp)
   14664:	6866                	ld	a6,88(sp)
   14666:	6e06                	ld	t3,64(sp)
   14668:	77e2                	ld	a5,56(sp)
   1466a:	8b4e                	mv	s6,s3
   1466c:	ba25                	j	13fa4 <_vfprintf_r+0xc40>
   1466e:	bffe7e13          	andi	t3,t3,-1025
   14672:	ec2e                	sd	a1,24(sp)
   14674:	4481                	li	s1,0
   14676:	4501                	li	a0,0
   14678:	b3c9                	j	1443a <_vfprintf_r+0x10d6>
   1467a:	65a2                	ld	a1,8(sp)
   1467c:	6502                	ld	a0,0(sp)
   1467e:	1190                	addi	a2,sp,224
   14680:	ed46                	sd	a7,152(sp)
   14682:	e942                	sd	a6,144(sp)
   14684:	e172                	sd	t3,128(sp)
   14686:	f0be                	sd	a5,96(sp)
   14688:	ec9e                	sd	t2,88(sp)
   1468a:	66b000ef          	jal	154f4 <__sprint_r>
   1468e:	9a0518e3          	bnez	a0,1403e <_vfprintf_r+0xcda>
   14692:	0a714703          	lbu	a4,167(sp)
   14696:	794e                	ld	s2,240(sp)
   14698:	63e6                	ld	t2,88(sp)
   1469a:	7786                	ld	a5,96(sp)
   1469c:	6e0a                	ld	t3,128(sp)
   1469e:	684a                	ld	a6,144(sp)
   146a0:	68ea                	ld	a7,152(sp)
   146a2:	84da                	mv	s1,s6
   146a4:	18070763          	beqz	a4,14832 <_vfprintf_r+0x14ce>
   146a8:	562e                	lw	a2,232(sp)
   146aa:	4b01                	li	s6,0
   146ac:	8bce                	mv	s7,s3
   146ae:	cc517057          	vsetivli	zero,2,e8,mf8,ta,ma
   146b2:	e77fe06f          	j	13528 <_vfprintf_r+0x1c4>
   146b6:	572e                	lw	a4,232(sp)
   146b8:	66ed                	lui	a3,0x1b
   146ba:	1f868693          	addi	a3,a3,504 # 1b1f8 <__clzdi2+0x28e>
   146be:	00dbb023          	sd	a3,0(s7)
   146c2:	0905                	addi	s2,s2,1
   146c4:	4685                	li	a3,1
   146c6:	2705                	addiw	a4,a4,1
   146c8:	00dbb423          	sd	a3,8(s7)
   146cc:	f9ca                	sd	s2,240(sp)
   146ce:	d5ba                	sw	a4,232(sp)
   146d0:	469d                	li	a3,7
   146d2:	0bc1                	addi	s7,s7,16
   146d4:	02e6c4e3          	blt	a3,a4,14efc <_vfprintf_r+0x1b98>
   146d8:	7742                	ld	a4,48(sp)
   146da:	8f51                	or	a4,a4,a2
   146dc:	100705e3          	beqz	a4,14fe6 <_vfprintf_r+0x1c82>
   146e0:	66a6                	ld	a3,72(sp)
   146e2:	572e                	lw	a4,232(sp)
   146e4:	65c6                	ld	a1,80(sp)
   146e6:	9936                	add	s2,s2,a3
   146e8:	2705                	addiw	a4,a4,1
   146ea:	00dbb423          	sd	a3,8(s7)
   146ee:	00bbb023          	sd	a1,0(s7)
   146f2:	f9ca                	sd	s2,240(sp)
   146f4:	d5ba                	sw	a4,232(sp)
   146f6:	469d                	li	a3,7
   146f8:	0bc1                	addi	s7,s7,16
   146fa:	46e6c763          	blt	a3,a4,14b68 <_vfprintf_r+0x1804>
   146fe:	1c0642e3          	bltz	a2,150c2 <_vfprintf_r+0x1d5e>
   14702:	76c2                	ld	a3,48(sp)
   14704:	2705                	addiw	a4,a4,1
   14706:	00fbb023          	sd	a5,0(s7)
   1470a:	9936                	add	s2,s2,a3
   1470c:	f9ca                	sd	s2,240(sp)
   1470e:	d5ba                	sw	a4,232(sp)
   14710:	00dbb423          	sd	a3,8(s7)
   14714:	479d                	li	a5,7
   14716:	94e7cf63          	blt	a5,a4,13874 <_vfprintf_r+0x510>
   1471a:	cc517057          	vsetivli	zero,2,e8,mf8,ta,ma
   1471e:	e7bfe06f          	j	13598 <_vfprintf_r+0x234>
   14722:	03000793          	li	a5,48
   14726:	0bb104a3          	sb	s11,169(sp)
   1472a:	0a0103a3          	sb	zero,167(sp)
   1472e:	0af10423          	sb	a5,168(sp)
   14732:	1c0acd63          	bltz	s5,1490c <_vfprintf_r+0x15a8>
   14736:	b7fe7f13          	andi	t5,t3,-1153
   1473a:	002f6e13          	ori	t3,t5,2
   1473e:	4489                	li	s1,2
   14740:	0a714503          	lbu	a0,167(sp)
   14744:	ec2e                	sd	a1,24(sp)
   14746:	b9d5                	j	1443a <_vfprintf_r+0x10d6>
   14748:	6762                	ld	a4,24(sp)
   1474a:	040e7793          	andi	a5,t3,64
   1474e:	4318                	lw	a4,0(a4)
   14750:	0e078a63          	beqz	a5,14844 <_vfprintf_r+0x14e0>
   14754:	1742                	slli	a4,a4,0x30
   14756:	9341                	srli	a4,a4,0x30
   14758:	bbd5                	j	1454c <_vfprintf_r+0x11e8>
   1475a:	4481                	li	s1,0
   1475c:	b7d5                	j	14740 <_vfprintf_r+0x13dc>
   1475e:	6502                	ld	a0,0(sp)
   14760:	f16fd0ef          	jal	11e76 <__sinit>
   14764:	c3dfe06f          	j	133a0 <_vfprintf_r+0x3c>
   14768:	65a2                	ld	a1,8(sp)
   1476a:	6502                	ld	a0,0(sp)
   1476c:	1190                	addi	a2,sp,224
   1476e:	e0c2                	sd	a6,64(sp)
   14770:	fc72                	sd	t3,56(sp)
   14772:	583000ef          	jal	154f4 <__sprint_r>
   14776:	8c0514e3          	bnez	a0,1403e <_vfprintf_r+0xcda>
   1477a:	794e                	ld	s2,240(sp)
   1477c:	6806                	ld	a6,64(sp)
   1477e:	7e62                	ld	t3,56(sp)
   14780:	8bce                	mv	s7,s3
   14782:	d96ff06f          	j	13d18 <_vfprintf_r+0x9b4>
   14786:	84e2                	mv	s1,s8
   14788:	b865                	j	14040 <_vfprintf_r+0xcdc>
   1478a:	65a2                	ld	a1,8(sp)
   1478c:	6502                	ld	a0,0(sp)
   1478e:	1190                	addi	a2,sp,224
   14790:	e0c2                	sd	a6,64(sp)
   14792:	fc72                	sd	t3,56(sp)
   14794:	561000ef          	jal	154f4 <__sprint_r>
   14798:	8a0513e3          	bnez	a0,1403e <_vfprintf_r+0xcda>
   1479c:	794e                	ld	s2,240(sp)
   1479e:	6806                	ld	a6,64(sp)
   147a0:	7e62                	ld	t3,56(sp)
   147a2:	8bce                	mv	s7,s3
   147a4:	cc517057          	vsetivli	zero,2,e8,mf8,ta,ma
   147a8:	da2ff06f          	j	13d4a <_vfprintf_r+0x9e6>
   147ac:	654e                	ld	a0,208(sp)
   147ae:	65ee                	ld	a1,216(sp)
   147b0:	f7fe7e13          	andi	t3,t3,-129
   147b4:	4601                	li	a2,0
   147b6:	4681                	li	a3,0
   147b8:	f072                	sd	t3,32(sp)
   147ba:	6e2050ef          	jal	19e9c <__letf2>
   147be:	7e02                	ld	t3,32(sp)
   147c0:	76054363          	bltz	a0,14f26 <_vfprintf_r+0x1bc2>
   147c4:	04700793          	li	a5,71
   147c8:	0a714703          	lbu	a4,167(sp)
   147cc:	45b7cf63          	blt	a5,s11,14c2a <_vfprintf_r+0x18c6>
   147d0:	67ed                	lui	a5,0x1b
   147d2:	1a078793          	addi	a5,a5,416 # 1b1a0 <__clzdi2+0x236>
   147d6:	e77d                	bnez	a4,148c4 <_vfprintf_r+0x1560>
   147d8:	488d                	li	a7,3
   147da:	8846                	mv	a6,a7
   147dc:	cc517057          	vsetivli	zero,2,e8,mf8,ta,ma
   147e0:	bb5d                	j	14596 <_vfprintf_r+0x1232>
   147e2:	666d                	lui	a2,0x1b
   147e4:	1c060613          	addi	a2,a2,448 # 1b1c0 <__clzdi2+0x256>
   147e8:	4489                	li	s1,2
   147ea:	07800d93          	li	s11,120
   147ee:	bf89                	j	14740 <_vfprintf_r+0x13dc>
   147f0:	77ce                	ld	a5,240(sp)
   147f2:	64a2                	ld	s1,8(sp)
   147f4:	84078be3          	beqz	a5,1404a <_vfprintf_r+0xce6>
   147f8:	6502                	ld	a0,0(sp)
   147fa:	1190                	addi	a2,sp,224
   147fc:	85a6                	mv	a1,s1
   147fe:	4f7000ef          	jal	154f4 <__sprint_r>
   14802:	849ff06f          	j	1404a <_vfprintf_r+0xce6>
   14806:	853e                	mv	a0,a5
   14808:	f072                	sd	t3,32(sp)
   1480a:	ec3e                	sd	a5,24(sp)
   1480c:	5ea010ef          	jal	15df6 <strlen>
   14810:	0005089b          	sext.w	a7,a0
   14814:	67e2                	ld	a5,24(sp)
   14816:	7e02                	ld	t3,32(sp)
   14818:	8746                	mv	a4,a7
   1481a:	3c08ce63          	bltz	a7,14bf6 <_vfprintf_r+0x1892>
   1481e:	0a714683          	lbu	a3,167(sp)
   14822:	0007081b          	sext.w	a6,a4
   14826:	8c068963          	beqz	a3,138f8 <_vfprintf_r+0x594>
   1482a:	0017081b          	addiw	a6,a4,1
   1482e:	8caff06f          	j	138f8 <_vfprintf_r+0x594>
   14832:	34038d63          	beqz	t2,14b8c <_vfprintf_r+0x1828>
   14836:	562e                	lw	a2,232(sp)
   14838:	4b01                	li	s6,0
   1483a:	8bce                	mv	s7,s3
   1483c:	cc517057          	vsetivli	zero,2,e8,mf8,ta,ma
   14840:	d0dfe06f          	j	1354c <_vfprintf_r+0x1e8>
   14844:	200e7793          	andi	a5,t3,512
   14848:	36078563          	beqz	a5,14bb2 <_vfprintf_r+0x184e>
   1484c:	0ff77713          	zext.b	a4,a4
   14850:	b9f5                	j	1454c <_vfprintf_r+0x11e8>
   14852:	2004f793          	andi	a5,s1,512
   14856:	38078563          	beqz	a5,14be0 <_vfprintf_r+0x187c>
   1485a:	0ff6f693          	zext.b	a3,a3
   1485e:	ec3a                	sd	a4,24(sp)
   14860:	8826                	mv	a6,s1
   14862:	b5eff06f          	j	13bc0 <_vfprintf_r+0x85c>
   14866:	cc517057          	vsetivli	zero,2,e8,mf8,ta,ma
   1486a:	c37fe06f          	j	134a0 <_vfprintf_r+0x13c>
   1486e:	cc517057          	vsetivli	zero,2,e8,mf8,ta,ma
   14872:	c2ffe06f          	j	134a0 <_vfprintf_r+0x13c>
   14876:	2004f793          	andi	a5,s1,512
   1487a:	34078f63          	beqz	a5,14bd8 <_vfprintf_r+0x1874>
   1487e:	0189191b          	slliw	s2,s2,0x18
   14882:	4189591b          	sraiw	s2,s2,0x18
   14886:	ec3a                	sd	a4,24(sp)
   14888:	87ca                	mv	a5,s2
   1488a:	8a8ff06f          	j	13932 <_vfprintf_r+0x5ce>
   1488e:	f002                	sd	zero,32(sp)
   14890:	4881                	li	a7,0
   14892:	e082                	sd	zero,64(sp)
   14894:	fc02                	sd	zero,56(sp)
   14896:	4481                	li	s1,0
   14898:	0afc                	addi	a5,sp,348
   1489a:	4801                	li	a6,0
   1489c:	c77fe06f          	j	13512 <_vfprintf_r+0x1ae>
   148a0:	67ee                	ld	a5,216(sp)
   148a2:	f7fe7e13          	andi	t3,t3,-129
   148a6:	03f7d493          	srli	s1,a5,0x3f
   148aa:	3407db63          	bgez	a5,14c00 <_vfprintf_r+0x189c>
   148ae:	02d00793          	li	a5,45
   148b2:	0af103a3          	sb	a5,167(sp)
   148b6:	04700793          	li	a5,71
   148ba:	19b7dae3          	bge	a5,s11,1524e <_vfprintf_r+0x1eea>
   148be:	67ed                	lui	a5,0x1b
   148c0:	1b878793          	addi	a5,a5,440 # 1b1b8 <__clzdi2+0x24e>
   148c4:	f002                	sd	zero,32(sp)
   148c6:	488d                	li	a7,3
   148c8:	4a81                	li	s5,0
   148ca:	e082                	sd	zero,64(sp)
   148cc:	fc02                	sd	zero,56(sp)
   148ce:	4481                	li	s1,0
   148d0:	4811                	li	a6,4
   148d2:	cc517057          	vsetivli	zero,2,e8,mf8,ta,ma
   148d6:	c3dfe06f          	j	13512 <_vfprintf_r+0x1ae>
   148da:	100e6713          	ori	a4,t3,256
   148de:	57fd                	li	a5,-1
   148e0:	f03a                	sd	a4,32(sp)
   148e2:	64ce                	ld	s1,208(sp)
   148e4:	6b6e                	ld	s6,216(sp)
   148e6:	38fa8463          	beq	s5,a5,14c6e <_vfprintf_r+0x190a>
   148ea:	ec82                	sd	zero,88(sp)
   148ec:	000a9663          	bnez	s5,148f8 <_vfprintf_r+0x1594>
   148f0:	fb990713          	addi	a4,s2,-71
   148f4:	44070c63          	beqz	a4,14d4c <_vfprintf_r+0x19e8>
   148f8:	360b5f63          	bgez	s6,14c76 <_vfprintf_r+0x1912>
   148fc:	57fd                	li	a5,-1
   148fe:	17fe                	slli	a5,a5,0x3f
   14900:	00fb4b33          	xor	s6,s6,a5
   14904:	02d00793          	li	a5,45
   14908:	ecbe                	sd	a5,88(sp)
   1490a:	a6b5                	j	14c76 <_vfprintf_r+0x1912>
   1490c:	bffe7f13          	andi	t5,t3,-1025
   14910:	002f6e13          	ori	t3,t5,2
   14914:	ec2e                	sd	a1,24(sp)
   14916:	4489                	li	s1,2
   14918:	4501                	li	a0,0
   1491a:	b605                	j	1443a <_vfprintf_r+0x10d6>
   1491c:	4b41                	li	s6,16
   1491e:	57ae                	lw	a5,232(sp)
   14920:	cc517057          	vsetivli	zero,2,e8,mf8,ta,ma
   14924:	66ed                	lui	a3,0x1b
   14926:	5d5b5763          	bge	s6,s5,14ef4 <_vfprintf_r+0x1b90>
   1492a:	84d6                	mv	s1,s5
   1492c:	874a                	mv	a4,s2
   1492e:	4d9d                	li	s11,7
   14930:	8ac2                	mv	s5,a6
   14932:	8972                	mv	s2,t3
   14934:	58868c13          	addi	s8,a3,1416 # 1b588 <zeroes.0>
   14938:	a031                	j	14944 <_vfprintf_r+0x15e0>
   1493a:	34c1                	addiw	s1,s1,-16
   1493c:	009b4463          	blt	s6,s1,14944 <_vfprintf_r+0x15e0>
   14940:	f15fe06f          	j	13854 <_vfprintf_r+0x4f0>
   14944:	0741                	addi	a4,a4,16
   14946:	2785                	addiw	a5,a5,1
   14948:	018bb023          	sd	s8,0(s7)
   1494c:	016bb423          	sd	s6,8(s7)
   14950:	f9ba                	sd	a4,240(sp)
   14952:	d5be                	sw	a5,232(sp)
   14954:	0bc1                	addi	s7,s7,16
   14956:	fefdd2e3          	bge	s11,a5,1493a <_vfprintf_r+0x15d6>
   1495a:	65a2                	ld	a1,8(sp)
   1495c:	6502                	ld	a0,0(sp)
   1495e:	1190                	addi	a2,sp,224
   14960:	395000ef          	jal	154f4 <__sprint_r>
   14964:	ec051d63          	bnez	a0,1403e <_vfprintf_r+0xcda>
   14968:	774e                	ld	a4,240(sp)
   1496a:	57ae                	lw	a5,232(sp)
   1496c:	8bce                	mv	s7,s3
   1496e:	cc517057          	vsetivli	zero,2,e8,mf8,ta,ma
   14972:	b7e1                	j	1493a <_vfprintf_r+0x15d6>
   14974:	7662                	ld	a2,56(sp)
   14976:	6586                	ld	a1,64(sp)
   14978:	00b66733          	or	a4,a2,a1
   1497c:	2a0708e3          	beqz	a4,1542c <_vfprintf_r+0x20c8>
   14980:	7742                	ld	a4,48(sp)
   14982:	ecea                	sd	s10,88(sp)
   14984:	ed66                	sd	s9,152(sp)
   14986:	7d66                	ld	s10,120(sp)
   14988:	6caa                	ld	s9,136(sp)
   1498a:	6aa2                	ld	s5,8(sp)
   1498c:	00e78333          	add	t1,a5,a4
   14990:	68ed                	lui	a7,0x1b
   14992:	8c6e                	mv	s8,s11
   14994:	f0be                	sd	a5,96(sp)
   14996:	874a                	mv	a4,s2
   14998:	87de                	mv	a5,s7
   1499a:	58888893          	addi	a7,a7,1416 # 1b588 <zeroes.0>
   1499e:	469d                	li	a3,7
   149a0:	4b41                	li	s6,16
   149a2:	e172                	sd	t3,128(sp)
   149a4:	8dae                	mv	s11,a1
   149a6:	e942                	sd	a6,144(sp)
   149a8:	8932                	mv	s2,a2
   149aa:	8b9a                	mv	s7,t1
   149ac:	07b04c63          	bgtz	s11,14a24 <_vfprintf_r+0x16c0>
   149b0:	1d7d                	addi	s10,s10,-1
   149b2:	397d                	addiw	s2,s2,-1
   149b4:	562e                	lw	a2,232(sp)
   149b6:	75c6                	ld	a1,112(sp)
   149b8:	9766                	add	a4,a4,s9
   149ba:	2605                	addiw	a2,a2,1
   149bc:	e38c                	sd	a1,0(a5)
   149be:	0197b423          	sd	s9,8(a5)
   149c2:	f9ba                	sd	a4,240(sp)
   149c4:	d5b2                	sw	a2,232(sp)
   149c6:	07c1                	addi	a5,a5,16
   149c8:	0cc6c663          	blt	a3,a2,14a94 <_vfprintf_r+0x1730>
   149cc:	000d4603          	lbu	a2,0(s10)
   149d0:	418b83b3          	sub	t2,s7,s8
   149d4:	0003859b          	sext.w	a1,t2
   149d8:	0006081b          	sext.w	a6,a2
   149dc:	82de                	mv	t0,s7
   149de:	00b65363          	bge	a2,a1,149e4 <_vfprintf_r+0x1680>
   149e2:	83c2                	mv	t2,a6
   149e4:	0003849b          	sext.w	s1,t2
   149e8:	02905163          	blez	s1,14a0a <_vfprintf_r+0x16a6>
   149ec:	562e                	lw	a2,232(sp)
   149ee:	9726                	add	a4,a4,s1
   149f0:	f9ba                	sd	a4,240(sp)
   149f2:	2605                	addiw	a2,a2,1
   149f4:	0187b023          	sd	s8,0(a5)
   149f8:	e784                	sd	s1,8(a5)
   149fa:	d5b2                	sw	a2,232(sp)
   149fc:	0ac6ca63          	blt	a3,a2,14ab0 <_vfprintf_r+0x174c>
   14a00:	000d4603          	lbu	a2,0(s10)
   14a04:	07c1                	addi	a5,a5,16
   14a06:	0006081b          	sext.w	a6,a2
   14a0a:	85a6                	mv	a1,s1
   14a0c:	0004d363          	bgez	s1,14a12 <_vfprintf_r+0x16ae>
   14a10:	4581                	li	a1,0
   14a12:	40b804bb          	subw	s1,a6,a1
   14a16:	00904963          	bgtz	s1,14a28 <_vfprintf_r+0x16c4>
   14a1a:	9c32                	add	s8,s8,a2
   14a1c:	f92048e3          	bgtz	s2,149ac <_vfprintf_r+0x1648>
   14a20:	4bb05b63          	blez	s11,14ed6 <_vfprintf_r+0x1b72>
   14a24:	3dfd                	addiw	s11,s11,-1
   14a26:	b779                	j	149b4 <_vfprintf_r+0x1650>
   14a28:	65ed                	lui	a1,0x1b
   14a2a:	562e                	lw	a2,232(sp)
   14a2c:	58858593          	addi	a1,a1,1416 # 1b588 <zeroes.0>
   14a30:	049b5663          	bge	s6,s1,14a7c <_vfprintf_r+0x1718>
   14a34:	fc16                	sd	t0,56(sp)
   14a36:	e0c6                	sd	a7,64(sp)
   14a38:	a021                	j	14a40 <_vfprintf_r+0x16dc>
   14a3a:	34c1                	addiw	s1,s1,-16
   14a3c:	029b5e63          	bge	s6,s1,14a78 <_vfprintf_r+0x1714>
   14a40:	0741                	addi	a4,a4,16
   14a42:	2605                	addiw	a2,a2,1
   14a44:	0117b023          	sd	a7,0(a5)
   14a48:	0167b423          	sd	s6,8(a5)
   14a4c:	f9ba                	sd	a4,240(sp)
   14a4e:	d5b2                	sw	a2,232(sp)
   14a50:	07c1                	addi	a5,a5,16
   14a52:	fec6d4e3          	bge	a3,a2,14a3a <_vfprintf_r+0x16d6>
   14a56:	6502                	ld	a0,0(sp)
   14a58:	1190                	addi	a2,sp,224
   14a5a:	85d6                	mv	a1,s5
   14a5c:	299000ef          	jal	154f4 <__sprint_r>
   14a60:	4c051063          	bnez	a0,14f20 <_vfprintf_r+0x1bbc>
   14a64:	66ed                	lui	a3,0x1b
   14a66:	34c1                	addiw	s1,s1,-16
   14a68:	58868893          	addi	a7,a3,1416 # 1b588 <zeroes.0>
   14a6c:	774e                	ld	a4,240(sp)
   14a6e:	562e                	lw	a2,232(sp)
   14a70:	87ce                	mv	a5,s3
   14a72:	469d                	li	a3,7
   14a74:	fc9b46e3          	blt	s6,s1,14a40 <_vfprintf_r+0x16dc>
   14a78:	72e2                	ld	t0,56(sp)
   14a7a:	6586                	ld	a1,64(sp)
   14a7c:	9726                	add	a4,a4,s1
   14a7e:	2605                	addiw	a2,a2,1
   14a80:	f9ba                	sd	a4,240(sp)
   14a82:	d5b2                	sw	a2,232(sp)
   14a84:	e38c                	sd	a1,0(a5)
   14a86:	e784                	sd	s1,8(a5)
   14a88:	4ac6cb63          	blt	a3,a2,14f3e <_vfprintf_r+0x1bda>
   14a8c:	000d4603          	lbu	a2,0(s10)
   14a90:	07c1                	addi	a5,a5,16
   14a92:	b761                	j	14a1a <_vfprintf_r+0x16b6>
   14a94:	6502                	ld	a0,0(sp)
   14a96:	1190                	addi	a2,sp,224
   14a98:	85d6                	mv	a1,s5
   14a9a:	25b000ef          	jal	154f4 <__sprint_r>
   14a9e:	48051163          	bnez	a0,14f20 <_vfprintf_r+0x1bbc>
   14aa2:	66ed                	lui	a3,0x1b
   14aa4:	58868893          	addi	a7,a3,1416 # 1b588 <zeroes.0>
   14aa8:	774e                	ld	a4,240(sp)
   14aaa:	87ce                	mv	a5,s3
   14aac:	469d                	li	a3,7
   14aae:	bf39                	j	149cc <_vfprintf_r+0x1668>
   14ab0:	6502                	ld	a0,0(sp)
   14ab2:	1190                	addi	a2,sp,224
   14ab4:	85d6                	mv	a1,s5
   14ab6:	fc16                	sd	t0,56(sp)
   14ab8:	23d000ef          	jal	154f4 <__sprint_r>
   14abc:	46051263          	bnez	a0,14f20 <_vfprintf_r+0x1bbc>
   14ac0:	000d4603          	lbu	a2,0(s10)
   14ac4:	66ed                	lui	a3,0x1b
   14ac6:	58868893          	addi	a7,a3,1416 # 1b588 <zeroes.0>
   14aca:	774e                	ld	a4,240(sp)
   14acc:	72e2                	ld	t0,56(sp)
   14ace:	87ce                	mv	a5,s3
   14ad0:	0006081b          	sext.w	a6,a2
   14ad4:	469d                	li	a3,7
   14ad6:	bf15                	j	14a0a <_vfprintf_r+0x16a6>
   14ad8:	85de                	mv	a1,s7
   14ada:	8e4a                	mv	t3,s2
   14adc:	8856                	mv	a6,s5
   14ade:	8bbe                	mv	s7,a5
   14ae0:	8ada                	mv	s5,s6
   14ae2:	87a6                	mv	a5,s1
   14ae4:	8932                	mv	s2,a2
   14ae6:	86e2                	mv	a3,s8
   14ae8:	84ae                	mv	s1,a1
   14aea:	9956                	add	s2,s2,s5
   14aec:	2705                	addiw	a4,a4,1
   14aee:	00dbb023          	sd	a3,0(s7)
   14af2:	015bb423          	sd	s5,8(s7)
   14af6:	f9ca                	sd	s2,240(sp)
   14af8:	d5ba                	sw	a4,232(sp)
   14afa:	469d                	li	a3,7
   14afc:	0bc1                	addi	s7,s7,16
   14afe:	ece6d363          	bge	a3,a4,141c4 <_vfprintf_r+0xe60>
   14b02:	65a2                	ld	a1,8(sp)
   14b04:	6502                	ld	a0,0(sp)
   14b06:	1190                	addi	a2,sp,224
   14b08:	e142                	sd	a6,128(sp)
   14b0a:	f0f2                	sd	t3,96(sp)
   14b0c:	ecbe                	sd	a5,88(sp)
   14b0e:	1e7000ef          	jal	154f4 <__sprint_r>
   14b12:	d2051663          	bnez	a0,1403e <_vfprintf_r+0xcda>
   14b16:	794e                	ld	s2,240(sp)
   14b18:	680a                	ld	a6,128(sp)
   14b1a:	7e06                	ld	t3,96(sp)
   14b1c:	67e6                	ld	a5,88(sp)
   14b1e:	8bce                	mv	s7,s3
   14b20:	ea4ff06f          	j	141c4 <_vfprintf_r+0xe60>
   14b24:	0007881b          	sext.w	a6,a5
   14b28:	b495                	j	1458c <_vfprintf_r+0x1228>
   14b2a:	65a2                	ld	a1,8(sp)
   14b2c:	6502                	ld	a0,0(sp)
   14b2e:	1190                	addi	a2,sp,224
   14b30:	e142                	sd	a6,128(sp)
   14b32:	f0f2                	sd	t3,96(sp)
   14b34:	ecbe                	sd	a5,88(sp)
   14b36:	1bf000ef          	jal	154f4 <__sprint_r>
   14b3a:	d0051263          	bnez	a0,1403e <_vfprintf_r+0xcda>
   14b3e:	794e                	ld	s2,240(sp)
   14b40:	680a                	ld	a6,128(sp)
   14b42:	7e06                	ld	t3,96(sp)
   14b44:	67e6                	ld	a5,88(sp)
   14b46:	8bce                	mv	s7,s3
   14b48:	e6eff06f          	j	141b6 <_vfprintf_r+0xe52>
   14b4c:	66a6                	ld	a3,72(sp)
   14b4e:	572e                	lw	a4,232(sp)
   14b50:	6646                	ld	a2,80(sp)
   14b52:	9936                	add	s2,s2,a3
   14b54:	2705                	addiw	a4,a4,1
   14b56:	00dbb423          	sd	a3,8(s7)
   14b5a:	f9ca                	sd	s2,240(sp)
   14b5c:	00cbb023          	sd	a2,0(s7)
   14b60:	d5ba                	sw	a4,232(sp)
   14b62:	469d                	li	a3,7
   14b64:	62e6d563          	bge	a3,a4,1518e <_vfprintf_r+0x1e2a>
   14b68:	65a2                	ld	a1,8(sp)
   14b6a:	6502                	ld	a0,0(sp)
   14b6c:	1190                	addi	a2,sp,224
   14b6e:	ecc2                	sd	a6,88(sp)
   14b70:	e0f2                	sd	t3,64(sp)
   14b72:	fc3e                	sd	a5,56(sp)
   14b74:	181000ef          	jal	154f4 <__sprint_r>
   14b78:	cc051363          	bnez	a0,1403e <_vfprintf_r+0xcda>
   14b7c:	564a                	lw	a2,176(sp)
   14b7e:	794e                	ld	s2,240(sp)
   14b80:	572e                	lw	a4,232(sp)
   14b82:	6866                	ld	a6,88(sp)
   14b84:	6e06                	ld	t3,64(sp)
   14b86:	77e2                	ld	a5,56(sp)
   14b88:	8bce                	mv	s7,s3
   14b8a:	be95                	j	146fe <_vfprintf_r+0x139a>
   14b8c:	8bce                	mv	s7,s3
   14b8e:	cc517057          	vsetivli	zero,2,e8,mf8,ta,ma
   14b92:	9dffe06f          	j	13570 <_vfprintf_r+0x20c>
   14b96:	00d78b33          	add	s6,a5,a3
   14b9a:	41bb0b33          	sub	s6,s6,s11
   14b9e:	41568abb          	subw	s5,a3,s5
   14ba2:	000b079b          	sext.w	a5,s6
   14ba6:	00fad363          	bge	s5,a5,14bac <_vfprintf_r+0x1848>
   14baa:	8b56                	mv	s6,s5
   14bac:	2b01                	sext.w	s6,s6
   14bae:	e86ff06f          	j	14234 <_vfprintf_r+0xed0>
   14bb2:	1702                	slli	a4,a4,0x20
   14bb4:	9301                	srli	a4,a4,0x20
   14bb6:	ba59                	j	1454c <_vfprintf_r+0x11e8>
   14bb8:	1902                	slli	s2,s2,0x20
   14bba:	02095913          	srli	s2,s2,0x20
   14bbe:	a40acce3          	bltz	s5,14616 <_vfprintf_r+0x12b2>
   14bc2:	ec3a                	sd	a4,24(sp)
   14bc4:	f7fe7e13          	andi	t3,t3,-129
   14bc8:	000a8463          	beqz	s5,14bd0 <_vfprintf_r+0x186c>
   14bcc:	debfe06f          	j	139b6 <_vfprintf_r+0x652>
   14bd0:	a2090d63          	beqz	s2,13e0a <_vfprintf_r+0xaa6>
   14bd4:	de3fe06f          	j	139b6 <_vfprintf_r+0x652>
   14bd8:	ec3a                	sd	a4,24(sp)
   14bda:	87ca                	mv	a5,s2
   14bdc:	d57fe06f          	j	13932 <_vfprintf_r+0x5ce>
   14be0:	1682                	slli	a3,a3,0x20
   14be2:	9281                	srli	a3,a3,0x20
   14be4:	ec3a                	sd	a4,24(sp)
   14be6:	8826                	mv	a6,s1
   14be8:	fd9fe06f          	j	13bc0 <_vfprintf_r+0x85c>
   14bec:	67c2                	ld	a5,16(sp)
   14bee:	00f71023          	sh	a5,0(a4)
   14bf2:	83dfe06f          	j	1342e <_vfprintf_r+0xca>
   14bf6:	4701                	li	a4,0
   14bf8:	b11d                	j	1481e <_vfprintf_r+0x14ba>
   14bfa:	4681                	li	a3,0
   14bfc:	cf3fe06f          	j	138ee <_vfprintf_r+0x58a>
   14c00:	04700793          	li	a5,71
   14c04:	0a714703          	lbu	a4,167(sp)
   14c08:	5fb7d863          	bge	a5,s11,151f8 <_vfprintf_r+0x1e94>
   14c0c:	67ed                	lui	a5,0x1b
   14c0e:	1b878793          	addi	a5,a5,440 # 1b1b8 <__clzdi2+0x24e>
   14c12:	7e071f63          	bnez	a4,15410 <_vfprintf_r+0x20ac>
   14c16:	488d                	li	a7,3
   14c18:	8846                	mv	a6,a7
   14c1a:	4a81                	li	s5,0
   14c1c:	e082                	sd	zero,64(sp)
   14c1e:	fc02                	sd	zero,56(sp)
   14c20:	f002                	sd	zero,32(sp)
   14c22:	cc517057          	vsetivli	zero,2,e8,mf8,ta,ma
   14c26:	8edfe06f          	j	13512 <_vfprintf_r+0x1ae>
   14c2a:	67ed                	lui	a5,0x1b
   14c2c:	1a878793          	addi	a5,a5,424 # 1b1a8 <__clzdi2+0x23e>
   14c30:	b65d                	j	147d6 <_vfprintf_r+0x1472>
   14c32:	6502                	ld	a0,0(sp)
   14c34:	001a859b          	addiw	a1,s5,1
   14c38:	f072                	sd	t3,32(sp)
   14c3a:	9eafc0ef          	jal	10e24 <_malloc_r>
   14c3e:	7e02                	ld	t3,32(sp)
   14c40:	87aa                	mv	a5,a0
   14c42:	7e050d63          	beqz	a0,1543c <_vfprintf_r+0x20d8>
   14c46:	65ee                	ld	a1,216(sp)
   14c48:	f03e                	sd	a5,32(sp)
   14c4a:	ec82                	sd	zero,88(sp)
   14c4c:	654e                	ld	a0,208(sp)
   14c4e:	0005c463          	bltz	a1,14c56 <_vfprintf_r+0x18f2>
   14c52:	a6dfe06f          	j	136be <_vfprintf_r+0x35a>
   14c56:	577d                	li	a4,-1
   14c58:	177e                	slli	a4,a4,0x3f
   14c5a:	8db9                	xor	a1,a1,a4
   14c5c:	02d00713          	li	a4,45
   14c60:	ecba                	sd	a4,88(sp)
   14c62:	a5dfe06f          	j	136be <_vfprintf_r+0x35a>
   14c66:	07800793          	li	a5,120
   14c6a:	a33fe06f          	j	1369c <_vfprintf_r+0x338>
   14c6e:	740b4963          	bltz	s6,153c0 <_vfprintf_r+0x205c>
   14c72:	ec82                	sd	zero,88(sp)
   14c74:	4a99                	li	s5,6
   14c76:	04600793          	li	a5,70
   14c7a:	30f91563          	bne	s2,a5,14f84 <_vfprintf_r+0x1c20>
   14c7e:	6502                	ld	a0,0(sp)
   14c80:	191c                	addi	a5,sp,176
   14c82:	8756                	mv	a4,s5
   14c84:	468d                	li	a3,3
   14c86:	865a                	mv	a2,s6
   14c88:	0c810893          	addi	a7,sp,200
   14c8c:	0b410813          	addi	a6,sp,180
   14c90:	85a6                	mv	a1,s1
   14c92:	f872                	sd	t3,48(sp)
   14c94:	304010ef          	jal	15f98 <_ldtoa_r>
   14c98:	00054603          	lbu	a2,0(a0)
   14c9c:	03000693          	li	a3,48
   14ca0:	7e42                	ld	t3,48(sp)
   14ca2:	87aa                	mv	a5,a0
   14ca4:	01550733          	add	a4,a0,s5
   14ca8:	66d60763          	beq	a2,a3,15316 <_vfprintf_r+0x1fb2>
   14cac:	56ca                	lw	a3,176(sp)
   14cae:	00d70c33          	add	s8,a4,a3
   14cb2:	8526                	mv	a0,s1
   14cb4:	85da                	mv	a1,s6
   14cb6:	4601                	li	a2,0
   14cb8:	4681                	li	a3,0
   14cba:	fc72                	sd	t3,56(sp)
   14cbc:	f83e                	sd	a5,48(sp)
   14cbe:	080050ef          	jal	19d3e <__eqtf2>
   14cc2:	77c2                	ld	a5,48(sp)
   14cc4:	7e62                	ld	t3,56(sp)
   14cc6:	56050c63          	beqz	a0,1523e <_vfprintf_r+0x1eda>
   14cca:	68ae                	ld	a7,200(sp)
   14ccc:	7388f963          	bgeu	a7,s8,153fe <_vfprintf_r+0x209a>
   14cd0:	03000693          	li	a3,48
   14cd4:	00188713          	addi	a4,a7,1
   14cd8:	e5ba                	sd	a4,200(sp)
   14cda:	00d88023          	sb	a3,0(a7)
   14cde:	68ae                	ld	a7,200(sp)
   14ce0:	ff88eae3          	bltu	a7,s8,14cd4 <_vfprintf_r+0x1970>
   14ce4:	40f888b3          	sub	a7,a7,a5
   14ce8:	0008869b          	sext.w	a3,a7
   14cec:	04700713          	li	a4,71
   14cf0:	f836                	sd	a3,48(sp)
   14cf2:	54ca                	lw	s1,176(sp)
   14cf4:	0ae90063          	beq	s2,a4,14d94 <_vfprintf_r+0x1a30>
   14cf8:	04600713          	li	a4,70
   14cfc:	0ae91263          	bne	s2,a4,14da0 <_vfprintf_r+0x1a3c>
   14d00:	001e7713          	andi	a4,t3,1
   14d04:	00eae733          	or	a4,s5,a4
   14d08:	2701                	sext.w	a4,a4
   14d0a:	62905e63          	blez	s1,15346 <_vfprintf_r+0x1fe2>
   14d0e:	5e071963          	bnez	a4,15300 <_vfprintf_r+0x1f9c>
   14d12:	88a6                	mv	a7,s1
   14d14:	06600d93          	li	s11,102
   14d18:	400e7f13          	andi	t5,t3,1024
   14d1c:	4e0f1463          	bnez	t5,15204 <_vfprintf_r+0x1ea0>
   14d20:	0008881b          	sext.w	a6,a7
   14d24:	0008d363          	bgez	a7,14d2a <_vfprintf_r+0x19c6>
   14d28:	4801                	li	a6,0
   14d2a:	6766                	ld	a4,88(sp)
   14d2c:	34070b63          	beqz	a4,15082 <_vfprintf_r+0x1d1e>
   14d30:	02d00713          	li	a4,45
   14d34:	0ae103a3          	sb	a4,167(sp)
   14d38:	2805                	addiw	a6,a6,1
   14d3a:	7e02                	ld	t3,32(sp)
   14d3c:	4a81                	li	s5,0
   14d3e:	f002                	sd	zero,32(sp)
   14d40:	e082                	sd	zero,64(sp)
   14d42:	fc02                	sd	zero,56(sp)
   14d44:	cc517057          	vsetivli	zero,2,e8,mf8,ta,ma
   14d48:	fcafe06f          	j	13512 <_vfprintf_r+0x1ae>
   14d4c:	000b5863          	bgez	s6,14d5c <_vfprintf_r+0x19f8>
   14d50:	17fe                	slli	a5,a5,0x3f
   14d52:	00fb4b33          	xor	s6,s6,a5
   14d56:	02d00793          	li	a5,45
   14d5a:	ecbe                	sd	a5,88(sp)
   14d5c:	6502                	ld	a0,0(sp)
   14d5e:	191c                	addi	a5,sp,176
   14d60:	0c810893          	addi	a7,sp,200
   14d64:	0b410813          	addi	a6,sp,180
   14d68:	4705                	li	a4,1
   14d6a:	4689                	li	a3,2
   14d6c:	85a6                	mv	a1,s1
   14d6e:	865a                	mv	a2,s6
   14d70:	fc72                	sd	t3,56(sp)
   14d72:	226010ef          	jal	15f98 <_ldtoa_r>
   14d76:	7e62                	ld	t3,56(sp)
   14d78:	4a85                	li	s5,1
   14d7a:	87aa                	mv	a5,a0
   14d7c:	f856                	sd	s5,48(sp)
   14d7e:	001e7713          	andi	a4,t3,1
   14d82:	38071d63          	bnez	a4,1511c <_vfprintf_r+0x1db8>
   14d86:	68ae                	ld	a7,200(sp)
   14d88:	54ca                	lw	s1,176(sp)
   14d8a:	40f888b3          	sub	a7,a7,a5
   14d8e:	0008871b          	sext.w	a4,a7
   14d92:	f83a                	sd	a4,48(sp)
   14d94:	ffd4a713          	slti	a4,s1,-3
   14d98:	e319                	bnez	a4,14d9e <_vfprintf_r+0x1a3a>
   14d9a:	0e9ad563          	bge	s5,s1,14e84 <_vfprintf_r+0x1b20>
   14d9e:	3df9                	addiw	s11,s11,-2
   14da0:	fff4871b          	addiw	a4,s1,-1
   14da4:	0bb10c23          	sb	s11,184(sp)
   14da8:	d93a                	sw	a4,176(sp)
   14daa:	4e074a63          	bltz	a4,1529e <_vfprintf_r+0x1f3a>
   14dae:	02b00693          	li	a3,43
   14db2:	0ad10ca3          	sb	a3,185(sp)
   14db6:	46a5                	li	a3,9
   14db8:	4ee6dc63          	bge	a3,a4,152b0 <_vfprintf_r+0x1f4c>
   14dbc:	fc72                	sd	t3,56(sp)
   14dbe:	f002                	sd	zero,32(sp)
   14dc0:	0c710f93          	addi	t6,sp,199
   14dc4:	666668b7          	lui	a7,0x66666
   14dc8:	857e                	mv	a0,t6
   14dca:	66788893          	addi	a7,a7,1639 # 66666667 <__BSS_END__+0x66648b2f>
   14dce:	06300f13          	li	t5,99
   14dd2:	031706b3          	mul	a3,a4,a7
   14dd6:	41f7561b          	sraiw	a2,a4,0x1f
   14dda:	883a                	mv	a6,a4
   14ddc:	85aa                	mv	a1,a0
   14dde:	157d                	addi	a0,a0,-1
   14de0:	9689                	srai	a3,a3,0x22
   14de2:	9e91                	subw	a3,a3,a2
   14de4:	0026961b          	slliw	a2,a3,0x2
   14de8:	9e35                	addw	a2,a2,a3
   14dea:	0016161b          	slliw	a2,a2,0x1
   14dee:	9f11                	subw	a4,a4,a2
   14df0:	0307071b          	addiw	a4,a4,48
   14df4:	fee58fa3          	sb	a4,-1(a1)
   14df8:	8736                	mv	a4,a3
   14dfa:	fd0f4ce3          	blt	t5,a6,14dd2 <_vfprintf_r+0x1a6e>
   14dfe:	0306871b          	addiw	a4,a3,48
   14e02:	fee50fa3          	sb	a4,-1(a0)
   14e06:	ffe58513          	addi	a0,a1,-2
   14e0a:	5df57b63          	bgeu	a0,t6,153e0 <_vfprintf_r+0x207c>
   14e0e:	0c910693          	addi	a3,sp,201
   14e12:	8e8d                	sub	a3,a3,a1
   14e14:	0ba10613          	addi	a2,sp,186
   14e18:	0c06f757          	vsetvli	a4,a3,e8,m1,ta,ma
   14e1c:	02050087          	vle8.v	v1,(a0)
   14e20:	8e99                	sub	a3,a3,a4
   14e22:	953a                	add	a0,a0,a4
   14e24:	020600a7          	vse8.v	v1,(a2)
   14e28:	963a                	add	a2,a2,a4
   14e2a:	f6fd                	bnez	a3,14e18 <_vfprintf_r+0x1ab4>
   14e2c:	0ba10713          	addi	a4,sp,186
   14e30:	977e                	add	a4,a4,t6
   14e32:	0709                	addi	a4,a4,2
   14e34:	8f0d                	sub	a4,a4,a1
   14e36:	1934                	addi	a3,sp,184
   14e38:	9f15                	subw	a4,a4,a3
   14e3a:	f4ba                	sd	a4,104(sp)
   14e3c:	7642                	ld	a2,48(sp)
   14e3e:	7726                	ld	a4,104(sp)
   14e40:	4685                	li	a3,1
   14e42:	9f31                	addw	a4,a4,a2
   14e44:	88ba                	mv	a7,a4
   14e46:	3ac6d463          	bge	a3,a2,151ee <_vfprintf_r+0x1e8a>
   14e4a:	66a6                	ld	a3,72(sp)
   14e4c:	00e688bb          	addw	a7,a3,a4
   14e50:	7762                	ld	a4,56(sp)
   14e52:	0008881b          	sext.w	a6,a7
   14e56:	bff77f13          	andi	t5,a4,-1025
   14e5a:	100f6e13          	ori	t3,t5,256
   14e5e:	0008d363          	bgez	a7,14e64 <_vfprintf_r+0x1b00>
   14e62:	4801                	li	a6,0
   14e64:	7762                	ld	a4,56(sp)
   14e66:	00277493          	andi	s1,a4,2
   14e6a:	6766                	ld	a4,88(sp)
   14e6c:	2e070163          	beqz	a4,1514e <_vfprintf_r+0x1dea>
   14e70:	02d00513          	li	a0,45
   14e74:	0aa103a3          	sb	a0,167(sp)
   14e78:	4a81                	li	s5,0
   14e7a:	cc517057          	vsetivli	zero,2,e8,mf8,ta,ma
   14e7e:	2805                	addiw	a6,a6,1
   14e80:	addfe06f          	j	1395c <_vfprintf_r+0x5f8>
   14e84:	7742                	ld	a4,48(sp)
   14e86:	02e4c663          	blt	s1,a4,14eb2 <_vfprintf_r+0x1b4e>
   14e8a:	001e7713          	andi	a4,t3,1
   14e8e:	88a6                	mv	a7,s1
   14e90:	c701                	beqz	a4,14e98 <_vfprintf_r+0x1b34>
   14e92:	6726                	ld	a4,72(sp)
   14e94:	009708bb          	addw	a7,a4,s1
   14e98:	400e7f13          	andi	t5,t3,1024
   14e9c:	000f0463          	beqz	t5,14ea4 <_vfprintf_r+0x1b40>
   14ea0:	36904063          	bgtz	s1,15200 <_vfprintf_r+0x1e9c>
   14ea4:	0008881b          	sext.w	a6,a7
   14ea8:	0208c363          	bltz	a7,14ece <_vfprintf_r+0x1b6a>
   14eac:	06700d93          	li	s11,103
   14eb0:	bdad                	j	14d2a <_vfprintf_r+0x19c6>
   14eb2:	6726                	ld	a4,72(sp)
   14eb4:	06700d93          	li	s11,103
   14eb8:	011708bb          	addw	a7,a4,a7
   14ebc:	e4904ee3          	bgtz	s1,14d18 <_vfprintf_r+0x19b4>
   14ec0:	409888bb          	subw	a7,a7,s1
   14ec4:	2885                	addiw	a7,a7,1
   14ec6:	0008881b          	sext.w	a6,a7
   14eca:	fe08d1e3          	bgez	a7,14eac <_vfprintf_r+0x1b48>
   14ece:	4801                	li	a6,0
   14ed0:	06700d93          	li	s11,103
   14ed4:	bd99                	j	14d2a <_vfprintf_r+0x19c6>
   14ed6:	8bbe                	mv	s7,a5
   14ed8:	fcea                	sd	s10,120(sp)
   14eda:	7786                	ld	a5,96(sp)
   14edc:	6e0a                	ld	t3,128(sp)
   14ede:	6d66                	ld	s10,88(sp)
   14ee0:	684a                	ld	a6,144(sp)
   14ee2:	6cea                	ld	s9,152(sp)
   14ee4:	8de2                	mv	s11,s8
   14ee6:	893a                	mv	s2,a4
   14ee8:	8c16                	mv	s8,t0
   14eea:	afbc7363          	bgeu	s8,s11,141d0 <_vfprintf_r+0xe6c>
   14eee:	8de2                	mv	s11,s8
   14ef0:	ae0ff06f          	j	141d0 <_vfprintf_r+0xe6c>
   14ef4:	58868693          	addi	a3,a3,1416
   14ef8:	967fe06f          	j	1385e <_vfprintf_r+0x4fa>
   14efc:	65a2                	ld	a1,8(sp)
   14efe:	6502                	ld	a0,0(sp)
   14f00:	1190                	addi	a2,sp,224
   14f02:	ecc2                	sd	a6,88(sp)
   14f04:	e0f2                	sd	t3,64(sp)
   14f06:	fc3e                	sd	a5,56(sp)
   14f08:	5ec000ef          	jal	154f4 <__sprint_r>
   14f0c:	92051963          	bnez	a0,1403e <_vfprintf_r+0xcda>
   14f10:	564a                	lw	a2,176(sp)
   14f12:	794e                	ld	s2,240(sp)
   14f14:	6866                	ld	a6,88(sp)
   14f16:	6e06                	ld	t3,64(sp)
   14f18:	77e2                	ld	a5,56(sp)
   14f1a:	8bce                	mv	s7,s3
   14f1c:	fbcff06f          	j	146d8 <_vfprintf_r+0x1374>
   14f20:	84d6                	mv	s1,s5
   14f22:	91eff06f          	j	14040 <_vfprintf_r+0xcdc>
   14f26:	02d00793          	li	a5,45
   14f2a:	0af103a3          	sb	a5,167(sp)
   14f2e:	04700793          	li	a5,71
   14f32:	23b7df63          	bge	a5,s11,15170 <_vfprintf_r+0x1e0c>
   14f36:	67ed                	lui	a5,0x1b
   14f38:	1a878793          	addi	a5,a5,424 # 1b1a8 <__clzdi2+0x23e>
   14f3c:	b261                	j	148c4 <_vfprintf_r+0x1560>
   14f3e:	6502                	ld	a0,0(sp)
   14f40:	1190                	addi	a2,sp,224
   14f42:	85d6                	mv	a1,s5
   14f44:	fc16                	sd	t0,56(sp)
   14f46:	5ae000ef          	jal	154f4 <__sprint_r>
   14f4a:	f979                	bnez	a0,14f20 <_vfprintf_r+0x1bbc>
   14f4c:	66ed                	lui	a3,0x1b
   14f4e:	58868893          	addi	a7,a3,1416 # 1b588 <zeroes.0>
   14f52:	000d4603          	lbu	a2,0(s10)
   14f56:	774e                	ld	a4,240(sp)
   14f58:	72e2                	ld	t0,56(sp)
   14f5a:	87ce                	mv	a5,s3
   14f5c:	469d                	li	a3,7
   14f5e:	bc75                	j	14a1a <_vfprintf_r+0x16b6>
   14f60:	65a2                	ld	a1,8(sp)
   14f62:	6502                	ld	a0,0(sp)
   14f64:	1190                	addi	a2,sp,224
   14f66:	ecc2                	sd	a6,88(sp)
   14f68:	e0f2                	sd	t3,64(sp)
   14f6a:	fc3e                	sd	a5,56(sp)
   14f6c:	588000ef          	jal	154f4 <__sprint_r>
   14f70:	8c051763          	bnez	a0,1403e <_vfprintf_r+0xcda>
   14f74:	5aca                	lw	s5,176(sp)
   14f76:	794e                	ld	s2,240(sp)
   14f78:	6866                	ld	a6,88(sp)
   14f7a:	6e06                	ld	t3,64(sp)
   14f7c:	77e2                	ld	a5,56(sp)
   14f7e:	8bce                	mv	s7,s3
   14f80:	a7eff06f          	j	141fe <_vfprintf_r+0xe9a>
   14f84:	fbb90793          	addi	a5,s2,-69
   14f88:	6502                	ld	a0,0(sp)
   14f8a:	0017b793          	seqz	a5,a5
   14f8e:	015787bb          	addw	a5,a5,s5
   14f92:	873e                	mv	a4,a5
   14f94:	f83e                	sd	a5,48(sp)
   14f96:	0c810893          	addi	a7,sp,200
   14f9a:	191c                	addi	a5,sp,176
   14f9c:	0b410813          	addi	a6,sp,180
   14fa0:	4689                	li	a3,2
   14fa2:	85a6                	mv	a1,s1
   14fa4:	865a                	mv	a2,s6
   14fa6:	fc72                	sd	t3,56(sp)
   14fa8:	7f1000ef          	jal	15f98 <_ldtoa_r>
   14fac:	04700713          	li	a4,71
   14fb0:	7e62                	ld	t3,56(sp)
   14fb2:	87aa                	mv	a5,a0
   14fb4:	dce905e3          	beq	s2,a4,14d7e <_vfprintf_r+0x1a1a>
   14fb8:	fc2a                	sd	a0,56(sp)
   14fba:	85da                	mv	a1,s6
   14fbc:	8526                	mv	a0,s1
   14fbe:	4601                	li	a2,0
   14fc0:	4681                	li	a3,0
   14fc2:	e0f2                	sd	t3,64(sp)
   14fc4:	57b040ef          	jal	19d3e <__eqtf2>
   14fc8:	77e2                	ld	a5,56(sp)
   14fca:	6e06                	ld	t3,64(sp)
   14fcc:	48050163          	beqz	a0,1544e <_vfprintf_r+0x20ea>
   14fd0:	7742                	ld	a4,48(sp)
   14fd2:	68ae                	ld	a7,200(sp)
   14fd4:	00e78c33          	add	s8,a5,a4
   14fd8:	cf88ece3          	bltu	a7,s8,14cd0 <_vfprintf_r+0x196c>
   14fdc:	40f8873b          	subw	a4,a7,a5
   14fe0:	54ca                	lw	s1,176(sp)
   14fe2:	f83a                	sd	a4,48(sp)
   14fe4:	bb75                	j	14da0 <_vfprintf_r+0x1a3c>
   14fe6:	001e7713          	andi	a4,t3,1
   14fea:	b60711e3          	bnez	a4,14b4c <_vfprintf_r+0x17e8>
   14fee:	cc517057          	vsetivli	zero,2,e8,mf8,ta,ma
   14ff2:	da8fe06f          	j	1359a <_vfprintf_r+0x236>
   14ff6:	ec26                	sd	s1,24(sp)
   14ff8:	18070e63          	beqz	a4,15194 <_vfprintf_r+0x1e30>
   14ffc:	001a881b          	addiw	a6,s5,1
   15000:	88d6                	mv	a7,s5
   15002:	e082                	sd	zero,64(sp)
   15004:	4a81                	li	s5,0
   15006:	fc02                	sd	zero,56(sp)
   15008:	4481                	li	s1,0
   1500a:	cc517057          	vsetivli	zero,2,e8,mf8,ta,ma
   1500e:	d04fe06f          	j	13512 <_vfprintf_r+0x1ae>
   15012:	662a                	ld	a2,136(sp)
   15014:	75c6                	ld	a1,112(sp)
   15016:	e0c6                	sd	a7,64(sp)
   15018:	40c78333          	sub	t1,a5,a2
   1501c:	851a                	mv	a0,t1
   1501e:	fc42                	sd	a6,56(sp)
   15020:	f872                	sd	t3,48(sp)
   15022:	f01a                	sd	t1,32(sp)
   15024:	3e9000ef          	jal	15c0c <strncpy>
   15028:	ccccd7b7          	lui	a5,0xccccd
   1502c:	ccd78793          	addi	a5,a5,-819 # ffffffffcccccccd <__BSS_END__+0xffffffffcccaf195>
   15030:	02079713          	slli	a4,a5,0x20
   15034:	973e                	add	a4,a4,a5
   15036:	02e93933          	mulhu	s2,s2,a4
   1503a:	0014c683          	lbu	a3,1(s1)
   1503e:	7302                	ld	t1,32(sp)
   15040:	7e42                	ld	t3,48(sp)
   15042:	00d036b3          	snez	a3,a3
   15046:	94b6                	add	s1,s1,a3
   15048:	7862                	ld	a6,56(sp)
   1504a:	6886                	ld	a7,64(sp)
   1504c:	fff30793          	addi	a5,t1,-1
   15050:	4585                	li	a1,1
   15052:	00395913          	srli	s2,s2,0x3
   15056:	02e93733          	mulhu	a4,s2,a4
   1505a:	cc517057          	vsetivli	zero,2,e8,mf8,ta,ma
   1505e:	00375693          	srli	a3,a4,0x3
   15062:	00269713          	slli	a4,a3,0x2
   15066:	9736                	add	a4,a4,a3
   15068:	0706                	slli	a4,a4,0x1
   1506a:	40e90733          	sub	a4,s2,a4
   1506e:	0307071b          	addiw	a4,a4,48
   15072:	fee30fa3          	sb	a4,-1(t1)
   15076:	a9dfe06f          	j	13b12 <_vfprintf_r+0x7ae>
   1507a:	59868693          	addi	a3,a3,1432
   1507e:	a40ff06f          	j	142be <_vfprintf_r+0xf5a>
   15082:	0a714703          	lbu	a4,167(sp)
   15086:	ca070ae3          	beqz	a4,14d3a <_vfprintf_r+0x19d6>
   1508a:	2805                	addiw	a6,a6,1
   1508c:	b17d                	j	14d3a <_vfprintf_r+0x19d6>
   1508e:	65a2                	ld	a1,8(sp)
   15090:	6502                	ld	a0,0(sp)
   15092:	1190                	addi	a2,sp,224
   15094:	e0c2                	sd	a6,64(sp)
   15096:	fc72                	sd	t3,56(sp)
   15098:	45c000ef          	jal	154f4 <__sprint_r>
   1509c:	c119                	beqz	a0,150a2 <_vfprintf_r+0x1d3e>
   1509e:	fa1fe06f          	j	1403e <_vfprintf_r+0xcda>
   150a2:	5aca                	lw	s5,176(sp)
   150a4:	77c2                	ld	a5,48(sp)
   150a6:	794e                	ld	s2,240(sp)
   150a8:	6806                	ld	a6,64(sp)
   150aa:	7e62                	ld	t3,56(sp)
   150ac:	8bce                	mv	s7,s3
   150ae:	41578abb          	subw	s5,a5,s5
   150b2:	982ff06f          	j	14234 <_vfprintf_r+0xed0>
   150b6:	8f26                	mv	t5,s1
   150b8:	9b5fe06f          	j	13a6c <_vfprintf_r+0x708>
   150bc:	8f26                	mv	t5,s1
   150be:	b40ff06f          	j	143fe <_vfprintf_r+0x109a>
   150c2:	56c1                	li	a3,-16
   150c4:	40c00abb          	negw	s5,a2
   150c8:	34d65063          	bge	a2,a3,15408 <_vfprintf_r+0x20a4>
   150cc:	66ed                	lui	a3,0x1b
   150ce:	fc3e                	sd	a5,56(sp)
   150d0:	4b41                	li	s6,16
   150d2:	87ca                	mv	a5,s2
   150d4:	4d9d                	li	s11,7
   150d6:	8c72                	mv	s8,t3
   150d8:	8942                	mv	s2,a6
   150da:	58868493          	addi	s1,a3,1416 # 1b588 <zeroes.0>
   150de:	a021                	j	150e6 <_vfprintf_r+0x1d82>
   150e0:	3ac1                	addiw	s5,s5,-16
   150e2:	0d5b5363          	bge	s6,s5,151a8 <_vfprintf_r+0x1e44>
   150e6:	07c1                	addi	a5,a5,16
   150e8:	2705                	addiw	a4,a4,1
   150ea:	009bb023          	sd	s1,0(s7)
   150ee:	016bb423          	sd	s6,8(s7)
   150f2:	f9be                	sd	a5,240(sp)
   150f4:	d5ba                	sw	a4,232(sp)
   150f6:	0bc1                	addi	s7,s7,16
   150f8:	feedd4e3          	bge	s11,a4,150e0 <_vfprintf_r+0x1d7c>
   150fc:	65a2                	ld	a1,8(sp)
   150fe:	6502                	ld	a0,0(sp)
   15100:	1190                	addi	a2,sp,224
   15102:	3f2000ef          	jal	154f4 <__sprint_r>
   15106:	c119                	beqz	a0,1510c <_vfprintf_r+0x1da8>
   15108:	f37fe06f          	j	1403e <_vfprintf_r+0xcda>
   1510c:	77ce                	ld	a5,240(sp)
   1510e:	572e                	lw	a4,232(sp)
   15110:	8bce                	mv	s7,s3
   15112:	b7f9                	j	150e0 <_vfprintf_r+0x1d7c>
   15114:	59868693          	addi	a3,a3,1432
   15118:	ff9fe06f          	j	14110 <_vfprintf_r+0xdac>
   1511c:	8526                	mv	a0,s1
   1511e:	85da                	mv	a1,s6
   15120:	4601                	li	a2,0
   15122:	4681                	li	a3,0
   15124:	e0f2                	sd	t3,64(sp)
   15126:	fc3e                	sd	a5,56(sp)
   15128:	417040ef          	jal	19d3e <__eqtf2>
   1512c:	77e2                	ld	a5,56(sp)
   1512e:	6e06                	ld	t3,64(sp)
   15130:	1e050063          	beqz	a0,15310 <_vfprintf_r+0x1fac>
   15134:	7742                	ld	a4,48(sp)
   15136:	68ae                	ld	a7,200(sp)
   15138:	00e78c33          	add	s8,a5,a4
   1513c:	b988eae3          	bltu	a7,s8,14cd0 <_vfprintf_r+0x196c>
   15140:	40f888b3          	sub	a7,a7,a5
   15144:	0008871b          	sext.w	a4,a7
   15148:	54ca                	lw	s1,176(sp)
   1514a:	f83a                	sd	a4,48(sp)
   1514c:	b1a1                	j	14d94 <_vfprintf_r+0x1a30>
   1514e:	0a714503          	lbu	a0,167(sp)
   15152:	4a81                	li	s5,0
   15154:	cc517057          	vsetivli	zero,2,e8,mf8,ta,ma
   15158:	c119                	beqz	a0,1515e <_vfprintf_r+0x1dfa>
   1515a:	883fe06f          	j	139dc <_vfprintf_r+0x678>
   1515e:	ffefe06f          	j	1395c <_vfprintf_r+0x5f8>
   15162:	58868693          	addi	a3,a3,1416
   15166:	da9fe06f          	j	13f0e <_vfprintf_r+0xbaa>
   1516a:	c31c                	sw	a5,0(a4)
   1516c:	ac2fe06f          	j	1342e <_vfprintf_r+0xca>
   15170:	67ed                	lui	a5,0x1b
   15172:	1a078793          	addi	a5,a5,416 # 1b1a0 <__clzdi2+0x236>
   15176:	f4eff06f          	j	148c4 <_vfprintf_r+0x1560>
   1517a:	57fd                	li	a5,-1
   1517c:	17fe                	slli	a5,a5,0x3f
   1517e:	8dbd                	xor	a1,a1,a5
   15180:	02d00793          	li	a5,45
   15184:	ecbe                	sd	a5,88(sp)
   15186:	f002                	sd	zero,32(sp)
   15188:	19bc                	addi	a5,sp,248
   1518a:	d34fe06f          	j	136be <_vfprintf_r+0x35a>
   1518e:	0bc1                	addi	s7,s7,16
   15190:	d72ff06f          	j	14702 <_vfprintf_r+0x139e>
   15194:	88d6                	mv	a7,s5
   15196:	8856                	mv	a6,s5
   15198:	e082                	sd	zero,64(sp)
   1519a:	4a81                	li	s5,0
   1519c:	fc02                	sd	zero,56(sp)
   1519e:	4481                	li	s1,0
   151a0:	cc517057          	vsetivli	zero,2,e8,mf8,ta,ma
   151a4:	b6efe06f          	j	13512 <_vfprintf_r+0x1ae>
   151a8:	884a                	mv	a6,s2
   151aa:	893e                	mv	s2,a5
   151ac:	77e2                	ld	a5,56(sp)
   151ae:	8e62                	mv	t3,s8
   151b0:	86a6                	mv	a3,s1
   151b2:	9956                	add	s2,s2,s5
   151b4:	2705                	addiw	a4,a4,1
   151b6:	00dbb023          	sd	a3,0(s7)
   151ba:	f9ca                	sd	s2,240(sp)
   151bc:	d5ba                	sw	a4,232(sp)
   151be:	015bb423          	sd	s5,8(s7)
   151c2:	469d                	li	a3,7
   151c4:	fce6d5e3          	bge	a3,a4,1518e <_vfprintf_r+0x1e2a>
   151c8:	65a2                	ld	a1,8(sp)
   151ca:	6502                	ld	a0,0(sp)
   151cc:	1190                	addi	a2,sp,224
   151ce:	ecc2                	sd	a6,88(sp)
   151d0:	e0f2                	sd	t3,64(sp)
   151d2:	fc3e                	sd	a5,56(sp)
   151d4:	320000ef          	jal	154f4 <__sprint_r>
   151d8:	c119                	beqz	a0,151de <_vfprintf_r+0x1e7a>
   151da:	e65fe06f          	j	1403e <_vfprintf_r+0xcda>
   151de:	794e                	ld	s2,240(sp)
   151e0:	572e                	lw	a4,232(sp)
   151e2:	6866                	ld	a6,88(sp)
   151e4:	6e06                	ld	t3,64(sp)
   151e6:	77e2                	ld	a5,56(sp)
   151e8:	8bce                	mv	s7,s3
   151ea:	d18ff06f          	j	14702 <_vfprintf_r+0x139e>
   151ee:	76e2                	ld	a3,56(sp)
   151f0:	8a85                	andi	a3,a3,1
   151f2:	c4068fe3          	beqz	a3,14e50 <_vfprintf_r+0x1aec>
   151f6:	b991                	j	14e4a <_vfprintf_r+0x1ae6>
   151f8:	67ed                	lui	a5,0x1b
   151fa:	1b078793          	addi	a5,a5,432 # 1b1b0 <__clzdi2+0x246>
   151fe:	bc11                	j	14c12 <_vfprintf_r+0x18ae>
   15200:	06700d93          	li	s11,103
   15204:	7666                	ld	a2,120(sp)
   15206:	00064703          	lbu	a4,0(a2)
   1520a:	f0170693          	addi	a3,a4,-255
   1520e:	20068b63          	beqz	a3,15424 <_vfprintf_r+0x20c0>
   15212:	20975963          	bge	a4,s1,15424 <_vfprintf_r+0x20c0>
   15216:	46aa                	lw	a3,136(sp)
   15218:	4801                	li	a6,0
   1521a:	4501                	li	a0,0
   1521c:	a809                	j	1522e <_vfprintf_r+0x1eca>
   1521e:	2505                	addiw	a0,a0,1
   15220:	0605                	addi	a2,a2,1
   15222:	f0170593          	addi	a1,a4,-255
   15226:	2701                	sext.w	a4,a4
   15228:	cdd1                	beqz	a1,152c4 <_vfprintf_r+0x1f60>
   1522a:	08975d63          	bge	a4,s1,152c4 <_vfprintf_r+0x1f60>
   1522e:	9c99                	subw	s1,s1,a4
   15230:	00164703          	lbu	a4,1(a2)
   15234:	f76d                	bnez	a4,1521e <_vfprintf_r+0x1eba>
   15236:	00064703          	lbu	a4,0(a2)
   1523a:	2805                	addiw	a6,a6,1
   1523c:	b7dd                	j	15222 <_vfprintf_r+0x1ebe>
   1523e:	40fc073b          	subw	a4,s8,a5
   15242:	54ca                	lw	s1,176(sp)
   15244:	f83a                	sd	a4,48(sp)
   15246:	bc6d                	j	14d00 <_vfprintf_r+0x199c>
   15248:	64a2                	ld	s1,8(sp)
   1524a:	e01fe06f          	j	1404a <_vfprintf_r+0xce6>
   1524e:	67ed                	lui	a5,0x1b
   15250:	1b078793          	addi	a5,a5,432 # 1b1b0 <__clzdi2+0x246>
   15254:	e70ff06f          	j	148c4 <_vfprintf_r+0x1560>
   15258:	8c5a                	mv	s8,s6
   1525a:	fffa8b1b          	addiw	s6,s5,-1
   1525e:	87e6                	mv	a5,s9
   15260:	6b86                	ld	s7,64(sp)
   15262:	7c86                	ld	s9,96(sp)
   15264:	000b5463          	bgez	s6,1526c <_vfprintf_r+0x1f08>
   15268:	d76fe06f          	j	137de <_vfprintf_r+0x47a>
   1526c:	0c0076d7          	vsetvli	a3,zero,e8,m1,ta,ma
   15270:	03000613          	li	a2,48
   15274:	5e0640d7          	vmv.v.x	v1,a2
   15278:	1a82                	slli	s5,s5,0x20
   1527a:	020ada93          	srli	s5,s5,0x20
   1527e:	86e2                	mv	a3,s8
   15280:	0c0af757          	vsetvli	a4,s5,e8,m1,ta,ma
   15284:	020680a7          	vse8.v	v1,(a3)
   15288:	40ea8ab3          	sub	s5,s5,a4
   1528c:	96ba                	add	a3,a3,a4
   1528e:	fe0a99e3          	bnez	s5,15280 <_vfprintf_r+0x1f1c>
   15292:	001c0813          	addi	a6,s8,1
   15296:	01680c33          	add	s8,a6,s6
   1529a:	d44fe06f          	j	137de <_vfprintf_r+0x47a>
   1529e:	02d00713          	li	a4,45
   152a2:	0ae10ca3          	sb	a4,185(sp)
   152a6:	56e1                	li	a3,-8
   152a8:	4705                	li	a4,1
   152aa:	9f05                	subw	a4,a4,s1
   152ac:	b0d4c8e3          	blt	s1,a3,14dbc <_vfprintf_r+0x1a58>
   152b0:	03000693          	li	a3,48
   152b4:	0ad10d23          	sb	a3,186(sp)
   152b8:	fc72                	sd	t3,56(sp)
   152ba:	f002                	sd	zero,32(sp)
   152bc:	0bb10693          	addi	a3,sp,187
   152c0:	d52fe06f          	j	13812 <_vfprintf_r+0x4ae>
   152c4:	00a8073b          	addw	a4,a6,a0
   152c8:	02d7073b          	mulw	a4,a4,a3
   152cc:	fcb2                	sd	a2,120(sp)
   152ce:	fc2a                	sd	a0,56(sp)
   152d0:	e0c2                	sd	a6,64(sp)
   152d2:	00e888bb          	addw	a7,a7,a4
   152d6:	8746                	mv	a4,a7
   152d8:	0008d363          	bgez	a7,152de <_vfprintf_r+0x1f7a>
   152dc:	4701                	li	a4,0
   152de:	66e6                	ld	a3,88(sp)
   152e0:	0007081b          	sext.w	a6,a4
   152e4:	c2f1                	beqz	a3,153a8 <_vfprintf_r+0x2044>
   152e6:	02d00693          	li	a3,45
   152ea:	7e02                	ld	t3,32(sp)
   152ec:	0ad103a3          	sb	a3,167(sp)
   152f0:	0017081b          	addiw	a6,a4,1
   152f4:	f002                	sd	zero,32(sp)
   152f6:	4a81                	li	s5,0
   152f8:	cc517057          	vsetivli	zero,2,e8,mf8,ta,ma
   152fc:	a16fe06f          	j	13512 <_vfprintf_r+0x1ae>
   15300:	6726                	ld	a4,72(sp)
   15302:	009a88bb          	addw	a7,s5,s1
   15306:	06600d93          	li	s11,102
   1530a:	00e888bb          	addw	a7,a7,a4
   1530e:	b429                	j	14d18 <_vfprintf_r+0x19b4>
   15310:	54ca                	lw	s1,176(sp)
   15312:	78c2                	ld	a7,48(sp)
   15314:	b441                	j	14d94 <_vfprintf_r+0x1a30>
   15316:	4601                	li	a2,0
   15318:	4681                	li	a3,0
   1531a:	8526                	mv	a0,s1
   1531c:	85da                	mv	a1,s6
   1531e:	e0f2                	sd	t3,64(sp)
   15320:	fc3e                	sd	a5,56(sp)
   15322:	f83a                	sd	a4,48(sp)
   15324:	21b040ef          	jal	19d3e <__eqtf2>
   15328:	7742                	ld	a4,48(sp)
   1532a:	77e2                	ld	a5,56(sp)
   1532c:	6e06                	ld	t3,64(sp)
   1532e:	ed1d                	bnez	a0,1536c <_vfprintf_r+0x2008>
   15330:	54ca                	lw	s1,176(sp)
   15332:	9726                	add	a4,a4,s1
   15334:	9f1d                	subw	a4,a4,a5
   15336:	f83a                	sd	a4,48(sp)
   15338:	b2c1                	j	14cf8 <_vfprintf_r+0x1994>
   1533a:	676d                	lui	a4,0x1b
   1533c:	1c070713          	addi	a4,a4,448 # 1b1c0 <__clzdi2+0x256>
   15340:	f83a                	sd	a4,48(sp)
   15342:	bbefe06f          	j	13700 <_vfprintf_r+0x39c>
   15346:	e711                	bnez	a4,15352 <_vfprintf_r+0x1fee>
   15348:	4805                	li	a6,1
   1534a:	88c2                	mv	a7,a6
   1534c:	06600d93          	li	s11,102
   15350:	bae9                	j	14d2a <_vfprintf_r+0x19c6>
   15352:	6726                	ld	a4,72(sp)
   15354:	0017089b          	addiw	a7,a4,1
   15358:	015888bb          	addw	a7,a7,s5
   1535c:	0008881b          	sext.w	a6,a7
   15360:	fe08d6e3          	bgez	a7,1534c <_vfprintf_r+0x1fe8>
   15364:	4801                	li	a6,0
   15366:	06600d93          	li	s11,102
   1536a:	b2c1                	j	14d2a <_vfprintf_r+0x19c6>
   1536c:	4685                	li	a3,1
   1536e:	415686bb          	subw	a3,a3,s5
   15372:	d936                	sw	a3,176(sp)
   15374:	ba2d                	j	14cae <_vfprintf_r+0x194a>
   15376:	02d00713          	li	a4,45
   1537a:	0ae10ca3          	sb	a4,185(sp)
   1537e:	5661                	li	a2,-8
   15380:	4705                	li	a4,1
   15382:	9f15                	subw	a4,a4,a3
   15384:	a2c6cee3          	blt	a3,a2,14dc0 <_vfprintf_r+0x1a5c>
   15388:	c86fe06f          	j	1380e <_vfprintf_r+0x4aa>
   1538c:	6762                	ld	a4,24(sp)
   1538e:	431c                	lw	a5,0(a4)
   15390:	0721                	addi	a4,a4,8
   15392:	00078a9b          	sext.w	s5,a5
   15396:	0007d363          	bgez	a5,1539c <_vfprintf_r+0x2038>
   1539a:	5afd                	li	s5,-1
   1539c:	001cc303          	lbu	t1,1(s9)
   153a0:	ec3a                	sd	a4,24(sp)
   153a2:	8cb2                	mv	s9,a2
   153a4:	8fcfe06f          	j	134a0 <_vfprintf_r+0x13c>
   153a8:	0a714683          	lbu	a3,167(sp)
   153ac:	c2b1                	beqz	a3,153f0 <_vfprintf_r+0x208c>
   153ae:	7e02                	ld	t3,32(sp)
   153b0:	0017081b          	addiw	a6,a4,1
   153b4:	f002                	sd	zero,32(sp)
   153b6:	4a81                	li	s5,0
   153b8:	cc517057          	vsetivli	zero,2,e8,mf8,ta,ma
   153bc:	956fe06f          	j	13512 <_vfprintf_r+0x1ae>
   153c0:	1afe                	slli	s5,s5,0x3f
   153c2:	02d00793          	li	a5,45
   153c6:	015b4b33          	xor	s6,s6,s5
   153ca:	ecbe                	sd	a5,88(sp)
   153cc:	4a99                	li	s5,6
   153ce:	b065                	j	14c76 <_vfprintf_r+0x1912>
   153d0:	58868693          	addi	a3,a3,1416
   153d4:	906ff06f          	j	144da <_vfprintf_r+0x1176>
   153d8:	58868693          	addi	a3,a3,1416
   153dc:	f0eff06f          	j	14aea <_vfprintf_r+0x1786>
   153e0:	4709                	li	a4,2
   153e2:	f4ba                	sd	a4,104(sp)
   153e4:	bca1                	j	14e3c <_vfprintf_r+0x1ad8>
   153e6:	76c2                	ld	a3,48(sp)
   153e8:	00a6c683          	lbu	a3,10(a3)
   153ec:	beefe06f          	j	137da <_vfprintf_r+0x476>
   153f0:	7e02                	ld	t3,32(sp)
   153f2:	4a81                	li	s5,0
   153f4:	f002                	sd	zero,32(sp)
   153f6:	cc517057          	vsetivli	zero,2,e8,mf8,ta,ma
   153fa:	918fe06f          	j	13512 <_vfprintf_r+0x1ae>
   153fe:	40f8873b          	subw	a4,a7,a5
   15402:	54ca                	lw	s1,176(sp)
   15404:	f83a                	sd	a4,48(sp)
   15406:	b8cd                	j	14cf8 <_vfprintf_r+0x1994>
   15408:	66ed                	lui	a3,0x1b
   1540a:	58868693          	addi	a3,a3,1416 # 1b588 <zeroes.0>
   1540e:	b355                	j	151b2 <_vfprintf_r+0x1e4e>
   15410:	4a81                	li	s5,0
   15412:	e082                	sd	zero,64(sp)
   15414:	fc02                	sd	zero,56(sp)
   15416:	f002                	sd	zero,32(sp)
   15418:	488d                	li	a7,3
   1541a:	4811                	li	a6,4
   1541c:	cc517057          	vsetivli	zero,2,e8,mf8,ta,ma
   15420:	8f2fe06f          	j	13512 <_vfprintf_r+0x1ae>
   15424:	4701                	li	a4,0
   15426:	e082                	sd	zero,64(sp)
   15428:	fc02                	sd	zero,56(sp)
   1542a:	b565                	j	152d2 <_vfprintf_r+0x1f6e>
   1542c:	7742                	ld	a4,48(sp)
   1542e:	00e78c33          	add	s8,a5,a4
   15432:	bc65                	j	14eea <_vfprintf_r+0x1b86>
   15434:	e082                	sd	zero,64(sp)
   15436:	fc02                	sd	zero,56(sp)
   15438:	8dafe06f          	j	13512 <_vfprintf_r+0x1ae>
   1543c:	64a2                	ld	s1,8(sp)
   1543e:	0104d783          	lhu	a5,16(s1)
   15442:	0407e793          	ori	a5,a5,64
   15446:	00f49823          	sh	a5,16(s1)
   1544a:	c01fe06f          	j	1404a <_vfprintf_r+0xce6>
   1544e:	54ca                	lw	s1,176(sp)
   15450:	ba81                	j	14da0 <_vfprintf_r+0x1a3c>

0000000000015452 <vfprintf>:
   15452:	872a                	mv	a4,a0
   15454:	2281b503          	ld	a0,552(gp) # 1d560 <_impure_ptr>
   15458:	86b2                	mv	a3,a2
   1545a:	862e                	mv	a2,a1
   1545c:	85ba                	mv	a1,a4
   1545e:	f07fd06f          	j	13364 <_vfprintf_r>

0000000000015462 <__sbprintf>:
   15462:	0105d783          	lhu	a5,16(a1)
   15466:	0ac5ae83          	lw	t4,172(a1)
   1546a:	0125de03          	lhu	t3,18(a1)
   1546e:	0305b303          	ld	t1,48(a1)
   15472:	0405b883          	ld	a7,64(a1)
   15476:	b2010113          	addi	sp,sp,-1248
   1547a:	9bf5                	andi	a5,a5,-3
   1547c:	0c010813          	addi	a6,sp,192
   15480:	40000713          	li	a4,1024
   15484:	4c813823          	sd	s0,1232(sp)
   15488:	842e                	mv	s0,a1
   1548a:	080c                	addi	a1,sp,16
   1548c:	4c913423          	sd	s1,1224(sp)
   15490:	02f11023          	sh	a5,32(sp)
   15494:	4c113c23          	sd	ra,1240(sp)
   15498:	dc02                	sw	zero,56(sp)
   1549a:	df76                	sw	t4,188(sp)
   1549c:	03c11123          	sh	t3,34(sp)
   154a0:	e09a                	sd	t1,64(sp)
   154a2:	e8c6                	sd	a7,80(sp)
   154a4:	e842                	sd	a6,16(sp)
   154a6:	f442                	sd	a6,40(sp)
   154a8:	ce3a                	sw	a4,28(sp)
   154aa:	d83a                	sw	a4,48(sp)
   154ac:	84aa                	mv	s1,a0
   154ae:	eb7fd0ef          	jal	13364 <_vfprintf_r>
   154b2:	87aa                	mv	a5,a0
   154b4:	02055763          	bgez	a0,154e2 <__sbprintf+0x80>
   154b8:	02015703          	lhu	a4,32(sp)
   154bc:	04077713          	andi	a4,a4,64
   154c0:	c719                	beqz	a4,154ce <__sbprintf+0x6c>
   154c2:	01045703          	lhu	a4,16(s0)
   154c6:	04076713          	ori	a4,a4,64
   154ca:	00e41823          	sh	a4,16(s0)
   154ce:	4d813083          	ld	ra,1240(sp)
   154d2:	4d013403          	ld	s0,1232(sp)
   154d6:	4c813483          	ld	s1,1224(sp)
   154da:	853e                	mv	a0,a5
   154dc:	4e010113          	addi	sp,sp,1248
   154e0:	8082                	ret
   154e2:	e42a                	sd	a0,8(sp)
   154e4:	080c                	addi	a1,sp,16
   154e6:	8526                	mv	a0,s1
   154e8:	e4afc0ef          	jal	11b32 <_fflush_r>
   154ec:	67a2                	ld	a5,8(sp)
   154ee:	d569                	beqz	a0,154b8 <__sbprintf+0x56>
   154f0:	57fd                	li	a5,-1
   154f2:	b7d9                	j	154b8 <__sbprintf+0x56>

00000000000154f4 <__sprint_r>:
   154f4:	6a18                	ld	a4,16(a2)
   154f6:	e709                	bnez	a4,15500 <__sprint_r+0xc>
   154f8:	4501                	li	a0,0
   154fa:	00062423          	sw	zero,8(a2)
   154fe:	8082                	ret
   15500:	1101                	addi	sp,sp,-32
   15502:	ec06                	sd	ra,24(sp)
   15504:	e432                	sd	a2,8(sp)
   15506:	094000ef          	jal	1559a <__sfvwrite_r>
   1550a:	67a2                	ld	a5,8(sp)
   1550c:	60e2                	ld	ra,24(sp)
   1550e:	0007b823          	sd	zero,16(a5)
   15512:	0007a423          	sw	zero,8(a5)
   15516:	6105                	addi	sp,sp,32
   15518:	8082                	ret

000000000001551a <__sflags>:
   1551a:	0005c783          	lbu	a5,0(a1)
   1551e:	07200713          	li	a4,114
   15522:	06e78263          	beq	a5,a4,15586 <__sflags+0x6c>
   15526:	07700713          	li	a4,119
   1552a:	00e78a63          	beq	a5,a4,1553e <__sflags+0x24>
   1552e:	06100713          	li	a4,97
   15532:	04e78e63          	beq	a5,a4,1558e <__sflags+0x74>
   15536:	47d9                	li	a5,22
   15538:	c11c                	sw	a5,0(a0)
   1553a:	4501                	li	a0,0
   1553c:	8082                	ret
   1553e:	60000313          	li	t1,1536
   15542:	4705                	li	a4,1
   15544:	4521                	li	a0,8
   15546:	0015c783          	lbu	a5,1(a1)
   1554a:	0585                	addi	a1,a1,1
   1554c:	c395                	beqz	a5,15570 <__sflags+0x56>
   1554e:	6885                	lui	a7,0x1
   15550:	80088893          	addi	a7,a7,-2048 # 800 <exit-0xf920>
   15554:	02b00693          	li	a3,43
   15558:	07800813          	li	a6,120
   1555c:	00d78e63          	beq	a5,a3,15578 <__sflags+0x5e>
   15560:	01079463          	bne	a5,a6,15568 <__sflags+0x4e>
   15564:	01176733          	or	a4,a4,a7
   15568:	0015c783          	lbu	a5,1(a1)
   1556c:	0585                	addi	a1,a1,1
   1556e:	f7fd                	bnez	a5,1555c <__sflags+0x42>
   15570:	00e367b3          	or	a5,t1,a4
   15574:	c21c                	sw	a5,0(a2)
   15576:	8082                	ret
   15578:	990d                	andi	a0,a0,-29
   1557a:	9b71                	andi	a4,a4,-4
   1557c:	01056513          	ori	a0,a0,16
   15580:	00276713          	ori	a4,a4,2
   15584:	b7d5                	j	15568 <__sflags+0x4e>
   15586:	4301                	li	t1,0
   15588:	4701                	li	a4,0
   1558a:	4511                	li	a0,4
   1558c:	bf6d                	j	15546 <__sflags+0x2c>
   1558e:	20800313          	li	t1,520
   15592:	4705                	li	a4,1
   15594:	10800513          	li	a0,264
   15598:	b77d                	j	15546 <__sflags+0x2c>

000000000001559a <__sfvwrite_r>:
   1559a:	6a1c                	ld	a5,16(a2)
   1559c:	18078d63          	beqz	a5,15736 <__sfvwrite_r+0x19c>
   155a0:	01059683          	lh	a3,16(a1)
   155a4:	711d                	addi	sp,sp,-96
   155a6:	e8a2                	sd	s0,80(sp)
   155a8:	f852                	sd	s4,48(sp)
   155aa:	f456                	sd	s5,40(sp)
   155ac:	ec86                	sd	ra,88(sp)
   155ae:	0086f793          	andi	a5,a3,8
   155b2:	842e                	mv	s0,a1
   155b4:	8aaa                	mv	s5,a0
   155b6:	8a32                	mv	s4,a2
   155b8:	c7bd                	beqz	a5,15626 <__sfvwrite_r+0x8c>
   155ba:	6d9c                	ld	a5,24(a1)
   155bc:	c7ad                	beqz	a5,15626 <__sfvwrite_r+0x8c>
   155be:	e4a6                	sd	s1,72(sp)
   155c0:	e0ca                	sd	s2,64(sp)
   155c2:	fc4e                	sd	s3,56(sp)
   155c4:	f05a                	sd	s6,32(sp)
   155c6:	0026f793          	andi	a5,a3,2
   155ca:	000a3483          	ld	s1,0(s4)
   155ce:	cfad                	beqz	a5,15648 <__sfvwrite_r+0xae>
   155d0:	80000b37          	lui	s6,0x80000
   155d4:	c00b4b13          	xori	s6,s6,-1024
   155d8:	4981                	li	s3,0
   155da:	4901                	li	s2,0
   155dc:	864e                	mv	a2,s3
   155de:	8556                	mv	a0,s5
   155e0:	14090563          	beqz	s2,1572a <__sfvwrite_r+0x190>
   155e4:	86ca                	mv	a3,s2
   155e6:	012b7663          	bgeu	s6,s2,155f2 <__sfvwrite_r+0x58>
   155ea:	800006b7          	lui	a3,0x80000
   155ee:	c006c693          	xori	a3,a3,-1024
   155f2:	603c                	ld	a5,64(s0)
   155f4:	780c                	ld	a1,48(s0)
   155f6:	2681                	sext.w	a3,a3
   155f8:	9782                	jalr	a5
   155fa:	2ea05363          	blez	a0,158e0 <__sfvwrite_r+0x346>
   155fe:	010a3783          	ld	a5,16(s4)
   15602:	99aa                	add	s3,s3,a0
   15604:	40a90933          	sub	s2,s2,a0
   15608:	8f89                	sub	a5,a5,a0
   1560a:	00fa3823          	sd	a5,16(s4)
   1560e:	f7f9                	bnez	a5,155dc <__sfvwrite_r+0x42>
   15610:	64a6                	ld	s1,72(sp)
   15612:	6906                	ld	s2,64(sp)
   15614:	79e2                	ld	s3,56(sp)
   15616:	7b02                	ld	s6,32(sp)
   15618:	4501                	li	a0,0
   1561a:	60e6                	ld	ra,88(sp)
   1561c:	6446                	ld	s0,80(sp)
   1561e:	7a42                	ld	s4,48(sp)
   15620:	7aa2                	ld	s5,40(sp)
   15622:	6125                	addi	sp,sp,96
   15624:	8082                	ret
   15626:	85a2                	mv	a1,s0
   15628:	8556                	mv	a0,s5
   1562a:	464000ef          	jal	15a8e <__swsetup_r>
   1562e:	1e051263          	bnez	a0,15812 <__sfvwrite_r+0x278>
   15632:	01041683          	lh	a3,16(s0)
   15636:	e4a6                	sd	s1,72(sp)
   15638:	e0ca                	sd	s2,64(sp)
   1563a:	fc4e                	sd	s3,56(sp)
   1563c:	f05a                	sd	s6,32(sp)
   1563e:	0026f793          	andi	a5,a3,2
   15642:	000a3483          	ld	s1,0(s4)
   15646:	f7c9                	bnez	a5,155d0 <__sfvwrite_r+0x36>
   15648:	ec5e                	sd	s7,24(sp)
   1564a:	e862                	sd	s8,16(sp)
   1564c:	e466                	sd	s9,8(sp)
   1564e:	0016f793          	andi	a5,a3,1
   15652:	e7e5                	bnez	a5,1573a <__sfvwrite_r+0x1a0>
   15654:	601c                	ld	a5,0(s0)
   15656:	80000737          	lui	a4,0x80000
   1565a:	fff74c13          	not	s8,a4
   1565e:	4b01                	li	s6,0
   15660:	4981                	li	s3,0
   15662:	0a098e63          	beqz	s3,1571e <__sfvwrite_r+0x184>
   15666:	2006f713          	andi	a4,a3,512
   1566a:	00c42903          	lw	s2,12(s0)
   1566e:	853e                	mv	a0,a5
   15670:	1a070363          	beqz	a4,15816 <__sfvwrite_r+0x27c>
   15674:	0729ee63          	bltu	s3,s2,156f0 <__sfvwrite_r+0x156>
   15678:	4806f713          	andi	a4,a3,1152
   1567c:	8bca                	mv	s7,s2
   1567e:	cb3d                	beqz	a4,156f4 <__sfvwrite_r+0x15a>
   15680:	5010                	lw	a2,32(s0)
   15682:	6c0c                	ld	a1,24(s0)
   15684:	0016171b          	slliw	a4,a2,0x1
   15688:	9f31                	addw	a4,a4,a2
   1568a:	8f8d                	sub	a5,a5,a1
   1568c:	01f7591b          	srliw	s2,a4,0x1f
   15690:	00078b9b          	sext.w	s7,a5
   15694:	00e9093b          	addw	s2,s2,a4
   15698:	001b8713          	addi	a4,s7,1
   1569c:	4019591b          	sraiw	s2,s2,0x1
   156a0:	974e                	add	a4,a4,s3
   156a2:	00e97563          	bgeu	s2,a4,156ac <__sfvwrite_r+0x112>
   156a6:	2785                	addiw	a5,a5,1
   156a8:	0137893b          	addw	s2,a5,s3
   156ac:	4006f693          	andi	a3,a3,1024
   156b0:	1e068b63          	beqz	a3,158a6 <__sfvwrite_r+0x30c>
   156b4:	85ca                	mv	a1,s2
   156b6:	8556                	mv	a0,s5
   156b8:	f6cfb0ef          	jal	10e24 <_malloc_r>
   156bc:	8caa                	mv	s9,a0
   156be:	22050463          	beqz	a0,158e6 <__sfvwrite_r+0x34c>
   156c2:	6c0c                	ld	a1,24(s0)
   156c4:	865e                	mv	a2,s7
   156c6:	d60fd0ef          	jal	12c26 <memcpy>
   156ca:	01045703          	lhu	a4,16(s0)
   156ce:	b7f77713          	andi	a4,a4,-1153
   156d2:	08076713          	ori	a4,a4,128
   156d6:	00e41823          	sh	a4,16(s0)
   156da:	017c8533          	add	a0,s9,s7
   156de:	41790bbb          	subw	s7,s2,s7
   156e2:	01943c23          	sd	s9,24(s0)
   156e6:	e008                	sd	a0,0(s0)
   156e8:	01742623          	sw	s7,12(s0)
   156ec:	03242023          	sw	s2,32(s0)
   156f0:	8bce                	mv	s7,s3
   156f2:	894e                	mv	s2,s3
   156f4:	85da                	mv	a1,s6
   156f6:	864a                	mv	a2,s2
   156f8:	61c000ef          	jal	15d14 <memmove>
   156fc:	4454                	lw	a3,12(s0)
   156fe:	601c                	ld	a5,0(s0)
   15700:	010a3703          	ld	a4,16(s4)
   15704:	417686bb          	subw	a3,a3,s7
   15708:	97ca                	add	a5,a5,s2
   1570a:	c454                	sw	a3,12(s0)
   1570c:	e01c                	sd	a5,0(s0)
   1570e:	41370733          	sub	a4,a4,s3
   15712:	00ea3823          	sd	a4,16(s4)
   15716:	1c070163          	beqz	a4,158d8 <__sfvwrite_r+0x33e>
   1571a:	01041683          	lh	a3,16(s0)
   1571e:	0004bb03          	ld	s6,0(s1)
   15722:	0084b983          	ld	s3,8(s1)
   15726:	04c1                	addi	s1,s1,16
   15728:	bf2d                	j	15662 <__sfvwrite_r+0xc8>
   1572a:	0004b983          	ld	s3,0(s1)
   1572e:	0084b903          	ld	s2,8(s1)
   15732:	04c1                	addi	s1,s1,16
   15734:	b565                	j	155dc <__sfvwrite_r+0x42>
   15736:	4501                	li	a0,0
   15738:	8082                	ret
   1573a:	4b81                	li	s7,0
   1573c:	4c01                	li	s8,0
   1573e:	4501                	li	a0,0
   15740:	4c81                	li	s9,0
   15742:	060b8063          	beqz	s7,157a2 <__sfvwrite_r+0x208>
   15746:	c535                	beqz	a0,157b2 <__sfvwrite_r+0x218>
   15748:	8b62                	mv	s6,s8
   1574a:	018bf363          	bgeu	s7,s8,15750 <__sfvwrite_r+0x1b6>
   1574e:	8b5e                	mv	s6,s7
   15750:	5014                	lw	a3,32(s0)
   15752:	445c                	lw	a5,12(s0)
   15754:	6008                	ld	a0,0(s0)
   15756:	6c18                	ld	a4,24(s0)
   15758:	00d789bb          	addw	s3,a5,a3
   1575c:	895a                	mv	s2,s6
   1575e:	00a77463          	bgeu	a4,a0,15766 <__sfvwrite_r+0x1cc>
   15762:	0769c363          	blt	s3,s6,157c8 <__sfvwrite_r+0x22e>
   15766:	12db4263          	blt	s6,a3,1588a <__sfvwrite_r+0x2f0>
   1576a:	603c                	ld	a5,64(s0)
   1576c:	780c                	ld	a1,48(s0)
   1576e:	8666                	mv	a2,s9
   15770:	8556                	mv	a0,s5
   15772:	9782                	jalr	a5
   15774:	892a                	mv	s2,a0
   15776:	08a05163          	blez	a0,157f8 <__sfvwrite_r+0x25e>
   1577a:	0005079b          	sext.w	a5,a0
   1577e:	40fc0c3b          	subw	s8,s8,a5
   15782:	4505                	li	a0,1
   15784:	060c0563          	beqz	s8,157ee <__sfvwrite_r+0x254>
   15788:	010a3783          	ld	a5,16(s4)
   1578c:	412787b3          	sub	a5,a5,s2
   15790:	00fa3823          	sd	a5,16(s4)
   15794:	14078263          	beqz	a5,158d8 <__sfvwrite_r+0x33e>
   15798:	412b8bb3          	sub	s7,s7,s2
   1579c:	9cca                	add	s9,s9,s2
   1579e:	fa0b94e3          	bnez	s7,15746 <__sfvwrite_r+0x1ac>
   157a2:	0084bb83          	ld	s7,8(s1)
   157a6:	87a6                	mv	a5,s1
   157a8:	04c1                	addi	s1,s1,16
   157aa:	fe0b8ce3          	beqz	s7,157a2 <__sfvwrite_r+0x208>
   157ae:	0007bc83          	ld	s9,0(a5)
   157b2:	865e                	mv	a2,s7
   157b4:	45a9                	li	a1,10
   157b6:	8566                	mv	a0,s9
   157b8:	3c6000ef          	jal	15b7e <memchr>
   157bc:	10050b63          	beqz	a0,158d2 <__sfvwrite_r+0x338>
   157c0:	0505                	addi	a0,a0,1
   157c2:	41950c3b          	subw	s8,a0,s9
   157c6:	b749                	j	15748 <__sfvwrite_r+0x1ae>
   157c8:	85e6                	mv	a1,s9
   157ca:	864e                	mv	a2,s3
   157cc:	548000ef          	jal	15d14 <memmove>
   157d0:	601c                	ld	a5,0(s0)
   157d2:	85a2                	mv	a1,s0
   157d4:	8556                	mv	a0,s5
   157d6:	97ce                	add	a5,a5,s3
   157d8:	e01c                	sd	a5,0(s0)
   157da:	b58fc0ef          	jal	11b32 <_fflush_r>
   157de:	ed09                	bnez	a0,157f8 <__sfvwrite_r+0x25e>
   157e0:	87ce                	mv	a5,s3
   157e2:	40fc0c3b          	subw	s8,s8,a5
   157e6:	894e                	mv	s2,s3
   157e8:	4505                	li	a0,1
   157ea:	f80c1fe3          	bnez	s8,15788 <__sfvwrite_r+0x1ee>
   157ee:	85a2                	mv	a1,s0
   157f0:	8556                	mv	a0,s5
   157f2:	b40fc0ef          	jal	11b32 <_fflush_r>
   157f6:	d949                	beqz	a0,15788 <__sfvwrite_r+0x1ee>
   157f8:	01041783          	lh	a5,16(s0)
   157fc:	6be2                	ld	s7,24(sp)
   157fe:	6c42                	ld	s8,16(sp)
   15800:	6ca2                	ld	s9,8(sp)
   15802:	64a6                	ld	s1,72(sp)
   15804:	6906                	ld	s2,64(sp)
   15806:	79e2                	ld	s3,56(sp)
   15808:	7b02                	ld	s6,32(sp)
   1580a:	0407e793          	ori	a5,a5,64
   1580e:	00f41823          	sh	a5,16(s0)
   15812:	557d                	li	a0,-1
   15814:	b519                	j	1561a <__sfvwrite_r+0x80>
   15816:	6c18                	ld	a4,24(s0)
   15818:	04f76363          	bltu	a4,a5,1585e <__sfvwrite_r+0x2c4>
   1581c:	5018                	lw	a4,32(s0)
   1581e:	04e9e063          	bltu	s3,a4,1585e <__sfvwrite_r+0x2c4>
   15822:	86ce                	mv	a3,s3
   15824:	013c7363          	bgeu	s8,s3,1582a <__sfvwrite_r+0x290>
   15828:	86e2                	mv	a3,s8
   1582a:	02e6c6bb          	divw	a3,a3,a4
   1582e:	603c                	ld	a5,64(s0)
   15830:	780c                	ld	a1,48(s0)
   15832:	865a                	mv	a2,s6
   15834:	8556                	mv	a0,s5
   15836:	02e686bb          	mulw	a3,a3,a4
   1583a:	9782                	jalr	a5
   1583c:	faa05ee3          	blez	a0,157f8 <__sfvwrite_r+0x25e>
   15840:	892a                	mv	s2,a0
   15842:	010a3783          	ld	a5,16(s4)
   15846:	412989b3          	sub	s3,s3,s2
   1584a:	412787b3          	sub	a5,a5,s2
   1584e:	00fa3823          	sd	a5,16(s4)
   15852:	c3d9                	beqz	a5,158d8 <__sfvwrite_r+0x33e>
   15854:	01041683          	lh	a3,16(s0)
   15858:	601c                	ld	a5,0(s0)
   1585a:	9b4a                	add	s6,s6,s2
   1585c:	b519                	j	15662 <__sfvwrite_r+0xc8>
   1585e:	0129f363          	bgeu	s3,s2,15864 <__sfvwrite_r+0x2ca>
   15862:	894e                	mv	s2,s3
   15864:	853e                	mv	a0,a5
   15866:	864a                	mv	a2,s2
   15868:	85da                	mv	a1,s6
   1586a:	4aa000ef          	jal	15d14 <memmove>
   1586e:	601c                	ld	a5,0(s0)
   15870:	4458                	lw	a4,12(s0)
   15872:	97ca                	add	a5,a5,s2
   15874:	4127073b          	subw	a4,a4,s2
   15878:	e01c                	sd	a5,0(s0)
   1587a:	c458                	sw	a4,12(s0)
   1587c:	f379                	bnez	a4,15842 <__sfvwrite_r+0x2a8>
   1587e:	85a2                	mv	a1,s0
   15880:	8556                	mv	a0,s5
   15882:	ab0fc0ef          	jal	11b32 <_fflush_r>
   15886:	dd55                	beqz	a0,15842 <__sfvwrite_r+0x2a8>
   15888:	bf85                	j	157f8 <__sfvwrite_r+0x25e>
   1588a:	865a                	mv	a2,s6
   1588c:	85e6                	mv	a1,s9
   1588e:	486000ef          	jal	15d14 <memmove>
   15892:	4454                	lw	a3,12(s0)
   15894:	6018                	ld	a4,0(s0)
   15896:	000b079b          	sext.w	a5,s6
   1589a:	416686bb          	subw	a3,a3,s6
   1589e:	975a                	add	a4,a4,s6
   158a0:	c454                	sw	a3,12(s0)
   158a2:	e018                	sd	a4,0(s0)
   158a4:	bde9                	j	1577e <__sfvwrite_r+0x1e4>
   158a6:	864a                	mv	a2,s2
   158a8:	8556                	mv	a0,s5
   158aa:	247020ef          	jal	182f0 <_realloc_r>
   158ae:	8caa                	mv	s9,a0
   158b0:	e20515e3          	bnez	a0,156da <__sfvwrite_r+0x140>
   158b4:	6c0c                	ld	a1,24(s0)
   158b6:	8556                	mv	a0,s5
   158b8:	e1efd0ef          	jal	12ed6 <_free_r>
   158bc:	01045783          	lhu	a5,16(s0)
   158c0:	4731                	li	a4,12
   158c2:	6be2                	ld	s7,24(sp)
   158c4:	6c42                	ld	s8,16(sp)
   158c6:	6ca2                	ld	s9,8(sp)
   158c8:	00eaa023          	sw	a4,0(s5)
   158cc:	f7f7f793          	andi	a5,a5,-129
   158d0:	bf0d                	j	15802 <__sfvwrite_r+0x268>
   158d2:	001b8c1b          	addiw	s8,s7,1
   158d6:	bd8d                	j	15748 <__sfvwrite_r+0x1ae>
   158d8:	6be2                	ld	s7,24(sp)
   158da:	6c42                	ld	s8,16(sp)
   158dc:	6ca2                	ld	s9,8(sp)
   158de:	bb0d                	j	15610 <__sfvwrite_r+0x76>
   158e0:	01041783          	lh	a5,16(s0)
   158e4:	bf39                	j	15802 <__sfvwrite_r+0x268>
   158e6:	47b1                	li	a5,12
   158e8:	00faa023          	sw	a5,0(s5)
   158ec:	6be2                	ld	s7,24(sp)
   158ee:	01041783          	lh	a5,16(s0)
   158f2:	6c42                	ld	s8,16(sp)
   158f4:	6ca2                	ld	s9,8(sp)
   158f6:	b731                	j	15802 <__sfvwrite_r+0x268>

00000000000158f8 <__smakebuf_r>:
   158f8:	01059703          	lh	a4,16(a1)
   158fc:	00277793          	andi	a5,a4,2
   15900:	cb81                	beqz	a5,15910 <__smakebuf_r+0x18>
   15902:	07758793          	addi	a5,a1,119
   15906:	4705                	li	a4,1
   15908:	e19c                	sd	a5,0(a1)
   1590a:	ed9c                	sd	a5,24(a1)
   1590c:	d198                	sw	a4,32(a1)
   1590e:	8082                	ret
   15910:	87ae                	mv	a5,a1
   15912:	01259583          	lh	a1,18(a1)
   15916:	7135                	addi	sp,sp,-160
   15918:	e922                	sd	s0,144(sp)
   1591a:	ed06                	sd	ra,152(sp)
   1591c:	842a                	mv	s0,a0
   1591e:	0605c863          	bltz	a1,1598e <__smakebuf_r+0x96>
   15922:	0830                	addi	a2,sp,24
   15924:	e03e                	sd	a5,0(sp)
   15926:	88efd0ef          	jal	129b4 <_fstat_r>
   1592a:	6782                	ld	a5,0(sp)
   1592c:	04054f63          	bltz	a0,1598a <__smakebuf_r+0x92>
   15930:	40000593          	li	a1,1024
   15934:	8522                	mv	a0,s0
   15936:	e526                	sd	s1,136(sp)
   15938:	e03e                	sd	a5,0(sp)
   1593a:	44f2                	lw	s1,28(sp)
   1593c:	ce8fb0ef          	jal	10e24 <_malloc_r>
   15940:	6782                	ld	a5,0(sp)
   15942:	01079703          	lh	a4,16(a5)
   15946:	c159                	beqz	a0,159cc <__smakebuf_r+0xd4>
   15948:	40000693          	li	a3,1024
   1594c:	08076713          	ori	a4,a4,128
   15950:	d394                	sw	a3,32(a5)
   15952:	40c4d693          	srai	a3,s1,0xc
   15956:	00e79823          	sh	a4,16(a5)
   1595a:	e388                	sd	a0,0(a5)
   1595c:	ef88                	sd	a0,24(a5)
   1595e:	8abd                	andi	a3,a3,15
   15960:	4609                	li	a2,2
   15962:	08c69563          	bne	a3,a2,159ec <__smakebuf_r+0xf4>
   15966:	01279583          	lh	a1,18(a5)
   1596a:	8522                	mv	a0,s0
   1596c:	e03e                	sd	a5,0(sp)
   1596e:	33c000ef          	jal	15caa <_isatty_r>
   15972:	6782                	ld	a5,0(sp)
   15974:	01079703          	lh	a4,16(a5)
   15978:	c935                	beqz	a0,159ec <__smakebuf_r+0xf4>
   1597a:	9b71                	andi	a4,a4,-4
   1597c:	6685                	lui	a3,0x1
   1597e:	64aa                	ld	s1,136(sp)
   15980:	00176713          	ori	a4,a4,1
   15984:	80068693          	addi	a3,a3,-2048 # 800 <exit-0xf920>
   15988:	a805                	j	159b8 <__smakebuf_r+0xc0>
   1598a:	01079703          	lh	a4,16(a5)
   1598e:	08077713          	andi	a4,a4,128
   15992:	40000593          	li	a1,1024
   15996:	eb05                	bnez	a4,159c6 <__smakebuf_r+0xce>
   15998:	8522                	mv	a0,s0
   1599a:	e43e                	sd	a5,8(sp)
   1599c:	e02e                	sd	a1,0(sp)
   1599e:	c86fb0ef          	jal	10e24 <_malloc_r>
   159a2:	67a2                	ld	a5,8(sp)
   159a4:	6582                	ld	a1,0(sp)
   159a6:	01079703          	lh	a4,16(a5)
   159aa:	c115                	beqz	a0,159ce <__smakebuf_r+0xd6>
   159ac:	08076713          	ori	a4,a4,128
   159b0:	e388                	sd	a0,0(a5)
   159b2:	ef88                	sd	a0,24(a5)
   159b4:	d38c                	sw	a1,32(a5)
   159b6:	4681                	li	a3,0
   159b8:	8f55                	or	a4,a4,a3
   159ba:	00e79823          	sh	a4,16(a5)
   159be:	60ea                	ld	ra,152(sp)
   159c0:	644a                	ld	s0,144(sp)
   159c2:	610d                	addi	sp,sp,160
   159c4:	8082                	ret
   159c6:	04000593          	li	a1,64
   159ca:	b7f9                	j	15998 <__smakebuf_r+0xa0>
   159cc:	64aa                	ld	s1,136(sp)
   159ce:	20077693          	andi	a3,a4,512
   159d2:	f6f5                	bnez	a3,159be <__smakebuf_r+0xc6>
   159d4:	9b71                	andi	a4,a4,-4
   159d6:	07778693          	addi	a3,a5,119
   159da:	00276713          	ori	a4,a4,2
   159de:	4605                	li	a2,1
   159e0:	00e79823          	sh	a4,16(a5)
   159e4:	e394                	sd	a3,0(a5)
   159e6:	ef94                	sd	a3,24(a5)
   159e8:	d390                	sw	a2,32(a5)
   159ea:	bfd1                	j	159be <__smakebuf_r+0xc6>
   159ec:	6685                	lui	a3,0x1
   159ee:	64aa                	ld	s1,136(sp)
   159f0:	80068693          	addi	a3,a3,-2048 # 800 <exit-0xf920>
   159f4:	b7d1                	j	159b8 <__smakebuf_r+0xc0>

00000000000159f6 <__swhatbuf_r>:
   159f6:	87ae                	mv	a5,a1
   159f8:	01259583          	lh	a1,18(a1)
   159fc:	8732                	mv	a4,a2
   159fe:	0405ce63          	bltz	a1,15a5a <__swhatbuf_r+0x64>
   15a02:	7135                	addi	sp,sp,-160
   15a04:	e832                	sd	a2,16(sp)
   15a06:	1030                	addi	a2,sp,40
   15a08:	ec36                	sd	a3,24(sp)
   15a0a:	e43e                	sd	a5,8(sp)
   15a0c:	ed06                	sd	ra,152(sp)
   15a0e:	fa7fc0ef          	jal	129b4 <_fstat_r>
   15a12:	67a2                	ld	a5,8(sp)
   15a14:	6742                	ld	a4,16(sp)
   15a16:	66e2                	ld	a3,24(sp)
   15a18:	02054363          	bltz	a0,15a3e <__swhatbuf_r+0x48>
   15a1c:	57b2                	lw	a5,44(sp)
   15a1e:	65bd                	lui	a1,0xf
   15a20:	6609                	lui	a2,0x2
   15a22:	8fed                	and	a5,a5,a1
   15a24:	8f91                	sub	a5,a5,a2
   15a26:	60ea                	ld	ra,152(sp)
   15a28:	0017b793          	seqz	a5,a5
   15a2c:	c29c                	sw	a5,0(a3)
   15a2e:	40000613          	li	a2,1024
   15a32:	6505                	lui	a0,0x1
   15a34:	e310                	sd	a2,0(a4)
   15a36:	80050513          	addi	a0,a0,-2048 # 800 <exit-0xf920>
   15a3a:	610d                	addi	sp,sp,160
   15a3c:	8082                	ret
   15a3e:	0107d783          	lhu	a5,16(a5)
   15a42:	0807f793          	andi	a5,a5,128
   15a46:	c78d                	beqz	a5,15a70 <__swhatbuf_r+0x7a>
   15a48:	60ea                	ld	ra,152(sp)
   15a4a:	4781                	li	a5,0
   15a4c:	c29c                	sw	a5,0(a3)
   15a4e:	04000613          	li	a2,64
   15a52:	e310                	sd	a2,0(a4)
   15a54:	4501                	li	a0,0
   15a56:	610d                	addi	sp,sp,160
   15a58:	8082                	ret
   15a5a:	0107d783          	lhu	a5,16(a5)
   15a5e:	0807f793          	andi	a5,a5,128
   15a62:	ef99                	bnez	a5,15a80 <__swhatbuf_r+0x8a>
   15a64:	40000613          	li	a2,1024
   15a68:	c29c                	sw	a5,0(a3)
   15a6a:	4501                	li	a0,0
   15a6c:	e310                	sd	a2,0(a4)
   15a6e:	8082                	ret
   15a70:	60ea                	ld	ra,152(sp)
   15a72:	c29c                	sw	a5,0(a3)
   15a74:	40000613          	li	a2,1024
   15a78:	e310                	sd	a2,0(a4)
   15a7a:	4501                	li	a0,0
   15a7c:	610d                	addi	sp,sp,160
   15a7e:	8082                	ret
   15a80:	4781                	li	a5,0
   15a82:	04000613          	li	a2,64
   15a86:	c29c                	sw	a5,0(a3)
   15a88:	4501                	li	a0,0
   15a8a:	e310                	sd	a2,0(a4)
   15a8c:	8082                	ret

0000000000015a8e <__swsetup_r>:
   15a8e:	2281b703          	ld	a4,552(gp) # 1d560 <_impure_ptr>
   15a92:	1101                	addi	sp,sp,-32
   15a94:	ec06                	sd	ra,24(sp)
   15a96:	862a                	mv	a2,a0
   15a98:	87ae                	mv	a5,a1
   15a9a:	c319                	beqz	a4,15aa0 <__swsetup_r+0x12>
   15a9c:	6734                	ld	a3,72(a4)
   15a9e:	c2e1                	beqz	a3,15b5e <__swsetup_r+0xd0>
   15aa0:	01079703          	lh	a4,16(a5)
   15aa4:	00877693          	andi	a3,a4,8
   15aa8:	c29d                	beqz	a3,15ace <__swsetup_r+0x40>
   15aaa:	6f94                	ld	a3,24(a5)
   15aac:	ce8d                	beqz	a3,15ae6 <__swsetup_r+0x58>
   15aae:	01079703          	lh	a4,16(a5)
   15ab2:	00177613          	andi	a2,a4,1
   15ab6:	ca39                	beqz	a2,15b0c <__swsetup_r+0x7e>
   15ab8:	5390                	lw	a2,32(a5)
   15aba:	0007a623          	sw	zero,12(a5)
   15abe:	4501                	li	a0,0
   15ac0:	40c0063b          	negw	a2,a2
   15ac4:	d790                	sw	a2,40(a5)
   15ac6:	cab9                	beqz	a3,15b1c <__swsetup_r+0x8e>
   15ac8:	60e2                	ld	ra,24(sp)
   15aca:	6105                	addi	sp,sp,32
   15acc:	8082                	ret
   15ace:	01077693          	andi	a3,a4,16
   15ad2:	ced1                	beqz	a3,15b6e <__swsetup_r+0xe0>
   15ad4:	00477693          	andi	a3,a4,4
   15ad8:	eab9                	bnez	a3,15b2e <__swsetup_r+0xa0>
   15ada:	6f94                	ld	a3,24(a5)
   15adc:	00876713          	ori	a4,a4,8
   15ae0:	00e79823          	sh	a4,16(a5)
   15ae4:	f6e9                	bnez	a3,15aae <__swsetup_r+0x20>
   15ae6:	6b98                	ld	a4,16(a5)
   15ae8:	20000593          	li	a1,512
   15aec:	28077713          	andi	a4,a4,640
   15af0:	fab70fe3          	beq	a4,a1,15aae <__swsetup_r+0x20>
   15af4:	8532                	mv	a0,a2
   15af6:	85be                	mv	a1,a5
   15af8:	e03e                	sd	a5,0(sp)
   15afa:	dffff0ef          	jal	158f8 <__smakebuf_r>
   15afe:	6782                	ld	a5,0(sp)
   15b00:	01079703          	lh	a4,16(a5)
   15b04:	6f94                	ld	a3,24(a5)
   15b06:	00177613          	andi	a2,a4,1
   15b0a:	f65d                	bnez	a2,15ab8 <__swsetup_r+0x2a>
   15b0c:	00277613          	andi	a2,a4,2
   15b10:	4581                	li	a1,0
   15b12:	e211                	bnez	a2,15b16 <__swsetup_r+0x88>
   15b14:	538c                	lw	a1,32(a5)
   15b16:	c7cc                	sw	a1,12(a5)
   15b18:	4501                	li	a0,0
   15b1a:	f6dd                	bnez	a3,15ac8 <__swsetup_r+0x3a>
   15b1c:	08077693          	andi	a3,a4,128
   15b20:	d6c5                	beqz	a3,15ac8 <__swsetup_r+0x3a>
   15b22:	04076713          	ori	a4,a4,64
   15b26:	00e79823          	sh	a4,16(a5)
   15b2a:	557d                	li	a0,-1
   15b2c:	bf71                	j	15ac8 <__swsetup_r+0x3a>
   15b2e:	6fac                	ld	a1,88(a5)
   15b30:	c185                	beqz	a1,15b50 <__swsetup_r+0xc2>
   15b32:	07478693          	addi	a3,a5,116
   15b36:	00d58b63          	beq	a1,a3,15b4c <__swsetup_r+0xbe>
   15b3a:	8532                	mv	a0,a2
   15b3c:	e43e                	sd	a5,8(sp)
   15b3e:	e032                	sd	a2,0(sp)
   15b40:	b96fd0ef          	jal	12ed6 <_free_r>
   15b44:	67a2                	ld	a5,8(sp)
   15b46:	6602                	ld	a2,0(sp)
   15b48:	01079703          	lh	a4,16(a5)
   15b4c:	0407bc23          	sd	zero,88(a5)
   15b50:	6f94                	ld	a3,24(a5)
   15b52:	fdb77713          	andi	a4,a4,-37
   15b56:	0007a423          	sw	zero,8(a5)
   15b5a:	e394                	sd	a3,0(a5)
   15b5c:	b741                	j	15adc <__swsetup_r+0x4e>
   15b5e:	e02a                	sd	a0,0(sp)
   15b60:	853a                	mv	a0,a4
   15b62:	e42e                	sd	a1,8(sp)
   15b64:	b12fc0ef          	jal	11e76 <__sinit>
   15b68:	67a2                	ld	a5,8(sp)
   15b6a:	6602                	ld	a2,0(sp)
   15b6c:	bf15                	j	15aa0 <__swsetup_r+0x12>
   15b6e:	46a5                	li	a3,9
   15b70:	04076713          	ori	a4,a4,64
   15b74:	c214                	sw	a3,0(a2)
   15b76:	00e79823          	sh	a4,16(a5)
   15b7a:	557d                	li	a0,-1
   15b7c:	b7b1                	j	15ac8 <__swsetup_r+0x3a>

0000000000015b7e <memchr>:
   15b7e:	00757793          	andi	a5,a0,7
   15b82:	0ff5f313          	zext.b	t1,a1
   15b86:	cb99                	beqz	a5,15b9c <memchr+0x1e>
   15b88:	c241                	beqz	a2,15c08 <memchr+0x8a>
   15b8a:	00054783          	lbu	a5,0(a0)
   15b8e:	167d                	addi	a2,a2,-1 # 1fff <exit-0xe121>
   15b90:	06678b63          	beq	a5,t1,15c06 <memchr+0x88>
   15b94:	0505                	addi	a0,a0,1
   15b96:	00757793          	andi	a5,a0,7
   15b9a:	f7fd                	bnez	a5,15b88 <memchr+0xa>
   15b9c:	481d                	li	a6,7
   15b9e:	04c87a63          	bgeu	a6,a2,15bf2 <memchr+0x74>
   15ba2:	0ff5f593          	zext.b	a1,a1
   15ba6:	0085979b          	slliw	a5,a1,0x8
   15baa:	97ae                	add	a5,a5,a1
   15bac:	01079693          	slli	a3,a5,0x10
   15bb0:	7f7f8737          	lui	a4,0x7f7f8
   15bb4:	96be                	add	a3,a3,a5
   15bb6:	f7f70713          	addi	a4,a4,-129 # 7f7f7f7f <__BSS_END__+0x7f7da447>
   15bba:	feff07b7          	lui	a5,0xfeff0
   15bbe:	eff78793          	addi	a5,a5,-257 # fffffffffefefeff <__BSS_END__+0xfffffffffefd23c7>
   15bc2:	02071593          	slli	a1,a4,0x20
   15bc6:	02069e13          	slli	t3,a3,0x20
   15bca:	95ba                	add	a1,a1,a4
   15bcc:	02079893          	slli	a7,a5,0x20
   15bd0:	96f2                	add	a3,a3,t3
   15bd2:	fff5c593          	not	a1,a1
   15bd6:	98be                	add	a7,a7,a5
   15bd8:	611c                	ld	a5,0(a0)
   15bda:	8fb5                	xor	a5,a5,a3
   15bdc:	01178733          	add	a4,a5,a7
   15be0:	fff7c793          	not	a5,a5
   15be4:	8ff9                	and	a5,a5,a4
   15be6:	8fed                	and	a5,a5,a1
   15be8:	e791                	bnez	a5,15bf4 <memchr+0x76>
   15bea:	1661                	addi	a2,a2,-8
   15bec:	0521                	addi	a0,a0,8
   15bee:	fec865e3          	bltu	a6,a2,15bd8 <memchr+0x5a>
   15bf2:	ca19                	beqz	a2,15c08 <memchr+0x8a>
   15bf4:	962a                	add	a2,a2,a0
   15bf6:	a021                	j	15bfe <memchr+0x80>
   15bf8:	0505                	addi	a0,a0,1
   15bfa:	00c50763          	beq	a0,a2,15c08 <memchr+0x8a>
   15bfe:	00054783          	lbu	a5,0(a0)
   15c02:	fe679be3          	bne	a5,t1,15bf8 <memchr+0x7a>
   15c06:	8082                	ret
   15c08:	4501                	li	a0,0
   15c0a:	8082                	ret

0000000000015c0c <strncpy>:
   15c0c:	00a5e7b3          	or	a5,a1,a0
   15c10:	8b9d                	andi	a5,a5,7
   15c12:	e781                	bnez	a5,15c1a <strncpy+0xe>
   15c14:	00863793          	sltiu	a5,a2,8
   15c18:	cf85                	beqz	a5,15c50 <strncpy+0x44>
   15c1a:	87aa                	mv	a5,a0
   15c1c:	a809                	j	15c2e <strncpy+0x22>
   15c1e:	fff5c683          	lbu	a3,-1(a1) # efff <exit-0x1121>
   15c22:	fff60713          	addi	a4,a2,-1
   15c26:	863a                	mv	a2,a4
   15c28:	fed78fa3          	sb	a3,-1(a5)
   15c2c:	c689                	beqz	a3,15c36 <strncpy+0x2a>
   15c2e:	0585                	addi	a1,a1,1
   15c30:	0785                	addi	a5,a5,1
   15c32:	f675                	bnez	a2,15c1e <strncpy+0x12>
   15c34:	8082                	ret
   15c36:	c325                	beqz	a4,15c96 <strncpy+0x8a>
   15c38:	0c0076d7          	vsetvli	a3,zero,e8,m1,ta,ma
   15c3c:	5e0030d7          	vmv.v.i	v1,0
   15c40:	0c0776d7          	vsetvli	a3,a4,e8,m1,ta,ma
   15c44:	020780a7          	vse8.v	v1,(a5)
   15c48:	8f15                	sub	a4,a4,a3
   15c4a:	97b6                	add	a5,a5,a3
   15c4c:	fb75                	bnez	a4,15c40 <strncpy+0x34>
   15c4e:	8082                	ret
   15c50:	7f7f8737          	lui	a4,0x7f7f8
   15c54:	f7f70713          	addi	a4,a4,-129 # 7f7f7f7f <__BSS_END__+0x7f7da447>
   15c58:	feff07b7          	lui	a5,0xfeff0
   15c5c:	eff78793          	addi	a5,a5,-257 # fffffffffefefeff <__BSS_END__+0xfffffffffefd23c7>
   15c60:	02071893          	slli	a7,a4,0x20
   15c64:	02079313          	slli	t1,a5,0x20
   15c68:	98ba                	add	a7,a7,a4
   15c6a:	933e                	add	t1,t1,a5
   15c6c:	fff8c893          	not	a7,a7
   15c70:	87aa                	mv	a5,a0
   15c72:	4e1d                	li	t3,7
   15c74:	6194                	ld	a3,0(a1)
   15c76:	00668733          	add	a4,a3,t1
   15c7a:	fff6c813          	not	a6,a3
   15c7e:	01077733          	and	a4,a4,a6
   15c82:	01177733          	and	a4,a4,a7
   15c86:	f745                	bnez	a4,15c2e <strncpy+0x22>
   15c88:	1661                	addi	a2,a2,-8
   15c8a:	e394                	sd	a3,0(a5)
   15c8c:	07a1                	addi	a5,a5,8
   15c8e:	05a1                	addi	a1,a1,8
   15c90:	fece62e3          	bltu	t3,a2,15c74 <strncpy+0x68>
   15c94:	bf69                	j	15c2e <strncpy+0x22>
   15c96:	8082                	ret

0000000000015c98 <__localeconv_l>:
   15c98:	10050513          	addi	a0,a0,256
   15c9c:	8082                	ret

0000000000015c9e <_localeconv_r>:
   15c9e:	0f818513          	addi	a0,gp,248 # 1d430 <__global_pointer$+0xf8>
   15ca2:	8082                	ret

0000000000015ca4 <localeconv>:
   15ca4:	0f818513          	addi	a0,gp,248 # 1d430 <__global_pointer$+0xf8>
   15ca8:	8082                	ret

0000000000015caa <_isatty_r>:
   15caa:	1101                	addi	sp,sp,-32
   15cac:	e822                	sd	s0,16(sp)
   15cae:	e426                	sd	s1,8(sp)
   15cb0:	84aa                	mv	s1,a0
   15cb2:	852e                	mv	a0,a1
   15cb4:	ec06                	sd	ra,24(sp)
   15cb6:	2401ac23          	sw	zero,600(gp) # 1d590 <errno>
   15cba:	6f5030ef          	jal	19bae <_isatty>
   15cbe:	57fd                	li	a5,-1
   15cc0:	00f50763          	beq	a0,a5,15cce <_isatty_r+0x24>
   15cc4:	60e2                	ld	ra,24(sp)
   15cc6:	6442                	ld	s0,16(sp)
   15cc8:	64a2                	ld	s1,8(sp)
   15cca:	6105                	addi	sp,sp,32
   15ccc:	8082                	ret
   15cce:	2581a783          	lw	a5,600(gp) # 1d590 <errno>
   15cd2:	dbed                	beqz	a5,15cc4 <_isatty_r+0x1a>
   15cd4:	60e2                	ld	ra,24(sp)
   15cd6:	6442                	ld	s0,16(sp)
   15cd8:	c09c                	sw	a5,0(s1)
   15cda:	64a2                	ld	s1,8(sp)
   15cdc:	6105                	addi	sp,sp,32
   15cde:	8082                	ret

0000000000015ce0 <__libc_fini_array>:
   15ce0:	1101                	addi	sp,sp,-32
   15ce2:	e822                	sd	s0,16(sp)
   15ce4:	67f5                	lui	a5,0x1d
   15ce6:	6475                	lui	s0,0x1d
   15ce8:	9b078793          	addi	a5,a5,-1616 # 1c9b0 <__malloc_av_>
   15cec:	9a840413          	addi	s0,s0,-1624 # 1c9a8 <__do_global_dtors_aux_fini_array_entry>
   15cf0:	8f81                	sub	a5,a5,s0
   15cf2:	e426                	sd	s1,8(sp)
   15cf4:	ec06                	sd	ra,24(sp)
   15cf6:	4037d493          	srai	s1,a5,0x3
   15cfa:	c881                	beqz	s1,15d0a <__libc_fini_array+0x2a>
   15cfc:	1461                	addi	s0,s0,-8
   15cfe:	943e                	add	s0,s0,a5
   15d00:	601c                	ld	a5,0(s0)
   15d02:	14fd                	addi	s1,s1,-1
   15d04:	1461                	addi	s0,s0,-8
   15d06:	9782                	jalr	a5
   15d08:	fce5                	bnez	s1,15d00 <__libc_fini_array+0x20>
   15d0a:	60e2                	ld	ra,24(sp)
   15d0c:	6442                	ld	s0,16(sp)
   15d0e:	64a2                	ld	s1,8(sp)
   15d10:	6105                	addi	sp,sp,32
   15d12:	8082                	ret

0000000000015d14 <memmove>:
   15d14:	02a5f163          	bgeu	a1,a0,15d36 <memmove+0x22>
   15d18:	00c587b3          	add	a5,a1,a2
   15d1c:	00f57d63          	bgeu	a0,a5,15d36 <memmove+0x22>
   15d20:	ce05                	beqz	a2,15d58 <memmove+0x44>
   15d22:	962a                	add	a2,a2,a0
   15d24:	fff7c703          	lbu	a4,-1(a5)
   15d28:	167d                	addi	a2,a2,-1
   15d2a:	17fd                	addi	a5,a5,-1
   15d2c:	00e60023          	sb	a4,0(a2)
   15d30:	fec51ae3          	bne	a0,a2,15d24 <memmove+0x10>
   15d34:	8082                	ret
   15d36:	47fd                	li	a5,31
   15d38:	02c7e163          	bltu	a5,a2,15d5a <memmove+0x46>
   15d3c:	87aa                	mv	a5,a0
   15d3e:	fff60693          	addi	a3,a2,-1
   15d42:	c65d                	beqz	a2,15df0 <memmove+0xdc>
   15d44:	0685                	addi	a3,a3,1
   15d46:	96be                	add	a3,a3,a5
   15d48:	0005c703          	lbu	a4,0(a1)
   15d4c:	0785                	addi	a5,a5,1
   15d4e:	0585                	addi	a1,a1,1
   15d50:	fee78fa3          	sb	a4,-1(a5)
   15d54:	fed79ae3          	bne	a5,a3,15d48 <memmove+0x34>
   15d58:	8082                	ret
   15d5a:	00b567b3          	or	a5,a0,a1
   15d5e:	8b9d                	andi	a5,a5,7
   15d60:	88ae                	mv	a7,a1
   15d62:	e3d9                	bnez	a5,15de8 <memmove+0xd4>
   15d64:	00565793          	srli	a5,a2,0x5
   15d68:	00579813          	slli	a6,a5,0x5
   15d6c:	982a                	add	a6,a6,a0
   15d6e:	17fd                	addi	a5,a5,-1
   15d70:	872a                	mv	a4,a0
   15d72:	6194                	ld	a3,0(a1)
   15d74:	02058593          	addi	a1,a1,32
   15d78:	02070713          	addi	a4,a4,32
   15d7c:	fed73023          	sd	a3,-32(a4)
   15d80:	fe85b683          	ld	a3,-24(a1)
   15d84:	fed73423          	sd	a3,-24(a4)
   15d88:	ff05b683          	ld	a3,-16(a1)
   15d8c:	fed73823          	sd	a3,-16(a4)
   15d90:	ff85b683          	ld	a3,-8(a1)
   15d94:	fed73c23          	sd	a3,-8(a4)
   15d98:	fd071de3          	bne	a4,a6,15d72 <memmove+0x5e>
   15d9c:	0796                	slli	a5,a5,0x5
   15d9e:	01178733          	add	a4,a5,a7
   15da2:	02070593          	addi	a1,a4,32
   15da6:	97aa                	add	a5,a5,a0
   15da8:	01867813          	andi	a6,a2,24
   15dac:	02078793          	addi	a5,a5,32
   15db0:	8e2e                	mv	t3,a1
   15db2:	01f67693          	andi	a3,a2,31
   15db6:	02080e63          	beqz	a6,15df2 <memmove+0xde>
   15dba:	16e1                	addi	a3,a3,-8
   15dbc:	9ae1                	andi	a3,a3,-8
   15dbe:	9736                	add	a4,a4,a3
   15dc0:	02870713          	addi	a4,a4,40
   15dc4:	41150833          	sub	a6,a0,a7
   15dc8:	0005b303          	ld	t1,0(a1)
   15dcc:	010588b3          	add	a7,a1,a6
   15dd0:	05a1                	addi	a1,a1,8
   15dd2:	0068b023          	sd	t1,0(a7)
   15dd6:	fee599e3          	bne	a1,a4,15dc8 <memmove+0xb4>
   15dda:	00868713          	addi	a4,a3,8
   15dde:	01c705b3          	add	a1,a4,t3
   15de2:	97ba                	add	a5,a5,a4
   15de4:	8a1d                	andi	a2,a2,7
   15de6:	bfa1                	j	15d3e <memmove+0x2a>
   15de8:	fff60693          	addi	a3,a2,-1
   15dec:	87aa                	mv	a5,a0
   15dee:	bf99                	j	15d44 <memmove+0x30>
   15df0:	8082                	ret
   15df2:	8636                	mv	a2,a3
   15df4:	b7a9                	j	15d3e <memmove+0x2a>

0000000000015df6 <strlen>:
   15df6:	00757793          	andi	a5,a0,7
   15dfa:	872a                	mv	a4,a0
   15dfc:	efb1                	bnez	a5,15e58 <strlen+0x62>
   15dfe:	7f7f87b7          	lui	a5,0x7f7f8
   15e02:	f7f78793          	addi	a5,a5,-129 # 7f7f7f7f <__BSS_END__+0x7f7da447>
   15e06:	02079693          	slli	a3,a5,0x20
   15e0a:	96be                	add	a3,a3,a5
   15e0c:	55fd                	li	a1,-1
   15e0e:	6310                	ld	a2,0(a4)
   15e10:	0721                	addi	a4,a4,8
   15e12:	00d677b3          	and	a5,a2,a3
   15e16:	97b6                	add	a5,a5,a3
   15e18:	8fd1                	or	a5,a5,a2
   15e1a:	8fd5                	or	a5,a5,a3
   15e1c:	feb789e3          	beq	a5,a1,15e0e <strlen+0x18>
   15e20:	ff874783          	lbu	a5,-8(a4)
   15e24:	40a706b3          	sub	a3,a4,a0
   15e28:	c7a9                	beqz	a5,15e72 <strlen+0x7c>
   15e2a:	ff974783          	lbu	a5,-7(a4)
   15e2e:	cf9d                	beqz	a5,15e6c <strlen+0x76>
   15e30:	ffa74783          	lbu	a5,-6(a4)
   15e34:	c7a9                	beqz	a5,15e7e <strlen+0x88>
   15e36:	ffb74783          	lbu	a5,-5(a4)
   15e3a:	cf9d                	beqz	a5,15e78 <strlen+0x82>
   15e3c:	ffc74783          	lbu	a5,-4(a4)
   15e40:	c3b1                	beqz	a5,15e84 <strlen+0x8e>
   15e42:	ffd74783          	lbu	a5,-3(a4)
   15e46:	c3b1                	beqz	a5,15e8a <strlen+0x94>
   15e48:	ffe74783          	lbu	a5,-2(a4)
   15e4c:	00f03533          	snez	a0,a5
   15e50:	9536                	add	a0,a0,a3
   15e52:	1579                	addi	a0,a0,-2
   15e54:	8082                	ret
   15e56:	d6c5                	beqz	a3,15dfe <strlen+0x8>
   15e58:	00074783          	lbu	a5,0(a4)
   15e5c:	0705                	addi	a4,a4,1
   15e5e:	00777693          	andi	a3,a4,7
   15e62:	fbf5                	bnez	a5,15e56 <strlen+0x60>
   15e64:	8f09                	sub	a4,a4,a0
   15e66:	fff70513          	addi	a0,a4,-1
   15e6a:	8082                	ret
   15e6c:	ff968513          	addi	a0,a3,-7
   15e70:	8082                	ret
   15e72:	ff868513          	addi	a0,a3,-8
   15e76:	8082                	ret
   15e78:	ffb68513          	addi	a0,a3,-5
   15e7c:	8082                	ret
   15e7e:	ffa68513          	addi	a0,a3,-6
   15e82:	8082                	ret
   15e84:	ffc68513          	addi	a0,a3,-4
   15e88:	8082                	ret
   15e8a:	ffd68513          	addi	a0,a3,-3
   15e8e:	8082                	ret

0000000000015e90 <frexpl>:
   15e90:	715d                	addi	sp,sp,-80
   15e92:	fc26                	sd	s1,56(sp)
   15e94:	64a1                	lui	s1,0x8
   15e96:	e486                	sd	ra,72(sp)
   15e98:	0305d793          	srli	a5,a1,0x30
   15e9c:	14fd                	addi	s1,s1,-1 # 7fff <exit-0x8121>
   15e9e:	00062023          	sw	zero,0(a2)
   15ea2:	8fe5                	and	a5,a5,s1
   15ea4:	872e                	mv	a4,a1
   15ea6:	832a                	mv	t1,a0
   15ea8:	06978a63          	beq	a5,s1,15f1c <frexpl+0x8c>
   15eac:	e0a2                	sd	s0,64(sp)
   15eae:	4681                	li	a3,0
   15eb0:	8432                	mv	s0,a2
   15eb2:	4601                	li	a2,0
   15eb4:	e82e                	sd	a1,16(sp)
   15eb6:	e42a                	sd	a0,8(sp)
   15eb8:	ec3e                	sd	a5,24(sp)
   15eba:	f02a                	sd	a0,32(sp)
   15ebc:	f42e                	sd	a1,40(sp)
   15ebe:	681030ef          	jal	19d3e <__eqtf2>
   15ec2:	6322                	ld	t1,8(sp)
   15ec4:	6742                	ld	a4,16(sp)
   15ec6:	c931                	beqz	a0,15f1a <frexpl+0x8a>
   15ec8:	67e2                	ld	a5,24(sp)
   15eca:	4601                	li	a2,0
   15ecc:	889a                	mv	a7,t1
   15ece:	883a                	mv	a6,a4
   15ed0:	ef99                	bnez	a5,15eee <frexpl+0x5e>
   15ed2:	040716b7          	lui	a3,0x4071
   15ed6:	851a                	mv	a0,t1
   15ed8:	85ba                	mv	a1,a4
   15eda:	1692                	slli	a3,a3,0x24
   15edc:	076040ef          	jal	19f52 <__multf3>
   15ee0:	0305d793          	srli	a5,a1,0x30
   15ee4:	882e                	mv	a6,a1
   15ee6:	88aa                	mv	a7,a0
   15ee8:	8fe5                	and	a5,a5,s1
   15eea:	f8e00613          	li	a2,-114
   15eee:	7771                	lui	a4,0xffffc
   15ef0:	2709                	addiw	a4,a4,2 # ffffffffffffc002 <__BSS_END__+0xfffffffffffde4ca>
   15ef2:	9fb9                	addw	a5,a5,a4
   15ef4:	f80016b7          	lui	a3,0xf8001
   15ef8:	9fb1                	addw	a5,a5,a2
   15efa:	60a6                	ld	ra,72(sp)
   15efc:	c01c                	sw	a5,0(s0)
   15efe:	1692                	slli	a3,a3,0x24
   15f00:	6406                	ld	s0,64(sp)
   15f02:	16fd                	addi	a3,a3,-1 # fffffffff8000fff <__BSS_END__+0xfffffffff7fe34c7>
   15f04:	01fff737          	lui	a4,0x1fff
   15f08:	00d87833          	and	a6,a6,a3
   15f0c:	1716                	slli	a4,a4,0x25
   15f0e:	74e2                	ld	s1,56(sp)
   15f10:	8546                	mv	a0,a7
   15f12:	00e865b3          	or	a1,a6,a4
   15f16:	6161                	addi	sp,sp,80
   15f18:	8082                	ret
   15f1a:	6406                	ld	s0,64(sp)
   15f1c:	60a6                	ld	ra,72(sp)
   15f1e:	74e2                	ld	s1,56(sp)
   15f20:	851a                	mv	a0,t1
   15f22:	85ba                	mv	a1,a4
   15f24:	6161                	addi	sp,sp,80
   15f26:	8082                	ret

0000000000015f28 <__register_exitproc>:
   15f28:	2601b783          	ld	a5,608(gp) # 1d598 <__atexit>
   15f2c:	c3a9                	beqz	a5,15f6e <__register_exitproc+0x46>
   15f2e:	4798                	lw	a4,8(a5)
   15f30:	487d                	li	a6,31
   15f32:	06e84163          	blt	a6,a4,15f94 <__register_exitproc+0x6c>
   15f36:	c505                	beqz	a0,15f5e <__register_exitproc+0x36>
   15f38:	00371813          	slli	a6,a4,0x3
   15f3c:	983e                	add	a6,a6,a5
   15f3e:	10c83823          	sd	a2,272(a6)
   15f42:	3107a883          	lw	a7,784(a5)
   15f46:	4605                	li	a2,1
   15f48:	00e6163b          	sllw	a2,a2,a4
   15f4c:	00c8e8b3          	or	a7,a7,a2
   15f50:	3117a823          	sw	a7,784(a5)
   15f54:	20d83823          	sd	a3,528(a6)
   15f58:	4689                	li	a3,2
   15f5a:	02d50063          	beq	a0,a3,15f7a <__register_exitproc+0x52>
   15f5e:	0017069b          	addiw	a3,a4,1 # 1fff001 <__BSS_END__+0x1fe14c9>
   15f62:	070e                	slli	a4,a4,0x3
   15f64:	c794                	sw	a3,8(a5)
   15f66:	97ba                	add	a5,a5,a4
   15f68:	eb8c                	sd	a1,16(a5)
   15f6a:	4501                	li	a0,0
   15f6c:	8082                	ret
   15f6e:	67f9                	lui	a5,0x1e
   15f70:	82078793          	addi	a5,a5,-2016 # 1d820 <__atexit0>
   15f74:	26f1b023          	sd	a5,608(gp) # 1d598 <__atexit>
   15f78:	bf5d                	j	15f2e <__register_exitproc+0x6>
   15f7a:	3147a683          	lw	a3,788(a5)
   15f7e:	4501                	li	a0,0
   15f80:	8e55                	or	a2,a2,a3
   15f82:	0017069b          	addiw	a3,a4,1
   15f86:	070e                	slli	a4,a4,0x3
   15f88:	30c7aa23          	sw	a2,788(a5)
   15f8c:	c794                	sw	a3,8(a5)
   15f8e:	97ba                	add	a5,a5,a4
   15f90:	eb8c                	sd	a1,16(a5)
   15f92:	8082                	ret
   15f94:	557d                	li	a0,-1
   15f96:	8082                	ret

0000000000015f98 <_ldtoa_r>:
   15f98:	7131                	addi	sp,sp,-192
   15f9a:	ec2e                	sd	a1,24(sp)
   15f9c:	65ed                	lui	a1,0x1b
   15f9e:	5c058593          	addi	a1,a1,1472 # 1b5c0 <blanks.1+0x28>
   15fa2:	0005be83          	ld	t4,0(a1)
   15fa6:	0085be03          	ld	t3,8(a1)
   15faa:	0105a303          	lw	t1,16(a1)
   15fae:	692c                	ld	a1,80(a0)
   15fb0:	f526                	sd	s1,168(sp)
   15fb2:	ed4e                	sd	s3,152(sp)
   15fb4:	e952                	sd	s4,144(sp)
   15fb6:	e556                	sd	s5,136(sp)
   15fb8:	f4e6                	sd	s9,104(sp)
   15fba:	f0ea                	sd	s10,96(sp)
   15fbc:	ecee                	sd	s11,88(sp)
   15fbe:	fd06                	sd	ra,184(sp)
   15fc0:	f922                	sd	s0,176(sp)
   15fc2:	f14a                	sd	s2,160(sp)
   15fc4:	e15a                	sd	s6,128(sp)
   15fc6:	fcde                	sd	s7,120(sp)
   15fc8:	f8e2                	sd	s8,112(sp)
   15fca:	fc76                	sd	t4,56(sp)
   15fcc:	e0f2                	sd	t3,64(sp)
   15fce:	c49a                	sw	t1,72(sp)
   15fd0:	89aa                	mv	s3,a0
   15fd2:	84b2                	mv	s1,a2
   15fd4:	8cb6                	mv	s9,a3
   15fd6:	8d3a                	mv	s10,a4
   15fd8:	8a3e                	mv	s4,a5
   15fda:	8ac2                	mv	s5,a6
   15fdc:	8dc6                	mv	s11,a7
   15fde:	c589                	beqz	a1,15fe8 <_ldtoa_r+0x50>
   15fe0:	350010ef          	jal	17330 <__freedtoa>
   15fe4:	0409b823          	sd	zero,80(s3)
   15fe8:	4716                	lw	a4,68(sp)
   15fea:	0004a793          	slti	a5,s1,0
   15fee:	cd717057          	vsetivli	zero,2,e32,mf2,ta,ma
   15ff2:	4017569b          	sraiw	a3,a4,0x1
   15ff6:	8ff5                	and	a5,a5,a3
   15ff8:	8f3d                	xor	a4,a4,a5
   15ffa:	c2ba                	sw	a4,68(sp)
   15ffc:	0004a713          	slti	a4,s1,0
   16000:	00eaa023          	sw	a4,0(s5)
   16004:	77f1                	lui	a5,0xffffc
   16006:	00149713          	slli	a4,s1,0x1
   1600a:	f917879b          	addiw	a5,a5,-111 # ffffffffffffbf91 <__BSS_END__+0xfffffffffffde459>
   1600e:	03175b93          	srli	s7,a4,0x31
   16012:	00fb8c3b          	addw	s8,s7,a5
   16016:	083c                	addi	a5,sp,24
   16018:	0207e087          	vle32.v	v1,(a5)
   1601c:	02810a93          	addi	s5,sp,40
   16020:	6662                	ld	a2,24(sp)
   16022:	597d                	li	s2,-1
   16024:	00195413          	srli	s0,s2,0x1
   16028:	8c65                	and	s0,s0,s1
   1602a:	020ae0a7          	vse32.v	v1,(s5)
   1602e:	01049713          	slli	a4,s1,0x10
   16032:	03075b13          	srli	s6,a4,0x30
   16036:	86a2                	mv	a3,s0
   16038:	85a2                	mv	a1,s0
   1603a:	8532                	mv	a0,a2
   1603c:	d826                	sw	s1,48(sp)
   1603e:	da5a                	sw	s6,52(sp)
   16040:	523040ef          	jal	1ad62 <__unordtf2>
   16044:	ed55                	bnez	a0,16100 <_ldtoa_r+0x168>
   16046:	07fff6b7          	lui	a3,0x7fff
   1604a:	6562                	ld	a0,24(sp)
   1604c:	1692                	slli	a3,a3,0x24
   1604e:	96ca                	add	a3,a3,s2
   16050:	864a                	mv	a2,s2
   16052:	85a2                	mv	a1,s0
   16054:	50f040ef          	jal	1ad62 <__unordtf2>
   16058:	e135                	bnez	a0,160bc <_ldtoa_r+0x124>
   1605a:	07fff6b7          	lui	a3,0x7fff
   1605e:	6562                	ld	a0,24(sp)
   16060:	1692                	slli	a3,a3,0x24
   16062:	864a                	mv	a2,s2
   16064:	96ca                	add	a3,a3,s2
   16066:	85a2                	mv	a1,s0
   16068:	635030ef          	jal	19e9c <__letf2>
   1606c:	04a05863          	blez	a0,160bc <_ldtoa_r+0x124>
   16070:	478d                	li	a5,3
   16072:	d23e                	sw	a5,36(sp)
   16074:	87e6                	mv	a5,s9
   16076:	1058                	addi	a4,sp,36
   16078:	e06e                	sd	s11,0(sp)
   1607a:	886a                	mv	a6,s10
   1607c:	86d6                	mv	a3,s5
   1607e:	8662                	mv	a2,s8
   16080:	854e                	mv	a0,s3
   16082:	88d2                	mv	a7,s4
   16084:	182c                	addi	a1,sp,56
   16086:	102000ef          	jal	16188 <__gdtoa>
   1608a:	000a2703          	lw	a4,0(s4)
   1608e:	77e1                	lui	a5,0xffff8
   16090:	00f71763          	bne	a4,a5,1609e <_ldtoa_r+0x106>
   16094:	800007b7          	lui	a5,0x80000
   16098:	17fd                	addi	a5,a5,-1 # ffffffff7fffffff <__BSS_END__+0xffffffff7ffe24c7>
   1609a:	00fa2023          	sw	a5,0(s4)
   1609e:	70ea                	ld	ra,184(sp)
   160a0:	744a                	ld	s0,176(sp)
   160a2:	74aa                	ld	s1,168(sp)
   160a4:	790a                	ld	s2,160(sp)
   160a6:	69ea                	ld	s3,152(sp)
   160a8:	6a4a                	ld	s4,144(sp)
   160aa:	6aaa                	ld	s5,136(sp)
   160ac:	6b0a                	ld	s6,128(sp)
   160ae:	7be6                	ld	s7,120(sp)
   160b0:	7c46                	ld	s8,112(sp)
   160b2:	7ca6                	ld	s9,104(sp)
   160b4:	7d06                	ld	s10,96(sp)
   160b6:	6de6                	ld	s11,88(sp)
   160b8:	6129                	addi	sp,sp,192
   160ba:	8082                	ret
   160bc:	67ed                	lui	a5,0x1b
   160be:	5b87b683          	ld	a3,1464(a5) # 1b5b8 <blanks.1+0x20>
   160c2:	6562                	ld	a0,24(sp)
   160c4:	85a2                	mv	a1,s0
   160c6:	4601                	li	a2,0
   160c8:	51f030ef          	jal	19de6 <__getf2>
   160cc:	00054963          	bltz	a0,160de <_ldtoa_r+0x146>
   160d0:	67c1                	lui	a5,0x10
   160d2:	0167e7b3          	or	a5,a5,s6
   160d6:	4705                	li	a4,1
   160d8:	da3e                	sw	a5,52(sp)
   160da:	d23a                	sw	a4,36(sp)
   160dc:	bf61                	j	16074 <_ldtoa_r+0xdc>
   160de:	6562                	ld	a0,24(sp)
   160e0:	85a6                	mv	a1,s1
   160e2:	4601                	li	a2,0
   160e4:	4681                	li	a3,0
   160e6:	459030ef          	jal	19d3e <__eqtf2>
   160ea:	e119                	bnez	a0,160f0 <_ldtoa_r+0x158>
   160ec:	d202                	sw	zero,36(sp)
   160ee:	b759                	j	16074 <_ldtoa_r+0xdc>
   160f0:	77f1                	lui	a5,0xffffc
   160f2:	f927879b          	addiw	a5,a5,-110 # ffffffffffffbf92 <__BSS_END__+0xfffffffffffde45a>
   160f6:	4709                	li	a4,2
   160f8:	00fb8c3b          	addw	s8,s7,a5
   160fc:	d23a                	sw	a4,36(sp)
   160fe:	bf9d                	j	16074 <_ldtoa_r+0xdc>
   16100:	4791                	li	a5,4
   16102:	d23e                	sw	a5,36(sp)
   16104:	bf85                	j	16074 <_ldtoa_r+0xdc>

0000000000016106 <_ldcheck>:
   16106:	7179                	addi	sp,sp,-48
   16108:	ec26                	sd	s1,24(sp)
   1610a:	6504                	ld	s1,8(a0)
   1610c:	e84a                	sd	s2,16(sp)
   1610e:	e44e                	sd	s3,8(sp)
   16110:	00053903          	ld	s2,0(a0)
   16114:	59fd                	li	s3,-1
   16116:	0019d793          	srli	a5,s3,0x1
   1611a:	8cfd                	and	s1,s1,a5
   1611c:	86a6                	mv	a3,s1
   1611e:	85a6                	mv	a1,s1
   16120:	864a                	mv	a2,s2
   16122:	854a                	mv	a0,s2
   16124:	f406                	sd	ra,40(sp)
   16126:	43d040ef          	jal	1ad62 <__unordtf2>
   1612a:	e921                	bnez	a0,1617a <_ldcheck+0x74>
   1612c:	07fff6b7          	lui	a3,0x7fff
   16130:	1692                	slli	a3,a3,0x24
   16132:	96ce                	add	a3,a3,s3
   16134:	864e                	mv	a2,s3
   16136:	854a                	mv	a0,s2
   16138:	85a6                	mv	a1,s1
   1613a:	f022                	sd	s0,32(sp)
   1613c:	4405                	li	s0,1
   1613e:	425040ef          	jal	1ad62 <__unordtf2>
   16142:	cd11                	beqz	a0,1615e <_ldcheck+0x58>
   16144:	70a2                	ld	ra,40(sp)
   16146:	00144513          	xori	a0,s0,1
   1614a:	7402                	ld	s0,32(sp)
   1614c:	0ff57513          	zext.b	a0,a0
   16150:	64e2                	ld	s1,24(sp)
   16152:	6942                	ld	s2,16(sp)
   16154:	69a2                	ld	s3,8(sp)
   16156:	0015151b          	slliw	a0,a0,0x1
   1615a:	6145                	addi	sp,sp,48
   1615c:	8082                	ret
   1615e:	07fff7b7          	lui	a5,0x7fff
   16162:	1792                	slli	a5,a5,0x24
   16164:	864e                	mv	a2,s3
   16166:	013786b3          	add	a3,a5,s3
   1616a:	854a                	mv	a0,s2
   1616c:	85a6                	mv	a1,s1
   1616e:	52f030ef          	jal	19e9c <__letf2>
   16172:	fca059e3          	blez	a0,16144 <_ldcheck+0x3e>
   16176:	4401                	li	s0,0
   16178:	b7f1                	j	16144 <_ldcheck+0x3e>
   1617a:	70a2                	ld	ra,40(sp)
   1617c:	64e2                	ld	s1,24(sp)
   1617e:	6942                	ld	s2,16(sp)
   16180:	69a2                	ld	s3,8(sp)
   16182:	4505                	li	a0,1
   16184:	6145                	addi	sp,sp,48
   16186:	8082                	ret

0000000000016188 <__gdtoa>:
   16188:	00072303          	lw	t1,0(a4)
   1618c:	7111                	addi	sp,sp,-256
   1618e:	f9a2                	sd	s0,240(sp)
   16190:	6412                	ld	s0,256(sp)
   16192:	edce                	sd	s3,216(sp)
   16194:	fcf37e13          	andi	t3,t1,-49
   16198:	fd86                	sd	ra,248(sp)
   1619a:	01c72023          	sw	t3,0(a4)
   1619e:	4e8d                	li	t4,3
   161a0:	00f37e13          	andi	t3,t1,15
   161a4:	89a2                	mv	s3,s0
   161a6:	27de0763          	beq	t3,t4,16414 <__gdtoa+0x28c>
   161aa:	fd5e                	sd	s7,184(sp)
   161ac:	00c37413          	andi	s0,t1,12
   161b0:	8ba2                	mv	s7,s0
   161b2:	1c041163          	bnez	s0,16374 <__gdtoa+0x1ec>
   161b6:	e9d2                	sd	s4,208(sp)
   161b8:	f962                	sd	s8,176(sp)
   161ba:	f566                	sd	s9,168(sp)
   161bc:	f16a                	sd	s10,160(sp)
   161be:	ed6e                	sd	s11,152(sp)
   161c0:	e03a                	sd	a4,0(sp)
   161c2:	8a2a                	mv	s4,a0
   161c4:	8cc6                	mv	s9,a7
   161c6:	8c36                	mv	s8,a3
   161c8:	8d32                	mv	s10,a2
   161ca:	8dae                	mv	s11,a1
   161cc:	200e0d63          	beqz	t3,163e6 <__gdtoa+0x25e>
   161d0:	4194                	lw	a3,0(a1)
   161d2:	e5d6                	sd	s5,200(sp)
   161d4:	e1da                	sd	s6,192(sp)
   161d6:	8abe                	mv	s5,a5
   161d8:	02000793          	li	a5,32
   161dc:	8b42                	mv	s6,a6
   161de:	4581                	li	a1,0
   161e0:	00d7d763          	bge	a5,a3,161ee <__gdtoa+0x66>
   161e4:	0017979b          	slliw	a5,a5,0x1
   161e8:	2585                	addiw	a1,a1,1
   161ea:	fed7cde3          	blt	a5,a3,161e4 <__gdtoa+0x5c>
   161ee:	8552                	mv	a0,s4
   161f0:	e836                	sd	a3,16(sp)
   161f2:	e41a                	sd	t1,8(sp)
   161f4:	3aa010ef          	jal	1759e <_Balloc>
   161f8:	6322                	ld	t1,8(sp)
   161fa:	66c2                	ld	a3,16(sp)
   161fc:	842a                	mv	s0,a0
   161fe:	1a050f63          	beqz	a0,163bc <__gdtoa+0x234>
   16202:	fff6871b          	addiw	a4,a3,-1 # 7ffefff <__BSS_END__+0x7fe14c7>
   16206:	4057571b          	sraiw	a4,a4,0x5
   1620a:	070a                	slli	a4,a4,0x2
   1620c:	87e2                	mv	a5,s8
   1620e:	00ec0533          	add	a0,s8,a4
   16212:	01840613          	addi	a2,s0,24
   16216:	438c                	lw	a1,0(a5)
   16218:	0791                	addi	a5,a5,4 # 7fff004 <__BSS_END__+0x7fe14cc>
   1621a:	0611                	addi	a2,a2,4
   1621c:	feb62e23          	sw	a1,-4(a2)
   16220:	fef57be3          	bgeu	a0,a5,16216 <__gdtoa+0x8e>
   16224:	001c0793          	addi	a5,s8,1
   16228:	0505                	addi	a0,a0,1
   1622a:	00f53533          	sltu	a0,a0,a5
   1622e:	157d                	addi	a0,a0,-1
   16230:	8f69                	and	a4,a4,a0
   16232:	0711                	addi	a4,a4,4
   16234:	40275793          	srai	a5,a4,0x2
   16238:	9722                	add	a4,a4,s0
   1623a:	a021                	j	16242 <__gdtoa+0xba>
   1623c:	1771                	addi	a4,a4,-4
   1623e:	1e078963          	beqz	a5,16430 <__gdtoa+0x2a8>
   16242:	4b50                	lw	a2,20(a4)
   16244:	85be                	mv	a1,a5
   16246:	37fd                	addiw	a5,a5,-1
   16248:	da75                	beqz	a2,1623c <__gdtoa+0xb4>
   1624a:	078a                	slli	a5,a5,0x2
   1624c:	97a2                	add	a5,a5,s0
   1624e:	4f88                	lw	a0,24(a5)
   16250:	c84c                	sw	a1,20(s0)
   16252:	ec1a                	sd	t1,24(sp)
   16254:	e836                	sd	a3,16(sp)
   16256:	e42e                	sd	a1,8(sp)
   16258:	5a4010ef          	jal	177fc <__hi0bits>
   1625c:	65a2                	ld	a1,8(sp)
   1625e:	6362                	ld	t1,24(sp)
   16260:	66c2                	ld	a3,16(sp)
   16262:	0055959b          	slliw	a1,a1,0x5
   16266:	40a587bb          	subw	a5,a1,a0
   1626a:	8522                	mv	a0,s0
   1626c:	ec3e                	sd	a5,24(sp)
   1626e:	e836                	sd	a3,16(sp)
   16270:	e41a                	sd	t1,8(sp)
   16272:	2ec010ef          	jal	1755e <__trailz_D2A>
   16276:	c72a                	sw	a0,140(sp)
   16278:	6322                	ld	t1,8(sp)
   1627a:	66c2                	ld	a3,16(sp)
   1627c:	67e2                	ld	a5,24(sp)
   1627e:	866a                	mv	a2,s10
   16280:	3a051963          	bnez	a0,16632 <__gdtoa+0x4aa>
   16284:	4858                	lw	a4,20(s0)
   16286:	14070a63          	beqz	a4,163da <__gdtoa+0x252>
   1628a:	016c                	addi	a1,sp,140
   1628c:	8522                	mv	a0,s0
   1628e:	f03e                	sd	a5,32(sp)
   16290:	ec36                	sd	a3,24(sp)
   16292:	e832                	sd	a2,16(sp)
   16294:	e41a                	sd	t1,8(sp)
   16296:	f5a6                	sd	s1,232(sp)
   16298:	549010ef          	jal	17fe0 <__b2d>
   1629c:	e2050753          	fmv.x.d	a4,fa0
   162a0:	3ff00537          	lui	a0,0x3ff00
   162a4:	00c71593          	slli	a1,a4,0xc
   162a8:	02071f13          	slli	t5,a4,0x20
   162ac:	02c5d713          	srli	a4,a1,0x2c
   162b0:	00a765b3          	or	a1,a4,a0
   162b4:	02059713          	slli	a4,a1,0x20
   162b8:	020f5f13          	srli	t5,t5,0x20
   162bc:	00ef6f33          	or	t5,t5,a4
   162c0:	f20f07d3          	fmv.d.x	fa5,t5
   162c4:	1a81b707          	fld	fa4,424(gp) # 1d4e0 <__SDATA_BEGIN__+0x8>
   162c8:	1b01b687          	fld	fa3,432(gp) # 1d4e8 <__SDATA_BEGIN__+0x10>
   162cc:	0ae7f753          	fsub.d	fa4,fa5,fa4
   162d0:	1b81b787          	fld	fa5,440(gp) # 1d4f0 <__SDATA_BEGIN__+0x18>
   162d4:	6642                	ld	a2,16(sp)
   162d6:	7782                	ld	a5,32(sp)
   162d8:	852e                	mv	a0,a1
   162da:	7ad77743          	fmadd.d	fa4,fa4,fa3,fa5
   162de:	00f608bb          	addw	a7,a2,a5
   162e2:	fff8859b          	addiw	a1,a7,-1
   162e6:	1c01b687          	fld	fa3,448(gp) # 1d4f8 <__SDATA_BEGIN__+0x20>
   162ea:	d20587d3          	fcvt.d.w	fa5,a1
   162ee:	6322                	ld	t1,8(sp)
   162f0:	66e2                	ld	a3,24(sp)
   162f2:	72d7f7c3          	fmadd.d	fa5,fa5,fa3,fa4
   162f6:	872e                	mv	a4,a1
   162f8:	0005d563          	bgez	a1,16302 <__gdtoa+0x17a>
   162fc:	4705                	li	a4,1
   162fe:	4117073b          	subw	a4,a4,a7
   16302:	bcb7071b          	addiw	a4,a4,-1077
   16306:	00e05863          	blez	a4,16316 <__gdtoa+0x18e>
   1630a:	1c81b707          	fld	fa4,456(gp) # 1d500 <__SDATA_BEGIN__+0x28>
   1630e:	d20706d3          	fcvt.d.w	fa3,a4
   16312:	7ae6f7c3          	fmadd.d	fa5,fa3,fa4,fa5
   16316:	f2000753          	fmv.d.x	fa4,zero
   1631a:	c2079853          	fcvt.w.d	a6,fa5,rtz
   1631e:	a2e79753          	flt.d	a4,fa5,fa4
   16322:	42071763          	bnez	a4,16750 <__gdtoa+0x5c8>
   16326:	0145971b          	slliw	a4,a1,0x14
   1632a:	1f02                	slli	t5,t5,0x20
   1632c:	9f29                	addw	a4,a4,a0
   1632e:	1702                	slli	a4,a4,0x20
   16330:	020f5f13          	srli	t5,t5,0x20
   16334:	40b785bb          	subw	a1,a5,a1
   16338:	00ef6f33          	or	t5,t5,a4
   1633c:	fff58e9b          	addiw	t4,a1,-1
   16340:	4759                	li	a4,22
   16342:	8e76                	mv	t3,t4
   16344:	0f076963          	bltu	a4,a6,16436 <__gdtoa+0x2ae>
   16348:	656d                	lui	a0,0x1b
   1634a:	63850513          	addi	a0,a0,1592 # 1b638 <__mprec_tens>
   1634e:	00381713          	slli	a4,a6,0x3
   16352:	972a                	add	a4,a4,a0
   16354:	231c                	fld	fa5,0(a4)
   16356:	f20f0753          	fmv.d.x	fa4,t5
   1635a:	a2f71753          	flt.d	a4,fa4,fa5
   1635e:	30071263          	bnez	a4,16662 <__gdtoa+0x4da>
   16362:	0cb051e3          	blez	a1,16c24 <__gdtoa+0xa9c>
   16366:	01d80ebb          	addw	t4,a6,t4
   1636a:	f082                	sd	zero,96(sp)
   1636c:	e8c2                	sd	a6,80(sp)
   1636e:	e802                	sd	zero,16(sp)
   16370:	e482                	sd	zero,72(sp)
   16372:	a0cd                	j	16454 <__gdtoa+0x2cc>
   16374:	4791                	li	a5,4
   16376:	04fe1a63          	bne	t3,a5,163ca <__gdtoa+0x242>
   1637a:	744e                	ld	s0,240(sp)
   1637c:	7bea                	ld	s7,184(sp)
   1637e:	70ee                	ld	ra,248(sp)
   16380:	77e1                	lui	a5,0xffff8
   16382:	864e                	mv	a2,s3
   16384:	69ee                	ld	s3,216(sp)
   16386:	65ed                	lui	a1,0x1b
   16388:	00f8a023          	sw	a5,0(a7)
   1638c:	86f6                	mv	a3,t4
   1638e:	21058593          	addi	a1,a1,528 # 1b210 <__clzdi2+0x2a6>
   16392:	6111                	addi	sp,sp,256
   16394:	72b0006f          	j	172be <__nrv_alloc_D2A>
   16398:	85fa                	mv	a1,t5
   1639a:	8552                	mv	a0,s4
   1639c:	fc3a                	sd	a4,56(sp)
   1639e:	f872                	sd	t3,48(sp)
   163a0:	f442                	sd	a6,40(sp)
   163a2:	f03e                	sd	a5,32(sp)
   163a4:	ec46                	sd	a7,24(sp)
   163a6:	0d7010ef          	jal	17c7c <__lshift>
   163aa:	68e2                	ld	a7,24(sp)
   163ac:	7782                	ld	a5,32(sp)
   163ae:	7822                	ld	a6,40(sp)
   163b0:	7e42                	ld	t3,48(sp)
   163b2:	7762                	ld	a4,56(sp)
   163b4:	8f2a                	mv	t5,a0
   163b6:	4e051063          	bnez	a0,16896 <__gdtoa+0x70e>
   163ba:	74ae                	ld	s1,232(sp)
   163bc:	6a4e                	ld	s4,208(sp)
   163be:	6aae                	ld	s5,200(sp)
   163c0:	6b0e                	ld	s6,192(sp)
   163c2:	7c4a                	ld	s8,176(sp)
   163c4:	7caa                	ld	s9,168(sp)
   163c6:	7d0a                	ld	s10,160(sp)
   163c8:	6dea                	ld	s11,152(sp)
   163ca:	4701                	li	a4,0
   163cc:	70ee                	ld	ra,248(sp)
   163ce:	744e                	ld	s0,240(sp)
   163d0:	7bea                	ld	s7,184(sp)
   163d2:	69ee                	ld	s3,216(sp)
   163d4:	853a                	mv	a0,a4
   163d6:	6111                	addi	sp,sp,256
   163d8:	8082                	ret
   163da:	85a2                	mv	a1,s0
   163dc:	8552                	mv	a0,s4
   163de:	230010ef          	jal	1760e <_Bfree>
   163e2:	6aae                	ld	s5,200(sp)
   163e4:	6b0e                	ld	s6,192(sp)
   163e6:	4685                	li	a3,1
   163e8:	65ed                	lui	a1,0x1b
   163ea:	864e                	mv	a2,s3
   163ec:	8552                	mv	a0,s4
   163ee:	00dca023          	sw	a3,0(s9)
   163f2:	1f858593          	addi	a1,a1,504 # 1b1f8 <__clzdi2+0x28e>
   163f6:	6c9000ef          	jal	172be <__nrv_alloc_D2A>
   163fa:	70ee                	ld	ra,248(sp)
   163fc:	744e                	ld	s0,240(sp)
   163fe:	872a                	mv	a4,a0
   16400:	6a4e                	ld	s4,208(sp)
   16402:	7c4a                	ld	s8,176(sp)
   16404:	7caa                	ld	s9,168(sp)
   16406:	7d0a                	ld	s10,160(sp)
   16408:	6dea                	ld	s11,152(sp)
   1640a:	7bea                	ld	s7,184(sp)
   1640c:	69ee                	ld	s3,216(sp)
   1640e:	853a                	mv	a0,a4
   16410:	6111                	addi	sp,sp,256
   16412:	8082                	ret
   16414:	8622                	mv	a2,s0
   16416:	744e                	ld	s0,240(sp)
   16418:	70ee                	ld	ra,248(sp)
   1641a:	69ee                	ld	s3,216(sp)
   1641c:	77e1                	lui	a5,0xffff8
   1641e:	65ed                	lui	a1,0x1b
   16420:	00f8a023          	sw	a5,0(a7)
   16424:	20058593          	addi	a1,a1,512 # 1b200 <__clzdi2+0x296>
   16428:	46a1                	li	a3,8
   1642a:	6111                	addi	sp,sp,256
   1642c:	6930006f          	j	172be <__nrv_alloc_D2A>
   16430:	00042a23          	sw	zero,20(s0)
   16434:	bd1d                	j	1626a <__gdtoa+0xe2>
   16436:	4705                	li	a4,1
   16438:	f0ba                	sd	a4,96(sp)
   1643a:	e802                	sd	zero,16(sp)
   1643c:	200e4c63          	bltz	t3,16654 <__gdtoa+0x4cc>
   16440:	20085563          	bgez	a6,1664a <__gdtoa+0x4c2>
   16444:	6742                	ld	a4,16(sp)
   16446:	e882                	sd	zero,80(sp)
   16448:	4107073b          	subw	a4,a4,a6
   1644c:	e83a                	sd	a4,16(sp)
   1644e:	4100073b          	negw	a4,a6
   16452:	e4ba                	sd	a4,72(sp)
   16454:	4725                	li	a4,9
   16456:	2d576763          	bltu	a4,s5,16724 <__gdtoa+0x59c>
   1645a:	4715                	li	a4,5
   1645c:	55575063          	bge	a4,s5,1699c <__gdtoa+0x814>
   16460:	ffca851b          	addiw	a0,s5,-4
   16464:	4591                	li	a1,4
   16466:	8aaa                	mv	s5,a0
   16468:	2eb50c63          	beq	a0,a1,16760 <__gdtoa+0x5d8>
   1646c:	6ee50163          	beq	a0,a4,16b4e <__gdtoa+0x9c6>
   16470:	4709                	li	a4,2
   16472:	f482                	sd	zero,104(sp)
   16474:	4481                	li	s1,0
   16476:	2ee50863          	beq	a0,a4,16766 <__gdtoa+0x5de>
   1647a:	4a8d                	li	s5,3
   1647c:	010b073b          	addw	a4,s6,a6
   16480:	f8ba                	sd	a4,112(sp)
   16482:	0017089b          	addiw	a7,a4,1
   16486:	6d105163          	blez	a7,16b48 <__gdtoa+0x9c0>
   1648a:	8746                	mv	a4,a7
   1648c:	85c6                	mv	a1,a7
   1648e:	8552                	mv	a0,s4
   16490:	c73a                	sw	a4,140(sp)
   16492:	e0fa                	sd	t5,64(sp)
   16494:	fc76                	sd	t4,56(sp)
   16496:	f83e                	sd	a5,48(sp)
   16498:	f436                	sd	a3,40(sp)
   1649a:	f042                	sd	a6,32(sp)
   1649c:	ec32                	sd	a2,24(sp)
   1649e:	e446                	sd	a7,8(sp)
   164a0:	ec9a                	sd	t1,88(sp)
   164a2:	5d9000ef          	jal	1727a <__rv_alloc_D2A>
   164a6:	872a                	mv	a4,a0
   164a8:	f00509e3          	beqz	a0,163ba <__gdtoa+0x232>
   164ac:	00cdae03          	lw	t3,12(s11)
   164b0:	68a2                	ld	a7,8(sp)
   164b2:	6662                	ld	a2,24(sp)
   164b4:	3e7d                	addiw	t3,t3,-1
   164b6:	7802                	ld	a6,32(sp)
   164b8:	76a2                	ld	a3,40(sp)
   164ba:	77c2                	ld	a5,48(sp)
   164bc:	7ee2                	ld	t4,56(sp)
   164be:	6f06                	ld	t5,64(sp)
   164c0:	000e0d63          	beqz	t3,164da <__gdtoa+0x352>
   164c4:	6366                	ld	t1,88(sp)
   164c6:	000e5363          	bgez	t3,164cc <__gdtoa+0x344>
   164ca:	4e09                	li	t3,2
   164cc:	10037313          	andi	t1,t1,256
   164d0:	1e030463          	beqz	t1,166b8 <__gdtoa+0x530>
   164d4:	458d                	li	a1,3
   164d6:	41c58e3b          	subw	t3,a1,t3
   164da:	00f8b593          	sltiu	a1,a7,15
   164de:	1c058d63          	beqz	a1,166b8 <__gdtoa+0x530>
   164e2:	1c048b63          	beqz	s1,166b8 <__gdtoa+0x530>
   164e6:	010e65b3          	or	a1,t3,a6
   164ea:	1c059763          	bnez	a1,166b8 <__gdtoa+0x530>
   164ee:	7586                	ld	a1,96(sp)
   164f0:	c702                	sw	zero,140(sp)
   164f2:	f20f06d3          	fmv.d.x	fa3,t5
   164f6:	c599                	beqz	a1,16504 <__gdtoa+0x37c>
   164f8:	1a01b787          	fld	fa5,416(gp) # 1d4d8 <__SDATA_BEGIN__>
   164fc:	a2f695d3          	flt.d	a1,fa3,fa5
   16500:	16059463          	bnez	a1,16668 <__gdtoa+0x4e0>
   16504:	1d81b787          	fld	fa5,472(gp) # 1d510 <__SDATA_BEGIN__+0x38>
   16508:	fcc00537          	lui	a0,0xfcc00
   1650c:	a43e                	fsd	fa5,8(sp)
   1650e:	2722                	fld	fa4,8(sp)
   16510:	1e01b787          	fld	fa5,480(gp) # 1d518 <__SDATA_BEGIN__+0x40>
   16514:	7ae6f7c3          	fmadd.d	fa5,fa3,fa4,fa5
   16518:	e20785d3          	fmv.x.d	a1,fa5
   1651c:	02059e13          	slli	t3,a1,0x20
   16520:	9181                	srli	a1,a1,0x20
   16522:	9da9                	addw	a1,a1,a0
   16524:	020e5e13          	srli	t3,t3,0x20
   16528:	1582                	slli	a1,a1,0x20
   1652a:	00be6e33          	or	t3,t3,a1
   1652e:	16088463          	beqz	a7,16696 <__gdtoa+0x50e>
   16532:	22d687d3          	fmv.d	fa5,fa3
   16536:	4581                	li	a1,0
   16538:	8fc6                	mv	t6,a7
   1653a:	656d                	lui	a0,0x1b
   1653c:	ffff831b          	addiw	t1,t6,-1
   16540:	74a6                	ld	s1,104(sp)
   16542:	63850513          	addi	a0,a0,1592 # 1b638 <__mprec_tens>
   16546:	030e                	slli	t1,t1,0x3
   16548:	932a                	add	t1,t1,a0
   1654a:	00033607          	fld	fa2,0(t1)
   1654e:	120486e3          	beqz	s1,16e7a <__gdtoa+0xcf2>
   16552:	2001b707          	fld	fa4,512(gp) # 1d538 <__SDATA_BEGIN__+0x60>
   16556:	c20792d3          	fcvt.w.d	t0,fa5,rtz
   1655a:	00170313          	addi	t1,a4,1
   1655e:	1ac77753          	fdiv.d	fa4,fa4,fa2
   16562:	d20286d3          	fcvt.d.w	fa3,t0
   16566:	0302829b          	addiw	t0,t0,48 # 12c3c <memcpy+0x16>
   1656a:	00570023          	sb	t0,0(a4)
   1656e:	0ad7f7d3          	fsub.d	fa5,fa5,fa3
   16572:	f20e06d3          	fmv.d.x	fa3,t3
   16576:	0ad77753          	fsub.d	fa4,fa4,fa3
   1657a:	a2e79e53          	flt.d	t3,fa5,fa4
   1657e:	2c0e16e3          	bnez	t3,1704a <__gdtoa+0xec2>
   16582:	1a01b587          	fld	fa1,416(gp) # 1d4d8 <__SDATA_BEGIN__>
   16586:	1e81b607          	fld	fa2,488(gp) # 1d520 <__SDATA_BEGIN__+0x48>
   1658a:	a80d                	j	165bc <__gdtoa+0x434>
   1658c:	4e3a                	lw	t3,140(sp)
   1658e:	0305                	addi	t1,t1,1
   16590:	2e05                	addiw	t3,t3,1
   16592:	c772                	sw	t3,140(sp)
   16594:	39fe59e3          	bge	t3,t6,17126 <__gdtoa+0xf9e>
   16598:	12c7f7d3          	fmul.d	fa5,fa5,fa2
   1659c:	12c77753          	fmul.d	fa4,fa4,fa2
   165a0:	c2079e53          	fcvt.w.d	t3,fa5,rtz
   165a4:	d20e06d3          	fcvt.d.w	fa3,t3
   165a8:	030e0e1b          	addiw	t3,t3,48
   165ac:	ffc30fa3          	sb	t3,-1(t1)
   165b0:	0ad7f7d3          	fsub.d	fa5,fa5,fa3
   165b4:	a2e79e53          	flt.d	t3,fa5,fa4
   165b8:	280e19e3          	bnez	t3,1704a <__gdtoa+0xec2>
   165bc:	0af5f6d3          	fsub.d	fa3,fa1,fa5
   165c0:	a2e69e53          	flt.d	t3,fa3,fa4
   165c4:	fc0e04e3          	beqz	t3,1658c <__gdtoa+0x404>
   165c8:	fff34683          	lbu	a3,-1(t1)
   165cc:	03900613          	li	a2,57
   165d0:	a031                	j	165dc <__gdtoa+0x454>
   165d2:	18f70ae3          	beq	a4,a5,16f66 <__gdtoa+0xdde>
   165d6:	fff7c683          	lbu	a3,-1(a5) # ffffffffffff7fff <__BSS_END__+0xfffffffffffda4c7>
   165da:	833e                	mv	t1,a5
   165dc:	fff30793          	addi	a5,t1,-1
   165e0:	fec689e3          	beq	a3,a2,165d2 <__gdtoa+0x44a>
   165e4:	0685                	addi	a3,a3,1
   165e6:	00d78023          	sb	a3,0(a5)
   165ea:	0015861b          	addiw	a2,a1,1
   165ee:	02000b93          	li	s7,32
   165f2:	85a2                	mv	a1,s0
   165f4:	8552                	mv	a0,s4
   165f6:	ec3a                	sd	a4,24(sp)
   165f8:	e832                	sd	a2,16(sp)
   165fa:	e41a                	sd	t1,8(sp)
   165fc:	012010ef          	jal	1760e <_Bfree>
   16600:	6322                	ld	t1,8(sp)
   16602:	6642                	ld	a2,16(sp)
   16604:	6762                	ld	a4,24(sp)
   16606:	00030023          	sb	zero,0(t1)
   1660a:	00cca023          	sw	a2,0(s9)
   1660e:	00098463          	beqz	s3,16616 <__gdtoa+0x48e>
   16612:	0069b023          	sd	t1,0(s3)
   16616:	6682                	ld	a3,0(sp)
   16618:	74ae                	ld	s1,232(sp)
   1661a:	6a4e                	ld	s4,208(sp)
   1661c:	429c                	lw	a5,0(a3)
   1661e:	6aae                	ld	s5,200(sp)
   16620:	6b0e                	ld	s6,192(sp)
   16622:	00fbe7b3          	or	a5,s7,a5
   16626:	7c4a                	ld	s8,176(sp)
   16628:	7caa                	ld	s9,168(sp)
   1662a:	7d0a                	ld	s10,160(sp)
   1662c:	6dea                	ld	s11,152(sp)
   1662e:	c29c                	sw	a5,0(a3)
   16630:	bb71                	j	163cc <__gdtoa+0x244>
   16632:	85aa                	mv	a1,a0
   16634:	8522                	mv	a0,s0
   16636:	685000ef          	jal	174ba <__rshift_D2A>
   1663a:	463a                	lw	a2,140(sp)
   1663c:	67e2                	ld	a5,24(sp)
   1663e:	66c2                	ld	a3,16(sp)
   16640:	6322                	ld	t1,8(sp)
   16642:	9f91                	subw	a5,a5,a2
   16644:	01a6063b          	addw	a2,a2,s10
   16648:	b935                	j	16284 <__gdtoa+0xfc>
   1664a:	01d80ebb          	addw	t4,a6,t4
   1664e:	e8c2                	sd	a6,80(sp)
   16650:	e482                	sd	zero,72(sp)
   16652:	b509                	j	16454 <__gdtoa+0x2cc>
   16654:	4705                	li	a4,1
   16656:	9f0d                	subw	a4,a4,a1
   16658:	e83a                	sd	a4,16(sp)
   1665a:	4e81                	li	t4,0
   1665c:	de0844e3          	bltz	a6,16444 <__gdtoa+0x2bc>
   16660:	b7ed                	j	1664a <__gdtoa+0x4c2>
   16662:	387d                	addiw	a6,a6,-1
   16664:	f082                	sd	zero,96(sp)
   16666:	bbd1                	j	1643a <__gdtoa+0x2b2>
   16668:	180896e3          	bnez	a7,16ff4 <__gdtoa+0xe6c>
   1666c:	1d81b787          	fld	fa5,472(gp) # 1d510 <__SDATA_BEGIN__+0x38>
   16670:	fcc00537          	lui	a0,0xfcc00
   16674:	a43e                	fsd	fa5,8(sp)
   16676:	2722                	fld	fa4,8(sp)
   16678:	1e01b787          	fld	fa5,480(gp) # 1d518 <__SDATA_BEGIN__+0x40>
   1667c:	7ad777c3          	fmadd.d	fa5,fa4,fa3,fa5
   16680:	e20785d3          	fmv.x.d	a1,fa5
   16684:	02059e13          	slli	t3,a1,0x20
   16688:	9181                	srli	a1,a1,0x20
   1668a:	9da9                	addw	a1,a1,a0
   1668c:	020e5e13          	srli	t3,t3,0x20
   16690:	1582                	slli	a1,a1,0x20
   16692:	00be6e33          	or	t3,t3,a1
   16696:	1f81b787          	fld	fa5,504(gp) # 1d530 <__SDATA_BEGIN__+0x58>
   1669a:	0af6f6d3          	fsub.d	fa3,fa3,fa5
   1669e:	f20e07d3          	fmv.d.x	fa5,t3
   166a2:	a2d795d3          	flt.d	a1,fa5,fa3
   166a6:	08059de3          	bnez	a1,16f40 <__gdtoa+0xdb8>
   166aa:	22f797d3          	fneg.d	fa5,fa5
   166ae:	a2f695d3          	flt.d	a1,fa3,fa5
   166b2:	48059063          	bnez	a1,16b32 <__gdtoa+0x9aa>
   166b6:	4e01                	li	t3,0
   166b8:	fff64593          	not	a1,a2
   166bc:	01f5d59b          	srliw	a1,a1,0x1f
   166c0:	cdcd                	beqz	a1,1677a <__gdtoa+0x5f2>
   166c2:	00f82593          	slti	a1,a6,15
   166c6:	c9d5                	beqz	a1,1677a <__gdtoa+0x5f2>
   166c8:	656d                	lui	a0,0x1b
   166ca:	63850513          	addi	a0,a0,1592 # 1b638 <__mprec_tens>
   166ce:	00381693          	slli	a3,a6,0x3
   166d2:	96aa                	add	a3,a3,a0
   166d4:	01fb579b          	srliw	a5,s6,0x1f
   166d8:	2298                	fld	fa4,0(a3)
   166da:	30078863          	beqz	a5,169ea <__gdtoa+0x862>
   166de:	31104663          	bgtz	a7,169ea <__gdtoa+0x862>
   166e2:	44089863          	bnez	a7,16b32 <__gdtoa+0x9aa>
   166e6:	1f81b787          	fld	fa5,504(gp) # 1d530 <__SDATA_BEGIN__+0x58>
   166ea:	12f77753          	fmul.d	fa4,fa4,fa5
   166ee:	f20f07d3          	fmv.d.x	fa5,t5
   166f2:	a2e787d3          	fle.d	a5,fa5,fa4
   166f6:	42079e63          	bnez	a5,16b32 <__gdtoa+0x9aa>
   166fa:	03100793          	li	a5,49
   166fe:	00170313          	addi	t1,a4,1
   16702:	00f70023          	sb	a5,0(a4)
   16706:	4581                	li	a1,0
   16708:	8552                	mv	a0,s4
   1670a:	ec42                	sd	a6,24(sp)
   1670c:	e83a                	sd	a4,16(sp)
   1670e:	e41a                	sd	t1,8(sp)
   16710:	6ff000ef          	jal	1760e <_Bfree>
   16714:	6862                	ld	a6,24(sp)
   16716:	6322                	ld	t1,8(sp)
   16718:	6742                	ld	a4,16(sp)
   1671a:	0028061b          	addiw	a2,a6,2
   1671e:	02000b93          	li	s7,32
   16722:	bdc1                	j	165f2 <__gdtoa+0x46a>
   16724:	3fd8889b          	addiw	a7,a7,1021
   16728:	7f88b493          	sltiu	s1,a7,2040
   1672c:	4a81                	li	s5,0
   1672e:	1d01b707          	fld	fa4,464(gp) # 1d508 <__SDATA_BEGIN__+0x30>
   16732:	d20687d3          	fcvt.d.w	fa5,a3
   16736:	577d                	li	a4,-1
   16738:	f8ba                	sd	a4,112(sp)
   1673a:	12e7f7d3          	fmul.d	fa5,fa5,fa4
   1673e:	88ba                	mv	a7,a4
   16740:	4705                	li	a4,1
   16742:	f4ba                	sd	a4,104(sp)
   16744:	4b01                	li	s6,0
   16746:	c20795d3          	fcvt.w.d	a1,fa5,rtz
   1674a:	258d                	addiw	a1,a1,3
   1674c:	872e                	mv	a4,a1
   1674e:	b381                	j	1648e <__gdtoa+0x306>
   16750:	d2080753          	fcvt.d.w	fa4,a6
   16754:	a2f72753          	feq.d	a4,fa4,fa5
   16758:	bc0717e3          	bnez	a4,16326 <__gdtoa+0x19e>
   1675c:	387d                	addiw	a6,a6,-1
   1675e:	b6e1                	j	16326 <__gdtoa+0x19e>
   16760:	4705                	li	a4,1
   16762:	4481                	li	s1,0
   16764:	f4ba                	sd	a4,104(sp)
   16766:	000b059b          	sext.w	a1,s6
   1676a:	01604363          	bgtz	s6,16770 <__gdtoa+0x5e8>
   1676e:	4585                	li	a1,1
   16770:	872e                	mv	a4,a1
   16772:	f8ae                	sd	a1,112(sp)
   16774:	88ae                	mv	a7,a1
   16776:	8b2e                	mv	s6,a1
   16778:	bb19                	j	1648e <__gdtoa+0x306>
   1677a:	75a6                	ld	a1,104(sp)
   1677c:	24058163          	beqz	a1,169be <__gdtoa+0x836>
   16780:	9e9d                	subw	a3,a3,a5
   16782:	004da503          	lw	a0,4(s11)
   16786:	0016859b          	addiw	a1,a3,1
   1678a:	c72e                	sw	a1,140(sp)
   1678c:	40d606bb          	subw	a3,a2,a3
   16790:	4ea6d063          	bge	a3,a0,16c70 <__gdtoa+0xae8>
   16794:	ffda869b          	addiw	a3,s5,-3
   16798:	9af5                	andi	a3,a3,-3
   1679a:	3e068c63          	beqz	a3,16b92 <__gdtoa+0xa0a>
   1679e:	40a606bb          	subw	a3,a2,a0
   167a2:	4605                	li	a2,1
   167a4:	2685                	addiw	a3,a3,1
   167a6:	01562633          	slt	a2,a2,s5
   167aa:	011025b3          	sgtz	a1,a7
   167ae:	c736                	sw	a3,140(sp)
   167b0:	8e6d                	and	a2,a2,a1
   167b2:	c219                	beqz	a2,167b8 <__gdtoa+0x630>
   167b4:	20d8cfe3          	blt	a7,a3,171d2 <__gdtoa+0x104a>
   167b8:	6642                	ld	a2,16(sp)
   167ba:	64a6                	ld	s1,72(sp)
   167bc:	01d68ebb          	addw	t4,a3,t4
   167c0:	9eb1                	addw	a3,a3,a2
   167c2:	ec36                	sd	a3,24(sp)
   167c4:	4585                	li	a1,1
   167c6:	8552                	mv	a0,s4
   167c8:	ecba                	sd	a4,88(sp)
   167ca:	e0f6                	sd	t4,64(sp)
   167cc:	fc3e                	sd	a5,56(sp)
   167ce:	f872                	sd	t3,48(sp)
   167d0:	f442                	sd	a6,40(sp)
   167d2:	f046                	sd	a7,32(sp)
   167d4:	14c010ef          	jal	17920 <__i2b>
   167d8:	e42a                	sd	a0,8(sp)
   167da:	be0500e3          	beqz	a0,163ba <__gdtoa+0x232>
   167de:	66c2                	ld	a3,16(sp)
   167e0:	7882                	ld	a7,32(sp)
   167e2:	7822                	ld	a6,40(sp)
   167e4:	7e42                	ld	t3,48(sp)
   167e6:	77e2                	ld	a5,56(sp)
   167e8:	6e86                	ld	t4,64(sp)
   167ea:	6766                	ld	a4,88(sp)
   167ec:	c28d                	beqz	a3,1680e <__gdtoa+0x686>
   167ee:	03d05063          	blez	t4,1680e <__gdtoa+0x686>
   167f2:	6642                	ld	a2,16(sp)
   167f4:	86b2                	mv	a3,a2
   167f6:	00ced363          	bge	t4,a2,167fc <__gdtoa+0x674>
   167fa:	86f6                	mv	a3,t4
   167fc:	6662                	ld	a2,24(sp)
   167fe:	c736                	sw	a3,140(sp)
   16800:	40de8ebb          	subw	t4,t4,a3
   16804:	9e15                	subw	a2,a2,a3
   16806:	ec32                	sd	a2,24(sp)
   16808:	6642                	ld	a2,16(sp)
   1680a:	9e15                	subw	a2,a2,a3
   1680c:	e832                	sd	a2,16(sp)
   1680e:	66a6                	ld	a3,72(sp)
   16810:	c69d                	beqz	a3,1683e <__gdtoa+0x6b6>
   16812:	60049a63          	bnez	s1,16e26 <__gdtoa+0xc9e>
   16816:	6626                	ld	a2,72(sp)
   16818:	85a2                	mv	a1,s0
   1681a:	8552                	mv	a0,s4
   1681c:	ecba                	sd	a4,88(sp)
   1681e:	e0f6                	sd	t4,64(sp)
   16820:	fc3e                	sd	a5,56(sp)
   16822:	f872                	sd	t3,48(sp)
   16824:	f442                	sd	a6,40(sp)
   16826:	f046                	sd	a7,32(sp)
   16828:	36c010ef          	jal	17b94 <__pow5mult>
   1682c:	7882                	ld	a7,32(sp)
   1682e:	7822                	ld	a6,40(sp)
   16830:	7e42                	ld	t3,48(sp)
   16832:	77e2                	ld	a5,56(sp)
   16834:	6e86                	ld	t4,64(sp)
   16836:	6766                	ld	a4,88(sp)
   16838:	842a                	mv	s0,a0
   1683a:	b80500e3          	beqz	a0,163ba <__gdtoa+0x232>
   1683e:	4585                	li	a1,1
   16840:	8552                	mv	a0,s4
   16842:	e4ba                	sd	a4,72(sp)
   16844:	e0f6                	sd	t4,64(sp)
   16846:	fc3e                	sd	a5,56(sp)
   16848:	f872                	sd	t3,48(sp)
   1684a:	f442                	sd	a6,40(sp)
   1684c:	f046                	sd	a7,32(sp)
   1684e:	0d2010ef          	jal	17920 <__i2b>
   16852:	8f2a                	mv	t5,a0
   16854:	b60503e3          	beqz	a0,163ba <__gdtoa+0x232>
   16858:	66c6                	ld	a3,80(sp)
   1685a:	7882                	ld	a7,32(sp)
   1685c:	7822                	ld	a6,40(sp)
   1685e:	7e42                	ld	t3,48(sp)
   16860:	77e2                	ld	a5,56(sp)
   16862:	6e86                	ld	t4,64(sp)
   16864:	6726                	ld	a4,72(sp)
   16866:	34069763          	bnez	a3,16bb4 <__gdtoa+0xa2c>
   1686a:	002aa693          	slti	a3,s5,2
   1686e:	c681                	beqz	a3,16876 <__gdtoa+0x6ee>
   16870:	17fd                	addi	a5,a5,-1
   16872:	10078963          	beqz	a5,16984 <__gdtoa+0x7fc>
   16876:	457d                	li	a0,31
   16878:	66e2                	ld	a3,24(sp)
   1687a:	41d507bb          	subw	a5,a0,t4
   1687e:	37f1                	addiw	a5,a5,-4
   16880:	8bfd                	andi	a5,a5,31
   16882:	00d7863b          	addw	a2,a5,a3
   16886:	c73e                	sw	a5,140(sp)
   16888:	86be                	mv	a3,a5
   1688a:	2cc04763          	bgtz	a2,16b58 <__gdtoa+0x9d0>
   1688e:	00de863b          	addw	a2,t4,a3
   16892:	b0c043e3          	bgtz	a2,16398 <__gdtoa+0x210>
   16896:	7686                	ld	a3,96(sp)
   16898:	e6d1                	bnez	a3,16924 <__gdtoa+0x79c>
   1689a:	1d104863          	bgtz	a7,16a6a <__gdtoa+0x8e2>
   1689e:	4689                	li	a3,2
   168a0:	1d56d563          	bge	a3,s5,16a6a <__gdtoa+0x8e2>
   168a4:	85fa                	mv	a1,t5
   168a6:	4681                	li	a3,0
   168a8:	4615                	li	a2,5
   168aa:	8552                	mv	a0,s4
   168ac:	f03a                	sd	a4,32(sp)
   168ae:	ec42                	sd	a6,24(sp)
   168b0:	e846                	sd	a7,16(sp)
   168b2:	56f000ef          	jal	17620 <__multadd>
   168b6:	85aa                	mv	a1,a0
   168b8:	b00501e3          	beqz	a0,163ba <__gdtoa+0x232>
   168bc:	68c2                	ld	a7,16(sp)
   168be:	6862                	ld	a6,24(sp)
   168c0:	7702                	ld	a4,32(sp)
   168c2:	52089863          	bnez	a7,16df2 <__gdtoa+0xc6a>
   168c6:	e82a                	sd	a0,16(sp)
   168c8:	8522                	mv	a0,s0
   168ca:	f03a                	sd	a4,32(sp)
   168cc:	ec42                	sd	a6,24(sp)
   168ce:	4c8010ef          	jal	17d96 <__mcmp>
   168d2:	65c2                	ld	a1,16(sp)
   168d4:	6862                	ld	a6,24(sp)
   168d6:	7702                	ld	a4,32(sp)
   168d8:	50a05d63          	blez	a0,16df2 <__gdtoa+0xc6a>
   168dc:	03100793          	li	a5,49
   168e0:	00f70023          	sb	a5,0(a4)
   168e4:	2805                	addiw	a6,a6,1
   168e6:	00170313          	addi	t1,a4,1
   168ea:	02000b93          	li	s7,32
   168ee:	8552                	mv	a0,s4
   168f0:	f03a                	sd	a4,32(sp)
   168f2:	ec1a                	sd	t1,24(sp)
   168f4:	e842                	sd	a6,16(sp)
   168f6:	519000ef          	jal	1760e <_Bfree>
   168fa:	6842                	ld	a6,16(sp)
   168fc:	67a2                	ld	a5,8(sp)
   168fe:	6362                	ld	t1,24(sp)
   16900:	7702                	ld	a4,32(sp)
   16902:	0018061b          	addiw	a2,a6,1
   16906:	ce0786e3          	beqz	a5,165f2 <__gdtoa+0x46a>
   1690a:	65a2                	ld	a1,8(sp)
   1690c:	8552                	mv	a0,s4
   1690e:	f03a                	sd	a4,32(sp)
   16910:	ec1a                	sd	t1,24(sp)
   16912:	e842                	sd	a6,16(sp)
   16914:	4fb000ef          	jal	1760e <_Bfree>
   16918:	6842                	ld	a6,16(sp)
   1691a:	6362                	ld	t1,24(sp)
   1691c:	7702                	ld	a4,32(sp)
   1691e:	0018061b          	addiw	a2,a6,1
   16922:	b9c1                	j	165f2 <__gdtoa+0x46a>
   16924:	85fa                	mv	a1,t5
   16926:	8522                	mv	a0,s0
   16928:	e0ba                	sd	a4,64(sp)
   1692a:	fc72                	sd	t3,56(sp)
   1692c:	f842                	sd	a6,48(sp)
   1692e:	f43e                	sd	a5,40(sp)
   16930:	f046                	sd	a7,32(sp)
   16932:	ec7a                	sd	t5,24(sp)
   16934:	462010ef          	jal	17d96 <__mcmp>
   16938:	6f62                	ld	t5,24(sp)
   1693a:	7882                	ld	a7,32(sp)
   1693c:	77a2                	ld	a5,40(sp)
   1693e:	7842                	ld	a6,48(sp)
   16940:	7e62                	ld	t3,56(sp)
   16942:	6706                	ld	a4,64(sp)
   16944:	f4055be3          	bgez	a0,1689a <__gdtoa+0x712>
   16948:	85a2                	mv	a1,s0
   1694a:	4681                	li	a3,0
   1694c:	4629                	li	a2,10
   1694e:	8552                	mv	a0,s4
   16950:	fc3a                	sd	a4,56(sp)
   16952:	f87a                	sd	t5,48(sp)
   16954:	f472                	sd	t3,40(sp)
   16956:	f042                	sd	a6,32(sp)
   16958:	ec3e                	sd	a5,24(sp)
   1695a:	4c7000ef          	jal	17620 <__multadd>
   1695e:	842a                	mv	s0,a0
   16960:	a4050de3          	beqz	a0,163ba <__gdtoa+0x232>
   16964:	7802                	ld	a6,32(sp)
   16966:	76a6                	ld	a3,104(sp)
   16968:	7e22                	ld	t3,40(sp)
   1696a:	7f42                	ld	t5,48(sp)
   1696c:	7762                	ld	a4,56(sp)
   1696e:	387d                	addiw	a6,a6,-1
   16970:	30069a63          	bnez	a3,16c84 <__gdtoa+0xafc>
   16974:	77c6                	ld	a5,112(sp)
   16976:	00f041e3          	bgtz	a5,17178 <__gdtoa+0xff0>
   1697a:	4789                	li	a5,2
   1697c:	7f57de63          	bge	a5,s5,17178 <__gdtoa+0xff0>
   16980:	78c6                	ld	a7,112(sp)
   16982:	b70d                	j	168a4 <__gdtoa+0x71c>
   16984:	004da783          	lw	a5,4(s11)
   16988:	2785                	addiw	a5,a5,1
   1698a:	efa7d6e3          	bge	a5,s10,16876 <__gdtoa+0x6ee>
   1698e:	67e2                	ld	a5,24(sp)
   16990:	2e85                	addiw	t4,t4,1
   16992:	2785                	addiw	a5,a5,1
   16994:	ec3e                	sd	a5,24(sp)
   16996:	4785                	li	a5,1
   16998:	e8be                	sd	a5,80(sp)
   1699a:	bdf1                	j	16876 <__gdtoa+0x6ee>
   1699c:	3fd8889b          	addiw	a7,a7,1021
   169a0:	4591                	li	a1,4
   169a2:	7f88b493          	sltiu	s1,a7,2040
   169a6:	44ba8b63          	beq	s5,a1,16dfc <__gdtoa+0xc74>
   169aa:	1aea8363          	beq	s5,a4,16b50 <__gdtoa+0x9c8>
   169ae:	4709                	li	a4,2
   169b0:	44ea8963          	beq	s5,a4,16e02 <__gdtoa+0xc7a>
   169b4:	470d                	li	a4,3
   169b6:	f482                	sd	zero,104(sp)
   169b8:	acea82e3          	beq	s5,a4,1647c <__gdtoa+0x2f4>
   169bc:	bb8d                	j	1672e <__gdtoa+0x5a6>
   169be:	66c2                	ld	a3,16(sp)
   169c0:	26068b63          	beqz	a3,16c36 <__gdtoa+0xaae>
   169c4:	260e8963          	beqz	t4,16c36 <__gdtoa+0xaae>
   169c8:	6642                	ld	a2,16(sp)
   169ca:	86b2                	mv	a3,a2
   169cc:	00ced363          	bge	t4,a2,169d2 <__gdtoa+0x84a>
   169d0:	86f6                	mv	a3,t4
   169d2:	6642                	ld	a2,16(sp)
   169d4:	c736                	sw	a3,140(sp)
   169d6:	40de8ebb          	subw	t4,t4,a3
   169da:	9e15                	subw	a2,a2,a3
   169dc:	66a6                	ld	a3,72(sp)
   169de:	ec32                	sd	a2,24(sp)
   169e0:	26069063          	bnez	a3,16c40 <__gdtoa+0xab8>
   169e4:	e832                	sd	a2,16(sp)
   169e6:	e402                	sd	zero,8(sp)
   169e8:	bd99                	j	1683e <__gdtoa+0x6b6>
   169ea:	f20f06d3          	fmv.d.x	fa3,t5
   169ee:	1ae6f7d3          	fdiv.d	fa5,fa3,fa4
   169f2:	4785                	li	a5,1
   169f4:	c73e                	sw	a5,140(sp)
   169f6:	00f70333          	add	t1,a4,a5
   169fa:	f2000653          	fmv.d.x	fa2,zero
   169fe:	0018061b          	addiw	a2,a6,1
   16a02:	c20797d3          	fcvt.w.d	a5,fa5,rtz
   16a06:	d20787d3          	fcvt.d.w	fa5,a5
   16a0a:	0307869b          	addiw	a3,a5,48
   16a0e:	00d70023          	sb	a3,0(a4)
   16a12:	6ae7f7cb          	fnmsub.d	fa5,fa5,fa4,fa3
   16a16:	a2c7a6d3          	feq.d	a3,fa5,fa2
   16a1a:	bc069ce3          	bnez	a3,165f2 <__gdtoa+0x46a>
   16a1e:	1e81b587          	fld	fa1,488(gp) # 1d520 <__SDATA_BEGIN__+0x48>
   16a22:	a02d                	j	16a4c <__gdtoa+0x8c4>
   16a24:	12b7f7d3          	fmul.d	fa5,fa5,fa1
   16a28:	c72e                	sw	a1,140(sp)
   16a2a:	0305                	addi	t1,t1,1
   16a2c:	1ae7f6d3          	fdiv.d	fa3,fa5,fa4
   16a30:	c20697d3          	fcvt.w.d	a5,fa3,rtz
   16a34:	d20786d3          	fcvt.d.w	fa3,a5
   16a38:	0307869b          	addiw	a3,a5,48
   16a3c:	fed30fa3          	sb	a3,-1(t1)
   16a40:	7ae6f7cb          	fnmsub.d	fa5,fa3,fa4,fa5
   16a44:	a2c7a6d3          	feq.d	a3,fa5,fa2
   16a48:	ba0695e3          	bnez	a3,165f2 <__gdtoa+0x46a>
   16a4c:	46ba                	lw	a3,140(sp)
   16a4e:	0016859b          	addiw	a1,a3,1
   16a52:	fd1699e3          	bne	a3,a7,16a24 <__gdtoa+0x89c>
   16a56:	500e0d63          	beqz	t3,16f70 <__gdtoa+0xde8>
   16a5a:	4785                	li	a5,1
   16a5c:	4bc1                	li	s7,16
   16a5e:	b8fe1ae3          	bne	t3,a5,165f2 <__gdtoa+0x46a>
   16a62:	fff34683          	lbu	a3,-1(t1)
   16a66:	85c2                	mv	a1,a6
   16a68:	b695                	j	165cc <__gdtoa+0x444>
   16a6a:	76a6                	ld	a3,104(sp)
   16a6c:	24069263          	bnez	a3,16cb0 <__gdtoa+0xb28>
   16a70:	f1ca                	sd	s2,224(sp)
   16a72:	4685                	li	a3,1
   16a74:	8ac6                	mv	s5,a7
   16a76:	8b42                	mv	s6,a6
   16a78:	8bf2                	mv	s7,t3
   16a7a:	84ba                	mv	s1,a4
   16a7c:	897a                	mv	s2,t5
   16a7e:	8c3a                	mv	s8,a4
   16a80:	a811                	j	16a94 <__gdtoa+0x90c>
   16a82:	85a2                	mv	a1,s0
   16a84:	8552                	mv	a0,s4
   16a86:	39b000ef          	jal	17620 <__multadd>
   16a8a:	842a                	mv	s0,a0
   16a8c:	0e050f63          	beqz	a0,16b8a <__gdtoa+0xa02>
   16a90:	46ba                	lw	a3,140(sp)
   16a92:	2685                	addiw	a3,a3,1
   16a94:	85ca                	mv	a1,s2
   16a96:	8522                	mv	a0,s0
   16a98:	c736                	sw	a3,140(sp)
   16a9a:	0a5000ef          	jal	1733e <__quorem_D2A>
   16a9e:	00148793          	addi	a5,s1,1
   16aa2:	03050e9b          	addiw	t4,a0,48
   16aa6:	ffd78fa3          	sb	t4,-1(a5)
   16aaa:	84be                	mv	s1,a5
   16aac:	47ba                	lw	a5,140(sp)
   16aae:	4681                	li	a3,0
   16ab0:	4629                	li	a2,10
   16ab2:	fd57c8e3          	blt	a5,s5,16a82 <__gdtoa+0x8fa>
   16ab6:	885a                	mv	a6,s6
   16ab8:	8e5e                	mv	t3,s7
   16aba:	87a6                	mv	a5,s1
   16abc:	8f4a                	mv	t5,s2
   16abe:	8762                	mv	a4,s8
   16ac0:	4881                	li	a7,0
   16ac2:	5a0e0063          	beqz	t3,17062 <__gdtoa+0xeda>
   16ac6:	4689                	li	a3,2
   16ac8:	5cde0b63          	beq	t3,a3,1709e <__gdtoa+0xf16>
   16acc:	4850                	lw	a2,20(s0)
   16ace:	4685                	li	a3,1
   16ad0:	42c6c163          	blt	a3,a2,16ef2 <__gdtoa+0xd6a>
   16ad4:	4c14                	lw	a3,24(s0)
   16ad6:	40069e63          	bnez	a3,16ef2 <__gdtoa+0xd6a>
   16ada:	00d036b3          	snez	a3,a3
   16ade:	00469b9b          	slliw	s7,a3,0x4
   16ae2:	03000613          	li	a2,48
   16ae6:	833e                	mv	t1,a5
   16ae8:	fff7c683          	lbu	a3,-1(a5)
   16aec:	17fd                	addi	a5,a5,-1
   16aee:	fec68ce3          	beq	a3,a2,16ae6 <__gdtoa+0x95e>
   16af2:	85fa                	mv	a1,t5
   16af4:	8552                	mv	a0,s4
   16af6:	f43a                	sd	a4,40(sp)
   16af8:	f01a                	sd	t1,32(sp)
   16afa:	ec46                	sd	a7,24(sp)
   16afc:	e842                	sd	a6,16(sp)
   16afe:	311000ef          	jal	1760e <_Bfree>
   16b02:	67a2                	ld	a5,8(sp)
   16b04:	6842                	ld	a6,16(sp)
   16b06:	68e2                	ld	a7,24(sp)
   16b08:	7302                	ld	t1,32(sp)
   16b0a:	7722                	ld	a4,40(sp)
   16b0c:	72078a63          	beqz	a5,17240 <__gdtoa+0x10b8>
   16b10:	06088b63          	beqz	a7,16b86 <__gdtoa+0x9fe>
   16b14:	67a2                	ld	a5,8(sp)
   16b16:	06f88863          	beq	a7,a5,16b86 <__gdtoa+0x9fe>
   16b1a:	85c6                	mv	a1,a7
   16b1c:	8552                	mv	a0,s4
   16b1e:	f03a                	sd	a4,32(sp)
   16b20:	ec1a                	sd	t1,24(sp)
   16b22:	e842                	sd	a6,16(sp)
   16b24:	2eb000ef          	jal	1760e <_Bfree>
   16b28:	7702                	ld	a4,32(sp)
   16b2a:	6362                	ld	t1,24(sp)
   16b2c:	6842                	ld	a6,16(sp)
   16b2e:	790e                	ld	s2,224(sp)
   16b30:	bbe9                	j	1690a <__gdtoa+0x782>
   16b32:	4581                	li	a1,0
   16b34:	8552                	mv	a0,s4
   16b36:	e43a                	sd	a4,8(sp)
   16b38:	2d7000ef          	jal	1760e <_Bfree>
   16b3c:	6722                	ld	a4,8(sp)
   16b3e:	4160063b          	negw	a2,s6
   16b42:	4bc1                	li	s7,16
   16b44:	833a                	mv	t1,a4
   16b46:	b475                	j	165f2 <__gdtoa+0x46a>
   16b48:	4705                	li	a4,1
   16b4a:	85ba                	mv	a1,a4
   16b4c:	b289                	j	1648e <__gdtoa+0x306>
   16b4e:	4481                	li	s1,0
   16b50:	4705                	li	a4,1
   16b52:	4a95                	li	s5,5
   16b54:	f4ba                	sd	a4,104(sp)
   16b56:	b21d                	j	1647c <__gdtoa+0x2f4>
   16b58:	85a2                	mv	a1,s0
   16b5a:	8552                	mv	a0,s4
   16b5c:	e4ba                	sd	a4,72(sp)
   16b5e:	e0f6                	sd	t4,64(sp)
   16b60:	fc7a                	sd	t5,56(sp)
   16b62:	f872                	sd	t3,48(sp)
   16b64:	f442                	sd	a6,40(sp)
   16b66:	f03e                	sd	a5,32(sp)
   16b68:	ec46                	sd	a7,24(sp)
   16b6a:	112010ef          	jal	17c7c <__lshift>
   16b6e:	842a                	mv	s0,a0
   16b70:	840505e3          	beqz	a0,163ba <__gdtoa+0x232>
   16b74:	46ba                	lw	a3,140(sp)
   16b76:	6726                	ld	a4,72(sp)
   16b78:	6e86                	ld	t4,64(sp)
   16b7a:	7f62                	ld	t5,56(sp)
   16b7c:	7e42                	ld	t3,48(sp)
   16b7e:	7822                	ld	a6,40(sp)
   16b80:	7782                	ld	a5,32(sp)
   16b82:	68e2                	ld	a7,24(sp)
   16b84:	b329                	j	1688e <__gdtoa+0x706>
   16b86:	790e                	ld	s2,224(sp)
   16b88:	b349                	j	1690a <__gdtoa+0x782>
   16b8a:	74ae                	ld	s1,232(sp)
   16b8c:	790e                	ld	s2,224(sp)
   16b8e:	82fff06f          	j	163bc <__gdtoa+0x234>
   16b92:	65a6                	ld	a1,72(sp)
   16b94:	fff8869b          	addiw	a3,a7,-1
   16b98:	8636                	mv	a2,a3
   16b9a:	26d5c663          	blt	a1,a3,16e06 <__gdtoa+0xc7e>
   16b9e:	40d584bb          	subw	s1,a1,a3
   16ba2:	6408d963          	bgez	a7,171f4 <__gdtoa+0x106c>
   16ba6:	66c2                	ld	a3,16(sp)
   16ba8:	c702                	sw	zero,140(sp)
   16baa:	ec36                	sd	a3,24(sp)
   16bac:	411686bb          	subw	a3,a3,a7
   16bb0:	e836                	sd	a3,16(sp)
   16bb2:	b909                	j	167c4 <__gdtoa+0x63c>
   16bb4:	85aa                	mv	a1,a0
   16bb6:	8636                	mv	a2,a3
   16bb8:	8552                	mv	a0,s4
   16bba:	e0ba                	sd	a4,64(sp)
   16bbc:	fc76                	sd	t4,56(sp)
   16bbe:	e4be                	sd	a5,72(sp)
   16bc0:	7d5000ef          	jal	17b94 <__pow5mult>
   16bc4:	8f2a                	mv	t5,a0
   16bc6:	fe050a63          	beqz	a0,163ba <__gdtoa+0x232>
   16bca:	002aa693          	slti	a3,s5,2
   16bce:	7882                	ld	a7,32(sp)
   16bd0:	7822                	ld	a6,40(sp)
   16bd2:	7e42                	ld	t3,48(sp)
   16bd4:	7ee2                	ld	t4,56(sp)
   16bd6:	6706                	ld	a4,64(sp)
   16bd8:	c681                	beqz	a3,16be0 <__gdtoa+0xa58>
   16bda:	67a6                	ld	a5,72(sp)
   16bdc:	17fd                	addi	a5,a5,-1
   16bde:	c79d                	beqz	a5,16c0c <__gdtoa+0xa84>
   16be0:	e882                	sd	zero,80(sp)
   16be2:	014f2783          	lw	a5,20(t5)
   16be6:	e4ba                	sd	a4,72(sp)
   16be8:	e0f6                	sd	t4,64(sp)
   16bea:	37fd                	addiw	a5,a5,-1
   16bec:	078a                	slli	a5,a5,0x2
   16bee:	97fa                	add	a5,a5,t5
   16bf0:	4f88                	lw	a0,24(a5)
   16bf2:	fc72                	sd	t3,56(sp)
   16bf4:	f842                	sd	a6,48(sp)
   16bf6:	f446                	sd	a7,40(sp)
   16bf8:	f07a                	sd	t5,32(sp)
   16bfa:	403000ef          	jal	177fc <__hi0bits>
   16bfe:	6726                	ld	a4,72(sp)
   16c00:	6e86                	ld	t4,64(sp)
   16c02:	7e62                	ld	t3,56(sp)
   16c04:	7842                	ld	a6,48(sp)
   16c06:	78a2                	ld	a7,40(sp)
   16c08:	7f02                	ld	t5,32(sp)
   16c0a:	b1bd                	j	16878 <__gdtoa+0x6f0>
   16c0c:	004da783          	lw	a5,4(s11)
   16c10:	2785                	addiw	a5,a5,1
   16c12:	fda7d7e3          	bge	a5,s10,16be0 <__gdtoa+0xa58>
   16c16:	67e2                	ld	a5,24(sp)
   16c18:	2e85                	addiw	t4,t4,1
   16c1a:	2785                	addiw	a5,a5,1
   16c1c:	ec3e                	sd	a5,24(sp)
   16c1e:	4785                	li	a5,1
   16c20:	e8be                	sd	a5,80(sp)
   16c22:	b7c1                	j	16be2 <__gdtoa+0xa5a>
   16c24:	4705                	li	a4,1
   16c26:	9f0d                	subw	a4,a4,a1
   16c28:	e83a                	sd	a4,16(sp)
   16c2a:	8ec2                	mv	t4,a6
   16c2c:	f082                	sd	zero,96(sp)
   16c2e:	e8c2                	sd	a6,80(sp)
   16c30:	e482                	sd	zero,72(sp)
   16c32:	823ff06f          	j	16454 <__gdtoa+0x2cc>
   16c36:	66c2                	ld	a3,16(sp)
   16c38:	ec36                	sd	a3,24(sp)
   16c3a:	66a6                	ld	a3,72(sp)
   16c3c:	da0685e3          	beqz	a3,169e6 <__gdtoa+0x85e>
   16c40:	6626                	ld	a2,72(sp)
   16c42:	85a2                	mv	a1,s0
   16c44:	8552                	mv	a0,s4
   16c46:	ecba                	sd	a4,88(sp)
   16c48:	e0f6                	sd	t4,64(sp)
   16c4a:	fc3e                	sd	a5,56(sp)
   16c4c:	f872                	sd	t3,48(sp)
   16c4e:	f442                	sd	a6,40(sp)
   16c50:	f046                	sd	a7,32(sp)
   16c52:	743000ef          	jal	17b94 <__pow5mult>
   16c56:	842a                	mv	s0,a0
   16c58:	f6050163          	beqz	a0,163ba <__gdtoa+0x232>
   16c5c:	67e2                	ld	a5,24(sp)
   16c5e:	6766                	ld	a4,88(sp)
   16c60:	6e86                	ld	t4,64(sp)
   16c62:	e83e                	sd	a5,16(sp)
   16c64:	7e42                	ld	t3,48(sp)
   16c66:	77e2                	ld	a5,56(sp)
   16c68:	7822                	ld	a6,40(sp)
   16c6a:	7882                	ld	a7,32(sp)
   16c6c:	e402                	sd	zero,8(sp)
   16c6e:	bec1                	j	1683e <__gdtoa+0x6b6>
   16c70:	4685                	li	a3,1
   16c72:	f356c0e3          	blt	a3,s5,16b92 <__gdtoa+0xa0a>
   16c76:	66c2                	ld	a3,16(sp)
   16c78:	64a6                	ld	s1,72(sp)
   16c7a:	01d58ebb          	addw	t4,a1,t4
   16c7e:	9ead                	addw	a3,a3,a1
   16c80:	ec36                	sd	a3,24(sp)
   16c82:	b689                	j	167c4 <__gdtoa+0x63c>
   16c84:	65a2                	ld	a1,8(sp)
   16c86:	4681                	li	a3,0
   16c88:	4629                	li	a2,10
   16c8a:	8552                	mv	a0,s4
   16c8c:	f042                	sd	a6,32(sp)
   16c8e:	193000ef          	jal	17620 <__multadd>
   16c92:	e42a                	sd	a0,8(sp)
   16c94:	f2050363          	beqz	a0,163ba <__gdtoa+0x232>
   16c98:	76c6                	ld	a3,112(sp)
   16c9a:	67e2                	ld	a5,24(sp)
   16c9c:	7802                	ld	a6,32(sp)
   16c9e:	7e22                	ld	t3,40(sp)
   16ca0:	7f42                	ld	t5,48(sp)
   16ca2:	7762                	ld	a4,56(sp)
   16ca4:	78c6                	ld	a7,112(sp)
   16ca6:	00d04563          	bgtz	a3,16cb0 <__gdtoa+0xb28>
   16caa:	4689                	li	a3,2
   16cac:	bf56cce3          	blt	a3,s5,168a4 <__gdtoa+0x71c>
   16cb0:	66c2                	ld	a3,16(sp)
   16cb2:	00d7863b          	addw	a2,a5,a3
   16cb6:	26c04163          	bgtz	a2,16f18 <__gdtoa+0xd90>
   16cba:	67c6                	ld	a5,80(sp)
   16cbc:	6b22                	ld	s6,8(sp)
   16cbe:	2e079463          	bnez	a5,16fa6 <__gdtoa+0xe1e>
   16cc2:	ffee0793          	addi	a5,t3,-2
   16cc6:	e0be                	sd	a5,64(sp)
   16cc8:	f1ca                	sd	s2,224(sp)
   16cca:	4785                	li	a5,1
   16ccc:	f446                	sd	a7,40(sp)
   16cce:	e4c2                	sd	a6,72(sp)
   16cd0:	f872                	sd	t3,48(sp)
   16cd2:	8d3a                	mv	s10,a4
   16cd4:	f07a                	sd	t5,32(sp)
   16cd6:	e8ba                	sd	a4,80(sp)
   16cd8:	a051                	j	16d5c <__gdtoa+0xbd4>
   16cda:	8552                	mv	a0,s4
   16cdc:	ec76                	sd	t4,24(sp)
   16cde:	131000ef          	jal	1760e <_Bfree>
   16ce2:	6ee2                	ld	t4,24(sp)
   16ce4:	4685                	li	a3,1
   16ce6:	67c2                	ld	a5,16(sp)
   16ce8:	3c07c263          	bltz	a5,170ac <__gdtoa+0xf24>
   16cec:	0157e7b3          	or	a5,a5,s5
   16cf0:	2781                	sext.w	a5,a5
   16cf2:	e791                	bnez	a5,16cfe <__gdtoa+0xb76>
   16cf4:	000c2783          	lw	a5,0(s8)
   16cf8:	8b85                	andi	a5,a5,1
   16cfa:	3a078963          	beqz	a5,170ac <__gdtoa+0xf24>
   16cfe:	001d0793          	addi	a5,s10,1
   16d02:	893e                	mv	s2,a5
   16d04:	00d05563          	blez	a3,16d0e <__gdtoa+0xb86>
   16d08:	6706                	ld	a4,64(sp)
   16d0a:	42071d63          	bnez	a4,17144 <__gdtoa+0xfbc>
   16d0e:	ffb90fa3          	sb	s11,-1(s2)
   16d12:	473a                	lw	a4,140(sp)
   16d14:	76a2                	ld	a3,40(sp)
   16d16:	44d70a63          	beq	a4,a3,1716a <__gdtoa+0xfe2>
   16d1a:	85a2                	mv	a1,s0
   16d1c:	4681                	li	a3,0
   16d1e:	4629                	li	a2,10
   16d20:	8552                	mv	a0,s4
   16d22:	0ff000ef          	jal	17620 <__multadd>
   16d26:	842a                	mv	s0,a0
   16d28:	e60501e3          	beqz	a0,16b8a <__gdtoa+0xa02>
   16d2c:	67a2                	ld	a5,8(sp)
   16d2e:	65a2                	ld	a1,8(sp)
   16d30:	4681                	li	a3,0
   16d32:	4629                	li	a2,10
   16d34:	8552                	mv	a0,s4
   16d36:	0b678763          	beq	a5,s6,16de4 <__gdtoa+0xc5c>
   16d3a:	0e7000ef          	jal	17620 <__multadd>
   16d3e:	e42a                	sd	a0,8(sp)
   16d40:	e40505e3          	beqz	a0,16b8a <__gdtoa+0xa02>
   16d44:	85da                	mv	a1,s6
   16d46:	4681                	li	a3,0
   16d48:	4629                	li	a2,10
   16d4a:	8552                	mv	a0,s4
   16d4c:	0d5000ef          	jal	17620 <__multadd>
   16d50:	8b2a                	mv	s6,a0
   16d52:	e2050ce3          	beqz	a0,16b8a <__gdtoa+0xa02>
   16d56:	47ba                	lw	a5,140(sp)
   16d58:	8d4a                	mv	s10,s2
   16d5a:	2785                	addiw	a5,a5,1
   16d5c:	7482                	ld	s1,32(sp)
   16d5e:	8522                	mv	a0,s0
   16d60:	c73e                	sw	a5,140(sp)
   16d62:	85a6                	mv	a1,s1
   16d64:	5da000ef          	jal	1733e <__quorem_D2A>
   16d68:	65a2                	ld	a1,8(sp)
   16d6a:	892a                	mv	s2,a0
   16d6c:	8522                	mv	a0,s0
   16d6e:	028010ef          	jal	17d96 <__mcmp>
   16d72:	e82a                	sd	a0,16(sp)
   16d74:	85a6                	mv	a1,s1
   16d76:	865a                	mv	a2,s6
   16d78:	8552                	mv	a0,s4
   16d7a:	052010ef          	jal	17dcc <__mdiff>
   16d7e:	85aa                	mv	a1,a0
   16d80:	e00505e3          	beqz	a0,16b8a <__gdtoa+0xa02>
   16d84:	491c                	lw	a5,16(a0)
   16d86:	03090e9b          	addiw	t4,s2,48
   16d8a:	8df6                	mv	s11,t4
   16d8c:	f7b9                	bnez	a5,16cda <__gdtoa+0xb52>
   16d8e:	ec2a                	sd	a0,24(sp)
   16d90:	8522                	mv	a0,s0
   16d92:	fc76                	sd	t4,56(sp)
   16d94:	002010ef          	jal	17d96 <__mcmp>
   16d98:	65e2                	ld	a1,24(sp)
   16d9a:	84aa                	mv	s1,a0
   16d9c:	8552                	mv	a0,s4
   16d9e:	071000ef          	jal	1760e <_Bfree>
   16da2:	0154e6b3          	or	a3,s1,s5
   16da6:	2681                	sext.w	a3,a3
   16da8:	7ee2                	ld	t4,56(sp)
   16daa:	16069563          	bnez	a3,16f14 <__gdtoa+0xd8c>
   16dae:	000c2783          	lw	a5,0(s8)
   16db2:	7742                	ld	a4,48(sp)
   16db4:	8b85                	andi	a5,a5,1
   16db6:	8fd9                	or	a5,a5,a4
   16db8:	f79d                	bnez	a5,16ce6 <__gdtoa+0xb5e>
   16dba:	03900793          	li	a5,57
   16dbe:	6826                	ld	a6,72(sp)
   16dc0:	7f02                	ld	t5,32(sp)
   16dc2:	6746                	ld	a4,80(sp)
   16dc4:	6542                	ld	a0,16(sp)
   16dc6:	836a                	mv	t1,s10
   16dc8:	10fe8c63          	beq	t4,a5,16ee0 <__gdtoa+0xd58>
   16dcc:	46a05f63          	blez	a0,1724a <__gdtoa+0x10c2>
   16dd0:	03190e9b          	addiw	t4,s2,49
   16dd4:	02000b93          	li	s7,32
   16dd8:	68a2                	ld	a7,8(sp)
   16dda:	01d30023          	sb	t4,0(t1)
   16dde:	e45a                	sd	s6,8(sp)
   16de0:	0305                	addi	t1,t1,1
   16de2:	bb01                	j	16af2 <__gdtoa+0x96a>
   16de4:	03d000ef          	jal	17620 <__multadd>
   16de8:	e42a                	sd	a0,8(sp)
   16dea:	da0500e3          	beqz	a0,16b8a <__gdtoa+0xa02>
   16dee:	8b2a                	mv	s6,a0
   16df0:	b79d                	j	16d56 <__gdtoa+0xbce>
   16df2:	fffb4813          	not	a6,s6
   16df6:	833a                	mv	t1,a4
   16df8:	4bc1                	li	s7,16
   16dfa:	bcd5                	j	168ee <__gdtoa+0x766>
   16dfc:	4705                	li	a4,1
   16dfe:	f4ba                	sd	a4,104(sp)
   16e00:	b29d                	j	16766 <__gdtoa+0x5de>
   16e02:	f482                	sd	zero,104(sp)
   16e04:	b28d                	j	16766 <__gdtoa+0x5de>
   16e06:	66a6                	ld	a3,72(sp)
   16e08:	65c6                	ld	a1,80(sp)
   16e0a:	c746                	sw	a7,140(sp)
   16e0c:	40d606bb          	subw	a3,a2,a3
   16e10:	9ead                	addw	a3,a3,a1
   16e12:	e8b6                	sd	a3,80(sp)
   16e14:	66c2                	ld	a3,16(sp)
   16e16:	01d88ebb          	addw	t4,a7,t4
   16e1a:	e4b2                	sd	a2,72(sp)
   16e1c:	011686bb          	addw	a3,a3,a7
   16e20:	ec36                	sd	a3,24(sp)
   16e22:	4481                	li	s1,0
   16e24:	b245                	j	167c4 <__gdtoa+0x63c>
   16e26:	65a2                	ld	a1,8(sp)
   16e28:	8626                	mv	a2,s1
   16e2a:	8552                	mv	a0,s4
   16e2c:	f1ca                	sd	s2,224(sp)
   16e2e:	ecba                	sd	a4,88(sp)
   16e30:	e0f6                	sd	t4,64(sp)
   16e32:	fc3e                	sd	a5,56(sp)
   16e34:	f872                	sd	t3,48(sp)
   16e36:	f442                	sd	a6,40(sp)
   16e38:	f046                	sd	a7,32(sp)
   16e3a:	55b000ef          	jal	17b94 <__pow5mult>
   16e3e:	e42a                	sd	a0,8(sp)
   16e40:	d40505e3          	beqz	a0,16b8a <__gdtoa+0xa02>
   16e44:	85aa                	mv	a1,a0
   16e46:	8622                	mv	a2,s0
   16e48:	8552                	mv	a0,s4
   16e4a:	367000ef          	jal	179b0 <__multiply>
   16e4e:	d2050ee3          	beqz	a0,16b8a <__gdtoa+0xa02>
   16e52:	85a2                	mv	a1,s0
   16e54:	fcaa                	sd	a0,120(sp)
   16e56:	8552                	mv	a0,s4
   16e58:	7b6000ef          	jal	1760e <_Bfree>
   16e5c:	67a6                	ld	a5,72(sp)
   16e5e:	7466                	ld	s0,120(sp)
   16e60:	7882                	ld	a7,32(sp)
   16e62:	9f85                	subw	a5,a5,s1
   16e64:	e4be                	sd	a5,72(sp)
   16e66:	86be                	mv	a3,a5
   16e68:	7822                	ld	a6,40(sp)
   16e6a:	7e42                	ld	t3,48(sp)
   16e6c:	77e2                	ld	a5,56(sp)
   16e6e:	6e86                	ld	t4,64(sp)
   16e70:	6766                	ld	a4,88(sp)
   16e72:	790e                	ld	s2,224(sp)
   16e74:	9c0685e3          	beqz	a3,1683e <__gdtoa+0x6b6>
   16e78:	ba79                	j	16816 <__gdtoa+0x68e>
   16e7a:	f20e0753          	fmv.d.x	fa4,t3
   16e7e:	833a                	mv	t1,a4
   16e80:	12e675d3          	fmul.d	fa1,fa2,fa4
   16e84:	4e05                	li	t3,1
   16e86:	1e81b707          	fld	fa4,488(gp) # 1d520 <__SDATA_BEGIN__+0x48>
   16e8a:	a021                	j	16e92 <__gdtoa+0xd0a>
   16e8c:	12e7f7d3          	fmul.d	fa5,fa5,fa4
   16e90:	2e05                	addiw	t3,t3,1
   16e92:	c772                	sw	t3,140(sp)
   16e94:	c2079e53          	fcvt.w.d	t3,fa5,rtz
   16e98:	0305                	addi	t1,t1,1
   16e9a:	030e069b          	addiw	a3,t3,48
   16e9e:	0ff6f693          	zext.b	a3,a3
   16ea2:	000e0663          	beqz	t3,16eae <__gdtoa+0xd26>
   16ea6:	d20e0653          	fcvt.d.w	fa2,t3
   16eaa:	0ac7f7d3          	fsub.d	fa5,fa5,fa2
   16eae:	fed30fa3          	sb	a3,-1(t1)
   16eb2:	4e3a                	lw	t3,140(sp)
   16eb4:	fdfe1ce3          	bne	t3,t6,16e8c <__gdtoa+0xd04>
   16eb8:	2001b707          	fld	fa4,512(gp) # 1d538 <__SDATA_BEGIN__+0x60>
   16ebc:	02e5f653          	fadd.d	fa2,fa1,fa4
   16ec0:	a2f61e53          	flt.d	t3,fa2,fa5
   16ec4:	f00e1463          	bnez	t3,165cc <__gdtoa+0x444>
   16ec8:	0ab77753          	fsub.d	fa4,fa4,fa1
   16ecc:	a2e796d3          	flt.d	a3,fa5,fa4
   16ed0:	26069063          	bnez	a3,17130 <__gdtoa+0xfa8>
   16ed4:	4e01                	li	t3,0
   16ed6:	ae0644e3          	bltz	a2,169be <__gdtoa+0x836>
   16eda:	2118                	fld	fa4,0(a0)
   16edc:	4e01                	li	t3,0
   16ede:	be01                	j	169ee <__gdtoa+0x866>
   16ee0:	00130613          	addi	a2,t1,1
   16ee4:	03900693          	li	a3,57
   16ee8:	68a2                	ld	a7,8(sp)
   16eea:	87b2                	mv	a5,a2
   16eec:	e45a                	sd	s6,8(sp)
   16eee:	00d30023          	sb	a3,0(t1)
   16ef2:	03900613          	li	a2,57
   16ef6:	a019                	j	16efc <__gdtoa+0xd74>
   16ef8:	14f70163          	beq	a4,a5,1703a <__gdtoa+0xeb2>
   16efc:	fff7c683          	lbu	a3,-1(a5)
   16f00:	833e                	mv	t1,a5
   16f02:	17fd                	addi	a5,a5,-1
   16f04:	fec68ae3          	beq	a3,a2,16ef8 <__gdtoa+0xd70>
   16f08:	2685                	addiw	a3,a3,1
   16f0a:	00d78023          	sb	a3,0(a5)
   16f0e:	02000b93          	li	s7,32
   16f12:	b6c5                	j	16af2 <__gdtoa+0x96a>
   16f14:	86a6                	mv	a3,s1
   16f16:	bbc1                	j	16ce6 <__gdtoa+0xb5e>
   16f18:	65a2                	ld	a1,8(sp)
   16f1a:	8552                	mv	a0,s4
   16f1c:	f83a                	sd	a4,48(sp)
   16f1e:	f47a                	sd	t5,40(sp)
   16f20:	f072                	sd	t3,32(sp)
   16f22:	ec42                	sd	a6,24(sp)
   16f24:	e846                	sd	a7,16(sp)
   16f26:	557000ef          	jal	17c7c <__lshift>
   16f2a:	e42a                	sd	a0,8(sp)
   16f2c:	68c2                	ld	a7,16(sp)
   16f2e:	6862                	ld	a6,24(sp)
   16f30:	7e02                	ld	t3,32(sp)
   16f32:	7f22                	ld	t5,40(sp)
   16f34:	7742                	ld	a4,48(sp)
   16f36:	d80512e3          	bnez	a0,16cba <__gdtoa+0xb32>
   16f3a:	74ae                	ld	s1,232(sp)
   16f3c:	c80ff06f          	j	163bc <__gdtoa+0x234>
   16f40:	03100793          	li	a5,49
   16f44:	00170313          	addi	t1,a4,1
   16f48:	00f70023          	sb	a5,0(a4)
   16f4c:	4581                	li	a1,0
   16f4e:	8552                	mv	a0,s4
   16f50:	e83a                	sd	a4,16(sp)
   16f52:	e41a                	sd	t1,8(sp)
   16f54:	6ba000ef          	jal	1760e <_Bfree>
   16f58:	6322                	ld	t1,8(sp)
   16f5a:	6742                	ld	a4,16(sp)
   16f5c:	4609                	li	a2,2
   16f5e:	02000b93          	li	s7,32
   16f62:	e90ff06f          	j	165f2 <__gdtoa+0x46a>
   16f66:	2585                	addiw	a1,a1,1
   16f68:	03100693          	li	a3,49
   16f6c:	e7aff06f          	j	165e6 <__gdtoa+0x45e>
   16f70:	02f7f7d3          	fadd.d	fa5,fa5,fa5
   16f74:	fff34683          	lbu	a3,-1(t1)
   16f78:	a2f71653          	flt.d	a2,fa4,fa5
   16f7c:	ee45                	bnez	a2,17034 <__gdtoa+0xeac>
   16f7e:	a2e7a653          	feq.d	a2,fa5,fa4
   16f82:	c219                	beqz	a2,16f88 <__gdtoa+0xe00>
   16f84:	8b85                	andi	a5,a5,1
   16f86:	e7dd                	bnez	a5,17034 <__gdtoa+0xeac>
   16f88:	879a                	mv	a5,t1
   16f8a:	85c2                	mv	a1,a6
   16f8c:	4bc1                	li	s7,16
   16f8e:	03000613          	li	a2,48
   16f92:	fff7c683          	lbu	a3,-1(a5)
   16f96:	833e                	mv	t1,a5
   16f98:	17fd                	addi	a5,a5,-1
   16f9a:	fec68ce3          	beq	a3,a2,16f92 <__gdtoa+0xe0a>
   16f9e:	0015861b          	addiw	a2,a1,1
   16fa2:	e50ff06f          	j	165f2 <__gdtoa+0x46a>
   16fa6:	008b2583          	lw	a1,8(s6) # ffffffff80000008 <__BSS_END__+0xffffffff7ffe24d0>
   16faa:	8552                	mv	a0,s4
   16fac:	fc3a                	sd	a4,56(sp)
   16fae:	f87a                	sd	t5,48(sp)
   16fb0:	f472                	sd	t3,40(sp)
   16fb2:	f042                	sd	a6,32(sp)
   16fb4:	ec46                	sd	a7,24(sp)
   16fb6:	5e8000ef          	jal	1759e <_Balloc>
   16fba:	87aa                	mv	a5,a0
   16fbc:	be050f63          	beqz	a0,163ba <__gdtoa+0x232>
   16fc0:	014b2603          	lw	a2,20(s6)
   16fc4:	010b0593          	addi	a1,s6,16
   16fc8:	0541                	addi	a0,a0,16
   16fca:	060a                	slli	a2,a2,0x2
   16fcc:	0621                	addi	a2,a2,8
   16fce:	e83e                	sd	a5,16(sp)
   16fd0:	c57fb0ef          	jal	12c26 <memcpy>
   16fd4:	65c2                	ld	a1,16(sp)
   16fd6:	8552                	mv	a0,s4
   16fd8:	4605                	li	a2,1
   16fda:	4a3000ef          	jal	17c7c <__lshift>
   16fde:	68e2                	ld	a7,24(sp)
   16fe0:	7802                	ld	a6,32(sp)
   16fe2:	7e22                	ld	t3,40(sp)
   16fe4:	7f42                	ld	t5,48(sp)
   16fe6:	7762                	ld	a4,56(sp)
   16fe8:	8b2a                	mv	s6,a0
   16fea:	cc051ce3          	bnez	a0,16cc2 <__gdtoa+0xb3a>
   16fee:	74ae                	ld	s1,232(sp)
   16ff0:	bccff06f          	j	163bc <__gdtoa+0x234>
   16ff4:	7fc6                	ld	t6,112(sp)
   16ff6:	edf05063          	blez	t6,166b6 <__gdtoa+0x52e>
   16ffa:	1e81b787          	fld	fa5,488(gp) # 1d520 <__SDATA_BEGIN__+0x48>
   16ffe:	1f01b707          	fld	fa4,496(gp) # 1d528 <__SDATA_BEGIN__+0x50>
   17002:	12f6f7d3          	fmul.d	fa5,fa3,fa5
   17006:	a43a                	fsd	fa4,8(sp)
   17008:	2622                	fld	fa2,8(sp)
   1700a:	1e01b707          	fld	fa4,480(gp) # 1d518 <__SDATA_BEGIN__+0x40>
   1700e:	fcc00337          	lui	t1,0xfcc00
   17012:	55fd                	li	a1,-1
   17014:	72c7f743          	fmadd.d	fa4,fa5,fa2,fa4
   17018:	e2070553          	fmv.x.d	a0,fa4
   1701c:	02051e13          	slli	t3,a0,0x20
   17020:	9101                	srli	a0,a0,0x20
   17022:	0065053b          	addw	a0,a0,t1
   17026:	020e5e13          	srli	t3,t3,0x20
   1702a:	1502                	slli	a0,a0,0x20
   1702c:	00ae6e33          	or	t3,t3,a0
   17030:	d0aff06f          	j	1653a <__gdtoa+0x3b2>
   17034:	85c2                	mv	a1,a6
   17036:	d96ff06f          	j	165cc <__gdtoa+0x444>
   1703a:	03100793          	li	a5,49
   1703e:	2805                	addiw	a6,a6,1
   17040:	00f70023          	sb	a5,0(a4)
   17044:	02000b93          	li	s7,32
   17048:	b46d                	j	16af2 <__gdtoa+0x96a>
   1704a:	f2000753          	fmv.d.x	fa4,zero
   1704e:	0015861b          	addiw	a2,a1,1
   17052:	a2e7a7d3          	feq.d	a5,fa5,fa4
   17056:	0017b793          	seqz	a5,a5
   1705a:	00479b9b          	slliw	s7,a5,0x4
   1705e:	d94ff06f          	j	165f2 <__gdtoa+0x46a>
   17062:	85a2                	mv	a1,s0
   17064:	4605                	li	a2,1
   17066:	8552                	mv	a0,s4
   17068:	fc3a                	sd	a4,56(sp)
   1706a:	e87a                	sd	t5,16(sp)
   1706c:	f83e                	sd	a5,48(sp)
   1706e:	f446                	sd	a7,40(sp)
   17070:	f042                	sd	a6,32(sp)
   17072:	ec76                	sd	t4,24(sp)
   17074:	409000ef          	jal	17c7c <__lshift>
   17078:	842a                	mv	s0,a0
   1707a:	b00508e3          	beqz	a0,16b8a <__gdtoa+0xa02>
   1707e:	65c2                	ld	a1,16(sp)
   17080:	517000ef          	jal	17d96 <__mcmp>
   17084:	6f42                	ld	t5,16(sp)
   17086:	7802                	ld	a6,32(sp)
   17088:	78a2                	ld	a7,40(sp)
   1708a:	77c2                	ld	a5,48(sp)
   1708c:	7762                	ld	a4,56(sp)
   1708e:	e6a042e3          	bgtz	a0,16ef2 <__gdtoa+0xd6a>
   17092:	e511                	bnez	a0,1709e <__gdtoa+0xf16>
   17094:	6ee2                	ld	t4,24(sp)
   17096:	001efe93          	andi	t4,t4,1
   1709a:	e40e9ce3          	bnez	t4,16ef2 <__gdtoa+0xd6a>
   1709e:	4850                	lw	a2,20(s0)
   170a0:	4685                	li	a3,1
   170a2:	4bc1                	li	s7,16
   170a4:	a2c6cfe3          	blt	a3,a2,16ae2 <__gdtoa+0x95a>
   170a8:	4c14                	lw	a3,24(s0)
   170aa:	bc05                	j	16ada <__gdtoa+0x952>
   170ac:	7e42                	ld	t3,48(sp)
   170ae:	6826                	ld	a6,72(sp)
   170b0:	7f02                	ld	t5,32(sp)
   170b2:	6746                	ld	a4,80(sp)
   170b4:	836a                	mv	t1,s10
   170b6:	0c0e0463          	beqz	t3,1717e <__gdtoa+0xff6>
   170ba:	4850                	lw	a2,20(s0)
   170bc:	4785                	li	a5,1
   170be:	14c7d463          	bge	a5,a2,17206 <__gdtoa+0x107e>
   170c2:	4789                	li	a5,2
   170c4:	14fe0763          	beq	t3,a5,17212 <__gdtoa+0x108a>
   170c8:	8aa2                	mv	s5,s0
   170ca:	8c42                	mv	s8,a6
   170cc:	841a                	mv	s0,t1
   170ce:	8bfa                	mv	s7,t5
   170d0:	8d3a                	mv	s10,a4
   170d2:	a821                	j	170ea <__gdtoa+0xf62>
   170d4:	54c000ef          	jal	17620 <__multadd>
   170d8:	85de                	mv	a1,s7
   170da:	8aaa                	mv	s5,a0
   170dc:	0405                	addi	s0,s0,1
   170de:	aa0506e3          	beqz	a0,16b8a <__gdtoa+0xa02>
   170e2:	25c000ef          	jal	1733e <__quorem_D2A>
   170e6:	03050e9b          	addiw	t4,a0,48
   170ea:	85da                	mv	a1,s6
   170ec:	855e                	mv	a0,s7
   170ee:	e876                	sd	t4,16(sp)
   170f0:	4a7000ef          	jal	17d96 <__mcmp>
   170f4:	6ec2                	ld	t4,16(sp)
   170f6:	4681                	li	a3,0
   170f8:	4629                	li	a2,10
   170fa:	10a05e63          	blez	a0,17216 <__gdtoa+0x108e>
   170fe:	85da                	mv	a1,s6
   17100:	01d40023          	sb	t4,0(s0)
   17104:	8552                	mv	a0,s4
   17106:	51a000ef          	jal	17620 <__multadd>
   1710a:	87aa                	mv	a5,a0
   1710c:	84da                	mv	s1,s6
   1710e:	4681                	li	a3,0
   17110:	8b2a                	mv	s6,a0
   17112:	4629                	li	a2,10
   17114:	85d6                	mv	a1,s5
   17116:	8552                	mv	a0,s4
   17118:	a60789e3          	beqz	a5,16b8a <__gdtoa+0xa02>
   1711c:	67a2                	ld	a5,8(sp)
   1711e:	fa979be3          	bne	a5,s1,170d4 <__gdtoa+0xf4c>
   17122:	e45a                	sd	s6,8(sp)
   17124:	bf45                	j	170d4 <__gdtoa+0xf4c>
   17126:	4e01                	li	t3,0
   17128:	da065363          	bgez	a2,166ce <__gdtoa+0x546>
   1712c:	e54ff06f          	j	16780 <__gdtoa+0x5f8>
   17130:	f2000753          	fmv.d.x	fa4,zero
   17134:	879a                	mv	a5,t1
   17136:	a2e7a6d3          	feq.d	a3,fa5,fa4
   1713a:	0016b693          	seqz	a3,a3
   1713e:	00469b9b          	slliw	s7,a3,0x4
   17142:	b5b1                	j	16f8e <__gdtoa+0xe06>
   17144:	863e                	mv	a2,a5
   17146:	03900793          	li	a5,57
   1714a:	6826                	ld	a6,72(sp)
   1714c:	7f02                	ld	t5,32(sp)
   1714e:	6746                	ld	a4,80(sp)
   17150:	836a                	mv	t1,s10
   17152:	d8fd89e3          	beq	s11,a5,16ee4 <__gdtoa+0xd5c>
   17156:	001d879b          	addiw	a5,s11,1
   1715a:	68a2                	ld	a7,8(sp)
   1715c:	00fd0023          	sb	a5,0(s10)
   17160:	834a                	mv	t1,s2
   17162:	e45a                	sd	s6,8(sp)
   17164:	02000b93          	li	s7,32
   17168:	b269                	j	16af2 <__gdtoa+0x96a>
   1716a:	68a2                	ld	a7,8(sp)
   1716c:	6826                	ld	a6,72(sp)
   1716e:	7e42                	ld	t3,48(sp)
   17170:	7f02                	ld	t5,32(sp)
   17172:	6746                	ld	a4,80(sp)
   17174:	e45a                	sd	s6,8(sp)
   17176:	b2b1                	j	16ac2 <__gdtoa+0x93a>
   17178:	78c6                	ld	a7,112(sp)
   1717a:	f1ca                	sd	s2,224(sp)
   1717c:	b8dd                	j	16a72 <__gdtoa+0x8ea>
   1717e:	04d05063          	blez	a3,171be <__gdtoa+0x1036>
   17182:	85a2                	mv	a1,s0
   17184:	4605                	li	a2,1
   17186:	8552                	mv	a0,s4
   17188:	f83a                	sd	a4,48(sp)
   1718a:	e87a                	sd	t5,16(sp)
   1718c:	f41a                	sd	t1,40(sp)
   1718e:	f042                	sd	a6,32(sp)
   17190:	ec76                	sd	t4,24(sp)
   17192:	2eb000ef          	jal	17c7c <__lshift>
   17196:	842a                	mv	s0,a0
   17198:	9e0509e3          	beqz	a0,16b8a <__gdtoa+0xa02>
   1719c:	65c2                	ld	a1,16(sp)
   1719e:	3f9000ef          	jal	17d96 <__mcmp>
   171a2:	6f42                	ld	t5,16(sp)
   171a4:	7802                	ld	a6,32(sp)
   171a6:	7322                	ld	t1,40(sp)
   171a8:	7742                	ld	a4,48(sp)
   171aa:	08a05363          	blez	a0,17230 <__gdtoa+0x10a8>
   171ae:	03900793          	li	a5,57
   171b2:	d2fd87e3          	beq	s11,a5,16ee0 <__gdtoa+0xd58>
   171b6:	03190e9b          	addiw	t4,s2,49
   171ba:	02000e13          	li	t3,32
   171be:	4854                	lw	a3,20(s0)
   171c0:	4785                	li	a5,1
   171c2:	4bc1                	li	s7,16
   171c4:	c0d7cae3          	blt	a5,a3,16dd8 <__gdtoa+0xc50>
   171c8:	4c1c                	lw	a5,24(s0)
   171ca:	c00797e3          	bnez	a5,16dd8 <__gdtoa+0xc50>
   171ce:	8bf2                	mv	s7,t3
   171d0:	b121                	j	16dd8 <__gdtoa+0xc50>
   171d2:	65a6                	ld	a1,72(sp)
   171d4:	fff8869b          	addiw	a3,a7,-1
   171d8:	8636                	mv	a2,a3
   171da:	c2d5c6e3          	blt	a1,a3,16e06 <__gdtoa+0xc7e>
   171de:	40d584bb          	subw	s1,a1,a3
   171e2:	66c2                	ld	a3,16(sp)
   171e4:	01d88ebb          	addw	t4,a7,t4
   171e8:	c746                	sw	a7,140(sp)
   171ea:	011686bb          	addw	a3,a3,a7
   171ee:	ec36                	sd	a3,24(sp)
   171f0:	dd4ff06f          	j	167c4 <__gdtoa+0x63c>
   171f4:	66c2                	ld	a3,16(sp)
   171f6:	c746                	sw	a7,140(sp)
   171f8:	01d88ebb          	addw	t4,a7,t4
   171fc:	011686bb          	addw	a3,a3,a7
   17200:	ec36                	sd	a3,24(sp)
   17202:	dc2ff06f          	j	167c4 <__gdtoa+0x63c>
   17206:	4c1c                	lw	a5,24(s0)
   17208:	ea079de3          	bnez	a5,170c2 <__gdtoa+0xf3a>
   1720c:	f6d04be3          	bgtz	a3,17182 <__gdtoa+0xffa>
   17210:	b6e1                	j	16dd8 <__gdtoa+0xc50>
   17212:	4bc1                	li	s7,16
   17214:	b6d1                	j	16dd8 <__gdtoa+0xc50>
   17216:	03900793          	li	a5,57
   1721a:	8322                	mv	t1,s0
   1721c:	8862                	mv	a6,s8
   1721e:	8456                	mv	s0,s5
   17220:	8f5e                	mv	t5,s7
   17222:	876a                	mv	a4,s10
   17224:	cafe8ee3          	beq	t4,a5,16ee0 <__gdtoa+0xd58>
   17228:	2e85                	addiw	t4,t4,1
   1722a:	02000b93          	li	s7,32
   1722e:	b66d                	j	16dd8 <__gdtoa+0xc50>
   17230:	6ee2                	ld	t4,24(sp)
   17232:	e501                	bnez	a0,1723a <__gdtoa+0x10b2>
   17234:	001df793          	andi	a5,s11,1
   17238:	fbbd                	bnez	a5,171ae <__gdtoa+0x1026>
   1723a:	02000e13          	li	t3,32
   1723e:	b741                	j	171be <__gdtoa+0x1036>
   17240:	790e                	ld	s2,224(sp)
   17242:	0018061b          	addiw	a2,a6,1
   17246:	bacff06f          	j	165f2 <__gdtoa+0x46a>
   1724a:	4854                	lw	a3,20(s0)
   1724c:	4785                	li	a5,1
   1724e:	4bc1                	li	s7,16
   17250:	b8d7c4e3          	blt	a5,a3,16dd8 <__gdtoa+0xc50>
   17254:	4c1c                	lw	a5,24(s0)
   17256:	00f037b3          	snez	a5,a5
   1725a:	00479b9b          	slliw	s7,a5,0x4
   1725e:	bead                	j	16dd8 <__gdtoa+0xc50>

0000000000017260 <__rv_alloc_D2A.part.0>:
   17260:	66ed                	lui	a3,0x1b
   17262:	656d                	lui	a0,0x1b
   17264:	1141                	addi	sp,sp,-16
   17266:	21868693          	addi	a3,a3,536 # 1b218 <__clzdi2+0x2ae>
   1726a:	23050513          	addi	a0,a0,560 # 1b230 <__clzdi2+0x2c6>
   1726e:	4601                	li	a2,0
   17270:	03900593          	li	a1,57
   17274:	e406                	sd	ra,8(sp)
   17276:	688010ef          	jal	188fe <__assert_func>

000000000001727a <__rv_alloc_D2A>:
   1727a:	1141                	addi	sp,sp,-16
   1727c:	e022                	sd	s0,0(sp)
   1727e:	e406                	sd	ra,8(sp)
   17280:	46fd                	li	a3,31
   17282:	842a                	mv	s0,a0
   17284:	4705                	li	a4,1
   17286:	4791                	li	a5,4
   17288:	02b6f563          	bgeu	a3,a1,172b2 <__rv_alloc_D2A+0x38>
   1728c:	0017979b          	slliw	a5,a5,0x1
   17290:	01c78693          	addi	a3,a5,28
   17294:	863a                	mv	a2,a4
   17296:	2705                	addiw	a4,a4,1
   17298:	fed5fae3          	bgeu	a1,a3,1728c <__rv_alloc_D2A+0x12>
   1729c:	85b2                	mv	a1,a2
   1729e:	cc30                	sw	a2,88(s0)
   172a0:	8522                	mv	a0,s0
   172a2:	2fc000ef          	jal	1759e <_Balloc>
   172a6:	c911                	beqz	a0,172ba <__rv_alloc_D2A+0x40>
   172a8:	60a2                	ld	ra,8(sp)
   172aa:	e828                	sd	a0,80(s0)
   172ac:	6402                	ld	s0,0(sp)
   172ae:	0141                	addi	sp,sp,16
   172b0:	8082                	ret
   172b2:	04052c23          	sw	zero,88(a0)
   172b6:	4581                	li	a1,0
   172b8:	b7e5                	j	172a0 <__rv_alloc_D2A+0x26>
   172ba:	fa7ff0ef          	jal	17260 <__rv_alloc_D2A.part.0>

00000000000172be <__nrv_alloc_D2A>:
   172be:	7179                	addi	sp,sp,-48
   172c0:	f022                	sd	s0,32(sp)
   172c2:	ec26                	sd	s1,24(sp)
   172c4:	f406                	sd	ra,40(sp)
   172c6:	487d                	li	a6,31
   172c8:	84aa                	mv	s1,a0
   172ca:	842e                	mv	s0,a1
   172cc:	4705                	li	a4,1
   172ce:	4791                	li	a5,4
   172d0:	04d87863          	bgeu	a6,a3,17320 <__nrv_alloc_D2A+0x62>
   172d4:	0017979b          	slliw	a5,a5,0x1
   172d8:	01c78513          	addi	a0,a5,28
   172dc:	85ba                	mv	a1,a4
   172de:	2705                	addiw	a4,a4,1
   172e0:	fea6fae3          	bgeu	a3,a0,172d4 <__nrv_alloc_D2A+0x16>
   172e4:	ccac                	sw	a1,88(s1)
   172e6:	8526                	mv	a0,s1
   172e8:	e432                	sd	a2,8(sp)
   172ea:	2b4000ef          	jal	1759e <_Balloc>
   172ee:	6622                	ld	a2,8(sp)
   172f0:	cd15                	beqz	a0,1732c <__nrv_alloc_D2A+0x6e>
   172f2:	e8a8                	sd	a0,80(s1)
   172f4:	00044783          	lbu	a5,0(s0)
   172f8:	00f50023          	sb	a5,0(a0)
   172fc:	c795                	beqz	a5,17328 <__nrv_alloc_D2A+0x6a>
   172fe:	00140593          	addi	a1,s0,1
   17302:	87aa                	mv	a5,a0
   17304:	0005c703          	lbu	a4,0(a1)
   17308:	0585                	addi	a1,a1,1
   1730a:	0785                	addi	a5,a5,1
   1730c:	00e78023          	sb	a4,0(a5)
   17310:	fb75                	bnez	a4,17304 <__nrv_alloc_D2A+0x46>
   17312:	c211                	beqz	a2,17316 <__nrv_alloc_D2A+0x58>
   17314:	e21c                	sd	a5,0(a2)
   17316:	70a2                	ld	ra,40(sp)
   17318:	7402                	ld	s0,32(sp)
   1731a:	64e2                	ld	s1,24(sp)
   1731c:	6145                	addi	sp,sp,48
   1731e:	8082                	ret
   17320:	04052c23          	sw	zero,88(a0)
   17324:	4581                	li	a1,0
   17326:	b7c1                	j	172e6 <__nrv_alloc_D2A+0x28>
   17328:	87aa                	mv	a5,a0
   1732a:	b7e5                	j	17312 <__nrv_alloc_D2A+0x54>
   1732c:	f35ff0ef          	jal	17260 <__rv_alloc_D2A.part.0>

0000000000017330 <__freedtoa>:
   17330:	4d38                	lw	a4,88(a0)
   17332:	4785                	li	a5,1
   17334:	00e797bb          	sllw	a5,a5,a4
   17338:	c5dc                	sw	a5,12(a1)
   1733a:	c598                	sw	a4,8(a1)
   1733c:	acc9                	j	1760e <_Bfree>

000000000001733e <__quorem_D2A>:
   1733e:	0145a803          	lw	a6,20(a1)
   17342:	495c                	lw	a5,20(a0)
   17344:	1707c763          	blt	a5,a6,174b2 <__quorem_D2A+0x174>
   17348:	387d                	addiw	a6,a6,-1
   1734a:	00281393          	slli	t2,a6,0x2
   1734e:	01858613          	addi	a2,a1,24
   17352:	007608b3          	add	a7,a2,t2
   17356:	01850313          	addi	t1,a0,24
   1735a:	0008a783          	lw	a5,0(a7)
   1735e:	939a                	add	t2,t2,t1
   17360:	0003a703          	lw	a4,0(t2)
   17364:	2785                	addiw	a5,a5,1
   17366:	715d                	addi	sp,sp,-80
   17368:	02f752bb          	divuw	t0,a4,a5
   1736c:	e486                	sd	ra,72(sp)
   1736e:	e0a2                	sd	s0,64(sp)
   17370:	8e16                	mv	t3,t0
   17372:	0af76063          	bltu	a4,a5,17412 <__quorem_D2A+0xd4>
   17376:	fc26                	sd	s1,56(sp)
   17378:	8fb2                	mv	t6,a2
   1737a:	8f1a                	mv	t5,t1
   1737c:	4481                	li	s1,0
   1737e:	4401                	li	s0,0
   17380:	000fa703          	lw	a4,0(t6)
   17384:	000f2683          	lw	a3,0(t5)
   17388:	0f11                	addi	t5,t5,4
   1738a:	03071793          	slli	a5,a4,0x30
   1738e:	93c1                	srli	a5,a5,0x30
   17390:	025787bb          	mulw	a5,a5,t0
   17394:	0107571b          	srliw	a4,a4,0x10
   17398:	0f91                	addi	t6,t6,4
   1739a:	02570ebb          	mulw	t4,a4,t0
   1739e:	9fa5                	addw	a5,a5,s1
   173a0:	03069713          	slli	a4,a3,0x30
   173a4:	03079493          	slli	s1,a5,0x30
   173a8:	90c1                	srli	s1,s1,0x30
   173aa:	9341                	srli	a4,a4,0x30
   173ac:	9f05                	subw	a4,a4,s1
   173ae:	0107d79b          	srliw	a5,a5,0x10
   173b2:	9f01                	subw	a4,a4,s0
   173b4:	02f71493          	slli	s1,a4,0x2f
   173b8:	01d787bb          	addw	a5,a5,t4
   173bc:	03079413          	slli	s0,a5,0x30
   173c0:	9041                	srli	s0,s0,0x30
   173c2:	03f4de93          	srli	t4,s1,0x3f
   173c6:	9ea2                	add	t4,t4,s0
   173c8:	0106d69b          	srliw	a3,a3,0x10
   173cc:	41d686bb          	subw	a3,a3,t4
   173d0:	1742                	slli	a4,a4,0x30
   173d2:	01069e9b          	slliw	t4,a3,0x10
   173d6:	9341                	srli	a4,a4,0x30
   173d8:	00eee733          	or	a4,t4,a4
   173dc:	0106d69b          	srliw	a3,a3,0x10
   173e0:	feef2e23          	sw	a4,-4(t5)
   173e4:	0107d49b          	srliw	s1,a5,0x10
   173e8:	0016f413          	andi	s0,a3,1
   173ec:	f9f8fae3          	bgeu	a7,t6,17380 <__quorem_D2A+0x42>
   173f0:	0003a783          	lw	a5,0(t2)
   173f4:	e3e9                	bnez	a5,174b6 <__quorem_D2A+0x178>
   173f6:	13f1                	addi	t2,t2,-4
   173f8:	00736663          	bltu	t1,t2,17404 <__quorem_D2A+0xc6>
   173fc:	a801                	j	1740c <__quorem_D2A+0xce>
   173fe:	387d                	addiw	a6,a6,-1
   17400:	00737663          	bgeu	t1,t2,1740c <__quorem_D2A+0xce>
   17404:	0003a783          	lw	a5,0(t2)
   17408:	13f1                	addi	t2,t2,-4
   1740a:	dbf5                	beqz	a5,173fe <__quorem_D2A+0xc0>
   1740c:	74e2                	ld	s1,56(sp)
   1740e:	01052a23          	sw	a6,20(a0)
   17412:	e072                	sd	t3,0(sp)
   17414:	f416                	sd	t0,40(sp)
   17416:	f01a                	sd	t1,32(sp)
   17418:	ec46                	sd	a7,24(sp)
   1741a:	e832                	sd	a2,16(sp)
   1741c:	e442                	sd	a6,8(sp)
   1741e:	842a                	mv	s0,a0
   17420:	177000ef          	jal	17d96 <__mcmp>
   17424:	6e02                	ld	t3,0(sp)
   17426:	08054163          	bltz	a0,174a8 <__quorem_D2A+0x16a>
   1742a:	72a2                	ld	t0,40(sp)
   1742c:	7302                	ld	t1,32(sp)
   1742e:	68e2                	ld	a7,24(sp)
   17430:	6642                	ld	a2,16(sp)
   17432:	6822                	ld	a6,8(sp)
   17434:	00128e1b          	addiw	t3,t0,1
   17438:	859a                	mv	a1,t1
   1743a:	4501                	li	a0,0
   1743c:	419c                	lw	a5,0(a1)
   1743e:	4214                	lw	a3,0(a2)
   17440:	0591                	addi	a1,a1,4
   17442:	03079713          	slli	a4,a5,0x30
   17446:	03069e93          	slli	t4,a3,0x30
   1744a:	030ede93          	srli	t4,t4,0x30
   1744e:	9341                	srli	a4,a4,0x30
   17450:	41d7073b          	subw	a4,a4,t4
   17454:	9f09                	subw	a4,a4,a0
   17456:	02f71e93          	slli	t4,a4,0x2f
   1745a:	03fed513          	srli	a0,t4,0x3f
   1745e:	0106d69b          	srliw	a3,a3,0x10
   17462:	96aa                	add	a3,a3,a0
   17464:	0107d79b          	srliw	a5,a5,0x10
   17468:	9f95                	subw	a5,a5,a3
   1746a:	1742                	slli	a4,a4,0x30
   1746c:	0107969b          	slliw	a3,a5,0x10
   17470:	9341                	srli	a4,a4,0x30
   17472:	8f55                	or	a4,a4,a3
   17474:	0611                	addi	a2,a2,4
   17476:	0107d79b          	srliw	a5,a5,0x10
   1747a:	fee5ae23          	sw	a4,-4(a1)
   1747e:	0017f513          	andi	a0,a5,1
   17482:	fac8fde3          	bgeu	a7,a2,1743c <__quorem_D2A+0xfe>
   17486:	00281793          	slli	a5,a6,0x2
   1748a:	979a                	add	a5,a5,t1
   1748c:	4398                	lw	a4,0(a5)
   1748e:	ef09                	bnez	a4,174a8 <__quorem_D2A+0x16a>
   17490:	17f1                	addi	a5,a5,-4
   17492:	00f36663          	bltu	t1,a5,1749e <__quorem_D2A+0x160>
   17496:	a039                	j	174a4 <__quorem_D2A+0x166>
   17498:	387d                	addiw	a6,a6,-1
   1749a:	00f37563          	bgeu	t1,a5,174a4 <__quorem_D2A+0x166>
   1749e:	4398                	lw	a4,0(a5)
   174a0:	17f1                	addi	a5,a5,-4
   174a2:	db7d                	beqz	a4,17498 <__quorem_D2A+0x15a>
   174a4:	01042a23          	sw	a6,20(s0)
   174a8:	60a6                	ld	ra,72(sp)
   174aa:	6406                	ld	s0,64(sp)
   174ac:	8572                	mv	a0,t3
   174ae:	6161                	addi	sp,sp,80
   174b0:	8082                	ret
   174b2:	4501                	li	a0,0
   174b4:	8082                	ret
   174b6:	74e2                	ld	s1,56(sp)
   174b8:	bfa9                	j	17412 <__quorem_D2A+0xd4>

00000000000174ba <__rshift_D2A>:
   174ba:	4954                	lw	a3,20(a0)
   174bc:	4055d31b          	sraiw	t1,a1,0x5
   174c0:	00d34763          	blt	t1,a3,174ce <__rshift_D2A+0x14>
   174c4:	00052a23          	sw	zero,20(a0)
   174c8:	00052c23          	sw	zero,24(a0)
   174cc:	8082                	ret
   174ce:	01850e13          	addi	t3,a0,24
   174d2:	00269813          	slli	a6,a3,0x2
   174d6:	00231793          	slli	a5,t1,0x2
   174da:	89fd                	andi	a1,a1,31
   174dc:	9872                	add	a6,a6,t3
   174de:	97f2                	add	a5,a5,t3
   174e0:	c5a9                	beqz	a1,1752a <__rshift_D2A+0x70>
   174e2:	4390                	lw	a2,0(a5)
   174e4:	0791                	addi	a5,a5,4
   174e6:	00b6563b          	srlw	a2,a2,a1
   174ea:	0707f563          	bgeu	a5,a6,17554 <__rshift_D2A+0x9a>
   174ee:	02000e93          	li	t4,32
   174f2:	40be8ebb          	subw	t4,t4,a1
   174f6:	88f2                	mv	a7,t3
   174f8:	4398                	lw	a4,0(a5)
   174fa:	0891                	addi	a7,a7,4
   174fc:	0791                	addi	a5,a5,4
   174fe:	01d7173b          	sllw	a4,a4,t4
   17502:	8f51                	or	a4,a4,a2
   17504:	fee8ae23          	sw	a4,-4(a7)
   17508:	ffc7a603          	lw	a2,-4(a5)
   1750c:	00b6563b          	srlw	a2,a2,a1
   17510:	ff07e4e3          	bltu	a5,a6,174f8 <__rshift_D2A+0x3e>
   17514:	406687b3          	sub	a5,a3,t1
   17518:	078a                	slli	a5,a5,0x2
   1751a:	17e1                	addi	a5,a5,-8
   1751c:	004e0713          	addi	a4,t3,4
   17520:	97ba                	add	a5,a5,a4
   17522:	c390                	sw	a2,0(a5)
   17524:	c20d                	beqz	a2,17546 <__rshift_D2A+0x8c>
   17526:	0791                	addi	a5,a5,4
   17528:	a839                	j	17546 <__rshift_D2A+0x8c>
   1752a:	8772                	mv	a4,t3
   1752c:	f907fce3          	bgeu	a5,a6,174c4 <__rshift_D2A+0xa>
   17530:	4390                	lw	a2,0(a5)
   17532:	0791                	addi	a5,a5,4
   17534:	0711                	addi	a4,a4,4
   17536:	fec72e23          	sw	a2,-4(a4)
   1753a:	ff07ebe3          	bltu	a5,a6,17530 <__rshift_D2A+0x76>
   1753e:	406687b3          	sub	a5,a3,t1
   17542:	078a                	slli	a5,a5,0x2
   17544:	97f2                	add	a5,a5,t3
   17546:	41c787b3          	sub	a5,a5,t3
   1754a:	8789                	srai	a5,a5,0x2
   1754c:	2781                	sext.w	a5,a5
   1754e:	c95c                	sw	a5,20(a0)
   17550:	dfa5                	beqz	a5,174c8 <__rshift_D2A+0xe>
   17552:	8082                	ret
   17554:	cd10                	sw	a2,24(a0)
   17556:	87f2                	mv	a5,t3
   17558:	d635                	beqz	a2,174c4 <__rshift_D2A+0xa>
   1755a:	0791                	addi	a5,a5,4
   1755c:	b7ed                	j	17546 <__rshift_D2A+0x8c>

000000000001755e <__trailz_D2A>:
   1755e:	4954                	lw	a3,20(a0)
   17560:	0561                	addi	a0,a0,24
   17562:	4781                	li	a5,0
   17564:	068a                	slli	a3,a3,0x2
   17566:	96aa                	add	a3,a3,a0
   17568:	00d56863          	bltu	a0,a3,17578 <__trailz_D2A+0x1a>
   1756c:	a03d                	j	1759a <__trailz_D2A+0x3c>
   1756e:	0511                	addi	a0,a0,4
   17570:	0207879b          	addiw	a5,a5,32
   17574:	02d57363          	bgeu	a0,a3,1759a <__trailz_D2A+0x3c>
   17578:	4118                	lw	a4,0(a0)
   1757a:	db75                	beqz	a4,1756e <__trailz_D2A+0x10>
   1757c:	00d57f63          	bgeu	a0,a3,1759a <__trailz_D2A+0x3c>
   17580:	7179                	addi	sp,sp,-48
   17582:	0868                	addi	a0,sp,28
   17584:	f406                	sd	ra,40(sp)
   17586:	e43e                	sd	a5,8(sp)
   17588:	ce3a                	sw	a4,28(sp)
   1758a:	2da000ef          	jal	17864 <__lo0bits>
   1758e:	67a2                	ld	a5,8(sp)
   17590:	70a2                	ld	ra,40(sp)
   17592:	9fa9                	addw	a5,a5,a0
   17594:	853e                	mv	a0,a5
   17596:	6145                	addi	sp,sp,48
   17598:	8082                	ret
   1759a:	853e                	mv	a0,a5
   1759c:	8082                	ret

000000000001759e <_Balloc>:
   1759e:	753c                	ld	a5,104(a0)
   175a0:	1101                	addi	sp,sp,-32
   175a2:	ec06                	sd	ra,24(sp)
   175a4:	872a                	mv	a4,a0
   175a6:	86ae                	mv	a3,a1
   175a8:	c39d                	beqz	a5,175ce <_Balloc+0x30>
   175aa:	00369613          	slli	a2,a3,0x3
   175ae:	97b2                	add	a5,a5,a2
   175b0:	6388                	ld	a0,0(a5)
   175b2:	cd05                	beqz	a0,175ea <_Balloc+0x4c>
   175b4:	6118                	ld	a4,0(a0)
   175b6:	e398                	sd	a4,0(a5)
   175b8:	cd717057          	vsetivli	zero,2,e32,mf2,ta,ma
   175bc:	5e0030d7          	vmv.v.i	v1,0
   175c0:	01050793          	addi	a5,a0,16
   175c4:	0207e0a7          	vse32.v	v1,(a5)
   175c8:	60e2                	ld	ra,24(sp)
   175ca:	6105                	addi	sp,sp,32
   175cc:	8082                	ret
   175ce:	e42e                	sd	a1,8(sp)
   175d0:	04100613          	li	a2,65
   175d4:	45a1                	li	a1,8
   175d6:	e02a                	sd	a0,0(sp)
   175d8:	f9cf90ef          	jal	10d74 <_calloc_r>
   175dc:	6702                	ld	a4,0(sp)
   175de:	66a2                	ld	a3,8(sp)
   175e0:	87aa                	mv	a5,a0
   175e2:	f728                	sd	a0,104(a4)
   175e4:	f179                	bnez	a0,175aa <_Balloc+0xc>
   175e6:	4501                	li	a0,0
   175e8:	b7c5                	j	175c8 <_Balloc+0x2a>
   175ea:	4785                	li	a5,1
   175ec:	00d797bb          	sllw	a5,a5,a3
   175f0:	00279613          	slli	a2,a5,0x2
   175f4:	853a                	mv	a0,a4
   175f6:	0671                	addi	a2,a2,28
   175f8:	4585                	li	a1,1
   175fa:	e436                	sd	a3,8(sp)
   175fc:	e03e                	sd	a5,0(sp)
   175fe:	f76f90ef          	jal	10d74 <_calloc_r>
   17602:	d175                	beqz	a0,175e6 <_Balloc+0x48>
   17604:	66a2                	ld	a3,8(sp)
   17606:	6782                	ld	a5,0(sp)
   17608:	c514                	sw	a3,8(a0)
   1760a:	c55c                	sw	a5,12(a0)
   1760c:	b775                	j	175b8 <_Balloc+0x1a>

000000000001760e <_Bfree>:
   1760e:	c981                	beqz	a1,1761e <_Bfree+0x10>
   17610:	4598                	lw	a4,8(a1)
   17612:	753c                	ld	a5,104(a0)
   17614:	070e                	slli	a4,a4,0x3
   17616:	97ba                	add	a5,a5,a4
   17618:	6398                	ld	a4,0(a5)
   1761a:	e198                	sd	a4,0(a1)
   1761c:	e38c                	sd	a1,0(a5)
   1761e:	8082                	ret

0000000000017620 <__multadd>:
   17620:	0145a303          	lw	t1,20(a1)
   17624:	8e2e                	mv	t3,a1
   17626:	8736                	mv	a4,a3
   17628:	01858813          	addi	a6,a1,24
   1762c:	4881                	li	a7,0
   1762e:	00082783          	lw	a5,0(a6)
   17632:	0811                	addi	a6,a6,4
   17634:	2885                	addiw	a7,a7,1
   17636:	03079693          	slli	a3,a5,0x30
   1763a:	92c1                	srli	a3,a3,0x30
   1763c:	02c686bb          	mulw	a3,a3,a2
   17640:	0107d79b          	srliw	a5,a5,0x10
   17644:	02c787bb          	mulw	a5,a5,a2
   17648:	9eb9                	addw	a3,a3,a4
   1764a:	0106d71b          	srliw	a4,a3,0x10
   1764e:	16c2                	slli	a3,a3,0x30
   17650:	92c1                	srli	a3,a3,0x30
   17652:	9fb9                	addw	a5,a5,a4
   17654:	0107971b          	slliw	a4,a5,0x10
   17658:	9f35                	addw	a4,a4,a3
   1765a:	fee82e23          	sw	a4,-4(a6)
   1765e:	0107d71b          	srliw	a4,a5,0x10
   17662:	fc68c6e3          	blt	a7,t1,1762e <__multadd+0xe>
   17666:	cf09                	beqz	a4,17680 <__multadd+0x60>
   17668:	00ce2783          	lw	a5,12(t3)
   1766c:	00f35c63          	bge	t1,a5,17684 <__multadd+0x64>
   17670:	00231693          	slli	a3,t1,0x2
   17674:	96f2                	add	a3,a3,t3
   17676:	ce98                	sw	a4,24(a3)
   17678:	0013079b          	addiw	a5,t1,1 # fffffffffcc00001 <__BSS_END__+0xfffffffffcbe24c9>
   1767c:	00fe2a23          	sw	a5,20(t3)
   17680:	8572                	mv	a0,t3
   17682:	8082                	ret
   17684:	008e2583          	lw	a1,8(t3)
   17688:	7179                	addi	sp,sp,-48
   1768a:	f022                	sd	s0,32(sp)
   1768c:	2585                	addiw	a1,a1,1
   1768e:	e83a                	sd	a4,16(sp)
   17690:	e41a                	sd	t1,8(sp)
   17692:	e072                	sd	t3,0(sp)
   17694:	f406                	sd	ra,40(sp)
   17696:	842a                	mv	s0,a0
   17698:	f07ff0ef          	jal	1759e <_Balloc>
   1769c:	6e02                	ld	t3,0(sp)
   1769e:	6322                	ld	t1,8(sp)
   176a0:	6742                	ld	a4,16(sp)
   176a2:	86aa                	mv	a3,a0
   176a4:	c929                	beqz	a0,176f6 <__multadd+0xd6>
   176a6:	014e2603          	lw	a2,20(t3)
   176aa:	010e0593          	addi	a1,t3,16
   176ae:	0541                	addi	a0,a0,16
   176b0:	060a                	slli	a2,a2,0x2
   176b2:	0621                	addi	a2,a2,8
   176b4:	ec3a                	sd	a4,24(sp)
   176b6:	e81a                	sd	t1,16(sp)
   176b8:	e472                	sd	t3,8(sp)
   176ba:	e036                	sd	a3,0(sp)
   176bc:	d6afb0ef          	jal	12c26 <memcpy>
   176c0:	6e22                	ld	t3,8(sp)
   176c2:	743c                	ld	a5,104(s0)
   176c4:	6342                	ld	t1,16(sp)
   176c6:	008e2603          	lw	a2,8(t3)
   176ca:	6762                	ld	a4,24(sp)
   176cc:	00231693          	slli	a3,t1,0x2
   176d0:	060e                	slli	a2,a2,0x3
   176d2:	97b2                	add	a5,a5,a2
   176d4:	6390                	ld	a2,0(a5)
   176d6:	70a2                	ld	ra,40(sp)
   176d8:	7402                	ld	s0,32(sp)
   176da:	00ce3023          	sd	a2,0(t3)
   176de:	01c7b023          	sd	t3,0(a5)
   176e2:	6e02                	ld	t3,0(sp)
   176e4:	0013079b          	addiw	a5,t1,1
   176e8:	96f2                	add	a3,a3,t3
   176ea:	ce98                	sw	a4,24(a3)
   176ec:	00fe2a23          	sw	a5,20(t3)
   176f0:	8572                	mv	a0,t3
   176f2:	6145                	addi	sp,sp,48
   176f4:	8082                	ret
   176f6:	66ed                	lui	a3,0x1b
   176f8:	656d                	lui	a0,0x1b
   176fa:	21868693          	addi	a3,a3,536 # 1b218 <__clzdi2+0x2ae>
   176fe:	27850513          	addi	a0,a0,632 # 1b278 <__clzdi2+0x30e>
   17702:	4601                	li	a2,0
   17704:	0ba00593          	li	a1,186
   17708:	1f6010ef          	jal	188fe <__assert_func>

000000000001770c <__s2b>:
   1770c:	7139                	addi	sp,sp,-64
   1770e:	f822                	sd	s0,48(sp)
   17710:	f04a                	sd	s2,32(sp)
   17712:	ec4e                	sd	s3,24(sp)
   17714:	e852                	sd	s4,16(sp)
   17716:	e456                	sd	s5,8(sp)
   17718:	fc06                	sd	ra,56(sp)
   1771a:	47a5                	li	a5,9
   1771c:	89b6                	mv	s3,a3
   1771e:	8a32                	mv	s4,a2
   17720:	892a                	mv	s2,a0
   17722:	8aae                	mv	s5,a1
   17724:	843a                	mv	s0,a4
   17726:	0ad7dd63          	bge	a5,a3,177e0 <__s2b+0xd4>
   1772a:	26a1                	addiw	a3,a3,8
   1772c:	1682                	slli	a3,a3,0x20
   1772e:	38e397b7          	lui	a5,0x38e39
   17732:	e3978793          	addi	a5,a5,-455 # 38e38e39 <__BSS_END__+0x38e1b301>
   17736:	9281                	srli	a3,a3,0x20
   17738:	02f686b3          	mul	a3,a3,a5
   1773c:	4581                	li	a1,0
   1773e:	4785                	li	a5,1
   17740:	9285                	srli	a3,a3,0x21
   17742:	0017979b          	slliw	a5,a5,0x1
   17746:	2585                	addiw	a1,a1,1
   17748:	fed7cde3          	blt	a5,a3,17742 <__s2b+0x36>
   1774c:	854a                	mv	a0,s2
   1774e:	e51ff0ef          	jal	1759e <_Balloc>
   17752:	f426                	sd	s1,40(sp)
   17754:	85aa                	mv	a1,a0
   17756:	c559                	beqz	a0,177e4 <__s2b+0xd8>
   17758:	4785                	li	a5,1
   1775a:	c95c                	sw	a5,20(a0)
   1775c:	cd00                	sw	s0,24(a0)
   1775e:	47a5                	li	a5,9
   17760:	0747dc63          	bge	a5,s4,177d8 <__s2b+0xcc>
   17764:	ff6a071b          	addiw	a4,s4,-10
   17768:	020a1793          	slli	a5,s4,0x20
   1776c:	009a8413          	addi	s0,s5,9
   17770:	e05a                	sd	s6,0(sp)
   17772:	9381                	srli	a5,a5,0x20
   17774:	02071b13          	slli	s6,a4,0x20
   17778:	020b5b13          	srli	s6,s6,0x20
   1777c:	9abe                	add	s5,s5,a5
   1777e:	84a2                	mv	s1,s0
   17780:	0004c683          	lbu	a3,0(s1)
   17784:	4629                	li	a2,10
   17786:	854a                	mv	a0,s2
   17788:	fd06869b          	addiw	a3,a3,-48
   1778c:	0485                	addi	s1,s1,1
   1778e:	e93ff0ef          	jal	17620 <__multadd>
   17792:	85aa                	mv	a1,a0
   17794:	ff5496e3          	bne	s1,s5,17780 <__s2b+0x74>
   17798:	945a                	add	s0,s0,s6
   1779a:	6b02                	ld	s6,0(sp)
   1779c:	0409                	addi	s0,s0,2
   1779e:	033a5363          	bge	s4,s3,177c4 <__s2b+0xb8>
   177a2:	414984bb          	subw	s1,s3,s4
   177a6:	1482                	slli	s1,s1,0x20
   177a8:	9081                	srli	s1,s1,0x20
   177aa:	94a2                	add	s1,s1,s0
   177ac:	00044683          	lbu	a3,0(s0)
   177b0:	4629                	li	a2,10
   177b2:	854a                	mv	a0,s2
   177b4:	fd06869b          	addiw	a3,a3,-48
   177b8:	0405                	addi	s0,s0,1
   177ba:	e67ff0ef          	jal	17620 <__multadd>
   177be:	85aa                	mv	a1,a0
   177c0:	fe9416e3          	bne	s0,s1,177ac <__s2b+0xa0>
   177c4:	70e2                	ld	ra,56(sp)
   177c6:	7442                	ld	s0,48(sp)
   177c8:	74a2                	ld	s1,40(sp)
   177ca:	7902                	ld	s2,32(sp)
   177cc:	69e2                	ld	s3,24(sp)
   177ce:	6a42                	ld	s4,16(sp)
   177d0:	6aa2                	ld	s5,8(sp)
   177d2:	852e                	mv	a0,a1
   177d4:	6121                	addi	sp,sp,64
   177d6:	8082                	ret
   177d8:	00aa8413          	addi	s0,s5,10
   177dc:	8a3e                	mv	s4,a5
   177de:	b7c1                	j	1779e <__s2b+0x92>
   177e0:	4581                	li	a1,0
   177e2:	b7ad                	j	1774c <__s2b+0x40>
   177e4:	66ed                	lui	a3,0x1b
   177e6:	656d                	lui	a0,0x1b
   177e8:	21868693          	addi	a3,a3,536 # 1b218 <__clzdi2+0x2ae>
   177ec:	27850513          	addi	a0,a0,632 # 1b278 <__clzdi2+0x30e>
   177f0:	4601                	li	a2,0
   177f2:	0d300593          	li	a1,211
   177f6:	e05a                	sd	s6,0(sp)
   177f8:	106010ef          	jal	188fe <__assert_func>

00000000000177fc <__hi0bits>:
   177fc:	87aa                	mv	a5,a0
   177fe:	6741                	lui	a4,0x10
   17800:	4501                	li	a0,0
   17802:	00e7f563          	bgeu	a5,a4,1780c <__hi0bits+0x10>
   17806:	0107979b          	slliw	a5,a5,0x10
   1780a:	4541                	li	a0,16
   1780c:	01000737          	lui	a4,0x1000
   17810:	00e7f563          	bgeu	a5,a4,1781a <__hi0bits+0x1e>
   17814:	2521                	addiw	a0,a0,8
   17816:	0087979b          	slliw	a5,a5,0x8
   1781a:	10000737          	lui	a4,0x10000
   1781e:	00e7ec63          	bltu	a5,a4,17836 <__hi0bits+0x3a>
   17822:	40000737          	lui	a4,0x40000
   17826:	02e7f863          	bgeu	a5,a4,17856 <__hi0bits+0x5a>
   1782a:	02279713          	slli	a4,a5,0x22
   1782e:	02074963          	bltz	a4,17860 <__hi0bits+0x64>
   17832:	250d                	addiw	a0,a0,3
   17834:	8082                	ret
   17836:	0047971b          	slliw	a4,a5,0x4
   1783a:	400006b7          	lui	a3,0x40000
   1783e:	2511                	addiw	a0,a0,4
   17840:	00d77c63          	bgeu	a4,a3,17858 <__hi0bits+0x5c>
   17844:	0067979b          	slliw	a5,a5,0x6
   17848:	0007cc63          	bltz	a5,17860 <__hi0bits+0x64>
   1784c:	8ff5                	and	a5,a5,a3
   1784e:	f3f5                	bnez	a5,17832 <__hi0bits+0x36>
   17850:	02000513          	li	a0,32
   17854:	8082                	ret
   17856:	873e                	mv	a4,a5
   17858:	fe074ee3          	bltz	a4,17854 <__hi0bits+0x58>
   1785c:	2505                	addiw	a0,a0,1
   1785e:	8082                	ret
   17860:	2509                	addiw	a0,a0,2
   17862:	8082                	ret

0000000000017864 <__lo0bits>:
   17864:	411c                	lw	a5,0(a0)
   17866:	0077f713          	andi	a4,a5,7
   1786a:	86be                	mv	a3,a5
   1786c:	cf11                	beqz	a4,17888 <__lo0bits+0x24>
   1786e:	0017f693          	andi	a3,a5,1
   17872:	4701                	li	a4,0
   17874:	ea81                	bnez	a3,17884 <__lo0bits+0x20>
   17876:	0027f713          	andi	a4,a5,2
   1787a:	cf3d                	beqz	a4,178f8 <__lo0bits+0x94>
   1787c:	0017d79b          	srliw	a5,a5,0x1
   17880:	c11c                	sw	a5,0(a0)
   17882:	4705                	li	a4,1
   17884:	853a                	mv	a0,a4
   17886:	8082                	ret
   17888:	03079713          	slli	a4,a5,0x30
   1788c:	9341                	srli	a4,a4,0x30
   1788e:	eb0d                	bnez	a4,178c0 <__lo0bits+0x5c>
   17890:	0107d79b          	srliw	a5,a5,0x10
   17894:	0ff7f693          	zext.b	a3,a5
   17898:	4741                	li	a4,16
   1789a:	e681                	bnez	a3,178a2 <__lo0bits+0x3e>
   1789c:	4761                	li	a4,24
   1789e:	0087d79b          	srliw	a5,a5,0x8
   178a2:	00f7f693          	andi	a3,a5,15
   178a6:	c2a9                	beqz	a3,178e8 <__lo0bits+0x84>
   178a8:	0037f693          	andi	a3,a5,3
   178ac:	c68d                	beqz	a3,178d6 <__lo0bits+0x72>
   178ae:	0017f693          	andi	a3,a5,1
   178b2:	e681                	bnez	a3,178ba <__lo0bits+0x56>
   178b4:	2705                	addiw	a4,a4,1 # 40000001 <__BSS_END__+0x3ffe24c9>
   178b6:	0017d79b          	srliw	a5,a5,0x1
   178ba:	c11c                	sw	a5,0(a0)
   178bc:	853a                	mv	a0,a4
   178be:	8082                	ret
   178c0:	0ff7f713          	zext.b	a4,a5
   178c4:	c715                	beqz	a4,178f0 <__lo0bits+0x8c>
   178c6:	8abd                	andi	a3,a3,15
   178c8:	e6a1                	bnez	a3,17910 <__lo0bits+0xac>
   178ca:	4711                	li	a4,4
   178cc:	0047d79b          	srliw	a5,a5,0x4
   178d0:	0037f693          	andi	a3,a5,3
   178d4:	fee9                	bnez	a3,178ae <__lo0bits+0x4a>
   178d6:	0027d69b          	srliw	a3,a5,0x2
   178da:	0016f613          	andi	a2,a3,1
   178de:	c21d                	beqz	a2,17904 <__lo0bits+0xa0>
   178e0:	87b6                	mv	a5,a3
   178e2:	2709                	addiw	a4,a4,2
   178e4:	c11c                	sw	a5,0(a0)
   178e6:	bfd9                	j	178bc <__lo0bits+0x58>
   178e8:	2711                	addiw	a4,a4,4
   178ea:	0047d79b          	srliw	a5,a5,0x4
   178ee:	b7cd                	j	178d0 <__lo0bits+0x6c>
   178f0:	4721                	li	a4,8
   178f2:	0087d79b          	srliw	a5,a5,0x8
   178f6:	b775                	j	178a2 <__lo0bits+0x3e>
   178f8:	0027d79b          	srliw	a5,a5,0x2
   178fc:	4709                	li	a4,2
   178fe:	c11c                	sw	a5,0(a0)
   17900:	853a                	mv	a0,a4
   17902:	8082                	ret
   17904:	0037d79b          	srliw	a5,a5,0x3
   17908:	eb89                	bnez	a5,1791a <__lo0bits+0xb6>
   1790a:	02000713          	li	a4,32
   1790e:	bf9d                	j	17884 <__lo0bits+0x20>
   17910:	0037d79b          	srliw	a5,a5,0x3
   17914:	470d                	li	a4,3
   17916:	c11c                	sw	a5,0(a0)
   17918:	b755                	j	178bc <__lo0bits+0x58>
   1791a:	270d                	addiw	a4,a4,3
   1791c:	c11c                	sw	a5,0(a0)
   1791e:	bf79                	j	178bc <__lo0bits+0x58>

0000000000017920 <__i2b>:
   17920:	753c                	ld	a5,104(a0)
   17922:	1101                	addi	sp,sp,-32
   17924:	ec06                	sd	ra,24(sp)
   17926:	872a                	mv	a4,a0
   17928:	86ae                	mv	a3,a1
   1792a:	c38d                	beqz	a5,1794c <__i2b+0x2c>
   1792c:	6788                	ld	a0,8(a5)
   1792e:	c531                	beqz	a0,1797a <__i2b+0x5a>
   17930:	6118                	ld	a4,0(a0)
   17932:	cd717057          	vsetivli	zero,2,e32,mf2,ta,ma
   17936:	5208a0d7          	vid.v	v1
   1793a:	e798                	sd	a4,8(a5)
   1793c:	cd14                	sw	a3,24(a0)
   1793e:	01050793          	addi	a5,a0,16
   17942:	0207e0a7          	vse32.v	v1,(a5)
   17946:	60e2                	ld	ra,24(sp)
   17948:	6105                	addi	sp,sp,32
   1794a:	8082                	ret
   1794c:	e42e                	sd	a1,8(sp)
   1794e:	04100613          	li	a2,65
   17952:	45a1                	li	a1,8
   17954:	e02a                	sd	a0,0(sp)
   17956:	c1ef90ef          	jal	10d74 <_calloc_r>
   1795a:	6702                	ld	a4,0(sp)
   1795c:	66a2                	ld	a3,8(sp)
   1795e:	87aa                	mv	a5,a0
   17960:	f728                	sd	a0,104(a4)
   17962:	f569                	bnez	a0,1792c <__i2b+0xc>
   17964:	66ed                	lui	a3,0x1b
   17966:	656d                	lui	a0,0x1b
   17968:	21868693          	addi	a3,a3,536 # 1b218 <__clzdi2+0x2ae>
   1796c:	27850513          	addi	a0,a0,632 # 1b278 <__clzdi2+0x30e>
   17970:	4601                	li	a2,0
   17972:	14500593          	li	a1,325
   17976:	789000ef          	jal	188fe <__assert_func>
   1797a:	853a                	mv	a0,a4
   1797c:	02400613          	li	a2,36
   17980:	4585                	li	a1,1
   17982:	e036                	sd	a3,0(sp)
   17984:	bf0f90ef          	jal	10d74 <_calloc_r>
   17988:	dd71                	beqz	a0,17964 <__i2b+0x44>
   1798a:	cd717057          	vsetivli	zero,2,e32,mf2,ta,ma
   1798e:	5208a0d7          	vid.v	v1
   17992:	00850793          	addi	a5,a0,8
   17996:	0210b157          	vadd.vi	v2,v1,1
   1799a:	6682                	ld	a3,0(sp)
   1799c:	60e2                	ld	ra,24(sp)
   1799e:	0207e127          	vse32.v	v2,(a5)
   179a2:	01050793          	addi	a5,a0,16
   179a6:	cd14                	sw	a3,24(a0)
   179a8:	0207e0a7          	vse32.v	v1,(a5)
   179ac:	6105                	addi	sp,sp,32
   179ae:	8082                	ret

00000000000179b0 <__multiply>:
   179b0:	7139                	addi	sp,sp,-64
   179b2:	ec4e                	sd	s3,24(sp)
   179b4:	e852                	sd	s4,16(sp)
   179b6:	0145a983          	lw	s3,20(a1)
   179ba:	01462a03          	lw	s4,20(a2)
   179be:	f04a                	sd	s2,32(sp)
   179c0:	e456                	sd	s5,8(sp)
   179c2:	fc06                	sd	ra,56(sp)
   179c4:	f822                	sd	s0,48(sp)
   179c6:	f426                	sd	s1,40(sp)
   179c8:	8aae                	mv	s5,a1
   179ca:	8932                	mv	s2,a2
   179cc:	0149c763          	blt	s3,s4,179da <__multiply+0x2a>
   179d0:	8752                	mv	a4,s4
   179d2:	892e                	mv	s2,a1
   179d4:	8a4e                	mv	s4,s3
   179d6:	8ab2                	mv	s5,a2
   179d8:	89ba                	mv	s3,a4
   179da:	00c92783          	lw	a5,12(s2)
   179de:	013a04bb          	addw	s1,s4,s3
   179e2:	00892583          	lw	a1,8(s2)
   179e6:	8426                	mv	s0,s1
   179e8:	0097d363          	bge	a5,s1,179ee <__multiply+0x3e>
   179ec:	2585                	addiw	a1,a1,1
   179ee:	bb1ff0ef          	jal	1759e <_Balloc>
   179f2:	18050663          	beqz	a0,17b7e <__multiply+0x1ce>
   179f6:	01850893          	addi	a7,a0,24
   179fa:	00249813          	slli	a6,s1,0x2
   179fe:	9846                	add	a6,a6,a7
   17a00:	0308f463          	bgeu	a7,a6,17a28 <__multiply+0x78>
   17a04:	40a80733          	sub	a4,a6,a0
   17a08:	0d0077d7          	vsetvli	a5,zero,e32,m1,ta,ma
   17a0c:	171d                	addi	a4,a4,-25
   17a0e:	5e0030d7          	vmv.v.i	v1,0
   17a12:	8309                	srli	a4,a4,0x2
   17a14:	0705                	addi	a4,a4,1
   17a16:	8e46                	mv	t3,a7
   17a18:	0c6777d7          	vsetvli	a5,a4,e8,mf4,ta,ma
   17a1c:	020e60a7          	vse32.v	v1,(t3)
   17a20:	8f1d                	sub	a4,a4,a5
   17a22:	078a                	slli	a5,a5,0x2
   17a24:	9e3e                	add	t3,t3,a5
   17a26:	fb6d                	bnez	a4,17a18 <__multiply+0x68>
   17a28:	018a8593          	addi	a1,s5,24
   17a2c:	00299313          	slli	t1,s3,0x2
   17a30:	932e                	add	t1,t1,a1
   17a32:	1265f363          	bgeu	a1,t1,17b58 <__multiply+0x1a8>
   17a36:	002a1693          	slli	a3,s4,0x2
   17a3a:	01890e93          	addi	t4,s2,24
   17a3e:	96f6                	add	a3,a3,t4
   17a40:	01990e13          	addi	t3,s2,25
   17a44:	01c6be33          	sltu	t3,a3,t3
   17a48:	41268633          	sub	a2,a3,s2
   17a4c:	001e4e13          	xori	t3,t3,1
   17a50:	161d                	addi	a2,a2,-25
   17a52:	a809                	j	17a64 <__multiply+0xb4>
   17a54:	0102d29b          	srliw	t0,t0,0x10
   17a58:	08029863          	bnez	t0,17ae8 <__multiply+0x138>
   17a5c:	0591                	addi	a1,a1,4
   17a5e:	0891                	addi	a7,a7,4
   17a60:	0e65fc63          	bgeu	a1,t1,17b58 <__multiply+0x1a8>
   17a64:	0005a283          	lw	t0,0(a1)
   17a68:	03029913          	slli	s2,t0,0x30
   17a6c:	03095913          	srli	s2,s2,0x30
   17a70:	fe0902e3          	beqz	s2,17a54 <__multiply+0xa4>
   17a74:	83c6                	mv	t2,a7
   17a76:	82f6                	mv	t0,t4
   17a78:	4701                	li	a4,0
   17a7a:	0002af83          	lw	t6,0(t0)
   17a7e:	0003af03          	lw	t5,0(t2)
   17a82:	0391                	addi	t2,t2,4
   17a84:	030f9793          	slli	a5,t6,0x30
   17a88:	93c1                	srli	a5,a5,0x30
   17a8a:	032787bb          	mulw	a5,a5,s2
   17a8e:	010fdf9b          	srliw	t6,t6,0x10
   17a92:	030f1993          	slli	s3,t5,0x30
   17a96:	0309d993          	srli	s3,s3,0x30
   17a9a:	010f5f1b          	srliw	t5,t5,0x10
   17a9e:	0291                	addi	t0,t0,4
   17aa0:	032f8fbb          	mulw	t6,t6,s2
   17aa4:	013787bb          	addw	a5,a5,s3
   17aa8:	9fb9                	addw	a5,a5,a4
   17aaa:	0107d71b          	srliw	a4,a5,0x10
   17aae:	17c2                	slli	a5,a5,0x30
   17ab0:	93c1                	srli	a5,a5,0x30
   17ab2:	01ff0f3b          	addw	t5,t5,t6
   17ab6:	01e7073b          	addw	a4,a4,t5
   17aba:	01071f1b          	slliw	t5,a4,0x10
   17abe:	00ff67b3          	or	a5,t5,a5
   17ac2:	fef3ae23          	sw	a5,-4(t2)
   17ac6:	0107571b          	srliw	a4,a4,0x10
   17aca:	fad2e8e3          	bltu	t0,a3,17a7a <__multiply+0xca>
   17ace:	4781                	li	a5,0
   17ad0:	000e0463          	beqz	t3,17ad8 <__multiply+0x128>
   17ad4:	ffc67793          	andi	a5,a2,-4
   17ad8:	97c6                	add	a5,a5,a7
   17ada:	c3d8                	sw	a4,4(a5)
   17adc:	0005a283          	lw	t0,0(a1)
   17ae0:	0102d29b          	srliw	t0,t0,0x10
   17ae4:	f6028ce3          	beqz	t0,17a5c <__multiply+0xac>
   17ae8:	0008a783          	lw	a5,0(a7)
   17aec:	83c6                	mv	t2,a7
   17aee:	8ff6                	mv	t6,t4
   17af0:	893e                	mv	s2,a5
   17af2:	4981                	li	s3,0
   17af4:	000fdf03          	lhu	t5,0(t6)
   17af8:	0109571b          	srliw	a4,s2,0x10
   17afc:	17c2                	slli	a5,a5,0x30
   17afe:	025f0f3b          	mulw	t5,t5,t0
   17b02:	93c1                	srli	a5,a5,0x30
   17b04:	0f91                	addi	t6,t6,4
   17b06:	0043a903          	lw	s2,4(t2)
   17b0a:	0391                	addi	t2,t2,4
   17b0c:	03091a13          	slli	s4,s2,0x30
   17b10:	030a5a13          	srli	s4,s4,0x30
   17b14:	013f0f3b          	addw	t5,t5,s3
   17b18:	01e7073b          	addw	a4,a4,t5
   17b1c:	01071f1b          	slliw	t5,a4,0x10
   17b20:	00ff67b3          	or	a5,t5,a5
   17b24:	fef3ae23          	sw	a5,-4(t2)
   17b28:	ffefd783          	lhu	a5,-2(t6)
   17b2c:	0107571b          	srliw	a4,a4,0x10
   17b30:	025787bb          	mulw	a5,a5,t0
   17b34:	014787bb          	addw	a5,a5,s4
   17b38:	9fb9                	addw	a5,a5,a4
   17b3a:	0107d99b          	srliw	s3,a5,0x10
   17b3e:	fadfebe3          	bltu	t6,a3,17af4 <__multiply+0x144>
   17b42:	4701                	li	a4,0
   17b44:	000e0463          	beqz	t3,17b4c <__multiply+0x19c>
   17b48:	ffc67713          	andi	a4,a2,-4
   17b4c:	9746                	add	a4,a4,a7
   17b4e:	c35c                	sw	a5,4(a4)
   17b50:	0591                	addi	a1,a1,4
   17b52:	0891                	addi	a7,a7,4
   17b54:	f065e8e3          	bltu	a1,t1,17a64 <__multiply+0xb4>
   17b58:	00904563          	bgtz	s1,17b62 <__multiply+0x1b2>
   17b5c:	a039                	j	17b6a <__multiply+0x1ba>
   17b5e:	347d                	addiw	s0,s0,-1
   17b60:	c409                	beqz	s0,17b6a <__multiply+0x1ba>
   17b62:	ffc82783          	lw	a5,-4(a6)
   17b66:	1871                	addi	a6,a6,-4
   17b68:	dbfd                	beqz	a5,17b5e <__multiply+0x1ae>
   17b6a:	70e2                	ld	ra,56(sp)
   17b6c:	c940                	sw	s0,20(a0)
   17b6e:	7442                	ld	s0,48(sp)
   17b70:	74a2                	ld	s1,40(sp)
   17b72:	7902                	ld	s2,32(sp)
   17b74:	69e2                	ld	s3,24(sp)
   17b76:	6a42                	ld	s4,16(sp)
   17b78:	6aa2                	ld	s5,8(sp)
   17b7a:	6121                	addi	sp,sp,64
   17b7c:	8082                	ret
   17b7e:	66ed                	lui	a3,0x1b
   17b80:	656d                	lui	a0,0x1b
   17b82:	21868693          	addi	a3,a3,536 # 1b218 <__clzdi2+0x2ae>
   17b86:	27850513          	addi	a0,a0,632 # 1b278 <__clzdi2+0x30e>
   17b8a:	4601                	li	a2,0
   17b8c:	16200593          	li	a1,354
   17b90:	56f000ef          	jal	188fe <__assert_func>

0000000000017b94 <__pow5mult>:
   17b94:	7179                	addi	sp,sp,-48
   17b96:	f022                	sd	s0,32(sp)
   17b98:	e84a                	sd	s2,16(sp)
   17b9a:	e44e                	sd	s3,8(sp)
   17b9c:	f406                	sd	ra,40(sp)
   17b9e:	00367793          	andi	a5,a2,3
   17ba2:	8432                	mv	s0,a2
   17ba4:	89aa                	mv	s3,a0
   17ba6:	892e                	mv	s2,a1
   17ba8:	e3d9                	bnez	a5,17c2e <__pow5mult+0x9a>
   17baa:	4024541b          	sraiw	s0,s0,0x2
   17bae:	c82d                	beqz	s0,17c20 <__pow5mult+0x8c>
   17bb0:	ec26                	sd	s1,24(sp)
   17bb2:	0609b483          	ld	s1,96(s3)
   17bb6:	c8c1                	beqz	s1,17c46 <__pow5mult+0xb2>
   17bb8:	00147793          	andi	a5,s0,1
   17bbc:	4014541b          	sraiw	s0,s0,0x1
   17bc0:	eb89                	bnez	a5,17bd2 <__pow5mult+0x3e>
   17bc2:	6088                	ld	a0,0(s1)
   17bc4:	cd0d                	beqz	a0,17bfe <__pow5mult+0x6a>
   17bc6:	84aa                	mv	s1,a0
   17bc8:	00147793          	andi	a5,s0,1
   17bcc:	4014541b          	sraiw	s0,s0,0x1
   17bd0:	dbed                	beqz	a5,17bc2 <__pow5mult+0x2e>
   17bd2:	8626                	mv	a2,s1
   17bd4:	85ca                	mv	a1,s2
   17bd6:	854e                	mv	a0,s3
   17bd8:	dd9ff0ef          	jal	179b0 <__multiply>
   17bdc:	00090d63          	beqz	s2,17bf6 <__pow5mult+0x62>
   17be0:	00892703          	lw	a4,8(s2)
   17be4:	0689b783          	ld	a5,104(s3)
   17be8:	070e                	slli	a4,a4,0x3
   17bea:	97ba                	add	a5,a5,a4
   17bec:	6398                	ld	a4,0(a5)
   17bee:	00e93023          	sd	a4,0(s2)
   17bf2:	0127b023          	sd	s2,0(a5)
   17bf6:	cc11                	beqz	s0,17c12 <__pow5mult+0x7e>
   17bf8:	892a                	mv	s2,a0
   17bfa:	6088                	ld	a0,0(s1)
   17bfc:	f569                	bnez	a0,17bc6 <__pow5mult+0x32>
   17bfe:	8626                	mv	a2,s1
   17c00:	85a6                	mv	a1,s1
   17c02:	854e                	mv	a0,s3
   17c04:	dadff0ef          	jal	179b0 <__multiply>
   17c08:	e088                	sd	a0,0(s1)
   17c0a:	00053023          	sd	zero,0(a0)
   17c0e:	84aa                	mv	s1,a0
   17c10:	bf65                	j	17bc8 <__pow5mult+0x34>
   17c12:	70a2                	ld	ra,40(sp)
   17c14:	7402                	ld	s0,32(sp)
   17c16:	64e2                	ld	s1,24(sp)
   17c18:	6942                	ld	s2,16(sp)
   17c1a:	69a2                	ld	s3,8(sp)
   17c1c:	6145                	addi	sp,sp,48
   17c1e:	8082                	ret
   17c20:	70a2                	ld	ra,40(sp)
   17c22:	7402                	ld	s0,32(sp)
   17c24:	69a2                	ld	s3,8(sp)
   17c26:	854a                	mv	a0,s2
   17c28:	6942                	ld	s2,16(sp)
   17c2a:	6145                	addi	sp,sp,48
   17c2c:	8082                	ret
   17c2e:	37fd                	addiw	a5,a5,-1
   17c30:	676d                	lui	a4,0x1b
   17c32:	5d870713          	addi	a4,a4,1496 # 1b5d8 <p05.0>
   17c36:	078a                	slli	a5,a5,0x2
   17c38:	97ba                	add	a5,a5,a4
   17c3a:	4390                	lw	a2,0(a5)
   17c3c:	4681                	li	a3,0
   17c3e:	9e3ff0ef          	jal	17620 <__multadd>
   17c42:	892a                	mv	s2,a0
   17c44:	b79d                	j	17baa <__pow5mult+0x16>
   17c46:	4585                	li	a1,1
   17c48:	854e                	mv	a0,s3
   17c4a:	955ff0ef          	jal	1759e <_Balloc>
   17c4e:	84aa                	mv	s1,a0
   17c50:	c919                	beqz	a0,17c66 <__pow5mult+0xd2>
   17c52:	27100713          	li	a4,625
   17c56:	4785                	li	a5,1
   17c58:	cd18                	sw	a4,24(a0)
   17c5a:	c95c                	sw	a5,20(a0)
   17c5c:	06a9b023          	sd	a0,96(s3)
   17c60:	00053023          	sd	zero,0(a0)
   17c64:	bf91                	j	17bb8 <__pow5mult+0x24>
   17c66:	66ed                	lui	a3,0x1b
   17c68:	656d                	lui	a0,0x1b
   17c6a:	21868693          	addi	a3,a3,536 # 1b218 <__clzdi2+0x2ae>
   17c6e:	27850513          	addi	a0,a0,632 # 1b278 <__clzdi2+0x30e>
   17c72:	4601                	li	a2,0
   17c74:	14500593          	li	a1,325
   17c78:	487000ef          	jal	188fe <__assert_func>

0000000000017c7c <__lshift>:
   17c7c:	7139                	addi	sp,sp,-64
   17c7e:	f426                	sd	s1,40(sp)
   17c80:	49c4                	lw	s1,20(a1)
   17c82:	45dc                	lw	a5,12(a1)
   17c84:	e852                	sd	s4,16(sp)
   17c86:	40565a1b          	sraiw	s4,a2,0x5
   17c8a:	014484bb          	addw	s1,s1,s4
   17c8e:	f822                	sd	s0,48(sp)
   17c90:	f04a                	sd	s2,32(sp)
   17c92:	ec4e                	sd	s3,24(sp)
   17c94:	0014871b          	addiw	a4,s1,1
   17c98:	fc06                	sd	ra,56(sp)
   17c9a:	842e                	mv	s0,a1
   17c9c:	892a                	mv	s2,a0
   17c9e:	458c                	lw	a1,8(a1)
   17ca0:	89ba                	mv	s3,a4
   17ca2:	00e7d763          	bge	a5,a4,17cb0 <__lshift+0x34>
   17ca6:	0017979b          	slliw	a5,a5,0x1
   17caa:	2585                	addiw	a1,a1,1
   17cac:	fee7cde3          	blt	a5,a4,17ca6 <__lshift+0x2a>
   17cb0:	854a                	mv	a0,s2
   17cb2:	e432                	sd	a2,8(sp)
   17cb4:	8ebff0ef          	jal	1759e <_Balloc>
   17cb8:	6622                	ld	a2,8(sp)
   17cba:	c179                	beqz	a0,17d80 <__lshift+0x104>
   17cbc:	01850593          	addi	a1,a0,24
   17cc0:	03405563          	blez	s4,17cea <__lshift+0x6e>
   17cc4:	0d0077d7          	vsetvli	a5,zero,e32,m1,ta,ma
   17cc8:	5e0030d7          	vmv.v.i	v1,0
   17ccc:	86d2                	mv	a3,s4
   17cce:	872e                	mv	a4,a1
   17cd0:	0c66f7d7          	vsetvli	a5,a3,e8,mf4,ta,ma
   17cd4:	020760a7          	vse32.v	v1,(a4)
   17cd8:	8e9d                	sub	a3,a3,a5
   17cda:	078a                	slli	a5,a5,0x2
   17cdc:	973e                	add	a4,a4,a5
   17cde:	faed                	bnez	a3,17cd0 <__lshift+0x54>
   17ce0:	020a1793          	slli	a5,s4,0x20
   17ce4:	01e7da13          	srli	s4,a5,0x1e
   17ce8:	95d2                	add	a1,a1,s4
   17cea:	01442803          	lw	a6,20(s0)
   17cee:	01840793          	addi	a5,s0,24
   17cf2:	8a7d                	andi	a2,a2,31
   17cf4:	080a                	slli	a6,a6,0x2
   17cf6:	983e                	add	a6,a6,a5
   17cf8:	c62d                	beqz	a2,17d62 <__lshift+0xe6>
   17cfa:	02000313          	li	t1,32
   17cfe:	40c3033b          	subw	t1,t1,a2
   17d02:	88ae                	mv	a7,a1
   17d04:	4681                	li	a3,0
   17d06:	4398                	lw	a4,0(a5)
   17d08:	0891                	addi	a7,a7,4
   17d0a:	0791                	addi	a5,a5,4
   17d0c:	00c7173b          	sllw	a4,a4,a2
   17d10:	8f55                	or	a4,a4,a3
   17d12:	fee8ae23          	sw	a4,-4(a7)
   17d16:	ffc7a683          	lw	a3,-4(a5)
   17d1a:	0066d6bb          	srlw	a3,a3,t1
   17d1e:	ff07e4e3          	bltu	a5,a6,17d06 <__lshift+0x8a>
   17d22:	01940793          	addi	a5,s0,25
   17d26:	4701                	li	a4,0
   17d28:	00f86763          	bltu	a6,a5,17d36 <__lshift+0xba>
   17d2c:	40880833          	sub	a6,a6,s0
   17d30:	181d                	addi	a6,a6,-25
   17d32:	ffc87713          	andi	a4,a6,-4
   17d36:	95ba                	add	a1,a1,a4
   17d38:	c1d4                	sw	a3,4(a1)
   17d3a:	e291                	bnez	a3,17d3e <__lshift+0xc2>
   17d3c:	89a6                	mv	s3,s1
   17d3e:	4418                	lw	a4,8(s0)
   17d40:	06893783          	ld	a5,104(s2)
   17d44:	01352a23          	sw	s3,20(a0)
   17d48:	070e                	slli	a4,a4,0x3
   17d4a:	97ba                	add	a5,a5,a4
   17d4c:	6398                	ld	a4,0(a5)
   17d4e:	70e2                	ld	ra,56(sp)
   17d50:	74a2                	ld	s1,40(sp)
   17d52:	e018                	sd	a4,0(s0)
   17d54:	e380                	sd	s0,0(a5)
   17d56:	7442                	ld	s0,48(sp)
   17d58:	7902                	ld	s2,32(sp)
   17d5a:	69e2                	ld	s3,24(sp)
   17d5c:	6a42                	ld	s4,16(sp)
   17d5e:	6121                	addi	sp,sp,64
   17d60:	8082                	ret
   17d62:	4398                	lw	a4,0(a5)
   17d64:	0791                	addi	a5,a5,4
   17d66:	0591                	addi	a1,a1,4
   17d68:	fee5ae23          	sw	a4,-4(a1)
   17d6c:	fd07f8e3          	bgeu	a5,a6,17d3c <__lshift+0xc0>
   17d70:	4398                	lw	a4,0(a5)
   17d72:	0791                	addi	a5,a5,4
   17d74:	0591                	addi	a1,a1,4
   17d76:	fee5ae23          	sw	a4,-4(a1)
   17d7a:	ff07e4e3          	bltu	a5,a6,17d62 <__lshift+0xe6>
   17d7e:	bf7d                	j	17d3c <__lshift+0xc0>
   17d80:	66ed                	lui	a3,0x1b
   17d82:	656d                	lui	a0,0x1b
   17d84:	21868693          	addi	a3,a3,536 # 1b218 <__clzdi2+0x2ae>
   17d88:	27850513          	addi	a0,a0,632 # 1b278 <__clzdi2+0x30e>
   17d8c:	4601                	li	a2,0
   17d8e:	1de00593          	li	a1,478
   17d92:	36d000ef          	jal	188fe <__assert_func>

0000000000017d96 <__mcmp>:
   17d96:	49dc                	lw	a5,20(a1)
   17d98:	862a                	mv	a2,a0
   17d9a:	4948                	lw	a0,20(a0)
   17d9c:	9d1d                	subw	a0,a0,a5
   17d9e:	e515                	bnez	a0,17dca <__mcmp+0x34>
   17da0:	078a                	slli	a5,a5,0x2
   17da2:	0661                	addi	a2,a2,24
   17da4:	05e1                	addi	a1,a1,24
   17da6:	95be                	add	a1,a1,a5
   17da8:	97b2                	add	a5,a5,a2
   17daa:	a019                	j	17db0 <__mcmp+0x1a>
   17dac:	00f67f63          	bgeu	a2,a5,17dca <__mcmp+0x34>
   17db0:	ffc7a683          	lw	a3,-4(a5)
   17db4:	ffc5a703          	lw	a4,-4(a1)
   17db8:	17f1                	addi	a5,a5,-4
   17dba:	15f1                	addi	a1,a1,-4
   17dbc:	fee688e3          	beq	a3,a4,17dac <__mcmp+0x16>
   17dc0:	4505                	li	a0,1
   17dc2:	00e6f463          	bgeu	a3,a4,17dca <__mcmp+0x34>
   17dc6:	557d                	li	a0,-1
   17dc8:	8082                	ret
   17dca:	8082                	ret

0000000000017dcc <__mdiff>:
   17dcc:	0145a883          	lw	a7,20(a1)
   17dd0:	4a5c                	lw	a5,20(a2)
   17dd2:	7179                	addi	sp,sp,-48
   17dd4:	f406                	sd	ra,40(sp)
   17dd6:	40f888bb          	subw	a7,a7,a5
   17dda:	8f2e                	mv	t5,a1
   17ddc:	12089563          	bnez	a7,17f06 <__mdiff+0x13a>
   17de0:	00279693          	slli	a3,a5,0x2
   17de4:	01858813          	addi	a6,a1,24
   17de8:	01860713          	addi	a4,a2,24
   17dec:	00d807b3          	add	a5,a6,a3
   17df0:	9736                	add	a4,a4,a3
   17df2:	a019                	j	17df8 <__mdiff+0x2c>
   17df4:	12f87863          	bgeu	a6,a5,17f24 <__mdiff+0x158>
   17df8:	ffc7a583          	lw	a1,-4(a5)
   17dfc:	ffc72683          	lw	a3,-4(a4)
   17e00:	17f1                	addi	a5,a5,-4
   17e02:	1771                	addi	a4,a4,-4
   17e04:	fed588e3          	beq	a1,a3,17df4 <__mdiff+0x28>
   17e08:	12d5f963          	bgeu	a1,a3,17f3a <__mdiff+0x16e>
   17e0c:	4885                	li	a7,1
   17e0e:	460c                	lw	a1,8(a2)
   17e10:	ec7a                	sd	t5,24(sp)
   17e12:	e846                	sd	a7,16(sp)
   17e14:	e432                	sd	a2,8(sp)
   17e16:	f88ff0ef          	jal	1759e <_Balloc>
   17e1a:	6622                	ld	a2,8(sp)
   17e1c:	68c2                	ld	a7,16(sp)
   17e1e:	6f62                	ld	t5,24(sp)
   17e20:	12050363          	beqz	a0,17f46 <__mdiff+0x17a>
   17e24:	014f2f83          	lw	t6,20(t5)
   17e28:	01152823          	sw	a7,16(a0)
   17e2c:	01462883          	lw	a7,20(a2)
   17e30:	01860293          	addi	t0,a2,24
   17e34:	0f8a                	slli	t6,t6,0x2
   17e36:	00289813          	slli	a6,a7,0x2
   17e3a:	018f0313          	addi	t1,t5,24
   17e3e:	01850393          	addi	t2,a0,24
   17e42:	9816                	add	a6,a6,t0
   17e44:	9f9a                	add	t6,t6,t1
   17e46:	8e96                	mv	t4,t0
   17e48:	8e1e                	mv	t3,t2
   17e4a:	4781                	li	a5,0
   17e4c:	000ea683          	lw	a3,0(t4)
   17e50:	00032603          	lw	a2,0(t1)
   17e54:	0e11                	addi	t3,t3,4
   17e56:	03069713          	slli	a4,a3,0x30
   17e5a:	03061593          	slli	a1,a2,0x30
   17e5e:	9341                	srli	a4,a4,0x30
   17e60:	91c1                	srli	a1,a1,0x30
   17e62:	9f0d                	subw	a4,a4,a1
   17e64:	9f3d                	addw	a4,a4,a5
   17e66:	0106d69b          	srliw	a3,a3,0x10
   17e6a:	0106561b          	srliw	a2,a2,0x10
   17e6e:	9e91                	subw	a3,a3,a2
   17e70:	4107579b          	sraiw	a5,a4,0x10
   17e74:	9fb5                	addw	a5,a5,a3
   17e76:	1742                	slli	a4,a4,0x30
   17e78:	0107969b          	slliw	a3,a5,0x10
   17e7c:	9341                	srli	a4,a4,0x30
   17e7e:	8ed9                	or	a3,a3,a4
   17e80:	0311                	addi	t1,t1,4
   17e82:	fede2e23          	sw	a3,-4(t3)
   17e86:	0e91                	addi	t4,t4,4
   17e88:	4107d79b          	sraiw	a5,a5,0x10
   17e8c:	fdf360e3          	bltu	t1,t6,17e4c <__mdiff+0x80>
   17e90:	019f0613          	addi	a2,t5,25
   17e94:	4701                	li	a4,0
   17e96:	08cff163          	bgeu	t6,a2,17f18 <__mdiff+0x14c>
   17e9a:	00e28eb3          	add	t4,t0,a4
   17e9e:	0e91                	addi	t4,t4,4
   17ea0:	971e                	add	a4,a4,t2
   17ea2:	40538e33          	sub	t3,t2,t0
   17ea6:	8676                	mv	a2,t4
   17ea8:	00470f13          	addi	t5,a4,4
   17eac:	090efb63          	bgeu	t4,a6,17f42 <__mdiff+0x176>
   17eb0:	4218                	lw	a4,0(a2)
   17eb2:	01c60333          	add	t1,a2,t3
   17eb6:	0611                	addi	a2,a2,4
   17eb8:	03071693          	slli	a3,a4,0x30
   17ebc:	92c1                	srli	a3,a3,0x30
   17ebe:	00f705bb          	addw	a1,a4,a5
   17ec2:	9fb5                	addw	a5,a5,a3
   17ec4:	4107d79b          	sraiw	a5,a5,0x10
   17ec8:	0107571b          	srliw	a4,a4,0x10
   17ecc:	9f3d                	addw	a4,a4,a5
   17ece:	15c2                	slli	a1,a1,0x30
   17ed0:	91c1                	srli	a1,a1,0x30
   17ed2:	0107169b          	slliw	a3,a4,0x10
   17ed6:	8ecd                	or	a3,a3,a1
   17ed8:	00d32023          	sw	a3,0(t1)
   17edc:	4107579b          	sraiw	a5,a4,0x10
   17ee0:	fd0668e3          	bltu	a2,a6,17eb0 <__mdiff+0xe4>
   17ee4:	fff80793          	addi	a5,a6,-1
   17ee8:	41d787b3          	sub	a5,a5,t4
   17eec:	9bf1                	andi	a5,a5,-4
   17eee:	97fa                	add	a5,a5,t5
   17ef0:	e691                	bnez	a3,17efc <__mdiff+0x130>
   17ef2:	ffc7a703          	lw	a4,-4(a5)
   17ef6:	17f1                	addi	a5,a5,-4
   17ef8:	38fd                	addiw	a7,a7,-1
   17efa:	df65                	beqz	a4,17ef2 <__mdiff+0x126>
   17efc:	70a2                	ld	ra,40(sp)
   17efe:	01152a23          	sw	a7,20(a0)
   17f02:	6145                	addi	sp,sp,48
   17f04:	8082                	ret
   17f06:	8746                	mv	a4,a7
   17f08:	4885                	li	a7,1
   17f0a:	f00742e3          	bltz	a4,17e0e <__mdiff+0x42>
   17f0e:	87b2                	mv	a5,a2
   17f10:	4881                	li	a7,0
   17f12:	862e                	mv	a2,a1
   17f14:	8f3e                	mv	t5,a5
   17f16:	bde5                	j	17e0e <__mdiff+0x42>
   17f18:	41ef8fb3          	sub	t6,t6,t5
   17f1c:	1f9d                	addi	t6,t6,-25
   17f1e:	ffcff713          	andi	a4,t6,-4
   17f22:	bfa5                	j	17e9a <__mdiff+0xce>
   17f24:	4581                	li	a1,0
   17f26:	e78ff0ef          	jal	1759e <_Balloc>
   17f2a:	c90d                	beqz	a0,17f5c <__mdiff+0x190>
   17f2c:	70a2                	ld	ra,40(sp)
   17f2e:	4785                	li	a5,1
   17f30:	00052c23          	sw	zero,24(a0)
   17f34:	c95c                	sw	a5,20(a0)
   17f36:	6145                	addi	sp,sp,48
   17f38:	8082                	ret
   17f3a:	87b2                	mv	a5,a2
   17f3c:	867a                	mv	a2,t5
   17f3e:	8f3e                	mv	t5,a5
   17f40:	b5f9                	j	17e0e <__mdiff+0x42>
   17f42:	87ba                	mv	a5,a4
   17f44:	b775                	j	17ef0 <__mdiff+0x124>
   17f46:	66ed                	lui	a3,0x1b
   17f48:	656d                	lui	a0,0x1b
   17f4a:	21868693          	addi	a3,a3,536 # 1b218 <__clzdi2+0x2ae>
   17f4e:	27850513          	addi	a0,a0,632 # 1b278 <__clzdi2+0x30e>
   17f52:	4601                	li	a2,0
   17f54:	24500593          	li	a1,581
   17f58:	1a7000ef          	jal	188fe <__assert_func>
   17f5c:	66ed                	lui	a3,0x1b
   17f5e:	656d                	lui	a0,0x1b
   17f60:	21868693          	addi	a3,a3,536 # 1b218 <__clzdi2+0x2ae>
   17f64:	27850513          	addi	a0,a0,632 # 1b278 <__clzdi2+0x30e>
   17f68:	4601                	li	a2,0
   17f6a:	23700593          	li	a1,567
   17f6e:	191000ef          	jal	188fe <__assert_func>

0000000000017f72 <__ulp>:
   17f72:	e20507d3          	fmv.x.d	a5,fa0
   17f76:	7ff006b7          	lui	a3,0x7ff00
   17f7a:	fcc00737          	lui	a4,0xfcc00
   17f7e:	9381                	srli	a5,a5,0x20
   17f80:	8ff5                	and	a5,a5,a3
   17f82:	9fb9                	addw	a5,a5,a4
   17f84:	4701                	li	a4,0
   17f86:	00f05963          	blez	a5,17f98 <__ulp+0x26>
   17f8a:	1702                	slli	a4,a4,0x20
   17f8c:	9301                	srli	a4,a4,0x20
   17f8e:	1782                	slli	a5,a5,0x20
   17f90:	8fd9                	or	a5,a5,a4
   17f92:	f2078553          	fmv.d.x	fa0,a5
   17f96:	8082                	ret
   17f98:	40f007bb          	negw	a5,a5
   17f9c:	4147d79b          	sraiw	a5,a5,0x14
   17fa0:	474d                	li	a4,19
   17fa2:	00f74e63          	blt	a4,a5,17fbe <__ulp+0x4c>
   17fa6:	00080737          	lui	a4,0x80
   17faa:	40f757bb          	sraw	a5,a4,a5
   17fae:	4701                	li	a4,0
   17fb0:	1702                	slli	a4,a4,0x20
   17fb2:	9301                	srli	a4,a4,0x20
   17fb4:	1782                	slli	a5,a5,0x20
   17fb6:	8fd9                	or	a5,a5,a4
   17fb8:	f2078553          	fmv.d.x	fa0,a5
   17fbc:	8082                	ret
   17fbe:	37b1                	addiw	a5,a5,-20
   17fc0:	46f9                	li	a3,30
   17fc2:	4705                	li	a4,1
   17fc4:	00f6c663          	blt	a3,a5,17fd0 <__ulp+0x5e>
   17fc8:	80000737          	lui	a4,0x80000
   17fcc:	00f7573b          	srlw	a4,a4,a5
   17fd0:	4781                	li	a5,0
   17fd2:	1702                	slli	a4,a4,0x20
   17fd4:	9301                	srli	a4,a4,0x20
   17fd6:	1782                	slli	a5,a5,0x20
   17fd8:	8fd9                	or	a5,a5,a4
   17fda:	f2078553          	fmv.d.x	fa0,a5
   17fde:	8082                	ret

0000000000017fe0 <__b2d>:
   17fe0:	7139                	addi	sp,sp,-64
   17fe2:	f822                	sd	s0,48(sp)
   17fe4:	4940                	lw	s0,20(a0)
   17fe6:	f04a                	sd	s2,32(sp)
   17fe8:	01850913          	addi	s2,a0,24
   17fec:	040a                	slli	s0,s0,0x2
   17fee:	944a                	add	s0,s0,s2
   17ff0:	f426                	sd	s1,40(sp)
   17ff2:	ffc42483          	lw	s1,-4(s0)
   17ff6:	ec4e                	sd	s3,24(sp)
   17ff8:	e42e                	sd	a1,8(sp)
   17ffa:	8526                	mv	a0,s1
   17ffc:	fc06                	sd	ra,56(sp)
   17ffe:	ffeff0ef          	jal	177fc <__hi0bits>
   18002:	65a2                	ld	a1,8(sp)
   18004:	02000793          	li	a5,32
   18008:	40a7873b          	subw	a4,a5,a0
   1800c:	c198                	sw	a4,0(a1)
   1800e:	4729                	li	a4,10
   18010:	ffc40993          	addi	s3,s0,-4
   18014:	06a75863          	bge	a4,a0,18084 <__b2d+0xa4>
   18018:	ff55061b          	addiw	a2,a0,-11
   1801c:	03397d63          	bgeu	s2,s3,18056 <__b2d+0x76>
   18020:	ff842703          	lw	a4,-8(s0)
   18024:	ce0d                	beqz	a2,1805e <__b2d+0x7e>
   18026:	40c786bb          	subw	a3,a5,a2
   1802a:	00d757bb          	srlw	a5,a4,a3
   1802e:	00c494bb          	sllw	s1,s1,a2
   18032:	8cdd                	or	s1,s1,a5
   18034:	3ff007b7          	lui	a5,0x3ff00
   18038:	8cdd                	or	s1,s1,a5
   1803a:	00c7173b          	sllw	a4,a4,a2
   1803e:	ff840613          	addi	a2,s0,-8
   18042:	02049793          	slli	a5,s1,0x20
   18046:	02c97163          	bgeu	s2,a2,18068 <__b2d+0x88>
   1804a:	ff442603          	lw	a2,-12(s0)
   1804e:	00d656bb          	srlw	a3,a2,a3
   18052:	8f55                	or	a4,a4,a3
   18054:	a811                	j	18068 <__b2d+0x88>
   18056:	47ad                	li	a5,11
   18058:	4701                	li	a4,0
   1805a:	04f51963          	bne	a0,a5,180ac <__b2d+0xcc>
   1805e:	3ff007b7          	lui	a5,0x3ff00
   18062:	8cdd                	or	s1,s1,a5
   18064:	02049793          	slli	a5,s1,0x20
   18068:	70e2                	ld	ra,56(sp)
   1806a:	7442                	ld	s0,48(sp)
   1806c:	1702                	slli	a4,a4,0x20
   1806e:	9381                	srli	a5,a5,0x20
   18070:	9301                	srli	a4,a4,0x20
   18072:	1782                	slli	a5,a5,0x20
   18074:	8fd9                	or	a5,a5,a4
   18076:	74a2                	ld	s1,40(sp)
   18078:	7902                	ld	s2,32(sp)
   1807a:	69e2                	ld	s3,24(sp)
   1807c:	f2078553          	fmv.d.x	fa0,a5
   18080:	6121                	addi	sp,sp,64
   18082:	8082                	ret
   18084:	46ad                	li	a3,11
   18086:	9e89                	subw	a3,a3,a0
   18088:	3ff00737          	lui	a4,0x3ff00
   1808c:	00d4d7bb          	srlw	a5,s1,a3
   18090:	8fd9                	or	a5,a5,a4
   18092:	1782                	slli	a5,a5,0x20
   18094:	4701                	li	a4,0
   18096:	01397663          	bgeu	s2,s3,180a2 <__b2d+0xc2>
   1809a:	ff842703          	lw	a4,-8(s0)
   1809e:	00d7573b          	srlw	a4,a4,a3
   180a2:	2555                	addiw	a0,a0,21
   180a4:	00a494bb          	sllw	s1,s1,a0
   180a8:	8f45                	or	a4,a4,s1
   180aa:	bf7d                	j	18068 <__b2d+0x88>
   180ac:	3ff007b7          	lui	a5,0x3ff00
   180b0:	00c494bb          	sllw	s1,s1,a2
   180b4:	8cdd                	or	s1,s1,a5
   180b6:	02049793          	slli	a5,s1,0x20
   180ba:	4701                	li	a4,0
   180bc:	b775                	j	18068 <__b2d+0x88>

00000000000180be <__d2b>:
   180be:	715d                	addi	sp,sp,-80
   180c0:	f44e                	sd	s3,40(sp)
   180c2:	89ae                	mv	s3,a1
   180c4:	4585                	li	a1,1
   180c6:	f84a                	sd	s2,48(sp)
   180c8:	e486                	sd	ra,72(sp)
   180ca:	e0a2                	sd	s0,64(sp)
   180cc:	fc26                	sd	s1,56(sp)
   180ce:	8932                	mv	s2,a2
   180d0:	a42a                	fsd	fa0,8(sp)
   180d2:	cccff0ef          	jal	1759e <_Balloc>
   180d6:	6722                	ld	a4,8(sp)
   180d8:	c55d                	beqz	a0,18186 <__d2b+0xc8>
   180da:	02075793          	srli	a5,a4,0x20
   180de:	001006b7          	lui	a3,0x100
   180e2:	0147d41b          	srliw	s0,a5,0x14
   180e6:	fff68613          	addi	a2,a3,-1 # fffff <__BSS_END__+0xe24c7>
   180ea:	8ff1                	and	a5,a5,a2
   180ec:	7ff47413          	andi	s0,s0,2047
   180f0:	84aa                	mv	s1,a0
   180f2:	2781                	sext.w	a5,a5
   180f4:	c011                	beqz	s0,180f8 <__d2b+0x3a>
   180f6:	8fd5                	or	a5,a5,a3
   180f8:	2701                	sext.w	a4,a4
   180fa:	ce3e                	sw	a5,28(sp)
   180fc:	ef15                	bnez	a4,18138 <__d2b+0x7a>
   180fe:	0868                	addi	a0,sp,28
   18100:	f64ff0ef          	jal	17864 <__lo0bits>
   18104:	4772                	lw	a4,28(sp)
   18106:	4785                	li	a5,1
   18108:	c8dc                	sw	a5,20(s1)
   1810a:	cc98                	sw	a4,24(s1)
   1810c:	0205051b          	addiw	a0,a0,32
   18110:	c831                	beqz	s0,18164 <__d2b+0xa6>
   18112:	bcd4041b          	addiw	s0,s0,-1075
   18116:	9c29                	addw	s0,s0,a0
   18118:	03500793          	li	a5,53
   1811c:	0089a023          	sw	s0,0(s3)
   18120:	40a7853b          	subw	a0,a5,a0
   18124:	60a6                	ld	ra,72(sp)
   18126:	6406                	ld	s0,64(sp)
   18128:	00a92023          	sw	a0,0(s2)
   1812c:	79a2                	ld	s3,40(sp)
   1812e:	7942                	ld	s2,48(sp)
   18130:	8526                	mv	a0,s1
   18132:	74e2                	ld	s1,56(sp)
   18134:	6161                	addi	sp,sp,80
   18136:	8082                	ret
   18138:	0828                	addi	a0,sp,24
   1813a:	cc3a                	sw	a4,24(sp)
   1813c:	f28ff0ef          	jal	17864 <__lo0bits>
   18140:	4772                	lw	a4,28(sp)
   18142:	46e2                	lw	a3,24(sp)
   18144:	c909                	beqz	a0,18156 <__d2b+0x98>
   18146:	02000793          	li	a5,32
   1814a:	9f89                	subw	a5,a5,a0
   1814c:	00f717bb          	sllw	a5,a4,a5
   18150:	8edd                	or	a3,a3,a5
   18152:	00a7573b          	srlw	a4,a4,a0
   18156:	00e037b3          	snez	a5,a4
   1815a:	0785                	addi	a5,a5,1 # 3ff00001 <__BSS_END__+0x3fee24c9>
   1815c:	cc94                	sw	a3,24(s1)
   1815e:	ccd8                	sw	a4,28(s1)
   18160:	c8dc                	sw	a5,20(s1)
   18162:	f845                	bnez	s0,18112 <__d2b+0x54>
   18164:	00279713          	slli	a4,a5,0x2
   18168:	bce5051b          	addiw	a0,a0,-1074
   1816c:	00a9a023          	sw	a0,0(s3)
   18170:	9726                	add	a4,a4,s1
   18172:	4b48                	lw	a0,20(a4)
   18174:	e43e                	sd	a5,8(sp)
   18176:	e86ff0ef          	jal	177fc <__hi0bits>
   1817a:	67a2                	ld	a5,8(sp)
   1817c:	0057979b          	slliw	a5,a5,0x5
   18180:	40a7853b          	subw	a0,a5,a0
   18184:	b745                	j	18124 <__d2b+0x66>
   18186:	66ed                	lui	a3,0x1b
   18188:	656d                	lui	a0,0x1b
   1818a:	21868693          	addi	a3,a3,536 # 1b218 <__clzdi2+0x2ae>
   1818e:	27850513          	addi	a0,a0,632 # 1b278 <__clzdi2+0x30e>
   18192:	4601                	li	a2,0
   18194:	30f00593          	li	a1,783
   18198:	766000ef          	jal	188fe <__assert_func>

000000000001819c <__ratio>:
   1819c:	7139                	addi	sp,sp,-64
   1819e:	f822                	sd	s0,48(sp)
   181a0:	842e                	mv	s0,a1
   181a2:	082c                	addi	a1,sp,24
   181a4:	fc06                	sd	ra,56(sp)
   181a6:	f426                	sd	s1,40(sp)
   181a8:	f04a                	sd	s2,32(sp)
   181aa:	84aa                	mv	s1,a0
   181ac:	e35ff0ef          	jal	17fe0 <__b2d>
   181b0:	e2050753          	fmv.x.d	a4,fa0
   181b4:	086c                	addi	a1,sp,28
   181b6:	8522                	mv	a0,s0
   181b8:	893a                	mv	s2,a4
   181ba:	a42a                	fsd	fa0,8(sp)
   181bc:	e25ff0ef          	jal	17fe0 <__b2d>
   181c0:	4854                	lw	a3,20(s0)
   181c2:	48d0                	lw	a2,20(s1)
   181c4:	47e2                	lw	a5,24(sp)
   181c6:	45f2                	lw	a1,28(sp)
   181c8:	9e15                	subw	a2,a2,a3
   181ca:	0056161b          	slliw	a2,a2,0x5
   181ce:	9f8d                	subw	a5,a5,a1
   181d0:	9fb1                	addw	a5,a5,a2
   181d2:	e20506d3          	fmv.x.d	a3,fa0
   181d6:	6722                	ld	a4,8(sp)
   181d8:	02f05863          	blez	a5,18208 <__ratio+0x6c>
   181dc:	9301                	srli	a4,a4,0x20
   181de:	0147979b          	slliw	a5,a5,0x14
   181e2:	9fb9                	addw	a5,a5,a4
   181e4:	02091613          	slli	a2,s2,0x20
   181e8:	9201                	srli	a2,a2,0x20
   181ea:	1782                	slli	a5,a5,0x20
   181ec:	00f66733          	or	a4,a2,a5
   181f0:	70e2                	ld	ra,56(sp)
   181f2:	7442                	ld	s0,48(sp)
   181f4:	f20707d3          	fmv.d.x	fa5,a4
   181f8:	f2068753          	fmv.d.x	fa4,a3
   181fc:	74a2                	ld	s1,40(sp)
   181fe:	7902                	ld	s2,32(sp)
   18200:	1ae7f553          	fdiv.d	fa0,fa5,fa4
   18204:	6121                	addi	sp,sp,64
   18206:	8082                	ret
   18208:	40f007bb          	negw	a5,a5
   1820c:	02069613          	slli	a2,a3,0x20
   18210:	0147979b          	slliw	a5,a5,0x14
   18214:	9281                	srli	a3,a3,0x20
   18216:	9fb5                	addw	a5,a5,a3
   18218:	9201                	srli	a2,a2,0x20
   1821a:	1782                	slli	a5,a5,0x20
   1821c:	00f666b3          	or	a3,a2,a5
   18220:	bfc1                	j	181f0 <__ratio+0x54>

0000000000018222 <_mprec_log10>:
   18222:	47dd                	li	a5,23
   18224:	00a7db63          	bge	a5,a0,1823a <_mprec_log10+0x18>
   18228:	1a01b507          	fld	fa0,416(gp) # 1d4d8 <__SDATA_BEGIN__>
   1822c:	1e81b787          	fld	fa5,488(gp) # 1d520 <__SDATA_BEGIN__+0x48>
   18230:	357d                	addiw	a0,a0,-1
   18232:	12f57553          	fmul.d	fa0,fa0,fa5
   18236:	fd6d                	bnez	a0,18230 <_mprec_log10+0xe>
   18238:	8082                	ret
   1823a:	67ed                	lui	a5,0x1b
   1823c:	050e                	slli	a0,a0,0x3
   1823e:	63878793          	addi	a5,a5,1592 # 1b638 <__mprec_tens>
   18242:	97aa                	add	a5,a5,a0
   18244:	2388                	fld	fa0,0(a5)
   18246:	8082                	ret

0000000000018248 <__copybits>:
   18248:	4a58                	lw	a4,20(a2)
   1824a:	fff5879b          	addiw	a5,a1,-1
   1824e:	4057d79b          	sraiw	a5,a5,0x5
   18252:	00271593          	slli	a1,a4,0x2
   18256:	2785                	addiw	a5,a5,1
   18258:	01860713          	addi	a4,a2,24
   1825c:	078a                	slli	a5,a5,0x2
   1825e:	95ba                	add	a1,a1,a4
   18260:	97aa                	add	a5,a5,a0
   18262:	02b77063          	bgeu	a4,a1,18282 <__copybits+0x3a>
   18266:	86aa                	mv	a3,a0
   18268:	00072803          	lw	a6,0(a4) # 3ff00000 <__BSS_END__+0x3fee24c8>
   1826c:	0711                	addi	a4,a4,4
   1826e:	0691                	addi	a3,a3,4
   18270:	ff06ae23          	sw	a6,-4(a3)
   18274:	feb76ae3          	bltu	a4,a1,18268 <__copybits+0x20>
   18278:	8d91                	sub	a1,a1,a2
   1827a:	159d                	addi	a1,a1,-25
   1827c:	99f1                	andi	a1,a1,-4
   1827e:	0511                	addi	a0,a0,4
   18280:	952e                	add	a0,a0,a1
   18282:	02f57263          	bgeu	a0,a5,182a6 <__copybits+0x5e>
   18286:	17fd                	addi	a5,a5,-1
   18288:	0d007757          	vsetvli	a4,zero,e32,m1,ta,ma
   1828c:	8f89                	sub	a5,a5,a0
   1828e:	5e0030d7          	vmv.v.i	v1,0
   18292:	8389                	srli	a5,a5,0x2
   18294:	0785                	addi	a5,a5,1
   18296:	0c67f757          	vsetvli	a4,a5,e8,mf4,ta,ma
   1829a:	020560a7          	vse32.v	v1,(a0)
   1829e:	8f99                	sub	a5,a5,a4
   182a0:	070a                	slli	a4,a4,0x2
   182a2:	953a                	add	a0,a0,a4
   182a4:	fbed                	bnez	a5,18296 <__copybits+0x4e>
   182a6:	8082                	ret

00000000000182a8 <__any_on>:
   182a8:	4958                	lw	a4,20(a0)
   182aa:	4055d61b          	sraiw	a2,a1,0x5
   182ae:	01850693          	addi	a3,a0,24
   182b2:	00c75d63          	bge	a4,a2,182cc <__any_on+0x24>
   182b6:	070a                	slli	a4,a4,0x2
   182b8:	00e687b3          	add	a5,a3,a4
   182bc:	02f6f863          	bgeu	a3,a5,182ec <__any_on+0x44>
   182c0:	ffc7a703          	lw	a4,-4(a5)
   182c4:	17f1                	addi	a5,a5,-4
   182c6:	db7d                	beqz	a4,182bc <__any_on+0x14>
   182c8:	4505                	li	a0,1
   182ca:	8082                	ret
   182cc:	00261793          	slli	a5,a2,0x2
   182d0:	97b6                	add	a5,a5,a3
   182d2:	fee655e3          	bge	a2,a4,182bc <__any_on+0x14>
   182d6:	89fd                	andi	a1,a1,31
   182d8:	d1f5                	beqz	a1,182bc <__any_on+0x14>
   182da:	4390                	lw	a2,0(a5)
   182dc:	4505                	li	a0,1
   182de:	00b6573b          	srlw	a4,a2,a1
   182e2:	00b7173b          	sllw	a4,a4,a1
   182e6:	fcc70be3          	beq	a4,a2,182bc <__any_on+0x14>
   182ea:	8082                	ret
   182ec:	4501                	li	a0,0
   182ee:	8082                	ret

00000000000182f0 <_realloc_r>:
   182f0:	16058663          	beqz	a1,1845c <_realloc_r+0x16c>
   182f4:	7139                	addi	sp,sp,-64
   182f6:	f822                	sd	s0,48(sp)
   182f8:	f426                	sd	s1,40(sp)
   182fa:	842e                	mv	s0,a1
   182fc:	fc06                	sd	ra,56(sp)
   182fe:	84aa                	mv	s1,a0
   18300:	e032                	sd	a2,0(sp)
   18302:	99ef90ef          	jal	114a0 <__malloc_lock>
   18306:	6582                	ld	a1,0(sp)
   18308:	02e00713          	li	a4,46
   1830c:	01758793          	addi	a5,a1,23
   18310:	0ef77563          	bgeu	a4,a5,183fa <_realloc_r+0x10a>
   18314:	4705                	li	a4,1
   18316:	9bc1                	andi	a5,a5,-16
   18318:	077e                	slli	a4,a4,0x1f
   1831a:	00e7b733          	sltu	a4,a5,a4
   1831e:	00174713          	xori	a4,a4,1
   18322:	16b7e263          	bltu	a5,a1,18486 <_realloc_r+0x196>
   18326:	16071063          	bnez	a4,18486 <_realloc_r+0x196>
   1832a:	ff843683          	ld	a3,-8(s0)
   1832e:	ff040613          	addi	a2,s0,-16
   18332:	ffc6f713          	andi	a4,a3,-4
   18336:	0cf75d63          	bge	a4,a5,18410 <_realloc_r+0x120>
   1833a:	6575                	lui	a0,0x1d
   1833c:	9b050e93          	addi	t4,a0,-1616 # 1c9b0 <__malloc_av_>
   18340:	010eb883          	ld	a7,16(t4)
   18344:	00e60833          	add	a6,a2,a4
   18348:	00883503          	ld	a0,8(a6)
   1834c:	15088663          	beq	a7,a6,18498 <_realloc_r+0x1a8>
   18350:	ffe57893          	andi	a7,a0,-2
   18354:	98c2                	add	a7,a7,a6
   18356:	0088b883          	ld	a7,8(a7)
   1835a:	0018f893          	andi	a7,a7,1
   1835e:	0e089463          	bnez	a7,18446 <_realloc_r+0x156>
   18362:	9971                	andi	a0,a0,-4
   18364:	00a708b3          	add	a7,a4,a0
   18368:	08f8dd63          	bge	a7,a5,18402 <_realloc_r+0x112>
   1836c:	8a85                	andi	a3,a3,1
   1836e:	e28d                	bnez	a3,18390 <_realloc_r+0xa0>
   18370:	ff043303          	ld	t1,-16(s0)
   18374:	40660333          	sub	t1,a2,t1
   18378:	00833883          	ld	a7,8(t1)
   1837c:	ffc8f893          	andi	a7,a7,-4
   18380:	9546                	add	a0,a0,a7
   18382:	00e506b3          	add	a3,a0,a4
   18386:	22f6dd63          	bge	a3,a5,185c0 <_realloc_r+0x2d0>
   1838a:	98ba                	add	a7,a7,a4
   1838c:	1cf8da63          	bge	a7,a5,18560 <_realloc_r+0x270>
   18390:	8526                	mv	a0,s1
   18392:	e83a                	sd	a4,16(sp)
   18394:	e432                	sd	a2,8(sp)
   18396:	e03e                	sd	a5,0(sp)
   18398:	a8df80ef          	jal	10e24 <_malloc_r>
   1839c:	6782                	ld	a5,0(sp)
   1839e:	6622                	ld	a2,8(sp)
   183a0:	6742                	ld	a4,16(sp)
   183a2:	86aa                	mv	a3,a0
   183a4:	30050363          	beqz	a0,186aa <_realloc_r+0x3ba>
   183a8:	ff843583          	ld	a1,-8(s0)
   183ac:	ff050813          	addi	a6,a0,-16
   183b0:	99f9                	andi	a1,a1,-2
   183b2:	95b2                	add	a1,a1,a2
   183b4:	19058463          	beq	a1,a6,1853c <_realloc_r+0x24c>
   183b8:	ff870613          	addi	a2,a4,-8
   183bc:	04800793          	li	a5,72
   183c0:	1ec7ea63          	bltu	a5,a2,185b4 <_realloc_r+0x2c4>
   183c4:	02700713          	li	a4,39
   183c8:	16c76f63          	bltu	a4,a2,18546 <_realloc_r+0x256>
   183cc:	87aa                	mv	a5,a0
   183ce:	8722                	mv	a4,s0
   183d0:	6310                	ld	a2,0(a4)
   183d2:	e390                	sd	a2,0(a5)
   183d4:	6710                	ld	a2,8(a4)
   183d6:	e790                	sd	a2,8(a5)
   183d8:	6b18                	ld	a4,16(a4)
   183da:	eb98                	sd	a4,16(a5)
   183dc:	85a2                	mv	a1,s0
   183de:	8526                	mv	a0,s1
   183e0:	e036                	sd	a3,0(sp)
   183e2:	af5fa0ef          	jal	12ed6 <_free_r>
   183e6:	8526                	mv	a0,s1
   183e8:	8baf90ef          	jal	114a2 <__malloc_unlock>
   183ec:	6682                	ld	a3,0(sp)
   183ee:	70e2                	ld	ra,56(sp)
   183f0:	7442                	ld	s0,48(sp)
   183f2:	74a2                	ld	s1,40(sp)
   183f4:	8536                	mv	a0,a3
   183f6:	6121                	addi	sp,sp,64
   183f8:	8082                	ret
   183fa:	4701                	li	a4,0
   183fc:	02000793          	li	a5,32
   18400:	b70d                	j	18322 <_realloc_r+0x32>
   18402:	01883683          	ld	a3,24(a6)
   18406:	01083583          	ld	a1,16(a6)
   1840a:	8746                	mv	a4,a7
   1840c:	ed94                	sd	a3,24(a1)
   1840e:	ea8c                	sd	a1,16(a3)
   18410:	6614                	ld	a3,8(a2)
   18412:	40f70533          	sub	a0,a4,a5
   18416:	45fd                	li	a1,31
   18418:	8a85                	andi	a3,a3,1
   1841a:	00e60833          	add	a6,a2,a4
   1841e:	04a5e263          	bltu	a1,a0,18462 <_realloc_r+0x172>
   18422:	8ed9                	or	a3,a3,a4
   18424:	e614                	sd	a3,8(a2)
   18426:	00883783          	ld	a5,8(a6)
   1842a:	0017e793          	ori	a5,a5,1
   1842e:	00f83423          	sd	a5,8(a6)
   18432:	8526                	mv	a0,s1
   18434:	86ef90ef          	jal	114a2 <__malloc_unlock>
   18438:	86a2                	mv	a3,s0
   1843a:	70e2                	ld	ra,56(sp)
   1843c:	7442                	ld	s0,48(sp)
   1843e:	74a2                	ld	s1,40(sp)
   18440:	8536                	mv	a0,a3
   18442:	6121                	addi	sp,sp,64
   18444:	8082                	ret
   18446:	8a85                	andi	a3,a3,1
   18448:	f6a1                	bnez	a3,18390 <_realloc_r+0xa0>
   1844a:	ff043303          	ld	t1,-16(s0)
   1844e:	40660333          	sub	t1,a2,t1
   18452:	00833883          	ld	a7,8(t1)
   18456:	ffc8f893          	andi	a7,a7,-4
   1845a:	bf05                	j	1838a <_realloc_r+0x9a>
   1845c:	85b2                	mv	a1,a2
   1845e:	9c7f806f          	j	10e24 <_malloc_r>
   18462:	8edd                	or	a3,a3,a5
   18464:	e614                	sd	a3,8(a2)
   18466:	00156513          	ori	a0,a0,1
   1846a:	963e                	add	a2,a2,a5
   1846c:	e608                	sd	a0,8(a2)
   1846e:	00883783          	ld	a5,8(a6)
   18472:	01060593          	addi	a1,a2,16
   18476:	8526                	mv	a0,s1
   18478:	0017e793          	ori	a5,a5,1
   1847c:	00f83423          	sd	a5,8(a6)
   18480:	a57fa0ef          	jal	12ed6 <_free_r>
   18484:	b77d                	j	18432 <_realloc_r+0x142>
   18486:	47b1                	li	a5,12
   18488:	c09c                	sw	a5,0(s1)
   1848a:	4681                	li	a3,0
   1848c:	70e2                	ld	ra,56(sp)
   1848e:	7442                	ld	s0,48(sp)
   18490:	74a2                	ld	s1,40(sp)
   18492:	8536                	mv	a0,a3
   18494:	6121                	addi	sp,sp,64
   18496:	8082                	ret
   18498:	9971                	andi	a0,a0,-4
   1849a:	00e50833          	add	a6,a0,a4
   1849e:	02078e13          	addi	t3,a5,32
   184a2:	1bc85763          	bge	a6,t3,18650 <_realloc_r+0x360>
   184a6:	8a85                	andi	a3,a3,1
   184a8:	ee0694e3          	bnez	a3,18390 <_realloc_r+0xa0>
   184ac:	ff043303          	ld	t1,-16(s0)
   184b0:	40660333          	sub	t1,a2,t1
   184b4:	00833883          	ld	a7,8(t1)
   184b8:	ffc8f893          	andi	a7,a7,-4
   184bc:	9546                	add	a0,a0,a7
   184be:	00e50833          	add	a6,a0,a4
   184c2:	edc844e3          	blt	a6,t3,1838a <_realloc_r+0x9a>
   184c6:	01833683          	ld	a3,24(t1)
   184ca:	01033583          	ld	a1,16(t1)
   184ce:	ff870613          	addi	a2,a4,-8
   184d2:	04800713          	li	a4,72
   184d6:	ed94                	sd	a3,24(a1)
   184d8:	ea8c                	sd	a1,16(a3)
   184da:	01030693          	addi	a3,t1,16
   184de:	20c76363          	bltu	a4,a2,186e4 <_realloc_r+0x3f4>
   184e2:	02700593          	li	a1,39
   184e6:	8736                	mv	a4,a3
   184e8:	00c5ff63          	bgeu	a1,a2,18506 <_realloc_r+0x216>
   184ec:	600c                	ld	a1,0(s0)
   184ee:	03700713          	li	a4,55
   184f2:	00b33823          	sd	a1,16(t1)
   184f6:	640c                	ld	a1,8(s0)
   184f8:	00b33c23          	sd	a1,24(t1)
   184fc:	22c76063          	bltu	a4,a2,1871c <_realloc_r+0x42c>
   18500:	0441                	addi	s0,s0,16
   18502:	02030713          	addi	a4,t1,32
   18506:	6010                	ld	a2,0(s0)
   18508:	e310                	sd	a2,0(a4)
   1850a:	6410                	ld	a2,8(s0)
   1850c:	e710                	sd	a2,8(a4)
   1850e:	6810                	ld	a2,16(s0)
   18510:	eb10                	sd	a2,16(a4)
   18512:	00f30633          	add	a2,t1,a5
   18516:	40f80733          	sub	a4,a6,a5
   1851a:	00ceb823          	sd	a2,16(t4)
   1851e:	00176713          	ori	a4,a4,1
   18522:	e618                	sd	a4,8(a2)
   18524:	00833703          	ld	a4,8(t1)
   18528:	8526                	mv	a0,s1
   1852a:	e036                	sd	a3,0(sp)
   1852c:	8b05                	andi	a4,a4,1
   1852e:	8fd9                	or	a5,a5,a4
   18530:	00f33423          	sd	a5,8(t1)
   18534:	f6ff80ef          	jal	114a2 <__malloc_unlock>
   18538:	6682                	ld	a3,0(sp)
   1853a:	b701                	j	1843a <_realloc_r+0x14a>
   1853c:	ff853683          	ld	a3,-8(a0)
   18540:	9af1                	andi	a3,a3,-4
   18542:	9736                	add	a4,a4,a3
   18544:	b5f1                	j	18410 <_realloc_r+0x120>
   18546:	600c                	ld	a1,0(s0)
   18548:	03700713          	li	a4,55
   1854c:	e10c                	sd	a1,0(a0)
   1854e:	640c                	ld	a1,8(s0)
   18550:	e50c                	sd	a1,8(a0)
   18552:	0cc76763          	bltu	a4,a2,18620 <_realloc_r+0x330>
   18556:	01040713          	addi	a4,s0,16
   1855a:	01050793          	addi	a5,a0,16
   1855e:	bd8d                	j	183d0 <_realloc_r+0xe0>
   18560:	01833683          	ld	a3,24(t1)
   18564:	01033583          	ld	a1,16(t1)
   18568:	ff870613          	addi	a2,a4,-8
   1856c:	04800513          	li	a0,72
   18570:	ed94                	sd	a3,24(a1)
   18572:	ea8c                	sd	a1,16(a3)
   18574:	01030693          	addi	a3,t1,16
   18578:	0ac56f63          	bltu	a0,a2,18636 <_realloc_r+0x346>
   1857c:	02700593          	li	a1,39
   18580:	8736                	mv	a4,a3
   18582:	00c5ff63          	bgeu	a1,a2,185a0 <_realloc_r+0x2b0>
   18586:	600c                	ld	a1,0(s0)
   18588:	03700713          	li	a4,55
   1858c:	00b33823          	sd	a1,16(t1)
   18590:	640c                	ld	a1,8(s0)
   18592:	00b33c23          	sd	a1,24(t1)
   18596:	0ec76d63          	bltu	a4,a2,18690 <_realloc_r+0x3a0>
   1859a:	0441                	addi	s0,s0,16
   1859c:	02030713          	addi	a4,t1,32
   185a0:	6010                	ld	a2,0(s0)
   185a2:	e310                	sd	a2,0(a4)
   185a4:	6410                	ld	a2,8(s0)
   185a6:	e710                	sd	a2,8(a4)
   185a8:	6810                	ld	a2,16(s0)
   185aa:	eb10                	sd	a2,16(a4)
   185ac:	8436                	mv	s0,a3
   185ae:	8746                	mv	a4,a7
   185b0:	861a                	mv	a2,t1
   185b2:	bdb9                	j	18410 <_realloc_r+0x120>
   185b4:	85a2                	mv	a1,s0
   185b6:	e02a                	sd	a0,0(sp)
   185b8:	f5cfd0ef          	jal	15d14 <memmove>
   185bc:	6682                	ld	a3,0(sp)
   185be:	bd39                	j	183dc <_realloc_r+0xec>
   185c0:	01883583          	ld	a1,24(a6)
   185c4:	01083503          	ld	a0,16(a6)
   185c8:	ff870613          	addi	a2,a4,-8
   185cc:	04800893          	li	a7,72
   185d0:	ed0c                	sd	a1,24(a0)
   185d2:	e988                	sd	a0,16(a1)
   185d4:	01833703          	ld	a4,24(t1)
   185d8:	01033583          	ld	a1,16(t1)
   185dc:	01030813          	addi	a6,t1,16
   185e0:	ed98                	sd	a4,24(a1)
   185e2:	eb0c                	sd	a1,16(a4)
   185e4:	08c8e963          	bltu	a7,a2,18676 <_realloc_r+0x386>
   185e8:	02700593          	li	a1,39
   185ec:	8742                	mv	a4,a6
   185ee:	00c5ff63          	bgeu	a1,a2,1860c <_realloc_r+0x31c>
   185f2:	600c                	ld	a1,0(s0)
   185f4:	03700713          	li	a4,55
   185f8:	00b33823          	sd	a1,16(t1)
   185fc:	640c                	ld	a1,8(s0)
   185fe:	00b33c23          	sd	a1,24(t1)
   18602:	0cc76263          	bltu	a4,a2,186c6 <_realloc_r+0x3d6>
   18606:	0441                	addi	s0,s0,16
   18608:	02030713          	addi	a4,t1,32
   1860c:	6010                	ld	a2,0(s0)
   1860e:	e310                	sd	a2,0(a4)
   18610:	6410                	ld	a2,8(s0)
   18612:	e710                	sd	a2,8(a4)
   18614:	6810                	ld	a2,16(s0)
   18616:	eb10                	sd	a2,16(a4)
   18618:	8442                	mv	s0,a6
   1861a:	8736                	mv	a4,a3
   1861c:	861a                	mv	a2,t1
   1861e:	bbcd                	j	18410 <_realloc_r+0x120>
   18620:	6818                	ld	a4,16(s0)
   18622:	e918                	sd	a4,16(a0)
   18624:	6c18                	ld	a4,24(s0)
   18626:	ed18                	sd	a4,24(a0)
   18628:	08f60663          	beq	a2,a5,186b4 <_realloc_r+0x3c4>
   1862c:	02040713          	addi	a4,s0,32
   18630:	02050793          	addi	a5,a0,32
   18634:	bb71                	j	183d0 <_realloc_r+0xe0>
   18636:	8536                	mv	a0,a3
   18638:	85a2                	mv	a1,s0
   1863a:	ec1a                	sd	t1,24(sp)
   1863c:	e83e                	sd	a5,16(sp)
   1863e:	e446                	sd	a7,8(sp)
   18640:	e036                	sd	a3,0(sp)
   18642:	ed2fd0ef          	jal	15d14 <memmove>
   18646:	6362                	ld	t1,24(sp)
   18648:	67c2                	ld	a5,16(sp)
   1864a:	68a2                	ld	a7,8(sp)
   1864c:	6682                	ld	a3,0(sp)
   1864e:	bfb9                	j	185ac <_realloc_r+0x2bc>
   18650:	963e                	add	a2,a2,a5
   18652:	40f80733          	sub	a4,a6,a5
   18656:	00ceb823          	sd	a2,16(t4)
   1865a:	00176713          	ori	a4,a4,1
   1865e:	e618                	sd	a4,8(a2)
   18660:	ff843703          	ld	a4,-8(s0)
   18664:	8526                	mv	a0,s1
   18666:	8b05                	andi	a4,a4,1
   18668:	8fd9                	or	a5,a5,a4
   1866a:	fef43c23          	sd	a5,-8(s0)
   1866e:	e35f80ef          	jal	114a2 <__malloc_unlock>
   18672:	86a2                	mv	a3,s0
   18674:	b3d9                	j	1843a <_realloc_r+0x14a>
   18676:	8542                	mv	a0,a6
   18678:	85a2                	mv	a1,s0
   1867a:	ec1a                	sd	t1,24(sp)
   1867c:	e83e                	sd	a5,16(sp)
   1867e:	e436                	sd	a3,8(sp)
   18680:	e042                	sd	a6,0(sp)
   18682:	e92fd0ef          	jal	15d14 <memmove>
   18686:	6802                	ld	a6,0(sp)
   18688:	66a2                	ld	a3,8(sp)
   1868a:	67c2                	ld	a5,16(sp)
   1868c:	6362                	ld	t1,24(sp)
   1868e:	b769                	j	18618 <_realloc_r+0x328>
   18690:	6818                	ld	a4,16(s0)
   18692:	02e33023          	sd	a4,32(t1)
   18696:	6c18                	ld	a4,24(s0)
   18698:	02e33423          	sd	a4,40(t1)
   1869c:	06a60463          	beq	a2,a0,18704 <_realloc_r+0x414>
   186a0:	02040413          	addi	s0,s0,32
   186a4:	03030713          	addi	a4,t1,48
   186a8:	bde5                	j	185a0 <_realloc_r+0x2b0>
   186aa:	8526                	mv	a0,s1
   186ac:	df7f80ef          	jal	114a2 <__malloc_unlock>
   186b0:	4681                	li	a3,0
   186b2:	bbe9                	j	1848c <_realloc_r+0x19c>
   186b4:	7010                	ld	a2,32(s0)
   186b6:	03040713          	addi	a4,s0,48
   186ba:	03050793          	addi	a5,a0,48
   186be:	f110                	sd	a2,32(a0)
   186c0:	7410                	ld	a2,40(s0)
   186c2:	f510                	sd	a2,40(a0)
   186c4:	b331                	j	183d0 <_realloc_r+0xe0>
   186c6:	680c                	ld	a1,16(s0)
   186c8:	04800713          	li	a4,72
   186cc:	02b33023          	sd	a1,32(t1)
   186d0:	6c0c                	ld	a1,24(s0)
   186d2:	02b33423          	sd	a1,40(t1)
   186d6:	06e60263          	beq	a2,a4,1873a <_realloc_r+0x44a>
   186da:	02040413          	addi	s0,s0,32
   186de:	03030713          	addi	a4,t1,48
   186e2:	b72d                	j	1860c <_realloc_r+0x31c>
   186e4:	8536                	mv	a0,a3
   186e6:	85a2                	mv	a1,s0
   186e8:	ec1a                	sd	t1,24(sp)
   186ea:	e83e                	sd	a5,16(sp)
   186ec:	e442                	sd	a6,8(sp)
   186ee:	e036                	sd	a3,0(sp)
   186f0:	e24fd0ef          	jal	15d14 <memmove>
   186f4:	67f5                	lui	a5,0x1d
   186f6:	9b078e93          	addi	t4,a5,-1616 # 1c9b0 <__malloc_av_>
   186fa:	6362                	ld	t1,24(sp)
   186fc:	67c2                	ld	a5,16(sp)
   186fe:	6822                	ld	a6,8(sp)
   18700:	6682                	ld	a3,0(sp)
   18702:	bd01                	j	18512 <_realloc_r+0x222>
   18704:	7010                	ld	a2,32(s0)
   18706:	04030713          	addi	a4,t1,64
   1870a:	03040413          	addi	s0,s0,48
   1870e:	02c33823          	sd	a2,48(t1)
   18712:	ff843603          	ld	a2,-8(s0)
   18716:	02c33c23          	sd	a2,56(t1)
   1871a:	b559                	j	185a0 <_realloc_r+0x2b0>
   1871c:	680c                	ld	a1,16(s0)
   1871e:	04800713          	li	a4,72
   18722:	02b33023          	sd	a1,32(t1)
   18726:	6c0c                	ld	a1,24(s0)
   18728:	02b33423          	sd	a1,40(t1)
   1872c:	02e60363          	beq	a2,a4,18752 <_realloc_r+0x462>
   18730:	02040413          	addi	s0,s0,32
   18734:	03030713          	addi	a4,t1,48
   18738:	b3f9                	j	18506 <_realloc_r+0x216>
   1873a:	7010                	ld	a2,32(s0)
   1873c:	04030713          	addi	a4,t1,64
   18740:	03040413          	addi	s0,s0,48
   18744:	02c33823          	sd	a2,48(t1)
   18748:	ff843603          	ld	a2,-8(s0)
   1874c:	02c33c23          	sd	a2,56(t1)
   18750:	bd75                	j	1860c <_realloc_r+0x31c>
   18752:	7010                	ld	a2,32(s0)
   18754:	04030713          	addi	a4,t1,64
   18758:	03040413          	addi	s0,s0,48
   1875c:	02c33823          	sd	a2,48(t1)
   18760:	ff843603          	ld	a2,-8(s0)
   18764:	02c33c23          	sd	a2,56(t1)
   18768:	bb79                	j	18506 <_realloc_r+0x216>

000000000001876a <_setlocale_r>:
   1876a:	c21d                	beqz	a2,18790 <_setlocale_r+0x26>
   1876c:	65ed                	lui	a1,0x1b
   1876e:	1101                	addi	sp,sp,-32
   18770:	2c858593          	addi	a1,a1,712 # 1b2c8 <__clzdi2+0x35e>
   18774:	8532                	mv	a0,a2
   18776:	e822                	sd	s0,16(sp)
   18778:	ec06                	sd	ra,24(sp)
   1877a:	8432                	mv	s0,a2
   1877c:	098000ef          	jal	18814 <strcmp>
   18780:	67ed                	lui	a5,0x1b
   18782:	e919                	bnez	a0,18798 <_setlocale_r+0x2e>
   18784:	2c078513          	addi	a0,a5,704 # 1b2c0 <__clzdi2+0x356>
   18788:	60e2                	ld	ra,24(sp)
   1878a:	6442                	ld	s0,16(sp)
   1878c:	6105                	addi	sp,sp,32
   1878e:	8082                	ret
   18790:	67ed                	lui	a5,0x1b
   18792:	2c078513          	addi	a0,a5,704 # 1b2c0 <__clzdi2+0x356>
   18796:	8082                	ret
   18798:	2c078593          	addi	a1,a5,704
   1879c:	8522                	mv	a0,s0
   1879e:	e43e                	sd	a5,8(sp)
   187a0:	074000ef          	jal	18814 <strcmp>
   187a4:	67a2                	ld	a5,8(sp)
   187a6:	dd79                	beqz	a0,18784 <_setlocale_r+0x1a>
   187a8:	65ed                	lui	a1,0x1b
   187aa:	8522                	mv	a0,s0
   187ac:	06058593          	addi	a1,a1,96 # 1b060 <__clzdi2+0xf6>
   187b0:	064000ef          	jal	18814 <strcmp>
   187b4:	67a2                	ld	a5,8(sp)
   187b6:	d579                	beqz	a0,18784 <_setlocale_r+0x1a>
   187b8:	4501                	li	a0,0
   187ba:	b7f9                	j	18788 <_setlocale_r+0x1e>

00000000000187bc <__locale_mb_cur_max>:
   187bc:	1581c503          	lbu	a0,344(gp) # 1d490 <__global_pointer$+0x158>
   187c0:	8082                	ret

00000000000187c2 <setlocale>:
   187c2:	c19d                	beqz	a1,187e8 <setlocale+0x26>
   187c4:	1101                	addi	sp,sp,-32
   187c6:	e822                	sd	s0,16(sp)
   187c8:	852e                	mv	a0,a1
   187ca:	842e                	mv	s0,a1
   187cc:	65ed                	lui	a1,0x1b
   187ce:	2c858593          	addi	a1,a1,712 # 1b2c8 <__clzdi2+0x35e>
   187d2:	ec06                	sd	ra,24(sp)
   187d4:	040000ef          	jal	18814 <strcmp>
   187d8:	67ed                	lui	a5,0x1b
   187da:	e919                	bnez	a0,187f0 <setlocale+0x2e>
   187dc:	2c078513          	addi	a0,a5,704 # 1b2c0 <__clzdi2+0x356>
   187e0:	60e2                	ld	ra,24(sp)
   187e2:	6442                	ld	s0,16(sp)
   187e4:	6105                	addi	sp,sp,32
   187e6:	8082                	ret
   187e8:	67ed                	lui	a5,0x1b
   187ea:	2c078513          	addi	a0,a5,704 # 1b2c0 <__clzdi2+0x356>
   187ee:	8082                	ret
   187f0:	2c078593          	addi	a1,a5,704
   187f4:	8522                	mv	a0,s0
   187f6:	e43e                	sd	a5,8(sp)
   187f8:	01c000ef          	jal	18814 <strcmp>
   187fc:	67a2                	ld	a5,8(sp)
   187fe:	dd79                	beqz	a0,187dc <setlocale+0x1a>
   18800:	65ed                	lui	a1,0x1b
   18802:	8522                	mv	a0,s0
   18804:	06058593          	addi	a1,a1,96 # 1b060 <__clzdi2+0xf6>
   18808:	00c000ef          	jal	18814 <strcmp>
   1880c:	67a2                	ld	a5,8(sp)
   1880e:	d579                	beqz	a0,187dc <setlocale+0x1a>
   18810:	4501                	li	a0,0
   18812:	b7f9                	j	187e0 <setlocale+0x1e>

0000000000018814 <strcmp>:
   18814:	00b56733          	or	a4,a0,a1
   18818:	53fd                	li	t2,-1
   1881a:	8b1d                	andi	a4,a4,7
   1881c:	eb4d                	bnez	a4,188ce <strcmp+0xba>
   1881e:	00005797          	auipc	a5,0x5
   18822:	d227b783          	ld	a5,-734(a5) # 1d540 <mask>
   18826:	6110                	ld	a2,0(a0)
   18828:	6194                	ld	a3,0(a1)
   1882a:	00f672b3          	and	t0,a2,a5
   1882e:	00f66333          	or	t1,a2,a5
   18832:	92be                	add	t0,t0,a5
   18834:	0062e2b3          	or	t0,t0,t1
   18838:	0a729963          	bne	t0,t2,188ea <strcmp+0xd6>
   1883c:	02d61e63          	bne	a2,a3,18878 <strcmp+0x64>
   18840:	6510                	ld	a2,8(a0)
   18842:	6594                	ld	a3,8(a1)
   18844:	00f672b3          	and	t0,a2,a5
   18848:	00f66333          	or	t1,a2,a5
   1884c:	92be                	add	t0,t0,a5
   1884e:	0062e2b3          	or	t0,t0,t1
   18852:	08729a63          	bne	t0,t2,188e6 <strcmp+0xd2>
   18856:	02d61163          	bne	a2,a3,18878 <strcmp+0x64>
   1885a:	6910                	ld	a2,16(a0)
   1885c:	6994                	ld	a3,16(a1)
   1885e:	00f672b3          	and	t0,a2,a5
   18862:	00f66333          	or	t1,a2,a5
   18866:	92be                	add	t0,t0,a5
   18868:	0062e2b3          	or	t0,t0,t1
   1886c:	08729363          	bne	t0,t2,188f2 <strcmp+0xde>
   18870:	0561                	addi	a0,a0,24
   18872:	05e1                	addi	a1,a1,24
   18874:	fad609e3          	beq	a2,a3,18826 <strcmp+0x12>
   18878:	03061713          	slli	a4,a2,0x30
   1887c:	03069793          	slli	a5,a3,0x30
   18880:	02f71863          	bne	a4,a5,188b0 <strcmp+0x9c>
   18884:	02061713          	slli	a4,a2,0x20
   18888:	02069793          	slli	a5,a3,0x20
   1888c:	02f71263          	bne	a4,a5,188b0 <strcmp+0x9c>
   18890:	01061713          	slli	a4,a2,0x10
   18894:	01069793          	slli	a5,a3,0x10
   18898:	00f71c63          	bne	a4,a5,188b0 <strcmp+0x9c>
   1889c:	03065713          	srli	a4,a2,0x30
   188a0:	0306d793          	srli	a5,a3,0x30
   188a4:	40f70533          	sub	a0,a4,a5
   188a8:	0ff57593          	zext.b	a1,a0
   188ac:	e991                	bnez	a1,188c0 <strcmp+0xac>
   188ae:	8082                	ret
   188b0:	9341                	srli	a4,a4,0x30
   188b2:	93c1                	srli	a5,a5,0x30
   188b4:	40f70533          	sub	a0,a4,a5
   188b8:	0ff57593          	zext.b	a1,a0
   188bc:	e191                	bnez	a1,188c0 <strcmp+0xac>
   188be:	8082                	ret
   188c0:	0ff77713          	zext.b	a4,a4
   188c4:	0ff7f793          	zext.b	a5,a5
   188c8:	40f70533          	sub	a0,a4,a5
   188cc:	8082                	ret
   188ce:	00054603          	lbu	a2,0(a0)
   188d2:	0005c683          	lbu	a3,0(a1)
   188d6:	0505                	addi	a0,a0,1
   188d8:	0585                	addi	a1,a1,1
   188da:	00d61363          	bne	a2,a3,188e0 <strcmp+0xcc>
   188de:	fa65                	bnez	a2,188ce <strcmp+0xba>
   188e0:	40d60533          	sub	a0,a2,a3
   188e4:	8082                	ret
   188e6:	0521                	addi	a0,a0,8
   188e8:	05a1                	addi	a1,a1,8
   188ea:	fed612e3          	bne	a2,a3,188ce <strcmp+0xba>
   188ee:	4501                	li	a0,0
   188f0:	8082                	ret
   188f2:	0541                	addi	a0,a0,16
   188f4:	05c1                	addi	a1,a1,16
   188f6:	fcd61ce3          	bne	a2,a3,188ce <strcmp+0xba>
   188fa:	4501                	li	a0,0
   188fc:	8082                	ret

00000000000188fe <__assert_func>:
   188fe:	2281b783          	ld	a5,552(gp) # 1d560 <_impure_ptr>
   18902:	1141                	addi	sp,sp,-16
   18904:	8832                	mv	a6,a2
   18906:	e406                	sd	ra,8(sp)
   18908:	832a                	mv	t1,a0
   1890a:	872e                	mv	a4,a1
   1890c:	6f88                	ld	a0,24(a5)
   1890e:	8636                	mv	a2,a3
   18910:	00080d63          	beqz	a6,1892a <__assert_func+0x2c>
   18914:	67ed                	lui	a5,0x1b
   18916:	2d878793          	addi	a5,a5,728 # 1b2d8 <__clzdi2+0x36e>
   1891a:	65ed                	lui	a1,0x1b
   1891c:	869a                	mv	a3,t1
   1891e:	2e858593          	addi	a1,a1,744 # 1b2e8 <__clzdi2+0x37e>
   18922:	0aa000ef          	jal	189cc <fiprintf>
   18926:	69f000ef          	jal	197c4 <abort>
   1892a:	67ed                	lui	a5,0x1b
   1892c:	06078793          	addi	a5,a5,96 # 1b060 <__clzdi2+0xf6>
   18930:	883e                	mv	a6,a5
   18932:	b7e5                	j	1891a <__assert_func+0x1c>

0000000000018934 <__assert>:
   18934:	1141                	addi	sp,sp,-16
   18936:	86b2                	mv	a3,a2
   18938:	4601                	li	a2,0
   1893a:	e406                	sd	ra,8(sp)
   1893c:	fc3ff0ef          	jal	188fe <__assert_func>

0000000000018940 <_mbtowc_r>:
   18940:	0e01b783          	ld	a5,224(gp) # 1d418 <__global_pointer$+0xe0>
   18944:	8782                	jr	a5

0000000000018946 <__ascii_mbtowc>:
   18946:	c999                	beqz	a1,1895c <__ascii_mbtowc+0x16>
   18948:	c61d                	beqz	a2,18976 <__ascii_mbtowc+0x30>
   1894a:	ca95                	beqz	a3,1897e <__ascii_mbtowc+0x38>
   1894c:	00064783          	lbu	a5,0(a2)
   18950:	c19c                	sw	a5,0(a1)
   18952:	00064503          	lbu	a0,0(a2)
   18956:	00a03533          	snez	a0,a0
   1895a:	8082                	ret
   1895c:	1141                	addi	sp,sp,-16
   1895e:	006c                	addi	a1,sp,12
   18960:	ce09                	beqz	a2,1897a <__ascii_mbtowc+0x34>
   18962:	c285                	beqz	a3,18982 <__ascii_mbtowc+0x3c>
   18964:	00064783          	lbu	a5,0(a2)
   18968:	c19c                	sw	a5,0(a1)
   1896a:	00064503          	lbu	a0,0(a2)
   1896e:	00a03533          	snez	a0,a0
   18972:	0141                	addi	sp,sp,16
   18974:	8082                	ret
   18976:	4501                	li	a0,0
   18978:	8082                	ret
   1897a:	4501                	li	a0,0
   1897c:	bfdd                	j	18972 <__ascii_mbtowc+0x2c>
   1897e:	5579                	li	a0,-2
   18980:	8082                	ret
   18982:	5579                	li	a0,-2
   18984:	b7fd                	j	18972 <__ascii_mbtowc+0x2c>

0000000000018986 <_wctomb_r>:
   18986:	0d81b783          	ld	a5,216(gp) # 1d410 <__global_pointer$+0xd8>
   1898a:	8782                	jr	a5

000000000001898c <__ascii_wctomb>:
   1898c:	cd91                	beqz	a1,189a8 <__ascii_wctomb+0x1c>
   1898e:	0ff00793          	li	a5,255
   18992:	00c7e663          	bltu	a5,a2,1899e <__ascii_wctomb+0x12>
   18996:	00c58023          	sb	a2,0(a1)
   1899a:	4505                	li	a0,1
   1899c:	8082                	ret
   1899e:	08a00793          	li	a5,138
   189a2:	c11c                	sw	a5,0(a0)
   189a4:	557d                	li	a0,-1
   189a6:	8082                	ret
   189a8:	4501                	li	a0,0
   189aa:	8082                	ret

00000000000189ac <_fiprintf_r>:
   189ac:	715d                	addi	sp,sp,-80
   189ae:	02810313          	addi	t1,sp,40
   189b2:	f436                	sd	a3,40(sp)
   189b4:	869a                	mv	a3,t1
   189b6:	ec06                	sd	ra,24(sp)
   189b8:	f83a                	sd	a4,48(sp)
   189ba:	fc3e                	sd	a5,56(sp)
   189bc:	e0c2                	sd	a6,64(sp)
   189be:	e4c6                	sd	a7,72(sp)
   189c0:	e41a                	sd	t1,8(sp)
   189c2:	038000ef          	jal	189fa <_vfiprintf_r>
   189c6:	60e2                	ld	ra,24(sp)
   189c8:	6161                	addi	sp,sp,80
   189ca:	8082                	ret

00000000000189cc <fiprintf>:
   189cc:	715d                	addi	sp,sp,-80
   189ce:	8eaa                	mv	t4,a0
   189d0:	2281b503          	ld	a0,552(gp) # 1d560 <_impure_ptr>
   189d4:	8e2e                	mv	t3,a1
   189d6:	02010313          	addi	t1,sp,32
   189da:	f032                	sd	a2,32(sp)
   189dc:	f436                	sd	a3,40(sp)
   189de:	85f6                	mv	a1,t4
   189e0:	8672                	mv	a2,t3
   189e2:	869a                	mv	a3,t1
   189e4:	ec06                	sd	ra,24(sp)
   189e6:	f83a                	sd	a4,48(sp)
   189e8:	fc3e                	sd	a5,56(sp)
   189ea:	e0c2                	sd	a6,64(sp)
   189ec:	e4c6                	sd	a7,72(sp)
   189ee:	e41a                	sd	t1,8(sp)
   189f0:	00a000ef          	jal	189fa <_vfiprintf_r>
   189f4:	60e2                	ld	ra,24(sp)
   189f6:	6161                	addi	sp,sp,80
   189f8:	8082                	ret

00000000000189fa <_vfiprintf_r>:
   189fa:	7145                	addi	sp,sp,-464
   189fc:	fb4a                	sd	s2,432(sp)
   189fe:	e362                	sd	s8,384(sp)
   18a00:	f6ee                	sd	s11,360(sp)
   18a02:	e786                	sd	ra,456(sp)
   18a04:	e02a                	sd	a0,0(sp)
   18a06:	8db2                	mv	s11,a2
   18a08:	8c36                	mv	s8,a3
   18a0a:	892e                	mv	s2,a1
   18a0c:	c501                	beqz	a0,18a14 <_vfiprintf_r+0x1a>
   18a0e:	653c                	ld	a5,72(a0)
   18a10:	360780e3          	beqz	a5,19570 <_vfiprintf_r+0xb76>
   18a14:	01091783          	lh	a5,16(s2)
   18a18:	0ac92703          	lw	a4,172(s2)
   18a1c:	6609                	lui	a2,0x2
   18a1e:	03279693          	slli	a3,a5,0x32
   18a22:	2606c563          	bltz	a3,18c8c <_vfiprintf_r+0x292>
   18a26:	76f9                	lui	a3,0xffffe
   18a28:	8fd1                	or	a5,a5,a2
   18a2a:	16fd                	addi	a3,a3,-1 # ffffffffffffdfff <__BSS_END__+0xfffffffffffe04c7>
   18a2c:	8f75                	and	a4,a4,a3
   18a2e:	00f91823          	sh	a5,16(s2)
   18a32:	0107979b          	slliw	a5,a5,0x10
   18a36:	4107d79b          	sraiw	a5,a5,0x10
   18a3a:	0ae92623          	sw	a4,172(s2)
   18a3e:	0087f713          	andi	a4,a5,8
   18a42:	1c070963          	beqz	a4,18c14 <_vfiprintf_r+0x21a>
   18a46:	01893703          	ld	a4,24(s2)
   18a4a:	1c070563          	beqz	a4,18c14 <_vfiprintf_r+0x21a>
   18a4e:	8be9                	andi	a5,a5,26
   18a50:	4729                	li	a4,10
   18a52:	1ce78c63          	beq	a5,a4,18c2a <_vfiprintf_r+0x230>
   18a56:	676d                	lui	a4,0x1b
   18a58:	ef56                	sd	s5,408(sp)
   18a5a:	eb5a                	sd	s6,400(sp)
   18a5c:	0e010a93          	addi	s5,sp,224
   18a60:	6b71                	lui	s6,0x1c
   18a62:	70070713          	addi	a4,a4,1792 # 1b700 <__mprec_tens+0xc8>
   18a66:	e3a2                	sd	s0,448(sp)
   18a68:	ff26                	sd	s1,440(sp)
   18a6a:	f74e                	sd	s3,424(sp)
   18a6c:	f352                	sd	s4,416(sp)
   18a6e:	e75e                	sd	s7,392(sp)
   18a70:	fee6                	sd	s9,376(sp)
   18a72:	faea                	sd	s10,368(sp)
   18a74:	f882                	sd	zero,112(sp)
   18a76:	d482                	sw	zero,104(sp)
   18a78:	f0d6                	sd	s5,96(sp)
   18a7a:	87d6                	mv	a5,s5
   18a7c:	ec3a                	sd	a4,24(sp)
   18a7e:	870b0b13          	addi	s6,s6,-1936 # 1b870 <zeroes.0>
   18a82:	f802                	sd	zero,48(sp)
   18a84:	e082                	sd	zero,64(sp)
   18a86:	fc02                	sd	zero,56(sp)
   18a88:	e402                	sd	zero,8(sp)
   18a8a:	4441                	li	s0,16
   18a8c:	cc517057          	vsetivli	zero,2,e8,mf8,ta,ma
   18a90:	000dc683          	lbu	a3,0(s11)
   18a94:	84ee                	mv	s1,s11
   18a96:	fdb68713          	addi	a4,a3,-37
   18a9a:	0006861b          	sext.w	a2,a3
   18a9e:	c721                	beqz	a4,18ae6 <_vfiprintf_r+0xec>
   18aa0:	c239                	beqz	a2,18ae6 <_vfiprintf_r+0xec>
   18aa2:	89a6                	mv	s3,s1
   18aa4:	0014c683          	lbu	a3,1(s1)
   18aa8:	0485                	addi	s1,s1,1
   18aaa:	0006871b          	sext.w	a4,a3
   18aae:	c681                	beqz	a3,18ab6 <_vfiprintf_r+0xbc>
   18ab0:	fdb70713          	addi	a4,a4,-37
   18ab4:	f77d                	bnez	a4,18aa2 <_vfiprintf_r+0xa8>
   18ab6:	41b48bbb          	subw	s7,s1,s11
   18aba:	020b8663          	beqz	s7,18ae6 <_vfiprintf_r+0xec>
   18abe:	76c6                	ld	a3,112(sp)
   18ac0:	5726                	lw	a4,104(sp)
   18ac2:	01b7b023          	sd	s11,0(a5)
   18ac6:	96de                	add	a3,a3,s7
   18ac8:	2705                	addiw	a4,a4,1
   18aca:	0177b423          	sd	s7,8(a5)
   18ace:	f8b6                	sd	a3,112(sp)
   18ad0:	d4ba                	sw	a4,104(sp)
   18ad2:	469d                	li	a3,7
   18ad4:	07c1                	addi	a5,a5,16
   18ad6:	16e6c963          	blt	a3,a4,18c48 <_vfiprintf_r+0x24e>
   18ada:	6722                	ld	a4,8(sp)
   18adc:	0019c683          	lbu	a3,1(s3)
   18ae0:	0177073b          	addw	a4,a4,s7
   18ae4:	e43a                	sd	a4,8(sp)
   18ae6:	16068b63          	beqz	a3,18c5c <_vfiprintf_r+0x262>
   18aea:	0014c703          	lbu	a4,1(s1)
   18aee:	00148d93          	addi	s11,s1,1
   18af2:	04010ba3          	sb	zero,87(sp)
   18af6:	587d                	li	a6,-1
   18af8:	4481                	li	s1,0
   18afa:	4a01                	li	s4,0
   18afc:	05a00993          	li	s3,90
   18b00:	0d85                	addi	s11,s11,1
   18b02:	2701                	sext.w	a4,a4
   18b04:	fe07069b          	addiw	a3,a4,-32
   18b08:	04d9e263          	bltu	s3,a3,18b4c <_vfiprintf_r+0x152>
   18b0c:	02069613          	slli	a2,a3,0x20
   18b10:	01e65693          	srli	a3,a2,0x1e
   18b14:	6662                	ld	a2,24(sp)
   18b16:	96b2                	add	a3,a3,a2
   18b18:	4294                	lw	a3,0(a3)
   18b1a:	8682                	jr	a3
   18b1c:	4481                	li	s1,0
   18b1e:	4525                	li	a0,9
   18b20:	000dc603          	lbu	a2,0(s11)
   18b24:	0024969b          	slliw	a3,s1,0x2
   18b28:	9ea5                	addw	a3,a3,s1
   18b2a:	fd07071b          	addiw	a4,a4,-48
   18b2e:	0016969b          	slliw	a3,a3,0x1
   18b32:	fd06059b          	addiw	a1,a2,-48 # 1fd0 <exit-0xe150>
   18b36:	0d85                	addi	s11,s11,1
   18b38:	00d704bb          	addw	s1,a4,a3
   18b3c:	0006071b          	sext.w	a4,a2
   18b40:	feb570e3          	bgeu	a0,a1,18b20 <_vfiprintf_r+0x126>
   18b44:	fe07069b          	addiw	a3,a4,-32
   18b48:	fcd9f2e3          	bgeu	s3,a3,18b0c <_vfiprintf_r+0x112>
   18b4c:	10070863          	beqz	a4,18c5c <_vfiprintf_r+0x262>
   18b50:	4b85                	li	s7,1
   18b52:	06e10c23          	sb	a4,120(sp)
   18b56:	04010ba3          	sb	zero,87(sp)
   18b5a:	89de                	mv	s3,s7
   18b5c:	4801                	li	a6,0
   18b5e:	07810c93          	addi	s9,sp,120
   18b62:	75c6                	ld	a1,112(sp)
   18b64:	5626                	lw	a2,104(sp)
   18b66:	084a7f13          	andi	t5,s4,132
   18b6a:	86ae                	mv	a3,a1
   18b6c:	8732                	mv	a4,a2
   18b6e:	040f1663          	bnez	t5,18bba <_vfiprintf_r+0x1c0>
   18b72:	41348d3b          	subw	s10,s1,s3
   18b76:	79a04f63          	bgtz	s10,19314 <_vfiprintf_r+0x91a>
   18b7a:	05714603          	lbu	a2,87(sp)
   18b7e:	c231                	beqz	a2,18bc2 <_vfiprintf_r+0x1c8>
   18b80:	4f01                	li	t5,0
   18b82:	f402                	sd	zero,40(sp)
   18b84:	05710613          	addi	a2,sp,87
   18b88:	e390                	sd	a2,0(a5)
   18b8a:	0685                	addi	a3,a3,1
   18b8c:	4605                	li	a2,1
   18b8e:	2705                	addiw	a4,a4,1
   18b90:	e790                	sd	a2,8(a5)
   18b92:	f8b6                	sd	a3,112(sp)
   18b94:	d4ba                	sw	a4,104(sp)
   18b96:	461d                	li	a2,7
   18b98:	07c1                	addi	a5,a5,16
   18b9a:	6ae64063          	blt	a2,a4,1923a <_vfiprintf_r+0x840>
   18b9e:	7622                	ld	a2,40(sp)
   18ba0:	ce09                	beqz	a2,18bba <_vfiprintf_r+0x1c0>
   18ba2:	08b0                	addi	a2,sp,88
   18ba4:	e390                	sd	a2,0(a5)
   18ba6:	0689                	addi	a3,a3,2
   18ba8:	4609                	li	a2,2
   18baa:	2705                	addiw	a4,a4,1
   18bac:	e790                	sd	a2,8(a5)
   18bae:	f8b6                	sd	a3,112(sp)
   18bb0:	d4ba                	sw	a4,104(sp)
   18bb2:	461d                	li	a2,7
   18bb4:	07c1                	addi	a5,a5,16
   18bb6:	66e64163          	blt	a2,a4,19218 <_vfiprintf_r+0x81e>
   18bba:	08000613          	li	a2,128
   18bbe:	52cf0063          	beq	t5,a2,190de <_vfiprintf_r+0x6e4>
   18bc2:	41780d3b          	subw	s10,a6,s7
   18bc6:	5ba04863          	bgtz	s10,19176 <_vfiprintf_r+0x77c>
   18bca:	96de                	add	a3,a3,s7
   18bcc:	2705                	addiw	a4,a4,1
   18bce:	0197b023          	sd	s9,0(a5)
   18bd2:	0177b423          	sd	s7,8(a5)
   18bd6:	f8b6                	sd	a3,112(sp)
   18bd8:	d4ba                	sw	a4,104(sp)
   18bda:	461d                	li	a2,7
   18bdc:	07c1                	addi	a5,a5,16
   18bde:	60e64763          	blt	a2,a4,191ec <_vfiprintf_r+0x7f2>
   18be2:	004a7313          	andi	t1,s4,4
   18be6:	00030663          	beqz	t1,18bf2 <_vfiprintf_r+0x1f8>
   18bea:	41348bbb          	subw	s7,s1,s3
   18bee:	67704763          	bgtz	s7,1925c <_vfiprintf_r+0x862>
   18bf2:	87a6                	mv	a5,s1
   18bf4:	0134d363          	bge	s1,s3,18bfa <_vfiprintf_r+0x200>
   18bf8:	87ce                	mv	a5,s3
   18bfa:	6722                	ld	a4,8(sp)
   18bfc:	9fb9                	addw	a5,a5,a4
   18bfe:	e43e                	sd	a5,8(sp)
   18c00:	60069263          	bnez	a3,19204 <_vfiprintf_r+0x80a>
   18c04:	d482                	sw	zero,104(sp)
   18c06:	87d6                	mv	a5,s5
   18c08:	b561                	j	18a90 <_vfiprintf_r+0x96>
   18c0a:	000dc703          	lbu	a4,0(s11)
   18c0e:	010a6a13          	ori	s4,s4,16
   18c12:	b5fd                	j	18b00 <_vfiprintf_r+0x106>
   18c14:	6502                	ld	a0,0(sp)
   18c16:	85ca                	mv	a1,s2
   18c18:	e77fc0ef          	jal	15a8e <__swsetup_r>
   18c1c:	ed25                	bnez	a0,18c94 <_vfiprintf_r+0x29a>
   18c1e:	01091783          	lh	a5,16(s2)
   18c22:	4729                	li	a4,10
   18c24:	8be9                	andi	a5,a5,26
   18c26:	e2e798e3          	bne	a5,a4,18a56 <_vfiprintf_r+0x5c>
   18c2a:	01291783          	lh	a5,18(s2)
   18c2e:	e207c4e3          	bltz	a5,18a56 <_vfiprintf_r+0x5c>
   18c32:	6502                	ld	a0,0(sp)
   18c34:	60be                	ld	ra,456(sp)
   18c36:	86e2                	mv	a3,s8
   18c38:	866e                	mv	a2,s11
   18c3a:	6c1a                	ld	s8,384(sp)
   18c3c:	7db6                	ld	s11,360(sp)
   18c3e:	85ca                	mv	a1,s2
   18c40:	795a                	ld	s2,432(sp)
   18c42:	6179                	addi	sp,sp,464
   18c44:	2ef0006f          	j	19732 <__sbprintf>
   18c48:	6502                	ld	a0,0(sp)
   18c4a:	1090                	addi	a2,sp,96
   18c4c:	85ca                	mv	a1,s2
   18c4e:	8a7fc0ef          	jal	154f4 <__sprint_r>
   18c52:	e901                	bnez	a0,18c62 <_vfiprintf_r+0x268>
   18c54:	87d6                	mv	a5,s5
   18c56:	cc517057          	vsetivli	zero,2,e8,mf8,ta,ma
   18c5a:	b541                	j	18ada <_vfiprintf_r+0xe0>
   18c5c:	77c6                	ld	a5,112(sp)
   18c5e:	1e079ae3          	bnez	a5,19652 <_vfiprintf_r+0xc58>
   18c62:	01095783          	lhu	a5,16(s2)
   18c66:	641e                	ld	s0,448(sp)
   18c68:	74fa                	ld	s1,440(sp)
   18c6a:	0407f793          	andi	a5,a5,64
   18c6e:	79ba                	ld	s3,424(sp)
   18c70:	7a1a                	ld	s4,416(sp)
   18c72:	6afa                	ld	s5,408(sp)
   18c74:	6b5a                	ld	s6,400(sp)
   18c76:	6bba                	ld	s7,392(sp)
   18c78:	7cf6                	ld	s9,376(sp)
   18c7a:	7d56                	ld	s10,368(sp)
   18c7c:	ef81                	bnez	a5,18c94 <_vfiprintf_r+0x29a>
   18c7e:	60be                	ld	ra,456(sp)
   18c80:	6522                	ld	a0,8(sp)
   18c82:	795a                	ld	s2,432(sp)
   18c84:	6c1a                	ld	s8,384(sp)
   18c86:	7db6                	ld	s11,360(sp)
   18c88:	6179                	addi	sp,sp,464
   18c8a:	8082                	ret
   18c8c:	03271693          	slli	a3,a4,0x32
   18c90:	da06d7e3          	bgez	a3,18a3e <_vfiprintf_r+0x44>
   18c94:	57fd                	li	a5,-1
   18c96:	e43e                	sd	a5,8(sp)
   18c98:	b7dd                	j	18c7e <_vfiprintf_r+0x284>
   18c9a:	020a7693          	andi	a3,s4,32
   18c9e:	008c0713          	addi	a4,s8,8
   18ca2:	eaf1                	bnez	a3,18d76 <_vfiprintf_r+0x37c>
   18ca4:	010a7693          	andi	a3,s4,16
   18ca8:	260698e3          	bnez	a3,19718 <_vfiprintf_r+0xd1e>
   18cac:	040a7693          	andi	a3,s4,64
   18cb0:	000c2d03          	lw	s10,0(s8)
   18cb4:	100680e3          	beqz	a3,195b4 <_vfiprintf_r+0xbba>
   18cb8:	010d1d1b          	slliw	s10,s10,0x10
   18cbc:	410d5d1b          	sraiw	s10,s10,0x10
   18cc0:	8c3a                	mv	s8,a4
   18cc2:	86ea                	mv	a3,s10
   18cc4:	0a06cf63          	bltz	a3,18d82 <_vfiprintf_r+0x388>
   18cc8:	0c084763          	bltz	a6,18d96 <_vfiprintf_r+0x39c>
   18ccc:	f7fa7a13          	andi	s4,s4,-129
   18cd0:	0c081363          	bnez	a6,18d96 <_vfiprintf_r+0x39c>
   18cd4:	0c0d1163          	bnez	s10,18d96 <_vfiprintf_r+0x39c>
   18cd8:	05714703          	lbu	a4,87(sp)
   18cdc:	4b81                	li	s7,0
   18cde:	4801                	li	a6,0
   18ce0:	0dc10c93          	addi	s9,sp,220
   18ce4:	28070963          	beqz	a4,18f76 <_vfiprintf_r+0x57c>
   18ce8:	4985                	li	s3,1
   18cea:	76c6                	ld	a3,112(sp)
   18cec:	5726                	lw	a4,104(sp)
   18cee:	084a7f13          	andi	t5,s4,132
   18cf2:	85b6                	mv	a1,a3
   18cf4:	863a                	mv	a2,a4
   18cf6:	e60f0ee3          	beqz	t5,18b72 <_vfiprintf_r+0x178>
   18cfa:	f402                	sd	zero,40(sp)
   18cfc:	b561                	j	18b84 <_vfiprintf_r+0x18a>
   18cfe:	000c3c83          	ld	s9,0(s8)
   18d02:	04010ba3          	sb	zero,87(sp)
   18d06:	0c21                	addi	s8,s8,8
   18d08:	080c86e3          	beqz	s9,19594 <_vfiprintf_r+0xb9a>
   18d0c:	7a084863          	bltz	a6,194bc <_vfiprintf_r+0xac2>
   18d10:	8642                	mv	a2,a6
   18d12:	4581                	li	a1,0
   18d14:	8566                	mv	a0,s9
   18d16:	f03e                	sd	a5,32(sp)
   18d18:	e842                	sd	a6,16(sp)
   18d1a:	e65fc0ef          	jal	15b7e <memchr>
   18d1e:	05714703          	lbu	a4,87(sp)
   18d22:	6842                	ld	a6,16(sp)
   18d24:	7782                	ld	a5,32(sp)
   18d26:	1a0503e3          	beqz	a0,196cc <_vfiprintf_r+0xcd2>
   18d2a:	41950bbb          	subw	s7,a0,s9
   18d2e:	86de                	mv	a3,s7
   18d30:	000bd363          	bgez	s7,18d36 <_vfiprintf_r+0x33c>
   18d34:	4681                	li	a3,0
   18d36:	0006899b          	sext.w	s3,a3
   18d3a:	7a070e63          	beqz	a4,194f6 <_vfiprintf_r+0xafc>
   18d3e:	0016899b          	addiw	s3,a3,1
   18d42:	4801                	li	a6,0
   18d44:	cc517057          	vsetivli	zero,2,e8,mf8,ta,ma
   18d48:	b74d                	j	18cea <_vfiprintf_r+0x2f0>
   18d4a:	000c2703          	lw	a4,0(s8)
   18d4e:	4b85                	li	s7,1
   18d50:	04010ba3          	sb	zero,87(sp)
   18d54:	06e10c23          	sb	a4,120(sp)
   18d58:	0c21                	addi	s8,s8,8
   18d5a:	89de                	mv	s3,s7
   18d5c:	4801                	li	a6,0
   18d5e:	07810c93          	addi	s9,sp,120
   18d62:	b501                	j	18b62 <_vfiprintf_r+0x168>
   18d64:	020a7713          	andi	a4,s4,32
   18d68:	010a6313          	ori	t1,s4,16
   18d6c:	66070963          	beqz	a4,193de <_vfiprintf_r+0x9e4>
   18d70:	8a1a                	mv	s4,t1
   18d72:	008c0713          	addi	a4,s8,8
   18d76:	000c3683          	ld	a3,0(s8)
   18d7a:	8c3a                	mv	s8,a4
   18d7c:	8d36                	mv	s10,a3
   18d7e:	f406d5e3          	bgez	a3,18cc8 <_vfiprintf_r+0x2ce>
   18d82:	02d00713          	li	a4,45
   18d86:	04e10ba3          	sb	a4,87(sp)
   18d8a:	41a00d33          	neg	s10,s10
   18d8e:	00084463          	bltz	a6,18d96 <_vfiprintf_r+0x39c>
   18d92:	f7fa7a13          	andi	s4,s4,-129
   18d96:	46a5                	li	a3,9
   18d98:	1fa6ef63          	bltu	a3,s10,18f96 <_vfiprintf_r+0x59c>
   18d9c:	030d0d1b          	addiw	s10,s10,48
   18da0:	0da10da3          	sb	s10,219(sp)
   18da4:	8742                	mv	a4,a6
   18da6:	01004363          	bgtz	a6,18dac <_vfiprintf_r+0x3b2>
   18daa:	4705                	li	a4,1
   18dac:	05714683          	lbu	a3,87(sp)
   18db0:	0007099b          	sext.w	s3,a4
   18db4:	5e069e63          	bnez	a3,193b0 <_vfiprintf_r+0x9b6>
   18db8:	4b85                	li	s7,1
   18dba:	0db10c93          	addi	s9,sp,219
   18dbe:	b355                	j	18b62 <_vfiprintf_r+0x168>
   18dc0:	000c2483          	lw	s1,0(s8)
   18dc4:	5c04db63          	bgez	s1,1939a <_vfiprintf_r+0x9a0>
   18dc8:	409004bb          	negw	s1,s1
   18dcc:	0c21                	addi	s8,s8,8
   18dce:	000dc703          	lbu	a4,0(s11)
   18dd2:	004a6a13          	ori	s4,s4,4
   18dd6:	b32d                	j	18b00 <_vfiprintf_r+0x106>
   18dd8:	02b00713          	li	a4,43
   18ddc:	04e10ba3          	sb	a4,87(sp)
   18de0:	000dc703          	lbu	a4,0(s11)
   18de4:	bb31                	j	18b00 <_vfiprintf_r+0x106>
   18de6:	020a7713          	andi	a4,s4,32
   18dea:	18071863          	bnez	a4,18f7a <_vfiprintf_r+0x580>
   18dee:	010a7993          	andi	s3,s4,16
   18df2:	008c0713          	addi	a4,s8,8
   18df6:	120993e3          	bnez	s3,1971c <_vfiprintf_r+0xd22>
   18dfa:	040a7693          	andi	a3,s4,64
   18dfe:	000c2d03          	lw	s10,0(s8)
   18e02:	6e068f63          	beqz	a3,19500 <_vfiprintf_r+0xb06>
   18e06:	1d42                	slli	s10,s10,0x30
   18e08:	04010ba3          	sb	zero,87(sp)
   18e0c:	030d5d13          	srli	s10,s10,0x30
   18e10:	70084263          	bltz	a6,19514 <_vfiprintf_r+0xb1a>
   18e14:	f7fa7a13          	andi	s4,s4,-129
   18e18:	6e0d1e63          	bnez	s10,19514 <_vfiprintf_r+0xb1a>
   18e1c:	6e081c63          	bnez	a6,19514 <_vfiprintf_r+0xb1a>
   18e20:	8c3a                	mv	s8,a4
   18e22:	4b81                	li	s7,0
   18e24:	0dc10c93          	addi	s9,sp,220
   18e28:	bb2d                	j	18b62 <_vfiprintf_r+0x168>
   18e2a:	000dc703          	lbu	a4,0(s11)
   18e2e:	020a6a13          	ori	s4,s4,32
   18e32:	b1f9                	j	18b00 <_vfiprintf_r+0x106>
   18e34:	5208a0d7          	vid.v	v1
   18e38:	04800713          	li	a4,72
   18e3c:	961760d7          	vmul.vx	v1,v1,a4
   18e40:	03000713          	li	a4,48
   18e44:	08b0                	addi	a2,sp,88
   18e46:	04010ba3          	sb	zero,87(sp)
   18e4a:	021740d7          	vadd.vx	v1,v1,a4
   18e4e:	000c3683          	ld	a3,0(s8)
   18e52:	008c0713          	addi	a4,s8,8
   18e56:	020600a7          	vse8.v	v1,(a2)
   18e5a:	58084c63          	bltz	a6,193f2 <_vfiprintf_r+0x9f8>
   18e5e:	f7fa7313          	andi	t1,s4,-129
   18e62:	00236a13          	ori	s4,t1,2
   18e66:	0a0693e3          	bnez	a3,1970c <_vfiprintf_r+0xd12>
   18e6a:	0a0811e3          	bnez	a6,1970c <_vfiprintf_r+0xd12>
   18e6e:	8c3a                	mv	s8,a4
   18e70:	4b81                	li	s7,0
   18e72:	4981                	li	s3,0
   18e74:	0dc10c93          	addi	s9,sp,220
   18e78:	75c6                	ld	a1,112(sp)
   18e7a:	5626                	lw	a2,104(sp)
   18e7c:	084a7f13          	andi	t5,s4,132
   18e80:	2989                	addiw	s3,s3,2
   18e82:	86ae                	mv	a3,a1
   18e84:	8732                	mv	a4,a2
   18e86:	d00f1ee3          	bnez	t5,18ba2 <_vfiprintf_r+0x1a8>
   18e8a:	41348d3b          	subw	s10,s1,s3
   18e8e:	d1a05ae3          	blez	s10,18ba2 <_vfiprintf_r+0x1a8>
   18e92:	4709                	li	a4,2
   18e94:	f43a                	sd	a4,40(sp)
   18e96:	a141                	j	19316 <_vfiprintf_r+0x91c>
   18e98:	020a7693          	andi	a3,s4,32
   18e9c:	008c0713          	addi	a4,s8,8
   18ea0:	54069763          	bnez	a3,193ee <_vfiprintf_r+0x9f4>
   18ea4:	010a7693          	andi	a3,s4,16
   18ea8:	54069363          	bnez	a3,193ee <_vfiprintf_r+0x9f4>
   18eac:	040a7613          	andi	a2,s4,64
   18eb0:	000c2683          	lw	a3,0(s8)
   18eb4:	70060b63          	beqz	a2,195ca <_vfiprintf_r+0xbd0>
   18eb8:	16c2                	slli	a3,a3,0x30
   18eba:	92c1                	srli	a3,a3,0x30
   18ebc:	8c3a                	mv	s8,a4
   18ebe:	89d2                	mv	s3,s4
   18ec0:	a889                	j	18f12 <_vfiprintf_r+0x518>
   18ec2:	020a7713          	andi	a4,s4,32
   18ec6:	000c3683          	ld	a3,0(s8)
   18eca:	0c21                	addi	s8,s8,8
   18ecc:	e305                	bnez	a4,18eec <_vfiprintf_r+0x4f2>
   18ece:	010a7713          	andi	a4,s4,16
   18ed2:	ef09                	bnez	a4,18eec <_vfiprintf_r+0x4f2>
   18ed4:	040a7713          	andi	a4,s4,64
   18ed8:	74071463          	bnez	a4,19620 <_vfiprintf_r+0xc26>
   18edc:	200a7313          	andi	t1,s4,512
   18ee0:	6722                	ld	a4,8(sp)
   18ee2:	000303e3          	beqz	t1,196e8 <_vfiprintf_r+0xcee>
   18ee6:	00e68023          	sb	a4,0(a3)
   18eea:	b65d                	j	18a90 <_vfiprintf_r+0x96>
   18eec:	6722                	ld	a4,8(sp)
   18eee:	e298                	sd	a4,0(a3)
   18ef0:	b645                	j	18a90 <_vfiprintf_r+0x96>
   18ef2:	000dc703          	lbu	a4,0(s11)
   18ef6:	06c00693          	li	a3,108
   18efa:	66d70f63          	beq	a4,a3,19578 <_vfiprintf_r+0xb7e>
   18efe:	010a6a13          	ori	s4,s4,16
   18f02:	befd                	j	18b00 <_vfiprintf_r+0x106>
   18f04:	010a6993          	ori	s3,s4,16
   18f08:	008c0713          	addi	a4,s8,8
   18f0c:	000c3683          	ld	a3,0(s8)
   18f10:	8c3a                	mv	s8,a4
   18f12:	04010ba3          	sb	zero,87(sp)
   18f16:	bff9fa13          	andi	s4,s3,-1025
   18f1a:	3a084f63          	bltz	a6,192d8 <_vfiprintf_r+0x8de>
   18f1e:	b7f9fa13          	andi	s4,s3,-1153
   18f22:	3a069b63          	bnez	a3,192d8 <_vfiprintf_r+0x8de>
   18f26:	3a081963          	bnez	a6,192d8 <_vfiprintf_r+0x8de>
   18f2a:	0019f993          	andi	s3,s3,1
   18f2e:	46098b63          	beqz	s3,193a4 <_vfiprintf_r+0x9aa>
   18f32:	03000713          	li	a4,48
   18f36:	0ce10da3          	sb	a4,219(sp)
   18f3a:	8bce                	mv	s7,s3
   18f3c:	0db10c93          	addi	s9,sp,219
   18f40:	b10d                	j	18b62 <_vfiprintf_r+0x168>
   18f42:	020a7713          	andi	a4,s4,32
   18f46:	010a6313          	ori	t1,s4,16
   18f4a:	eb0d                	bnez	a4,18f7c <_vfiprintf_r+0x582>
   18f4c:	008c0713          	addi	a4,s8,8
   18f50:	04010ba3          	sb	zero,87(sp)
   18f54:	000c3d03          	ld	s10,0(s8)
   18f58:	86ba                	mv	a3,a4
   18f5a:	8c3a                	mv	s8,a4
   18f5c:	8a1a                	mv	s4,t1
   18f5e:	e2084ce3          	bltz	a6,18d96 <_vfiprintf_r+0x39c>
   18f62:	f7f37a13          	andi	s4,t1,-129
   18f66:	8c36                	mv	s8,a3
   18f68:	e20817e3          	bnez	a6,18d96 <_vfiprintf_r+0x39c>
   18f6c:	e20d15e3          	bnez	s10,18d96 <_vfiprintf_r+0x39c>
   18f70:	4b81                	li	s7,0
   18f72:	0dc10c93          	addi	s9,sp,220
   18f76:	4981                	li	s3,0
   18f78:	b6ed                	j	18b62 <_vfiprintf_r+0x168>
   18f7a:	8352                	mv	t1,s4
   18f7c:	008c0693          	addi	a3,s8,8
   18f80:	04010ba3          	sb	zero,87(sp)
   18f84:	000c3d03          	ld	s10,0(s8)
   18f88:	8a1a                	mv	s4,t1
   18f8a:	8c36                	mv	s8,a3
   18f8c:	fc085be3          	bgez	a6,18f62 <_vfiprintf_r+0x568>
   18f90:	46a5                	li	a3,9
   18f92:	e1a6f5e3          	bgeu	a3,s10,18d9c <_vfiprintf_r+0x3a2>
   18f96:	ccccd737          	lui	a4,0xccccd
   18f9a:	ccd70713          	addi	a4,a4,-819 # ffffffffcccccccd <__BSS_END__+0xffffffffcccaf195>
   18f9e:	02071993          	slli	s3,a4,0x20
   18fa2:	0dc10b93          	addi	s7,sp,220
   18fa6:	99ba                	add	s3,s3,a4
   18fa8:	865e                	mv	a2,s7
   18faa:	400a7e93          	andi	t4,s4,1024
   18fae:	4581                	li	a1,0
   18fb0:	a809                	j	18fc2 <_vfiprintf_r+0x5c8>
   18fb2:	876a                	mv	a4,s10
   18fb4:	033d3d33          	mulhu	s10,s10,s3
   18fb8:	8666                	mv	a2,s9
   18fba:	003d5d13          	srli	s10,s10,0x3
   18fbe:	02e6fe63          	bgeu	a3,a4,18ffa <_vfiprintf_r+0x600>
   18fc2:	033d3533          	mulhu	a0,s10,s3
   18fc6:	2585                	addiw	a1,a1,1
   18fc8:	fff60c93          	addi	s9,a2,-1
   18fcc:	810d                	srli	a0,a0,0x3
   18fce:	00251713          	slli	a4,a0,0x2
   18fd2:	972a                	add	a4,a4,a0
   18fd4:	0706                	slli	a4,a4,0x1
   18fd6:	40ed0733          	sub	a4,s10,a4
   18fda:	0307071b          	addiw	a4,a4,48
   18fde:	fee60fa3          	sb	a4,-1(a2)
   18fe2:	fc0e88e3          	beqz	t4,18fb2 <_vfiprintf_r+0x5b8>
   18fe6:	7742                	ld	a4,48(sp)
   18fe8:	00074703          	lbu	a4,0(a4)
   18fec:	fcb713e3          	bne	a4,a1,18fb2 <_vfiprintf_r+0x5b8>
   18ff0:	f0170713          	addi	a4,a4,-255
   18ff4:	df5d                	beqz	a4,18fb2 <_vfiprintf_r+0x5b8>
   18ff6:	67a6e563          	bltu	a3,s10,19660 <_vfiprintf_r+0xc66>
   18ffa:	419b8bbb          	subw	s7,s7,s9
   18ffe:	05714703          	lbu	a4,87(sp)
   19002:	0008099b          	sext.w	s3,a6
   19006:	01785463          	bge	a6,s7,1900e <_vfiprintf_r+0x614>
   1900a:	000b899b          	sext.w	s3,s7
   1900e:	46070d63          	beqz	a4,19488 <_vfiprintf_r+0xa8e>
   19012:	2985                	addiw	s3,s3,1
   19014:	a995                	j	19488 <_vfiprintf_r+0xa8e>
   19016:	6b82                	ld	s7,0(sp)
   19018:	f042                	sd	a6,32(sp)
   1901a:	e83e                	sd	a5,16(sp)
   1901c:	855e                	mv	a0,s7
   1901e:	c81fc0ef          	jal	15c9e <_localeconv_r>
   19022:	651c                	ld	a5,8(a0)
   19024:	853e                	mv	a0,a5
   19026:	fc3e                	sd	a5,56(sp)
   19028:	dcffc0ef          	jal	15df6 <strlen>
   1902c:	872a                	mv	a4,a0
   1902e:	855e                	mv	a0,s7
   19030:	e0ba                	sd	a4,64(sp)
   19032:	8bba                	mv	s7,a4
   19034:	c6bfc0ef          	jal	15c9e <_localeconv_r>
   19038:	6914                	ld	a3,16(a0)
   1903a:	000dc703          	lbu	a4,0(s11)
   1903e:	67c2                	ld	a5,16(sp)
   19040:	f836                	sd	a3,48(sp)
   19042:	7802                	ld	a6,32(sp)
   19044:	5a0b8163          	beqz	s7,195e6 <_vfiprintf_r+0xbec>
   19048:	4a068163          	beqz	a3,194ea <_vfiprintf_r+0xaf0>
   1904c:	0006c683          	lbu	a3,0(a3)
   19050:	54068e63          	beqz	a3,195ac <_vfiprintf_r+0xbb2>
   19054:	400a6a13          	ori	s4,s4,1024
   19058:	cc517057          	vsetivli	zero,2,e8,mf8,ta,ma
   1905c:	b455                	j	18b00 <_vfiprintf_r+0x106>
   1905e:	000dc703          	lbu	a4,0(s11)
   19062:	080a6a13          	ori	s4,s4,128
   19066:	bc69                	j	18b00 <_vfiprintf_r+0x106>
   19068:	000dc703          	lbu	a4,0(s11)
   1906c:	02a00693          	li	a3,42
   19070:	001d8513          	addi	a0,s11,1
   19074:	66d70f63          	beq	a4,a3,196f2 <_vfiprintf_r+0xcf8>
   19078:	fd07061b          	addiw	a2,a4,-48
   1907c:	4825                	li	a6,9
   1907e:	4581                	li	a1,0
   19080:	66c86063          	bltu	a6,a2,196e0 <_vfiprintf_r+0xce6>
   19084:	0025969b          	slliw	a3,a1,0x2
   19088:	00054703          	lbu	a4,0(a0)
   1908c:	9ead                	addw	a3,a3,a1
   1908e:	0016969b          	slliw	a3,a3,0x1
   19092:	00c685bb          	addw	a1,a3,a2
   19096:	fd07061b          	addiw	a2,a4,-48
   1909a:	0505                	addi	a0,a0,1
   1909c:	fec874e3          	bgeu	a6,a2,19084 <_vfiprintf_r+0x68a>
   190a0:	0005881b          	sext.w	a6,a1
   190a4:	3805c663          	bltz	a1,19430 <_vfiprintf_r+0xa36>
   190a8:	8daa                	mv	s11,a0
   190aa:	bca9                	j	18b04 <_vfiprintf_r+0x10a>
   190ac:	000dc703          	lbu	a4,0(s11)
   190b0:	001a6a13          	ori	s4,s4,1
   190b4:	b4b1                	j	18b00 <_vfiprintf_r+0x106>
   190b6:	05714683          	lbu	a3,87(sp)
   190ba:	000dc703          	lbu	a4,0(s11)
   190be:	a40691e3          	bnez	a3,18b00 <_vfiprintf_r+0x106>
   190c2:	02000693          	li	a3,32
   190c6:	04d10ba3          	sb	a3,87(sp)
   190ca:	bc1d                	j	18b00 <_vfiprintf_r+0x106>
   190cc:	000dc703          	lbu	a4,0(s11)
   190d0:	06800693          	li	a3,104
   190d4:	4ad70963          	beq	a4,a3,19586 <_vfiprintf_r+0xb8c>
   190d8:	040a6a13          	ori	s4,s4,64
   190dc:	b415                	j	18b00 <_vfiprintf_r+0x106>
   190de:	41348d3b          	subw	s10,s1,s3
   190e2:	afa050e3          	blez	s10,18bc2 <_vfiprintf_r+0x1c8>
   190e6:	6671                	lui	a2,0x1c
   190e8:	87060613          	addi	a2,a2,-1936 # 1b870 <zeroes.0>
   190ec:	4f41                	li	t5,16
   190ee:	e832                	sd	a2,16(sp)
   190f0:	4f9d                	li	t6,7
   190f2:	01af4663          	blt	t5,s10,190fe <_vfiprintf_r+0x704>
   190f6:	a091                	j	1913a <_vfiprintf_r+0x740>
   190f8:	3d41                	addiw	s10,s10,-16
   190fa:	05af5063          	bge	t5,s10,1913a <_vfiprintf_r+0x740>
   190fe:	6642                	ld	a2,16(sp)
   19100:	06c1                	addi	a3,a3,16
   19102:	2705                	addiw	a4,a4,1
   19104:	e390                	sd	a2,0(a5)
   19106:	01e7b423          	sd	t5,8(a5)
   1910a:	f8b6                	sd	a3,112(sp)
   1910c:	d4ba                	sw	a4,104(sp)
   1910e:	07c1                	addi	a5,a5,16
   19110:	feefd4e3          	bge	t6,a4,190f8 <_vfiprintf_r+0x6fe>
   19114:	6502                	ld	a0,0(sp)
   19116:	1090                	addi	a2,sp,96
   19118:	85ca                	mv	a1,s2
   1911a:	f042                	sd	a6,32(sp)
   1911c:	bd8fc0ef          	jal	154f4 <__sprint_r>
   19120:	b40511e3          	bnez	a0,18c62 <_vfiprintf_r+0x268>
   19124:	4f41                	li	t5,16
   19126:	3d41                	addiw	s10,s10,-16
   19128:	76c6                	ld	a3,112(sp)
   1912a:	5726                	lw	a4,104(sp)
   1912c:	7802                	ld	a6,32(sp)
   1912e:	87d6                	mv	a5,s5
   19130:	4f9d                	li	t6,7
   19132:	cc517057          	vsetivli	zero,2,e8,mf8,ta,ma
   19136:	fdaf44e3          	blt	t5,s10,190fe <_vfiprintf_r+0x704>
   1913a:	6642                	ld	a2,16(sp)
   1913c:	96ea                	add	a3,a3,s10
   1913e:	2705                	addiw	a4,a4,1
   19140:	e390                	sd	a2,0(a5)
   19142:	01a7b423          	sd	s10,8(a5)
   19146:	f8b6                	sd	a3,112(sp)
   19148:	d4ba                	sw	a4,104(sp)
   1914a:	461d                	li	a2,7
   1914c:	07c1                	addi	a5,a5,16
   1914e:	a6e65ae3          	bge	a2,a4,18bc2 <_vfiprintf_r+0x1c8>
   19152:	6502                	ld	a0,0(sp)
   19154:	1090                	addi	a2,sp,96
   19156:	85ca                	mv	a1,s2
   19158:	e842                	sd	a6,16(sp)
   1915a:	b9afc0ef          	jal	154f4 <__sprint_r>
   1915e:	b00512e3          	bnez	a0,18c62 <_vfiprintf_r+0x268>
   19162:	6842                	ld	a6,16(sp)
   19164:	76c6                	ld	a3,112(sp)
   19166:	5726                	lw	a4,104(sp)
   19168:	41780d3b          	subw	s10,a6,s7
   1916c:	87d6                	mv	a5,s5
   1916e:	cc517057          	vsetivli	zero,2,e8,mf8,ta,ma
   19172:	a5a05ce3          	blez	s10,18bca <_vfiprintf_r+0x1d0>
   19176:	49a45163          	bge	s0,s10,195f8 <_vfiprintf_r+0xbfe>
   1917a:	e85a                	sd	s6,16(sp)
   1917c:	4e9d                	li	t4,7
   1917e:	a021                	j	19186 <_vfiprintf_r+0x78c>
   19180:	3d41                	addiw	s10,s10,-16
   19182:	03a45c63          	bge	s0,s10,191ba <_vfiprintf_r+0x7c0>
   19186:	06c1                	addi	a3,a3,16
   19188:	2705                	addiw	a4,a4,1
   1918a:	0167b023          	sd	s6,0(a5)
   1918e:	e780                	sd	s0,8(a5)
   19190:	f8b6                	sd	a3,112(sp)
   19192:	d4ba                	sw	a4,104(sp)
   19194:	07c1                	addi	a5,a5,16
   19196:	feeed5e3          	bge	t4,a4,19180 <_vfiprintf_r+0x786>
   1919a:	6502                	ld	a0,0(sp)
   1919c:	1090                	addi	a2,sp,96
   1919e:	85ca                	mv	a1,s2
   191a0:	b54fc0ef          	jal	154f4 <__sprint_r>
   191a4:	aa051fe3          	bnez	a0,18c62 <_vfiprintf_r+0x268>
   191a8:	3d41                	addiw	s10,s10,-16
   191aa:	76c6                	ld	a3,112(sp)
   191ac:	5726                	lw	a4,104(sp)
   191ae:	87d6                	mv	a5,s5
   191b0:	4e9d                	li	t4,7
   191b2:	cc517057          	vsetivli	zero,2,e8,mf8,ta,ma
   191b6:	fda448e3          	blt	s0,s10,19186 <_vfiprintf_r+0x78c>
   191ba:	6642                	ld	a2,16(sp)
   191bc:	96ea                	add	a3,a3,s10
   191be:	2705                	addiw	a4,a4,1
   191c0:	e390                	sd	a2,0(a5)
   191c2:	01a7b423          	sd	s10,8(a5)
   191c6:	f8b6                	sd	a3,112(sp)
   191c8:	d4ba                	sw	a4,104(sp)
   191ca:	461d                	li	a2,7
   191cc:	07c1                	addi	a5,a5,16
   191ce:	9ee65ee3          	bge	a2,a4,18bca <_vfiprintf_r+0x1d0>
   191d2:	6502                	ld	a0,0(sp)
   191d4:	1090                	addi	a2,sp,96
   191d6:	85ca                	mv	a1,s2
   191d8:	b1cfc0ef          	jal	154f4 <__sprint_r>
   191dc:	a80513e3          	bnez	a0,18c62 <_vfiprintf_r+0x268>
   191e0:	76c6                	ld	a3,112(sp)
   191e2:	5726                	lw	a4,104(sp)
   191e4:	87d6                	mv	a5,s5
   191e6:	cc517057          	vsetivli	zero,2,e8,mf8,ta,ma
   191ea:	b2c5                	j	18bca <_vfiprintf_r+0x1d0>
   191ec:	6502                	ld	a0,0(sp)
   191ee:	1090                	addi	a2,sp,96
   191f0:	85ca                	mv	a1,s2
   191f2:	b02fc0ef          	jal	154f4 <__sprint_r>
   191f6:	a60516e3          	bnez	a0,18c62 <_vfiprintf_r+0x268>
   191fa:	76c6                	ld	a3,112(sp)
   191fc:	87d6                	mv	a5,s5
   191fe:	cc517057          	vsetivli	zero,2,e8,mf8,ta,ma
   19202:	b2c5                	j	18be2 <_vfiprintf_r+0x1e8>
   19204:	6502                	ld	a0,0(sp)
   19206:	1090                	addi	a2,sp,96
   19208:	85ca                	mv	a1,s2
   1920a:	aeafc0ef          	jal	154f4 <__sprint_r>
   1920e:	a4051ae3          	bnez	a0,18c62 <_vfiprintf_r+0x268>
   19212:	cc517057          	vsetivli	zero,2,e8,mf8,ta,ma
   19216:	b2fd                	j	18c04 <_vfiprintf_r+0x20a>
   19218:	6502                	ld	a0,0(sp)
   1921a:	1090                	addi	a2,sp,96
   1921c:	85ca                	mv	a1,s2
   1921e:	f042                	sd	a6,32(sp)
   19220:	e87a                	sd	t5,16(sp)
   19222:	ad2fc0ef          	jal	154f4 <__sprint_r>
   19226:	a2051ee3          	bnez	a0,18c62 <_vfiprintf_r+0x268>
   1922a:	76c6                	ld	a3,112(sp)
   1922c:	5726                	lw	a4,104(sp)
   1922e:	7802                	ld	a6,32(sp)
   19230:	6f42                	ld	t5,16(sp)
   19232:	87d6                	mv	a5,s5
   19234:	cc517057          	vsetivli	zero,2,e8,mf8,ta,ma
   19238:	b249                	j	18bba <_vfiprintf_r+0x1c0>
   1923a:	6502                	ld	a0,0(sp)
   1923c:	1090                	addi	a2,sp,96
   1923e:	85ca                	mv	a1,s2
   19240:	f042                	sd	a6,32(sp)
   19242:	e87a                	sd	t5,16(sp)
   19244:	ab0fc0ef          	jal	154f4 <__sprint_r>
   19248:	a0051de3          	bnez	a0,18c62 <_vfiprintf_r+0x268>
   1924c:	76c6                	ld	a3,112(sp)
   1924e:	5726                	lw	a4,104(sp)
   19250:	7802                	ld	a6,32(sp)
   19252:	6f42                	ld	t5,16(sp)
   19254:	87d6                	mv	a5,s5
   19256:	cc517057          	vsetivli	zero,2,e8,mf8,ta,ma
   1925a:	b291                	j	18b9e <_vfiprintf_r+0x1a4>
   1925c:	6f71                	lui	t5,0x1c
   1925e:	4d41                	li	s10,16
   19260:	5726                	lw	a4,104(sp)
   19262:	880f0f13          	addi	t5,t5,-1920 # 1b880 <blanks.1>
   19266:	4a1d                	li	s4,7
   19268:	017d4663          	blt	s10,s7,19274 <_vfiprintf_r+0x87a>
   1926c:	a081                	j	192ac <_vfiprintf_r+0x8b2>
   1926e:	3bc1                	addiw	s7,s7,-16
   19270:	037d5e63          	bge	s10,s7,192ac <_vfiprintf_r+0x8b2>
   19274:	06c1                	addi	a3,a3,16
   19276:	2705                	addiw	a4,a4,1
   19278:	01e7b023          	sd	t5,0(a5)
   1927c:	01a7b423          	sd	s10,8(a5)
   19280:	f8b6                	sd	a3,112(sp)
   19282:	d4ba                	sw	a4,104(sp)
   19284:	07c1                	addi	a5,a5,16
   19286:	feea54e3          	bge	s4,a4,1926e <_vfiprintf_r+0x874>
   1928a:	6502                	ld	a0,0(sp)
   1928c:	1090                	addi	a2,sp,96
   1928e:	85ca                	mv	a1,s2
   19290:	e87a                	sd	t5,16(sp)
   19292:	a62fc0ef          	jal	154f4 <__sprint_r>
   19296:	9c0516e3          	bnez	a0,18c62 <_vfiprintf_r+0x268>
   1929a:	3bc1                	addiw	s7,s7,-16
   1929c:	76c6                	ld	a3,112(sp)
   1929e:	5726                	lw	a4,104(sp)
   192a0:	6f42                	ld	t5,16(sp)
   192a2:	87d6                	mv	a5,s5
   192a4:	cc517057          	vsetivli	zero,2,e8,mf8,ta,ma
   192a8:	fd7d46e3          	blt	s10,s7,19274 <_vfiprintf_r+0x87a>
   192ac:	96de                	add	a3,a3,s7
   192ae:	2705                	addiw	a4,a4,1
   192b0:	01e7b023          	sd	t5,0(a5)
   192b4:	0177b423          	sd	s7,8(a5)
   192b8:	f8b6                	sd	a3,112(sp)
   192ba:	d4ba                	sw	a4,104(sp)
   192bc:	479d                	li	a5,7
   192be:	92e7dae3          	bge	a5,a4,18bf2 <_vfiprintf_r+0x1f8>
   192c2:	6502                	ld	a0,0(sp)
   192c4:	1090                	addi	a2,sp,96
   192c6:	85ca                	mv	a1,s2
   192c8:	a2cfc0ef          	jal	154f4 <__sprint_r>
   192cc:	98051be3          	bnez	a0,18c62 <_vfiprintf_r+0x268>
   192d0:	76c6                	ld	a3,112(sp)
   192d2:	cc517057          	vsetivli	zero,2,e8,mf8,ta,ma
   192d6:	ba31                	j	18bf2 <_vfiprintf_r+0x1f8>
   192d8:	0dc10b93          	addi	s7,sp,220
   192dc:	8cde                	mv	s9,s7
   192de:	0076f713          	andi	a4,a3,7
   192e2:	8666                	mv	a2,s9
   192e4:	03070713          	addi	a4,a4,48
   192e8:	828d                	srli	a3,a3,0x3
   192ea:	feec8fa3          	sb	a4,-1(s9)
   192ee:	1cfd                	addi	s9,s9,-1
   192f0:	f6fd                	bnez	a3,192de <_vfiprintf_r+0x8e4>
   192f2:	fd070713          	addi	a4,a4,-48
   192f6:	03000693          	li	a3,48
   192fa:	c701                	beqz	a4,19302 <_vfiprintf_r+0x908>
   192fc:	001a7713          	andi	a4,s4,1
   19300:	e369                	bnez	a4,193c2 <_vfiprintf_r+0x9c8>
   19302:	419b8bbb          	subw	s7,s7,s9
   19306:	0008099b          	sext.w	s3,a6
   1930a:	85785ce3          	bge	a6,s7,18b62 <_vfiprintf_r+0x168>
   1930e:	000b899b          	sext.w	s3,s7
   19312:	b881                	j	18b62 <_vfiprintf_r+0x168>
   19314:	f402                	sd	zero,40(sp)
   19316:	6f71                	lui	t5,0x1c
   19318:	4fc1                	li	t6,16
   1931a:	86ae                	mv	a3,a1
   1931c:	8732                	mv	a4,a2
   1931e:	880f0f13          	addi	t5,t5,-1920 # 1b880 <blanks.1>
   19322:	429d                	li	t0,7
   19324:	01afc663          	blt	t6,s10,19330 <_vfiprintf_r+0x936>
   19328:	a0a1                	j	19370 <_vfiprintf_r+0x976>
   1932a:	3d41                	addiw	s10,s10,-16
   1932c:	05afd263          	bge	t6,s10,19370 <_vfiprintf_r+0x976>
   19330:	06c1                	addi	a3,a3,16
   19332:	2705                	addiw	a4,a4,1
   19334:	01e7b023          	sd	t5,0(a5)
   19338:	01f7b423          	sd	t6,8(a5)
   1933c:	f8b6                	sd	a3,112(sp)
   1933e:	d4ba                	sw	a4,104(sp)
   19340:	07c1                	addi	a5,a5,16
   19342:	fee2d4e3          	bge	t0,a4,1932a <_vfiprintf_r+0x930>
   19346:	6502                	ld	a0,0(sp)
   19348:	1090                	addi	a2,sp,96
   1934a:	85ca                	mv	a1,s2
   1934c:	f07a                	sd	t5,32(sp)
   1934e:	e842                	sd	a6,16(sp)
   19350:	9a4fc0ef          	jal	154f4 <__sprint_r>
   19354:	900517e3          	bnez	a0,18c62 <_vfiprintf_r+0x268>
   19358:	4fc1                	li	t6,16
   1935a:	3d41                	addiw	s10,s10,-16
   1935c:	76c6                	ld	a3,112(sp)
   1935e:	5726                	lw	a4,104(sp)
   19360:	7f02                	ld	t5,32(sp)
   19362:	6842                	ld	a6,16(sp)
   19364:	87d6                	mv	a5,s5
   19366:	429d                	li	t0,7
   19368:	cc517057          	vsetivli	zero,2,e8,mf8,ta,ma
   1936c:	fdafc2e3          	blt	t6,s10,19330 <_vfiprintf_r+0x936>
   19370:	96ea                	add	a3,a3,s10
   19372:	2705                	addiw	a4,a4,1
   19374:	f8b6                	sd	a3,112(sp)
   19376:	d4ba                	sw	a4,104(sp)
   19378:	01e7b023          	sd	t5,0(a5)
   1937c:	01a7b423          	sd	s10,8(a5)
   19380:	461d                	li	a2,7
   19382:	1ae64063          	blt	a2,a4,19522 <_vfiprintf_r+0xb28>
   19386:	05714603          	lbu	a2,87(sp)
   1938a:	07c1                	addi	a5,a5,16
   1938c:	ea05                	bnez	a2,193bc <_vfiprintf_r+0x9c2>
   1938e:	7622                	ld	a2,40(sp)
   19390:	820609e3          	beqz	a2,18bc2 <_vfiprintf_r+0x1c8>
   19394:	4f01                	li	t5,0
   19396:	80dff06f          	j	18ba2 <_vfiprintf_r+0x1a8>
   1939a:	000dc703          	lbu	a4,0(s11)
   1939e:	0c21                	addi	s8,s8,8
   193a0:	f60ff06f          	j	18b00 <_vfiprintf_r+0x106>
   193a4:	4b81                	li	s7,0
   193a6:	4801                	li	a6,0
   193a8:	0dc10c93          	addi	s9,sp,220
   193ac:	fb6ff06f          	j	18b62 <_vfiprintf_r+0x168>
   193b0:	0017099b          	addiw	s3,a4,1
   193b4:	4b85                	li	s7,1
   193b6:	0db10c93          	addi	s9,sp,219
   193ba:	ba05                	j	18cea <_vfiprintf_r+0x2f0>
   193bc:	4f01                	li	t5,0
   193be:	fc6ff06f          	j	18b84 <_vfiprintf_r+0x18a>
   193c2:	1679                	addi	a2,a2,-2
   193c4:	40cb8bbb          	subw	s7,s7,a2
   193c8:	fedc8fa3          	sb	a3,-1(s9)
   193cc:	000b899b          	sext.w	s3,s7
   193d0:	010bd463          	bge	s7,a6,193d8 <_vfiprintf_r+0x9de>
   193d4:	0008099b          	sext.w	s3,a6
   193d8:	8cb2                	mv	s9,a2
   193da:	f88ff06f          	j	18b62 <_vfiprintf_r+0x168>
   193de:	008c0713          	addi	a4,s8,8
   193e2:	000c3683          	ld	a3,0(s8)
   193e6:	8a1a                	mv	s4,t1
   193e8:	8c3a                	mv	s8,a4
   193ea:	8d36                	mv	s10,a3
   193ec:	b8e1                	j	18cc4 <_vfiprintf_r+0x2ca>
   193ee:	89d2                	mv	s3,s4
   193f0:	be31                	j	18f0c <_vfiprintf_r+0x512>
   193f2:	666d                	lui	a2,0x1b
   193f4:	002a6a13          	ori	s4,s4,2
   193f8:	8c3a                	mv	s8,a4
   193fa:	1c060613          	addi	a2,a2,448 # 1b1c0 <__clzdi2+0x256>
   193fe:	4589                	li	a1,2
   19400:	0dc10b93          	addi	s7,sp,220
   19404:	8cde                	mv	s9,s7
   19406:	00f6f713          	andi	a4,a3,15
   1940a:	9732                	add	a4,a4,a2
   1940c:	00074703          	lbu	a4,0(a4)
   19410:	8291                	srli	a3,a3,0x4
   19412:	1cfd                	addi	s9,s9,-1
   19414:	00ec8023          	sb	a4,0(s9)
   19418:	f6fd                	bnez	a3,19406 <_vfiprintf_r+0xa0c>
   1941a:	419b8bbb          	subw	s7,s7,s9
   1941e:	0008099b          	sext.w	s3,a6
   19422:	01785463          	bge	a6,s7,1942a <_vfiprintf_r+0xa30>
   19426:	000b899b          	sext.w	s3,s7
   1942a:	a40597e3          	bnez	a1,18e78 <_vfiprintf_r+0x47e>
   1942e:	a8a9                	j	19488 <_vfiprintf_r+0xa8e>
   19430:	587d                	li	a6,-1
   19432:	8daa                	mv	s11,a0
   19434:	ed0ff06f          	j	18b04 <_vfiprintf_r+0x10a>
   19438:	666d                	lui	a2,0x1b
   1943a:	020a7693          	andi	a3,s4,32
   1943e:	1d860613          	addi	a2,a2,472 # 1b1d8 <__clzdi2+0x26e>
   19442:	008c0e13          	addi	t3,s8,8
   19446:	eaa5                	bnez	a3,194b6 <_vfiprintf_r+0xabc>
   19448:	010a7693          	andi	a3,s4,16
   1944c:	e6ad                	bnez	a3,194b6 <_vfiprintf_r+0xabc>
   1944e:	040a7593          	andi	a1,s4,64
   19452:	000c2683          	lw	a3,0(s8)
   19456:	18058263          	beqz	a1,195da <_vfiprintf_r+0xbe0>
   1945a:	16c2                	slli	a3,a3,0x30
   1945c:	92c1                	srli	a3,a3,0x30
   1945e:	001a7593          	andi	a1,s4,1
   19462:	00d03533          	snez	a0,a3
   19466:	c191                	beqz	a1,1946a <_vfiprintf_r+0xa70>
   19468:	e17d                	bnez	a0,1954e <_vfiprintf_r+0xb54>
   1946a:	04010ba3          	sb	zero,87(sp)
   1946e:	0a084563          	bltz	a6,19518 <_vfiprintf_r+0xb1e>
   19472:	b7fa7a13          	andi	s4,s4,-1153
   19476:	8c72                	mv	s8,t3
   19478:	26081b63          	bnez	a6,196ee <_vfiprintf_r+0xcf4>
   1947c:	26051963          	bnez	a0,196ee <_vfiprintf_r+0xcf4>
   19480:	4b81                	li	s7,0
   19482:	0dc10c93          	addi	s9,sp,220
   19486:	4981                	li	s3,0
   19488:	76c6                	ld	a3,112(sp)
   1948a:	5726                	lw	a4,104(sp)
   1948c:	084a7f13          	andi	t5,s4,132
   19490:	85b6                	mv	a1,a3
   19492:	863a                	mv	a2,a4
   19494:	ec0f0f63          	beqz	t5,18b72 <_vfiprintf_r+0x178>
   19498:	05714603          	lbu	a2,87(sp)
   1949c:	f402                	sd	zero,40(sp)
   1949e:	ee061363          	bnez	a2,18b84 <_vfiprintf_r+0x18a>
   194a2:	f18ff06f          	j	18bba <_vfiprintf_r+0x1c0>
   194a6:	666d                	lui	a2,0x1b
   194a8:	020a7693          	andi	a3,s4,32
   194ac:	1c060613          	addi	a2,a2,448 # 1b1c0 <__clzdi2+0x256>
   194b0:	008c0e13          	addi	t3,s8,8
   194b4:	dad1                	beqz	a3,19448 <_vfiprintf_r+0xa4e>
   194b6:	000c3683          	ld	a3,0(s8)
   194ba:	b755                	j	1945e <_vfiprintf_r+0xa64>
   194bc:	8566                	mv	a0,s9
   194be:	e83e                	sd	a5,16(sp)
   194c0:	937fc0ef          	jal	15df6 <strlen>
   194c4:	00050b9b          	sext.w	s7,a0
   194c8:	67c2                	ld	a5,16(sp)
   194ca:	875e                	mv	a4,s7
   194cc:	000bd363          	bgez	s7,194d2 <_vfiprintf_r+0xad8>
   194d0:	4701                	li	a4,0
   194d2:	05714683          	lbu	a3,87(sp)
   194d6:	0007099b          	sext.w	s3,a4
   194da:	ce91                	beqz	a3,194f6 <_vfiprintf_r+0xafc>
   194dc:	0017099b          	addiw	s3,a4,1
   194e0:	4801                	li	a6,0
   194e2:	cc517057          	vsetivli	zero,2,e8,mf8,ta,ma
   194e6:	805ff06f          	j	18cea <_vfiprintf_r+0x2f0>
   194ea:	cc517057          	vsetivli	zero,2,e8,mf8,ta,ma
   194ee:	e12ff06f          	j	18b00 <_vfiprintf_r+0x106>
   194f2:	8bc2                	mv	s7,a6
   194f4:	89c2                	mv	s3,a6
   194f6:	4801                	li	a6,0
   194f8:	cc517057          	vsetivli	zero,2,e8,mf8,ta,ma
   194fc:	e66ff06f          	j	18b62 <_vfiprintf_r+0x168>
   19500:	200a7693          	andi	a3,s4,512
   19504:	04010ba3          	sb	zero,87(sp)
   19508:	12068d63          	beqz	a3,19642 <_vfiprintf_r+0xc48>
   1950c:	0ffd7d13          	zext.b	s10,s10
   19510:	900852e3          	bgez	a6,18e14 <_vfiprintf_r+0x41a>
   19514:	8c3a                	mv	s8,a4
   19516:	b041                	j	18d96 <_vfiprintf_r+0x39c>
   19518:	bffa7a13          	andi	s4,s4,-1025
   1951c:	8c72                	mv	s8,t3
   1951e:	4581                	li	a1,0
   19520:	b5c5                	j	19400 <_vfiprintf_r+0xa06>
   19522:	6502                	ld	a0,0(sp)
   19524:	1090                	addi	a2,sp,96
   19526:	85ca                	mv	a1,s2
   19528:	e842                	sd	a6,16(sp)
   1952a:	fcbfb0ef          	jal	154f4 <__sprint_r>
   1952e:	8f2a                	mv	t5,a0
   19530:	f2051963          	bnez	a0,18c62 <_vfiprintf_r+0x268>
   19534:	05714783          	lbu	a5,87(sp)
   19538:	76c6                	ld	a3,112(sp)
   1953a:	5726                	lw	a4,104(sp)
   1953c:	6842                	ld	a6,16(sp)
   1953e:	ebc5                	bnez	a5,195ee <_vfiprintf_r+0xbf4>
   19540:	77a2                	ld	a5,40(sp)
   19542:	cbf1                	beqz	a5,19616 <_vfiprintf_r+0xc1c>
   19544:	87d6                	mv	a5,s5
   19546:	cc517057          	vsetivli	zero,2,e8,mf8,ta,ma
   1954a:	e58ff06f          	j	18ba2 <_vfiprintf_r+0x1a8>
   1954e:	04e10ca3          	sb	a4,89(sp)
   19552:	03000713          	li	a4,48
   19556:	04010ba3          	sb	zero,87(sp)
   1955a:	04e10c23          	sb	a4,88(sp)
   1955e:	0a084263          	bltz	a6,19602 <_vfiprintf_r+0xc08>
   19562:	b7fa7313          	andi	t1,s4,-1153
   19566:	00236a13          	ori	s4,t1,2
   1956a:	8c72                	mv	s8,t3
   1956c:	4589                	li	a1,2
   1956e:	bd49                	j	19400 <_vfiprintf_r+0xa06>
   19570:	907f80ef          	jal	11e76 <__sinit>
   19574:	ca0ff06f          	j	18a14 <_vfiprintf_r+0x1a>
   19578:	001dc703          	lbu	a4,1(s11)
   1957c:	020a6a13          	ori	s4,s4,32
   19580:	0d85                	addi	s11,s11,1
   19582:	d7eff06f          	j	18b00 <_vfiprintf_r+0x106>
   19586:	001dc703          	lbu	a4,1(s11)
   1958a:	200a6a13          	ori	s4,s4,512
   1958e:	0d85                	addi	s11,s11,1
   19590:	d70ff06f          	j	18b00 <_vfiprintf_r+0x106>
   19594:	4719                	li	a4,6
   19596:	0008099b          	sext.w	s3,a6
   1959a:	07076b63          	bltu	a4,a6,19610 <_vfiprintf_r+0xc16>
   1959e:	6e6d                	lui	t3,0x1b
   195a0:	8bce                	mv	s7,s3
   195a2:	1f0e0c93          	addi	s9,t3,496 # 1b1f0 <__clzdi2+0x286>
   195a6:	4801                	li	a6,0
   195a8:	dbaff06f          	j	18b62 <_vfiprintf_r+0x168>
   195ac:	cc517057          	vsetivli	zero,2,e8,mf8,ta,ma
   195b0:	d50ff06f          	j	18b00 <_vfiprintf_r+0x106>
   195b4:	200a7693          	andi	a3,s4,512
   195b8:	c2c9                	beqz	a3,1963a <_vfiprintf_r+0xc40>
   195ba:	018d1d1b          	slliw	s10,s10,0x18
   195be:	418d5d1b          	sraiw	s10,s10,0x18
   195c2:	8c3a                	mv	s8,a4
   195c4:	86ea                	mv	a3,s10
   195c6:	efeff06f          	j	18cc4 <_vfiprintf_r+0x2ca>
   195ca:	200a7613          	andi	a2,s4,512
   195ce:	c22d                	beqz	a2,19630 <_vfiprintf_r+0xc36>
   195d0:	0ff6f693          	zext.b	a3,a3
   195d4:	8c3a                	mv	s8,a4
   195d6:	89d2                	mv	s3,s4
   195d8:	ba2d                	j	18f12 <_vfiprintf_r+0x518>
   195da:	200a7593          	andi	a1,s4,512
   195de:	c5b1                	beqz	a1,1962a <_vfiprintf_r+0xc30>
   195e0:	0ff6f693          	zext.b	a3,a3
   195e4:	bdad                	j	1945e <_vfiprintf_r+0xa64>
   195e6:	cc517057          	vsetivli	zero,2,e8,mf8,ta,ma
   195ea:	d16ff06f          	j	18b00 <_vfiprintf_r+0x106>
   195ee:	87d6                	mv	a5,s5
   195f0:	cc517057          	vsetivli	zero,2,e8,mf8,ta,ma
   195f4:	d90ff06f          	j	18b84 <_vfiprintf_r+0x18a>
   195f8:	6671                	lui	a2,0x1c
   195fa:	87060613          	addi	a2,a2,-1936 # 1b870 <zeroes.0>
   195fe:	e832                	sd	a2,16(sp)
   19600:	be6d                	j	191ba <_vfiprintf_r+0x7c0>
   19602:	bffa7313          	andi	t1,s4,-1025
   19606:	00236a13          	ori	s4,t1,2
   1960a:	8c72                	mv	s8,t3
   1960c:	4589                	li	a1,2
   1960e:	bbcd                	j	19400 <_vfiprintf_r+0xa06>
   19610:	0007099b          	sext.w	s3,a4
   19614:	b769                	j	1959e <_vfiprintf_r+0xba4>
   19616:	87d6                	mv	a5,s5
   19618:	cc517057          	vsetivli	zero,2,e8,mf8,ta,ma
   1961c:	da6ff06f          	j	18bc2 <_vfiprintf_r+0x1c8>
   19620:	6722                	ld	a4,8(sp)
   19622:	00e69023          	sh	a4,0(a3)
   19626:	c6aff06f          	j	18a90 <_vfiprintf_r+0x96>
   1962a:	1682                	slli	a3,a3,0x20
   1962c:	9281                	srli	a3,a3,0x20
   1962e:	bd05                	j	1945e <_vfiprintf_r+0xa64>
   19630:	1682                	slli	a3,a3,0x20
   19632:	9281                	srli	a3,a3,0x20
   19634:	8c3a                	mv	s8,a4
   19636:	89d2                	mv	s3,s4
   19638:	b8e9                	j	18f12 <_vfiprintf_r+0x518>
   1963a:	8c3a                	mv	s8,a4
   1963c:	86ea                	mv	a3,s10
   1963e:	e86ff06f          	j	18cc4 <_vfiprintf_r+0x2ca>
   19642:	1d02                	slli	s10,s10,0x20
   19644:	020d5d13          	srli	s10,s10,0x20
   19648:	fc085663          	bgez	a6,18e14 <_vfiprintf_r+0x41a>
   1964c:	8c3a                	mv	s8,a4
   1964e:	f48ff06f          	j	18d96 <_vfiprintf_r+0x39c>
   19652:	6502                	ld	a0,0(sp)
   19654:	1090                	addi	a2,sp,96
   19656:	85ca                	mv	a1,s2
   19658:	e9dfb0ef          	jal	154f4 <__sprint_r>
   1965c:	e06ff06f          	j	18c62 <_vfiprintf_r+0x268>
   19660:	6606                	ld	a2,64(sp)
   19662:	75e2                	ld	a1,56(sp)
   19664:	e4f6                	sd	t4,72(sp)
   19666:	40cc8733          	sub	a4,s9,a2
   1966a:	853a                	mv	a0,a4
   1966c:	f442                	sd	a6,40(sp)
   1966e:	f03e                	sd	a5,32(sp)
   19670:	e83a                	sd	a4,16(sp)
   19672:	d9afc0ef          	jal	15c0c <strncpy>
   19676:	ccccd5b7          	lui	a1,0xccccd
   1967a:	ccd58593          	addi	a1,a1,-819 # ffffffffcccccccd <__BSS_END__+0xffffffffcccaf195>
   1967e:	02059613          	slli	a2,a1,0x20
   19682:	962e                	add	a2,a2,a1
   19684:	02cd3d33          	mulhu	s10,s10,a2
   19688:	77c2                	ld	a5,48(sp)
   1968a:	6742                	ld	a4,16(sp)
   1968c:	7822                	ld	a6,40(sp)
   1968e:	0017c583          	lbu	a1,1(a5)
   19692:	6ea6                	ld	t4,72(sp)
   19694:	fff70c93          	addi	s9,a4,-1
   19698:	00b035b3          	snez	a1,a1
   1969c:	97ae                	add	a5,a5,a1
   1969e:	f83e                	sd	a5,48(sp)
   196a0:	003d5d13          	srli	s10,s10,0x3
   196a4:	02cd3633          	mulhu	a2,s10,a2
   196a8:	7782                	ld	a5,32(sp)
   196aa:	4585                	li	a1,1
   196ac:	46a5                	li	a3,9
   196ae:	cc517057          	vsetivli	zero,2,e8,mf8,ta,ma
   196b2:	00365513          	srli	a0,a2,0x3
   196b6:	00251613          	slli	a2,a0,0x2
   196ba:	962a                	add	a2,a2,a0
   196bc:	0606                	slli	a2,a2,0x1
   196be:	40cd0633          	sub	a2,s10,a2
   196c2:	0306061b          	addiw	a2,a2,48
   196c6:	fec70fa3          	sb	a2,-1(a4)
   196ca:	ba31                	j	18fe6 <_vfiprintf_r+0x5ec>
   196cc:	e20703e3          	beqz	a4,194f2 <_vfiprintf_r+0xaf8>
   196d0:	0018099b          	addiw	s3,a6,1
   196d4:	8bc2                	mv	s7,a6
   196d6:	cc517057          	vsetivli	zero,2,e8,mf8,ta,ma
   196da:	4801                	li	a6,0
   196dc:	e0eff06f          	j	18cea <_vfiprintf_r+0x2f0>
   196e0:	8daa                	mv	s11,a0
   196e2:	4801                	li	a6,0
   196e4:	c20ff06f          	j	18b04 <_vfiprintf_r+0x10a>
   196e8:	c298                	sw	a4,0(a3)
   196ea:	ba6ff06f          	j	18a90 <_vfiprintf_r+0x96>
   196ee:	4581                	li	a1,0
   196f0:	bb01                	j	19400 <_vfiprintf_r+0xa06>
   196f2:	000c2703          	lw	a4,0(s8)
   196f6:	0c21                	addi	s8,s8,8
   196f8:	0007081b          	sext.w	a6,a4
   196fc:	00075363          	bgez	a4,19702 <_vfiprintf_r+0xd08>
   19700:	587d                	li	a6,-1
   19702:	001dc703          	lbu	a4,1(s11)
   19706:	8daa                	mv	s11,a0
   19708:	bf8ff06f          	j	18b00 <_vfiprintf_r+0x106>
   1970c:	666d                	lui	a2,0x1b
   1970e:	8c3a                	mv	s8,a4
   19710:	1c060613          	addi	a2,a2,448 # 1b1c0 <__clzdi2+0x256>
   19714:	4589                	li	a1,2
   19716:	b1ed                	j	19400 <_vfiprintf_r+0xa06>
   19718:	8352                	mv	t1,s4
   1971a:	b1e1                	j	193e2 <_vfiprintf_r+0x9e8>
   1971c:	8352                	mv	t1,s4
   1971e:	833ff06f          	j	18f50 <_vfiprintf_r+0x556>

0000000000019722 <vfiprintf>:
   19722:	872a                	mv	a4,a0
   19724:	2281b503          	ld	a0,552(gp) # 1d560 <_impure_ptr>
   19728:	86b2                	mv	a3,a2
   1972a:	862e                	mv	a2,a1
   1972c:	85ba                	mv	a1,a4
   1972e:	accff06f          	j	189fa <_vfiprintf_r>

0000000000019732 <__sbprintf>:
   19732:	0105d783          	lhu	a5,16(a1)
   19736:	0ac5ae83          	lw	t4,172(a1)
   1973a:	0125de03          	lhu	t3,18(a1)
   1973e:	0305b303          	ld	t1,48(a1)
   19742:	0405b883          	ld	a7,64(a1)
   19746:	b2010113          	addi	sp,sp,-1248
   1974a:	9bf5                	andi	a5,a5,-3
   1974c:	0c010813          	addi	a6,sp,192
   19750:	40000713          	li	a4,1024
   19754:	4c813823          	sd	s0,1232(sp)
   19758:	842e                	mv	s0,a1
   1975a:	080c                	addi	a1,sp,16
   1975c:	4c913423          	sd	s1,1224(sp)
   19760:	02f11023          	sh	a5,32(sp)
   19764:	4c113c23          	sd	ra,1240(sp)
   19768:	dc02                	sw	zero,56(sp)
   1976a:	df76                	sw	t4,188(sp)
   1976c:	03c11123          	sh	t3,34(sp)
   19770:	e09a                	sd	t1,64(sp)
   19772:	e8c6                	sd	a7,80(sp)
   19774:	e842                	sd	a6,16(sp)
   19776:	f442                	sd	a6,40(sp)
   19778:	ce3a                	sw	a4,28(sp)
   1977a:	d83a                	sw	a4,48(sp)
   1977c:	84aa                	mv	s1,a0
   1977e:	a7cff0ef          	jal	189fa <_vfiprintf_r>
   19782:	87aa                	mv	a5,a0
   19784:	02055763          	bgez	a0,197b2 <__sbprintf+0x80>
   19788:	02015703          	lhu	a4,32(sp)
   1978c:	04077713          	andi	a4,a4,64
   19790:	c719                	beqz	a4,1979e <__sbprintf+0x6c>
   19792:	01045703          	lhu	a4,16(s0)
   19796:	04076713          	ori	a4,a4,64
   1979a:	00e41823          	sh	a4,16(s0)
   1979e:	4d813083          	ld	ra,1240(sp)
   197a2:	4d013403          	ld	s0,1232(sp)
   197a6:	4c813483          	ld	s1,1224(sp)
   197aa:	853e                	mv	a0,a5
   197ac:	4e010113          	addi	sp,sp,1248
   197b0:	8082                	ret
   197b2:	e42a                	sd	a0,8(sp)
   197b4:	080c                	addi	a1,sp,16
   197b6:	8526                	mv	a0,s1
   197b8:	b7af80ef          	jal	11b32 <_fflush_r>
   197bc:	67a2                	ld	a5,8(sp)
   197be:	d569                	beqz	a0,19788 <__sbprintf+0x56>
   197c0:	57fd                	li	a5,-1
   197c2:	b7d9                	j	19788 <__sbprintf+0x56>

00000000000197c4 <abort>:
   197c4:	1141                	addi	sp,sp,-16
   197c6:	4519                	li	a0,6
   197c8:	e406                	sd	ra,8(sp)
   197ca:	184000ef          	jal	1994e <raise>
   197ce:	4505                	li	a0,1
   197d0:	376000ef          	jal	19b46 <_exit>

00000000000197d4 <_init_signal_r>:
   197d4:	15053703          	ld	a4,336(a0)
   197d8:	c319                	beqz	a4,197de <_init_signal_r+0xa>
   197da:	4501                	li	a0,0
   197dc:	8082                	ret
   197de:	1101                	addi	sp,sp,-32
   197e0:	10000593          	li	a1,256
   197e4:	ec06                	sd	ra,24(sp)
   197e6:	e42a                	sd	a0,8(sp)
   197e8:	e3cf70ef          	jal	10e24 <_malloc_r>
   197ec:	67a2                	ld	a5,8(sp)
   197ee:	14a7b823          	sd	a0,336(a5)
   197f2:	cd01                	beqz	a0,1980a <_init_signal_r+0x36>
   197f4:	10050793          	addi	a5,a0,256
   197f8:	00053023          	sd	zero,0(a0)
   197fc:	0521                	addi	a0,a0,8
   197fe:	fef51de3          	bne	a0,a5,197f8 <_init_signal_r+0x24>
   19802:	4501                	li	a0,0
   19804:	60e2                	ld	ra,24(sp)
   19806:	6105                	addi	sp,sp,32
   19808:	8082                	ret
   1980a:	557d                	li	a0,-1
   1980c:	bfe5                	j	19804 <_init_signal_r+0x30>

000000000001980e <_signal_r>:
   1980e:	477d                	li	a4,31
   19810:	00b76a63          	bltu	a4,a1,19824 <_signal_r+0x16>
   19814:	15053703          	ld	a4,336(a0)
   19818:	cb11                	beqz	a4,1982c <_signal_r+0x1e>
   1981a:	058e                	slli	a1,a1,0x3
   1981c:	972e                	add	a4,a4,a1
   1981e:	6308                	ld	a0,0(a4)
   19820:	e310                	sd	a2,0(a4)
   19822:	8082                	ret
   19824:	4759                	li	a4,22
   19826:	c118                	sw	a4,0(a0)
   19828:	557d                	li	a0,-1
   1982a:	8082                	ret
   1982c:	7179                	addi	sp,sp,-48
   1982e:	e42e                	sd	a1,8(sp)
   19830:	10000593          	li	a1,256
   19834:	e832                	sd	a2,16(sp)
   19836:	f406                	sd	ra,40(sp)
   19838:	ec2a                	sd	a0,24(sp)
   1983a:	deaf70ef          	jal	10e24 <_malloc_r>
   1983e:	66e2                	ld	a3,24(sp)
   19840:	872a                	mv	a4,a0
   19842:	10050593          	addi	a1,a0,256
   19846:	14a6b823          	sd	a0,336(a3)
   1984a:	67a2                	ld	a5,8(sp)
   1984c:	86aa                	mv	a3,a0
   1984e:	6642                	ld	a2,16(sp)
   19850:	557d                	li	a0,-1
   19852:	cb19                	beqz	a4,19868 <_signal_r+0x5a>
   19854:	0006b023          	sd	zero,0(a3)
   19858:	06a1                	addi	a3,a3,8
   1985a:	feb69de3          	bne	a3,a1,19854 <_signal_r+0x46>
   1985e:	00379593          	slli	a1,a5,0x3
   19862:	972e                	add	a4,a4,a1
   19864:	6308                	ld	a0,0(a4)
   19866:	e310                	sd	a2,0(a4)
   19868:	70a2                	ld	ra,40(sp)
   1986a:	6145                	addi	sp,sp,48
   1986c:	8082                	ret

000000000001986e <_raise_r>:
   1986e:	47fd                	li	a5,31
   19870:	04b7ec63          	bltu	a5,a1,198c8 <_raise_r+0x5a>
   19874:	15053783          	ld	a5,336(a0)
   19878:	1101                	addi	sp,sp,-32
   1987a:	ec06                	sd	ra,24(sp)
   1987c:	872a                	mv	a4,a0
   1987e:	862e                	mv	a2,a1
   19880:	c785                	beqz	a5,198a8 <_raise_r+0x3a>
   19882:	00359693          	slli	a3,a1,0x3
   19886:	97b6                	add	a5,a5,a3
   19888:	6394                	ld	a3,0(a5)
   1988a:	ce99                	beqz	a3,198a8 <_raise_r+0x3a>
   1988c:	4505                	li	a0,1
   1988e:	00a68963          	beq	a3,a0,198a0 <_raise_r+0x32>
   19892:	55fd                	li	a1,-1
   19894:	02b68563          	beq	a3,a1,198be <_raise_r+0x50>
   19898:	0007b023          	sd	zero,0(a5)
   1989c:	8532                	mv	a0,a2
   1989e:	9682                	jalr	a3
   198a0:	60e2                	ld	ra,24(sp)
   198a2:	4501                	li	a0,0
   198a4:	6105                	addi	sp,sp,32
   198a6:	8082                	ret
   198a8:	853a                	mv	a0,a4
   198aa:	e432                	sd	a2,8(sp)
   198ac:	e03a                	sd	a4,0(sp)
   198ae:	26c000ef          	jal	19b1a <_getpid_r>
   198b2:	6622                	ld	a2,8(sp)
   198b4:	60e2                	ld	ra,24(sp)
   198b6:	85aa                	mv	a1,a0
   198b8:	6502                	ld	a0,0(sp)
   198ba:	6105                	addi	sp,sp,32
   198bc:	a415                	j	19ae0 <_kill_r>
   198be:	60e2                	ld	ra,24(sp)
   198c0:	47d9                	li	a5,22
   198c2:	c31c                	sw	a5,0(a4)
   198c4:	6105                	addi	sp,sp,32
   198c6:	8082                	ret
   198c8:	47d9                	li	a5,22
   198ca:	c11c                	sw	a5,0(a0)
   198cc:	557d                	li	a0,-1
   198ce:	8082                	ret

00000000000198d0 <__sigtramp_r>:
   198d0:	47fd                	li	a5,31
   198d2:	06b7ec63          	bltu	a5,a1,1994a <__sigtramp_r+0x7a>
   198d6:	15053783          	ld	a5,336(a0)
   198da:	1101                	addi	sp,sp,-32
   198dc:	ec06                	sd	ra,24(sp)
   198de:	872e                	mv	a4,a1
   198e0:	cf95                	beqz	a5,1991c <__sigtramp_r+0x4c>
   198e2:	00371693          	slli	a3,a4,0x3
   198e6:	97b6                	add	a5,a5,a3
   198e8:	6394                	ld	a3,0(a5)
   198ea:	ce99                	beqz	a3,19908 <__sigtramp_r+0x38>
   198ec:	567d                	li	a2,-1
   198ee:	02c68563          	beq	a3,a2,19918 <__sigtramp_r+0x48>
   198f2:	4605                	li	a2,1
   198f4:	00c68e63          	beq	a3,a2,19910 <__sigtramp_r+0x40>
   198f8:	853a                	mv	a0,a4
   198fa:	0007b023          	sd	zero,0(a5)
   198fe:	9682                	jalr	a3
   19900:	4501                	li	a0,0
   19902:	60e2                	ld	ra,24(sp)
   19904:	6105                	addi	sp,sp,32
   19906:	8082                	ret
   19908:	60e2                	ld	ra,24(sp)
   1990a:	4505                	li	a0,1
   1990c:	6105                	addi	sp,sp,32
   1990e:	8082                	ret
   19910:	60e2                	ld	ra,24(sp)
   19912:	450d                	li	a0,3
   19914:	6105                	addi	sp,sp,32
   19916:	8082                	ret
   19918:	4509                	li	a0,2
   1991a:	b7e5                	j	19902 <__sigtramp_r+0x32>
   1991c:	e42e                	sd	a1,8(sp)
   1991e:	10000593          	li	a1,256
   19922:	e02a                	sd	a0,0(sp)
   19924:	d00f70ef          	jal	10e24 <_malloc_r>
   19928:	6682                	ld	a3,0(sp)
   1992a:	87aa                	mv	a5,a0
   1992c:	14a6b823          	sd	a0,336(a3)
   19930:	c919                	beqz	a0,19946 <__sigtramp_r+0x76>
   19932:	6722                	ld	a4,8(sp)
   19934:	86aa                	mv	a3,a0
   19936:	10050613          	addi	a2,a0,256
   1993a:	0006b023          	sd	zero,0(a3)
   1993e:	06a1                	addi	a3,a3,8
   19940:	fec69de3          	bne	a3,a2,1993a <__sigtramp_r+0x6a>
   19944:	bf79                	j	198e2 <__sigtramp_r+0x12>
   19946:	557d                	li	a0,-1
   19948:	bf6d                	j	19902 <__sigtramp_r+0x32>
   1994a:	557d                	li	a0,-1
   1994c:	8082                	ret

000000000001994e <raise>:
   1994e:	47fd                	li	a5,31
   19950:	2281b803          	ld	a6,552(gp) # 1d560 <_impure_ptr>
   19954:	04a7ec63          	bltu	a5,a0,199ac <raise+0x5e>
   19958:	15083783          	ld	a5,336(a6)
   1995c:	1101                	addi	sp,sp,-32
   1995e:	ec06                	sd	ra,24(sp)
   19960:	862a                	mv	a2,a0
   19962:	c39d                	beqz	a5,19988 <raise+0x3a>
   19964:	00351713          	slli	a4,a0,0x3
   19968:	97ba                	add	a5,a5,a4
   1996a:	6398                	ld	a4,0(a5)
   1996c:	cf11                	beqz	a4,19988 <raise+0x3a>
   1996e:	4685                	li	a3,1
   19970:	00d70863          	beq	a4,a3,19980 <raise+0x32>
   19974:	567d                	li	a2,-1
   19976:	02c70463          	beq	a4,a2,1999e <raise+0x50>
   1997a:	0007b023          	sd	zero,0(a5)
   1997e:	9702                	jalr	a4
   19980:	60e2                	ld	ra,24(sp)
   19982:	4501                	li	a0,0
   19984:	6105                	addi	sp,sp,32
   19986:	8082                	ret
   19988:	8542                	mv	a0,a6
   1998a:	e432                	sd	a2,8(sp)
   1998c:	e042                	sd	a6,0(sp)
   1998e:	18c000ef          	jal	19b1a <_getpid_r>
   19992:	6622                	ld	a2,8(sp)
   19994:	60e2                	ld	ra,24(sp)
   19996:	85aa                	mv	a1,a0
   19998:	6502                	ld	a0,0(sp)
   1999a:	6105                	addi	sp,sp,32
   1999c:	a291                	j	19ae0 <_kill_r>
   1999e:	60e2                	ld	ra,24(sp)
   199a0:	47d9                	li	a5,22
   199a2:	00f82023          	sw	a5,0(a6)
   199a6:	8536                	mv	a0,a3
   199a8:	6105                	addi	sp,sp,32
   199aa:	8082                	ret
   199ac:	47d9                	li	a5,22
   199ae:	00f82023          	sw	a5,0(a6)
   199b2:	557d                	li	a0,-1
   199b4:	8082                	ret

00000000000199b6 <signal>:
   199b6:	47fd                	li	a5,31
   199b8:	2281b603          	ld	a2,552(gp) # 1d560 <_impure_ptr>
   199bc:	00a7ea63          	bltu	a5,a0,199d0 <signal+0x1a>
   199c0:	15063703          	ld	a4,336(a2)
   199c4:	cb11                	beqz	a4,199d8 <signal+0x22>
   199c6:	050e                	slli	a0,a0,0x3
   199c8:	972a                	add	a4,a4,a0
   199ca:	6308                	ld	a0,0(a4)
   199cc:	e30c                	sd	a1,0(a4)
   199ce:	8082                	ret
   199d0:	47d9                	li	a5,22
   199d2:	c21c                	sw	a5,0(a2)
   199d4:	557d                	li	a0,-1
   199d6:	8082                	ret
   199d8:	7179                	addi	sp,sp,-48
   199da:	ec2e                	sd	a1,24(sp)
   199dc:	e82a                	sd	a0,16(sp)
   199de:	10000593          	li	a1,256
   199e2:	8532                	mv	a0,a2
   199e4:	e432                	sd	a2,8(sp)
   199e6:	f406                	sd	ra,40(sp)
   199e8:	c3cf70ef          	jal	10e24 <_malloc_r>
   199ec:	6622                	ld	a2,8(sp)
   199ee:	872a                	mv	a4,a0
   199f0:	10050593          	addi	a1,a0,256
   199f4:	14a63823          	sd	a0,336(a2)
   199f8:	67c2                	ld	a5,16(sp)
   199fa:	862a                	mv	a2,a0
   199fc:	66e2                	ld	a3,24(sp)
   199fe:	557d                	li	a0,-1
   19a00:	cb19                	beqz	a4,19a16 <signal+0x60>
   19a02:	00063023          	sd	zero,0(a2)
   19a06:	0621                	addi	a2,a2,8
   19a08:	fec59de3          	bne	a1,a2,19a02 <signal+0x4c>
   19a0c:	00379513          	slli	a0,a5,0x3
   19a10:	972a                	add	a4,a4,a0
   19a12:	6308                	ld	a0,0(a4)
   19a14:	e314                	sd	a3,0(a4)
   19a16:	70a2                	ld	ra,40(sp)
   19a18:	6145                	addi	sp,sp,48
   19a1a:	8082                	ret

0000000000019a1c <_init_signal>:
   19a1c:	2281b783          	ld	a5,552(gp) # 1d560 <_impure_ptr>
   19a20:	1507b703          	ld	a4,336(a5)
   19a24:	c319                	beqz	a4,19a2a <_init_signal+0xe>
   19a26:	4501                	li	a0,0
   19a28:	8082                	ret
   19a2a:	1101                	addi	sp,sp,-32
   19a2c:	853e                	mv	a0,a5
   19a2e:	10000593          	li	a1,256
   19a32:	e43e                	sd	a5,8(sp)
   19a34:	ec06                	sd	ra,24(sp)
   19a36:	beef70ef          	jal	10e24 <_malloc_r>
   19a3a:	67a2                	ld	a5,8(sp)
   19a3c:	14a7b823          	sd	a0,336(a5)
   19a40:	cd01                	beqz	a0,19a58 <_init_signal+0x3c>
   19a42:	10050793          	addi	a5,a0,256
   19a46:	00053023          	sd	zero,0(a0)
   19a4a:	0521                	addi	a0,a0,8
   19a4c:	fef51de3          	bne	a0,a5,19a46 <_init_signal+0x2a>
   19a50:	4501                	li	a0,0
   19a52:	60e2                	ld	ra,24(sp)
   19a54:	6105                	addi	sp,sp,32
   19a56:	8082                	ret
   19a58:	557d                	li	a0,-1
   19a5a:	bfe5                	j	19a52 <_init_signal+0x36>

0000000000019a5c <__sigtramp>:
   19a5c:	47fd                	li	a5,31
   19a5e:	06a7ef63          	bltu	a5,a0,19adc <__sigtramp+0x80>
   19a62:	2281b683          	ld	a3,552(gp) # 1d560 <_impure_ptr>
   19a66:	1101                	addi	sp,sp,-32
   19a68:	ec06                	sd	ra,24(sp)
   19a6a:	1506b783          	ld	a5,336(a3)
   19a6e:	872a                	mv	a4,a0
   19a70:	cf95                	beqz	a5,19aac <__sigtramp+0x50>
   19a72:	00371693          	slli	a3,a4,0x3
   19a76:	97b6                	add	a5,a5,a3
   19a78:	6394                	ld	a3,0(a5)
   19a7a:	ce99                	beqz	a3,19a98 <__sigtramp+0x3c>
   19a7c:	567d                	li	a2,-1
   19a7e:	02c68563          	beq	a3,a2,19aa8 <__sigtramp+0x4c>
   19a82:	4605                	li	a2,1
   19a84:	00c68e63          	beq	a3,a2,19aa0 <__sigtramp+0x44>
   19a88:	853a                	mv	a0,a4
   19a8a:	0007b023          	sd	zero,0(a5)
   19a8e:	9682                	jalr	a3
   19a90:	4501                	li	a0,0
   19a92:	60e2                	ld	ra,24(sp)
   19a94:	6105                	addi	sp,sp,32
   19a96:	8082                	ret
   19a98:	60e2                	ld	ra,24(sp)
   19a9a:	4505                	li	a0,1
   19a9c:	6105                	addi	sp,sp,32
   19a9e:	8082                	ret
   19aa0:	60e2                	ld	ra,24(sp)
   19aa2:	450d                	li	a0,3
   19aa4:	6105                	addi	sp,sp,32
   19aa6:	8082                	ret
   19aa8:	4509                	li	a0,2
   19aaa:	b7e5                	j	19a92 <__sigtramp+0x36>
   19aac:	e42a                	sd	a0,8(sp)
   19aae:	10000593          	li	a1,256
   19ab2:	8536                	mv	a0,a3
   19ab4:	e036                	sd	a3,0(sp)
   19ab6:	b6ef70ef          	jal	10e24 <_malloc_r>
   19aba:	6682                	ld	a3,0(sp)
   19abc:	87aa                	mv	a5,a0
   19abe:	14a6b823          	sd	a0,336(a3)
   19ac2:	c919                	beqz	a0,19ad8 <__sigtramp+0x7c>
   19ac4:	6722                	ld	a4,8(sp)
   19ac6:	86aa                	mv	a3,a0
   19ac8:	10050613          	addi	a2,a0,256
   19acc:	0006b023          	sd	zero,0(a3)
   19ad0:	06a1                	addi	a3,a3,8
   19ad2:	fed61de3          	bne	a2,a3,19acc <__sigtramp+0x70>
   19ad6:	bf71                	j	19a72 <__sigtramp+0x16>
   19ad8:	557d                	li	a0,-1
   19ada:	bf65                	j	19a92 <__sigtramp+0x36>
   19adc:	557d                	li	a0,-1
   19ade:	8082                	ret

0000000000019ae0 <_kill_r>:
   19ae0:	1101                	addi	sp,sp,-32
   19ae2:	87ae                	mv	a5,a1
   19ae4:	e822                	sd	s0,16(sp)
   19ae6:	e426                	sd	s1,8(sp)
   19ae8:	85b2                	mv	a1,a2
   19aea:	84aa                	mv	s1,a0
   19aec:	853e                	mv	a0,a5
   19aee:	ec06                	sd	ra,24(sp)
   19af0:	2401ac23          	sw	zero,600(gp) # 1d590 <errno>
   19af4:	0e0000ef          	jal	19bd4 <_kill>
   19af8:	57fd                	li	a5,-1
   19afa:	00f50763          	beq	a0,a5,19b08 <_kill_r+0x28>
   19afe:	60e2                	ld	ra,24(sp)
   19b00:	6442                	ld	s0,16(sp)
   19b02:	64a2                	ld	s1,8(sp)
   19b04:	6105                	addi	sp,sp,32
   19b06:	8082                	ret
   19b08:	2581a783          	lw	a5,600(gp) # 1d590 <errno>
   19b0c:	dbed                	beqz	a5,19afe <_kill_r+0x1e>
   19b0e:	60e2                	ld	ra,24(sp)
   19b10:	6442                	ld	s0,16(sp)
   19b12:	c09c                	sw	a5,0(s1)
   19b14:	64a2                	ld	s1,8(sp)
   19b16:	6105                	addi	sp,sp,32
   19b18:	8082                	ret

0000000000019b1a <_getpid_r>:
   19b1a:	a841                	j	19baa <_getpid>

0000000000019b1c <_close>:
   19b1c:	03900893          	li	a7,57
   19b20:	00000073          	ecall
   19b24:	00054463          	bltz	a0,19b2c <_close+0x10>
   19b28:	2501                	sext.w	a0,a0
   19b2a:	8082                	ret
   19b2c:	1101                	addi	sp,sp,-32
   19b2e:	ec06                	sd	ra,24(sp)
   19b30:	e42a                	sd	a0,8(sp)
   19b32:	fe3f80ef          	jal	12b14 <__errno>
   19b36:	67a2                	ld	a5,8(sp)
   19b38:	60e2                	ld	ra,24(sp)
   19b3a:	40f007bb          	negw	a5,a5
   19b3e:	c11c                	sw	a5,0(a0)
   19b40:	557d                	li	a0,-1
   19b42:	6105                	addi	sp,sp,32
   19b44:	8082                	ret

0000000000019b46 <_exit>:
   19b46:	05d00893          	li	a7,93
   19b4a:	00000073          	ecall
   19b4e:	00054363          	bltz	a0,19b54 <_exit+0xe>
   19b52:	a001                	j	19b52 <_exit+0xc>
   19b54:	1101                	addi	sp,sp,-32
   19b56:	ec06                	sd	ra,24(sp)
   19b58:	e42a                	sd	a0,8(sp)
   19b5a:	fbbf80ef          	jal	12b14 <__errno>
   19b5e:	67a2                	ld	a5,8(sp)
   19b60:	40f007bb          	negw	a5,a5
   19b64:	c11c                	sw	a5,0(a0)
   19b66:	a001                	j	19b66 <_exit+0x20>

0000000000019b68 <_fstat>:
   19b68:	7135                	addi	sp,sp,-160
   19b6a:	872e                	mv	a4,a1
   19b6c:	ed06                	sd	ra,152(sp)
   19b6e:	e922                	sd	s0,144(sp)
   19b70:	05000893          	li	a7,80
   19b74:	080c                	addi	a1,sp,16
   19b76:	00000073          	ecall
   19b7a:	00054d63          	bltz	a0,19b94 <_fstat+0x2c>
   19b7e:	0005041b          	sext.w	s0,a0
   19b82:	080c                	addi	a1,sp,16
   19b84:	853a                	mv	a0,a4
   19b86:	15e000ef          	jal	19ce4 <_conv_stat>
   19b8a:	60ea                	ld	ra,152(sp)
   19b8c:	8522                	mv	a0,s0
   19b8e:	644a                	ld	s0,144(sp)
   19b90:	610d                	addi	sp,sp,160
   19b92:	8082                	ret
   19b94:	e03a                	sd	a4,0(sp)
   19b96:	e42a                	sd	a0,8(sp)
   19b98:	f7df80ef          	jal	12b14 <__errno>
   19b9c:	67a2                	ld	a5,8(sp)
   19b9e:	6702                	ld	a4,0(sp)
   19ba0:	547d                	li	s0,-1
   19ba2:	40f007bb          	negw	a5,a5
   19ba6:	c11c                	sw	a5,0(a0)
   19ba8:	bfe9                	j	19b82 <_fstat+0x1a>

0000000000019baa <_getpid>:
   19baa:	4505                	li	a0,1
   19bac:	8082                	ret

0000000000019bae <_isatty>:
   19bae:	7119                	addi	sp,sp,-128
   19bb0:	002c                	addi	a1,sp,8
   19bb2:	fc86                	sd	ra,120(sp)
   19bb4:	fb5ff0ef          	jal	19b68 <_fstat>
   19bb8:	57fd                	li	a5,-1
   19bba:	00f50963          	beq	a0,a5,19bcc <_isatty+0x1e>
   19bbe:	4532                	lw	a0,12(sp)
   19bc0:	70e6                	ld	ra,120(sp)
   19bc2:	00d5551b          	srliw	a0,a0,0xd
   19bc6:	8905                	andi	a0,a0,1
   19bc8:	6109                	addi	sp,sp,128
   19bca:	8082                	ret
   19bcc:	70e6                	ld	ra,120(sp)
   19bce:	4501                	li	a0,0
   19bd0:	6109                	addi	sp,sp,128
   19bd2:	8082                	ret

0000000000019bd4 <_kill>:
   19bd4:	1141                	addi	sp,sp,-16
   19bd6:	e406                	sd	ra,8(sp)
   19bd8:	f3df80ef          	jal	12b14 <__errno>
   19bdc:	60a2                	ld	ra,8(sp)
   19bde:	47d9                	li	a5,22
   19be0:	c11c                	sw	a5,0(a0)
   19be2:	557d                	li	a0,-1
   19be4:	0141                	addi	sp,sp,16
   19be6:	8082                	ret

0000000000019be8 <_lseek>:
   19be8:	03e00893          	li	a7,62
   19bec:	00000073          	ecall
   19bf0:	00054363          	bltz	a0,19bf6 <_lseek+0xe>
   19bf4:	8082                	ret
   19bf6:	1101                	addi	sp,sp,-32
   19bf8:	ec06                	sd	ra,24(sp)
   19bfa:	e42a                	sd	a0,8(sp)
   19bfc:	f19f80ef          	jal	12b14 <__errno>
   19c00:	67a2                	ld	a5,8(sp)
   19c02:	60e2                	ld	ra,24(sp)
   19c04:	40f007bb          	negw	a5,a5
   19c08:	c11c                	sw	a5,0(a0)
   19c0a:	57fd                	li	a5,-1
   19c0c:	853e                	mv	a0,a5
   19c0e:	6105                	addi	sp,sp,32
   19c10:	8082                	ret

0000000000019c12 <_open>:
   19c12:	40000893          	li	a7,1024
   19c16:	00000073          	ecall
   19c1a:	00054463          	bltz	a0,19c22 <_open+0x10>
   19c1e:	2501                	sext.w	a0,a0
   19c20:	8082                	ret
   19c22:	1101                	addi	sp,sp,-32
   19c24:	ec06                	sd	ra,24(sp)
   19c26:	e42a                	sd	a0,8(sp)
   19c28:	eedf80ef          	jal	12b14 <__errno>
   19c2c:	67a2                	ld	a5,8(sp)
   19c2e:	60e2                	ld	ra,24(sp)
   19c30:	40f007bb          	negw	a5,a5
   19c34:	c11c                	sw	a5,0(a0)
   19c36:	557d                	li	a0,-1
   19c38:	6105                	addi	sp,sp,32
   19c3a:	8082                	ret

0000000000019c3c <_read>:
   19c3c:	03f00893          	li	a7,63
   19c40:	00000073          	ecall
   19c44:	00054363          	bltz	a0,19c4a <_read+0xe>
   19c48:	8082                	ret
   19c4a:	1101                	addi	sp,sp,-32
   19c4c:	ec06                	sd	ra,24(sp)
   19c4e:	e42a                	sd	a0,8(sp)
   19c50:	ec5f80ef          	jal	12b14 <__errno>
   19c54:	67a2                	ld	a5,8(sp)
   19c56:	60e2                	ld	ra,24(sp)
   19c58:	40f007bb          	negw	a5,a5
   19c5c:	c11c                	sw	a5,0(a0)
   19c5e:	57fd                	li	a5,-1
   19c60:	853e                	mv	a0,a5
   19c62:	6105                	addi	sp,sp,32
   19c64:	8082                	ret

0000000000019c66 <_sbrk>:
   19c66:	2701b783          	ld	a5,624(gp) # 1d5a8 <heap_end.0>
   19c6a:	1141                	addi	sp,sp,-16
   19c6c:	e406                	sd	ra,8(sp)
   19c6e:	872a                	mv	a4,a0
   19c70:	ef81                	bnez	a5,19c88 <_sbrk+0x22>
   19c72:	0d600893          	li	a7,214
   19c76:	4501                	li	a0,0
   19c78:	00000073          	ecall
   19c7c:	57fd                	li	a5,-1
   19c7e:	02f50663          	beq	a0,a5,19caa <_sbrk+0x44>
   19c82:	87aa                	mv	a5,a0
   19c84:	26a1b823          	sd	a0,624(gp) # 1d5a8 <heap_end.0>
   19c88:	00f70533          	add	a0,a4,a5
   19c8c:	0d600893          	li	a7,214
   19c90:	00000073          	ecall
   19c94:	2701b783          	ld	a5,624(gp) # 1d5a8 <heap_end.0>
   19c98:	973e                	add	a4,a4,a5
   19c9a:	00e51863          	bne	a0,a4,19caa <_sbrk+0x44>
   19c9e:	60a2                	ld	ra,8(sp)
   19ca0:	26a1b823          	sd	a0,624(gp) # 1d5a8 <heap_end.0>
   19ca4:	853e                	mv	a0,a5
   19ca6:	0141                	addi	sp,sp,16
   19ca8:	8082                	ret
   19caa:	e6bf80ef          	jal	12b14 <__errno>
   19cae:	60a2                	ld	ra,8(sp)
   19cb0:	47b1                	li	a5,12
   19cb2:	c11c                	sw	a5,0(a0)
   19cb4:	557d                	li	a0,-1
   19cb6:	0141                	addi	sp,sp,16
   19cb8:	8082                	ret

0000000000019cba <_write>:
   19cba:	04000893          	li	a7,64
   19cbe:	00000073          	ecall
   19cc2:	00054363          	bltz	a0,19cc8 <_write+0xe>
   19cc6:	8082                	ret
   19cc8:	1101                	addi	sp,sp,-32
   19cca:	ec06                	sd	ra,24(sp)
   19ccc:	e42a                	sd	a0,8(sp)
   19cce:	e47f80ef          	jal	12b14 <__errno>
   19cd2:	67a2                	ld	a5,8(sp)
   19cd4:	60e2                	ld	ra,24(sp)
   19cd6:	40f007bb          	negw	a5,a5
   19cda:	c11c                	sw	a5,0(a0)
   19cdc:	57fd                	li	a5,-1
   19cde:	853e                	mv	a0,a5
   19ce0:	6105                	addi	sp,sp,32
   19ce2:	8082                	ret

0000000000019ce4 <_conv_stat>:
   19ce4:	4990                	lw	a2,16(a1)
   19ce6:	6198                	ld	a4,0(a1)
   19ce8:	659c                	ld	a5,8(a1)
   19cea:	cce17057          	vsetivli	zero,2,e16,mf4,ta,ma
   19cee:	c150                	sw	a2,4(a0)
   19cf0:	01458693          	addi	a3,a1,20
   19cf4:	0206e087          	vle32.v	v1,(a3)
   19cf8:	00e51023          	sh	a4,0(a0)
   19cfc:	00f51123          	sh	a5,2(a0)
   19d00:	00850793          	addi	a5,a0,8
   19d04:	01c5ae03          	lw	t3,28(a1)
   19d08:	0205b303          	ld	t1,32(a1)
   19d0c:	b21030d7          	vnsrl.wi	v1,v1,0
   19d10:	0305b883          	ld	a7,48(a1)
   19d14:	0405b803          	ld	a6,64(a1)
   19d18:	0207d0a7          	vse16.v	v1,(a5)
   19d1c:	5d90                	lw	a2,56(a1)
   19d1e:	65b4                	ld	a3,72(a1)
   19d20:	6db8                	ld	a4,88(a1)
   19d22:	75bc                	ld	a5,104(a1)
   19d24:	01c51623          	sh	t3,12(a0)
   19d28:	00651723          	sh	t1,14(a0)
   19d2c:	01153823          	sd	a7,16(a0)
   19d30:	05053823          	sd	a6,80(a0)
   19d34:	e530                	sd	a2,72(a0)
   19d36:	ed14                	sd	a3,24(a0)
   19d38:	f518                	sd	a4,40(a0)
   19d3a:	fd1c                	sd	a5,56(a0)
   19d3c:	8082                	ret

0000000000019d3e <__eqtf2>:
   19d3e:	002027f3          	frrm	a5
   19d42:	68a1                	lui	a7,0x8
   19d44:	0305d813          	srli	a6,a1,0x30
   19d48:	18fd                	addi	a7,a7,-1 # 7fff <exit-0x8121>
   19d4a:	577d                	li	a4,-1
   19d4c:	8341                	srli	a4,a4,0x10
   19d4e:	0306d793          	srli	a5,a3,0x30
   19d52:	01187833          	and	a6,a6,a7
   19d56:	00e5f333          	and	t1,a1,a4
   19d5a:	0117f7b3          	and	a5,a5,a7
   19d5e:	8f75                	and	a4,a4,a3
   19d60:	91fd                	srli	a1,a1,0x3f
   19d62:	92fd                	srli	a3,a3,0x3f
   19d64:	01181a63          	bne	a6,a7,19d78 <__eqtf2+0x3a>
   19d68:	006568b3          	or	a7,a0,t1
   19d6c:	02089063          	bnez	a7,19d8c <__eqtf2+0x4e>
   19d70:	01078663          	beq	a5,a6,19d7c <__eqtf2+0x3e>
   19d74:	4785                	li	a5,1
   19d76:	a0ad                	j	19de0 <__eqtf2+0xa2>
   19d78:	05179063          	bne	a5,a7,19db8 <__eqtf2+0x7a>
   19d7c:	00e668b3          	or	a7,a2,a4
   19d80:	02088c63          	beqz	a7,19db8 <__eqtf2+0x7a>
   19d84:	66a1                	lui	a3,0x8
   19d86:	16fd                	addi	a3,a3,-1 # 7fff <exit-0x8121>
   19d88:	00d81e63          	bne	a6,a3,19da4 <__eqtf2+0x66>
   19d8c:	00656533          	or	a0,a0,t1
   19d90:	c509                	beqz	a0,19d9a <__eqtf2+0x5c>
   19d92:	4685                	li	a3,1
   19d94:	16be                	slli	a3,a3,0x2f
   19d96:	00d36d63          	bltu	t1,a3,19db0 <__eqtf2+0x72>
   19d9a:	66a1                	lui	a3,0x8
   19d9c:	16fd                	addi	a3,a3,-1 # 7fff <exit-0x8121>
   19d9e:	4505                	li	a0,1
   19da0:	04d79263          	bne	a5,a3,19de4 <__eqtf2+0xa6>
   19da4:	8e59                	or	a2,a2,a4
   19da6:	c619                	beqz	a2,19db4 <__eqtf2+0x76>
   19da8:	4785                	li	a5,1
   19daa:	17be                	slli	a5,a5,0x2f
   19dac:	00f77463          	bgeu	a4,a5,19db4 <__eqtf2+0x76>
   19db0:	00186073          	csrsi	fflags,16
   19db4:	4505                	li	a0,1
   19db6:	8082                	ret
   19db8:	40f807b3          	sub	a5,a6,a5
   19dbc:	8e09                	sub	a2,a2,a0
   19dbe:	00f037b3          	snez	a5,a5
   19dc2:	00c03633          	snez	a2,a2
   19dc6:	8fd1                	or	a5,a5,a2
   19dc8:	f7d5                	bnez	a5,19d74 <__eqtf2+0x36>
   19dca:	fae315e3          	bne	t1,a4,19d74 <__eqtf2+0x36>
   19dce:	00d58963          	beq	a1,a3,19de0 <__eqtf2+0xa2>
   19dd2:	4785                	li	a5,1
   19dd4:	00081663          	bnez	a6,19de0 <__eqtf2+0xa2>
   19dd8:	006567b3          	or	a5,a0,t1
   19ddc:	00f037b3          	snez	a5,a5
   19de0:	853e                	mv	a0,a5
   19de2:	8082                	ret
   19de4:	8082                	ret

0000000000019de6 <__getf2>:
   19de6:	002027f3          	frrm	a5
   19dea:	67a1                	lui	a5,0x8
   19dec:	0305d813          	srli	a6,a1,0x30
   19df0:	17fd                	addi	a5,a5,-1 # 7fff <exit-0x8121>
   19df2:	537d                	li	t1,-1
   19df4:	01035313          	srli	t1,t1,0x10
   19df8:	0306d713          	srli	a4,a3,0x30
   19dfc:	00f87833          	and	a6,a6,a5
   19e00:	0065f8b3          	and	a7,a1,t1
   19e04:	8f7d                	and	a4,a4,a5
   19e06:	91fd                	srli	a1,a1,0x3f
   19e08:	03f6de13          	srli	t3,a3,0x3f
   19e0c:	04f80063          	beq	a6,a5,19e4c <__getf2+0x66>
   19e10:	0066f6b3          	and	a3,a3,t1
   19e14:	6321                	lui	t1,0x8
   19e16:	137d                	addi	t1,t1,-1 # 7fff <exit-0x8121>
   19e18:	87ba                	mv	a5,a4
   19e1a:	00671663          	bne	a4,t1,19e26 <__getf2+0x40>
   19e1e:	00c6e333          	or	t1,a3,a2
   19e22:	02031863          	bnez	t1,19e52 <__getf2+0x6c>
   19e26:	4301                	li	t1,0
   19e28:	00081663          	bnez	a6,19e34 <__getf2+0x4e>
   19e2c:	00a8e333          	or	t1,a7,a0
   19e30:	00133313          	seqz	t1,t1
   19e34:	eb29                	bnez	a4,19e86 <__getf2+0xa0>
   19e36:	00c6eeb3          	or	t4,a3,a2
   19e3a:	02030063          	beqz	t1,19e5a <__getf2+0x74>
   19e3e:	020e8263          	beqz	t4,19e62 <__getf2+0x7c>
   19e42:	4785                	li	a5,1
   19e44:	000e1f63          	bnez	t3,19e62 <__getf2+0x7c>
   19e48:	57fd                	li	a5,-1
   19e4a:	a821                	j	19e62 <__getf2+0x7c>
   19e4c:	00a8e7b3          	or	a5,a7,a0
   19e50:	d3e1                	beqz	a5,19e10 <__getf2+0x2a>
   19e52:	00186073          	csrsi	fflags,16
   19e56:	57f9                	li	a5,-2
   19e58:	a029                	j	19e62 <__getf2+0x7c>
   19e5a:	020e9863          	bnez	t4,19e8a <__getf2+0xa4>
   19e5e:	57fd                	li	a5,-1
   19e60:	cd85                	beqz	a1,19e98 <__getf2+0xb2>
   19e62:	853e                	mv	a0,a5
   19e64:	8082                	ret
   19e66:	fce84ee3          	blt	a6,a4,19e42 <__getf2+0x5c>
   19e6a:	ff16eae3          	bltu	a3,a7,19e5e <__getf2+0x78>
   19e6e:	00a67463          	bgeu	a2,a0,19e76 <__getf2+0x90>
   19e72:	fed886e3          	beq	a7,a3,19e5e <__getf2+0x78>
   19e76:	00c56563          	bltu	a0,a2,19e80 <__getf2+0x9a>
   19e7a:	4781                	li	a5,0
   19e7c:	fed8f3e3          	bgeu	a7,a3,19e62 <__getf2+0x7c>
   19e80:	4785                	li	a5,1
   19e82:	f1e5                	bnez	a1,19e62 <__getf2+0x7c>
   19e84:	b7d1                	j	19e48 <__getf2+0x62>
   19e86:	fa031ee3          	bnez	t1,19e42 <__getf2+0x5c>
   19e8a:	fcbe1ae3          	bne	t3,a1,19e5e <__getf2+0x78>
   19e8e:	fd075ce3          	bge	a4,a6,19e66 <__getf2+0x80>
   19e92:	57fd                	li	a5,-1
   19e94:	fc0e17e3          	bnez	t3,19e62 <__getf2+0x7c>
   19e98:	4785                	li	a5,1
   19e9a:	b7e1                	j	19e62 <__getf2+0x7c>

0000000000019e9c <__letf2>:
   19e9c:	002027f3          	frrm	a5
   19ea0:	67a1                	lui	a5,0x8
   19ea2:	0305d813          	srli	a6,a1,0x30
   19ea6:	17fd                	addi	a5,a5,-1 # 7fff <exit-0x8121>
   19ea8:	537d                	li	t1,-1
   19eaa:	01035313          	srli	t1,t1,0x10
   19eae:	0306d713          	srli	a4,a3,0x30
   19eb2:	00f87833          	and	a6,a6,a5
   19eb6:	0065f8b3          	and	a7,a1,t1
   19eba:	8f7d                	and	a4,a4,a5
   19ebc:	91fd                	srli	a1,a1,0x3f
   19ebe:	03f6de13          	srli	t3,a3,0x3f
   19ec2:	04f80063          	beq	a6,a5,19f02 <__letf2+0x66>
   19ec6:	0066f6b3          	and	a3,a3,t1
   19eca:	6321                	lui	t1,0x8
   19ecc:	137d                	addi	t1,t1,-1 # 7fff <exit-0x8121>
   19ece:	87ba                	mv	a5,a4
   19ed0:	00671663          	bne	a4,t1,19edc <__letf2+0x40>
   19ed4:	00c6e333          	or	t1,a3,a2
   19ed8:	02031863          	bnez	t1,19f08 <__letf2+0x6c>
   19edc:	4301                	li	t1,0
   19ede:	00081663          	bnez	a6,19eea <__letf2+0x4e>
   19ee2:	00a8e333          	or	t1,a7,a0
   19ee6:	00133313          	seqz	t1,t1
   19eea:	eb29                	bnez	a4,19f3c <__letf2+0xa0>
   19eec:	00c6eeb3          	or	t4,a3,a2
   19ef0:	02030063          	beqz	t1,19f10 <__letf2+0x74>
   19ef4:	020e8263          	beqz	t4,19f18 <__letf2+0x7c>
   19ef8:	4785                	li	a5,1
   19efa:	000e1f63          	bnez	t3,19f18 <__letf2+0x7c>
   19efe:	57fd                	li	a5,-1
   19f00:	a821                	j	19f18 <__letf2+0x7c>
   19f02:	00a8e7b3          	or	a5,a7,a0
   19f06:	d3e1                	beqz	a5,19ec6 <__letf2+0x2a>
   19f08:	00186073          	csrsi	fflags,16
   19f0c:	4789                	li	a5,2
   19f0e:	a029                	j	19f18 <__letf2+0x7c>
   19f10:	020e9863          	bnez	t4,19f40 <__letf2+0xa4>
   19f14:	57fd                	li	a5,-1
   19f16:	cd85                	beqz	a1,19f4e <__letf2+0xb2>
   19f18:	853e                	mv	a0,a5
   19f1a:	8082                	ret
   19f1c:	fce84ee3          	blt	a6,a4,19ef8 <__letf2+0x5c>
   19f20:	ff16eae3          	bltu	a3,a7,19f14 <__letf2+0x78>
   19f24:	00a67463          	bgeu	a2,a0,19f2c <__letf2+0x90>
   19f28:	fed886e3          	beq	a7,a3,19f14 <__letf2+0x78>
   19f2c:	00c56563          	bltu	a0,a2,19f36 <__letf2+0x9a>
   19f30:	4781                	li	a5,0
   19f32:	fed8f3e3          	bgeu	a7,a3,19f18 <__letf2+0x7c>
   19f36:	4785                	li	a5,1
   19f38:	f1e5                	bnez	a1,19f18 <__letf2+0x7c>
   19f3a:	b7d1                	j	19efe <__letf2+0x62>
   19f3c:	fa031ee3          	bnez	t1,19ef8 <__letf2+0x5c>
   19f40:	fcbe1ae3          	bne	t3,a1,19f14 <__letf2+0x78>
   19f44:	fd075ce3          	bge	a4,a6,19f1c <__letf2+0x80>
   19f48:	57fd                	li	a5,-1
   19f4a:	fc0e17e3          	bnez	t3,19f18 <__letf2+0x7c>
   19f4e:	4785                	li	a5,1
   19f50:	b7e1                	j	19f18 <__letf2+0x7c>

0000000000019f52 <__multf3>:
   19f52:	711d                	addi	sp,sp,-96
   19f54:	e8a2                	sd	s0,80(sp)
   19f56:	f852                	sd	s4,48(sp)
   19f58:	e862                	sd	s8,16(sp)
   19f5a:	ec86                	sd	ra,88(sp)
   19f5c:	e4a6                	sd	s1,72(sp)
   19f5e:	e0ca                	sd	s2,64(sp)
   19f60:	fc4e                	sd	s3,56(sp)
   19f62:	f456                	sd	s5,40(sp)
   19f64:	f05a                	sd	s6,32(sp)
   19f66:	ec5e                	sd	s7,24(sp)
   19f68:	e466                	sd	s9,8(sp)
   19f6a:	842a                	mv	s0,a0
   19f6c:	8c32                	mv	s8,a2
   19f6e:	8a36                	mv	s4,a3
   19f70:	002029f3          	frrm	s3
   19f74:	67a1                	lui	a5,0x8
   19f76:	0305db13          	srli	s6,a1,0x30
   19f7a:	17fd                	addi	a5,a5,-1 # 7fff <exit-0x8121>
   19f7c:	01059913          	slli	s2,a1,0x10
   19f80:	00fb7b33          	and	s6,s6,a5
   19f84:	2981                	sext.w	s3,s3
   19f86:	01095913          	srli	s2,s2,0x10
   19f8a:	03f5da93          	srli	s5,a1,0x3f
   19f8e:	020b0563          	beqz	s6,19fb8 <__multf3+0x66>
   19f92:	08fb0363          	beq	s6,a5,1a018 <__multf3+0xc6>
   19f96:	090e                	slli	s2,s2,0x3
   19f98:	03d55793          	srli	a5,a0,0x3d
   19f9c:	0127e7b3          	or	a5,a5,s2
   19fa0:	4905                	li	s2,1
   19fa2:	194e                	slli	s2,s2,0x33
   19fa4:	0127e933          	or	s2,a5,s2
   19fa8:	77f1                	lui	a5,0xffffc
   19faa:	0785                	addi	a5,a5,1 # ffffffffffffc001 <__BSS_END__+0xfffffffffffde4c9>
   19fac:	00351b93          	slli	s7,a0,0x3
   19fb0:	9b3e                	add	s6,s6,a5
   19fb2:	4c81                	li	s9,0
   19fb4:	4481                	li	s1,0
   19fb6:	a8b5                	j	1a032 <__multf3+0xe0>
   19fb8:	01256bb3          	or	s7,a0,s2
   19fbc:	0e0b8963          	beqz	s7,1a0ae <__multf3+0x15c>
   19fc0:	02090d63          	beqz	s2,19ffa <__multf3+0xa8>
   19fc4:	854a                	mv	a0,s2
   19fc6:	7a5000ef          	jal	1af6a <__clzdi2>
   19fca:	2501                	sext.w	a0,a0
   19fcc:	ff150793          	addi	a5,a0,-15
   19fd0:	03d00713          	li	a4,61
   19fd4:	0037869b          	addiw	a3,a5,3
   19fd8:	40f707bb          	subw	a5,a4,a5
   19fdc:	00d91933          	sll	s2,s2,a3
   19fe0:	00f457b3          	srl	a5,s0,a5
   19fe4:	0127e7b3          	or	a5,a5,s2
   19fe8:	00d41933          	sll	s2,s0,a3
   19fec:	7b71                	lui	s6,0xffffc
   19fee:	0b45                	addi	s6,s6,17 # ffffffffffffc011 <__BSS_END__+0xfffffffffffde4d9>
   19ff0:	8bca                	mv	s7,s2
   19ff2:	40ab0b33          	sub	s6,s6,a0
   19ff6:	893e                	mv	s2,a5
   19ff8:	bf6d                	j	19fb2 <__multf3+0x60>
   19ffa:	771000ef          	jal	1af6a <__clzdi2>
   19ffe:	0405051b          	addiw	a0,a0,64
   1a002:	ff150793          	addi	a5,a0,-15
   1a006:	03c00713          	li	a4,60
   1a00a:	fcf753e3          	bge	a4,a5,19fd0 <__multf3+0x7e>
   1a00e:	fc37879b          	addiw	a5,a5,-61
   1a012:	00f417b3          	sll	a5,s0,a5
   1a016:	bfd9                	j	19fec <__multf3+0x9a>
   1a018:	01256bb3          	or	s7,a0,s2
   1a01c:	080b8d63          	beqz	s7,1a0b6 <__multf3+0x164>
   1a020:	4485                	li	s1,1
   1a022:	14be                	slli	s1,s1,0x2f
   1a024:	009934b3          	sltu	s1,s2,s1
   1a028:	0044949b          	slliw	s1,s1,0x4
   1a02c:	8baa                	mv	s7,a0
   1a02e:	2b01                	sext.w	s6,s6
   1a030:	4c8d                	li	s9,3
   1a032:	56fd                	li	a3,-1
   1a034:	6621                	lui	a2,0x8
   1a036:	030a5713          	srli	a4,s4,0x30
   1a03a:	9636                	add	a2,a2,a3
   1a03c:	0106d413          	srli	s0,a3,0x10
   1a040:	8f71                	and	a4,a4,a2
   1a042:	008a7433          	and	s0,s4,s0
   1a046:	87e2                	mv	a5,s8
   1a048:	03fa5a13          	srli	s4,s4,0x3f
   1a04c:	cb2d                	beqz	a4,1a0be <__multf3+0x16c>
   1a04e:	0cc70663          	beq	a4,a2,1a11a <__multf3+0x1c8>
   1a052:	040e                	slli	s0,s0,0x3
   1a054:	03dc5693          	srli	a3,s8,0x3d
   1a058:	8ec1                	or	a3,a3,s0
   1a05a:	4405                	li	s0,1
   1a05c:	144e                	slli	s0,s0,0x33
   1a05e:	8c55                	or	s0,s0,a3
   1a060:	76f1                	lui	a3,0xffffc
   1a062:	0685                	addi	a3,a3,1 # ffffffffffffc001 <__BSS_END__+0xfffffffffffde4c9>
   1a064:	003c1793          	slli	a5,s8,0x3
   1a068:	9736                	add	a4,a4,a3
   1a06a:	4881                	li	a7,0
   1a06c:	002c9693          	slli	a3,s9,0x2
   1a070:	01670833          	add	a6,a4,s6
   1a074:	0116e6b3          	or	a3,a3,a7
   1a078:	4729                	li	a4,10
   1a07a:	00180593          	addi	a1,a6,1
   1a07e:	0cd74f63          	blt	a4,a3,1a15c <__multf3+0x20a>
   1a082:	4509                	li	a0,2
   1a084:	014ac633          	xor	a2,s5,s4
   1a088:	4705                	li	a4,1
   1a08a:	0ad54b63          	blt	a0,a3,1a140 <__multf3+0x1ee>
   1a08e:	16fd                	addi	a3,a3,-1
   1a090:	0ed76063          	bltu	a4,a3,1a170 <__multf3+0x21e>
   1a094:	8cc6                	mv	s9,a7
   1a096:	4709                	li	a4,2
   1a098:	4cec8263          	beq	s9,a4,1a55c <__multf3+0x60a>
   1a09c:	468d                	li	a3,3
   1a09e:	4705                	li	a4,1
   1a0a0:	4adc8863          	beq	s9,a3,1a550 <__multf3+0x5fe>
   1a0a4:	26ec9763          	bne	s9,a4,1a312 <__multf3+0x3c0>
   1a0a8:	4701                	li	a4,0
   1a0aa:	4501                	li	a0,0
   1a0ac:	a151                	j	1a530 <__multf3+0x5de>
   1a0ae:	4901                	li	s2,0
   1a0b0:	4b01                	li	s6,0
   1a0b2:	4c85                	li	s9,1
   1a0b4:	b701                	j	19fb4 <__multf3+0x62>
   1a0b6:	4901                	li	s2,0
   1a0b8:	2b01                	sext.w	s6,s6
   1a0ba:	4c89                	li	s9,2
   1a0bc:	bde5                	j	19fb4 <__multf3+0x62>
   1a0be:	008c67b3          	or	a5,s8,s0
   1a0c2:	c7b5                	beqz	a5,1a12e <__multf3+0x1dc>
   1a0c4:	c81d                	beqz	s0,1a0fa <__multf3+0x1a8>
   1a0c6:	8522                	mv	a0,s0
   1a0c8:	6a3000ef          	jal	1af6a <__clzdi2>
   1a0cc:	2501                	sext.w	a0,a0
   1a0ce:	ff150793          	addi	a5,a0,-15
   1a0d2:	03d00713          	li	a4,61
   1a0d6:	0037861b          	addiw	a2,a5,3
   1a0da:	40f707bb          	subw	a5,a4,a5
   1a0de:	00c41433          	sll	s0,s0,a2
   1a0e2:	00fc57b3          	srl	a5,s8,a5
   1a0e6:	0087e6b3          	or	a3,a5,s0
   1a0ea:	00cc1433          	sll	s0,s8,a2
   1a0ee:	7771                	lui	a4,0xffffc
   1a0f0:	0745                	addi	a4,a4,17 # ffffffffffffc011 <__BSS_END__+0xfffffffffffde4d9>
   1a0f2:	87a2                	mv	a5,s0
   1a0f4:	8f09                	sub	a4,a4,a0
   1a0f6:	8436                	mv	s0,a3
   1a0f8:	bf8d                	j	1a06a <__multf3+0x118>
   1a0fa:	8562                	mv	a0,s8
   1a0fc:	66f000ef          	jal	1af6a <__clzdi2>
   1a100:	0405051b          	addiw	a0,a0,64
   1a104:	ff150793          	addi	a5,a0,-15
   1a108:	03c00713          	li	a4,60
   1a10c:	fcf753e3          	bge	a4,a5,1a0d2 <__multf3+0x180>
   1a110:	fc37879b          	addiw	a5,a5,-61
   1a114:	00fc16b3          	sll	a3,s8,a5
   1a118:	bfd9                	j	1a0ee <__multf3+0x19c>
   1a11a:	008c6633          	or	a2,s8,s0
   1a11e:	ce01                	beqz	a2,1a136 <__multf3+0x1e4>
   1a120:	82c5                	srli	a3,a3,0x11
   1a122:	2701                	sext.w	a4,a4
   1a124:	488d                	li	a7,3
   1a126:	f486e3e3          	bltu	a3,s0,1a06c <__multf3+0x11a>
   1a12a:	44c1                	li	s1,16
   1a12c:	b781                	j	1a06c <__multf3+0x11a>
   1a12e:	4401                	li	s0,0
   1a130:	4701                	li	a4,0
   1a132:	4885                	li	a7,1
   1a134:	bf25                	j	1a06c <__multf3+0x11a>
   1a136:	4401                	li	s0,0
   1a138:	4781                	li	a5,0
   1a13a:	2701                	sext.w	a4,a4
   1a13c:	4889                	li	a7,2
   1a13e:	b73d                	j	1a06c <__multf3+0x11a>
   1a140:	00d716b3          	sll	a3,a4,a3
   1a144:	5306f513          	andi	a0,a3,1328
   1a148:	e10d                	bnez	a0,1a16a <__multf3+0x218>
   1a14a:	2406f313          	andi	t1,a3,576
   1a14e:	3e031a63          	bnez	t1,1a542 <__multf3+0x5f0>
   1a152:	0886f693          	andi	a3,a3,136
   1a156:	ce89                	beqz	a3,1a170 <__multf3+0x21e>
   1a158:	8652                	mv	a2,s4
   1a15a:	bf2d                	j	1a094 <__multf3+0x142>
   1a15c:	473d                	li	a4,15
   1a15e:	3ee68863          	beq	a3,a4,1a54e <__multf3+0x5fc>
   1a162:	472d                	li	a4,11
   1a164:	8656                	mv	a2,s5
   1a166:	fee689e3          	beq	a3,a4,1a158 <__multf3+0x206>
   1a16a:	844a                	mv	s0,s2
   1a16c:	87de                	mv	a5,s7
   1a16e:	b725                	j	1a096 <__multf3+0x144>
   1a170:	008786b3          	add	a3,a5,s0
   1a174:	020bd513          	srli	a0,s7,0x20
   1a178:	0207d893          	srli	a7,a5,0x20
   1a17c:	01790733          	add	a4,s2,s7
   1a180:	00f6bfb3          	sltu	t6,a3,a5
   1a184:	1b82                	slli	s7,s7,0x20
   1a186:	1782                	slli	a5,a5,0x20
   1a188:	020bdb93          	srli	s7,s7,0x20
   1a18c:	9381                	srli	a5,a5,0x20
   1a18e:	03778eb3          	mul	t4,a5,s7
   1a192:	01273f33          	sltu	t5,a4,s2
   1a196:	02f507b3          	mul	a5,a0,a5
   1a19a:	03150533          	mul	a0,a0,a7
   1a19e:	037888b3          	mul	a7,a7,s7
   1a1a2:	00f88333          	add	t1,a7,a5
   1a1a6:	020ed893          	srli	a7,t4,0x20
   1a1aa:	989a                	add	a7,a7,t1
   1a1ac:	00f8f563          	bgeu	a7,a5,1a1b6 <__multf3+0x264>
   1a1b0:	4785                	li	a5,1
   1a1b2:	1782                	slli	a5,a5,0x20
   1a1b4:	953e                	add	a0,a0,a5
   1a1b6:	0208de13          	srli	t3,a7,0x20
   1a1ba:	9e2a                	add	t3,t3,a0
   1a1bc:	1e82                	slli	t4,t4,0x20
   1a1be:	02071313          	slli	t1,a4,0x20
   1a1c2:	02069513          	slli	a0,a3,0x20
   1a1c6:	02035313          	srli	t1,t1,0x20
   1a1ca:	020ede93          	srli	t4,t4,0x20
   1a1ce:	02075293          	srli	t0,a4,0x20
   1a1d2:	0206d793          	srli	a5,a3,0x20
   1a1d6:	9101                	srli	a0,a0,0x20
   1a1d8:	1882                	slli	a7,a7,0x20
   1a1da:	98f6                	add	a7,a7,t4
   1a1dc:	02650eb3          	mul	t4,a0,t1
   1a1e0:	02a28533          	mul	a0,t0,a0
   1a1e4:	02f282b3          	mul	t0,t0,a5
   1a1e8:	026787b3          	mul	a5,a5,t1
   1a1ec:	020ed313          	srli	t1,t4,0x20
   1a1f0:	97aa                	add	a5,a5,a0
   1a1f2:	933e                	add	t1,t1,a5
   1a1f4:	00a37563          	bgeu	t1,a0,1a1fe <__multf3+0x2ac>
   1a1f8:	4785                	li	a5,1
   1a1fa:	1782                	slli	a5,a5,0x20
   1a1fc:	92be                	add	t0,t0,a5
   1a1fe:	02095393          	srli	t2,s2,0x20
   1a202:	02045793          	srli	a5,s0,0x20
   1a206:	1902                	slli	s2,s2,0x20
   1a208:	1402                	slli	s0,s0,0x20
   1a20a:	02095913          	srli	s2,s2,0x20
   1a20e:	9001                	srli	s0,s0,0x20
   1a210:	03240a33          	mul	s4,s0,s2
   1a214:	1e82                	slli	t4,t4,0x20
   1a216:	020ede93          	srli	t4,t4,0x20
   1a21a:	02035513          	srli	a0,t1,0x20
   1a21e:	1302                	slli	t1,t1,0x20
   1a220:	9376                	add	t1,t1,t4
   1a222:	02838433          	mul	s0,t2,s0
   1a226:	02f383b3          	mul	t2,t2,a5
   1a22a:	032787b3          	mul	a5,a5,s2
   1a22e:	00878eb3          	add	t4,a5,s0
   1a232:	020a5793          	srli	a5,s4,0x20
   1a236:	97f6                	add	a5,a5,t4
   1a238:	0087f563          	bgeu	a5,s0,1a242 <__multf3+0x2f0>
   1a23c:	4e85                	li	t4,1
   1a23e:	1e82                	slli	t4,t4,0x20
   1a240:	93f6                	add	t2,t2,t4
   1a242:	0207de93          	srli	t4,a5,0x20
   1a246:	9e9e                	add	t4,t4,t2
   1a248:	020a1393          	slli	t2,s4,0x20
   1a24c:	0203d393          	srli	t2,t2,0x20
   1a250:	1782                	slli	a5,a5,0x20
   1a252:	979e                	add	a5,a5,t2
   1a254:	41f003b3          	neg	t2,t6
   1a258:	00777733          	and	a4,a4,t2
   1a25c:	41e003b3          	neg	t2,t5
   1a260:	0076f6b3          	and	a3,a3,t2
   1a264:	01c303b3          	add	t2,t1,t3
   1a268:	0063b333          	sltu	t1,t2,t1
   1a26c:	951a                	add	a0,a0,t1
   1a26e:	9516                	add	a0,a0,t0
   1a270:	01ff7f33          	and	t5,t5,t6
   1a274:	00653333          	sltu	t1,a0,t1
   1a278:	972a                	add	a4,a4,a0
   1a27a:	937a                	add	t1,t1,t5
   1a27c:	00a73533          	sltu	a0,a4,a0
   1a280:	9736                	add	a4,a4,a3
   1a282:	951a                	add	a0,a0,t1
   1a284:	00d736b3          	sltu	a3,a4,a3
   1a288:	41c70fb3          	sub	t6,a4,t3
   1a28c:	96aa                	add	a3,a3,a0
   1a28e:	40ee0e33          	sub	t3,t3,a4
   1a292:	41138533          	sub	a0,t2,a7
   1a296:	00a3b333          	sltu	t1,t2,a0
   1a29a:	001e3e13          	seqz	t3,t3
   1a29e:	406f8f33          	sub	t5,t6,t1
   1a2a2:	01f73733          	sltu	a4,a4,t6
   1a2a6:	01c37333          	and	t1,t1,t3
   1a2aa:	00676733          	or	a4,a4,t1
   1a2ae:	40f50333          	sub	t1,a0,a5
   1a2b2:	00653533          	sltu	a0,a0,t1
   1a2b6:	41df0fb3          	sub	t6,t5,t4
   1a2ba:	40a78e33          	sub	t3,a5,a0
   1a2be:	9e7e                	add	t3,t3,t6
   1a2c0:	8e99                	sub	a3,a3,a4
   1a2c2:	00fe3733          	sltu	a4,t3,a5
   1a2c6:	001fb793          	seqz	a5,t6
   1a2ca:	96f6                	add	a3,a3,t4
   1a2cc:	8d7d                	and	a0,a0,a5
   1a2ce:	01ff37b3          	sltu	a5,t5,t6
   1a2d2:	9736                	add	a4,a4,a3
   1a2d4:	8fc9                	or	a5,a5,a0
   1a2d6:	8f1d                	sub	a4,a4,a5
   1a2d8:	00d31793          	slli	a5,t1,0xd
   1a2dc:	0117e7b3          	or	a5,a5,a7
   1a2e0:	00f037b3          	snez	a5,a5
   1a2e4:	03335313          	srli	t1,t1,0x33
   1a2e8:	0736                	slli	a4,a4,0xd
   1a2ea:	00de1693          	slli	a3,t3,0xd
   1a2ee:	0067e7b3          	or	a5,a5,t1
   1a2f2:	033e5413          	srli	s0,t3,0x33
   1a2f6:	8fd5                	or	a5,a5,a3
   1a2f8:	00b71693          	slli	a3,a4,0xb
   1a2fc:	8c59                	or	s0,s0,a4
   1a2fe:	0406d963          	bgez	a3,1a350 <__multf3+0x3fe>
   1a302:	0017d713          	srli	a4,a5,0x1
   1a306:	8b85                	andi	a5,a5,1
   1a308:	8f5d                	or	a4,a4,a5
   1a30a:	03f41793          	slli	a5,s0,0x3f
   1a30e:	8fd9                	or	a5,a5,a4
   1a310:	8005                	srli	s0,s0,0x1
   1a312:	6691                	lui	a3,0x4
   1a314:	16fd                	addi	a3,a3,-1 # 3fff <exit-0xc121>
   1a316:	96ae                	add	a3,a3,a1
   1a318:	0cd05663          	blez	a3,1a3e4 <__multf3+0x492>
   1a31c:	0077f713          	andi	a4,a5,7
   1a320:	cf1d                	beqz	a4,1a35e <__multf3+0x40c>
   1a322:	0014e493          	ori	s1,s1,1
   1a326:	4709                	li	a4,2
   1a328:	2481                	sext.w	s1,s1
   1a32a:	02e98963          	beq	s3,a4,1a35c <__multf3+0x40a>
   1a32e:	470d                	li	a4,3
   1a330:	02e98263          	beq	s3,a4,1a354 <__multf3+0x402>
   1a334:	02099563          	bnez	s3,1a35e <__multf3+0x40c>
   1a338:	00f7f713          	andi	a4,a5,15
   1a33c:	4511                	li	a0,4
   1a33e:	02a70063          	beq	a4,a0,1a35e <__multf3+0x40c>
   1a342:	00a78733          	add	a4,a5,a0
   1a346:	00f73533          	sltu	a0,a4,a5
   1a34a:	942a                	add	s0,s0,a0
   1a34c:	87ba                	mv	a5,a4
   1a34e:	a801                	j	1a35e <__multf3+0x40c>
   1a350:	85c2                	mv	a1,a6
   1a352:	b7c1                	j	1a312 <__multf3+0x3c0>
   1a354:	e609                	bnez	a2,1a35e <__multf3+0x40c>
   1a356:	00878713          	addi	a4,a5,8
   1a35a:	b7f5                	j	1a346 <__multf3+0x3f4>
   1a35c:	fe6d                	bnez	a2,1a356 <__multf3+0x404>
   1a35e:	00b41713          	slli	a4,s0,0xb
   1a362:	00075863          	bgez	a4,1a372 <__multf3+0x420>
   1a366:	577d                	li	a4,-1
   1a368:	1752                	slli	a4,a4,0x34
   1a36a:	177d                	addi	a4,a4,-1
   1a36c:	6691                	lui	a3,0x4
   1a36e:	8c79                	and	s0,s0,a4
   1a370:	96ae                	add	a3,a3,a1
   1a372:	65a1                	lui	a1,0x8
   1a374:	ffe58713          	addi	a4,a1,-2 # 7ffe <exit-0x8122>
   1a378:	04d74063          	blt	a4,a3,1a3b8 <__multf3+0x466>
   1a37c:	838d                	srli	a5,a5,0x3
   1a37e:	03d41513          	slli	a0,s0,0x3d
   1a382:	8d5d                	or	a0,a0,a5
   1a384:	00345713          	srli	a4,s0,0x3
   1a388:	00f6161b          	slliw	a2,a2,0xf
   1a38c:	01071593          	slli	a1,a4,0x10
   1a390:	8e55                	or	a2,a2,a3
   1a392:	1642                	slli	a2,a2,0x30
   1a394:	81c1                	srli	a1,a1,0x10
   1a396:	8dd1                	or	a1,a1,a2
   1a398:	c099                	beqz	s1,1a39e <__multf3+0x44c>
   1a39a:	0014a073          	csrs	fflags,s1
   1a39e:	60e6                	ld	ra,88(sp)
   1a3a0:	6446                	ld	s0,80(sp)
   1a3a2:	64a6                	ld	s1,72(sp)
   1a3a4:	6906                	ld	s2,64(sp)
   1a3a6:	79e2                	ld	s3,56(sp)
   1a3a8:	7a42                	ld	s4,48(sp)
   1a3aa:	7aa2                	ld	s5,40(sp)
   1a3ac:	7b02                	ld	s6,32(sp)
   1a3ae:	6be2                	ld	s7,24(sp)
   1a3b0:	6c42                	ld	s8,16(sp)
   1a3b2:	6ca2                	ld	s9,8(sp)
   1a3b4:	6125                	addi	sp,sp,96
   1a3b6:	8082                	ret
   1a3b8:	4789                	li	a5,2
   1a3ba:	02f98363          	beq	s3,a5,1a3e0 <__multf3+0x48e>
   1a3be:	478d                	li	a5,3
   1a3c0:	00f98863          	beq	s3,a5,1a3d0 <__multf3+0x47e>
   1a3c4:	00099763          	bnez	s3,1a3d2 <__multf3+0x480>
   1a3c8:	4501                	li	a0,0
   1a3ca:	fff58693          	addi	a3,a1,-1
   1a3ce:	a021                	j	1a3d6 <__multf3+0x484>
   1a3d0:	de65                	beqz	a2,1a3c8 <__multf3+0x476>
   1a3d2:	557d                	li	a0,-1
   1a3d4:	86ba                	mv	a3,a4
   1a3d6:	0054e493          	ori	s1,s1,5
   1a3da:	2481                	sext.w	s1,s1
   1a3dc:	872a                	mv	a4,a0
   1a3de:	b76d                	j	1a388 <__multf3+0x436>
   1a3e0:	f665                	bnez	a2,1a3c8 <__multf3+0x476>
   1a3e2:	bfc5                	j	1a3d2 <__multf3+0x480>
   1a3e4:	e2cd                	bnez	a3,1a486 <__multf3+0x534>
   1a3e6:	0077f693          	andi	a3,a5,7
   1a3ea:	8722                	mv	a4,s0
   1a3ec:	ce85                	beqz	a3,1a424 <__multf3+0x4d2>
   1a3ee:	0014e493          	ori	s1,s1,1
   1a3f2:	4689                	li	a3,2
   1a3f4:	2481                	sext.w	s1,s1
   1a3f6:	02d98663          	beq	s3,a3,1a422 <__multf3+0x4d0>
   1a3fa:	468d                	li	a3,3
   1a3fc:	00d98f63          	beq	s3,a3,1a41a <__multf3+0x4c8>
   1a400:	02099263          	bnez	s3,1a424 <__multf3+0x4d2>
   1a404:	00f7f693          	andi	a3,a5,15
   1a408:	4591                	li	a1,4
   1a40a:	00b68d63          	beq	a3,a1,1a424 <__multf3+0x4d2>
   1a40e:	ffc7b713          	sltiu	a4,a5,-4
   1a412:	00173713          	seqz	a4,a4
   1a416:	9722                	add	a4,a4,s0
   1a418:	a031                	j	1a424 <__multf3+0x4d2>
   1a41a:	e609                	bnez	a2,1a424 <__multf3+0x4d2>
   1a41c:	ff87b713          	sltiu	a4,a5,-8
   1a420:	bfcd                	j	1a412 <__multf3+0x4c0>
   1a422:	fe6d                	bnez	a2,1a41c <__multf3+0x4ca>
   1a424:	03475593          	srli	a1,a4,0x34
   1a428:	8985                	andi	a1,a1,1
   1a42a:	0015c593          	xori	a1,a1,1
   1a42e:	4705                	li	a4,1
   1a430:	04000513          	li	a0,64
   1a434:	9d19                	subw	a0,a0,a4
   1a436:	00e7d833          	srl	a6,a5,a4
   1a43a:	00a416b3          	sll	a3,s0,a0
   1a43e:	00a79533          	sll	a0,a5,a0
   1a442:	0106e6b3          	or	a3,a3,a6
   1a446:	00a03533          	snez	a0,a0
   1a44a:	00a6e7b3          	or	a5,a3,a0
   1a44e:	00e45733          	srl	a4,s0,a4
   1a452:	0077f693          	andi	a3,a5,7
   1a456:	ceb5                	beqz	a3,1a4d2 <__multf3+0x580>
   1a458:	0014e493          	ori	s1,s1,1
   1a45c:	4689                	li	a3,2
   1a45e:	2481                	sext.w	s1,s1
   1a460:	06d98863          	beq	s3,a3,1a4d0 <__multf3+0x57e>
   1a464:	468d                	li	a3,3
   1a466:	06d98163          	beq	s3,a3,1a4c8 <__multf3+0x576>
   1a46a:	06099463          	bnez	s3,1a4d2 <__multf3+0x580>
   1a46e:	00f7f693          	andi	a3,a5,15
   1a472:	4511                	li	a0,4
   1a474:	04a68f63          	beq	a3,a0,1a4d2 <__multf3+0x580>
   1a478:	00a786b3          	add	a3,a5,a0
   1a47c:	00f6b533          	sltu	a0,a3,a5
   1a480:	972a                	add	a4,a4,a0
   1a482:	87b6                	mv	a5,a3
   1a484:	a0b9                	j	1a4d2 <__multf3+0x580>
   1a486:	f8d00713          	li	a4,-115
   1a48a:	06e6cf63          	blt	a3,a4,1a508 <__multf3+0x5b6>
   1a48e:	4585                	li	a1,1
   1a490:	fc200513          	li	a0,-62
   1a494:	40d58733          	sub	a4,a1,a3
   1a498:	f8a6dce3          	bge	a3,a0,1a430 <__multf3+0x4de>
   1a49c:	fc07059b          	addiw	a1,a4,-64
   1a4a0:	fc100813          	li	a6,-63
   1a4a4:	00b455b3          	srl	a1,s0,a1
   1a4a8:	4501                	li	a0,0
   1a4aa:	01068763          	beq	a3,a6,1a4b8 <__multf3+0x566>
   1a4ae:	08000513          	li	a0,128
   1a4b2:	9d19                	subw	a0,a0,a4
   1a4b4:	00a41533          	sll	a0,s0,a0
   1a4b8:	8d5d                	or	a0,a0,a5
   1a4ba:	00a03533          	snez	a0,a0
   1a4be:	00a5e7b3          	or	a5,a1,a0
   1a4c2:	4701                	li	a4,0
   1a4c4:	4585                	li	a1,1
   1a4c6:	b771                	j	1a452 <__multf3+0x500>
   1a4c8:	e609                	bnez	a2,1a4d2 <__multf3+0x580>
   1a4ca:	00878693          	addi	a3,a5,8
   1a4ce:	b77d                	j	1a47c <__multf3+0x52a>
   1a4d0:	fe6d                	bnez	a2,1a4ca <__multf3+0x578>
   1a4d2:	00c71693          	slli	a3,a4,0xc
   1a4d6:	0206d263          	bgez	a3,1a4fa <__multf3+0x5a8>
   1a4da:	0014e493          	ori	s1,s1,1
   1a4de:	2481                	sext.w	s1,s1
   1a4e0:	4701                	li	a4,0
   1a4e2:	4501                	li	a0,0
   1a4e4:	4685                	li	a3,1
   1a4e6:	ea0581e3          	beqz	a1,1a388 <__multf3+0x436>
   1a4ea:	0014f793          	andi	a5,s1,1
   1a4ee:	0017979b          	slliw	a5,a5,0x1
   1a4f2:	8fc5                	or	a5,a5,s1
   1a4f4:	0007849b          	sext.w	s1,a5
   1a4f8:	bd41                	j	1a388 <__multf3+0x436>
   1a4fa:	03d71513          	slli	a0,a4,0x3d
   1a4fe:	838d                	srli	a5,a5,0x3
   1a500:	8d5d                	or	a0,a0,a5
   1a502:	830d                	srli	a4,a4,0x3
   1a504:	4681                	li	a3,0
   1a506:	b7c5                	j	1a4e6 <__multf3+0x594>
   1a508:	00f46533          	or	a0,s0,a5
   1a50c:	cd11                	beqz	a0,1a528 <__multf3+0x5d6>
   1a50e:	4789                	li	a5,2
   1a510:	0014e493          	ori	s1,s1,1
   1a514:	02f98463          	beq	s3,a5,1a53c <__multf3+0x5ea>
   1a518:	478d                	li	a5,3
   1a51a:	00f98d63          	beq	s3,a5,1a534 <__multf3+0x5e2>
   1a51e:	4505                	li	a0,1
   1a520:	00099363          	bnez	s3,1a526 <__multf3+0x5d4>
   1a524:	4515                	li	a0,5
   1a526:	810d                	srli	a0,a0,0x3
   1a528:	0024e493          	ori	s1,s1,2
   1a52c:	2481                	sext.w	s1,s1
   1a52e:	4701                	li	a4,0
   1a530:	4681                	li	a3,0
   1a532:	bd99                	j	1a388 <__multf3+0x436>
   1a534:	4525                	li	a0,9
   1a536:	da65                	beqz	a2,1a526 <__multf3+0x5d4>
   1a538:	4505                	li	a0,1
   1a53a:	b7f5                	j	1a526 <__multf3+0x5d4>
   1a53c:	4525                	li	a0,9
   1a53e:	f665                	bnez	a2,1a526 <__multf3+0x5d4>
   1a540:	bfe5                	j	1a538 <__multf3+0x5e6>
   1a542:	66a1                	lui	a3,0x8
   1a544:	173e                	slli	a4,a4,0x2f
   1a546:	16fd                	addi	a3,a3,-1 # 7fff <exit-0x8121>
   1a548:	4601                	li	a2,0
   1a54a:	44c1                	li	s1,16
   1a54c:	bd35                	j	1a388 <__multf3+0x436>
   1a54e:	4705                	li	a4,1
   1a550:	66a1                	lui	a3,0x8
   1a552:	173e                	slli	a4,a4,0x2f
   1a554:	4501                	li	a0,0
   1a556:	16fd                	addi	a3,a3,-1 # 7fff <exit-0x8121>
   1a558:	4601                	li	a2,0
   1a55a:	b53d                	j	1a388 <__multf3+0x436>
   1a55c:	66a1                	lui	a3,0x8
   1a55e:	4701                	li	a4,0
   1a560:	4501                	li	a0,0
   1a562:	16fd                	addi	a3,a3,-1 # 7fff <exit-0x8121>
   1a564:	b515                	j	1a388 <__multf3+0x436>

000000000001a566 <__subtf3>:
   1a566:	7179                	addi	sp,sp,-48
   1a568:	f406                	sd	ra,40(sp)
   1a56a:	f022                	sd	s0,32(sp)
   1a56c:	ec26                	sd	s1,24(sp)
   1a56e:	e84a                	sd	s2,16(sp)
   1a570:	e44e                	sd	s3,8(sp)
   1a572:	e052                	sd	s4,0(sp)
   1a574:	002029f3          	frrm	s3
   1a578:	577d                	li	a4,-1
   1a57a:	8341                	srli	a4,a4,0x10
   1a57c:	0305d813          	srli	a6,a1,0x30
   1a580:	03f5d913          	srli	s2,a1,0x3f
   1a584:	8df9                	and	a1,a1,a4
   1a586:	058e                	slli	a1,a1,0x3
   1a588:	03d55313          	srli	t1,a0,0x3d
   1a58c:	67a1                	lui	a5,0x8
   1a58e:	17fd                	addi	a5,a5,-1 # 7fff <exit-0x8121>
   1a590:	0306de93          	srli	t4,a3,0x30
   1a594:	00b36333          	or	t1,t1,a1
   1a598:	03f6d593          	srli	a1,a3,0x3f
   1a59c:	8ef9                	and	a3,a3,a4
   1a59e:	03d65e13          	srli	t3,a2,0x3d
   1a5a2:	00f87833          	and	a6,a6,a5
   1a5a6:	068e                	slli	a3,a3,0x3
   1a5a8:	00fefeb3          	and	t4,t4,a5
   1a5ac:	2981                	sext.w	s3,s3
   1a5ae:	84c2                	mv	s1,a6
   1a5b0:	050e                	slli	a0,a0,0x3
   1a5b2:	00de6e33          	or	t3,t3,a3
   1a5b6:	060e                	slli	a2,a2,0x3
   1a5b8:	00fe9563          	bne	t4,a5,1a5c2 <__subtf3+0x5c>
   1a5bc:	00ce67b3          	or	a5,t3,a2
   1a5c0:	e399                	bnez	a5,1a5c6 <__subtf3+0x60>
   1a5c2:	0015c593          	xori	a1,a1,1
   1a5c6:	68a1                	lui	a7,0x8
   1a5c8:	41d807bb          	subw	a5,a6,t4
   1a5cc:	18fd                	addi	a7,a7,-1 # 7fff <exit-0x8121>
   1a5ce:	33259963          	bne	a1,s2,1a900 <__subtf3+0x39a>
   1a5d2:	0ef05a63          	blez	a5,1a6c6 <__subtf3+0x160>
   1a5d6:	060e9a63          	bnez	t4,1a64a <__subtf3+0xe4>
   1a5da:	00ce6733          	or	a4,t3,a2
   1a5de:	e711                	bnez	a4,1a5ea <__subtf3+0x84>
   1a5e0:	862a                	mv	a2,a0
   1a5e2:	05180763          	beq	a6,a7,1a630 <__subtf3+0xca>
   1a5e6:	4781                	li	a5,0
   1a5e8:	a2dd                	j	1a7ce <__subtf3+0x268>
   1a5ea:	37fd                	addiw	a5,a5,-1
   1a5ec:	e3a1                	bnez	a5,1a62c <__subtf3+0xc6>
   1a5ee:	962a                	add	a2,a2,a0
   1a5f0:	9e1a                	add	t3,t3,t1
   1a5f2:	00a63533          	sltu	a0,a2,a0
   1a5f6:	00ae0333          	add	t1,t3,a0
   1a5fa:	00c31793          	slli	a5,t1,0xc
   1a5fe:	0207d563          	bgez	a5,1a628 <__subtf3+0xc2>
   1a602:	67a1                	lui	a5,0x8
   1a604:	0485                	addi	s1,s1,1
   1a606:	17fd                	addi	a5,a5,-1 # 7fff <exit-0x8121>
   1a608:	2cf48863          	beq	s1,a5,1a8d8 <__subtf3+0x372>
   1a60c:	57fd                	li	a5,-1
   1a60e:	17ce                	slli	a5,a5,0x33
   1a610:	17fd                	addi	a5,a5,-1
   1a612:	00f377b3          	and	a5,t1,a5
   1a616:	00165713          	srli	a4,a2,0x1
   1a61a:	8a05                	andi	a2,a2,1
   1a61c:	8f51                	or	a4,a4,a2
   1a61e:	03f79613          	slli	a2,a5,0x3f
   1a622:	8e59                	or	a2,a2,a4
   1a624:	0017d313          	srli	t1,a5,0x1
   1a628:	4781                	li	a5,0
   1a62a:	aca1                	j	1a882 <__subtf3+0x31c>
   1a62c:	03181563          	bne	a6,a7,1a656 <__subtf3+0xf0>
   1a630:	00a36633          	or	a2,t1,a0
   1a634:	70060063          	beqz	a2,1ad34 <__subtf3+0x7ce>
   1a638:	03235793          	srli	a5,t1,0x32
   1a63c:	8b85                	andi	a5,a5,1
   1a63e:	0017c793          	xori	a5,a5,1
   1a642:	0047979b          	slliw	a5,a5,0x4
   1a646:	862a                	mv	a2,a0
   1a648:	a259                	j	1a7ce <__subtf3+0x268>
   1a64a:	ff1803e3          	beq	a6,a7,1a630 <__subtf3+0xca>
   1a64e:	4705                	li	a4,1
   1a650:	174e                	slli	a4,a4,0x33
   1a652:	00ee6e33          	or	t3,t3,a4
   1a656:	07400713          	li	a4,116
   1a65a:	06f74163          	blt	a4,a5,1a6bc <__subtf3+0x156>
   1a65e:	03f00713          	li	a4,63
   1a662:	02f74963          	blt	a4,a5,1a694 <__subtf3+0x12e>
   1a666:	04000693          	li	a3,64
   1a66a:	9e9d                	subw	a3,a3,a5
   1a66c:	00de1733          	sll	a4,t3,a3
   1a670:	00f655b3          	srl	a1,a2,a5
   1a674:	00d616b3          	sll	a3,a2,a3
   1a678:	8f4d                	or	a4,a4,a1
   1a67a:	00d036b3          	snez	a3,a3
   1a67e:	8f55                	or	a4,a4,a3
   1a680:	00fe57b3          	srl	a5,t3,a5
   1a684:	00a70633          	add	a2,a4,a0
   1a688:	979a                	add	a5,a5,t1
   1a68a:	00e63733          	sltu	a4,a2,a4
   1a68e:	00e78333          	add	t1,a5,a4
   1a692:	b7a5                	j	1a5fa <__subtf3+0x94>
   1a694:	fc07871b          	addiw	a4,a5,-64
   1a698:	04000593          	li	a1,64
   1a69c:	00ee5733          	srl	a4,t3,a4
   1a6a0:	4681                	li	a3,0
   1a6a2:	00b78763          	beq	a5,a1,1a6b0 <__subtf3+0x14a>
   1a6a6:	08000693          	li	a3,128
   1a6aa:	9e9d                	subw	a3,a3,a5
   1a6ac:	00de16b3          	sll	a3,t3,a3
   1a6b0:	8ed1                	or	a3,a3,a2
   1a6b2:	00d036b3          	snez	a3,a3
   1a6b6:	8f55                	or	a4,a4,a3
   1a6b8:	4781                	li	a5,0
   1a6ba:	b7e9                	j	1a684 <__subtf3+0x11e>
   1a6bc:	00ce6733          	or	a4,t3,a2
   1a6c0:	00e03733          	snez	a4,a4
   1a6c4:	bfd5                	j	1a6b8 <__subtf3+0x152>
   1a6c6:	c7e1                	beqz	a5,1a78e <__subtf3+0x228>
   1a6c8:	08081163          	bnez	a6,1a74a <__subtf3+0x1e4>
   1a6cc:	00a36733          	or	a4,t1,a0
   1a6d0:	e30d                	bnez	a4,1a6f2 <__subtf3+0x18c>
   1a6d2:	671e9363          	bne	t4,a7,1ad38 <__subtf3+0x7d2>
   1a6d6:	00ce6333          	or	t1,t3,a2
   1a6da:	66030363          	beqz	t1,1ad40 <__subtf3+0x7da>
   1a6de:	032e5793          	srli	a5,t3,0x32
   1a6e2:	8b85                	andi	a5,a5,1
   1a6e4:	0017c793          	xori	a5,a5,1
   1a6e8:	0047979b          	slliw	a5,a5,0x4
   1a6ec:	8372                	mv	t1,t3
   1a6ee:	84f6                	mv	s1,t4
   1a6f0:	a8f9                	j	1a7ce <__subtf3+0x268>
   1a6f2:	fff7c793          	not	a5,a5
   1a6f6:	2781                	sext.w	a5,a5
   1a6f8:	eb89                	bnez	a5,1a70a <__subtf3+0x1a4>
   1a6fa:	962a                	add	a2,a2,a0
   1a6fc:	9e1a                	add	t3,t3,t1
   1a6fe:	00a63533          	sltu	a0,a2,a0
   1a702:	00ae0333          	add	t1,t3,a0
   1a706:	84f6                	mv	s1,t4
   1a708:	bdcd                	j	1a5fa <__subtf3+0x94>
   1a70a:	fd1e86e3          	beq	t4,a7,1a6d6 <__subtf3+0x170>
   1a70e:	07400713          	li	a4,116
   1a712:	06f74963          	blt	a4,a5,1a784 <__subtf3+0x21e>
   1a716:	03f00713          	li	a4,63
   1a71a:	04f74163          	blt	a4,a5,1a75c <__subtf3+0x1f6>
   1a71e:	04000693          	li	a3,64
   1a722:	9e9d                	subw	a3,a3,a5
   1a724:	00d31733          	sll	a4,t1,a3
   1a728:	00f555b3          	srl	a1,a0,a5
   1a72c:	00d516b3          	sll	a3,a0,a3
   1a730:	8f4d                	or	a4,a4,a1
   1a732:	00d036b3          	snez	a3,a3
   1a736:	8f55                	or	a4,a4,a3
   1a738:	00f357b3          	srl	a5,t1,a5
   1a73c:	963a                	add	a2,a2,a4
   1a73e:	97f2                	add	a5,a5,t3
   1a740:	00e63733          	sltu	a4,a2,a4
   1a744:	00e78333          	add	t1,a5,a4
   1a748:	bf7d                	j	1a706 <__subtf3+0x1a0>
   1a74a:	f91e86e3          	beq	t4,a7,1a6d6 <__subtf3+0x170>
   1a74e:	4705                	li	a4,1
   1a750:	174e                	slli	a4,a4,0x33
   1a752:	40f007bb          	negw	a5,a5
   1a756:	00e36333          	or	t1,t1,a4
   1a75a:	bf55                	j	1a70e <__subtf3+0x1a8>
   1a75c:	fc07871b          	addiw	a4,a5,-64
   1a760:	04000593          	li	a1,64
   1a764:	00e35733          	srl	a4,t1,a4
   1a768:	4681                	li	a3,0
   1a76a:	00b78763          	beq	a5,a1,1a778 <__subtf3+0x212>
   1a76e:	08000693          	li	a3,128
   1a772:	9e9d                	subw	a3,a3,a5
   1a774:	00d316b3          	sll	a3,t1,a3
   1a778:	8ec9                	or	a3,a3,a0
   1a77a:	00d036b3          	snez	a3,a3
   1a77e:	8f55                	or	a4,a4,a3
   1a780:	4781                	li	a5,0
   1a782:	bf6d                	j	1a73c <__subtf3+0x1d6>
   1a784:	00a36733          	or	a4,t1,a0
   1a788:	00e03733          	snez	a4,a4
   1a78c:	bfd5                	j	1a780 <__subtf3+0x21a>
   1a78e:	00180713          	addi	a4,a6,1
   1a792:	03171693          	slli	a3,a4,0x31
   1a796:	92c9                	srli	a3,a3,0x32
   1a798:	e6f9                	bnez	a3,1a866 <__subtf3+0x300>
   1a79a:	00a36733          	or	a4,t1,a0
   1a79e:	08081363          	bnez	a6,1a824 <__subtf3+0x2be>
   1a7a2:	4e070663          	beqz	a4,1ac8e <__subtf3+0x728>
   1a7a6:	00ce6733          	or	a4,t3,a2
   1a7aa:	4e070663          	beqz	a4,1ac96 <__subtf3+0x730>
   1a7ae:	962a                	add	a2,a2,a0
   1a7b0:	9e1a                	add	t3,t3,t1
   1a7b2:	00a63533          	sltu	a0,a2,a0
   1a7b6:	00ae0333          	add	t1,t3,a0
   1a7ba:	00c31713          	slli	a4,t1,0xc
   1a7be:	40075863          	bgez	a4,1abce <__subtf3+0x668>
   1a7c2:	577d                	li	a4,-1
   1a7c4:	174e                	slli	a4,a4,0x33
   1a7c6:	177d                	addi	a4,a4,-1
   1a7c8:	00e37333          	and	t1,t1,a4
   1a7cc:	4485                	li	s1,1
   1a7ce:	6721                	lui	a4,0x8
   1a7d0:	03d31513          	slli	a0,t1,0x3d
   1a7d4:	820d                	srli	a2,a2,0x3
   1a7d6:	177d                	addi	a4,a4,-1 # 7fff <exit-0x8121>
   1a7d8:	8d51                	or	a0,a0,a2
   1a7da:	00335313          	srli	t1,t1,0x3
   1a7de:	00e49a63          	bne	s1,a4,1a7f2 <__subtf3+0x28c>
   1a7e2:	00656533          	or	a0,a0,t1
   1a7e6:	4301                	li	t1,0
   1a7e8:	c509                	beqz	a0,1a7f2 <__subtf3+0x28c>
   1a7ea:	4305                	li	t1,1
   1a7ec:	133e                	slli	t1,t1,0x2f
   1a7ee:	4501                	li	a0,0
   1a7f0:	4901                	li	s2,0
   1a7f2:	03149713          	slli	a4,s1,0x31
   1a7f6:	00197913          	andi	s2,s2,1
   1a7fa:	9345                	srli	a4,a4,0x31
   1a7fc:	093e                	slli	s2,s2,0xf
   1a7fe:	01031593          	slli	a1,t1,0x10
   1a802:	00e96933          	or	s2,s2,a4
   1a806:	1942                	slli	s2,s2,0x30
   1a808:	81c1                	srli	a1,a1,0x10
   1a80a:	0125e5b3          	or	a1,a1,s2
   1a80e:	c399                	beqz	a5,1a814 <__subtf3+0x2ae>
   1a810:	0017a073          	csrs	fflags,a5
   1a814:	70a2                	ld	ra,40(sp)
   1a816:	7402                	ld	s0,32(sp)
   1a818:	64e2                	ld	s1,24(sp)
   1a81a:	6942                	ld	s2,16(sp)
   1a81c:	69a2                	ld	s3,8(sp)
   1a81e:	6a02                	ld	s4,0(sp)
   1a820:	6145                	addi	sp,sp,48
   1a822:	8082                	ret
   1a824:	03181563          	bne	a6,a7,1a84e <__subtf3+0x2e8>
   1a828:	c31d                	beqz	a4,1a84e <__subtf3+0x2e8>
   1a82a:	03235793          	srli	a5,t1,0x32
   1a82e:	8b85                	andi	a5,a5,1
   1a830:	0017c793          	xori	a5,a5,1
   1a834:	0047979b          	slliw	a5,a5,0x4
   1a838:	030e9163          	bne	t4,a6,1a85a <__subtf3+0x2f4>
   1a83c:	00ce66b3          	or	a3,t3,a2
   1a840:	ca99                	beqz	a3,1a856 <__subtf3+0x2f0>
   1a842:	00de1693          	slli	a3,t3,0xd
   1a846:	0006c863          	bltz	a3,1a856 <__subtf3+0x2f0>
   1a84a:	47c1                	li	a5,16
   1a84c:	a029                	j	1a856 <__subtf3+0x2f0>
   1a84e:	66a1                	lui	a3,0x8
   1a850:	16fd                	addi	a3,a3,-1 # 7fff <exit-0x8121>
   1a852:	fede85e3          	beq	t4,a3,1a83c <__subtf3+0x2d6>
   1a856:	2e070263          	beqz	a4,1ab3a <__subtf3+0x5d4>
   1a85a:	00ce6e33          	or	t3,t3,a2
   1a85e:	2e0e1563          	bnez	t3,1ab48 <__subtf3+0x5e2>
   1a862:	862a                	mv	a2,a0
   1a864:	ace1                	j	1ab3c <__subtf3+0x5d6>
   1a866:	03170063          	beq	a4,a7,1a886 <__subtf3+0x320>
   1a86a:	962a                	add	a2,a2,a0
   1a86c:	9e1a                	add	t3,t3,t1
   1a86e:	00a63533          	sltu	a0,a2,a0
   1a872:	9e2a                	add	t3,t3,a0
   1a874:	03fe1693          	slli	a3,t3,0x3f
   1a878:	8205                	srli	a2,a2,0x1
   1a87a:	8e55                	or	a2,a2,a3
   1a87c:	001e5313          	srli	t1,t3,0x1
   1a880:	84ba                	mv	s1,a4
   1a882:	4701                	li	a4,0
   1a884:	ae49                	j	1ac16 <__subtf3+0x6b0>
   1a886:	4a098563          	beqz	s3,1ad30 <__subtf3+0x7ca>
   1a88a:	468d                	li	a3,3
   1a88c:	02d99a63          	bne	s3,a3,1a8c0 <__subtf3+0x35a>
   1a890:	4a090063          	beqz	s2,1ad30 <__subtf3+0x7ca>
   1a894:	64a1                	lui	s1,0x8
   1a896:	14f9                	addi	s1,s1,-2 # 7ffe <exit-0x8122>
   1a898:	567d                	li	a2,-1
   1a89a:	8332                	mv	t1,a2
   1a89c:	4715                	li	a4,5
   1a89e:	468d                	li	a3,3
   1a8a0:	40d98d63          	beq	s3,a3,1acba <__subtf3+0x754>
   1a8a4:	42099363          	bnez	s3,1acca <__subtf3+0x764>
   1a8a8:	00f67693          	andi	a3,a2,15
   1a8ac:	4591                	li	a1,4
   1a8ae:	40b68e63          	beq	a3,a1,1acca <__subtf3+0x764>
   1a8b2:	00b606b3          	add	a3,a2,a1
   1a8b6:	00c6b5b3          	sltu	a1,a3,a2
   1a8ba:	932e                	add	t1,t1,a1
   1a8bc:	8636                	mv	a2,a3
   1a8be:	a131                	j	1acca <__subtf3+0x764>
   1a8c0:	4789                	li	a5,2
   1a8c2:	42f99a63          	bne	s3,a5,1acf6 <__subtf3+0x790>
   1a8c6:	46091563          	bnez	s2,1ad30 <__subtf3+0x7ca>
   1a8ca:	64a1                	lui	s1,0x8
   1a8cc:	567d                	li	a2,-1
   1a8ce:	14f9                	addi	s1,s1,-2 # 7ffe <exit-0x8122>
   1a8d0:	8332                	mv	t1,a2
   1a8d2:	4715                	li	a4,5
   1a8d4:	87ba                	mv	a5,a4
   1a8d6:	a109                	j	1acd8 <__subtf3+0x772>
   1a8d8:	02098063          	beqz	s3,1a8f8 <__subtf3+0x392>
   1a8dc:	478d                	li	a5,3
   1a8de:	00f99863          	bne	s3,a5,1a8ee <__subtf3+0x388>
   1a8e2:	00090b63          	beqz	s2,1a8f8 <__subtf3+0x392>
   1a8e6:	64a1                	lui	s1,0x8
   1a8e8:	14f9                	addi	s1,s1,-2 # 7ffe <exit-0x8122>
   1a8ea:	4781                	li	a5,0
   1a8ec:	b775                	j	1a898 <__subtf3+0x332>
   1a8ee:	4789                	li	a5,2
   1a8f0:	40f99363          	bne	s3,a5,1acf6 <__subtf3+0x790>
   1a8f4:	fc090be3          	beqz	s2,1a8ca <__subtf3+0x364>
   1a8f8:	4301                	li	t1,0
   1a8fa:	4601                	li	a2,0
   1a8fc:	4795                	li	a5,5
   1a8fe:	bdc1                	j	1a7ce <__subtf3+0x268>
   1a900:	0af05d63          	blez	a5,1a9ba <__subtf3+0x454>
   1a904:	060e9b63          	bnez	t4,1a97a <__subtf3+0x414>
   1a908:	00ce6733          	or	a4,t3,a2
   1a90c:	cc070ae3          	beqz	a4,1a5e0 <__subtf3+0x7a>
   1a910:	37fd                	addiw	a5,a5,-1
   1a912:	e395                	bnez	a5,1a936 <__subtf3+0x3d0>
   1a914:	40c50633          	sub	a2,a0,a2
   1a918:	41c30e33          	sub	t3,t1,t3
   1a91c:	00c53533          	sltu	a0,a0,a2
   1a920:	40ae0333          	sub	t1,t3,a0
   1a924:	00c31793          	slli	a5,t1,0xc
   1a928:	d007d0e3          	bgez	a5,1a628 <__subtf3+0xc2>
   1a92c:	00d31413          	slli	s0,t1,0xd
   1a930:	8035                	srli	s0,s0,0xd
   1a932:	8a32                	mv	s4,a2
   1a934:	a499                	j	1ab7a <__subtf3+0x614>
   1a936:	cf180de3          	beq	a6,a7,1a630 <__subtf3+0xca>
   1a93a:	07400713          	li	a4,116
   1a93e:	06f74963          	blt	a4,a5,1a9b0 <__subtf3+0x44a>
   1a942:	03f00713          	li	a4,63
   1a946:	04f74163          	blt	a4,a5,1a988 <__subtf3+0x422>
   1a94a:	04000693          	li	a3,64
   1a94e:	9e9d                	subw	a3,a3,a5
   1a950:	00de1733          	sll	a4,t3,a3
   1a954:	00f655b3          	srl	a1,a2,a5
   1a958:	00d616b3          	sll	a3,a2,a3
   1a95c:	8f4d                	or	a4,a4,a1
   1a95e:	00d036b3          	snez	a3,a3
   1a962:	8f55                	or	a4,a4,a3
   1a964:	00fe57b3          	srl	a5,t3,a5
   1a968:	40e50633          	sub	a2,a0,a4
   1a96c:	40f307b3          	sub	a5,t1,a5
   1a970:	00c53533          	sltu	a0,a0,a2
   1a974:	40a78333          	sub	t1,a5,a0
   1a978:	b775                	j	1a924 <__subtf3+0x3be>
   1a97a:	cb180be3          	beq	a6,a7,1a630 <__subtf3+0xca>
   1a97e:	4705                	li	a4,1
   1a980:	174e                	slli	a4,a4,0x33
   1a982:	00ee6e33          	or	t3,t3,a4
   1a986:	bf55                	j	1a93a <__subtf3+0x3d4>
   1a988:	fc07871b          	addiw	a4,a5,-64
   1a98c:	04000593          	li	a1,64
   1a990:	00ee5733          	srl	a4,t3,a4
   1a994:	4681                	li	a3,0
   1a996:	00b78763          	beq	a5,a1,1a9a4 <__subtf3+0x43e>
   1a99a:	08000693          	li	a3,128
   1a99e:	9e9d                	subw	a3,a3,a5
   1a9a0:	00de16b3          	sll	a3,t3,a3
   1a9a4:	8ed1                	or	a3,a3,a2
   1a9a6:	00d036b3          	snez	a3,a3
   1a9aa:	8f55                	or	a4,a4,a3
   1a9ac:	4781                	li	a5,0
   1a9ae:	bf6d                	j	1a968 <__subtf3+0x402>
   1a9b0:	00ce6733          	or	a4,t3,a2
   1a9b4:	00e03733          	snez	a4,a4
   1a9b8:	bfd5                	j	1a9ac <__subtf3+0x446>
   1a9ba:	cfe1                	beqz	a5,1aa92 <__subtf3+0x52c>
   1a9bc:	08081963          	bnez	a6,1aa4e <__subtf3+0x4e8>
   1a9c0:	00a36733          	or	a4,t1,a0
   1a9c4:	e30d                	bnez	a4,1a9e6 <__subtf3+0x480>
   1a9c6:	892e                	mv	s2,a1
   1a9c8:	371e9863          	bne	t4,a7,1ad38 <__subtf3+0x7d2>
   1a9cc:	00ce6333          	or	t1,t3,a2
   1a9d0:	36030763          	beqz	t1,1ad3e <__subtf3+0x7d8>
   1a9d4:	032e5793          	srli	a5,t3,0x32
   1a9d8:	8b85                	andi	a5,a5,1
   1a9da:	0017c793          	xori	a5,a5,1
   1a9de:	0047979b          	slliw	a5,a5,0x4
   1a9e2:	892e                	mv	s2,a1
   1a9e4:	b321                	j	1a6ec <__subtf3+0x186>
   1a9e6:	fff7c793          	not	a5,a5
   1a9ea:	2781                	sext.w	a5,a5
   1a9ec:	ef89                	bnez	a5,1aa06 <__subtf3+0x4a0>
   1a9ee:	40a60533          	sub	a0,a2,a0
   1a9f2:	00a637b3          	sltu	a5,a2,a0
   1a9f6:	406e0e33          	sub	t3,t3,t1
   1a9fa:	862a                	mv	a2,a0
   1a9fc:	40fe0333          	sub	t1,t3,a5
   1aa00:	84f6                	mv	s1,t4
   1aa02:	892e                	mv	s2,a1
   1aa04:	b705                	j	1a924 <__subtf3+0x3be>
   1aa06:	fd1e83e3          	beq	t4,a7,1a9cc <__subtf3+0x466>
   1aa0a:	07400713          	li	a4,116
   1aa0e:	06f74d63          	blt	a4,a5,1aa88 <__subtf3+0x522>
   1aa12:	03f00713          	li	a4,63
   1aa16:	04f74563          	blt	a4,a5,1aa60 <__subtf3+0x4fa>
   1aa1a:	04000693          	li	a3,64
   1aa1e:	9e9d                	subw	a3,a3,a5
   1aa20:	00d31733          	sll	a4,t1,a3
   1aa24:	00f55833          	srl	a6,a0,a5
   1aa28:	00d516b3          	sll	a3,a0,a3
   1aa2c:	01076733          	or	a4,a4,a6
   1aa30:	00d036b3          	snez	a3,a3
   1aa34:	8f55                	or	a4,a4,a3
   1aa36:	00f357b3          	srl	a5,t1,a5
   1aa3a:	40e60733          	sub	a4,a2,a4
   1aa3e:	00e63333          	sltu	t1,a2,a4
   1aa42:	40fe07b3          	sub	a5,t3,a5
   1aa46:	863a                	mv	a2,a4
   1aa48:	40678333          	sub	t1,a5,t1
   1aa4c:	bf55                	j	1aa00 <__subtf3+0x49a>
   1aa4e:	f71e8fe3          	beq	t4,a7,1a9cc <__subtf3+0x466>
   1aa52:	4705                	li	a4,1
   1aa54:	174e                	slli	a4,a4,0x33
   1aa56:	40f007bb          	negw	a5,a5
   1aa5a:	00e36333          	or	t1,t1,a4
   1aa5e:	b775                	j	1aa0a <__subtf3+0x4a4>
   1aa60:	fc07871b          	addiw	a4,a5,-64
   1aa64:	04000813          	li	a6,64
   1aa68:	00e35733          	srl	a4,t1,a4
   1aa6c:	4681                	li	a3,0
   1aa6e:	01078763          	beq	a5,a6,1aa7c <__subtf3+0x516>
   1aa72:	08000693          	li	a3,128
   1aa76:	9e9d                	subw	a3,a3,a5
   1aa78:	00d316b3          	sll	a3,t1,a3
   1aa7c:	8ec9                	or	a3,a3,a0
   1aa7e:	00d036b3          	snez	a3,a3
   1aa82:	8f55                	or	a4,a4,a3
   1aa84:	4781                	li	a5,0
   1aa86:	bf55                	j	1aa3a <__subtf3+0x4d4>
   1aa88:	00a36733          	or	a4,t1,a0
   1aa8c:	00e03733          	snez	a4,a4
   1aa90:	bfd5                	j	1aa84 <__subtf3+0x51e>
   1aa92:	00180713          	addi	a4,a6,1
   1aa96:	03171693          	slli	a3,a4,0x31
   1aa9a:	92c9                	srli	a3,a3,0x32
   1aa9c:	eadd                	bnez	a3,1ab52 <__subtf3+0x5ec>
   1aa9e:	00ce6733          	or	a4,t3,a2
   1aaa2:	00a366b3          	or	a3,t1,a0
   1aaa6:	04081f63          	bnez	a6,1ab04 <__subtf3+0x59e>
   1aaaa:	ea91                	bnez	a3,1aabe <__subtf3+0x558>
   1aaac:	1e071363          	bnez	a4,1ac92 <__subtf3+0x72c>
   1aab0:	ffe98913          	addi	s2,s3,-2
   1aab4:	00193913          	seqz	s2,s2
   1aab8:	4301                	li	t1,0
   1aaba:	4601                	li	a2,0
   1aabc:	bb09                	j	1a7ce <__subtf3+0x268>
   1aabe:	1c070c63          	beqz	a4,1ac96 <__subtf3+0x730>
   1aac2:	40c506b3          	sub	a3,a0,a2
   1aac6:	00d53833          	sltu	a6,a0,a3
   1aaca:	41c30733          	sub	a4,t1,t3
   1aace:	41070733          	sub	a4,a4,a6
   1aad2:	00c71813          	slli	a6,a4,0xc
   1aad6:	00085d63          	bgez	a6,1aaf0 <__subtf3+0x58a>
   1aada:	40a60533          	sub	a0,a2,a0
   1aade:	00a637b3          	sltu	a5,a2,a0
   1aae2:	406e0e33          	sub	t3,t3,t1
   1aae6:	862a                	mv	a2,a0
   1aae8:	40fe0333          	sub	t1,t3,a5
   1aaec:	892e                	mv	s2,a1
   1aaee:	a0c5                	j	1abce <__subtf3+0x668>
   1aaf0:	00e6e633          	or	a2,a3,a4
   1aaf4:	1a061363          	bnez	a2,1ac9a <__subtf3+0x734>
   1aaf8:	ffe98913          	addi	s2,s3,-2
   1aafc:	00193913          	seqz	s2,s2
   1ab00:	4301                	li	t1,0
   1ab02:	b1f1                	j	1a7ce <__subtf3+0x268>
   1ab04:	03181563          	bne	a6,a7,1ab2e <__subtf3+0x5c8>
   1ab08:	24068a63          	beqz	a3,1ad5c <__subtf3+0x7f6>
   1ab0c:	03235793          	srli	a5,t1,0x32
   1ab10:	8b85                	andi	a5,a5,1
   1ab12:	0017c793          	xori	a5,a5,1
   1ab16:	0047979b          	slliw	a5,a5,0x4
   1ab1a:	030e9563          	bne	t4,a6,1ab44 <__subtf3+0x5de>
   1ab1e:	cb11                	beqz	a4,1ab32 <__subtf3+0x5cc>
   1ab20:	00de1813          	slli	a6,t3,0xd
   1ab24:	00084763          	bltz	a6,1ab32 <__subtf3+0x5cc>
   1ab28:	47c1                	li	a5,16
   1ab2a:	c699                	beqz	a3,1ab38 <__subtf3+0x5d2>
   1ab2c:	a831                	j	1ab48 <__subtf3+0x5e2>
   1ab2e:	ff1e88e3          	beq	t4,a7,1ab1e <__subtf3+0x5b8>
   1ab32:	ea89                	bnez	a3,1ab44 <__subtf3+0x5de>
   1ab34:	20070863          	beqz	a4,1ad44 <__subtf3+0x7de>
   1ab38:	892e                	mv	s2,a1
   1ab3a:	8372                	mv	t1,t3
   1ab3c:	6721                	lui	a4,0x8
   1ab3e:	fff70493          	addi	s1,a4,-1 # 7fff <exit-0x8121>
   1ab42:	b171                	j	1a7ce <__subtf3+0x268>
   1ab44:	d0070fe3          	beqz	a4,1a862 <__subtf3+0x2fc>
   1ab48:	4305                	li	t1,1
   1ab4a:	4901                	li	s2,0
   1ab4c:	134a                	slli	t1,t1,0x32
   1ab4e:	4601                	li	a2,0
   1ab50:	b7f5                	j	1ab3c <__subtf3+0x5d6>
   1ab52:	40c50733          	sub	a4,a0,a2
   1ab56:	00e536b3          	sltu	a3,a0,a4
   1ab5a:	41c30433          	sub	s0,t1,t3
   1ab5e:	8c15                	sub	s0,s0,a3
   1ab60:	00c41693          	slli	a3,s0,0xc
   1ab64:	8a3a                	mv	s4,a4
   1ab66:	0c06d063          	bgez	a3,1ac26 <__subtf3+0x6c0>
   1ab6a:	40a60a33          	sub	s4,a2,a0
   1ab6e:	406e0433          	sub	s0,t3,t1
   1ab72:	01463633          	sltu	a2,a2,s4
   1ab76:	8c11                	sub	s0,s0,a2
   1ab78:	892e                	mv	s2,a1
   1ab7a:	c061                	beqz	s0,1ac3a <__subtf3+0x6d4>
   1ab7c:	8522                	mv	a0,s0
   1ab7e:	3ec000ef          	jal	1af6a <__clzdi2>
   1ab82:	ff45061b          	addiw	a2,a0,-12
   1ab86:	04000313          	li	t1,64
   1ab8a:	40c3033b          	subw	t1,t1,a2
   1ab8e:	00c41433          	sll	s0,s0,a2
   1ab92:	006a5333          	srl	t1,s4,t1
   1ab96:	00836333          	or	t1,t1,s0
   1ab9a:	00ca1433          	sll	s0,s4,a2
   1ab9e:	0e964063          	blt	a2,s1,1ac7e <__subtf3+0x718>
   1aba2:	9e05                	subw	a2,a2,s1
   1aba4:	0016071b          	addiw	a4,a2,1 # 8001 <exit-0x811f>
   1aba8:	03f00793          	li	a5,63
   1abac:	0ae7c563          	blt	a5,a4,1ac56 <__subtf3+0x6f0>
   1abb0:	04000793          	li	a5,64
   1abb4:	9f99                	subw	a5,a5,a4
   1abb6:	00f31633          	sll	a2,t1,a5
   1abba:	00e456b3          	srl	a3,s0,a4
   1abbe:	00f417b3          	sll	a5,s0,a5
   1abc2:	8e55                	or	a2,a2,a3
   1abc4:	00f037b3          	snez	a5,a5
   1abc8:	8e5d                	or	a2,a2,a5
   1abca:	00e35333          	srl	t1,t1,a4
   1abce:	00c367b3          	or	a5,t1,a2
   1abd2:	18078263          	beqz	a5,1ad56 <__subtf3+0x7f0>
   1abd6:	00161693          	slli	a3,a2,0x1
   1abda:	03f65713          	srli	a4,a2,0x3f
   1abde:	00131793          	slli	a5,t1,0x1
   1abe2:	0076f593          	andi	a1,a3,7
   1abe6:	97ba                	add	a5,a5,a4
   1abe8:	4701                	li	a4,0
   1abea:	c18d                	beqz	a1,1ac0c <__subtf3+0x6a6>
   1abec:	4709                	li	a4,2
   1abee:	0ce98263          	beq	s3,a4,1acb2 <__subtf3+0x74c>
   1abf2:	470d                	li	a4,3
   1abf4:	0ae98663          	beq	s3,a4,1aca0 <__subtf3+0x73a>
   1abf8:	4705                	li	a4,1
   1abfa:	00099963          	bnez	s3,1ac0c <__subtf3+0x6a6>
   1abfe:	00f6f593          	andi	a1,a3,15
   1ac02:	4511                	li	a0,4
   1ac04:	ffc6b693          	sltiu	a3,a3,-4
   1ac08:	0aa59163          	bne	a1,a0,1acaa <__subtf3+0x744>
   1ac0c:	93d1                	srli	a5,a5,0x34
   1ac0e:	8b85                	andi	a5,a5,1
   1ac10:	0017c793          	xori	a5,a5,1
   1ac14:	4481                	li	s1,0
   1ac16:	00767693          	andi	a3,a2,7
   1ac1a:	cac5                	beqz	a3,1acca <__subtf3+0x764>
   1ac1c:	4709                	li	a4,2
   1ac1e:	0ae98363          	beq	s3,a4,1acc4 <__subtf3+0x75e>
   1ac22:	4705                	li	a4,1
   1ac24:	b9ad                	j	1a89e <__subtf3+0x338>
   1ac26:	00876633          	or	a2,a4,s0
   1ac2a:	fa21                	bnez	a2,1ab7a <__subtf3+0x614>
   1ac2c:	ffe98913          	addi	s2,s3,-2
   1ac30:	00193913          	seqz	s2,s2
   1ac34:	4301                	li	t1,0
   1ac36:	4481                	li	s1,0
   1ac38:	be59                	j	1a7ce <__subtf3+0x268>
   1ac3a:	8552                	mv	a0,s4
   1ac3c:	32e000ef          	jal	1af6a <__clzdi2>
   1ac40:	0345061b          	addiw	a2,a0,52
   1ac44:	03f00793          	li	a5,63
   1ac48:	f2c7dfe3          	bge	a5,a2,1ab86 <__subtf3+0x620>
   1ac4c:	ff45031b          	addiw	t1,a0,-12
   1ac50:	006a1333          	sll	t1,s4,t1
   1ac54:	b7a9                	j	1ab9e <__subtf3+0x638>
   1ac56:	fc16061b          	addiw	a2,a2,-63
   1ac5a:	04000693          	li	a3,64
   1ac5e:	00c35633          	srl	a2,t1,a2
   1ac62:	4781                	li	a5,0
   1ac64:	00d70763          	beq	a4,a3,1ac72 <__subtf3+0x70c>
   1ac68:	08000793          	li	a5,128
   1ac6c:	9f99                	subw	a5,a5,a4
   1ac6e:	00f317b3          	sll	a5,t1,a5
   1ac72:	8fc1                	or	a5,a5,s0
   1ac74:	00f037b3          	snez	a5,a5
   1ac78:	8e5d                	or	a2,a2,a5
   1ac7a:	4301                	li	t1,0
   1ac7c:	bf89                	j	1abce <__subtf3+0x668>
   1ac7e:	57fd                	li	a5,-1
   1ac80:	17ce                	slli	a5,a5,0x33
   1ac82:	17fd                	addi	a5,a5,-1
   1ac84:	8c91                	sub	s1,s1,a2
   1ac86:	00f37333          	and	t1,t1,a5
   1ac8a:	8622                	mv	a2,s0
   1ac8c:	ba71                	j	1a628 <__subtf3+0xc2>
   1ac8e:	8372                	mv	t1,t3
   1ac90:	bf3d                	j	1abce <__subtf3+0x668>
   1ac92:	8372                	mv	t1,t3
   1ac94:	bda1                	j	1aaec <__subtf3+0x586>
   1ac96:	862a                	mv	a2,a0
   1ac98:	bf1d                	j	1abce <__subtf3+0x668>
   1ac9a:	833a                	mv	t1,a4
   1ac9c:	8636                	mv	a2,a3
   1ac9e:	bf05                	j	1abce <__subtf3+0x668>
   1aca0:	4705                	li	a4,1
   1aca2:	f60915e3          	bnez	s2,1ac0c <__subtf3+0x6a6>
   1aca6:	ff86b693          	sltiu	a3,a3,-8
   1acaa:	0016b693          	seqz	a3,a3
   1acae:	97b6                	add	a5,a5,a3
   1acb0:	bfb1                	j	1ac0c <__subtf3+0x6a6>
   1acb2:	4705                	li	a4,1
   1acb4:	f4090ce3          	beqz	s2,1ac0c <__subtf3+0x6a6>
   1acb8:	b7fd                	j	1aca6 <__subtf3+0x740>
   1acba:	00091863          	bnez	s2,1acca <__subtf3+0x764>
   1acbe:	00860693          	addi	a3,a2,8
   1acc2:	bed5                	j	1a8b6 <__subtf3+0x350>
   1acc4:	4705                	li	a4,1
   1acc6:	fe091ce3          	bnez	s2,1acbe <__subtf3+0x758>
   1acca:	c00785e3          	beqz	a5,1a8d4 <__subtf3+0x36e>
   1acce:	00177793          	andi	a5,a4,1
   1acd2:	0017979b          	slliw	a5,a5,0x1
   1acd6:	8fd9                	or	a5,a5,a4
   1acd8:	00c31713          	slli	a4,t1,0xc
   1acdc:	ae0759e3          	bgez	a4,1a7ce <__subtf3+0x268>
   1ace0:	6721                	lui	a4,0x8
   1ace2:	0485                	addi	s1,s1,1
   1ace4:	177d                	addi	a4,a4,-1 # 7fff <exit-0x8121>
   1ace6:	00e48e63          	beq	s1,a4,1ad02 <__subtf3+0x79c>
   1acea:	577d                	li	a4,-1
   1acec:	174e                	slli	a4,a4,0x33
   1acee:	177d                	addi	a4,a4,-1
   1acf0:	00e37333          	and	t1,t1,a4
   1acf4:	bce9                	j	1a7ce <__subtf3+0x268>
   1acf6:	64a1                	lui	s1,0x8
   1acf8:	537d                	li	t1,-1
   1acfa:	14f9                	addi	s1,s1,-2 # 7ffe <exit-0x8122>
   1acfc:	861a                	mv	a2,t1
   1acfe:	4795                	li	a5,5
   1ad00:	bfe1                	j	1acd8 <__subtf3+0x772>
   1ad02:	4601                	li	a2,0
   1ad04:	02098163          	beqz	s3,1ad26 <__subtf3+0x7c0>
   1ad08:	470d                	li	a4,3
   1ad0a:	00e99863          	bne	s3,a4,1ad1a <__subtf3+0x7b4>
   1ad0e:	00090c63          	beqz	s2,1ad26 <__subtf3+0x7c0>
   1ad12:	64a1                	lui	s1,0x8
   1ad14:	567d                	li	a2,-1
   1ad16:	14f9                	addi	s1,s1,-2 # 7ffe <exit-0x8122>
   1ad18:	a039                	j	1ad26 <__subtf3+0x7c0>
   1ad1a:	ffe98693          	addi	a3,s3,-2
   1ad1e:	faf5                	bnez	a3,1ad12 <__subtf3+0x7ac>
   1ad20:	00197713          	andi	a4,s2,1
   1ad24:	d77d                	beqz	a4,1ad12 <__subtf3+0x7ac>
   1ad26:	0057e793          	ori	a5,a5,5
   1ad2a:	2781                	sext.w	a5,a5
   1ad2c:	8332                	mv	t1,a2
   1ad2e:	b445                	j	1a7ce <__subtf3+0x268>
   1ad30:	84ba                	mv	s1,a4
   1ad32:	b6d9                	j	1a8f8 <__subtf3+0x392>
   1ad34:	4301                	li	t1,0
   1ad36:	b845                	j	1a5e6 <__subtf3+0x80>
   1ad38:	8372                	mv	t1,t3
   1ad3a:	84f6                	mv	s1,t4
   1ad3c:	b06d                	j	1a5e6 <__subtf3+0x80>
   1ad3e:	892e                	mv	s2,a1
   1ad40:	4601                	li	a2,0
   1ad42:	bfe5                	j	1ad3a <__subtf3+0x7d4>
   1ad44:	4305                	li	t1,1
   1ad46:	6721                	lui	a4,0x8
   1ad48:	4901                	li	s2,0
   1ad4a:	4601                	li	a2,0
   1ad4c:	134a                	slli	t1,t1,0x32
   1ad4e:	fff70493          	addi	s1,a4,-1 # 7fff <exit-0x8121>
   1ad52:	47c1                	li	a5,16
   1ad54:	bcad                	j	1a7ce <__subtf3+0x268>
   1ad56:	4301                	li	t1,0
   1ad58:	4601                	li	a2,0
   1ad5a:	bdf1                	j	1ac36 <__subtf3+0x6d0>
   1ad5c:	dd0e9ce3          	bne	t4,a6,1ab34 <__subtf3+0x5ce>
   1ad60:	bb7d                	j	1ab1e <__subtf3+0x5b8>

000000000001ad62 <__unordtf2>:
   1ad62:	882a                	mv	a6,a0
   1ad64:	002027f3          	frrm	a5
   1ad68:	57fd                	li	a5,-1
   1ad6a:	83c1                	srli	a5,a5,0x10
   1ad6c:	6721                	lui	a4,0x8
   1ad6e:	00f5f8b3          	and	a7,a1,a5
   1ad72:	177d                	addi	a4,a4,-1 # 7fff <exit-0x8121>
   1ad74:	91c1                	srli	a1,a1,0x30
   1ad76:	8ff5                	and	a5,a5,a3
   1ad78:	8df9                	and	a1,a1,a4
   1ad7a:	92c1                	srli	a3,a3,0x30
   1ad7c:	8ef9                	and	a3,a3,a4
   1ad7e:	00e59563          	bne	a1,a4,1ad88 <__unordtf2+0x26>
   1ad82:	01156533          	or	a0,a0,a7
   1ad86:	e909                	bnez	a0,1ad98 <__unordtf2+0x36>
   1ad88:	4501                	li	a0,0
   1ad8a:	02e69d63          	bne	a3,a4,1adc4 <__unordtf2+0x62>
   1ad8e:	00f66733          	or	a4,a2,a5
   1ad92:	cb0d                	beqz	a4,1adc4 <__unordtf2+0x62>
   1ad94:	00d59f63          	bne	a1,a3,1adb2 <__unordtf2+0x50>
   1ad98:	01186833          	or	a6,a6,a7
   1ad9c:	00080663          	beqz	a6,1ada8 <__unordtf2+0x46>
   1ada0:	4705                	li	a4,1
   1ada2:	173e                	slli	a4,a4,0x2f
   1ada4:	00e8ed63          	bltu	a7,a4,1adbe <__unordtf2+0x5c>
   1ada8:	6721                	lui	a4,0x8
   1adaa:	177d                	addi	a4,a4,-1 # 7fff <exit-0x8121>
   1adac:	4505                	li	a0,1
   1adae:	00e69b63          	bne	a3,a4,1adc4 <__unordtf2+0x62>
   1adb2:	8e5d                	or	a2,a2,a5
   1adb4:	c619                	beqz	a2,1adc2 <__unordtf2+0x60>
   1adb6:	4705                	li	a4,1
   1adb8:	173e                	slli	a4,a4,0x2f
   1adba:	00e7f463          	bgeu	a5,a4,1adc2 <__unordtf2+0x60>
   1adbe:	00186073          	csrsi	fflags,16
   1adc2:	4505                	li	a0,1
   1adc4:	8082                	ret

000000000001adc6 <__fixtfsi>:
   1adc6:	862a                	mv	a2,a0
   1adc8:	002027f3          	frrm	a5
   1adcc:	00159713          	slli	a4,a1,0x1
   1add0:	03175693          	srli	a3,a4,0x31
   1add4:	6711                	lui	a4,0x4
   1add6:	01059793          	slli	a5,a1,0x10
   1adda:	1779                	addi	a4,a4,-2 # 3ffe <exit-0xc122>
   1addc:	83c1                	srli	a5,a5,0x10
   1adde:	91fd                	srli	a1,a1,0x3f
   1ade0:	00d74863          	blt	a4,a3,1adf0 <__fixtfsi+0x2a>
   1ade4:	e2a5                	bnez	a3,1ae44 <__fixtfsi+0x7e>
   1ade6:	00f56633          	or	a2,a0,a5
   1adea:	4501                	li	a0,0
   1adec:	ea31                	bnez	a2,1ae40 <__fixtfsi+0x7a>
   1adee:	8082                	ret
   1adf0:	6711                	lui	a4,0x4
   1adf2:	0775                	addi	a4,a4,29 # 401d <exit-0xc103>
   1adf4:	02d75063          	bge	a4,a3,1ae14 <__fixtfsi+0x4e>
   1adf8:	80000537          	lui	a0,0x80000
   1adfc:	c5b1                	beqz	a1,1ae48 <__fixtfsi+0x82>
   1adfe:	6711                	lui	a4,0x4
   1ae00:	0779                	addi	a4,a4,30 # 401e <exit-0xc102>
   1ae02:	04e69563          	bne	a3,a4,1ae4c <__fixtfsi+0x86>
   1ae06:	0117d713          	srli	a4,a5,0x11
   1ae0a:	e329                	bnez	a4,1ae4c <__fixtfsi+0x86>
   1ae0c:	17be                	slli	a5,a5,0x2f
   1ae0e:	8fd1                	or	a5,a5,a2
   1ae10:	eb85                	bnez	a5,1ae40 <__fixtfsi+0x7a>
   1ae12:	8082                	ret
   1ae14:	4705                	li	a4,1
   1ae16:	1742                	slli	a4,a4,0x30
   1ae18:	8fd9                	or	a5,a5,a4
   1ae1a:	6611                	lui	a2,0x4
   1ae1c:	7771                	lui	a4,0xffffc
   1ae1e:	2745                	addiw	a4,a4,17 # ffffffffffffc011 <__BSS_END__+0xfffffffffffde4d9>
   1ae20:	02f6061b          	addiw	a2,a2,47 # 402f <exit-0xc0f1>
   1ae24:	9f35                	addw	a4,a4,a3
   1ae26:	40d606bb          	subw	a3,a2,a3
   1ae2a:	00e79733          	sll	a4,a5,a4
   1ae2e:	00d7d7b3          	srl	a5,a5,a3
   1ae32:	8f49                	or	a4,a4,a0
   1ae34:	0007851b          	sext.w	a0,a5
   1ae38:	c199                	beqz	a1,1ae3e <__fixtfsi+0x78>
   1ae3a:	40a0053b          	negw	a0,a0
   1ae3e:	cb11                	beqz	a4,1ae52 <__fixtfsi+0x8c>
   1ae40:	4785                	li	a5,1
   1ae42:	a031                	j	1ae4e <__fixtfsi+0x88>
   1ae44:	4501                	li	a0,0
   1ae46:	bfed                	j	1ae40 <__fixtfsi+0x7a>
   1ae48:	fff54513          	not	a0,a0
   1ae4c:	47c1                	li	a5,16
   1ae4e:	0017a073          	csrs	fflags,a5
   1ae52:	8082                	ret

000000000001ae54 <__floatsitf>:
   1ae54:	1101                	addi	sp,sp,-32
   1ae56:	ec06                	sd	ra,24(sp)
   1ae58:	e822                	sd	s0,16(sp)
   1ae5a:	e426                	sd	s1,8(sp)
   1ae5c:	c129                	beqz	a0,1ae9e <__floatsitf+0x4a>
   1ae5e:	41f5579b          	sraiw	a5,a0,0x1f
   1ae62:	00f54433          	xor	s0,a0,a5
   1ae66:	9c1d                	subw	s0,s0,a5
   1ae68:	1402                	slli	s0,s0,0x20
   1ae6a:	9001                	srli	s0,s0,0x20
   1ae6c:	01f5549b          	srliw	s1,a0,0x1f
   1ae70:	8522                	mv	a0,s0
   1ae72:	0f8000ef          	jal	1af6a <__clzdi2>
   1ae76:	6791                	lui	a5,0x4
   1ae78:	03e7879b          	addiw	a5,a5,62 # 403e <exit-0xc0e2>
   1ae7c:	9f89                	subw	a5,a5,a0
   1ae7e:	3545                	addiw	a0,a0,-15 # 7ffffff1 <__BSS_END__+0x7ffe24b9>
   1ae80:	00a41433          	sll	s0,s0,a0
   1ae84:	00f4959b          	slliw	a1,s1,0xf
   1ae88:	0442                	slli	s0,s0,0x10
   1ae8a:	8ddd                	or	a1,a1,a5
   1ae8c:	8041                	srli	s0,s0,0x10
   1ae8e:	15c2                	slli	a1,a1,0x30
   1ae90:	60e2                	ld	ra,24(sp)
   1ae92:	8dc1                	or	a1,a1,s0
   1ae94:	6442                	ld	s0,16(sp)
   1ae96:	64a2                	ld	s1,8(sp)
   1ae98:	4501                	li	a0,0
   1ae9a:	6105                	addi	sp,sp,32
   1ae9c:	8082                	ret
   1ae9e:	4481                	li	s1,0
   1aea0:	4401                	li	s0,0
   1aea2:	4781                	li	a5,0
   1aea4:	b7c5                	j	1ae84 <__floatsitf+0x30>

000000000001aea6 <__extenddftf2>:
   1aea6:	1101                	addi	sp,sp,-32
   1aea8:	e20507d3          	fmv.x.d	a5,fa0
   1aeac:	ec06                	sd	ra,24(sp)
   1aeae:	e822                	sd	s0,16(sp)
   1aeb0:	e426                	sd	s1,8(sp)
   1aeb2:	00202773          	frrm	a4
   1aeb6:	0347d513          	srli	a0,a5,0x34
   1aeba:	7ff57513          	andi	a0,a0,2047
   1aebe:	00150713          	addi	a4,a0,1
   1aec2:	00c79413          	slli	s0,a5,0xc
   1aec6:	7fe77713          	andi	a4,a4,2046
   1aeca:	8031                	srli	s0,s0,0xc
   1aecc:	03f7d493          	srli	s1,a5,0x3f
   1aed0:	cb11                	beqz	a4,1aee4 <__extenddftf2+0x3e>
   1aed2:	6711                	lui	a4,0x4
   1aed4:	c0070713          	addi	a4,a4,-1024 # 3c00 <exit-0xc520>
   1aed8:	00445793          	srli	a5,s0,0x4
   1aedc:	953a                	add	a0,a0,a4
   1aede:	1472                	slli	s0,s0,0x3c
   1aee0:	4701                	li	a4,0
   1aee2:	a8b9                	j	1af40 <__extenddftf2+0x9a>
   1aee4:	ed1d                	bnez	a0,1af22 <__extenddftf2+0x7c>
   1aee6:	4781                	li	a5,0
   1aee8:	dc65                	beqz	s0,1aee0 <__extenddftf2+0x3a>
   1aeea:	8522                	mv	a0,s0
   1aeec:	07e000ef          	jal	1af6a <__clzdi2>
   1aef0:	0005071b          	sext.w	a4,a0
   1aef4:	47b9                	li	a5,14
   1aef6:	02e7c063          	blt	a5,a4,1af16 <__extenddftf2+0x70>
   1aefa:	47bd                	li	a5,15
   1aefc:	9f89                	subw	a5,a5,a0
   1aefe:	0315071b          	addiw	a4,a0,49
   1af02:	00f457b3          	srl	a5,s0,a5
   1af06:	00e41433          	sll	s0,s0,a4
   1af0a:	6711                	lui	a4,0x4
   1af0c:	c0c7071b          	addiw	a4,a4,-1012 # 3c0c <exit-0xc514>
   1af10:	40a7053b          	subw	a0,a4,a0
   1af14:	b7f1                	j	1aee0 <__extenddftf2+0x3a>
   1af16:	ff15079b          	addiw	a5,a0,-15
   1af1a:	00f417b3          	sll	a5,s0,a5
   1af1e:	4401                	li	s0,0
   1af20:	b7ed                	j	1af0a <__extenddftf2+0x64>
   1af22:	c021                	beqz	s0,1af62 <__extenddftf2+0xbc>
   1af24:	4685                	li	a3,1
   1af26:	03369713          	slli	a4,a3,0x33
   1af2a:	00e43733          	sltu	a4,s0,a4
   1af2e:	00445793          	srli	a5,s0,0x4
   1af32:	16be                	slli	a3,a3,0x2f
   1af34:	6521                	lui	a0,0x8
   1af36:	0047171b          	slliw	a4,a4,0x4
   1af3a:	8fd5                	or	a5,a5,a3
   1af3c:	1472                	slli	s0,s0,0x3c
   1af3e:	157d                	addi	a0,a0,-1 # 7fff <exit-0x8121>
   1af40:	01079593          	slli	a1,a5,0x10
   1af44:	00f4979b          	slliw	a5,s1,0xf
   1af48:	8fc9                	or	a5,a5,a0
   1af4a:	17c2                	slli	a5,a5,0x30
   1af4c:	81c1                	srli	a1,a1,0x10
   1af4e:	8ddd                	or	a1,a1,a5
   1af50:	c319                	beqz	a4,1af56 <__extenddftf2+0xb0>
   1af52:	00186073          	csrsi	fflags,16
   1af56:	60e2                	ld	ra,24(sp)
   1af58:	8522                	mv	a0,s0
   1af5a:	6442                	ld	s0,16(sp)
   1af5c:	64a2                	ld	s1,8(sp)
   1af5e:	6105                	addi	sp,sp,32
   1af60:	8082                	ret
   1af62:	6521                	lui	a0,0x8
   1af64:	4781                	li	a5,0
   1af66:	157d                	addi	a0,a0,-1 # 7fff <exit-0x8121>
   1af68:	bfa5                	j	1aee0 <__extenddftf2+0x3a>

000000000001af6a <__clzdi2>:
   1af6a:	03800793          	li	a5,56
   1af6e:	00f55733          	srl	a4,a0,a5
   1af72:	0ff77693          	zext.b	a3,a4
   1af76:	ee99                	bnez	a3,1af94 <__clzdi2+0x2a>
   1af78:	17e1                	addi	a5,a5,-8
   1af7a:	fbf5                	bnez	a5,1af6e <__clzdi2+0x4>
   1af7c:	04000713          	li	a4,64
   1af80:	8f1d                	sub	a4,a4,a5
   1af82:	67f1                	lui	a5,0x1c
   1af84:	89078793          	addi	a5,a5,-1904 # 1b890 <__clz_tab>
   1af88:	97aa                	add	a5,a5,a0
   1af8a:	0007c503          	lbu	a0,0(a5)
   1af8e:	40a7053b          	subw	a0,a4,a0
   1af92:	8082                	ret
   1af94:	853a                	mv	a0,a4
   1af96:	b7dd                	j	1af7c <__clzdi2+0x12>
